,Set,NGenes,Direction,PValue,FDR
1,fibrosis_transcriptional_signature,19,Up,0.103743260295071,0.389958834623895
2,pulmonary_fibrosis_ctd,58,Up,0.231931442508704,0.389958834623895
3,REACTOME_DEFECTIVE_CFTR_CAUSES_CYSTIC_FIBROSIS,57,Up,0.270335510283097,0.389958834623895
4,WP_LUNG_FIBROSIS,35,Up,0.311967067699116,0.389958834623895
5,WP_NITRIC_OXIDE_METABOLISM_IN_CYSTIC_FIBROSIS,8,Up,0.815879730886347,0.815879730886347
