,Set,NGenes,Direction,PValue,FDR
1,fibrosis_transcriptional_signature,19,Up,0.0819452521043577,0.409726260521788
2,pulmonary_fibrosis_ctd,58,Up,0.172702853438133,0.431757133595331
3,WP_LUNG_FIBROSIS,35,Up,0.260057923790789,0.433429872984649
4,REACTOME_DEFECTIVE_CFTR_CAUSES_CYSTIC_FIBROSIS,57,Up,0.384915331199754,0.481144163999692
5,WP_NITRIC_OXIDE_METABOLISM_IN_CYSTIC_FIBROSIS,8,Down,0.98146354151856,0.98146354151856
