,Set,NGenes,Direction,PValue,FDR
1,WP_NITRIC_OXIDE_METABOLISM_IN_CYSTIC_FIBROSIS,8,Up,0.156808135093067,0.309618053100241
2,fibrosis_transcriptional_signature,16,Up,0.191127389406897,0.309618053100241
3,pulmonary_fibrosis_ctd,57,Down,0.196876147196663,0.309618053100241
4,REACTOME_DEFECTIVE_CFTR_CAUSES_CYSTIC_FIBROSIS,57,Up,0.247694442480193,0.309618053100241
5,WP_LUNG_FIBROSIS,34,Down,0.498960400298624,0.498960400298624
