,Set,NGenes,Direction,PValue,FDR
1,WP_NITRIC_OXIDE_METABOLISM_IN_CYSTIC_FIBROSIS,8,Up,0.0905659117840625,0.240081512391707
2,pulmonary_fibrosis_ctd,57,Down,0.0960326049566829,0.240081512391707
3,WP_LUNG_FIBROSIS,34,Down,0.218320286646989,0.246468533391368
4,fibrosis_transcriptional_signature,16,Up,0.227161992337191,0.246468533391368
5,REACTOME_DEFECTIVE_CFTR_CAUSES_CYSTIC_FIBROSIS,57,Up,0.246468533391368,0.246468533391368
