gene,logFC,logCPM,LR,PValue,FDR
ADGRG1,2.5021012273177,4.46664467979404,24.192426621196,8.71744062904612e-07,0.00758678857945884
SULF2,-1.94134967344502,4.39638273713455,21.0676110073611,4.43359139034911e-06,0.0146708565541733
CTSB,1.739976819508,5.73101606143072,20.8155111945798,5.05717220068021e-06,0.0146708565541733
ANKRD36C,1.12188200382475,5.87544075811212,18.4867158154643,1.71092682185874e-05,0.0341182310500327
REL,0.864096054692899,6.80983817743828,18.2276335306474,1.9601419654161e-05,0.0341182310500327
ZNF600,1.53762791131448,4.51934670848827,16.2899729450151,5.43507953996205e-05,0.0756788716414329
ZNF101,1.11857082648079,5.53844941115879,16.0753869323523,6.08700564736333e-05,0.0756788716414329
TMSB4X,0.251345283633777,13.5377148301147,15.528961145429,8.12508573163429e-05,0.0798798473606991
NSD1,0.717669653023085,6.67602361543248,15.218089851964,9.57814997314922e-05,0.0798798473606991
MFSD14A,1.62010432591177,4.8272018277387,15.1408568169347,9.97803482533496e-05,0.0798798473606991
PACC1,2.56506476137922,3.77135858760293,15.0464805306081,0.000104895672856957,0.0798798473606991
ARHGAP25,0.736976261486699,6.27619793209301,14.9543965068686,0.000110141120111271,0.0798798473606991
CALM2,-0.355750752660654,9.24605985822554,14.7007625633994,0.000125995473095448,0.0820897363035485
LST1,1.72593133842559,4.65872275261197,14.6122565903229,0.000132052890756024,0.0820897363035485
RPL27,0.3573367269147,10.293224252968,14.4469848634417,0.00014416045451234,0.0836418957080595
CFAP410,2.16244940287372,3.93882916180468,14.0604305002411,0.000177029264055884,0.0838048799120625
CCDC18,1.5530714872005,4.37778952696106,13.9684123412063,0.000185907924168218,0.0838048799120625
RPL7,0.357997860082011,9.97037800843169,13.9614750354263,0.00018659520236931,0.0838048799120625
LAX1,0.954113359960383,5.43848444806745,13.9238775079971,0.000190364756687198,0.0838048799120625
CD38,1.17657589509865,5.07075623672584,13.9020481600027,0.000192588486526629,0.0838048799120625
PRKAB2,1.75591483805033,4.29517251075929,13.6813827864396,0.000216591060781977,0.0897615239040736
RWDD1,-0.43219038110525,7.958149959654,13.5659078194427,0.000230330987355356,0.0898548780433261
DDB2,0.956669559760027,5.765484723803,13.4991482666106,0.000238671761503717,0.0898548780433261
ELP5,1.2384928510463,5.40320117655849,13.3800269255916,0.000254318078071442,0.0898548780433261
SH2D3A,1.38243276962641,4.79242428365497,13.3522361325747,0.000258114667480541,0.0898548780433261
SIRPG,1.01158076288616,5.51778243131494,13.2242345334139,0.00027635256200416,0.0925037056585465
CHD1,0.674615660860455,6.54555802121216,12.9104612244167,0.000326750767408183,0.0998176855990022
ZNF626,1.49819899670551,4.22833228721805,12.8426463430348,0.00033880810815436,0.0998176855990022
LRATD2,2.26952733842927,3.55435210116334,12.8173168780157,0.000343425868241685,0.0998176855990022
TMEM191B,2.188194626361,4.294417014721,12.8132553963099,0.000344172190637801,0.0998176855990022
MMS22L,1.36734581133783,4.5983303738288,12.7524159684317,0.000355549609740213,0.0998176855990022
CDC42,-0.293476544081624,9.32038914332677,12.6252762145938,0.000380565643816613,0.10350196244175
RPL27A,0.363274750127294,11.0629269478391,12.4443950690095,0.000419248052666684,0.110567145526005
ITGB2-AS1,1.43694081073215,4.64014128395902,12.3391193319816,0.00044356422600649,0.111025434173102
ZNF318,1.55632167202787,4.38100042384636,12.2876694181839,0.000455960762533945,0.111025434173102
LZTR1,1.72562502189257,4.27932618353679,12.2742254675782,0.000459257225121413,0.111025434173102
ITGAM,1.96112099506414,3.80446609906466,11.8881539449636,0.000564920844385992,0.132878543478143
RPL37A,0.298300165016749,11.3738681413932,11.7912202681736,0.000595107141813273,0.136295196189498
PSMD9,0.683894678548839,6.55968695750702,11.6862542947525,0.000629635260716171,0.140505530102893
NOTCH1,1.1922899509979,5.40352997975619,11.5623586783137,0.000673004252718337,0.143728547906734
LIAS,1.42611777550927,4.83663272237215,11.5134669377194,0.000690937912965999,0.143728547906734
RNF114,0.782314130263369,6.0022970774947,11.4220790030156,0.000725764375031005,0.143728547906734
TC2N,0.660471611830785,6.75709026348652,11.4206846853739,0.000726309242548156,0.143728547906734
MLKL,1.40342957577578,4.58333303972511,11.4198070071362,0.000726652431103794,0.143728547906734
EIF3F,0.340149156433517,7.962712303232,11.0573452974371,0.000883365339011849,0.167349205773048
SGK1,-1.38267196502316,4.63453846531828,11.0549027133525,0.0008845298707986,0.167349205773048
PYCR2,0.848579344112049,5.74029084531227,10.9299445636008,0.000946223270080399,0.175212364244888
ZZEF1,0.752341628226672,5.85920246090169,10.8741709692219,0.000975146694123352,0.175687697658065
PSMB9,0.357365630281798,8.51803698007394,10.8312837755809,0.00099799418477675,0.175687697658065
ZBTB16,1.62050531047299,4.02572007879522,10.8103331785405,0.00100935135963498,0.175687697658065
ZNF737,1.51861933863567,4.18731687915499,10.6119616439676,0.0011235842618175,0.18927412618983
HCP5,1.30773057617296,5.42650377573183,10.560047477898,0.001155582277612,0.18927412618983
ZNF200,1.58658274703593,4.18342640043018,10.5398400951232,0.00116828527248932,0.18927412618983
EPHA1,1.79916630915521,4.10026397872636,10.5301922420775,0.0011743999556763,0.18927412618983
SERF2,0.156040736389628,10.2615627823044,10.4719911956517,0.00121198016534165,0.191779334163061
RPL31,0.316846695878703,9.75720418228535,10.2021049054876,0.00140280443684852,0.217298396369057
TSPYL4,-1.13824754372628,4.85126885905118,10.1543194263299,0.00143963532829892,0.217298396369057
FAHD2B,1.58622793472316,4.05827277155957,10.084369032264,0.00149532357256368,0.217298396369057
CXCR3,0.581159540647946,7.13489306802363,10.0471711755712,0.00152582063169157,0.217298396369057
UBE2E3,1.08489864542765,5.04228415322119,10.0168520324265,0.00155114359040807,0.217298396369057
SSR2,0.350096372160962,8.35567229611653,10.0166031013469,0.00155135325326687,0.217298396369057
TMEM121,1.59094314095187,4.17944213362377,10.000217591533,0.00156521730828974,0.217298396369057
ID3,1.49294133812492,4.85024525519532,9.99108645829766,0.00157299769863847,0.217298396369057
SLC66A3,1.09991541470298,5.41712815232783,9.85702215997313,0.00169184731797647,0.230064800130456
CHPF,1.8050325021363,3.87600966069804,9.66053642491187,0.00188268638088055,0.252077224196976
ZNF43,1.34616846540316,4.50580347432211,9.60684989735175,0.00193852893232058,0.25562147421191
JRK,1.97153935121991,3.86055853279997,9.56177884838987,0.00198670498260451,0.258064081546373
ADAT2,1.67369376984636,3.9467273058466,9.44534680107922,0.0021168546903589,0.270926270149905
TOB1,-0.926929835926958,6.64915418253569,9.10545838904441,0.00254847843184562,0.321440692642789
PLEKHA5,1.13435747243332,4.62548699467535,8.8622734137433,0.00291124769327593,0.35576135428881
PRC1,-1.75956554079868,3.90777009815775,8.8428189988724,0.00294244307600295,0.35576135428881
LINC02084,1.90776941906534,4.29208441910217,8.8423390260637,0.00294321699515045,0.35576135428881
TRIM52-AS1,1.36981007687575,4.35046363343301,8.80962754020133,0.00299645196257957,0.357001341355651
NAB2,1.70218781584654,3.83323273805778,8.78599685371549,0.00303551640357557,0.357001341355651
HNRNPA1,0.421911281871832,8.6394472541336,8.71457968950368,0.00315675189649265,0.359986644196575
AKT2,0.714590139605918,5.69695332900573,8.70592317350059,0.0031717774756285,0.359986644196575
PMEPA1,1.33800741062821,4.45995315791174,8.69834531557938,0.00318499041745792,0.359986644196575
PTPN11,0.758574963761125,5.73051867472978,8.62375065438669,0.00331807933944079,0.366695624197381
RPLP2,0.257332852525558,11.6970164396653,8.60366008551631,0.00335488098700112,0.366695624197381
APMAP,0.699416313833387,6.53741052612052,8.55873996313788,0.00343867340101225,0.366695624197381
C20orf204,1.4394609715432,4.09648402327637,8.54744527597109,0.0034600748390819,0.366695624197381
DTHD1,2.09556307929361,4.92666198513475,8.54365297275211,0.00346729091014029,0.366695624197381
TMEM185A,1.01207093019608,4.90488621318056,8.5096707686669,0.00353263971575432,0.366695624197381
NASP,-0.376513668856712,7.60051449899795,8.50624893037688,0.00353928903051591,0.366695624197381
CBX5,0.643354588998199,5.9883554260063,8.43489419836442,0.0036808829740191,0.369318555954691
THEM4,-0.85891277599766,5.17766334163565,8.42771262222511,0.00369544924890087,0.369318555954691
CC2D1B,1.04340107804601,4.60188787722766,8.42710824128676,0.0036966777762532,0.369318555954691
SHMT1,1.53325723443705,4.02182298500621,8.40867453196467,0.0037343482619801,0.369318555954691
NDUFA4,0.24015001589509,8.80961189244731,8.3578007625034,0.00384035077731784,0.372750696958582
GPR132,1.14794702112854,4.63789452510221,8.35101825164989,0.00385471248147448,0.372750696958582
SNHG16,1.15625914266394,5.66084136629752,8.31182274702744,0.00393878435831379,0.376694948026427
CYTH4,0.643403305715468,6.1988706688989,8.24059030122392,0.00409638078163168,0.379222043110928
PATZ1,1.37181540957278,4.13457782044395,8.22583359301429,0.00412982314161669,0.379222043110928
ZBTB14,0.982163929615449,4.70926964316837,8.21065205647696,0.00416451830190199,0.379222043110928
TMEM167A,-0.782677611131798,6.8709335663779,8.18753370846457,0.00421792265731817,0.379222043110928
CCR5,0.675395167638853,5.94114633196521,8.18249401292205,0.00422965680711413,0.379222043110928
RPL23A,0.330478124403032,11.3982782353226,8.17374427099232,0.00425010820658746,0.379222043110928
DAG1,1.56683508572024,4.12885134276505,8.1651797829155,0.00427022408650706,0.379222043110928
MRFAP1,0.51717123956002,6.89530970360422,8.1339804334586,0.00434432692358613,0.381905830464344
OS9,0.64282703932517,6.08827953845363,8.09114382851719,0.00444820797419748,0.387127539994407
EIF2S2,-0.407822675605968,8.51906305389461,8.05731836972348,0.00453202125948367,0.387571641311363
C16orf54,0.530392031251216,6.69436602440496,8.05318325216582,0.00454237704398012,0.387571641311363
IRF1,0.404016661873775,8.16965814722681,8.03140588569624,0.00459731419570432,0.388450732477813
RPL38,0.341849714517877,11.0098167147679,7.99352048938654,0.00469450451744032,0.390716255046599
PTGDR,1.15466077291723,5.47534957259507,7.98604972673655,0.00471391552107237,0.390716255046599
UTRN,0.702388448521744,7.15601446293755,7.95923925427288,0.00478425186670564,0.391804190005183
ZNF814,1.17864843296074,4.30251092985174,7.94686306664659,0.0048170801253079,0.391804190005183
TMEM168,0.890077159972019,5.10047337682103,7.9146304150214,0.00490365968951415,0.395153243313349
DMAC2L,1.24469040890384,4.54602742942365,7.87971057213681,0.00499924804380016,0.399160144267824
ELP6,0.890400502586686,5.18336978732814,7.85250264679245,0.00507504060699272,0.401527985478706
ATG16L1,0.852550766318586,4.99645286529508,7.72623174980719,0.00544242174999087,0.42671528369523
MRPL38,0.998068614534544,5.31853239683117,7.68871873282248,0.00555670625367266,0.430936292541338
YES1,1.59456696536458,4.04132938804263,7.67623161617232,0.00559528910228326,0.430936292541338
TTC38,1.09122059253966,4.38404459263698,7.62340397520501,0.00576156353801884,0.439849890099806
ZNF213-AS1,1.38511745340984,4.14544589093265,7.53469360172305,0.0060522029075613,0.447639605727814
ZNF335,0.860036805602494,5.3469019611809,7.53196401182155,0.00606137931071947,0.447639605727814
ECHDC2,0.925813324362028,5.37625918923074,7.52563384359366,0.00608271490737573,0.447639605727814
TBC1D9B,1.08080460201805,5.05248559749884,7.50509903713137,0.00615245572403975,0.447639605727814
LINC00963,1.07702579762222,5.03182181641477,7.50078200989761,0.00616722082360554,0.447639605727814
UQCR11,0.359437579775163,8.87097230518952,7.46327849816607,0.00629702194666016,0.447639605727814
FAHD1,1.36539079298404,4.08044103578175,7.46024804718024,0.00630763145709388,0.447639605727814
PEX2,0.717627941588543,5.4281393569437,7.44701372062428,0.00635417866525377,0.447639605727814
SLC35F6,1.0771904276447,4.77635429717173,7.39171802139608,0.00655248724871031,0.447639605727814
RETREG3,0.713245055122256,5.53093846916128,7.36987484724731,0.00663255497222919,0.447639605727814
SNRPD2,0.327216692855706,8.51688201508986,7.36084336708276,0.00666595179224128,0.447639605727814
CLEC2B,-0.307773582543406,8.45665419330493,7.33870821937753,0.00674853178725691,0.447639605727814
ZNF397,0.870853321827553,4.96522992579978,7.27152629482922,0.00700562464380005,0.447639605727814
VASP,0.428792013600028,7.11078540368175,7.26896963176061,0.00701560382032958,0.447639605727814
YAF2,-0.517965819643584,6.18611322866725,7.25882542727806,0.00705534205035278,0.447639605727814
NFKBID,1.12096403314405,4.64568307210028,7.23581595448833,0.00714633243370019,0.447639605727814
PSTPIP2,1.30883674735938,4.02801022667639,7.23350206150107,0.00715554876529868,0.447639605727814
GADD45GIP1,-0.365535679980614,7.24909456730263,7.23322205100946,0.00715666488212423,0.447639605727814
ANXA5,-0.438961005496347,8.10912069752025,7.21226382067646,0.00724071097846265,0.447639605727814
EIF5A,-0.37177326302142,7.60268460674836,7.20692437145627,0.00726228384342997,0.447639605727814
BDH2,-1.08382208328592,4.64141630134237,7.20135503656509,0.00728485550153404,0.447639605727814
CDK5RAP1,0.85173510393592,5.08642564974106,7.19893493727313,0.0072946861246506,0.447639605727814
DDI2,1.07421046286216,5.10380839648123,7.19110091343404,0.00732660158361883,0.447639605727814
LINC00623,0.582555609372002,6.91562635030899,7.19070040695335,0.00732823705794826,0.447639605727814
P4HB,0.404384394094477,7.15182478875609,7.17615299957278,0.00738789521384439,0.447639605727814
TRBC2,0.419281037408617,9.79969869654418,7.1669599169274,0.00742585129201348,0.447639605727814
NPIPB5,0.896751570675307,5.56273370483694,7.16351379798866,0.00744013081534039,0.447639605727814
STRIP1,1.00694122979802,4.73655038325316,7.15743399164088,0.00746539190050142,0.447639605727814
PIM2,0.91820465383505,6.20009173754397,7.153809771951,0.00748049191694303,0.447639605727814
LIPA,1.87313218815664,4.90144546977782,7.15223611969606,0.00748705812807364,0.447639605727814
ARGLU1,-0.225114170750367,8.85331114136276,7.14726866419295,0.00750782397720801,0.447639605727814
CCR2,1.12219335270157,4.98791620612978,7.13854658225239,0.00754442814094945,0.447639605727814
CDK6,-0.397419978484052,7.42009620972448,7.13462187241488,0.00756095852487518,0.447639605727814
LRRC37A2,1.42542157618826,4.08335627154408,7.11207460410465,0.00765664478396982,0.450241753749252
SLC9A9,0.9358653667892,4.77290004795216,7.0676276987834,0.00784891119091123,0.458450161708057
TRIM5,1.05496328948159,4.49633214403335,7.03904566823998,0.00797515154485913,0.462718292632727
ARL16,0.982793772284406,5.43440880312092,7.01033975586392,0.00810402994311908,0.46513386434049
CAAP1,0.893867487700901,5.0355477179503,7.00600504044413,0.00812367544292249,0.46513386434049
LINC00861,0.932243928667478,6.33566101637033,6.98279038182794,0.00822971949767586,0.46520996889699
MAGEF1,1.41852769830796,3.98883203684868,6.98231351792776,0.00823191258303303,0.46520996889699
MRTFA,1.2293407313179,4.11328410044237,6.96505940202012,0.00831166734264108,0.466057662145011
ANKRD46,1.16028506736171,4.15098403171419,6.95596657612751,0.00835401531593952,0.466057662145011
PGAP1,-1.3199025338586,4.32630257127438,6.93104177976583,0.00847123305872098,0.466882508592948
POFUT2,1.24497598135811,4.2982926237339,6.92658615137705,0.00849236390367207,0.466882508592948
ACP2,1.41257434064561,3.97516241705111,6.91149071647318,0.00856435588256543,0.466882508592948
EXT2,1.27909189809618,4.29041128572413,6.90752230419633,0.00858338519761825,0.466882508592948
XPO5,1.24492551190705,4.09788718592337,6.89582756795344,0.00863971580235824,0.46702761880698
RPUSD4,1.23309472338159,4.27341312851282,6.80848675376729,0.00907256180335399,0.480095667692442
ZNF891,1.30382101255115,4.2327869931296,6.80747724206904,0.00907769251634741,0.480095667692442
ATP5MG,0.156393251114796,9.5874192371193,6.80200654610774,0.00910554834438681,0.480095667692442
MINCR,1.19646333892656,4.14473173499926,6.79737196521942,0.00912921529857257,0.480095667692442
EIF3C,1.32890972352164,4.07657092971009,6.79189047908193,0.00915728838756122,0.480095667692442
CDC14A,-0.629599111625872,6.66189659710357,6.74296446157474,0.00941180999799331,0.486766244148794
USF2,0.529290343546811,6.58618160595539,6.7384394473247,0.00943571301658841,0.486766244148794
XPO1,0.411965294116926,6.73010183123858,6.72831908192704,0.00948939834600393,0.486766244148794
COQ4,-0.68689235323935,5.77243920312451,6.72478003827061,0.00950824560557221,0.486766244148794
RPS25,0.272873948214146,11.4359414600222,6.71073820596163,0.00958340443241028,0.487295117099953
CCNG2,1.29623558682032,4.47564740219111,6.67931042112118,0.00975383512235884,0.487295117099953
SH3YL1,0.820947784152019,4.89800817248952,6.66464771011256,0.00983440941235638,0.487295117099953
CD6,0.528868185940283,6.99830152491301,6.6546054482861,0.00988998675193923,0.487295117099953
NHLRC3,0.562745375628723,6.01815237926653,6.64588153075646,0.00993852915697303,0.487295117099953
ZNF426,0.965648433191775,4.55367873781666,6.64485252527446,0.00994427091861227,0.487295117099953
LINC02273,1.35720828693978,4.03509433505466,6.63387579631161,0.0100057320992885,0.487295117099953
NEK9,0.930707608981338,4.71382106746441,6.63017988226051,0.0100265138579023,0.487295117099953
FOXJ2,-1.3839146362524,4.2637425808821,6.62074442364353,0.01007976938857,0.487295117099953
NOP56,-0.423803940056861,6.70480742915945,6.61547323056752,0.0101096471556915,0.487295117099953
TNFRSF9,1.62879831581805,4.6423074990652,6.57981797279787,0.0103141439509881,0.487295117099953
RPL23,0.29023263359428,10.0774349109177,6.5728040034023,0.0103548684059063,0.487295117099953
CDCA7,-0.847724600588775,5.73796254579033,6.57165640260778,0.0103615472741385,0.487295117099953
CCDC152,1.36088455344303,4.06564169289742,6.57087360616042,0.0103661055684191,0.487295117099953
RPL41,0.258736558978745,12.9343208129126,6.56241021684954,0.0104155201348548,0.487295117099953
CUL4B,1.02252573815617,4.61261602990422,6.54419652602666,0.0105226839599229,0.487295117099953
NUP155,1.1026647433098,4.40095802526381,6.53328312783012,0.0105874361508219,0.487295117099953
RBPJ,-0.606504988848912,8.74575317125893,6.53069690067322,0.0106028407502485,0.487295117099953
TASOR,0.95233018591355,6.07231253429158,6.52733960255021,0.010622872450037,0.487295117099953
RBMX2,0.744504196532883,5.44833901490747,6.52474018053897,0.0106384088531531,0.487295117099953
PGGHG,1.12812531927983,4.83018803560546,6.5104428767912,0.0107242795319663,0.488656569459177
SPTLC2,0.80827704180534,5.20743458168207,6.49198097789755,0.0108362158880958,0.489256754974738
SRGN,0.363259360612531,9.42209286541889,6.48973983063913,0.010849885523397,0.489256754974738
ZNF821,1.12220259863712,4.3118900893258,6.44165140428192,0.0111474968717537,0.49345026792152
PDE4B,-0.399874999116375,7.18431126066269,6.40941637054443,0.0113516721405084,0.49345026792152
PPIB,0.303002650369941,8.8533310088183,6.40745764688474,0.0113642016129132,0.49345026792152
ZSCAN18,1.28756769599996,4.21887877965288,6.40630449293184,0.0113715846914399,0.49345026792152
VAMP2,0.307880162818709,8.16515706105802,6.40014985811618,0.0114110731356131,0.49345026792152
RNF44,0.553709346448427,5.97982844216636,6.38793081265888,0.0114898887707018,0.49345026792152
DOCK8,0.375861681875301,8.09413060070916,6.38510089889994,0.0115082219177551,0.49345026792152
RUNX3,-0.467210882389945,8.28053751315323,6.3813800659783,0.0115323724473911,0.49345026792152
DIDO1,0.531641708881183,6.15561191447735,6.37609572812644,0.0115667605412613,0.49345026792152
MORC2,1.23443498578721,4.13032387464749,6.36584930995104,0.0116337398761566,0.49345026792152
TRMU,0.855786867108118,4.89589479401163,6.36301434933748,0.0116523418279384,0.49345026792152
RPS20,0.282719405970044,10.695897524709,6.35935071498631,0.0116764264650814,0.49345026792152
ZNF738,1.13660310846162,4.55124294037837,6.35841437273013,0.0116825901508943,0.49345026792152
GOLT1B,-0.683352975455581,5.58547409733505,6.34251454375825,0.0117877658789031,0.49345026792152
RTCB,0.771638896956095,5.45738851330207,6.33900869091986,0.0118110872576203,0.49345026792152
COMTD1,-0.840984470133478,6.07417475304693,6.33176760957689,0.0118594059475444,0.49345026792152
KIF1B,1.11865535975889,4.60953333031641,6.32470001198094,0.0119067627557761,0.49345026792152
SLAMF7,0.653182597901058,6.24894684910546,6.31410224148741,0.0119781378676983,0.49405561072312
PTPMT1,0.966297174146879,5.01230594375511,6.29800874606625,0.0120873675404214,0.495584033192074
CORO1B,0.812614469095476,6.62225931007991,6.28712755514891,0.0121617995023046,0.495584033192074
ABCB7,1.09055394108254,4.46642235498313,6.26684130617437,0.0123018256166328,0.495584033192074
RBM3,0.248581100038461,8.17903213118811,6.26670963761336,0.0123027398500347,0.495584033192074
MVB12B,1.02199052341586,4.77280335194226,6.257392540168,0.0123676101388963,0.495584033192074
ZNF641,1.18917263991436,4.53896894640627,6.25391670875983,0.0123919005196085,0.495584033192074
SLC46A3,0.918884432113687,4.56648185032173,6.23903376469253,0.0124964634969047,0.495584033192074
GPRIN3,0.33855729491832,7.52540473729885,6.22601821584985,0.0125886496625547,0.495584033192074
LAMP1,0.398509640514277,6.76819348783357,6.21863731952531,0.0126412370707018,0.495584033192074
TRAPPC3,0.548021435058541,6.06303408616314,6.21478204394114,0.0126687948323416,0.495584033192074
NEMP2,1.11057082164454,4.19237932839868,6.21176790932184,0.0126903830586896,0.495584033192074
TMEM9,1.28494200717011,4.27216620982159,6.21063288393064,0.0126985222798842,0.495584033192074
ZNF785,1.16956970486002,4.08113581994034,6.15933960441977,0.0130720003880749,0.507882229363464
METTL6,1.13760155500124,4.28825241403037,6.13986513007661,0.0132167393704882,0.511223478850485
DNAJC4,0.765258918569298,5.41643630640959,6.11373950515759,0.0134135035063951,0.516013656797151
DDX6,0.379955235428871,7.71613430150041,6.10773327404725,0.0134591635175173,0.516013656797151
SIPA1,0.646437063317624,5.87139020072147,6.09826703199624,0.0135314516336047,0.51650975248799
PPP4R1,-0.856727543447934,4.97120714571792,6.08582866025679,0.0136270436340141,0.516991600089306
BAZ2B,0.794377839022173,5.37060609545746,6.06885629394639,0.0137586022492417,0.516991600089306
TYW1,0.957860512541307,4.49924920398748,6.06724147964313,0.0137711870997417,0.516991600089306
PXMP4,1.16894633897245,4.12030961563936,6.06589492425316,0.0137816903620268,0.516991600089306
LAIR1,1.39751389248429,4.73029277642408,6.04347209209041,0.0139578069253205,0.519331109649646
NCK1,-0.39278356331703,6.73171704508409,6.04276463198388,0.0139634010867537,0.519331109649646
TSPAN14,0.517975455395754,6.63085801643966,6.02905728098258,0.014072246962587,0.521152192831466
SYCP2,1.23034038296456,4.12926269495446,6.01569719229688,0.0141791755846831,0.522887140311427
SRRM1,-0.202537097457557,8.67160027579792,6.00379555710385,0.0142751354635688,0.524204657972319
WIPF1,0.380199783724267,8.21595320806637,5.94859649421033,0.0147290085489207,0.537554361196886
SETX,0.422054322948707,7.05341691265908,5.94462786875802,0.0147622075521149,0.537554361196886
ZNF586,-1.06067180306988,4.17252092774214,5.93032108118717,0.0148825299374349,0.538673444845859
LSM10,-0.396178179780033,6.77244167444918,5.90220643971295,0.0151219296311672,0.538673444845859
PRKAB1,1.17438161885405,4.15251189149281,5.90139401151196,0.0151289062207045,0.538673444845859
NCDN,1.44259250823778,3.66125056258806,5.89226406507595,0.0152075364258075,0.538673444845859
PDE6B,1.42834355533804,3.83838771014317,5.88905228945096,0.0152352973070626,0.538673444845859
ZNF528,1.02875007544836,4.16549901819815,5.88710148349797,0.0152521845120821,0.538673444845859
CBR4,0.907990335940447,4.85327125523349,5.88488697635789,0.0152713778212514,0.538673444845859
DDT,-0.469819206701117,7.44797594597674,5.87599261721318,0.0153487169110901,0.538673444845859
WDR73,0.728212073610628,5.36741517985613,5.87584591575237,0.015349995900468,0.538673444845859
KLF9,-0.663272266017378,5.78496106078641,5.85234899172112,0.015556273217316,0.543719862691973
XPNPEP1,0.88024483088318,4.65997190864321,5.84066500017248,0.015659906936146,0.544741038507335
NUDT21,0.509970429015787,6.07359663809312,5.83497034023139,0.015710674556514,0.544741038507335
NUP210,0.635368112661152,5.87322098919571,5.78706219291161,0.0161445470587037,0.55756346449166
AATF,0.488580075789326,6.22095836672935,5.76562786306851,0.0163426445663793,0.562174053996833
RIDA,1.40905194941662,3.84246302012819,5.74601825468221,0.0165260730070361,0.565572637461154
GABARAPL1,-0.649332950300968,6.87531909495716,5.74120554132938,0.0165714147480862,0.565572637461154
ZGPAT,0.955446657834267,4.84840094469533,5.73188737772313,0.0166595684325832,0.566047623693826
HDDC3,0.913299959692894,5.27082836816082,5.7260106773321,0.0167154129942909,0.566047623693826
OXSR1,0.712490492940096,5.34545095078545,5.71161398801143,0.0168530378282496,0.566440793508353
ZNF182,1.1823140511829,3.99226740781968,5.71118103327114,0.0168571947051205,0.566440793508353
TKFC,1.33637982520786,3.73026263977316,5.69900064174355,0.0169745752891607,0.568191264390636
TATDN2,0.643210891759661,5.38454776533303,5.68487041744107,0.0171118031659336,0.569154594151942
SMURF2,0.592360396862687,6.1203194543685,5.68064303793085,0.017153080053642,0.569154594151942
ZDHHC21,0.772500747074709,5.09260393219942,5.67215207486857,0.0172362980047156,0.569154594151942
ZNF493,0.880876471495759,5.09072487676879,5.65346887405333,0.0174208777100303,0.569154594151942
HSPA5,0.412643562623587,7.77115537996756,5.65034210805227,0.0174519671129791,0.569154594151942
SLC25A37,0.802148835452484,5.20258654439191,5.64525332477768,0.0175026873100526,0.569154594151942
ZXDB,-1.4571031436362,3.56592445474373,5.63882690814659,0.0175669572190314,0.569154594151942
CPEB4,-0.677194180313395,5.59938506014653,5.63419283439843,0.0176134532031762,0.569154594151942
RNF103,1.1285051665777,4.22678068282769,5.6309139916407,0.0176464281902251,0.569154594151942
ISCA1,-0.593936110246153,5.84649407707757,5.61627774003606,0.0177944023764091,0.569154594151942
ZNF484,1.49728949442849,3.74161200322165,5.61536271200231,0.0178036958486269,0.569154594151942
EGLN2,0.961831133933024,5.05043033234932,5.61368706247031,0.0178207275557229,0.569154594151942
TMEM97,1.52478874358758,3.95041125401852,5.61046523577259,0.017853522257093,0.569154594151942
SLF1,0.63414757305974,6.94763096258016,5.60216561068332,0.0179382907189667,0.569769869077252
ELMOD3,0.998956358246646,4.91673671068514,5.59473814354083,0.0180145036763207,0.57010991089098
KIAA1671,0.735308010885824,4.88688912793344,5.56888108853624,0.0182824399155571,0.573979397539431
STXBP2,1.14219613432842,5.3749028293911,5.55953127216382,0.0183803348220766,0.573979397539431
GSTK1,-0.257798137077578,8.52558093621101,5.54973783519251,0.0184834552050417,0.573979397539431
INPP5B,0.824239774379131,4.97758066401393,5.54511137045013,0.0185323773863471,0.573979397539431
WBP1L,0.767006251723371,4.9279143818231,5.54233078241424,0.018561844822051,0.573979397539431
ZNF570,1.04169392353485,4.1895175008092,5.54022634737671,0.018584178861336,0.573979397539431
CDKAL1,0.964885807715739,4.52238282733054,5.53888431035234,0.0185984361836286,0.573979397539431
NORAD,0.597408678367829,6.34496631873223,5.52557465033672,0.0187404464480678,0.574682901265482
LY96,1.28625935757601,3.93375228507884,5.52083612084267,0.0187912751940354,0.574682901265482
MAK16,-0.901100723596514,4.55688045601557,5.51754182203305,0.0188266960324997,0.574682901265482
ZNF692,1.23321270083876,4.14036856577877,5.51209963556554,0.0188853624913165,0.574682901265482
PSMA7,-0.201936188561771,9.41635043298604,5.50498688003228,0.0189623224685182,0.575014259385066
TMEM14C,-0.515288958011319,6.64115348181374,5.49277568977567,0.0190952041084546,0.575147415289323
SNHG14,0.764092972957448,5.52031022256437,5.48464741252902,0.0191841887874801,0.575147415289323
SLC25A45,0.745678588242893,5.3858193074367,5.48010726026415,0.0192340787349209,0.575147415289323
ANXA7,0.385950847134679,6.73384140815868,5.46436914639069,0.0194080591917737,0.575147415289323
LINC00685,0.899222334754835,5.06088981071547,5.46183243187659,0.0194362537200269,0.575147415289323
RPS23,0.247132702246213,11.8264156965076,5.45573750728583,0.0195041694793192,0.575147415289323
MLH3,0.858348753867093,5.02980939568012,5.45333737202614,0.0195309814726019,0.575147415289323
DTX2,-0.960029759550464,4.38075217970606,5.44447675190286,0.0196302941910797,0.575147415289323
ST13,-0.31619072640646,7.90654389644583,5.44142069324376,0.0196646684540167,0.575147415289323
EMP3,-0.426614684590335,9.524049850734,5.43662478266844,0.0197187379196034,0.575147415289323
SLC35E3,0.657238287954731,5.38121374284137,5.43062207164248,0.0197866296125124,0.575147415289323
ENTPD5,-1.11150337439146,3.96596608593202,5.42849457936129,0.019810749885995,0.575147415289323
MACF1,0.318781440213592,7.92660537780648,5.41640501882104,0.0199483927718824,0.575147415289323
IDH2,0.406190675035933,6.85929356200037,5.4147787483972,0.0199669836133394,0.575147415289323
TESPA1,0.745278554784024,4.98064097948301,5.41030429368754,0.0200182262227822,0.575147415289323
TRIAP1,0.942593778425445,5.26609685089991,5.40979291397533,0.0200240913285838,0.575147415289323
MIR4435-2HG,0.623092781143988,5.72098825978371,5.38509144028807,0.0203095237626424,0.579890197057005
TRIB1,-0.843078351939483,4.74289420659245,5.38116295921457,0.0203553048700642,0.579890197057005
DGKZ,0.516798543062452,6.75348850312284,5.37826823581964,0.0203891072388192,0.579890197057005
TRAPPC9,1.16542703412699,4.13649796907718,5.36405692730666,0.020555900383883,0.581683261851929
C4orf3,0.263331063556068,7.63457136372875,5.35980637940334,0.0206060613393017,0.581683261851929
UBE3B,0.97546267493414,4.49371758719143,5.35586700401406,0.0206526632094963,0.581683261851929
PYROXD1,0.644340233158789,5.59656668801344,5.33023561492665,0.020958551662799,0.583241601994659
TRIOBP,0.734812034220811,5.19595722801684,5.3289438997526,0.0209740907046653,0.583241601994659
NDUFAF1,0.93502920670511,4.47053978827988,5.32564438394517,0.0210138372868137,0.583241601994659
TIMM8B,0.446444830504377,6.32362950288983,5.32239769351165,0.0210530236227246,0.583241601994659
SLC35E2A,1.4512522003583,4.17890452901718,5.31922032265307,0.021091446528944,0.583241601994659
KDM6A,0.682524223676124,5.08744156819363,5.31768084639812,0.0211100890070456,0.583241601994659
GRB2,-0.307108659095419,7.2173406883614,5.30008857984064,0.0213243398918062,0.584150947630947
PDE6D,-0.731245574925045,4.91458562436981,5.29016296600174,0.0214462130344562,0.584150947630947
AHCY,0.989961464565652,4.58073730728216,5.29015980327682,0.021446251983166,0.584150947630947
PAIP2,-0.255626457885479,7.98605012784295,5.28725753864657,0.0214820240318562,0.584150947630947
NBEAL2,0.528594615400051,5.69235671217852,5.25675466668151,0.0218617475764816,0.584150947630947
ZBTB7B,1.03107074316641,4.62612171159896,5.25509665677956,0.0218825859031134,0.584150947630947
EML4,0.310432993584846,7.85612391167781,5.25219569315254,0.021919095515658,0.584150947630947
WBP1,0.877758832714547,4.9546151276164,5.2465887269618,0.0219898400135897,0.584150947630947
SELENOH,0.292243249182758,7.79352340255062,5.24608595600223,0.0219961951440022,0.584150947630947
TMEM106A,1.28709225946771,4.00170071527344,5.24570228451218,0.0220010461118999,0.584150947630947
HSF2,0.981243665905785,4.41077105651666,5.24523981980322,0.0220068947782993,0.584150947630947
CASD1,0.62804384896094,5.30839460169331,5.24249919322052,0.0220415878096996,0.584150947630947
TNFRSF1B,0.414519234522867,6.93562836349186,5.22321419383885,0.02228732019198,0.584150947630947
BAK1,0.731703315082775,5.2816693025196,5.21701277840288,0.022366941248887,0.584150947630947
RPL9,0.273987908633057,11.2499985008073,5.21284820770296,0.0224205762620864,0.584150947630947
TMEM186,1.09680050247454,4.08026628612292,5.2114113330512,0.0224391125067836,0.584150947630947
EWSR1,0.469856842320031,6.71336901540703,5.21028112212775,0.0224537038262083,0.584150947630947
CRYBG1,-0.475208632451395,6.09377220433922,5.21025948550047,0.0224539832566267,0.584150947630947
FIGNL1,1.070473995311,4.10424064971059,5.20646448776649,0.0225030502750344,0.584150947630947
ERV3-1,0.838180676284522,4.81250986449142,5.20476488030064,0.0225250611770262,0.584150947630947
SLC12A2,-0.74967198619335,4.98738508565108,5.20127628593631,0.0225703104167701,0.584150947630947
GIMAP6,0.666255616184304,5.99352225056498,5.19305962018374,0.0226772582735023,0.584150947630947
FUBP1,0.458643841155629,6.57642580938598,5.19233025518163,0.0226867770078433,0.584150947630947
GTF2F1,-0.439525646562126,6.30161311825688,5.18020828497136,0.022845585118834,0.584809316990603
CLK3,-0.612000708041784,5.54442324075887,5.17525220593409,0.0229108453951976,0.584809316990603
TBC1D14,0.911137328473684,4.40156429847805,5.1708042402269,0.0229695795062859,0.584809316990603
MAPK13,0.845436433062701,4.90871136508232,5.16993079805614,0.0229811313812233,0.584809316990603
METTL25,1.14827723699835,4.04707645562979,5.15592498693936,0.0231671926958418,0.587825300384581
LINC00649,0.651536244561495,5.33195199873516,5.14117980424028,0.023364764599686,0.589979956110972
ARCN1,0.492358354590659,6.23247034445667,5.13469497857036,0.0234522076551824,0.589979956110972
DNAL4,1.12440758052829,4.17342180156821,5.13445259633288,0.0234554825708832,0.589979956110972
ZDHHC14,-0.92407228981346,4.33656111956963,5.12645427741828,0.0235638172581154,0.590996834574577
TAF1D,0.291962304322401,7.55145615642847,5.11961948376866,0.0236568035064797,0.591624025623255
ABAT,0.895940231613788,4.44888100849242,5.10730192511448,0.023825344051224,0.593693637894297
BCAT2,1.03611738431701,4.3382884225678,5.1036179190039,0.02387599371056,0.593693637894297
CDC23,1.00025026817872,4.44321946443954,5.09514159680652,0.0239929552536922,0.594902249495393
STXBP5,0.990224532479945,4.67705744983816,5.08973780788638,0.0240678301894582,0.595063426530837
RNPEP,0.803322814511807,4.73769189532466,5.08403531579844,0.0241471068907444,0.595332213229881
CHMP2A,0.369960460609932,7.08375101370208,5.0761477277961,0.0242572078448659,0.596357287779289
CCNQ,0.644896937222228,5.42022229622777,5.06554451285868,0.0244060369735816,0.59832602755234
DCAF12,0.895980798129183,4.61826248054446,5.04854773880588,0.0246465875893806,0.602525988175224
GABPA,0.888309280030509,5.02786157221923,5.03259647897147,0.0248745800872463,0.604842598679898
MZT2B,0.226163007520312,8.26289295469759,5.03219505031812,0.0248803458953698,0.604842598679898
CCR6,0.899901887323449,5.17441847074481,5.02000386229351,0.0250561131406431,0.607418809646286
MTFMT,0.891474312334883,4.43050296658208,5.00635543989908,0.0252544205934871,0.607722856866299
GLA,1.19099604481192,3.94488243216122,5.00549424331221,0.0252669880514336,0.607722856866299
ATN1,0.950350334175923,4.27828424311851,4.99612709080246,0.0254041033189447,0.607722856866299
IFITM3,1.01138343812972,4.56722710295326,4.9948429152839,0.0254229610678222,0.607722856866299
TSGA10,1.20603073996475,3.92392280148533,4.99196186447125,0.0254653213853187,0.607722856866299
MIR22HG,-1.0694036254298,4.24837561032512,4.97969984082828,0.025646432484467,0.607722856866299
C1QTNF6,-1.13208626828447,3.79248468223583,4.97714238185526,0.0256843746891793,0.607722856866299
HACD2,0.747314266964981,4.85790929564212,4.97653142168729,0.0256934474582986,0.607722856866299
RPS10,0.456331041145266,9.2133125920033,4.97297605859748,0.0257463107581952,0.607722856866299
UNC93B1,0.819792432549559,4.68810325474165,4.96978434200346,0.0257938633808262,0.607722856866299
UPF3A,-0.471839401068859,7.03054677728435,4.95761369548491,0.0259760298622643,0.607722856866299
ZAP70,0.497537760826549,6.54763393843804,4.95454564275999,0.0260221621278831,0.607722856866299
MYH9,0.208918359016534,8.23332283262461,4.95304643385065,0.0260447356867118,0.607722856866299
GALNT4,1.08024908019496,4.40332572118162,4.95055293960205,0.0260823252522245,0.607722856866299
KPNB1,0.382423061179128,7.28403829598765,4.94287769870089,0.0261983841511624,0.607722856866299
SNRPG,0.289189449730016,7.64054706543138,4.94169867396681,0.0262162599193848,0.607722856866299
CTSS,0.869149518585317,6.14956948322573,4.93909698684059,0.0262557502219612,0.607722856866299
ING2,-0.60329698634275,5.43415464758481,4.92403961430021,0.0264855194437746,0.608737067855857
FBXW4,0.64614878950052,5.49737327251969,4.92229476167291,0.0265122799530882,0.608737067855857
USP21,1.30078604855289,3.81763963765796,4.92108638549585,0.0265308290832453,0.608737067855857
FKBP1A,0.361594101623421,7.4036100718127,4.91631280829773,0.0266042376893549,0.608737067855857
SMIM14,0.995795614966505,4.41906540452034,4.90962537686267,0.0267074330132822,0.608737067855857
SLC30A1,-1.26949792957513,3.65936523094041,4.90189610970296,0.026827223741986,0.608737067855857
ARHGAP5,0.780676320599918,4.66809469010824,4.89523780054617,0.0269308642436525,0.608737067855857
DSN1,1.1976911190811,3.92846780062304,4.89299652368173,0.0269658446128782,0.608737067855857
ITGAL,0.384787295692553,7.12379804536508,4.88978709156803,0.027016017589796,0.608737067855857
MSRB2,1.43324924801108,3.8549325293166,4.88721552000884,0.027056288948925,0.608737067855857
RPS3,0.23283370041548,11.6474470709235,4.88386074743812,0.0271089192552086,0.608737067855857
MMUT,1.03710793793124,3.75759342069395,4.88076709158223,0.0271575474654377,0.608737067855857
RASAL3,0.313321827975033,7.22759666663879,4.8761883909689,0.0272296851690867,0.608737067855857
ANXA4,-0.789083013785682,5.09017362902001,4.87307776616135,0.0272788069015034,0.608737067855857
P4HA1,-0.721505739633544,5.09327384537686,4.86592945623787,0.0273920396827498,0.609700566135477
FARS2,0.980673206357152,4.53278528744313,4.85557073960198,0.0275569951241201,0.610165589723228
SNHG15,-0.456191373771856,6.10785527459886,4.85054485316194,0.0276374008673741,0.610165589723228
MEN1,1.17148454020147,4.07645247156041,4.84964166308967,0.0276518762420177,0.610165589723228
IL16,0.376151860632089,6.6981591846601,4.84411140276583,0.0277406815672888,0.610165589723228
EPN2,1.21410069197521,3.87875022493504,4.84174015201932,0.027778850121394,0.610165589723228
RABGEF1,-0.943308125737863,4.37556185567786,4.83834526693276,0.0278335906147445,0.610165589723228
C4orf33,-1.05963931880526,4.0997247586073,4.82801264358087,0.0280008896729979,0.612290811115831
ARHGAP12,1.04159143899863,4.08411370200397,4.82367143590167,0.0280714914975431,0.612296216799793
NUCKS1,0.25021528490119,8.28250866523647,4.80370627645175,0.0283985815777007,0.613801757869858
DEF6,0.412007046960974,6.68624613767256,4.79915606071421,0.0284736814700208,0.613801757869858
DRAM2,0.585558301408853,5.45790832449937,4.79593908325089,0.0285269013993095,0.613801757869858
KIAA1143,0.642115583483276,5.72006208754393,4.79275939025972,0.0285796062738784,0.613801757869858
SLC35E2B,0.846393653529841,4.9064443671759,4.78509465630881,0.028707069868624,0.613801757869858
LTB4R,1.10893216019066,4.35743875590787,4.78284087216012,0.0287446625149112,0.613801757869858
SAT1,-0.419206800520985,8.08439346039535,4.7818541282992,0.0287611373234337,0.613801757869858
DBNL,0.387535540149158,6.50478484503102,4.77882302610831,0.0288118065233972,0.613801757869858
BATF,0.404313162188996,6.7733278560187,4.77751008728776,0.028833783008893,0.613801757869858
ANO6,-0.693089329573811,4.95749340911261,4.7678811322421,0.0289954905685963,0.613801757869858
CST7,0.464384003879683,8.93522197434764,4.76099526834102,0.0291117099004738,0.613801757869858
COMMD6,0.254253839160663,9.13443263803447,4.75640765006662,0.0291894087101173,0.613801757869858
COPS7A,0.75380312971787,4.82384557431794,4.75066180122044,0.0292870288012953,0.613801757869858
PPAN,0.697126950623248,5.16074740556464,4.74639232026975,0.0293597860496201,0.613801757869858
PDGFD,1.15219416152215,3.76536299547498,4.74308153938348,0.029416335446812,0.613801757869858
PFDN6,-0.500002776734685,6.33539565935153,4.74247172547141,0.029426763667191,0.613801757869858
COMMD10,0.727882417381534,4.87386084735666,4.73991469758943,0.0294705324756544,0.613801757869858
OGFR,0.462989320819021,6.14872324076388,4.73665089147841,0.0295264977926219,0.613801757869858
PI4K2A,1.07534066882279,4.10368612189668,4.72990656085169,0.0296424956007402,0.613801757869858
IDH3A,-0.648307244913573,4.98611237965811,4.72851605968947,0.0296664702293335,0.613801757869858
DDX52,-0.456584686490003,5.98457223816863,4.7277041716244,0.0296804779144297,0.613801757869858
GPS2,-0.339428792884876,7.26675101322361,4.72687669804643,0.0296947615903542,0.613801757869858
PRR5L,0.918938708890728,4.31417578751933,4.72294949472991,0.0297626498702838,0.613801757869858
ARHGAP26,0.593290328413057,5.86686013144986,4.71688122433382,0.0298678682346939,0.614515501764871
HTATIP2,0.57177478643553,5.64143965812484,4.71027350348179,0.0299828810997225,0.615426920308691
POLE4,-0.407982420669108,6.78883588286184,4.69550996036397,0.0302415235150526,0.615564314109704
PRR34-AS1,-0.982466259649743,4.08225311713244,4.69450636012015,0.0302591897738051,0.615564314109704
URGCP,1.0990584826042,4.07834979681257,4.69401056018959,0.0302679212516708,0.615564314109704
SERPINB6,0.582871559812495,5.7426341318539,4.69375089230231,0.0302724952819664,0.615564314109704
CDK5RAP3,0.555484965460715,5.59388572952996,4.68371068980145,0.0304499063240957,0.615887615258842
PIGL,1.04460860063939,4.26948922568257,4.68203542950212,0.0304796136270369,0.615887615258842
ZBTB7A,0.287662919770865,7.24957100385302,4.68084754862725,0.0305006965617099,0.615887615258842
UGGT1,0.73475631296107,5.5478086645326,4.67171613362539,0.0306632726605828,0.616371556837402
CTNNBL1,-0.558659099893713,5.83090075709818,4.66869231621713,0.0307173077401408,0.616371556837402
TP53I11,0.958780951180826,4.45351937382875,4.66758436220522,0.0307371315256156,0.616371556837402
TIAM1,1.13447267176013,4.01635614444002,4.65598762589015,0.0309454254817767,0.617443538884343
CCDC136,1.04506909669518,3.99183404601832,4.6523424793856,0.0310112011331538,0.617443538884343
NEAT1,-0.439112936920843,10.006731693895,4.65022736563204,0.0310494345988884,0.617443538884343
TRA2B,-0.318356951207375,7.94569787429848,4.64592428128926,0.0311273703298502,0.617443538884343
LBH,0.379304560215342,7.33993204427592,4.64493485421841,0.0311453192657964,0.617443538884343
PFDN2,-0.292445656204535,7.43581970352234,4.6330225807319,0.0313622659966653,0.619378655421276
ARRB1,1.30963896638488,3.69106005861367,4.63176461441669,0.0313852679582653,0.619378655421276
KRIT1,0.572675639529119,5.8023686613961,4.61235811031868,0.0317423551958017,0.620060508953601
PSENEN,0.490949592525917,6.4097917865463,4.60966530555632,0.0317922377176379,0.620060508953601
METTL16,0.653194106063763,5.40021762944005,4.60878758871753,0.0318085145418467,0.620060508953601
EXOC7,0.693204536161079,5.7207257884297,4.60681379521704,0.0318451493362169,0.620060508953601
UBXN11,-0.784809619171201,4.70616622582451,4.60632205475554,0.0318542831837359,0.620060508953601
KANSL1,0.330398281049609,7.6276016760269,4.6051460173351,0.0318761386134707,0.620060508953601
DUSP10,-0.721169288335353,4.89041801739208,4.59715312325491,0.0320250934020044,0.620060508953601
ARAP1,0.697776279379837,4.88966978352029,4.59310670173174,0.0321007788917148,0.620060508953601
NLRC3,0.465866029754256,6.04448461706384,4.59024793771484,0.0321543625905983,0.620060508953601
PAPSS1,-0.672332015372028,4.9555930609216,4.58628300964836,0.0322288344218666,0.620060508953601
MTF2,0.506593102519521,6.0722295596746,4.57810669121805,0.0323829762816594,0.620060508953601
WWC3,0.677351923273544,5.06794655771898,4.5747536722861,0.0324464104928603,0.620060508953601
ZCCHC2,-0.49919035802717,5.8675808251281,4.57215870994411,0.0324955924173339,0.620060508953601
TMA7,0.220885343305112,9.85564301823238,4.57032757740273,0.032530344422896,0.620060508953601
AP3B1,0.51223802477957,5.92332381393029,4.57009667607646,0.032534729319535,0.620060508953601
SDAD1,0.538452886861514,5.89023262108281,4.56854182784599,0.0325642725013295,0.620060508953601
ANXA2,-0.394449207454839,8.22564216045029,4.56503466925891,0.0326310137999252,0.620060508953601
ZNF75A,0.864005712371842,5.21286954263196,4.56129014483045,0.0327024298365807,0.620063718666148
GTPBP1,0.751281181633628,4.83606622439839,4.55227000325733,0.0328751339762485,0.62198324129411
GIGYF1,0.612615677720483,5.51350013781146,4.53852950818395,0.0331400490938645,0.625146961453074
RNF34,0.53330476336216,5.53632189295875,4.53615700716255,0.0331860158785844,0.625146961453074
ANXA11,0.279818246900436,7.28037573982129,4.52915292835367,0.033322107563535,0.62605433249981
TIPIN,-0.984714212128292,4.14915227848122,4.52608205087078,0.0333819594871715,0.62605433249981
FRMD8,0.730602445376506,4.86355929821631,4.52006689537857,0.0334995215431288,0.62605433249981
RGS16,-0.460132268452245,6.60745447144428,4.51892307347171,0.0335219256514893,0.62605433249981
HNRNPL,0.468979168170579,6.49428455103373,4.5151225943271,0.0335964783443137,0.626103107131824
SPON2,0.75699764746396,5.02543224063083,4.51139022929652,0.0336698634791241,0.626129961236789
CTSO,1.156896837817,3.79749678400404,4.50241007885063,0.0338471167903354,0.627606919179935
MGAT5,0.62575594013366,5.50762085607499,4.49887226869822,0.0339172147975853,0.627606919179935
NANS,0.801096229584782,5.08242600042545,4.48275829485637,0.0342384209451973,0.627606919179935
NSMAF,0.689440552835241,5.13356600931936,4.482233553653,0.034248934114554,0.627606919179935
PAXIP1-AS2,-0.861896320479755,4.33742525598613,4.47704255979944,0.0343531174525068,0.627606919179935
RBM6,0.533586247015091,6.79569896482891,4.47312736236919,0.0344319146639854,0.627606919179935
RC3H1,0.417501170905147,6.12104795101637,4.47230648460928,0.0344484595856142,0.627606919179935
PLAC8,0.857432885645814,4.89084575949966,4.47068080588268,0.0344812499309583,0.627606919179935
NRBP1,-0.448461756468972,6.31503648425992,4.46739072745681,0.0345477115157301,0.627606919179935
CRTAP,0.776224488799786,4.92352896001499,4.46447961739219,0.0346066293866503,0.627606919179935
SLC8B1,0.898993770414923,4.37438868273249,4.46407136013239,0.0346149004888027,0.627606919179935
RPL22L1,0.386077688421553,7.00428216585468,4.45971747649843,0.0347032368109085,0.627606919179935
SRGAP2,0.89551558364455,4.83542911680346,4.45618886210265,0.034775002089572,0.627606919179935
WASHC1,0.674752114070416,5.32850818861991,4.45589794104327,0.0347809257886791,0.627606919179935
BRWD3,0.74074063810252,5.05534609034154,4.45046894491424,0.0348916641315475,0.627606919179935
TOMM7,0.321459545493272,9.52829444135727,4.44990893194471,0.0349031079952992,0.627606919179935
ZNF76,0.940588538116307,4.38556553336976,4.44432535121416,0.0350174233555515,0.628364196831679
PMPCA,0.630040876816062,5.28353373768629,4.4386471676119,0.0351340772070771,0.628366614983792
BNIP3L,-0.441188473271124,5.9762257119622,4.43056451571949,0.035300830523086,0.628366614983792
CEP250,0.801053150613662,5.12675533413834,4.42534786608593,0.0354088947136695,0.628366614983792
SUPT20H,0.435483994075891,6.02251036531544,4.42308741093351,0.0354558280148918,0.628366614983792
NKTR,0.25492618753151,7.9248057244023,4.41754679861101,0.0355711419190087,0.628366614983792
APOBEC3D,0.666564720982951,5.49486272576539,4.41542001481646,0.0356155097249962,0.628366614983792
RALGAPA2,0.712134671249793,4.81075292886234,4.41406349163376,0.0356438390127757,0.628366614983792
SLC30A9,0.838798634874706,4.63208492628881,4.41358019040665,0.0356539378490382,0.628366614983792
ANKHD1,0.434716174492421,6.30557902837826,4.40780482008615,0.0357748491923263,0.628366614983792
CARD19,-0.517355849226573,6.10252960898844,4.40562450726851,0.0358206070319811,0.628366614983792
AKNA,0.437690448637492,7.38781476610285,4.40519124126999,0.0358297072007845,0.628366614983792
POLR2H,0.491311373044281,5.73347802313214,4.39910591465476,0.0359577772162913,0.628366614983792
MSI2,-0.556589679201232,6.56426996456413,4.3944059980939,0.0360570181334327,0.628366614983792
TRAPPC2,0.477447588199261,5.91378391581714,4.39379302488316,0.0360699824621359,0.628366614983792
SVIP,0.544927775559462,6.35338301843015,4.39234745893289,0.0361005753753759,0.628366614983792
ARNT,0.795054424745965,4.80371686751408,4.38337602553839,0.0362910486075143,0.630421149762868
RAB10,-0.455458888680127,6.4064316899454,4.35997732318893,0.036792795038645,0.636317894071475
TRIM56,0.495429556785315,6.71183448857401,4.35097810804078,0.0369876975459859,0.636317894071475
RABL2B,0.71564904388202,4.93382064997746,4.34871707330315,0.0370368361613686,0.636317894071475
SMG5,0.746139324925505,4.66549503034713,4.3482586256125,0.0370468078472077,0.636317894071475
LTO1,0.967635933582142,3.93024401799363,4.34679890759789,0.0370785768761565,0.636317894071475
NTHL1,0.859622369877093,4.38869033290757,4.34654868294635,0.0370840255826334,0.636317894071475
SNHG10,0.849444369936416,4.21128357025805,4.34387463221521,0.0371423061229817,0.636317894071475
LINC01278,-1.97558497156755,3.4964827328608,4.33949958676741,0.0372378665621404,0.636701675226539
PDLIM2,0.556029315962058,6.34219662986458,4.32651735300922,0.0375229454944339,0.639980305209019
NIPAL3,0.539878711925376,5.4594679841647,4.32408144117555,0.0375766903322772,0.639980305209019
CTSH,1.33690166661868,5.48788151135629,4.31886771891398,0.0376919947360655,0.640690293335894
CAPN1,0.513568373846522,5.8918006909927,4.31110304087452,0.037864402622242,0.642366269047508
ICAM1,1.02692255669934,4.00881979692372,4.30414080852467,0.0380196956401094,0.643621498308593
ERO1A,0.525376659164249,6.54306801712259,4.3011638568635,0.0380863003135615,0.643621498308593
RRP8,-0.576449321060319,5.1490957076874,4.28639576712453,0.03841852635461,0.644435591847583
RPS6KB2,-0.542657504674389,5.69816951229781,4.28331414666804,0.0384882334183982,0.644435591847583
ZC3H4,0.605734685612178,5.43760351799151,4.28211555662284,0.0385153816439815,0.644435591847583
POLD4,0.404465360061407,7.17313955737087,4.28166354641695,0.0385256249483051,0.644435591847583
SLC18B1,1.08149598779393,3.89887381153006,4.27801095734572,0.0386085035664514,0.644435591847583
SLC39A9,-0.78681854887234,4.54016256325279,4.27438219340308,0.0386910267097297,0.644435591847583
CCDC88C,0.521028492649112,6.74641566748396,4.27388659405903,0.0387023116746288,0.644435591847583
GET1,0.98407529039891,3.63680119829838,4.26538844748798,0.0388963552668823,0.644435591847583
RAD18,1.19075084790021,3.86477770435215,4.26535816414491,0.0388970485670642,0.644435591847583
NOC2L,0.637559933720411,5.85483247429696,4.26509811393202,0.0389030026327934,0.644435591847583
FCHSD2,0.715554545735582,4.73662486022193,4.26309066389216,0.0389489970483545,0.644435591847583
HELZ2,0.691578801329407,5.41850492347948,4.25431649882558,0.039150699880622,0.645771655419809
NACA,-0.1217560760338,10.8779167730333,4.25103680618028,0.0392263753473571,0.645771655419809
LINC00667,0.707025554291164,5.4683269779138,4.24991260434148,0.0392523504213581,0.645771655419809
ARSA,0.794565036369944,4.61155204838033,4.24313970917767,0.0394092227771803,0.646314139145337
SDHB,0.549558504967407,6.07311171976342,4.24207895251736,0.0394338513025594,0.646314139145337
YIPF2,0.699220250104028,4.7833796893418,4.23805956031585,0.0395273196911581,0.646628314421332
AUH,0.804164878864346,4.47075162019287,4.22811909610471,0.039759478453588,0.648451363796569
RPL35,0.220505591287667,11.001438519664,4.22395819403191,0.0398570803655056,0.648451363796569
ENTPD1,-1.05603795964513,5.64957474513888,4.22046489530729,0.0399392165074794,0.648451363796569
TXNDC15,0.64026535841072,5.77221462574859,4.21974140834275,0.0399562496778785,0.648451363796569
MGST2,-1.18295900445985,3.99437758958011,4.21740516021112,0.040011304419023,0.648451363796569
WDR77,0.817203352598745,4.38742807221009,4.20785869207888,0.0402370999351355,0.650898663077108
PPIH,0.620183183915923,5.24178952351576,4.20439834304222,0.04031927491196,0.65097774054093
POLI,0.970292684485065,4.4202756875093,4.20135944212401,0.0403915867967485,0.65097774054093
POLR1D,-0.29083115288842,7.4859226768554,4.19671320496714,0.0405024092174314,0.651052597301165
GET3,0.859914232894814,5.16270772700427,4.19291915150201,0.0405931420341031,0.651052597301165
ANKMY2,0.956349716154321,4.28706850508434,4.19177043806928,0.0406206549850089,0.651052597301165
HNRNPUL1,-0.378791273324666,7.28324006567104,4.17690346735298,0.0409785071521205,0.654380749514692
POC1B,-0.480221338448814,5.7246205363318,4.17566102131736,0.0410085626913675,0.654380749514692
HCG18,0.429070858399929,6.08953843796474,4.17378962066692,0.0410538767361854,0.654380749514692
CD9,-0.717085070249539,5.37943259864702,4.16774155868727,0.0412006843030687,0.654460936806317
CYP4V2,0.986849120574244,4.47822038638902,4.16738705745199,0.0412093063736484,0.654460936806317
PRH1,0.823620044923669,5.4866215299652,4.16330145057023,0.0413088121527429,0.654846251667253
ADIPOR2,0.615673599242221,5.18269348695643,4.15625122495113,0.0414811158150056,0.65568028980212
LARP1B,0.737128067779566,4.81331163630969,4.1549865387274,0.0415121038355703,0.65568028980212
MAP3K10,1.01527252451929,4.01119590424249,4.15041939583329,0.041624213072326,0.656260011537052
NELFCD,0.461998355455058,5.85770877137191,4.14361067304086,0.0417919371407107,0.656330353401592
TMEM107,-0.636725406874613,5.54088781776796,4.14275838351382,0.0418129821439015,0.656330353401592
DYRK1A,-0.502869102204087,6.18727310564229,4.14106141474561,0.041854917400653,0.656330353401592
CD300A,0.880360900047959,4.67534405372375,4.13709532969448,0.0419530991879245,0.656686730634005
XAB2,-0.665898118086427,5.14160496707429,4.13255809807613,0.0420657167964597,0.656744530396396
LINC02694,0.908210763097027,4.44173736297712,4.12542321575008,0.0422434531982741,0.656744530396396
RPS27,0.205129662097611,13.0838754481694,4.12482716842403,0.0422583369594175,0.656744530396396
TET2,0.599323359918343,5.11026603642977,4.1192569753432,0.0423976957200981,0.656744530396396
SEC24C,0.866264975466405,4.92840719604461,4.11787867664142,0.0424322534078221,0.656744530396396
RARA,-0.587763196166649,5.30626376024654,4.11359722122131,0.0425397900898284,0.656744530396396
TOP3B,1.14258229385108,4.23450096651981,4.10745517897469,0.0426945594601145,0.656744530396396
RPTOR,1.02074483170647,3.9727169960137,4.09894460828322,0.0429099910674157,0.656744530396396
RNF14,0.751100409204919,4.79918512786747,4.09752233139226,0.042946105084247,0.656744530396396
UBE2Z,0.467754709496926,5.99080911494327,4.0924624708011,0.0430748428473057,0.656744530396396
DPY19L4,0.96500196977005,3.88223081541753,4.09146446777112,0.0431002828692602,0.656744530396396
BTBD1,0.625915705363618,5.1605873495802,4.08609123015516,0.0432375235121612,0.656744530396396
ACTG1,0.194443322117117,10.5076916238474,4.07654179782058,0.0434825660895999,0.656744530396396
SPINDOC,1.11259341124775,3.88329124559049,4.07422062205247,0.0435423488865489,0.656744530396396
HCG11,0.968270325218409,4.14641495987368,4.07376142195159,0.0435541860078567,0.656744530396396
VCPKMT,0.800291669772742,4.44726714610892,4.07343278106443,0.0435626596916387,0.656744530396396
CAPN12,0.727164661039926,5.39814058361677,4.07143150526887,0.0436142980832515,0.656744530396396
USF1,0.841855617290491,4.42141027593559,4.07118973550671,0.0436205407630882,0.656744530396396
THOC7,0.47096173367337,6.62522776415969,4.06754617629284,0.0437147341674786,0.656744530396396
ILRUN,0.770693048370492,4.48442534862828,4.06752421935652,0.0437153024471264,0.656744530396396
MRPS28,0.636725514951109,5.01679208343923,4.0631315145665,0.0438291489543634,0.656744530396396
ST3GAL1,0.427117050756911,6.42271095445329,4.05804103617103,0.0439614701398607,0.656744530396396
SAMD10,0.835807253004293,4.43120059263893,4.05756650386206,0.0439738264682258,0.656744530396396
GPX4,-0.174667265416064,8.38002739314345,4.05582625880281,0.0440191719289977,0.656744530396396
MRTFB,1.2575927322777,3.49218422903866,4.05387961903019,0.044069953718957,0.656744530396396
C3orf62,-1.23195158408984,4.49875125741461,4.05329148249449,0.0440853085003458,0.656744530396396
RIC8B,0.810538386898813,4.36894901214005,4.05290396686616,0.0440954286460024,0.656744530396396
MAP4K4,0.484382859530332,6.15787493429565,4.05112425554857,0.0441419380198804,0.656744530396396
CPSF6,0.490861239972067,5.74824413526451,4.04805491915808,0.0442222706367116,0.656744530396396
PLCXD1,1.07991911034039,3.88485877721971,4.04173740978017,0.0443881011837058,0.656744530396396
RPL13A,0.216320728197564,11.774107901786,4.03599722984433,0.0445393448282657,0.656744530396396
CCDC85C,-1.16940111482935,3.72293270029726,4.03282023745833,0.0446232861191116,0.656744530396396
OSBP,0.510708881863271,5.64418167895074,4.03045464640206,0.0446858970406464,0.656744530396396
PDIA3,0.356373418930653,7.90067552118818,4.02894766020403,0.0447258311911862,0.656744530396396
POM121C,0.603606842912931,5.20719381439569,4.02545825785216,0.0448184423754858,0.656744530396396
DPM1,0.66687170054113,5.47971524881652,4.02533056195308,0.0448218353414782,0.656744530396396
THAP12,0.450113268986455,5.83869697730363,4.02048860230065,0.0449506892386598,0.656744530396396
PPCS,0.344595814162462,6.52006485512311,4.01912649832793,0.0449870077124632,0.656744530396396
SNAPC4,1.25762933447133,3.7378725851948,4.01516724444642,0.0450927508814738,0.656744530396396
COQ5,0.830747708419948,4.59020748187626,4.01381274125922,0.0451289868184369,0.656744530396396
PLK3,0.6304772321449,5.49741657469983,4.01216123803675,0.0451732096537309,0.656744530396396
COPS3,-0.564693341662556,5.7357277050073,4.01137781286053,0.0451942036406934,0.656744530396396
VIM,-0.303779624528251,10.4975779496849,4.00975721752707,0.0452376644774296,0.656744530396396
GTF3A,-0.244688808478747,8.18695380925743,4.00709198581152,0.0453092359396966,0.656744530396396
KDM5D,0.852505917558154,4.9952315278267,4.00108558389586,0.0454709679739123,0.656744530396396
SLFN5,0.344542214669987,8.4898942507912,4.00050387829221,0.0454866635999816,0.656744530396396
TSPYL1,0.588005094315624,6.22988532901533,3.99945547132555,0.0455149662127758,0.656744530396396
C1orf162,1.00161082571944,5.08792140980462,3.99601612019248,0.0456079446687834,0.656744530396396
COX7A2L,0.242509021376615,7.5379805852759,3.99281585326434,0.0456946395171282,0.656744530396396
TRGV8,1.3180364507127,3.73530727198359,3.98460134148176,0.0459179654295823,0.656744530396396
PLA2G6,1.09478142025687,4.00912310468567,3.98422214613666,0.0459283022492933,0.656744530396396
GYS1,-1.18655587611065,3.67100239456741,3.98068027646914,0.0460249716916132,0.656744530396396
UVRAG,0.825812923267787,5.33836541572493,3.97710871311653,0.0461226687186688,0.656744530396396
ADORA2A,0.805371561448578,4.32266250155053,3.9658202574785,0.0464328943490503,0.656744530396396
TAF6,-0.757758532898594,4.92780409049312,3.96504795278785,0.0464541987976907,0.656744530396396
PSME1,-0.192152936598497,9.41029665727129,3.96093813624958,0.0465677437860886,0.656744530396396
CNN2,0.380549359415797,7.2886503601864,3.95267872922537,0.0467968183728668,0.656744530396396
ARL17B,0.821642186115918,4.46977972127996,3.95228790680063,0.0468076872247811,0.656744530396396
RRP7A,0.645412971870937,5.90057099807953,3.94960974085497,0.0468822392191581,0.656744530396396
TYK2,0.63271621549711,5.07669952809884,3.94801274128886,0.0469267544090547,0.656744530396396
TTC4,1.10074396759623,4.07867449127389,3.94405171568144,0.0470373575629958,0.656744530396396
F11R,0.97516302109548,3.87012096401707,3.94288672050814,0.0470699398461993,0.656744530396396
RSU1,-0.563338661617702,5.9547366538591,3.9414778795934,0.0471093737411468,0.656744530396396
RIN3,0.556841770856632,5.64290789106719,3.93787040350091,0.047210507024365,0.656744530396396
CPSF2,0.58529861047236,5.59840554470316,3.93725670625977,0.0472277344105474,0.656744530396396
INTS1,0.632721484223738,5.14905156165033,3.93533701963079,0.0472816656633296,0.656744530396396
ZNF550,0.919309950367573,4.04566724863873,3.93367249695456,0.0473284809743487,0.656744530396396
PABPC1,0.231478948302451,9.23605921677335,3.92738453627893,0.047505773851874,0.656744530396396
SUGP2,0.48879584016912,5.96662043709179,3.92625713137387,0.0475376357131633,0.656744530396396
STK32C,0.977015162651566,4.36482213832073,3.92430951451582,0.0475927309014999,0.656744530396396
TMED4,0.302174505312674,7.08944041263186,3.92395718204817,0.0476027050567562,0.656744530396396
GTPBP6,0.80619492318113,6.09884211673641,3.9225795251027,0.0476417262243698,0.656744530396396
LIPE-AS1,1.10968621230669,3.81054918960574,3.92064846985596,0.047696478819936,0.656744530396396
LINC00944,0.978612911792432,3.856217736262,3.92032247494533,0.0477057285350876,0.656744530396396
DNAJA4,1.11005732159509,4.0040807106887,3.91965761698421,0.0477245989494881,0.656744530396396
CD48,0.265165639771221,9.51417296627825,3.91313242721882,0.0479102194427182,0.656744530396396
UPF3B,0.532234754724261,5.4287935961734,3.9128066030188,0.0479195080293912,0.656744530396396
PPP2R3B,1.12302409477029,4.09081302224296,3.9117080781946,0.0479508387480046,0.656744530396396
KATNBL1,0.463923259936496,5.85686411613332,3.91146572005604,0.0479577538864623,0.656744530396396
ARID4B,0.261316788107099,7.80308427499831,3.91020508412052,0.0479937402426873,0.656744530396396
IER5L,-0.877561011070679,5.77385895468609,3.90625463537337,0.0481066951849124,0.657256778954933
DNAJC1,0.391445628387263,6.74354820376714,3.8994196254258,0.0483027913268405,0.65890155629701
POMP,-0.233689881081651,8.04452271250613,3.8916489848792,0.04852675589138,0.659210790289397
IFNAR2,0.573179354907667,5.68893174049252,3.89077195550789,0.0485521022882807,0.659210790289397
ATRN,1.13265523156184,3.82436945946198,3.88945289967554,0.0485902496933287,0.659210790289397
ELOVL1,-0.464161482283676,5.76088237876134,3.88119791016658,0.0488297056963013,0.659210790289397
WDR26,0.443980874520552,6.17017876848883,3.88103618749088,0.0488344092786824,0.659210790289397
CKS1B,-0.525145961799243,5.51401760228763,3.87900020561191,0.0488936652169046,0.659210790289397
GNB1L,-1.14172316165666,4.24154928434102,3.87801558485073,0.0489223491984088,0.659210790289397
NCOA6,-0.693279064054991,5.23719263521239,3.87770425502895,0.0489314225585373,0.659210790289397
THEM6,0.723468178154201,4.6783351948642,3.87200788398966,0.0490977509912432,0.659283418952545
HP1BP3,-0.228114402565986,8.41385782963431,3.87162467292372,0.0491089617889386,0.659283418952545
TBC1D25,-0.782684972239178,4.2255222316682,3.86974214080151,0.0491640743307138,0.659283418952545
MT1F,0.859411966589313,5.37089804779638,3.86530938270878,0.0492941047891705,0.660010144584848
LPCAT1,0.689301291629088,4.96883852278047,3.85640793052619,0.049556318133098,0.66012623803665
JAGN1,0.521052471911548,5.59791305941459,3.85544435792855,0.0495847906878634,0.66012623803665
DDX5,-0.193146653082439,10.9961910157021,3.85187134511662,0.0496905203859687,0.66012623803665
MANEA-DT,1.23194114216224,4.30234795650165,3.85039661916982,0.0497342286916141,0.66012623803665
LARP1,0.403998713319875,6.62976578524182,3.84541779329015,0.0498820926978659,0.66012623803665
SENP6,0.333148571020841,6.75396585621669,3.84499124763451,0.049894782075311,0.66012623803665
SNHG12,-0.481200056536515,7.03239273864509,3.84436899779448,0.0499132996060952,0.66012623803665
HCST,0.241730592640509,9.88294021840878,3.84280507004788,0.0499598725928162,0.66012623803665
CASP4,0.351960129048752,7.13158833356451,3.83651563102261,0.0501476330913022,0.66012623803665
CMC4,0.888467030662081,4.52388734750975,3.83645546472378,0.0501494328501915,0.66012623803665
ELAVL1,0.430990706974704,5.91533976785366,3.83419756022211,0.0502170230816128,0.66012623803665
RPS18,0.219911479816085,12.4699076942985,3.83409922107036,0.0502199690448352,0.66012623803665
ASTE1,0.732175892208453,4.54275449626487,3.83038835350498,0.050331269745739,0.66012623803665
LACTB,-0.652316861917693,4.92808223313271,3.82927607120925,0.0503646813807119,0.66012623803665
CDC42SE1,0.30956295335498,7.65315892420958,3.8254554382895,0.0504796273101179,0.660637889443543
ZNF107,0.651436635385551,4.58843078489253,3.82155083916499,0.0505973859429025,0.66095436322156
SGSM2,0.822640277348169,4.55293535029858,3.81611542088903,0.0507617961773471,0.66095436322156
GRAMD1A,0.571579416325626,5.93564801826379,3.81417840558605,0.0508205233222763,0.66095436322156
INTS6,0.344113699659608,6.57354248729275,3.81397334960448,0.050826744488287,0.66095436322156
KBTBD7,1.02042379168003,4.02298367302768,3.80864073850238,0.0509888129176278,0.66095436322156
SLC38A9,-0.64294055388732,4.62073399228494,3.80827492430969,0.0509999507308819,0.66095436322156
RCAN1,1.09054330275202,3.83658635154723,3.80711025111341,0.0510354282528885,0.66095436322156
AEN,0.806902745502061,4.4390587657021,3.80079663119737,0.0512282043667134,0.662465174745181
ATP2B4,-0.397467107400166,7.45956356431996,3.79795007979998,0.0513153708914572,0.662607823246812
TRG-AS1,0.556620228660488,7.81771825257266,3.7949353002307,0.0514078599206484,0.662818673910226
ZNF780B,0.862150084155264,4.17029643125307,3.792392684552,0.0514860006997399,0.662844177647686
LSR,0.949277634545038,4.02743232654604,3.78041091420686,0.0518559243796204,0.666620546345401
COX15,0.748970272253379,4.51829302763725,3.77266448214124,0.0520965825447112,0.667866281637953
JHY,-0.769942171613228,4.63712712021992,3.76979564420776,0.0521860082612232,0.667866281637953
COMMD4,0.562153217658772,5.29040536636904,3.76714136111059,0.0522688906729838,0.667866281637953
WRNIP1,-0.676225230990255,4.90220185249874,3.76309529906733,0.0523955007756179,0.667866281637953
MSL2,-0.48761626370941,5.41692168947578,3.76069133901023,0.0524708796010745,0.667866281637953
YBEY,-0.634456471404369,4.89217401338756,3.76041973993214,0.0524794031036056,0.667866281637953
CHKB,0.579010282864974,5.18497320042404,3.76008189390151,0.0524900076571711,0.667866281637953
CRY1,0.700633944897341,4.94096365934864,3.75099253020816,0.0527761641607072,0.668242047818145
ANAPC4,-0.562025874256452,5.00921638986516,3.74865315044686,0.0528500807260703,0.668242047818145
CNOT4,0.502405205106365,6.40189264106594,3.74778821277112,0.0528774376038915,0.668242047818145
MED7,0.775124918122559,5.03463698626562,3.74627193665095,0.0529254316702226,0.668242047818145
HIGD2A,-0.26741415793749,7.99252659179779,3.74542278081721,0.0529523297955051,0.668242047818145
ARL17A,0.921486148071723,5.42720553730815,3.74297411520794,0.0530299755658325,0.668242047818145
MRI1,0.668146758458668,5.205158589088,3.74212208707216,0.0530570211469997,0.668242047818145
RRAS,0.718657508372717,4.67630618204673,3.73181012148009,0.0533855102025561,0.671300702178013
PYHIN1,0.516571729499568,7.03422937297028,3.72767282561861,0.0535179090928018,0.671300702178013
HEG1,0.717157888663603,4.81155252316516,3.72235802681696,0.053688500149018,0.671300702178013
TP53BP2,-0.597460442690525,4.98701564725182,3.72089209891309,0.0537356538485096,0.671300702178013
ALG9,1.09122388912223,3.88558333431017,3.7202849565444,0.0537551963095387,0.671300702178013
SPIDR,0.766429353669516,4.68206613881281,3.71913711160856,0.0537921632671146,0.671300702178013
NDUFB3,0.338354476879158,7.18473271129592,3.71704332755455,0.0538596640786045,0.671300702178013
RPS17,0.368607066591362,9.53365713231702,3.71220375230246,0.0540160291843678,0.671300702178013
POT1,0.885443146952965,3.96636954054285,3.71136386906776,0.0540432144783301,0.671300702178013
ADAL,0.941492163843986,4.20802192801193,3.71049923872144,0.0540712159286208,0.671300702178013
TIMM21,0.830506867106594,4.1897461202016,3.7030198078843,0.0543140833444953,0.673355366591372
ZNF649,1.10131680514675,3.78620748166659,3.69747004356951,0.0544950387824317,0.673663068605431
RBM17,-0.319519086424182,6.9148664836067,3.6963958605167,0.0545301373016024,0.673663068605431
UBE2S,-0.443153771652224,6.64347451321299,3.69400436352254,0.0546083646231318,0.673663068605431
CDK2AP2,0.281768797236026,7.17953855973284,3.69277797900657,0.0546485265351527,0.673663068605431
RAB27A,-0.304894048047515,7.50790677201887,3.68911273923857,0.0547687433324543,0.674190061134865
LINC00852,1.04392342086972,3.69575638561517,3.68557653417407,0.0548849936178337,0.674280872367203
TMCO4,0.820991236513589,4.22195238165555,3.68417701159536,0.0549310741707856,0.674280872367203
XYLT1,0.782169815366411,4.29562313314701,3.67695144356137,0.0551696359744805,0.676255411106907
SSB,-0.249621797142364,7.62571478821175,3.67448997526119,0.0552511552850756,0.676302115957824
TRAPPC12,0.602101780585057,5.08392428109204,3.66744517951029,0.0554851726653949,0.6782127214985
PLCB2,0.803971932013897,5.07463764464113,3.66099004249714,0.0557005254495314,0.678837580368567
TFE3,0.890519509543982,4.06336315974571,3.65928384195087,0.0557575947908418,0.678837580368567
FAM204A,-0.310152278948585,7.14660771126878,3.6589044215915,0.055770294147251,0.678837580368567
KCMF1,0.382535750136183,6.15481534943919,3.65398811160721,0.0559351227972125,0.679108961350586
PRRC2A,0.523345831429243,5.75258242915191,3.65358523783273,0.0559486527965494,0.679108961350586
MPHOSPH9,0.422798298568972,5.89154880280377,3.64876261985648,0.0561108840438633,0.679972096041969
SNTB1,0.598665003738214,5.008549448829,3.64558164545725,0.0562181640586238,0.679972096041969
CLIC5,0.981033754211743,4.01317191513829,3.64451592187952,0.0562541547914763,0.679972096041969
ERAP2,0.456084406534783,6.57699262867048,3.63798875265094,0.0564751190309982,0.681696201008013
GTF2H2,0.931116586151529,5.18118172220358,3.63418480748905,0.056604318609734,0.682309397313732
AUP1,-0.383794548758512,6.3615627300797,3.63184298723861,0.0566840136314577,0.68232499396207
RALGPS1,-0.876870990915666,4.02154455930475,3.62603663714419,0.0568821250030791,0.683586476552188
HSPA1B,1.38035688224753,5.59787023626889,3.62417195954145,0.0569459031943395,0.683586476552188
NCF1,0.578857424236162,6.72463283075538,3.61560309195531,0.0572399645548521,0.686169988320768
ATP10A,-0.623091229619083,5.01780624138789,3.61271347712443,0.0573394918053398,0.686417602726097
ZNF622,0.529595689655963,5.58205251066014,3.60985841311183,0.0574380095051526,0.68665246802657
HPS5,0.838101833567066,4.48646510517421,3.60748535702653,0.0575200316784669,0.686689760902192
POLD2,0.590816356739585,5.18966899804968,3.60459400487766,0.0576201363406632,0.686942529551769
NDUFV2-AS1,-1.02798554832263,3.98446546481675,3.6002376451769,0.0577713121746047,0.687802640021319
BMS1,0.489184175361257,5.46098305404854,3.59695484442066,0.0578855113244159,0.688220771934961
ZDHHC24,0.582430192415949,5.34497039020596,3.58711283848036,0.058229325694754,0.691364012989691
MORF4L2,-0.409925732809013,5.9351219551195,3.58027897881919,0.0584693312233416,0.693267833292564
OTUD6B,-0.698082140512013,4.75716306869907,3.57544066391924,0.0586398885331472,0.693524042540685
SBNO2,0.59038169080639,5.13340111243196,3.57514536189006,0.0586503154440933,0.693524042540685
STRN4,0.789165604750462,4.48170124546346,3.56976163008,0.0588407571251769,0.694593519161952
IFT74,0.894310294761428,4.22930405754689,3.56620284063946,0.0589670048680036,0.694593519161952
QTRT1,0.814594492018667,4.53826156969329,3.56508572596267,0.0590066937630263,0.694593519161952
CCDC50,-0.718651314205907,5.30181607808487,3.563586504968,0.0590600027783344,0.694593519161952
WDR33,0.438333653935577,6.44181342737876,3.5613056150445,0.0591412044468453,0.694609854657078
CBFA2T2,0.650173270049681,5.21003385538583,3.55889299239794,0.0592272250960504,0.694682668478338
EID1,0.22708432561189,7.71466938770042,3.5532847449605,0.0594276982851842,0.69609590602417
TCAIM,-0.885920405264472,4.24651741424071,3.55002579188669,0.059544524609896,0.696526878602049
OXLD1,0.463480181609055,5.78437946669718,3.54690700901301,0.0596565548453311,0.696900666871029
SLC27A2,0.867782887081629,4.52168892532398,3.5414346389279,0.0598536706881608,0.698266080427699
BCL2L11,-0.479180350052501,6.33126321699435,3.53641605767749,0.0600350499604345,0.699036222563965
OSGEP,0.593955544056297,5.45613426439704,3.53341024075465,0.0601439646990471,0.699036222563965
ZW10,1.07776199269673,3.66173831742686,3.53221298279802,0.0601874054451342,0.699036222563965
IFT80,-0.585139187723832,4.94145748359069,3.52905126803969,0.0603022841616755,0.699036222563965
PDS5A,-0.329759354767451,6.6114576715682,3.52849878498629,0.0603223821820877,0.699036222563965
NFE2L1,0.581976847541725,5.22285359385481,3.52632267692097,0.0604016131642079,0.699036222563965
NMRK1,0.360904905276885,6.43641069877119,3.52165729651862,0.0605718506783844,0.699160053972387
ISCA2,-0.681641018477383,5.50553165060954,3.52162628150179,0.0605729841083741,0.699160053972387
TMEM19,-0.66187420029501,4.61431696911519,3.51616404532635,0.060772951528818,0.700184897082878
ZNF273,1.04684266623429,3.92323918644967,3.5148086560513,0.0608226797879646,0.700184897082878
KAT8,0.550392852938308,5.30824454851056,3.51175886218605,0.0609347329559671,0.700548191434322
TLK1,0.394348687385735,6.71053185258203,3.50140154257049,0.0613169167084433,0.704012039727681
U2AF2,0.535141532180515,5.85590822204716,3.49378781705029,0.0615994892670099,0.704260987106016
GTPBP10,0.727789721093918,4.79644167057345,3.49371927824441,0.061602039274893,0.704260987106016
KSR1,0.974617552686845,4.08611290956144,3.49281860018469,0.0616355597320411,0.704260987106016
RRAS2,0.582383111918589,5.085353647956,3.49210086115511,0.0616622856687101,0.704260987106016
UBE2L6,0.365128075927309,6.84692911149217,3.48789216014666,0.0618192506150921,0.704286646713509
RMND1,0.844431483176684,4.84940761572514,3.48770123038354,0.0618263814878916,0.704286646713509
RPS14,0.146164888524581,11.8931681479426,3.48424503041469,0.0619556157183826,0.704836239996188
YTHDF2,0.451261806704889,6.33313196204103,3.47473249811986,0.0623127963096175,0.704854674825459
TCERG1,0.451164741077095,5.83404135246818,3.46806857710576,0.0625643222961944,0.704854674825459
ZNF224,0.49769692655192,5.56760847757321,3.46781736516973,0.0625738252827616,0.704854674825459
BEX4,0.701600693206962,5.19645559765716,3.46618599464595,0.0626355751209144,0.704854674825459
OSER1-DT,1.06306310251676,3.76566866301765,3.46154053446812,0.0628117687759492,0.704854674825459
MTHFD2,-0.443165669440018,6.28529847396786,3.46062893579038,0.0628464059651889,0.704854674825459
SNX18,0.830199016187678,4.88341088285969,3.45931914581644,0.0628962085065447,0.704854674825459
HLA-F,0.311595338814319,8.18445106146219,3.45733166058088,0.0629718596092185,0.704854674825459
MINPP1,1.04733134234033,3.83261518525408,3.4567538472008,0.0629938715325644,0.704854674825459
COQ2,-0.902284638961227,4.07195722507878,3.45428780775015,0.0630879080560459,0.704854674825459
MAP1S,0.791761176571555,4.63948566454882,3.45019595389352,0.0632442713860129,0.704854674825459
CARF,0.691652907781538,4.48234576937247,3.44950152708387,0.0632708487183138,0.704854674825459
F2R,0.523713941727728,5.68374645000562,3.44798510848236,0.0633289269862337,0.704854674825459
RASSF5,0.526303444257171,6.8045808336687,3.44779967068724,0.0633360330835383,0.704854674825459
LENG8-AS1,0.931907383913821,3.95202324368258,3.4476299511785,0.0633425375908468,0.704854674825459
RFC4,0.788657727762358,4.77017527233103,3.4449885263164,0.0634438621493634,0.704854674825459
DDB1,0.406270704544191,5.91053024886332,3.44406121396502,0.0634794746428687,0.704854674825459
ZNF286A,0.966067737315046,4.03629212566745,3.44274981604433,0.0635298739398355,0.704854674825459
DDX42,0.465648221526739,6.2268082051596,3.44204373051954,0.0635570276984917,0.704854674825459
GALNT6,-0.493327705093788,5.54020676016864,3.43705821192889,0.0637491070734584,0.704854674825459
ZDHHC18,0.475715827495453,5.59908765297702,3.43638510632565,0.0637750875115032,0.704854674825459
DSTN,-0.365364385321458,7.76788999851168,3.43119558832791,0.0639757713154361,0.704854674825459
CHST11,0.462445048504618,6.25955046401141,3.42929194772472,0.0640495557227922,0.704854674825459
DHX15,-0.452478583875278,5.76144020411234,3.42738214843614,0.0641236700441728,0.704854674825459
TIMM22,0.729463347381367,4.91280192665326,3.42424607464132,0.064245571373567,0.704854674825459
GPX7,0.821678019671553,4.32791306187309,3.42393678524253,0.0642576070476231,0.704854674825459
ANKRD54,0.781766024036325,4.33073426011803,3.42015439772455,0.0644049894231922,0.704854674825459
TRAF3,0.611647290496105,5.20444664070395,3.4192192710461,0.0644414826100766,0.704854674825459
ZRANB2,0.238943179318248,7.63938499114518,3.4148963627377,0.0646104704306223,0.704854674825459
XYLT2,0.968460664209479,3.9166078480671,3.41386693805995,0.0646507815690219,0.704854674825459
BCR,0.830249155857098,4.50497221541562,3.41294931921554,0.0646867371350528,0.704854674825459
LRRFIP1,-0.293917584559077,8.94212517299324,3.40956207844219,0.0648196461164759,0.704854674825459
HNRNPAB,-0.378855691099534,7.33458607942483,3.40617236924703,0.064952943708841,0.704854674825459
FBXL15,0.545390336047722,5.74599640533282,3.39584394491725,0.0653609075337208,0.704854674825459
CCNK,-0.41481314586892,6.03164246748355,3.39514129201609,0.0653887608983521,0.704854674825459
PLEC,-0.385061904149941,6.91459656558278,3.39401231161799,0.0654335405459866,0.704854674825459
AKIRIN2,-0.333897474329928,6.52591436869225,3.39355414711649,0.0654517224261252,0.704854674825459
RFLNB,0.450124518677961,7.0725296312627,3.39309849874118,0.0654698098048377,0.704854674825459
FAM107B,-0.400733640000034,8.86759458514537,3.38736377174966,0.0656979118071539,0.704854674825459
ORAI3,0.878035969560184,4.24979699279442,3.38674057565497,0.0657227508475894,0.704854674825459
RAF1,0.490637802609275,5.93789511513104,3.38479809300942,0.0658002377128542,0.704854674825459
RPS11,0.151873779975967,10.9220802504343,3.38464362987786,0.0658064035304942,0.704854674825459
MPLKIP,-0.319971482075618,6.41552977059306,3.38394591958357,0.0658342622298177,0.704854674825459
GOLPH3,-0.3934685021388,6.06658995097074,3.38194116742612,0.0659143795763681,0.704854674825459
GNPDA1,0.770787032419896,4.43163584685886,3.38014137985656,0.0659863944695194,0.704854674825459
RGS14,-0.588161884061415,5.98335158027072,3.38006944381776,0.0659892745916142,0.704854674825459
ARL14EP,0.507770262253317,6.08556782626167,3.37887082572002,0.0660372837382643,0.704854674825459
BTN3A3,0.512742542195255,5.43541743925243,3.37816042345037,0.066065755615216,0.704854674825459
PIK3CB,0.791121820870476,4.4203190189081,3.37790670524037,0.0660759274443566,0.704854674825459
OFD1,0.471740911770998,6.6397671558707,3.37504946028919,0.0661905929369342,0.704854674825459
HNRNPH3,-0.271355540734105,7.36942480860051,3.37460768838447,0.0662083408620552,0.704854674825459
ADAT1,0.693988490574997,4.67993738313302,3.372489744752,0.0662934986186723,0.704854674825459
OTUD3,0.943470816337029,3.9914239676706,3.37230472781834,0.0663009432882598,0.704854674825459
UNC119,0.669439268507679,4.78043630455319,3.37156572270315,0.066330688116977,0.704854674825459
KCNN4,0.848635824174343,4.15811795272303,3.36571043158654,0.0665668670767986,0.706501761182169
VPS51,0.432126786176027,6.00144266645721,3.36303168651826,0.066675216267918,0.706789777319964
SHQ1,1.09627687693953,3.81475011955457,3.35684890006586,0.0669260160124904,0.707505091971156
SNRPN,0.422248129244285,6.91120363463461,3.35662108754257,0.0669352762769588,0.707505091971156
COG4,0.648958326234836,4.95243987485069,3.3514948245243,0.0671440142490849,0.707505091971156
SENP2,0.62020415532102,4.87831589578777,3.35017147255707,0.0671980131441433,0.707505091971156
SORL1,0.674147754162022,5.45506581514227,3.34938644413618,0.0672300678737187,0.707505091971156
CTDSP2,0.594810618976276,5.64662977018734,3.34934278649984,0.0672318510069169,0.707505091971156
TMEM126B,0.438952270269054,6.24504593000901,3.34738767826586,0.0673117564233157,0.707505091971156
LLPH,-0.544445308021386,6.53770248864636,3.34090429624185,0.0675774599658347,0.709441054381977
SERTAD3,0.750824981969556,4.68393879822051,3.33851291352841,0.0676757470390278,0.709616899374288
ETV3,0.658002278824187,4.65287447514078,3.33038979970995,0.0680107541742757,0.711974476067967
AKTIP,0.462161934209807,6.11927634508167,3.32651739207946,0.0681710807406977,0.711974476067967
TTC22,0.943442562104748,4.00760651603432,3.32447590021594,0.0682557658545807,0.711974476067967
PLGRKT,0.452106257037521,5.75963532191084,3.3239605012489,0.0682771634040818,0.711974476067967
SLC25A11,0.51915138162047,5.83338856151832,3.32122389553301,0.0683908978745249,0.711974476067967
WDR75,0.62797803740666,4.75082789663078,3.31981057076173,0.0684497155732743,0.711974476067967
SEMA4A,1.07767102140793,3.79706973886794,3.31924558891052,0.0684732433033309,0.711974476067967
BRCA2,-0.75690479636499,4.22122344993752,3.31512009132756,0.0686453052137982,0.712110321877427
CEP85L,0.421623364766576,6.23443960609926,3.31500875314286,0.0686499551942045,0.712110321877427
CCDC144A,1.14237853908691,4.69836094242102,3.31157034113955,0.0687937246741022,0.712752125998466
METTL14,0.51264055380035,5.46015258321796,3.30524727907995,0.0690589508726024,0.714649285902805
HEMK1,0.703891738447356,5.17395151285898,3.29945051343875,0.0693030626120148,0.714942838600735
CXXC1,-0.578616331261304,5.06950571958941,3.29920472145449,0.0693134337203686,0.714942838600735
ITGB1,-0.400306291911503,9.2026634041995,3.29872299352044,0.069333764883261,0.714942838600735
C1orf50,-0.590424473790416,4.98939586936182,3.2908571708857,0.0696666438014894,0.716386319382715
P2RX7,1.32489658205575,4.13954477188135,3.29059225263333,0.0696778847867834,0.716386319382715
INO80E,0.49550172404517,5.39773248652547,3.28958374500329,0.0697206954518166,0.716386319382715
JMJD6,0.486876313000187,5.60822939437822,3.28697484749853,0.0698315725919448,0.716679453145867
SLC7A6,0.565381055225868,5.2096963390148,3.28502654492876,0.0699144978231518,0.716685364611178
LINC00513,-0.667749571982986,5.69797351064672,3.28279082204384,0.070009786398652,0.71681784826761
PSMC3IP,-0.916639214647111,3.86262699631052,3.28070422657724,0.0700988444850067,0.716886302647489
OGT,0.339764179634846,7.19181085195264,3.27507643475113,0.0703396499339277,0.717823151492907
FYTTD1,-0.44336371512087,6.31290470607252,3.27072976071303,0.0705262444386644,0.717823151492907
LSM8,0.207456838667269,7.69927962402579,3.27044163616397,0.070538631802743,0.717823151492907
HS1BP3,0.824536147384127,4.21075051890088,3.26805332057838,0.0706414026315064,0.717823151492907
ZC3H12D,0.730734091389801,4.54648517977936,3.26637113548017,0.0707138844494728,0.717823151492907
S100A11,-0.39063084483084,9.67245006863087,3.26027791035995,0.0709770963730963,0.717823151492907
TADA2A,0.668186784375472,4.549070850772,3.25950592456559,0.0710105190509845,0.717823151492907
THAP11,0.43802147815887,5.83312530966597,3.25823543941652,0.0710655606867044,0.717823151492907
CRTC3,0.502412717193768,5.572979235754,3.25784756343715,0.0710823738690568,0.717823151492907
TACC3,0.678118314609951,4.76401212839184,3.25783999736095,0.0710827018766222,0.717823151492907
PSMG3,-0.537433997937638,5.59710869457978,3.25496280308681,0.0712075528056479,0.717823151492907
IL27RA,0.463477268336213,6.27567720098963,3.25382876005293,0.0712568272077181,0.717823151492907
TSR1,0.637662833393313,4.71820067004678,3.25356449554656,0.0712683148030562,0.717823151492907
PHACTR4,-0.357813704543376,6.1717836512022,3.25108897810198,0.0713760221298652,0.717823151492907
GLOD4,0.449308939958173,6.3289579744652,3.2478100821933,0.0715189522931937,0.717823151492907
ZNF557,0.816316813652855,4.13680719474972,3.24767094320721,0.0715250242734007,0.717823151492907
SIAH2,-0.425562308644108,5.82272434071175,3.24153269748869,0.0717934459733393,0.717823151492907
LRBA,0.379937282496138,5.96691109356232,3.24111926370429,0.0718115639493898,0.717823151492907
BCLAF3,0.685775734993415,4.66566710352429,3.23739471503201,0.0719750066083662,0.717823151492907
PIKFYVE,-0.563277710648058,5.0476619027626,3.2363668173726,0.0720201835548329,0.717823151492907
SLC25A53,-0.591237245669563,4.77378501585498,3.23559611407968,0.0720540765403235,0.717823151492907
NDUFS7,-0.380624575840889,7.3831774680506,3.23416237878457,0.0721171729895942,0.717823151492907
MRTO4,0.605766994215899,4.93027137993692,3.23367014858412,0.0721388489298131,0.717823151492907
ANTXR2,-0.591938160058566,5.2189313960218,3.23126152687146,0.0722450162127332,0.717823151492907
HLA-E,0.14718417108922,10.2624437145221,3.22669580366328,0.0724467243547425,0.717823151492907
MTFP1,0.700028532822305,4.78927305317724,3.22481191838016,0.072530128067922,0.717823151492907
GNAQ,-0.616979808932558,5.01449954218731,3.22479646916444,0.0725308124639727,0.717823151492907
UFC1,-0.347496285475161,7.56682927275785,3.22173705188202,0.0726664804111426,0.717823151492907
ZBTB21,-0.677085877869916,4.40510504403705,3.22171380058112,0.072667512517071,0.717823151492907
ZBTB33,0.760439182921924,4.40537518525135,3.21533902638743,0.0729510774701117,0.717823151492907
SWT1,-0.926049948211865,3.90887078438959,3.21501286360539,0.0729656178419221,0.717823151492907
SNRNP48,0.644531930908991,4.88566797330491,3.21372361653749,0.0730231230558832,0.717823151492907
HLA-F-AS1,0.819176576926544,3.6695769811344,3.20990359364095,0.0731937959404569,0.717823151492907
SRRM2,0.18391766375938,8.36190848714826,3.20821167097363,0.0732695252208783,0.717823151492907
SNX27,-0.50971572495062,5.38952998681966,3.20655282823844,0.0733438554956,0.717823151492907
SELL,-0.840441854000247,4.5852596213857,3.20354471402613,0.0734788511059479,0.717823151492907
ITPKB,0.385575035420405,5.90099904324093,3.202129731478,0.0735424436891603,0.717823151492907
USP53,0.931537572614022,3.95367097027652,3.20099299816806,0.0735935738938224,0.717823151492907
INO80,-0.741916636088897,5.42703162699834,3.19308044006825,0.0739505391981419,0.717823151492907
SMARCA2,0.345967436614105,7.18076402047703,3.1927767525546,0.073964276668365,0.717823151492907
RHOA,-0.211487934186751,8.78967441316489,3.19077122468219,0.0740550666277754,0.717823151492907
TRAPPC6B,0.484988053111129,5.42646710752867,3.18865574354412,0.0741509638312342,0.717823151492907
ATP2B1-AS1,-0.43960986544911,6.13647119334945,3.18668537885637,0.074240402665893,0.717823151492907
ANKRD42,-0.921511586416481,3.8159366272951,3.18056578466305,0.0745189227460507,0.717823151492907
HMGN1,0.198621183571576,8.79289119091488,3.17966305494196,0.0745601034123255,0.717823151492907
DNAJC30,0.891527284893041,4.24586791680039,3.17747492561498,0.0746600228052999,0.717823151492907
BTN2A2,0.797361930267218,4.31298043297507,3.17632107010838,0.0747127707125578,0.717823151492907
ZBTB25,0.406753114125763,5.81407395275374,3.1752635227502,0.0747611510975299,0.717823151492907
PARP2,-0.837640014904114,3.95311071923153,3.17367612825815,0.0748338339546961,0.717823151492907
ACAD8,0.885336639626517,4.4724677653213,3.16863960289364,0.0750649468616926,0.717823151492907
ST6GAL1,0.490853241006644,5.59316803632825,3.16808272946775,0.075090547355113,0.717823151492907
RFT1,0.929619166456798,4.20266687658781,3.16740432130121,0.0751217476978311,0.717823151492907
SCAF4,0.537319030126606,5.24312776845345,3.16669943947559,0.075154180331491,0.717823151492907
GPR155,-0.4117596021278,6.156612145638,3.16290639949888,0.0753289620697013,0.717823151492907
GNL3L,0.492668494337815,5.51967565180343,3.16269916767009,0.0753385238018012,0.717823151492907
MSC-AS1,-0.721888887968331,4.43193809262862,3.15644175897418,0.0756278574202131,0.717823151492907
SRSF1,0.28259608692615,6.73219534770848,3.15619140765068,0.075639458121442,0.717823151492907
USP28,0.670769971310227,5.19048917773011,3.15519076432544,0.075685844719521,0.717823151492907
LEPROTL1,-0.260582775894545,8.25759627617588,3.1531128617676,0.0757822672714252,0.717823151492907
PPP2R5A,0.432633463762522,6.21202759123167,3.152579916438,0.0758070192219641,0.717823151492907
FAS,0.571820328906284,5.13477972802365,3.15169723628278,0.0758480332656255,0.717823151492907
ISG15,-0.370184180325491,8.26307210948697,3.1503776654505,0.0759093920740903,0.717823151492907
RAB12,0.864477289586167,3.89191210744125,3.14884038315855,0.0759809415535169,0.717823151492907
CBX7,0.651196144805062,5.42955877546131,3.14848320374567,0.07599757607291,0.717823151492907
ZNF525,1.14559957588026,4.07454006348625,3.14826254022315,0.0760078547459005,0.717823151492907
ALG8,0.670420161456082,4.64166676815888,3.14680175518805,0.0760759369154349,0.717823151492907
DUSP4,-0.734986093685741,6.29327134692378,3.14672595123345,0.0760794716659277,0.717823151492907
SOCS1,0.540507029779816,7.36937735560127,3.14579612080735,0.0761228441750772,0.717823151492907
DCAKD,-0.89664886396796,4.02839218301247,3.14539166974334,0.0761417183374691,0.717823151492907
HACD3,0.469906232192573,5.50357449070518,3.14534103307697,0.0761440817086156,0.717823151492907
CALM1,-0.129966065486443,10.6738787837688,3.14281797053941,0.0762619408270111,0.717823151492907
MTLN,0.751399205414195,5.70672662463621,3.14272969466159,0.0762660679829645,0.717823151492907
RBFA,-0.758722726784407,4.90680524830705,3.14055386561028,0.0763678703091844,0.717823151492907
ERMP1,1.13745088683229,4.4070098157322,3.13913810274983,0.0764341892426782,0.717823151492907
MBOAT1,-0.777028350613002,4.21303557639069,3.13867092826754,0.0764560868000657,0.717823151492907
TAGAP,-0.362952838648076,6.65991319467223,3.13861029601437,0.0764589292696685,0.717823151492907
PFKL,0.62312982088226,5.52452074709438,3.12315429301184,0.0771872346842966,0.72188530545464
ADAM8,0.542838525559182,6.06896796824916,3.12247730735032,0.0772193051688172,0.72188530545464
RAD9A,0.557801933000327,5.26755846596799,3.12241981987695,0.0772220291528037,0.72188530545464
DDX11,0.830893064216466,4.53503446099653,3.12239096482135,0.0772233964584937,0.72188530545464
ADCK5,0.927710188258113,3.9132197638137,3.1189446294713,0.0773868895979936,0.72231317053392
PRKCSH,0.398099679834403,6.10739142823419,3.11792663801459,0.077435254033377,0.72231317053392
GPATCH4,0.540644463798033,5.51853115705512,3.11616859325376,0.0775188547525444,0.72231317053392
MATR3,0.583535837881284,5.20707466189372,3.1124273158424,0.0776970880379609,0.72231317053392
SF3A2,0.452529841112919,5.78152506743114,3.10978201828145,0.07782337530161,0.72231317053392
C2orf74,0.619034828314525,5.07837855825198,3.10670254890465,0.0779706683909373,0.72231317053392
ZNF382,1.03528483393303,3.81234231595616,3.1041827199782,0.0780914167183111,0.72231317053392
SYS1,0.377850077337161,5.99950596448494,3.10268080961741,0.0781634828736242,0.72231317053392
HSPB1,0.344986942947698,6.86460102102786,3.10234304799983,0.0781796995454229,0.72231317053392
AGFG2,0.587310441240979,4.91216369829218,3.10146283178077,0.0782219776659093,0.72231317053392
RAD51D,0.648907435657593,4.80189754615275,3.10142881565314,0.0782236120060026,0.72231317053392
HSDL2,0.610771328908515,4.74669725266569,3.1005651974441,0.0782651177540488,0.72231317053392
ADO,0.799909647856694,4.5271687232645,3.08399707517395,0.0790659950624359,0.727157117443893
TRAF1,0.57765470542388,5.27500420473357,3.08391683833176,0.0790698949940864,0.727157117443893
SLF2,0.421558088420812,5.86940342094753,3.08306674325742,0.0791112268054743,0.727157117443893
CRIM1,0.59951059823062,5.71237773449164,3.08115533831685,0.0792042447531477,0.727157117443893
MSANTD4,0.705326706256426,4.39644378374567,3.08016654912523,0.0792524101130157,0.727157117443893
ZNF568,0.689078452160059,4.48174456955819,3.07936883608199,0.0792912908714529,0.727157117443893
SFXN4,0.920592359569976,3.88371232503579,3.07301437988313,0.0796017436876482,0.728483360052163
FAF2,0.584069960518198,5.46225221078044,3.07298222708125,0.0796033178685059,0.728483360052163
SH2D2A,0.338187526462385,6.27642279529783,3.06998878464799,0.0797500219572051,0.729059286862979
ZNF322,0.613119632904302,4.64556063855203,3.0632909690332,0.0800793281332629,0.729585743466448
LGALS1,-0.566592083260254,9.22899400406559,3.06287535935445,0.0800998103174947,0.729585743466448
RPS4Y1,0.325613115145225,8.40876949313189,3.06185527469658,0.0801501063366553,0.729585743466448
ZKSCAN1,0.585228771321725,5.96511025381249,3.06165628736357,0.0801599215197146,0.729585743466448
RPP14,0.716618868347999,4.32936743834491,3.06030179126792,0.0802267673787649,0.729585743466448
EDEM3,0.550349465046685,5.27258178195399,3.05698556511153,0.0803906805398078,0.729932427295623
OXNAD1,-0.288926428844966,7.59205254600285,3.05613798781302,0.080432632170114,0.729932427295623
HDAC2,-0.396840238459014,5.80209941793596,3.05234511856897,0.0806206531225315,0.730159325448017
LRRC57,0.606054977064751,4.88046923971159,3.04760934758489,0.0808560813424614,0.730159325448017
DTNB,-0.776067438218045,4.0884204416334,3.04742187530829,0.0808654163472086,0.730159325448017
RANBP10,0.788679980913816,4.13236204925534,3.04737179425887,0.0808679102824131,0.730159325448017
NEK7,0.401765514596916,5.6925040901367,3.04699992069948,0.0808864314300694,0.730159325448017
ZNF561,0.749736000146875,4.33576251484013,3.04550325483847,0.0809610190804707,0.730159325448017
RPS3A,0.145765363490106,11.6816064136724,3.04055580432059,0.0812081079569375,0.731274014633128
ASCC3,0.451910647017321,6.02921333157887,3.03865459099805,0.0813032758546356,0.731274014633128
SUMF2,0.431014053832535,6.34332153741185,3.03798755452597,0.0813366938026965,0.731274014633128
GPR171,0.42071395308363,7.64607739985329,3.02807621971384,0.0818349929009579,0.73499478144173
PPHLN1,0.325457643973504,6.70991816339335,3.0245338014999,0.0820138885916009,0.735166510949474
IST1,0.36794360450497,6.26508933538652,3.02068816484293,0.0822085750228859,0.735166510949474
BOD1,0.579439447991751,4.96451646120661,3.01984215058547,0.08225147163285,0.735166510949474
ZSWIM9,-0.67191092884701,4.40920806496542,3.0171801255835,0.082386605592653,0.735166510949474
AAMP,0.456480895550055,5.47828392272242,3.01544344730165,0.0824748947899588,0.735166510949474
CYREN,0.81096733542066,4.4646170952883,3.01496401555213,0.0824992861129274,0.735166510949474
ST8SIA1,0.651975437064707,5.03311925285093,3.0145003542463,0.0825228825144098,0.735166510949474
POLR3A,0.653622945222175,4.60952624980053,3.01436257754959,0.0825298955759664,0.735166510949474
DGCR6L,0.35691863093943,6.06736208044927,3.00975101357767,0.0827650034065926,0.73597799812757
STX3,0.708490563336015,4.53399639886174,3.00925909307447,0.0827901252633449,0.73597799812757
RAC2,0.219836795178346,8.92901655527091,3.0073271892808,0.0828888652268791,0.73610387149952
NDUFAF2,-0.393059798860816,5.82220520925195,2.99960191295903,0.0832849784424055,0.738480949991181
SNAPC3,0.629921804153784,4.60885196239449,2.99879942576702,0.0833262430071631,0.738480949991181
TOM1,0.724261889773979,4.53222270600875,2.99610684793963,0.0834648590565504,0.738511471584397
VWA8,0.686318248077405,4.33669084678884,2.99543662966185,0.0834994011305351,0.738511471584397
C1orf56,0.334297865695667,7.24548405043283,2.98775167655785,0.0838965781098828,0.739969864623878
SLC25A15,-1.04936845418656,3.79208455509409,2.9870126505555,0.0839348802114526,0.739969864623878
ELL2,0.960472580383023,3.66594375731541,2.98656128352666,0.0839582828716357,0.739969864623878
FLYWCH2,0.642365344602469,5.35727724755717,2.98567236868178,0.0840043923070655,0.739969864623878
FANCM,0.974023188278198,3.82699110702383,2.9787381874218,0.0843650201691291,0.740799939320195
ATAD5,0.753522340056748,4.2688154368575,2.97851382706611,0.0843767164497178,0.740799939320195
C11orf71,-0.939623629260818,3.96440067539803,2.97819361342931,0.0843934127581721,0.740799939320195
PAXX,-0.296899708283944,7.82292287388677,2.97731762543094,0.08443910603305,0.740799939320195
GPR65,-0.398518467544981,6.87245855815732,2.9753636688124,0.0845411246755915,0.740948044362208
PYM1,0.442798466853173,5.42368094927039,2.97012236139944,0.0848154388954698,0.742348358496838
STXBP4,0.894501440489525,3.88952698007932,2.96832047633146,0.0849099662819363,0.742348358496838
OST4,0.204032057905992,9.21875375925966,2.96474492042665,0.0850978784029727,0.742348358496838
PACRGL,0.95662054524434,3.64478117829204,2.96427284435031,0.0851227217872627,0.742348358496838
MRPL58,-0.572826262073965,5.12244774901388,2.96418418443808,0.0851273884614322,0.742348358496838
GABARAPL2,0.230458401331336,7.4695775992071,2.95637614262495,0.0855394572067257,0.745195091161295
DPYD,0.592691983181331,5.04064281202296,2.95374835524629,0.0856786232950288,0.745661058536635
FASLG,0.430423291606025,5.8709375154943,2.94798842109134,0.0859845236910725,0.747575733949454
AOAH,0.538314642242042,6.25154022266858,2.94325454350271,0.0862368167181573,0.748975261909832
ZNF639,0.683375411815772,5.06305675946569,2.94134850837684,0.0863386253853722,0.748975261909832
SLC16A6,0.58957445951646,4.66557474657092,2.94013198394972,0.0864036726367311,0.748975261909832
ZSCAN26,0.859936168003156,3.93728784966209,2.93725517370057,0.0865577060731344,0.749563896472128
ARRDC5,0.784385972704306,4.12545988141141,2.93546813937612,0.0866535391396394,0.74964786394859
ALG6,-0.765353896136325,4.32303150177859,2.92587165845825,0.0871701369746941,0.753368125214262
SCAF8,0.444993368685675,5.406143774508,2.92283319291052,0.0873343980083244,0.753732351154519
CHMP4A,0.406335352279141,7.46104115784712,2.92188931742835,0.0873854926249465,0.753732351154519
CDC26,0.380713083866017,6.68080899763052,2.91925455956691,0.0875282908292825,0.754216549591332
CSNK2B,-0.45044587732831,7.08929886574099,2.91605717347669,0.0877019218374089,0.754305656140897
ALDH9A1,0.501113176405271,5.53666460248903,2.91587224439715,0.0877119756422598,0.754305656140897
FANCG,-0.90451668383708,3.7349891338746,2.90823096730704,0.0881284929456866,0.755044247744426
GZF1,0.883058081065413,3.84746426864247,2.90821368175055,0.0881294375875235,0.755044247744426
TRIM65,0.724432143951098,4.44418790900399,2.90813312361681,0.0881338401698181,0.755044247744426
SSNA1,-0.326054984318351,7.33336555930328,2.90793099999112,0.088144887476541,0.755044247744426
HAUS3,0.447511786900683,5.4943462783506,2.90362844222267,0.0883804051776541,0.755289057462491
SLC22A18,0.799214566996525,4.23774862619141,2.90039087487897,0.0885580760179261,0.755289057462491
IAH1,-0.365916342907036,6.78930712093434,2.89706953712645,0.0887407463614249,0.755289057462491
PET117,0.598570279372037,4.81864227498025,2.89664009730529,0.0887643949368801,0.755289057462491
ZNF506,0.533199984288709,5.56175737225855,2.89573779845444,0.0888141053751809,0.755289057462491
TMEM123,-0.348014696713833,7.43579337705938,2.89547061689116,0.0888288310256913,0.755289057462491
DNMT1,0.434448889301871,6.79218208275324,2.89370407505191,0.088926260203387,0.755289057462491
SERBP1,-0.204176165783367,8.66893161203418,2.89169956670819,0.0890369541616851,0.755289057462491
INO80B,0.839599699213986,4.14223700632008,2.89055898010474,0.0891000068842445,0.755289057462491
MCOLN1,-0.749349999128559,4.18795492649255,2.88638041394726,0.0893314159544324,0.755289057462491
TMUB1,0.39942270600848,5.92034455277678,2.88608328385119,0.089347895825891,0.755289057462491
SERPINB9,0.570767292221371,6.00569086566876,2.88350926768435,0.0894907978141349,0.755289057462491
TULP4,0.512243740325471,5.37163532236057,2.88290619199179,0.0895243146739551,0.755289057462491
TRIM44,0.392221886427443,5.81796566291628,2.88150426955715,0.0896022812935838,0.755289057462491
CTSD,0.496914309796354,7.13661961377002,2.88097467130373,0.0896317535734983,0.755289057462491
DKC1,-0.570942972897813,5.85624587873135,2.87980779545524,0.0896967276297599,0.755289057462491
C1D,0.334115827871093,6.30697027799737,2.87914704537177,0.0897335422123426,0.755289057462491
MED31,-0.462572477453748,5.7098601566592,2.87743300078923,0.0898291189480339,0.755289057462491
RPS6KA5,-0.30853503755083,6.59068320532272,2.87438884065579,0.0899991365199518,0.755289057462491
EIF2A,-0.322352928343853,6.2316270677902,2.87310414959575,0.0900709917581222,0.755289057462491
MED13,0.390696358620809,6.32937488747416,2.87302841938121,0.0900752294367044,0.755289057462491
MRPS35,0.456057267404661,5.49068769402817,2.87289430149174,0.0900827348783254,0.755289057462491
KIF11,-1.11863776913321,4.1326349235617,2.86255366256517,0.0906634610681992,0.759426469371066
ZNF8,1.04234032049773,3.73235263904073,2.86046797996785,0.0907810838504044,0.759680550721221
IER3,-0.545341212805019,5.27414239002913,2.85535847512798,0.0910699366847089,0.761028111365726
ZNF764,0.707120359912556,4.45319133463772,2.85452755805564,0.0911170047159699,0.761028111365726
RPLP0,0.183648165720153,10.3196635562702,2.85164619812894,0.0912804266001469,0.761081967999167
TOP2B,0.37848090754545,6.32529596856901,2.85133045412936,0.0912983539688763,0.761081967999167
XIAP,0.307663848892061,6.45179909805226,2.84977584034197,0.0913866778777587,0.761089241693908
LAMTOR3,0.471266674232384,5.42229680684837,2.83763689234381,0.0920795404995644,0.765929643633437
NSD3,-0.227899437806746,7.6107295904568,2.83651440370885,0.0921438971485934,0.765929643633437
CD5,0.664926996845025,5.53472760401601,2.8342249559989,0.0922753116511531,0.766290111927467
PSMD1,-0.42390464108701,5.97363763354831,2.82544647642502,0.0927810879388051,0.768014869188515
PEPD,0.510468586514637,5.14114024865412,2.8228044257924,0.0929339002083051,0.768014869188515
ZNF836,0.830177266731112,4.41124977117076,2.81811603971834,0.0932057434199372,0.768014869188515
ST3GAL5,-0.399530207126738,5.95991183689436,2.81771870991659,0.09322882120357,0.768014869188515
UMPS,-0.661326614691423,4.45810786784437,2.81576608937548,0.0933423239968056,0.768014869188515
SRP54,0.409389032616502,6.28110845092814,2.81499686713129,0.0933870789349455,0.768014869188515
SETD1B,-0.52140563602174,4.98923062894618,2.81423892619766,0.0934312003264319,0.768014869188515
SCO1,0.522478087628736,5.25786562964688,2.81367915643278,0.0934638002947444,0.768014869188515
APBA2,0.93141863290835,4.86763266230677,2.81186776473525,0.0935693772408245,0.768014869188515
SARM1,0.825270789338613,3.95958912032234,2.80959033510016,0.0937023012810273,0.768014869188515
BCKDHB,0.988016321990106,3.83748186428333,2.80891025909636,0.0937420342805937,0.768014869188515
CAB39,0.334510289011517,6.63331467795402,2.80854199242202,0.0937635576699069,0.768014869188515
TSC1,0.636674031940118,4.62026424471936,2.80765180171758,0.093815607173267,0.768014869188515
DPM2,0.483056905749994,5.48676834221664,2.80761084906841,0.0938180024330974,0.768014869188515
RPL36A,0.277301952085125,10.6322606527285,2.80669086109417,0.0938718287030455,0.768014869188515
CEP63,0.702957896936797,5.0981841448146,2.80527649515975,0.0939546453586397,0.768014869188515
KATNAL1,0.619387717477722,4.50475395182437,2.80478905504074,0.0939832052953888,0.768014869188515
ZNF605,0.79837616953841,4.29434437864598,2.80004275595518,0.0942617931664263,0.769157959027605
DENND2D,0.425775387699504,6.37192900588146,2.79939566909409,0.0942998439943071,0.769157959027605
PLEKHM1,0.544336176155763,4.96316976957338,2.79692136372179,0.0944454954614289,0.769624669476419
EMC8,-0.614332935308165,5.20348177812053,2.79483820821215,0.0945683114674647,0.769904597475533
SNX20,0.464050386681933,5.54381491999314,2.79265842253171,0.094697010572937,0.770231853286234
RNF216,0.437438068648759,6.07271052624445,2.78851408467917,0.0949422269946485,0.771505323561555
MBD2,-0.367974299325615,7.2632057954853,2.78700355438995,0.0950317753863738,0.771512631704861
NMI,0.413012991700374,6.21053189939949,2.78501362750162,0.0951498840945562,0.771751576211485
ZNF275,-0.785893704252376,3.9715831081984,2.78335326001756,0.0952485546641866,0.771832561678228
GSPT2,0.67730334701511,4.34959398737618,2.78141917587895,0.095363631859214,0.772046221461153
SURF4,0.3033578674627,6.80685108435208,2.77462163110675,0.0957692855221347,0.773384113511665
NGRN,0.534388938036327,5.70207338650466,2.77259562118037,0.0958905539154235,0.773384113511665
ITPR3,0.529629572676378,4.9534778723177,2.76725741988771,0.0962108777528106,0.773384113511665
TAPBP,0.194820165005436,8.21345278961657,2.76564696125922,0.0963077435859618,0.773384113511665
PDP2,0.865989048409075,4.00889581759791,2.76475758744027,0.0963612831606445,0.773384113511665
PRDM8,0.915758367438099,3.89214443243204,2.76402485405164,0.0964054174739314,0.773384113511665
SBDS,-0.263561476063894,6.84663138016079,2.76279027230794,0.0964798291577563,0.773384113511665
AGGF1,-0.495946659814397,5.37013854576967,2.76076807289496,0.0966018479950869,0.773384113511665
TRAP1,0.820799509201022,4.41009698796282,2.76011744122675,0.0966411426398029,0.773384113511665
ATRIP,-0.887420078955516,3.85447651459458,2.75990207190161,0.0966541536225551,0.773384113511665
ECH1,-0.320768372146893,7.24141085164139,2.75824102600338,0.096754565588355,0.773384113511665
GLCE,-0.929747539212892,3.77956467036819,2.75696068077963,0.0968320413845221,0.773384113511665
PCID2,-0.359827101348358,6.36729321443327,2.75580181722176,0.0969022244216493,0.773384113511665
TMEM204,0.889188798271113,4.64505985636722,2.75176042634265,0.097147413091519,0.773384113511665
RRP1,0.658138908402735,4.59643914150112,2.75165452251543,0.0971538472966612,0.773384113511665
NDUFV2,0.332735340535555,7.46061835721166,2.7506599409417,0.0972142959424871,0.773384113511665
TET3,0.980601483700905,4.14453125973977,2.74787439286915,0.0973838142257388,0.773384113511665
KIF1C,0.859528821012931,4.3014160415087,2.74784477076624,0.0973856186495834,0.773384113511665
LRFN4,0.688019899518342,4.54444399292258,2.7460086214596,0.0974975384695898,0.773384113511665
SPIN1,-0.445727626536508,5.36506823965383,2.7442278536103,0.0976062165661949,0.773384113511665
ZNF48,0.829124597910693,3.99392449397329,2.74177938354054,0.0977558594486613,0.773384113511665
WDR59,0.626550399750862,4.68272098603996,2.74064945985515,0.0978250012258064,0.773384113511665
RUNDC1,0.753024928626977,4.65050238097973,2.74037313603104,0.0978419180225613,0.773384113511665
ACSL6,0.972861738006117,3.68429969343889,2.73963909415278,0.0978868722330464,0.773384113511665
NDUFB4,0.245628862753032,7.6289547537886,2.73717780345315,0.0980377711360472,0.773384113511665
RDH14,0.440211955533371,5.50945715185971,2.73336569340448,0.0982719882806528,0.773384113511665
GIMAP4,0.36693456070052,7.84588357658335,2.73301928390561,0.0982933020146865,0.773384113511665
ADPGK,0.465574060653348,5.93144917438475,2.73188548668966,0.0983630970717328,0.773384113511665
ANKRD36,0.528120168968032,5.33220623724652,2.73115362790988,0.0984081780431297,0.773384113511665
METTL18,0.67645960951953,4.77006104790126,2.72934635773471,0.0985195987010648,0.773384113511665
ATP6V0A2,0.462420091373482,5.53870341489947,2.72819879192795,0.0985904191330202,0.773384113511665
TRIM23,-0.513276850422676,4.87693508481313,2.72678764071157,0.0986775825351899,0.773384113511665
IQCB1,0.510057155667691,5.06897524423883,2.72260919280582,0.0989361686871335,0.773384113511665
NCAPD2,0.589523360818376,4.75416018921202,2.7224992010186,0.0989429855871722,0.773384113511665
SLIRP,0.456238199939502,6.35963377439207,2.71963560668553,0.0991206415179689,0.773384113511665
NOL4L,0.55485297397038,4.8864898737404,2.71487238220731,0.0994169212949521,0.773384113511665
ZFPL1,-0.526835136483553,5.0039230666208,2.71408968290638,0.0994656987958029,0.773384113511665
UTP3,0.384793439090342,5.79165994159914,2.71233529943034,0.0995751262040988,0.773384113511665
SLC23A2,-0.815569449183022,3.78783484252593,2.71221686628279,0.0995825180537049,0.773384113511665
GATAD2A,0.319802645923157,6.19730345516837,2.71049384617846,0.0996901258863362,0.773384113511665
MXI1,-0.56498822108297,4.83624774076243,2.70989197802513,0.0997277442947837,0.773384113511665
TNFSF13B,1.21827239658668,4.861081065586,2.70935586376242,0.0997612659583185,0.773384113511665
ARID1A,0.309544556655964,6.91917949322623,2.70872842306792,0.0998005136251924,0.773384113511665
FASTKD2,0.633868978077676,4.76071880416108,2.70851575047864,0.099813820545752,0.773384113511665
GLO1,-0.440306585646819,5.88652529449458,2.7083796848188,0.0998223351883004,0.773384113511665
TIAL1,-0.236097445200668,7.0555347277283,2.70826899661019,0.0998292623596451,0.773384113511665
MCF2L2,-0.748042846138228,4.09891730354446,2.70770380050779,0.0998646420650928,0.773384113511665
CLUAP1,-0.773453808764644,4.75881829643861,2.70649785287883,0.0999401768221453,0.773384113511665
PIGX,0.595457594266562,4.87429158018597,2.7048985005817,0.100040448818303,0.773384113511665
ARF6,-0.235717353318286,8.25144576015097,2.70322804278255,0.100145296129625,0.773384113511665
KRAS,-0.376199307775649,7.29556592437497,2.70306078433379,0.10015580081756,0.773384113511665
CUL4A,0.437481292012776,5.544079202255,2.70164417489892,0.10024481943248,0.773384113511665
FGFR1OP2,-0.231606159688806,7.61965521151638,2.7015182830301,0.100252734558274,0.773384113511665
PRR14L,0.497413678544982,5.64230467777238,2.69985687758614,0.100357255109513,0.773384113511665
PRKACA,-0.723692252332923,5.02126182199706,2.69891736055575,0.10041641368128,0.773384113511665
ZNF91,0.464318998298881,5.8091494850408,2.69341712773314,0.100763512185233,0.774783322532511
DNAJC21,-0.255069171989665,6.96205023456406,2.69205877688867,0.100849434185374,0.774783322532511
ATAD3A,0.859094881226667,4.07959484854417,2.68854536244882,0.101072045571356,0.774783322532511
GRK6,0.3528353977911,6.29555108053534,2.68549359295319,0.10126584282187,0.774783322532511
DUS4L,0.802611747023367,3.96004384951797,2.68482633749056,0.101308269794947,0.774783322532511
BCS1L,0.852934865108979,4.05840946971054,2.68482149462865,0.101308577795958,0.774783322532511
SUCLA2,0.659854378369409,5.00691934999717,2.68185981599894,0.101497129368182,0.774783322532511
PIGM,0.715780890248195,4.05887358296704,2.68177807976656,0.101502338440277,0.774783322532511
SOS2,0.526114213033277,5.2264954108053,2.68142170107832,0.101525053965601,0.774783322532511
TRAPPC10,0.315070421715146,6.44312266984835,2.68131600262137,0.101531792238331,0.774783322532511
JPT2,0.636410546741427,4.4952011964071,2.67859585792009,0.101705369680107,0.774783322532511
TSHZ1,0.671162580499553,4.63243364284386,2.67805770740666,0.101739748484923,0.774783322532511
POLG,-0.393142355074082,5.60888764491065,2.67672426796596,0.101824987694792,0.774783322532511
PTPN9,0.511208762568605,5.36055412731971,2.67642020938483,0.101844435364494,0.774783322532511
SLC44A1,0.793084541492984,4.1685687017243,2.67375887109734,0.10201482875423,0.775002535353782
RAB11FIP4,0.684394416580627,4.81910469027858,2.67204688308593,0.102124604333969,0.775002535353782
MEPCE,0.742701160854442,4.63981571591811,2.66946408747398,0.102290462142118,0.775002535353782
CAST,-0.269274251036115,8.78926810754137,2.66940558715258,0.10229422223217,0.775002535353782
ACSF3,0.452890414400051,5.28152883541223,2.66818668922987,0.102372600921892,0.775002535353782
ARHGAP11A,-0.810774604876043,4.14181347831332,2.66721458485101,0.102435157155855,0.775002535353782
TBC1D19,0.689475925109537,4.34281345010039,2.6662603992166,0.102496600964289,0.775002535353782
IFI27L2,0.227277380769369,7.37962174658053,2.66078035535046,0.102850264498873,0.777001607581326
NAALADL1,0.776641917824644,4.42337326979854,2.6585301076662,0.102995874421851,0.777426795397547
LAG3,-0.413040238897726,7.38144674009094,2.65587584424317,0.103167917616214,0.77783102365385
ZFAND2A,-0.577217675809185,5.53015144836289,2.65410392532059,0.10328294434765,0.77783102365385
INTS6L,-0.630020238594335,4.60928742179573,2.65227016749438,0.103402133271439,0.77783102365385
REC8,0.669707211379471,4.90461118655035,2.65123197481226,0.103469679520112,0.77783102365385
SGMS1,-0.46929663981157,5.35405443107412,2.65082297238529,0.103496303043911,0.77783102365385
NOL9,0.628846594630809,4.84025080353609,2.64751602012422,0.103711840811067,0.778778387039443
KBTBD6,0.919721568486438,3.9085396899548,2.64547993374427,0.103844791560122,0.779104500817017
ATP8B2,0.387010998822521,5.89919629001506,2.64065647710019,0.104160495150835,0.780799990781837
CKAP2,-0.505554557857303,5.60448301277903,2.63732834439457,0.104378940005159,0.78140493250064
SBNO1,-0.303522805018464,6.63772388274259,2.63542108159149,0.104504350989621,0.78140493250064
KLRG1,0.911732711217278,5.83347541953303,2.6353268281876,0.10451055284738,0.78140493250064
SGSM3,0.5702371073295,5.08424338349515,2.627535725357,0.105024603064413,0.783768063185075
MYBL1,0.536653383588896,5.42721027228193,2.62535578046103,0.105168929525391,0.783768063185075
LUC7L3,0.314173089169701,7.86474185058463,2.62483526281807,0.10520342329972,0.783768063185075
NBR1,0.393121000467621,5.86999759582692,2.62366487003673,0.105281028432093,0.783768063185075
CPLANE1,0.609615205753257,4.46742242879613,2.62116672424973,0.105446882747531,0.783768063185075
RFNG,0.475207469524382,5.22648366336382,2.62018090325093,0.105512411148075,0.783768063185075
MTMR1,0.73688178440225,4.17485707604673,2.61821664380046,0.105643110350997,0.783768063185075
LRRC23,0.719943057392216,4.11269148268811,2.61759205473663,0.105684706856908,0.783768063185075
LMBRD1,-0.421215387145066,5.80849293438305,2.61555225569798,0.105820678926561,0.783768063185075
CTNNBIP1,0.617314667189565,4.58361036318451,2.61444285924411,0.105894711305131,0.783768063185075
NDUFA1,0.178776413915977,8.25476719734792,2.61410425684831,0.105917318271501,0.783768063185075
CHTOP,-0.384563609237144,5.98848695674499,2.61299605832285,0.105991344738152,0.783768063185075
ZFYVE27,0.493986411588953,5.03819950249797,2.61290606890073,0.105997358424547,0.783768063185075
PSMB6,-0.302202491769793,7.11709247068081,2.61078082103775,0.106139490314307,0.784050051248507
TLE3,0.364386182518916,6.12858073098619,2.60964295841735,0.106215673954038,0.784050051248507
ZC3H15,-0.27302914614449,7.43682897337109,2.6057685940089,0.106475525480997,0.784131139468343
AGAP2,0.477467722207491,5.40383788189896,2.60468829295149,0.106548104953013,0.784131139468343
PPP1R9B,0.55204849220021,4.8779645476335,2.60254143882208,0.106692501395227,0.784131139468343
LTC4S,0.881691797688209,4.01754701781948,2.60204937723998,0.106725627468734,0.784131139468343
KLHL36,0.382425410798501,5.68992592778968,2.60118892924813,0.106783580801567,0.784131139468343
SPNS1,0.655244857422219,4.91325528240838,2.59945083089781,0.106900751432298,0.784131139468343
RBM4B,0.691967338206016,4.35087222658054,2.59878789548821,0.106945479133295,0.784131139468343
HIPK3,0.399352764654608,5.61080100038893,2.59644671564666,0.107103600981275,0.784131139468343
DNAJA3,0.505544580721583,5.19436839776943,2.59454858864263,0.107231987639715,0.784131139468343
ARF5,0.536020737306941,6.22051980498814,2.59253878928092,0.107368111786251,0.784131139468343
PHF20L1,-0.249006554739957,6.95535691347484,2.59063208015992,0.10749742894507,0.784131139468343
HEXA,0.500187883783655,5.76651338901628,2.58963377620267,0.107565204272267,0.784131139468343
BRD8,-0.495978570021587,5.33501276577723,2.58948306167046,0.107575440427738,0.784131139468343
PPP1R16B,0.374917310802596,5.8206839455939,2.58838398919432,0.10765011903128,0.784131139468343
KLHL42,-0.484604783122177,4.92611818375162,2.58749617498488,0.10771048483792,0.784131139468343
ZNF331,-0.616566563853825,5.3037423040993,2.58702950938337,0.10774223007642,0.784131139468343
ANKRD44-IT1,0.705261762209379,3.68751550184314,2.5867927293454,0.107758341124226,0.784131139468343
RAB40C,0.845284867084522,4.04717957062958,2.58516012827634,0.107869499000685,0.784284252132801
YBX1,-0.160371589378142,9.08786449905416,2.58341868685736,0.107988206205146,0.784439235690659
POLH,0.787959831070159,4.08895599186018,2.58041053049109,0.108193598427164,0.784439235690659
PIK3CG,0.456440402494722,5.65109414319572,2.58001391368571,0.108220710798272,0.784439235690659
INPP5E,0.955511338831764,4.07198865139282,2.57929312622899,0.10827000228955,0.784439235690659
AP1S2,-0.328680995472818,6.45751381519695,2.57824844840555,0.108341486993011,0.784439235690659
SH3GL1,-0.476564567660928,5.07872659216374,2.57679079827287,0.10844131700398,0.784509378126051
TOR1AIP2,0.405360485308876,5.86425494689537,2.575435475053,0.10853422960908,0.784529402232415
PTPN4,0.27091399055779,7.05144455822555,2.57186773845547,0.108779229986728,0.78523435539276
TTC13,0.591707603932444,4.71778170973347,2.57080468339894,0.108852348581805,0.78523435539276
NDUFS6,-0.23002862961801,7.64314550169308,2.56948733356245,0.108943032900101,0.78523435539276
NUDT19,0.620558392555691,4.70106085764334,2.56770373291961,0.109065945505196,0.78523435539276
PDE4A,0.639983951499871,5.48034544179737,2.56540939967024,0.109224278169802,0.78523435539276
ZFAND4,0.795094622122446,4.1245638458864,2.56482283638322,0.10926479761999,0.78523435539276
MCCC1,0.73174182456469,4.14647275250311,2.56476038202897,0.109269112903409,0.78523435539276
SMC2,0.58089259862381,5.09582045057354,2.56353872893953,0.109353560695855,0.78523435539276
RNASEH2C,-0.45695194041757,6.43338988270529,2.56187509380297,0.109468676240559,0.785412934312928
MKRN2,0.554720944562403,4.86357872420343,2.55850047507647,0.109702592962439,0.786187025742581
DEXI,0.531060285392356,5.24417649773712,2.55771328368221,0.109757237306358,0.786187025742581
HCLS1,0.180351384432708,7.81201037264758,2.55608449565535,0.109870397672591,0.786350387289931
NIFK-AS1,0.539158175836977,5.00583018453181,2.55291297755299,0.11009110775031,0.786933980029447
ZNF419,0.893532323220118,3.74148754974633,2.55231494266503,0.110132780383301,0.786933980029447
SLAIN2,-0.310928041509169,6.20152919984743,2.55095163191263,0.11022784429635,0.786967127900848
PBDC1,-0.377967421939326,6.30927679474495,2.54803013915688,0.110431864568628,0.78777747323014
IK,-0.184076947514869,8.06564124024633,2.54250584424975,0.110818785791022,0.789504566399297
ZNF136,0.654232173638142,4.55702252886622,2.54083020147348,0.110936442290188,0.789504566399297
HDAC4,0.685883515424053,4.38456077378581,2.5398286960927,0.111006829347786,0.789504566399297
METTL2A,0.690300538475026,4.38301206098309,2.53933929593236,0.111041242878088,0.789504566399297
CAMK2G,0.558221771879062,5.02827321205504,2.53618782148483,0.111263128940838,0.789504566399297
CCDC47,0.384504673588148,5.9611551664034,2.53539743720782,0.11131885407514,0.789504566399297
TMEM250,0.443505754703982,5.51980630040268,2.53501800561443,0.111345616374262,0.789504566399297
ING4,-0.451917186967618,5.93259141285251,2.53345706862558,0.111455787836582,0.789504566399297
RNF8,-0.523407768656376,5.16183604558883,2.53218875973787,0.111545393858499,0.789504566399297
RDH13,0.67317265481051,4.46050424725495,2.53065593732024,0.111653793600751,0.789504566399297
SLC35B3,-0.618644956029251,4.43670310890676,2.52933276555984,0.111747460304764,0.789504566399297
M6PR,0.223952777784696,7.06841050169499,2.52911946848976,0.111762567597832,0.789504566399297
ZBP1,-0.483754840168403,5.57513079584766,2.52101317164975,0.112338386161778,0.789556022747421
CLCN3,-0.461289766362559,5.11358025979006,2.51865467925213,0.112506531046419,0.789556022747421
RPL21,0.135933144834362,11.7042754835882,2.51816367403264,0.112541571314989,0.789556022747421
EID2B,0.974689987791031,4.15000861641711,2.51760842270971,0.112581210948158,0.789556022747421
NECTIN3,-0.665462299418418,4.40552072687874,2.5171568918108,0.112613457273142,0.789556022747421
BFAR,0.343106092295292,6.08184424441683,2.51676054947605,0.112641770661277,0.789556022747421
VTI1A,-0.55380339781316,5.28109519703661,2.51651428472059,0.112659366952125,0.789556022747421
MCM4,0.787655959151032,4.14237811620485,2.51485673808314,0.112777882003359,0.789556022747421
SLC4A2,-0.585720988413357,4.50535357394189,2.51421338569975,0.112823918873014,0.789556022747421
TCEAL3,0.83443393159531,4.06753997919674,2.51348351155814,0.112876172115858,0.789556022747421
AIFM1,-0.579365205530387,4.63651177479937,2.51312927751193,0.112901542094384,0.789556022747421
TMEM260,0.738992502577977,4.65322839726956,2.51268840493138,0.112933125835294,0.789556022747421
LPIN2,-0.224857598686952,7.19459502193311,2.51246350191169,0.112949241447839,0.789556022747421
ESF1,0.36337862140223,6.20941272356628,2.50615720862896,0.113402157412706,0.792085855507849
NOL12,0.463554177358547,5.22050345855289,2.50420689626742,0.113542633131116,0.792431063464396
DERA,0.631334696785031,4.51278040900857,2.49404209738496,0.114277888131917,0.795464628537033
RMND5B,-0.740056837533693,4.16698070512887,2.49242287814224,0.114395495844937,0.795464628537033
FOXN2,-0.478982080705451,5.94729921942623,2.49200441418371,0.114425911570059,0.795464628537033
GDF11,0.527302329286572,4.91423333577681,2.49185871990077,0.114436503337978,0.795464628537033
HNRNPLL,0.413986548453845,5.45745513158413,2.49168886038511,0.114448853249245,0.795464628537033
S100A10,-0.38548443592265,10.1602081376522,2.49063235178371,0.114525701431334,0.795464628537033
MAP3K6,-0.765760092464569,3.96609063898377,2.48863696317425,0.114670997039927,0.795521211200191
DAP,-0.546839963185178,5.28241952620704,2.48782063841735,0.114730496889137,0.795521211200191
COG5,-0.647008322627212,5.11406934114511,2.48620407625703,0.114848424543018,0.795521211200191
CCL4,0.629020246660967,10.5332213787512,2.48550479049766,0.114899478625605,0.795521211200191
CDC123,-0.325646660257943,6.16851458447499,2.48228379583966,0.115134963398947,0.796162993469751
PSAT1,-0.502330336589613,5.16837641896585,2.4805647112988,0.11526086243058,0.796162993469751
MRPL16,0.391687042850599,5.68322024555961,2.48032098744334,0.115278724105148,0.796162993469751
FES,-0.827136157272462,3.68383927316543,2.47923841633366,0.115358098904442,0.796162993469751
TNFRSF10A,0.596864409654295,4.66159101904467,2.47703225934287,0.115520042496621,0.796507206934602
LIN37,-0.800757560484797,4.12528290672087,2.4760664785327,0.115591014863657,0.796507206934602
ZNF490,0.869114938788892,3.91494864510462,2.47422468302553,0.115726496396778,0.796809887769906
TRIR,0.145106369840373,8.60840972197516,2.47058696599501,0.115994600298584,0.798024510987015
THUMPD1,-0.29361446587144,6.65924142478551,2.46850902208807,0.116148054810386,0.798449068732062
OSTM1,-0.418472576434012,5.76711274851033,2.46690606900102,0.116266584780613,0.798633060257046
IL10RB,0.575739614450826,4.98028408764505,2.46402853008719,0.116479698943498,0.799176869087121
IER2,-0.271747576812401,8.68716555800151,2.46202269335461,0.116628508906294,0.799176869087121
CASP6,0.545676901825963,4.6659293311671,2.4617172167632,0.116651190166469,0.799176869087121
HVCN1,-0.834337999018176,3.88799532594907,2.46062302591693,0.1167324724764,0.799176869087121
ZNF264,0.407762057742411,5.61261430025962,2.45964884744713,0.116804892276091,0.799176869087121
ZNF407,-0.500016940221492,4.85256044950778,2.45743296284995,0.116969804619192,0.799676519717853
TNKS,-0.511703501550256,4.82376219317952,2.45328206473317,0.117279418798557,0.800145694767691
SERP1,0.269542340760305,8.12196380733162,2.45218002383497,0.117361771727073,0.800145694767691
PEX26,0.491068368213497,5.40402173098835,2.45133401286221,0.117425035499238,0.800145694767691
RNF5,0.465266758917893,5.93251782265188,2.44851922934945,0.117635793370156,0.800145694767691
SLC35B4,-0.684554413254162,4.19199443545326,2.44832447460272,0.117650391154532,0.800145694767691
ZNHIT1,-0.194403998045904,7.55540477326959,2.44545646924723,0.117865593663473,0.800145694767691
SRSF2,-0.295297438300992,8.0637796869913,2.44416391770498,0.117962723261534,0.800145694767691
LRP12,-0.804468357539634,3.99008834696162,2.44140959338954,0.11816999402118,0.800145694767691
TBCE,0.550858229397469,4.93625325113849,2.44140280728132,0.118170505192177,0.800145694767691
TUBGCP6,0.723372056100478,4.41568807759857,2.44026454014251,0.118256281013781,0.800145694767691
NELFE,-0.399664864400951,5.71072469075121,2.43955796544897,0.118309560636172,0.800145694767691
HECTD3,0.693602310628195,4.23944520793329,2.43792181553907,0.118433037277298,0.800145694767691
TMEM268,-0.853954617803039,3.64831871254534,2.43746322672833,0.118467671532632,0.800145694767691
PGM1,-0.540352324476768,4.76967259031448,2.43722476417144,0.118485685498062,0.800145694767691
TMBIM6,0.14429025004927,8.49215256850622,2.43613736373648,0.1185678684367,0.800145694767691
INPP4A,0.374380135781722,6.24022145555751,2.43578520639131,0.11859449709932,0.800145694767691
LMO4,-0.290870795216806,7.08298088688545,2.43569398920076,0.118601395639472,0.800145694767691
SEC22B,0.328998973511563,6.05221489623313,2.4323840410975,0.118852019688221,0.800340110688686
CEMIP2,-0.297170469825417,6.21575564945892,2.43216454741684,0.118868660103499,0.800340110688686
TNFRSF4,0.907803466765779,4.83961811173111,2.43167086271861,0.118906097106799,0.800340110688686
GPAT4,0.499850448703556,4.86373184361658,2.42787394089117,0.119194460882295,0.80166104564035
SNTA1,0.610840184048967,4.83596923099146,2.42626918824841,0.119316569132434,0.801862626378049
MAP3K7,0.561628667117356,4.92022931413137,2.42471597448384,0.119434887542369,0.802016272879526
POM121,0.448843601772293,5.19804914136398,2.42318943203621,0.119551300751892,0.802016272879526
INTS13,0.616862329730671,4.46910808320315,2.42051626456515,0.119755457513937,0.802016272879526
RNH1,0.288023272170869,7.02597583465754,2.42003731880455,0.119792076596195,0.802016272879526
SACM1L,0.439350662469507,6.20378706629274,2.41955599300022,0.119828890138618,0.802016272879526
DHODH,0.897860533364113,3.78630601013711,2.4187265853777,0.119892355626366,0.802016272879526
NHP2,-0.340078087267548,6.82109181888055,2.41443965809229,0.120220981044132,0.80319548601438
SIGIRR,0.373904905785417,6.8849469171687,2.41205588117387,0.120404146969634,0.80319548601438
RIOX2,0.825972355427438,4.02622932823788,2.40992225059904,0.120568354132021,0.80319548601438
UTP25,-0.598109023794638,4.73609172266022,2.40933112362601,0.12061389194583,0.80319548601438
CCDC191,0.895595028521113,3.75781829024796,2.40799530314023,0.120716867840312,0.80319548601438
ZER1,0.749939570962168,4.39423212061973,2.40742994675761,0.120760479427267,0.80319548601438
NBPF12,0.698370545484568,4.39840235648381,2.40663779747802,0.120821615176502,0.80319548601438
NKG7,0.342939653718625,10.1974947074318,2.40662710764499,0.120822440420751,0.80319548601438
LTB,0.490377359861495,9.38855146311968,2.40465808012669,0.120974553895958,0.80319548601438
NBAS,0.548902785087208,4.89615742687727,2.404438508776,0.120991529606441,0.80319548601438
SUN2,0.245397961386483,7.56741417641488,2.39872790291082,0.121433961691104,0.805518116309207
ZNF253,0.895179357752233,3.86263046408014,2.39439525108026,0.12177083222623,0.80713751170212
ATAD1,-0.335777066981382,5.84502069425585,2.39145501503995,0.122000030165625,0.807902100563611
TP53BP1,0.487249498141823,5.09428082534502,2.39053501454044,0.122071844449173,0.807902100563611
ZFP90,0.459180180260273,5.30658558318752,2.38805446025323,0.122265707589893,0.808151386842423
TBL1X,0.606129604644381,5.06918489632709,2.38767710717961,0.122295228825861,0.808151386842423
IFI35,0.353153316729673,6.03798302768071,2.3846436574493,0.122532830232654,0.808684461712812
UBA7,0.630391504776556,4.43471716185118,2.38376276142363,0.122601924169992,0.808684461712812
SIKE1,0.447700937867252,5.68522445695279,2.37978630772155,0.122914359453443,0.808684461712812
MARK2,0.335822190294783,5.95880423380401,2.37943516922766,0.122941991283087,0.808684461712812
MED8,0.549782626690089,5.39482277518437,2.37872802884155,0.122997658567811,0.808684461712812
SEMA7A,0.968693274439406,3.65018622903034,2.37839902414908,0.123023567903293,0.808684461712812
TTN-AS1,0.573435946915111,4.53092013264262,2.3783638419355,0.123026338884036,0.808684461712812
DUSP11,0.41007173686679,5.44558300391701,2.37670207660038,0.12315729982752,0.808934324829365
HOXB4,0.615526334195444,4.72704106081432,2.37292215441915,0.123455765611954,0.809507216216488
ATAD2B,0.396736850361092,5.46814853539409,2.37239852931886,0.123497174740677,0.809507216216488
DAZAP2,0.2892313083444,7.91093501848314,2.37206492632832,0.123523564648454,0.809507216216488
ZC3H7B,0.646017881991717,4.7650626680995,2.36667642806025,0.123950693901087,0.810565229612029
TPPP,-1.78543425775901,4.33025522900494,2.36644296541598,0.123969236765632,0.810565229612029
MRPL4,-0.478449021677719,5.88694763653622,2.36615407572281,0.123992186208838,0.810565229612029
GMDS-DT,0.702207754039626,4.24412341748146,2.36533155476205,0.124057553239483,0.810565229612029
UGCG,0.377857221173966,5.71539310091875,2.36378189488527,0.124180811105063,0.81057766559528
HSP90B1,0.184792508570721,8.72641327125653,2.36231936936571,0.124297263145659,0.81057766559528
WDR45B,-0.352074856854577,5.9953530108961,2.36179719913242,0.124338869765564,0.81057766559528
CCSER2,0.264095788995761,6.9190541529582,2.35816856483046,0.12462842752784,0.811161056002825
ZNF880,0.747701332362139,4.91421935294868,2.35753633294128,0.124678954933715,0.811161056002825
NUP188,0.537435400019078,4.66161516473678,2.35696996099624,0.124724238192466,0.811161056002825
PDCD5,-0.331407251858028,7.151099667918,2.35557228692,0.124836064914066,0.811161056002825
MMADHC,-0.445940391731849,6.10958840328167,2.35465102399363,0.124909835277077,0.811161056002825
NMT2,-0.381713265619079,5.99461722568474,2.35368068557627,0.124987587739835,0.811161056002825
MMAA,0.815652701757541,3.83193204545789,2.35186431167307,0.125133276930548,0.811501422598031
CEP135,0.43950852710973,5.31048496178243,2.35048080757326,0.125244372733049,0.811617107889593
CLPP,0.319453051131227,6.30358921331296,2.34613842923968,0.125593779487564,0.812717969736718
AKR1B1,0.400507422719497,5.67636697540838,2.3460485982639,0.125601019107881,0.812717969736718
KIFC2,0.791535924249149,3.94773721147543,2.33989066029721,0.126098404546757,0.815049066070887
ZNF439,0.948422713347312,3.74333845975498,2.3392709566774,0.126148580029586,0.815049066070887
POLR2B,0.321457309998019,6.52541808909875,2.33277735440154,0.126675684069886,0.81742944883945
HDHD3,0.600691830528802,4.46447882672769,2.33082332966445,0.126834776850793,0.81742944883945
IQGAP2,0.228224670915963,7.12941546005252,2.3303490633673,0.126873424170904,0.81742944883945
FAM20B,-0.604928961295848,4.5956297631259,2.32928437190305,0.126960232160757,0.81742944883945
TANK,-0.280825420961582,7.17292867667598,2.32896080226292,0.126986627005738,0.81742944883945
IKBIP,-0.460628909444657,5.26305859478712,2.32774390125723,0.127085949059512,0.817464164571273
B3GALT6,0.523948282649327,4.96071131460333,2.326008012525,0.127227779898751,0.817772059423062
UBB,-0.136191892231471,9.28273860964514,2.32384250872171,0.12740495939559,0.818275693334467
HIKESHI,0.314540948132579,6.1442219830647,2.32275332640871,0.12749417903729,0.818275693334467
TASP1,0.872961611993688,4.02780436404358,2.3199421239867,0.127724778301193,0.819065625810468
BLOC1S4,0.419540466176613,6.15638503045269,2.31696059429363,0.127969856675966,0.819065625810468
HIPK2,0.507883696470767,4.76429725645612,2.31616425648485,0.128035403290511,0.819065625810468
FAM217B,0.479860460601207,5.48753299321428,2.31499654302451,0.128131585453561,0.819065625810468
DYNC1LI1,-0.394554271116452,6.40316238514463,2.31414399678663,0.128201858742963,0.819065625810468
TIMM23,0.741608916086785,4.32388058364807,2.31263590231733,0.128326272375646,0.819065625810468
PSMB5,0.513866148658452,5.45831442909729,2.3098169674525,0.128559187399231,0.819065625810468
NCOR2,-0.339254530074471,5.75852289094257,2.30892483331177,0.128632998192046,0.819065625810468
ATP8B4,-0.718220278080278,4.97224582553119,2.30870808098202,0.128650938339665,0.819065625810468
SELENOO,-0.582731754102674,4.43837314806474,2.30771804322528,0.128732917183469,0.819065625810468
LENG9,0.522730966339987,4.8557528653315,2.30713043988581,0.128781600459081,0.819065625810468
EOGT,0.811889941294255,3.95346042899006,2.30697038207213,0.128794864894597,0.819065625810468
BRMS1,0.341318915155016,5.86697475427321,2.30641712718884,0.128840726385675,0.819065625810468
NOL8,0.343564163657843,5.913553941345,2.30439397257015,0.129008588644964,0.819534121881108
ZNF141,0.556619244801436,4.67480799332784,2.30304851414645,0.129120356957064,0.819645854556765
ABHD15,0.670803265785343,4.9757442199274,2.30163342695976,0.129238025798107,0.819794853149365
INTS5,0.716798376323889,4.40266459007408,2.29643571350457,0.129671258202182,0.821607873555283
COMMD2,0.375618239117088,5.9501194225137,2.29541614110946,0.129756429885173,0.821607873555283
SCP2,-0.211872578577873,7.00239454350554,2.29417594701782,0.129860115633163,0.821607873555283
ACTN4,0.153664961485308,8.21407433509217,2.29289609878857,0.129967213483453,0.821607873555283
GSDMB,0.833255503546403,4.17744668900758,2.28956492168395,0.130246428734259,0.821607873555283
CLTB,-0.29679209653826,6.74630251800771,2.28937248438913,0.130262579017443,0.821607873555283
PHF23,0.79807996270148,4.98181574399725,2.28757469042698,0.130413566638143,0.821607873555283
KLHDC3,0.490318412218036,5.08840739713103,2.28657232887742,0.130497834642974,0.821607873555283
ERF,0.665400204565164,4.15515423570265,2.28570418009155,0.130570868523471,0.821607873555283
RPL30,0.176441548645532,12.2514533868429,2.28528482359509,0.130606163632463,0.821607873555283
ZNF682,0.859028963915971,3.58644832948425,2.2852526922113,0.13060886840687,0.821607873555283
OTUD6B-AS1,0.284108895822673,6.51506609920152,2.2846845487349,0.130656704239976,0.821607873555283
SS18L2,0.312956047735336,6.82584989810948,2.28321585710134,0.130780453870302,0.821792267172014
RPS28,0.183695967225317,11.9913485621848,2.27893192005594,0.131142159086341,0.822806655379742
ELAC1,0.831794357918768,3.84295089535443,2.27310041559233,0.131636324963809,0.822806655379742
DUSP14,-0.79124199088645,4.15137529577773,2.27266631796929,0.131673193725262,0.822806655379742
SLC25A38,0.454587036258536,5.42543006143841,2.26923665109409,0.131964887632864,0.822806655379742
RPL26,0.146979683208662,12.1035555995398,2.26753192872732,0.132110142954439,0.822806655379742
ATG9A,1.05312373525404,3.83589916364559,2.2673062364762,0.132129387028438,0.822806655379742
DAP3,0.3270144670856,6.21052793996489,2.26723888695026,0.132135130318646,0.822806655379742
MBTPS1,0.315698087740282,6.22763465082437,2.26674928830904,0.132176889652982,0.822806655379742
AIMP1,0.220912452048789,7.09813760682259,2.26575594932539,0.132261659791655,0.822806655379742
RIOK1,0.439983202591532,5.35416084288702,2.26564186251426,0.132271399683704,0.822806655379742
RRAGC,0.435480213529054,5.40969795819582,2.26458710632301,0.132361484940776,0.822806655379742
POLG2,0.713619949747628,4.68209921275444,2.26443786861361,0.132374236657074,0.822806655379742
NBPF19,0.452337807746031,4.99712072885769,2.26303625323713,0.13249406559044,0.822806655379742
BUD13,-0.566313267422611,4.71011744371434,2.26255313382107,0.13253539720396,0.822806655379742
MAML2,-0.386906732141158,5.44530506802435,2.26196033654113,0.132586131602791,0.822806655379742
GSS,0.532159040336471,4.74775664029099,2.26167755106322,0.132610341364121,0.822806655379742
RFXANK,0.391703757429835,5.37319587179487,2.25861105917224,0.132873186416875,0.822806655379742
PREX1,-0.186693245765935,7.6668315525837,2.25826597981967,0.132902801381084,0.822806655379742
FLOT1,-0.53528579411168,5.98735086807444,2.25812720213702,0.132914713462808,0.822806655379742
ATP5PF,-0.164326794139224,8.2810786075344,2.25736244370767,0.132980378449159,0.822806655379742
ACSL4,-0.377230891743201,5.45172314109146,2.25726102504842,0.132989089351526,0.822806655379742
SMCHD1,0.225533310283092,7.89388903846338,2.25553795580215,0.13313718213974,0.822806655379742
LIPT1,0.836023650056276,4.21934502948815,2.25316941597352,0.133341052040247,0.822806655379742
TVP23B,0.71577090161618,4.319560468936,2.25266476203158,0.133384534730318,0.822806655379742
GPD2,0.733348569023466,3.93299138294535,2.25049925352964,0.133571302230533,0.822806655379742
MIGA1,0.388856841831045,5.47705028096975,2.24933934386745,0.133671460545287,0.822806655379742
THUMPD2,0.572750391336793,4.53409736961292,2.24543059838216,0.134009599688698,0.822806655379742
ARV1,0.61275327893455,4.72365983688213,2.24509109111971,0.134039015005958,0.822806655379742
PRKX,-0.295672306209538,6.52897341892524,2.24397337417163,0.134135906356919,0.822806655379742
KDELR2,-0.275222184943147,6.55773761695256,2.2427850169637,0.134239007181733,0.822806655379742
FBXO44,0.485867575627713,5.08106489234067,2.24194282265186,0.134312128866768,0.822806655379742
SYNJ1,-0.600514012854338,4.38534598968161,2.24082725810034,0.134409053903321,0.822806655379742
JAK2,-0.59024334416905,4.6614585372207,2.24020113067229,0.134463488808861,0.822806655379742
RABGAP1,0.483286237673146,5.17642594177524,2.24016396522289,0.134466720711655,0.822806655379742
KHNYN,0.481300220886246,4.86493598441502,2.23524763934691,0.134895010643816,0.822806655379742
SOCS5,0.715992434497567,4.18527081073763,2.23512376203037,0.134905822011607,0.822806655379742
ZNF160,0.464950723378355,5.18272256536938,2.23442828285388,0.134966537816057,0.822806655379742
ITGB3BP,0.463161943929653,4.90159170132541,2.23437474373103,0.134971213084858,0.822806655379742
HNRNPA3,0.18373724796371,8.55118250028589,2.23324052984848,0.135070300155237,0.822806655379742
FARSB,0.675940134095078,4.54864106024249,2.23164138378875,0.135210142868571,0.822806655379742
PXMP2,-0.607893948540263,4.42994766898513,2.23015932720587,0.135339890946207,0.822806655379742
SYNRG,0.405468498804146,7.3944659822406,2.22992234106809,0.135360651043646,0.822806655379742
ANKRD52,0.688083463095748,4.20747896314435,2.22978961084205,0.135372279830771,0.822806655379742
CDYL,-0.429046196693275,5.36398474082813,2.2289356698771,0.135447122215312,0.822806655379742
CSGALNACT1,-0.6954851437851,4.30727131371035,2.22820229419213,0.135511434795301,0.822806655379742
CD53,0.231197784615112,8.29776578210788,2.22646866630855,0.135663599319227,0.822806655379742
DICER1,0.372647993739971,6.25712646673816,2.22601486642865,0.135703461956187,0.822806655379742
ZNF330,-0.518472076467233,5.26172849576585,2.22528425057116,0.135767668177784,0.822806655379742
HNRNPC,-0.147702094031898,8.70319231062379,2.22315187512273,0.135955254985853,0.822806655379742
PFDN5,0.158325004398347,9.94324100391889,2.22311651034432,0.135958368499055,0.822806655379742
HLA-DPA1,0.800436470378902,6.57957614381411,2.22006086768096,0.136227688777441,0.822806655379742
ARL6IP1,-0.253839962588501,7.57535109156429,2.21998708220845,0.136234199512383,0.822806655379742
CNIH1,0.34335287097645,5.99976833562455,2.21966902828973,0.136262268168016,0.822806655379742
YPEL1,0.466118595912305,5.06699487801496,2.21897505756087,0.136323534432606,0.822806655379742
BNIP3,0.572447457094185,4.77638488630917,2.21863469967859,0.136353593739767,0.822806655379742
PRPF38B,0.195972129041538,8.2513090765117,2.21850057736428,0.136365441027227,0.822806655379742
PITPNC1,0.337553896571761,6.52013151592536,2.21700654209007,0.136497490062714,0.822806655379742
ACTR1A,0.443558231033126,5.38128680124502,2.21638991828468,0.136552031573706,0.822806655379742
ZNF548,0.657850264538889,4.15316149374781,2.21586019119624,0.136598906400691,0.822806655379742
CEBPD,0.588306128147624,5.89137673439828,2.21568450352985,0.136614456741782,0.822806655379742
TTC3,0.221393932146565,7.44542737145011,2.21454218223769,0.136715613435283,0.822846394137426
B3GAT2,0.645933615699982,4.41041579041822,2.21347547886672,0.136810149639993,0.822846394137426
SNX3,-0.215477182508388,7.52927551237946,2.21053559447451,0.137071075072928,0.823213646921995
PHF21A,0.404085659790669,5.42857632222319,2.20758549778011,0.13733346744382,0.823213646921995
NUP35,0.853263396820436,3.88745980079636,2.20603207145244,0.137471861030155,0.823213646921995
ALKBH1,0.799555253717721,3.73912510380929,2.2055865415082,0.137511581792872,0.823213646921995
BAZ2A,0.276435422373932,6.28606806288663,2.20516966634234,0.137548759516287,0.823213646921995
TCAF2,-0.759254960575538,3.71682915005241,2.20469796728228,0.137590840124211,0.823213646921995
SELENOK,0.191913277192771,7.75428897405906,2.20295162518218,0.137746758182588,0.823213646921995
TRPM7,-0.283782216227965,6.22554201038817,2.20292383298269,0.137749241144306,0.823213646921995
CFL1,0.0834525650566604,10.2534251493483,2.2013209995622,0.137892523577708,0.823213646921995
SYT11,-0.488492658444427,5.20267156783827,2.20064692480955,0.137952831185017,0.823213646921995
PRPSAP2,0.458719105097015,5.18263203926535,2.20041274750509,0.137973789301792,0.823213646921995
ICAM2,0.678960918542661,5.01987752249077,2.19993327599798,0.138016711598939,0.823213646921995
SNX13,0.605654191796719,5.18787939556299,2.1981528435662,0.138176226992191,0.823213646921995
MEMO1,-0.470593728977787,4.84807234581735,2.19793826608896,0.138195465719066,0.823213646921995
AGA,0.51923233994588,5.25767765589685,2.19673600649179,0.138303314264115,0.823292574583169
LRRC75A,0.351575817032675,5.76593529398131,2.19283771258079,0.138653659916818,0.824383987922106
GPN2,0.626835995345162,4.53324004684205,2.19258832184234,0.138676106896238,0.824383987922106
ISYNA1,0.697471636752576,4.11659604325635,2.18752300468439,0.139132905620558,0.826171969386067
PEX3,0.687646515725712,4.24509153203324,2.18613477500059,0.139258393029834,0.826171969386067
MYCBP2,0.262065179913603,7.83179952784079,2.18384149287747,0.139465969883919,0.826171969386067
PNRC1,0.20487634319911,9.14457257460005,2.1838258331503,0.139467388520076,0.826171969386067
PAGR1,0.576295373712684,4.90110090481242,2.18297132624362,0.139544824029956,0.826171969386067
RASA3,0.543625059089074,4.88180117520641,2.18197117489351,0.139635519151387,0.826171969386067
EGR2,1.03737816027865,3.91384185718938,2.18190652211819,0.139641384231518,0.826171969386067
FAR1,0.453438811460703,5.66819141569671,2.17969741824541,0.139841952863713,0.826796546041367
ACOT9,-0.823202685057333,4.90767516928226,2.17715123291661,0.140073527015035,0.827273624230808
TMEM39A,0.693331922141901,4.22898320811954,2.17545862149122,0.140227707314171,0.827273624230808
ZNF254,0.719662648230076,4.39636530602679,2.17447052136516,0.140317801628096,0.827273624230808
NUDT3,0.355571760460255,5.83609587411967,2.172665197742,0.140482577759773,0.827273624230808
EFCAB14,0.27265557530964,6.62952032480358,2.17113924619627,0.14062202442289,0.827273624230808
FBLN5,0.685696653151144,4.65471167786468,2.16945355839423,0.140776249090125,0.827273624230808
HERC6,-0.536303673509532,4.85017410440463,2.16768100425751,0.140938626181563,0.827273624230808
NAE1,0.370522966728702,5.65394361672313,2.16669062831535,0.141029442452228,0.827273624230808
WEE1,-0.610393492522906,4.72862913223056,2.16646074748566,0.141050531645004,0.827273624230808
ACTR2,0.186831761969161,8.50662987332772,2.16644555241632,0.141051925760572,0.827273624230808
HLA-DPB1,0.628204623094926,7.09008191565872,2.16633080856778,0.141062453766556,0.827273624230808
CIC,0.565020673013393,5.02597471883622,2.16632138752803,0.141063318207345,0.827273624230808
TMEM181,-0.373797903151549,5.78343489566577,2.16178461770063,0.141480288356565,0.828854767805179
ATG101,-0.382318895984872,5.60423447177998,2.16080060747306,0.141570910468108,0.828854767805179
ARL4A,-0.392801770688299,5.99743225462453,2.16028260647389,0.14161864181619,0.828854767805179
NDC80,-0.74932326543666,4.09093344345137,2.15649568709645,0.141968138588593,0.830341875091751
HDAC9,-0.774421583622099,3.77956780243392,2.15363465525282,0.14223282777111,0.830644636775067
PWWP3A,0.379604825385583,5.27279960732823,2.15315708524726,0.142277064316232,0.830644636775067
PRPF39,0.635721931796233,4.71470296710183,2.15232015831363,0.14235462483673,0.830644636775067
TXNRD2,-0.660230784152332,4.23720825769918,2.15181268176814,0.142401677360496,0.830644636775067
IL12RB1,0.606657670749682,5.35035444075507,2.14940894086406,0.142624786658985,0.831140534370782
ATP6AP1,0.330502679725727,5.95502826329504,2.14728473491824,0.142822277496562,0.831140534370782
RHOC,0.474504521238501,6.23895214996839,2.1469053056603,0.142857586014769,0.831140534370782
TPD52,-0.434874251121075,5.41215343904673,2.14678596534197,0.142868693487153,0.831140534370782
SLCO3A1,-0.447626753794213,5.65550732443443,2.14538823541712,0.142998858056923,0.831305827754502
TTC9C,-0.506410352267428,5.10807086546638,2.14443027905647,0.143088145464351,0.831305827754502
MT1E,-0.649435860426385,4.33927558230993,2.14232777997065,0.143284331278873,0.831763230891266
ABCA7,-0.572478368983054,4.7704951467439,2.14083241250553,0.143424049371855,0.831763230891266
RAD21,0.241830158574824,7.91094987775768,2.1402954023753,0.143474261762832,0.831763230891266
MAU2,-0.545228000206001,5.00216902518416,2.13949473474666,0.143549163828413,0.831763230891266
UBXN4,-0.164888300520456,8.19785127108495,2.13767677333262,0.143719396703841,0.831916395153631
BTG2,0.393645681899681,7.6021180623819,2.13717122027172,0.143766776779394,0.831916395153631
RILPL2,0.511036464685703,5.75727101988804,2.13417477247354,0.144047962984405,0.83260399117544
GMPR2,0.482437853959353,5.20968554395961,2.13062161034644,0.144382193964064,0.83260399117544
TBC1D2B,0.345509493650685,6.31046634799566,2.13006050822956,0.144435054276342,0.83260399117544
SFMBT1,-0.627379189573376,4.21745778213325,2.12920890102278,0.144515324143511,0.83260399117544
DUT,0.240252135322002,6.75011243529243,2.12863708303316,0.144569250136872,0.83260399117544
VAMP1,0.43381248428256,5.01929194822448,2.12776277676474,0.144651746482655,0.83260399117544
DROSHA,0.599307274295914,4.3475689210683,2.12595407274023,0.1448225775599,0.83260399117544
CRTC2,-0.512598841728098,4.65389831990794,2.12478126815552,0.144933469753976,0.83260399117544
ZNF324,0.696639473307794,4.08315376432403,2.12383143524522,0.145023349420538,0.83260399117544
TBCD,0.423520246198332,6.49594653104272,2.12246735040645,0.145152538308531,0.83260399117544
CDC34,-0.426500751439803,5.51231254830556,2.12172754409358,0.145222657651496,0.83260399117544
RXYLT1,-0.590866580536269,5.02997744217957,2.11986314695839,0.145399535845425,0.83260399117544
ELP3,0.545144882318586,4.61649823732505,2.11883002343921,0.145497654384013,0.83260399117544
TPRG1,-0.53758220119489,4.42642500577529,2.11645348002473,0.145723644568009,0.83260399117544
MZB1,0.691352666754511,4.46403798611371,2.11614243059102,0.145753252141353,0.83260399117544
SMAD2,-0.284098156479343,6.3834608387117,2.11612314835111,0.145755087765208,0.83260399117544
QDPR,-0.637267419676055,4.58969034989885,2.11477860120774,0.145883149779463,0.83260399117544
RNF138,-0.427884748285188,5.06180248929278,2.11473788294946,0.145887029987204,0.83260399117544
RASSF1,0.260902325611527,6.62464810276141,2.11442121239696,0.145917210778251,0.83260399117544
ZNF277,0.463702788520986,5.41426949252626,2.11406306156025,0.145951353397006,0.83260399117544
CSNK2A2,0.446486071681331,6.02890465549236,2.11353825668089,0.14600139946225,0.83260399117544
RB1,-0.37540187661536,5.52151267527728,2.11299425050435,0.146053297012088,0.83260399117544
BCL2L13,0.465637315278921,4.98073534760601,2.11265175640681,0.146085981216235,0.83260399117544
NPIPB4,0.549430202478507,4.42011152095098,2.11112308130054,0.146231963239715,0.832890560258663
CRELD2,0.421128548233245,5.77161625615672,2.10885386473002,0.14644896729829,0.832967921557825
C1orf52,-0.367615399204629,5.47335593946552,2.10775392002024,0.146554285141554,0.832967921557825
SUPV3L1,0.55176333025638,4.80441919378322,2.1065428786538,0.146670339121492,0.832967921557825
DHCR7,0.658962254570225,4.28039749921934,2.10597220647161,0.146725062515114,0.832967921557825
XPO7,0.509039713049555,4.97015863048787,2.10526881090909,0.146792544828276,0.832967921557825
TOPBP1,0.42302942990131,5.38693609081725,2.1049847360807,0.146819808303999,0.832967921557825
SLX4,1.13149913812301,3.93904807241922,2.10044740080949,0.147256044675569,0.834290889549792
CLN5,-0.553437804008588,5.28071144159738,2.09829736949148,0.147463267336249,0.834290889549792
MIEF1,0.47301135832773,4.85920753431741,2.09752965193378,0.147537340624693,0.834290889549792
ERCC6,-0.472310376881108,4.80109674901153,2.09616906607266,0.147668720054559,0.834290889549792
SLC37A1,0.515900945867234,4.61287380304918,2.09570412316566,0.147713645643191,0.834290889549792
KCNAB2,0.287985264339081,6.26690632267424,2.09330757369866,0.147945459598538,0.834290889549792
PSMB8-AS1,0.331772868464789,6.73656532267314,2.09325980254384,0.147950084590517,0.834290889549792
EZR,-0.350976378511474,8.7208158332438,2.09298292010902,0.147976894338932,0.834290889549792
PTMA,0.108641783817509,11.9828038301834,2.09263997024346,0.148010108816223,0.834290889549792
SNRPD3,0.217406608402732,7.07982502850475,2.09105315142281,0.148163900841745,0.834290889549792
EXOSC8,0.399435882642836,5.81094099372961,2.09077741507891,0.148190643179905,0.834290889549792
PIK3CD,0.290982958574318,6.48722364114425,2.09064646375561,0.148203345426172,0.834290889549792
TRIM73,0.44189750563109,5.11888320055003,2.08819917008501,0.148440958678145,0.834549555395966
MPZL1,0.846550197459881,3.84595001061987,2.08819793051543,0.148441079139717,0.834549555395966
ANKH,0.341706346692042,5.66029175872465,2.08567503342788,0.148686483662695,0.835389585097763
XCL2,0.706565978014778,7.88116619044729,2.0827613503412,0.14897047079323,0.836332279432147
MAP3K20,0.579402572523901,4.2723398853194,2.08148227598556,0.149095331504099,0.836332279432147
FGL2,-0.703419653226132,4.20796711878196,2.07929336774283,0.149309282864852,0.836332279432147
CCDC6,0.419196046783439,5.27150338080226,2.07927833873629,0.149310753050074,0.836332279432147
CIAO3,0.393880179895387,3.65039992074549,2.07894070618203,0.149343785653337,0.836332279432147
RABAC1,-0.218157770462165,8.3126496101626,2.07722782160224,0.14951149464953,0.836332279432147
ZMAT1,0.567905628411838,4.40396212739142,2.07676122671415,0.149557215967265,0.836332279432147
LMTK2,0.717622833154693,4.01430325303745,2.07575973133402,0.149655405201929,0.836332279432147
NDE1,0.409239727183064,5.29225088852609,2.07360684232076,0.149866726907541,0.836332279432147
METTL21A,0.697874739009961,4.50786556196514,2.07248864271117,0.149976619436391,0.836332279432147
SIDT1,0.602183389779212,4.51626582720315,2.07067626113718,0.150154927185633,0.836332279432147
MPG,-0.342730712855342,6.12132225866511,2.07046692138271,0.150175538122973,0.836332279432147
ATG10,0.698965803974335,4.33006120618889,2.0697875988848,0.150242444131897,0.836332279432147
MVK,0.759657224226339,3.99460106930218,2.06883050354759,0.150336765012651,0.836332279432147
TRMT10A,0.809627751682211,3.76165644386964,2.06802214981416,0.150416479714088,0.836332279432147
MAPK1,0.286896355728807,6.87961857807122,2.06710804278453,0.150506680739053,0.836332279432147
CNOT9,0.399336689080526,5.45749157695806,2.06638517141257,0.15057805459461,0.836332279432147
THEMIS,-0.429883660328643,6.69162228033176,2.06632482300191,0.15058401492246,0.836332279432147
CEP162,0.652610321811356,4.2938892022803,2.06125824060425,0.151085370598548,0.838581620101509
SNAPC2,-0.439460990848631,5.20329881721153,2.05945398393155,0.151264363840875,0.838856934153275
MPC1,-0.246172530175681,6.53776289304657,2.0588156540527,0.151327747514724,0.838856934153275
STAU2,-0.462343794307927,5.12569929846503,2.05692039176737,0.151516116894166,0.839032696228371
TRNT1,0.525614541589721,4.95215487347923,2.05454974500211,0.151752108312776,0.839032696228371
STK11,0.452433330710277,5.52153415287245,2.05435358437229,0.151771654202259,0.839032696228371
AFF4,0.36872125870024,6.15755247920857,2.05372729989379,0.151834077687007,0.839032696228371
SRP14,-0.130070101577272,9.69897219305597,2.05365294227488,0.151841491044431,0.839032696228371
SPAG1,0.827039449380951,3.79117290779366,2.05134331386706,0.152071962185933,0.839080042478998
SLC35A5,-0.693903341768406,4.11902086153845,2.0512678985525,0.152079494337952,0.839080042478998
MRPS12,0.289571514721835,6.28992816721527,2.05066927128768,0.15213929760219,0.839080042478998
PLEKHA1,0.425780486261116,5.48100905405833,2.04876218369052,0.152329994584276,0.839427778906731
ATR,0.401295964989131,5.98692325875685,2.04811017579477,0.152395253438198,0.839427778906731
SAMD4B,-0.625590942194942,5.43068716685939,2.04449479826547,0.152757688349609,0.840055771620729
GDAP2,0.627872030312216,4.73241971021813,2.0441566499492,0.152791637003544,0.840055771620729
ERG28,0.49363135367854,5.43562864563681,2.04408493551512,0.152798837926648,0.840055771620729
HIBADH,0.755301067433197,4.17629048288654,2.04246960192327,0.152961137227531,0.840417157380812
FBXO22,0.406289114686541,5.4251582117074,2.0414281688159,0.153065877924401,0.840462041372908
FCHO1,0.608887258110768,4.47564782703045,2.03902384234638,0.153308000333581,0.841260735752305
WDTC1,0.50571997596748,4.67773710931556,2.03714171424204,0.153497838848204,0.84177170226586
WASHC2C,0.529806123846802,4.93577704674477,2.03379637870534,0.153835920147,0.842744989648253
NSRP1,0.318674497110758,6.71635453697064,2.03228514323419,0.153988923165017,0.842744989648253
PNPO,0.897707775510457,3.72759568825035,2.03158759807867,0.154059603397603,0.842744989648253
SPINT2,0.573817366826016,4.49796291471417,2.03154652583929,0.154063766275614,0.842744989648253
ELK1,0.51127031805686,4.65126268319264,2.03060245344057,0.154159487937495,0.842744989648253
HSPA1A,0.728635261027699,6.8274920191629,2.02951662674213,0.154269665809561,0.84281789173924
FAIM,0.570351552198856,4.55002570758187,2.02603639827182,0.154623403919474,0.8431608419941
XRRA1,-0.561281343630285,5.35252444782829,2.02564745314394,0.154662994296823,0.8431608419941
TUBB4B,-0.252789972500222,6.72048129268833,2.02553384805535,0.154674560227572,0.8431608419941
GPSM3,0.195897834208244,7.88327181678286,2.02508794736387,0.154719966065101,0.8431608419941
ZNF44,0.474555362286865,4.89126458092962,2.01922922131963,0.155317964319558,0.84523046695763
ABHD12,-0.575616753382952,4.64068421940009,2.01905080612135,0.15533621621669,0.84523046695763
PRKAR1A,0.279080505039475,7.10313513292328,2.01831177768297,0.1554118448533,0.84523046695763
SNHG3,0.530602044189932,5.75806301090852,2.01756586990191,0.155488219878107,0.84523046695763
TOLLIP,0.52313109122509,4.92169331203562,2.01656558826791,0.155590707659036,0.845259630934202
MYLIP,0.550003518851302,4.41184290664279,2.01309687823179,0.155946702603748,0.845691284844061
KANSL3,0.623458503289304,4.73658415181178,2.01131254381969,0.156130189719699,0.845691284844061
DENND1C,0.480574132975168,5.05189994843684,2.01089531083758,0.156173130088859,0.845691284844061
XCL1,0.569223251290232,7.26120571347328,2.01051690199931,0.156212086393843,0.845691284844061
PSMA3,0.345588301871079,6.70099887534845,2.01034599795722,0.156229684183542,0.845691284844061
SEM1,0.147857624588003,7.85086032338401,2.0101176692246,0.156253198440681,0.845691284844061
PTPN22,-0.181585631752626,8.16224863456687,2.00725775241875,0.156548065569758,0.84676060575115
NENF,0.328029538085959,6.43830765798496,2.00523521745246,0.156756977442326,0.847363959428923
TRPT1,0.558598218685483,4.67324862554979,2.00415557697306,0.156868625447676,0.84744112183186
SRSF9,0.181104306441103,7.62175163341632,2.00247426335181,0.157042673798265,0.847855080686292
PMAIP1,-0.592565751809462,6.29843995192623,2.00009454967128,0.157289395328816,0.848660637040722
EID3,0.605554896565358,4.36404430440416,1.9989319410813,0.157410091274783,0.848785640870159
SLC37A3,0.665664592488897,4.30732734300757,1.99525964028143,0.15779202252286,0.849888129702644
TCF12,0.407691246771708,5.14805912671107,1.99508837192793,0.157809860691655,0.849888129702644
CCDC14,0.420570450601257,5.67082289634952,1.9906981432136,0.158267901487942,0.850447460379493
TMEM184C,-0.605382892085309,4.17376622469019,1.99013965104517,0.158326278376304,0.850447460379493
FAM193B,0.721198684683181,4.26776111852874,1.98934895356935,0.158408968626445,0.850447460379493
PHKA2,0.66238913364912,4.05571226478291,1.98893806240359,0.15845195856149,0.850447460379493
MAP2K1,-0.479454539573154,5.82476429314709,1.98848530337911,0.158499344339591,0.850447460379493
SRRT,0.364895087008398,5.54581084060546,1.98847873163477,0.158500032257329,0.850447460379493
FBXL17,0.537430322821781,4.69254395735957,1.98658971998823,0.158697911329135,0.850723963473793
LASP1,0.269373525916952,6.53711836722356,1.98612088926062,0.158747066147471,0.850723963473793
FAM3C,-0.423188253100166,5.65872104496154,1.98181204238598,0.159199641972058,0.852624297897119
ATL2,-0.515994193687473,4.66547188219204,1.9805698542359,0.159330386689659,0.852799726543728
SERPINB8,0.896227766101754,3.77031914492606,1.97726345673072,0.159678992983756,0.853660908745587
HINT3,0.543619430868465,4.60385183109292,1.97718325796924,0.159687459432129,0.853660908745587
OTULINL,-0.326150568655044,5.88830438854812,1.97532830825592,0.159883426088248,0.853898640859528
PRAG1,0.697338657165372,3.9487311585242,1.97298428555617,0.160131452875796,0.853898640859528
PBX2,0.537699952313908,4.85587817216875,1.97252970315854,0.160179604079586,0.853898640859528
APPBP2,0.424075042776485,5.112723864903,1.97110714892749,0.160330393381913,0.853898640859528
PPP3CA,-0.26686775508503,6.99306077715119,1.97079696047299,0.160363294515789,0.853898640859528
CASP10,0.890728155925694,4.139716079812,1.97057757285263,0.160386569212259,0.853898640859528
RPS15,0.130089569780893,11.8240615663362,1.96977269328199,0.160471991356225,0.853898640859528
SLC38A5,-0.592191087956056,4.41908035562948,1.96846148166122,0.160611261737319,0.853898640859528
FBXO48,0.756413089036396,3.93355599433102,1.96707449290916,0.160758730723472,0.853898640859528
RPL17,0.274333229163093,11.5514074405434,1.96614661095421,0.160857472188741,0.853898640859528
TSPAN17,-0.476741663133348,4.91733982324552,1.96401386140105,0.161084692990302,0.853898640859528
FLI1,0.354465351883085,6.1225304876825,1.96216365992092,0.16128210785784,0.853898640859528
PLIN2,-0.320615929528109,5.95331701931587,1.96208397591111,0.161290616265069,0.853898640859528
P3H1,0.630515011387281,4.38354138090829,1.96197276354681,0.161302492026132,0.853898640859528
TET1,-0.75405301967563,3.78699371715941,1.96167809446884,0.161333962948539,0.853898640859528
HSP90AA1,-0.138537971047732,10.011039968134,1.96146437491009,0.161356792769815,0.853898640859528
MTHFS,0.37271578655593,5.43374188655527,1.96106099441034,0.161399892475459,0.853898640859528
UBR3,0.517461036495108,4.95091142086687,1.95841014131537,0.161683453088479,0.854003656367684
PACSIN2,-0.513245894164689,4.59237930117744,1.95533346593167,0.162013276410694,0.854003656367684
PGK1,0.16578098334091,7.9549397147128,1.95512059074829,0.162036125260915,0.854003656367684
SDHC,0.281631817871601,6.34531470838727,1.95472848813704,0.162078221018832,0.854003656367684
CERK,0.362054432591541,5.75565468247272,1.95293643672218,0.162270772819028,0.854003656367684
NMUR1,0.893366724651566,4.5576938098107,1.95257406447675,0.162309740599735,0.854003656367684
ST7,-0.831874454125206,3.60032897754666,1.95255659592207,0.162311619354428,0.854003656367684
SENP7,0.292505608192026,6.43986632083306,1.9504892927376,0.16253413453239,0.854003656367684
MYCBP,-0.420071967048749,5.36634091465018,1.94984891478348,0.162603132526821,0.854003656367684
UBL4A,0.470518040347983,5.15429349078173,1.94954873639377,0.162635486975572,0.854003656367684
EIF1AD,0.533507634053719,4.70410335772141,1.94592587717347,0.1630265535685,0.854003656367684
PPA2,0.489867758695013,5.18315759681345,1.94326303399573,0.163314676552737,0.854003656367684
PCGF3,0.542521694221511,4.43343555071595,1.94298739675409,0.16334453404228,0.854003656367684
GZMA,0.280316120793548,10.3649171579983,1.94246555014978,0.163401078417316,0.854003656367684
RHBDD1,0.613169358364296,4.2472276692233,1.94210245729681,0.163440434311906,0.854003656367684
NAF1,0.539917408757904,4.46433555133347,1.94127105737748,0.163530591123868,0.854003656367684
ZFP1,-0.734952941403682,3.71895751701174,1.94110627526983,0.163548466800224,0.854003656367684
HDGFL3,0.627596886151688,5.00902673847998,1.9380040675434,0.163885413293681,0.854003656367684
PARL,0.478897254410491,5.65567202886085,1.93692565188007,0.164002731172462,0.854003656367684
DFFB,0.847494271255596,3.82468562404396,1.93606061148057,0.164096905894017,0.854003656367684
GPS1,0.38366047675091,5.41820343022997,1.93556082660374,0.164151344347337,0.854003656367684
ZNF585A,0.469601121685392,5.4528558395569,1.93548714714822,0.164159371536572,0.854003656367684
ZNF747,0.763090743350957,3.76072497876321,1.93138215169888,0.164607309853357,0.854003656367684
CCDC77,-0.770814248850725,3.88454459931202,1.93015625767536,0.164741350534332,0.854003656367684
PPTC7,0.421822894157324,5.41995305568308,1.9296444447529,0.164797349671694,0.854003656367684
ANAPC13,-0.3607725039343,5.52967133396862,1.92807045376297,0.164969701621158,0.854003656367684
TNFAIP8L2,0.790750239808592,3.82676042153926,1.92723103025172,0.165061702714588,0.854003656367684
SCLT1,0.486129431582186,5.18293906087086,1.92567485243313,0.16523241554945,0.854003656367684
LRRC42,-0.738859619160407,3.94957338521421,1.92554042590793,0.165247171621008,0.854003656367684
ZDHHC20,-0.422391781983041,6.01952305606414,1.92503498702619,0.165302667404153,0.854003656367684
ZNF268,0.786223815159119,3.86173056584938,1.92461764955905,0.165348505962001,0.854003656367684
PUM1,0.280057795101408,6.60540975672621,1.92444029843968,0.16536798984964,0.854003656367684
GPR137B,0.533279936293848,4.68670748731896,1.92081773316855,0.165766541968296,0.854003656367684
PHRF1,0.453472897378202,5.03508164083122,1.92038409955862,0.165814323629918,0.854003656367684
ZNF718,0.858603877745173,3.4841374545775,1.92005975875326,0.165850072724877,0.854003656367684
POLK,-0.34411269827982,5.8722036211362,1.92003624685289,0.165852664567509,0.854003656367684
ATP5F1D,0.169118301635188,8.43299417668851,1.91998521182237,0.16585829059156,0.854003656367684
ZNF394,0.409500656292546,5.63409307393307,1.91844900356807,0.166027742099438,0.854003656367684
PHC2,-0.502477993716676,5.07875686129136,1.91821630539185,0.166053427151071,0.854003656367684
AGTPBP1,0.668710959004247,4.65614807319978,1.91492505481016,0.16641720035036,0.854003656367684
SFSWAP,-0.295381990132911,6.2774748971316,1.91395058469015,0.166525080882983,0.854003656367684
SDR42E2,0.611085753714408,4.09759231552876,1.9136431019509,0.166559137945551,0.854003656367684
NDUFAB1,0.211602375682664,7.00686874146676,1.91340090317042,0.166585969712004,0.854003656367684
RPL22,0.13673078095886,10.7046512679215,1.91201513753188,0.166739585647587,0.854003656367684
HNRNPH1,0.169375154776551,8.91156894874907,1.9115084786964,0.166795790653405,0.854003656367684
VAV3,0.475560960356216,4.82043449490353,1.91035768504007,0.16692353184304,0.854003656367684
CRADD,0.701065004048115,4.09719226006302,1.90986284139254,0.166978495253897,0.854003656367684
CBLL1,0.475696853643505,5.4046168045412,1.90914252219437,0.167058539789107,0.854003656367684
KMT2E,0.168574944579755,8.11439680172025,1.90856160410229,0.16712312556448,0.854003656367684
PRPF4B,-0.214376222182849,7.87696224220332,1.90810993157337,0.167173361732433,0.854003656367684
EXTL3,0.629605070065311,4.03906259284825,1.90799221746216,0.167186457035976,0.854003656367684
AP3M1,0.451036721356021,5.01360239320237,1.90744066429138,0.167247831142459,0.854003656367684
MRPS30,0.428111757986457,5.49281163659809,1.90667266454479,0.167333333336369,0.854003656367684
CREBZF,0.352387249637841,6.56200587458477,1.90599129220805,0.167409233126208,0.854003656367684
COPS8,-0.409247275118573,5.47785474662516,1.90594142819038,0.167414789153643,0.854003656367684
KMT2C,0.230426639521869,7.09250698045267,1.90500443196911,0.167519231912581,0.854003656367684
RC3H2,0.331365846898287,6.15706355786917,1.90486262956296,0.167535044491014,0.854003656367684
SHMT2,-0.39521828530389,5.32565620344239,1.9047670380147,0.167545704998851,0.854003656367684
SNX4,0.552968141757079,4.99110873393167,1.90380323615712,0.167653233002923,0.854003656367684
DERL1,0.246354354620047,6.55583658679246,1.90226977888949,0.167824478471283,0.854003656367684
UBA2,0.290022227701018,6.4469096040098,1.90140099622482,0.16792158679403,0.854003656367684
ZNF780A,0.525099221409108,4.51724897745133,1.89954863059776,0.168128850329821,0.854003656367684
LENG8,0.284765372370928,6.89837465349524,1.89938645200987,0.168147010650229,0.854003656367684
CCDC59,-0.239262439461269,6.81657969044847,1.89931077676054,0.168155485329539,0.854003656367684
ITCH,0.303765149178769,5.81661451786326,1.89834112113975,0.168264117936656,0.854003656367684
PMVK,-0.32921829200194,6.1349246731647,1.89828795477076,0.168270076605031,0.854003656367684
IL18RAP,-0.589555192400863,5.11607340347398,1.8975972861534,0.168347505890626,0.854003656367684
NKIRAS2,0.549609248923202,4.57736257329802,1.89728470877341,0.168382561651376,0.854003656367684
EEF2K,0.548812268692544,4.36406468163889,1.8960586474571,0.168520146045004,0.854003656367684
TOMM6,0.474729512907477,7.57106779143309,1.89568089574519,0.168562562011535,0.854003656367684
UBA52,0.115755517097194,11.0022461523535,1.89462312270085,0.16868139951535,0.854003656367684
ATRX,0.157928045349543,7.86849005581708,1.89411245281554,0.168738806062829,0.854003656367684
MFN1,0.533944008512636,4.97674328887209,1.89411033550294,0.168739044125459,0.854003656367684
ZNF669,0.61303659648473,4.12113185813108,1.89410262776402,0.168739910757756,0.854003656367684
DPP4,-0.593429805118582,5.98537847222634,1.89257901504782,0.168911320913695,0.854003656367684
LITAF,0.331438582018354,6.97773455095414,1.89106076319321,0.169082326600657,0.854003656367684
ANKRD28,-0.410472245709024,8.05486843745228,1.88862557305125,0.169357024860516,0.854003656367684
SPIN2B,0.717931801511238,3.94989166513608,1.88818250410537,0.169407059663414,0.854003656367684
RERE,0.462261697589154,5.03517957560276,1.88781781682245,0.169448255720149,0.854003656367684
TM9SF4,-0.447347697878385,4.92246886048489,1.88754193356257,0.169479427870786,0.854003656367684
RNF145,0.315363291491837,6.07201306890717,1.88717268719912,0.169521159447916,0.854003656367684
ULK2,0.722357258211154,4.16886328076024,1.88695666021066,0.16954557990554,0.854003656367684
IGFLR1,0.62361396485835,5.91996574487866,1.88679086484995,0.169564324738982,0.854003656367684
PEAK1,0.696469176635131,3.92377373995565,1.88394405472759,0.16988655648759,0.854499171648354
TPRKB,-0.370023765286723,5.90966668474529,1.88344152771542,0.169943510686813,0.854499171648354
SCYL1,0.4816331980248,4.92931626865229,1.88332020884841,0.169957263716339,0.854499171648354
RPIA,0.386959311939463,5.42346343694417,1.88058311639192,0.17026788755958,0.855566642858557
SAP30BP,0.27447389111719,6.09399698124975,1.87764697827338,0.170601825164287,0.856749962149332
OBSCN,0.806172841439069,4.14213241586051,1.87671448218284,0.170708038595028,0.856788961875736
SRSF7,0.270987077253627,8.83463724845996,1.87530929847005,0.170868235676585,0.857098706105659
MTA3,0.662312302022206,4.15575304509345,1.87371145894603,0.171050606171898,0.857519254328355
ACTR5,0.768703747883042,4.07649214424032,1.87144966635686,0.171309139747135,0.857768887926302
RAP2B,0.39030066136325,5.93138415774001,1.87129194127136,0.171327185205008,0.857768887926302
SRBD1,0.641746764998525,4.5776567600013,1.87068993461027,0.17139608136319,0.857768887926302
CENPK,0.690032020114619,4.54558119344569,1.86872035711102,0.171621710569606,0.85840445234901
C21orf91,0.296747803061342,5.99922230616601,1.86671526019052,0.171851759432103,0.859025238225227
FADD,0.614460027554203,4.66866944548306,1.86591882888913,0.17194323394098,0.859025238225227
GRK5,0.668338921432894,4.18450053788959,1.86433967081272,0.172124774457859,0.859038402199825
PERP,0.36670237379541,5.73604824740616,1.86371189369039,0.172197005111144,0.859038402199825
TRMT61B,-0.573039577212533,4.34558662365037,1.86212912013522,0.172379270276835,0.859038402199825
CCDC88B,0.335494840893629,6.00597403798371,1.86019221299434,0.172602617768526,0.859038402199825
ARPC4,0.207708069509289,7.93286741892099,1.85706171909981,0.172964303372373,0.859038402199825
EIF4H,0.286625019225253,6.68668821902961,1.85620268794053,0.173063704999329,0.859038402199825
ACIN1,0.260560049957872,6.44603980374305,1.85558966614138,0.173134680165221,0.859038402199825
FPGS,0.458282717482243,4.76142628732733,1.85545950877848,0.173149753988014,0.859038402199825
WASHC4,0.371237901333583,5.72769762775414,1.85525824428524,0.173173065863045,0.859038402199825
MAN1A2,0.321025997609037,6.2177816123437,1.85363937739661,0.173360705841101,0.859038402199825
GGA1,-0.515382597859882,6.40561897179607,1.85354575508966,0.173371564589068,0.859038402199825
WDFY2,-0.441852432495008,5.39075496988843,1.85349754839291,0.173377156129825,0.859038402199825
HMOX2,0.216629628935353,6.7601500841936,1.8530176009414,0.173432837010774,0.859038402199825
CEBPB,-0.186269132415613,8.26742631111656,1.85260487403894,0.173480735786141,0.859038402199825
ZNF791,0.278051963334237,6.57440584843558,1.85233982630373,0.173511503769879,0.859038402199825
HPF1,-0.425766310746629,5.72058134313216,1.85213842423106,0.173534887665272,0.859038402199825
GALNT11,-0.349930109355884,5.71387236994962,1.85137230905371,0.173623871017981,0.859038402199825
TMCC1,0.635314517578528,4.4811752789982,1.8500769544951,0.173774444362135,0.859294880274807
CD2BP2,0.295823529093184,5.95442154614625,1.84864808900332,0.173940711509522,0.859628627068356
TASOR2,0.46757302143155,4.95195022952676,1.84769363588429,0.174051876597602,0.859689830890424
CEP295,0.551785170135682,4.63252950630743,1.84666525143826,0.174171744006148,0.859793924041695
RPL7L1,0.379282369319218,6.4445679010507,1.84465599211823,0.174406215514096,0.860463318378217
SEC14L1,0.403080561850098,5.78124297802549,1.84295106842124,0.174605457508994,0.860958241756814
EIF2D,-0.488173014632573,4.6680016861084,1.84083197781615,0.17485346566613,0.861385547503124
REPIN1,0.499307578200485,4.60613067300947,1.8405195239652,0.174890068072851,0.861385547503124
RPS5,-0.177208900092066,10.7859549834505,1.83895412638881,0.175073579507082,0.861801675593968
ZUP1,0.588674957840365,4.38083281560673,1.83800367741148,0.175185108797587,0.861863200602263
SETDB2,0.482598631102892,5.12226415819801,1.83644763756574,0.175367877184491,0.862274935105437
PSMD3,0.361392055818795,5.71967007432795,1.83408643955353,0.175645637210221,0.863153009960787
FBXL12,0.549377574006768,4.44013738742944,1.82847830228567,0.176307386607364,0.865916018986392
ATP6V1H,-0.36173052596409,5.61578591312971,1.82670592215063,0.176517121534681,0.866244364835517
MRPL50,0.395427273773715,5.58805456515622,1.82575932713513,0.176629254902761,0.866244364835517
SNW1,-0.289522506857445,7.15210606983468,1.82539156193619,0.176672842420205,0.866244364835517
SLC39A4,0.549870971429265,4.5364619747656,1.82344537737342,0.176903710809734,0.866539298804886
TANGO2,0.512174537932202,4.59493164634488,1.82320600420595,0.176932130756783,0.866539298804886
ORMDL1,0.230166011481594,7.58537587392071,1.82016055664691,0.177294166444227,0.867394545579304
CDK8,0.672219994604194,3.97953756210089,1.8200603821992,0.177306089461747,0.867394545579304
UBXN6,0.445795877722152,4.98034924672996,1.81875562478221,0.177461469557501,0.867577245458057
AHCYL1,-0.339991761276695,5.77235541705063,1.81807311988588,0.177542809854165,0.867577245458057
SLC35C2,0.42565145560194,5.33518444857323,1.81625548410382,0.177759643994063,0.867999190269657
MRM2,0.518522389697224,4.64448370613177,1.81567774826959,0.177828628777525,0.867999190269657
COX7C,0.138795355543155,9.50140074906644,1.81140335788061,0.178339975570505,0.868686878224994
TRIP11,0.370520577112714,6.25927850372593,1.80804113324342,0.178743393124239,0.868686878224994
DBI,0.132290718133415,8.35050148171631,1.80797586908876,0.178751234287408,0.868686878224994
LY6E,-0.224792008175214,8.65776508450311,1.80760588459237,0.178795693595275,0.868686878224994
PSPC1,0.327903113757066,5.64026831540909,1.80706725585099,0.17886044093447,0.868686878224994
RAB3IP,-0.41918066875626,4.9642519959679,1.80604019892094,0.178983976213069,0.868686878224994
ELK3,0.525753244484574,5.42668723448761,1.80535419498038,0.179066544268464,0.868686878224994
EIF2B1,0.336192999764621,5.80078572575852,1.8050989125307,0.179097281532191,0.868686878224994
SLC3A2,-0.182663954674504,7.39227978540806,1.80409787730732,0.179217869948875,0.868686878224994
P2RY10,0.332655266689718,6.08557437794808,1.80384506015448,0.179248340081415,0.868686878224994
GTF2H1,0.503716295545923,4.74298996567255,1.80376476784534,0.179258018356699,0.868686878224994
C14orf119,0.456689385643201,5.95210578007777,1.80243241076285,0.179418706230554,0.868686878224994
MLXIP,0.451888523717499,5.30387520796718,1.80196399042503,0.179475239248325,0.868686878224994
LXN,-0.769425615004922,3.98974792686085,1.80123771191951,0.179562933539283,0.868686878224994
ANXA6,0.180828881731483,7.34433841890492,1.80062054175974,0.179637492507376,0.868686878224994
ZFP36L1,0.214132986526867,8.60315722649888,1.79980600685675,0.179735949473246,0.868686878224994
RELB,0.565772794763511,5.06482441960719,1.79925536912348,0.179802543194853,0.868686878224994
ZMYND11,-0.335544403098685,5.81398780352871,1.7988776685024,0.179848238525613,0.868686878224994
POP7,-0.426310653377213,5.13338488138209,1.79639815470243,0.180148551059315,0.868686878224994
SRSF3,-0.209161437897056,8.54208390045483,1.795906850155,0.180208125460949,0.868686878224994
CPD,0.35377315247794,5.66794905077964,1.79560355698014,0.180244913433156,0.868686878224994
MTPN,0.222489802401432,7.53034710599007,1.79558911262787,0.180246665678814,0.868686878224994
ZDHHC2,0.42024111021989,5.63580617485004,1.79510079139811,0.180305915564858,0.868686878224994
RPL15,0.082639446391421,11.1648267661985,1.79323191333852,0.180532881903805,0.868686878224994
GON4L,0.250660547519426,6.46313005874767,1.79266777427329,0.180601458837537,0.868686878224994
CEBPG,-0.31695573541528,6.24478063518222,1.79200959245739,0.18068150573658,0.868686878224994
MLLT6,0.336070958159556,6.91940911454452,1.7906994245889,0.180840968238639,0.868686878224994
TUT1,0.706921571913987,3.96169757522836,1.79040401120996,0.180876945941202,0.868686878224994
LDHA,0.234537040305538,8.09843143152866,1.7903287919101,0.180886108046288,0.868686878224994
TMEM218,0.524900478926227,4.56588216079485,1.78968985040396,0.180963956132588,0.868686878224994
BDH1,-0.787777673414226,4.05532169197172,1.78678964099733,0.181317802987908,0.869577859527019
SMIM29,-0.336779027431099,6.30559585110279,1.78653099573822,0.181349398488055,0.869577859527019
CHN2,-0.630312910305949,4.34343248978198,1.78208407735021,0.181893621855812,0.871328663992982
DNAJB9,-0.350439322415955,5.70559698980053,1.78086556222382,0.18204307629704,0.871328663992982
SMARCC1,0.269097274245417,6.39756567399859,1.78048204726837,0.182090144951501,0.871328663992982
ZNF638,0.297545514676874,6.69769404947143,1.78027957975503,0.182114999402876,0.871328663992982
FDX2,0.589232657853223,4.46222812255588,1.77903108972358,0.182268348057589,0.871583205024832
ARMH1,0.689845961422648,4.32038652788367,1.77450606917254,0.182825399212686,0.871799015050791
CHD4,0.198101888041396,7.24175213616209,1.7742521301211,0.182856718713193,0.871799015050791
MAPK7,0.680166956092636,3.99394714730199,1.77422710114627,0.182859805991306,0.871799015050791
OSTC,0.261731752254544,7.01616751818873,1.77368638150009,0.182926517520307,0.871799015050791
ZNF143,-0.488885373494083,5.26788464715711,1.77360918989695,0.182936043369744,0.871799015050791
TYW3,0.425632573001156,5.40596734945984,1.7731786133231,0.182989189331163,0.871799015050791
RABIF,0.720257248104391,5.49576340134168,1.77231698762616,0.183095593329467,0.871799015050791
LINC02446,-0.466711946771782,8.36664743137848,1.77188266243801,0.183149256262478,0.871799015050791
FANCF,0.541340487813242,4.69360858886576,1.77108614619817,0.183247717001722,0.871799015050791
C2orf68,0.376042334612966,5.15786559811125,1.77054050550722,0.183315201372279,0.871799015050791
SESN1,0.474497893419776,4.72880679502675,1.76840819406523,0.183579200296984,0.872577706272338
CMTM3,-0.267372624871406,7.10310941265707,1.76678140086009,0.183780908129154,0.872631937863061
RBM4,0.296616352531184,6.95388477612769,1.76669888808664,0.183791145823623,0.872631937863061
PPP1R37,-0.611161024403133,4.33886248284042,1.76448825395568,0.184065674592999,0.873401179264571
HECW2-AS1,0.444588183771043,3.73495407773404,1.76377884409272,0.184153873830919,0.873401179264571
ZNF354B,-0.669013667474411,3.90844078904317,1.7584095836419,0.184823013684444,0.873896542277273
PPM1B,0.313034645272745,6.12688569929962,1.7578200377683,0.184896657160242,0.873896542277273
ANKRD13C,0.455174559459261,4.89883577585848,1.75544101510604,0.185194180499426,0.873896542277273
PMS1,0.482644631371574,4.92009070532693,1.75527739115277,0.185214663922698,0.873896542277273
MTERF3,-0.635974839490181,4.20012505638043,1.75408150003871,0.185364452615298,0.873896542277273
CASP8AP2,0.39744819710831,5.75483262590635,1.75320044844954,0.185474896779836,0.873896542277273
FASTKD1,-0.672408703022496,4.03836128193888,1.75293553896987,0.185508119432672,0.873896542277273
RPL3,0.152060527530703,11.2222505047415,1.75248800669048,0.185564260757438,0.873896542277273
PELO,-0.518818109684847,5.72696791331898,1.75140678055361,0.185699978161589,0.873896542277273
PXK,-0.399706874248865,5.07273618765353,1.7512560514244,0.185718907101918,0.873896542277273
AKT1,0.267728457112022,6.18639281720754,1.74991833629003,0.185886998960377,0.873896542277273
GPATCH3,-0.782237145199613,3.79097166093394,1.74972466272107,0.185911349839065,0.873896542277273
EIF4G1,0.456974134751383,5.98377164457872,1.74888367065379,0.186017132073517,0.873896542277273
PURA,0.238913615652724,6.77093760257817,1.74870134137147,0.186040075161964,0.873896542277273
TMIGD2,-0.47952084472368,5.71251513911438,1.74778758160895,0.186155106074682,0.873896542277273
ACACA,0.696302336546024,3.97981202422807,1.74764945888329,0.186172501185795,0.873896542277273
ITPR1,-0.394730613945855,5.75441209382037,1.74754787469071,0.186185295856644,0.873896542277273
GNG10,0.442658262907251,5.65506694716187,1.74691336504419,0.186265236359573,0.873896542277273
XIST,0.416804962823942,8.07910535919501,1.74515540362563,0.186486926564049,0.873896542277273
TATDN1,-0.433248770910022,5.68215538983022,1.74450754632501,0.186568702842942,0.873896542277273
UBE2D2,-0.143483022499377,7.92056529128731,1.74326017173436,0.186726271064585,0.873896542277273
SQOR,0.299860285331426,5.93423903185228,1.74310879616886,0.186745403333114,0.873896542277273
WDR13,0.577404789300674,4.77836476358499,1.74299954331179,0.186759213153281,0.873896542277273
AP2B1,-0.211700444389655,7.11952769914098,1.74228416190613,0.186849668403729,0.873896542277273
ZNF529,0.532879604872706,4.60808372287971,1.74172890796914,0.186919911704973,0.873896542277273
CEP104,0.374983848350209,5.24174686029931,1.74125331622182,0.186980101623808,0.873896542277273
SPPL2B,0.535401952348207,4.55810289110868,1.74039695999824,0.187088537148217,0.873896542277273
CXXC5,0.635964928004041,4.54272649697564,1.73867352439953,0.187306987763916,0.873896542277273
TMEM160,0.235379696048097,7.31305132932573,1.73833874256189,0.187349456763671,0.873896542277273
DHX33,0.664491110549599,4.22271400225256,1.73738943198846,0.187469943183741,0.873896542277273
LMO7,-0.581774113348794,4.13543992404066,1.73699362151269,0.187520206038817,0.873896542277273
OPA1,0.439043096290158,5.16520506699228,1.73674456810742,0.187551840662695,0.873896542277273
LIMS1,0.327757440313309,6.72109141816539,1.73625938511528,0.187613486163272,0.873896542277273
SFT2D3,0.530438358958809,4.5192815979301,1.73557497949447,0.187700484212106,0.873896542277273
ZNF559,0.463890084325766,4.64475075940309,1.73500648906686,0.187772783414742,0.873896542277273
TSC2,0.422294599183969,5.36261216799444,1.73187906116398,0.188171101881329,0.874209089111481
PNPLA6,-1.05226996696632,4.81482262349685,1.7314877042421,0.188221015444519,0.874209089111481
FDPS,0.258887180780138,6.70669587161191,1.73022859815669,0.188381706091953,0.874209089111481
SBK1,0.694144236213021,3.95213744239475,1.73006577458608,0.188402497750156,0.874209089111481
DNAJC15,-0.530271505666075,6.50074344836945,1.73002460489391,0.188407755312391,0.874209089111481
HS3ST3B1,0.569085565130297,4.28525612112631,1.72975151214013,0.188442634858455,0.874209089111481
NR3C1,-0.186173814828368,7.64467693594396,1.72663259032287,0.188841518802995,0.875257883068283
RAD51-AS1,0.538487350416372,4.25483842598608,1.72576192635031,0.188953044890678,0.875257883068283
PUS10,0.669760273488615,3.80622568944972,1.72482909786559,0.189072618949412,0.875257883068283
RPL26L1,0.410769183203418,5.53457181135634,1.72438253945792,0.18912989196103,0.875257883068283
LTA,0.395835816848218,5.26464161625898,1.72389137259747,0.189192909532506,0.875257883068283
MGLL,-0.651763077339296,4.18689619257355,1.72096184362343,0.18956928164621,0.875257883068283
ERBIN,0.248384461305646,6.58312567024464,1.72011215301124,0.189678609047733,0.875257883068283
ZNF316,0.528220084262669,4.49489335874952,1.71961042564497,0.189743199453785,0.875257883068283
SMYD4,0.523961494647019,4.68238843241054,1.71943781794579,0.189765426214532,0.875257883068283
TMEM263,-0.425590677217678,5.29358218532356,1.71893117384181,0.189830684498523,0.875257883068283
FRG1,-0.206972443517575,6.80887892322129,1.71862702630882,0.18986987277775,0.875257883068283
DRG1,-0.456652697253909,4.91262240609567,1.71796445462607,0.189955275321613,0.875257883068283
FAHD2A,0.494875394930894,4.47172022256926,1.7178028175849,0.189976116409972,0.875257883068283
ALKBH7,-0.24602947088472,6.82709422764764,1.71590388489993,0.190221159871571,0.875303564162481
CNPY2,0.263369727222157,6.77970893568686,1.71578796479347,0.190236130446698,0.875303564162481
PAPOLA,0.236472524074064,7.6565376408782,1.71538829693217,0.190287756336368,0.875303564162481
TSTD3,-0.673860849604845,3.86567879738707,1.71449045042904,0.190403792519242,0.875374646748526
CYLD,0.145338700209875,7.86033842127413,1.71178760913096,0.19075360153529,0.875416430334986
OASL,-0.276904262277019,6.24943504194911,1.71176106186687,0.190757041068496,0.875416430334986
LLGL2,0.370006876983005,5.32095946376705,1.70997920623881,0.190988068405987,0.875416430334986
PAG1,-0.236247992992175,7.9667521152304,1.70947329093888,0.191053722566986,0.875416430334986
CCDC61,0.632648139249889,4.05656783791396,1.70935900958677,0.191068556849099,0.875416430334986
HUWE1,0.220172143742923,6.71836295112229,1.70877788992047,0.191144009832583,0.875416430334986
BBC3,-0.500566256265045,5.59241171175767,1.70860367628404,0.191166636624592,0.875416430334986
CLSTN1,0.287971228702115,5.95341553368027,1.70768230371776,0.191286356072728,0.875416430334986
RTL6,-0.710743633886734,3.83491881713752,1.70743755875221,0.191318171951872,0.875416430334986
LAPTM5,0.134025852112526,8.61970382936665,1.70565776640866,0.19154972372886,0.876015368161992
NFX1,0.368585187435844,5.3220726382314,1.7046122737774,0.191685895255301,0.876127278068458
CSTF1,0.432725024298166,4.80320779077455,1.70365901875775,0.191810151649204,0.876127278068458
TMEM35B,0.537477426826783,6.11755318561522,1.70174617240534,0.192059774096248,0.876127278068458
APOBEC3C,0.284788887206691,7.69169877824457,1.69977099172775,0.192317929120502,0.876127278068458
NUDT16L1,-0.255181950558758,6.28003728910909,1.69918814708318,0.192394183994457,0.876127278068458
ZNF740,0.572422008711444,4.34254183889591,1.69908272193458,0.192407980773775,0.876127278068458
CRLS1,-0.38228857023389,5.11145138974945,1.69860960198596,0.19246991126796,0.876127278068458
HEXIM1,-0.420095728724014,5.69949829023882,1.69859028576347,0.192472440218996,0.876127278068458
NHLRC2,0.379632353626645,5.43744010851896,1.69853086448017,0.192480220115695,0.876127278068458
SARNP,-0.325279258402462,6.5930676320848,1.69753954567904,0.192610065470735,0.876260010345951
RMND5A,-0.365660348583284,5.37070993798735,1.69484871863474,0.192963032631178,0.877008384177377
PTPRA,-0.227288041434077,7.44171019808945,1.69249587752574,0.193272284111732,0.877008384177377
DTD1,0.356821674565184,5.68139035541516,1.69149768257647,0.193403659269278,0.877008384177377
GEMIN7,0.451044717403287,4.65161476098541,1.69128323541773,0.193431896860913,0.877008384177377
NFKB1,0.33379239433951,6.11235846653374,1.69096678122363,0.193473575155272,0.877008384177377
HSD17B11,0.259586862795429,6.17833796473484,1.68800741917804,0.193863843558109,0.877008384177377
MBNL3,0.475441884097616,4.51868323204145,1.68781471190444,0.193889288892494,0.877008384177377
CRIP2,-1.16101261649473,5.76792922643867,1.68760071998284,0.193917549256607,0.877008384177377
SREBF1,0.625864618255966,4.09316568538726,1.68611719991497,0.194113599492137,0.877008384177377
POLR2L,0.169840124549927,8.22235659013326,1.68590242685226,0.194142001395707,0.877008384177377
MIER3,0.533293235893966,4.42179392713424,1.68558090214815,0.194184529375481,0.877008384177377
FAAP100,0.667909852707595,4.07865186485864,1.68363171402484,0.194442581271812,0.877008384177377
NCK1-DT,-0.511562368060974,4.3123637330207,1.68357565961551,0.19445000821355,0.877008384177377
ANO9,0.592700357362153,4.33084207640692,1.68306695175942,0.194517424748476,0.877008384177377
MTMR6,-0.358444990193344,5.30787008074393,1.68282101167555,0.19455002777453,0.877008384177377
PSMC6,-0.308731112852091,6.40308272804705,1.68028969564466,0.19488596322784,0.877008384177377
ALKBH6,-0.515519000468124,4.55676324585185,1.67949581904742,0.194991459768385,0.877008384177377
ITPRIPL1,0.505177698530657,4.79482797867889,1.67691610212616,0.195334734465415,0.877008384177377
SREBF2-AS1,0.515892792518266,3.8272075316963,1.67683380244245,0.195345697458091,0.877008384177377
FAU,0.122692916375221,11.4749674166508,1.67653355726461,0.195385698684308,0.877008384177377
EYA3,0.48598738320134,4.57958975921069,1.67549504023212,0.195524132747127,0.877008384177377
ISOC2,-0.437318750306072,5.00409742796562,1.67543947562987,0.195531542730113,0.877008384177377
ZBTB11,0.45192345003507,5.86052124087535,1.67513498085007,0.195572155375638,0.877008384177377
DTD2,0.743053516871282,3.98583586223105,1.67487001984328,0.195607503154619,0.877008384177377
CSPP1,0.424912067847104,5.16682029968251,1.67478272388745,0.195619150725699,0.877008384177377
INO80C,0.577070038943439,4.60064856594674,1.6741092423593,0.195709038135266,0.877008384177377
NSD2,0.491237115277402,5.17636881559126,1.67352240150769,0.195787401321785,0.877008384177377
RBL2,0.246704311380479,7.25542201504687,1.67351337057023,0.195788607545685,0.877008384177377
TRAM2,-0.7120611282686,3.75229176319939,1.67175876198653,0.196023128323305,0.877008384177377
NFKBIE,0.625558807071968,4.02397056889099,1.67165358125927,0.196037197214782,0.877008384177377
ARMT1,-0.524885839355148,4.65932372538624,1.67108113857335,0.196113787433957,0.877008384177377
MAP3K13,-0.421479467161241,5.01535866689028,1.67096606790527,0.196129187594326,0.877008384177377
ARFIP2,0.479189083836246,4.6617370958276,1.67064502726083,0.196172160657984,0.877008384177377
DDX17,0.154347455398832,8.89458419170124,1.67007645187001,0.196248294678765,0.877008384177377
SLC25A39,0.34959062439131,5.72617803418322,1.66967893923476,0.196301543419227,0.877008384177377
KDM2A,0.298567223329271,6.74599382753103,1.66575752637254,0.196827743743621,0.878490753945099
COX5A,0.165861844033825,7.69529408853763,1.66482827951064,0.196952678164189,0.878490753945099
RNF166,-0.276389999650446,6.66539489862022,1.66434454155571,0.197017752046084,0.878490753945099
IKZF5,-0.37770535724186,4.91775058167401,1.66371178174293,0.197102910839712,0.878490753945099
C9orf78,-0.15430214447214,7.80211648829764,1.66345078451024,0.1971380492307,0.878490753945099
TENT2,0.293705945854144,5.90771853694343,1.66240812381325,0.197278497253422,0.878666715248993
PHYKPL,0.331565038083493,6.31456016050033,1.65957403486136,0.197660846626447,0.879456455473857
SFXN3,0.376711842494794,5.66692471407181,1.65887287355367,0.197755574934674,0.879456455473857
TAOK3,0.179614575454152,7.19558453988089,1.6588477788967,0.197758966260179,0.879456455473857
LINC02591,0.498130713200208,4.1555804413403,1.65762990662459,0.197923633156254,0.879624850035068
TMEM63A,0.433640495445737,4.97733364439825,1.65696303750104,0.198013867782322,0.879624850035068
ARRB2,-0.243849228252226,6.83248409459324,1.65517856202033,0.198255564105403,0.879624850035068
UROD,0.456368225512829,4.72830773613201,1.65494642873836,0.198287030575392,0.879624850035068
RFX1,0.415287386985077,5.41160718603555,1.65483461383737,0.198302189563231,0.879624850035068
CPQ,0.489835080751733,4.44930527031248,1.65255170201603,0.198611986350308,0.880124952948811
C12orf75,-0.293911478275508,8.03476973560976,1.65199359958155,0.198687808602934,0.880124952948811
ZNF611,0.618606357994449,4.27693700057844,1.65020521593187,0.198931002410697,0.880124952948811
CLPTM1L,-0.284985598161007,6.08321762062718,1.64927087185527,0.199058198382059,0.880124952948811
SZT2,0.534775424755862,4.96699471715783,1.64812120404664,0.199214838269991,0.880124952948811
SLC7A6OS,0.411874547647102,5.48066649236267,1.64787771091708,0.199248032279252,0.880124952948811
LFNG,0.308004651007473,5.98797947460446,1.64770684900666,0.199271328772079,0.880124952948811
RPL37,0.13577657164076,11.7729624377442,1.646407050439,0.199448657037113,0.880124952948811
OTUD7B,0.499717110529671,4.45552449623052,1.6461616541908,0.199482156624299,0.880124952948811
KPNA5,0.378513022476883,5.43600474568431,1.64611061905437,0.199489124374158,0.880124952948811
STYXL1,-0.607170654891746,4.64412465522284,1.64555202036653,0.199565407694887,0.880124952948811
ARPC5,-0.273536352845068,8.39130532283116,1.64486687195404,0.199659019676673,0.880124952948811
C8orf33,-0.309705124537655,5.53663191132991,1.64435048067191,0.199729608419384,0.880124952948811
CCL3L1,1.39389970413003,5.93877916698789,1.64348698143883,0.199847711015541,0.880199711016322
LIG4,0.672089509256523,3.88721510269177,1.6425973786908,0.199969469647817,0.880290487781968
GIMAP7,0.267107147665235,8.78220205367487,1.64133437265319,0.200142485180142,0.880606697938715
COX16,-0.436225783870146,6.66138539779233,1.63966296237857,0.200371717302365,0.880859897940894
ATF6B,0.389106519850814,6.18867812604437,1.63850323163466,0.200530954453203,0.880859897940894
ZNF337-AS1,0.662818608549681,3.81721926461164,1.63744228324443,0.200676758553983,0.880859897940894
ALMS1,0.544354747172662,4.46785878948591,1.63735634480434,0.200688574363657,0.880859897940894
ZNF793,0.690129355481632,3.89580088514733,1.6363894695982,0.200821567916394,0.880859897940894
VBP1,-0.252193946181788,6.22367604974072,1.63560263420801,0.200929873489802,0.880859897940894
PRKCQ,0.333360415783602,5.82252980677814,1.63470014387652,0.201054183195883,0.880859897940894
CD63,0.268755610930497,8.84680263840023,1.63367253508337,0.201195836937671,0.880859897940894
DESI1,0.358083621996668,5.51414596232312,1.63356898722583,0.201210117303082,0.880859897940894
CREB3L2,0.365963494425483,5.41496081894754,1.63332666362365,0.20124354099818,0.880859897940894
IFI44L,-0.62552033367673,6.17981664070857,1.6328204874212,0.201313378950297,0.880859897940894
FRA10AC1,-0.55234875030526,5.5372237276939,1.63123463780111,0.201532365821961,0.881369190685973
LINC01003,-0.495261924050098,4.62943890507458,1.63051148610634,0.201632317437179,0.881369190685973
SEPSECS,-0.686312179578862,3.69230426181578,1.62891848376292,0.201852702713834,0.881776185493678
PPP1R3E,0.481564943838308,4.46971302081693,1.62747152548991,0.202053129075544,0.881776185493678
DDX51,-0.536062787983074,4.60191142721947,1.62631995896595,0.202212806432146,0.881776185493678
ATP5F1E,0.0849632252991141,11.0051357962645,1.62629380264843,0.20221643501768,0.881776185493678
SLC25A5,0.176470142953239,7.68347133101625,1.62506066574112,0.202387591320691,0.881776185493678
PCNX1,-0.298198145299264,6.54480726170727,1.62477134920184,0.202427772422586,0.881776185493678
ITM2C,0.403486853608065,7.14370825802342,1.62425932063237,0.20249890742214,0.881776185493678
NCBP1,0.411480325771688,4.74975941255362,1.62398352410805,0.20253723541902,0.881776185493678
EIF3B,0.366297006738573,6.15190740415758,1.62326382161832,0.202637294149989,0.881776185493678
MIEN1,0.325468220923861,6.5220297473359,1.61957996354331,0.203150365608906,0.88293619506147
GTF2H2C,0.588383471852408,4.14049298701396,1.61814795724101,0.203350221984241,0.88293619506147
POLE3,0.277922093961491,6.23285915180061,1.61715614162615,0.203488779403857,0.88293619506147
GRAMD4,0.551628937573098,4.14255451954526,1.61599214377645,0.203651532716084,0.88293619506147
GOSR1,0.303325233430002,5.75214346159967,1.61541564000177,0.203732197820117,0.88293619506147
ST6GALNAC6,0.494500627373163,4.53559828109774,1.61523324166215,0.203757727056184,0.88293619506147
NPRL2,-0.395721474766273,5.14551213959753,1.61444615166209,0.203867934715078,0.88293619506147
SLC25A51,0.643225882833823,3.94614867371002,1.61355765779026,0.203992425278558,0.88293619506147
MVD,0.513673637411297,5.28026848052613,1.61351088049523,0.203998981921878,0.88293619506147
MCL1,0.203092756225135,8.42899587457577,1.61279497564123,0.204099359312746,0.88293619506147
FIBP,0.266154369573284,6.23447601541519,1.61228280653823,0.204171206533919,0.88293619506147
GALNT10,0.415575959120839,5.46842828779356,1.61178235041195,0.204241439457266,0.88293619506147
MGAT2,0.410733587737579,5.39164799860368,1.61088921857539,0.204366850420272,0.88293619506147
ATF2,0.309816024828332,5.72319085939219,1.61042328794704,0.204432311073715,0.88293619506147
USO1,0.497785043922359,5.77482969691144,1.60911729511977,0.204615927593788,0.88293619506147
TMEM175,0.591123018643368,4.47600619780202,1.60796898875227,0.204777534827832,0.88293619506147
C2CD2L,0.604113172808716,4.14956164645952,1.60781256544024,0.204799560756345,0.88293619506147
CMTR2,0.490686929740935,4.97138761646323,1.60679010865517,0.204943601494894,0.88293619506147
SLC25A14,-0.766721837888019,3.71424239454643,1.60591381925468,0.205067145701561,0.88293619506147
RANBP1,0.216295327254813,7.06186421208944,1.60566023602613,0.205102913680281,0.88293619506147
PTGER4,-0.313006558699325,7.16411578241676,1.60513437421146,0.205177110082286,0.88293619506147
ARAP2,0.326552622185805,7.03497981655042,1.60406156836267,0.205328575704918,0.88293619506147
CRKL,-0.425823407459002,5.24795383880557,1.60053445383097,0.205827487281439,0.88293619506147
NDUFAF5,-0.635139528249682,4.13733830511955,1.59949564153559,0.205974700320106,0.88293619506147
METAP2,-0.282522944722219,7.14841108864748,1.59912771991683,0.2060268693429,0.88293619506147
FAM98A,-0.430977595782005,4.78308817453033,1.59772370279006,0.206226093748813,0.88293619506147
TMEM120B,-0.288951983301641,6.50141465570902,1.59757543890768,0.206247145075673,0.88293619506147
ACADS,-0.505816776769879,4.54930535999488,1.59707361842117,0.20631841515828,0.88293619506147
EEF1A1,0.101943797911662,12.4489864027567,1.59668026760181,0.206374300380211,0.88293619506147
NIPA1,0.524654324818036,4.43879259412677,1.59648686904836,0.206401783988072,0.88293619506147
HECA,-0.248954849695844,6.45389780044838,1.59644724264473,0.206407415776456,0.88293619506147
TMEM138,0.353168656977205,5.25215127374082,1.59310944058968,0.206882443476665,0.88293619506147
PAK1IP1,-0.408061243143323,4.97843109898814,1.59238990176925,0.206985015599809,0.88293619506147
HPRT1,-0.279640147222583,6.06963185346368,1.59238784649084,0.206985308671121,0.88293619506147
KLHL5,0.545969497179877,4.25099432492342,1.5917951247082,0.207069847976653,0.88293619506147
ZNF267,0.314870112825424,5.49609894578514,1.59177443812419,0.207072799219853,0.88293619506147
ARHGEF2,0.384831183002222,5.24788507719784,1.59157068539186,0.207101870177452,0.88293619506147
APOLD1,0.54139726801193,4.24269324266746,1.59081287834955,0.207210034626585,0.88293619506147
PIK3C2B,0.641632921424788,4.14566156412068,1.5905853436501,0.207242524480681,0.88293619506147
MAT2B,0.211114944315347,6.94668974016418,1.59027549156464,0.207286778179634,0.88293619506147
IP6K1,-0.399260698971176,5.14709525198386,1.590231981986,0.207292993199478,0.88293619506147
COTL1,-0.192668505204626,8.9827592870679,1.59019511716591,0.207298259237312,0.88293619506147
RPE,0.470417190377165,4.47915906011006,1.5891178435607,0.207452214642778,0.88293619506147
TMEM161A,0.610894591371288,4.25239969027803,1.58905287101475,0.207461504324548,0.88293619506147
STAM2,0.455493334641277,4.63048962344571,1.58899899234527,0.207469208192658,0.88293619506147
KTN1,0.137001729661203,8.46568690495385,1.5864841296736,0.207829173654882,0.883617869779974
FBXO46,0.654870831161604,3.9506249584287,1.58598197077206,0.207901138700961,0.883617869779974
POLB,0.491946342116283,4.38548844254064,1.58575290305115,0.207933976480453,0.883617869779974
AGO4,-0.423851036690552,4.90097424445335,1.58371390909925,0.208226544919882,0.884069604010416
ALKBH5,-0.386914385353114,6.11892651750267,1.5830985136436,0.208314941587735,0.884069604010416
CCDC124,0.336895659757944,5.76313392883794,1.58280712953457,0.208356812083875,0.884069604010416
NDUFS3,-0.280488790009583,5.94846408246294,1.58218245913275,0.208446607770812,0.884069604010416
SHLD1,0.514043175870471,4.60540104648722,1.58014272098846,0.208740136888671,0.884883298266976
SPG11,0.371335061437726,5.86397184089242,1.57338118488607,0.209716662374318,0.888590123000821
RBM39,-0.130764641704188,8.98300632981801,1.57131696192713,0.21001586196115,0.88919955830723
RPL36AL,0.140729406699495,9.9247788133754,1.56934673659348,0.210301908750926,0.88919955830723
UBL5,0.102024139730953,9.04669560813609,1.56829745514476,0.210454436843561,0.88919955830723
SCAI,0.453037327179523,4.82063331253761,1.56789117559298,0.210513530598761,0.88919955830723
LHPP,-0.680593916567554,3.9694077406541,1.56690769968338,0.210656659553852,0.88919955830723
DENND4B,0.373576346730382,5.25102767647066,1.5667537191018,0.210679079368547,0.88919955830723
RRP1B,0.28823337421296,5.98872367799084,1.56675311320955,0.210679167592996,0.88919955830723
CCDC43,-0.439055744828615,5.040304592801,1.56562286095599,0.210843820773149,0.88919955830723
SYNE1,0.209911798804382,6.98832908985737,1.56525628615894,0.210897255504749,0.88919955830723
SREBF2,0.431604565157287,5.5745832384463,1.56392213996038,0.211091866386528,0.88919955830723
KLRC3,0.518319488703685,6.14487780055451,1.56379653002505,0.211110199974839,0.88919955830723
MLEC,0.273652951620971,6.5145556625794,1.56306526832595,0.211216969878253,0.88919955830723
DIS3,0.317543018680295,5.73576780801259,1.55928354487186,0.211770153907848,0.88919955830723
ZC3HAV1,-0.183106936744442,7.60851529085803,1.55650349552942,0.212177911004215,0.88919955830723
OXA1L,-0.374420759640135,5.91662020644141,1.55645276282893,0.21218536075258,0.88919955830723
SNX9,0.470389618722705,4.99044173794221,1.55587907680851,0.212269624205638,0.88919955830723
GGCX,-0.438221860717883,4.68110278334155,1.55524917050394,0.212362191082352,0.88919955830723
USP19,0.550794336837385,4.23677744135765,1.55370577461734,0.212589200948014,0.88919955830723
CEP78,0.363690677705374,5.35837755358038,1.55311945839492,0.212675514562603,0.88919955830723
DCTPP1,-0.317536048693178,5.67071249149791,1.55244103656587,0.212775439282863,0.88919955830723
MAP3K2,-0.219129291328059,6.57031637178306,1.55232259384065,0.212792890420991,0.88919955830723
FBH1,0.418397875358047,4.92507000379615,1.55211627960616,0.212823292447449,0.88919955830723
NAP1L1,0.170096496877369,8.93086942481208,1.55208539700157,0.212827843686061,0.88919955830723
RPS2,0.129749683756512,11.8204455070086,1.55197500134502,0.21284411388613,0.88919955830723
SMARCB1,-0.368204139564156,5.57762398119785,1.55162495641622,0.212895713553656,0.88919955830723
SF3B2,-0.191639470370455,7.55359842923186,1.55104333625666,0.212981482271301,0.88919955830723
COLGALT1,-0.396839279106109,5.00329047697176,1.54862515598528,0.213338519889037,0.88919955830723
PEX1,-0.446654616011736,4.72969669017471,1.54839890140576,0.213371962104351,0.88919955830723
CEBPZOS,0.434933609086725,6.03345101586069,1.54839379765735,0.213372716550524,0.88919955830723
BET1L,-0.429707641866212,4.75106193272382,1.54825630507114,0.213393042168742,0.88919955830723
STX7,-0.380184683965912,5.53782378048168,1.54824115930454,0.213395281317871,0.88919955830723
RSBN1,0.306381885435662,6.67209910609645,1.54777512870539,0.213464192894188,0.88919955830723
TXN2,0.259035472322711,6.14555614445089,1.54678595004545,0.213610549587342,0.88919955830723
MCUB,-0.352923954523482,6.34280556631007,1.54678433701524,0.213610788345073,0.88919955830723
YWHAG,0.302760047557519,5.6969153022946,1.54670391471545,0.213622692706312,0.88919955830723
RGS9,-0.531962974245702,5.36866700413774,1.54654739995859,0.213645862771601,0.88919955830723
XPC,-0.32170702897842,6.63039472655468,1.54626700596882,0.213687379084639,0.88919955830723
CAMK2D,-0.347791520696678,5.75332628637551,1.54549885713275,0.213801163540684,0.88919955830723
GLS,-0.175852378645227,7.56101932155669,1.54520177881825,0.213845188502474,0.88919955830723
STYK1,0.82905775834959,4.04138548793174,1.54439178372736,0.213965278939784,0.889274031811338
ZNF329,-0.691281136704844,3.91631370671771,1.54206312559259,0.214310974127544,0.890006798236297
PTS,-0.469422537417295,4.78729524718433,1.5418266531462,0.214346116178706,0.890006798236297
GAPVD1,-0.434676925791497,5.63520958586746,1.53911453105033,0.214749653564765,0.890465931444152
DMAC1,0.261865592369366,5.99212159503602,1.53820901700558,0.214884586363531,0.890465931444152
PMS2,-0.463702119688998,4.41293706341261,1.53780517054356,0.214944796995378,0.890465931444152
ACADM,-0.314722626708924,5.89700136966246,1.53734254647284,0.215013795611534,0.890465931444152
CLTA,-0.311946546010378,6.97777563009307,1.53708208804076,0.215052653585009,0.890465931444152
CPNE2,0.681317662675034,3.97987825203822,1.53696184895656,0.215070594955258,0.890465931444152
DEGS1,0.238085277369754,6.72025547993303,1.53176980229681,0.215847023198221,0.893255655204049
MTOR,0.498187394389896,4.74922967103034,1.53062255447218,0.216019034461859,0.89331312880424
THAP9-AS1,0.461557412710411,5.05119321121909,1.53015937271879,0.216088527314579,0.89331312880424
CERS6,-0.538552704677733,4.19835910815205,1.5288251488893,0.216288854607032,0.89331312880424
AP5S1,0.615134500368787,3.92150996569222,1.52754030082043,0.216481977413249,0.89331312880424
USP24,0.477718065936753,5.33223920413292,1.52719424525498,0.216534027394372,0.89331312880424
RING1,-0.387827986801921,4.9879767618356,1.52704414264309,0.216556608860111,0.89331312880424
C12orf57,-0.205718203133593,8.84460358703833,1.52596921997804,0.216718402421936,0.89331312880424
ZSCAN32,0.524088620490215,4.21595886261413,1.5234654099501,0.217095825731143,0.89331312880424
SASS6,0.492063257896862,4.52409952053865,1.52303369018213,0.217160982124647,0.89331312880424
ARIH2OS,0.705361454331566,4.15942148436159,1.52294404287973,0.217174514875833,0.89331312880424
TFRC,-0.514442289499976,6.01742186888092,1.52188788752157,0.217334022996968,0.89331312880424
LINC02256,0.637642021037527,3.8198395135503,1.52177945147436,0.217350407684644,0.89331312880424
PHF5A,0.299446250369458,5.59457038590415,1.52167465465905,0.21736624388323,0.89331312880424
NIPSNAP1,0.467865374681994,4.79668100617247,1.52029216339107,0.21757528557178,0.89331312880424
PPP4C,0.247687942179923,6.70577792360525,1.51960588426245,0.217679144447349,0.89331312880424
CD81,0.259164205321081,8.04240248192521,1.51938961741054,0.217711885696904,0.89331312880424
CCNH,-0.347774213154213,6.37400120907917,1.51806671115059,0.217912292062421,0.89331312880424
STX2,-0.442131416259958,5.52777738551824,1.51784504587882,0.217945893527921,0.89331312880424
ABI3,0.563463720099891,6.07379986270594,1.51662879431125,0.218130370852229,0.89331312880424
ENO1,0.214243879949436,8.30864320947593,1.51626757152495,0.218185195882448,0.89331312880424
PCMT1,0.198433435257717,6.97397894925857,1.51561001156172,0.218285040044437,0.89331312880424
PARD6B,0.61694204080213,4.00721110351225,1.51544440007688,0.218310195147294,0.89331312880424
LYST,0.423650672073539,6.63523802002363,1.51513916139,0.218356567601469,0.89331312880424
MTX3,-0.466404618650564,4.68575519456736,1.51452614533661,0.218449733689359,0.89331312880424
DVL2,0.639091721276982,4.5371868214265,1.51429968008054,0.218484163839116,0.89331312880424
GHITM,-0.200199590628625,7.25419896785508,1.51344388136575,0.218614331793732,0.89331312880424
DTX3L,0.300388921810444,5.88857399340551,1.51332575245138,0.21863230660152,0.89331312880424
DOT1L,0.569502329160759,4.28054072432948,1.51099255432776,0.21898769384465,0.893460700006837
CERS5,0.374338677557181,5.31864398607475,1.51064976700651,0.219039964463498,0.893460700006837
LATS1,0.345848460384978,5.45393838955583,1.5104266464092,0.219073995460231,0.893460700006837
CCZ1,0.401770950759492,5.74621865106175,1.51039306920201,0.219079117298931,0.893460700006837
CARD8-AS1,0.572105885399417,4.71763314912844,1.50972057034854,0.219181729807491,0.893460700006837
CREBRF,0.216831877728557,7.35628721200454,1.50875130125322,0.219329725630735,0.893645412998262
CMAS,-0.363755980002512,5.29475442195874,1.50669312161367,0.219644380914271,0.893736321443315
KIFAP3,0.355770857032759,5.35385180264642,1.50643465272361,0.219683933818421,0.893736321443315
TRGV2,0.723572748973292,4.09243147224997,1.50535563091712,0.219849145961733,0.893736321443315
FAM3A,-0.404990273061358,4.82286812145813,1.50533005272958,0.219853064111908,0.893736321443315
ABRAXAS2,0.458972302877427,4.70603432709915,1.50524885997767,0.219865502034946,0.893736321443315
IPO5,0.380847668898406,5.2685503335204,1.50450252562375,0.219979872421618,0.893758254269762
GMEB1,0.31003633403563,5.45303959818217,1.50353572095917,0.220128133971668,0.893758254269762
METTL15,-0.489663616472441,4.79027713069062,1.50320431055512,0.22017898393133,0.893758254269762
BRAP,-0.446197823382331,4.47447795467096,1.50163335252786,0.220420214908006,0.89432034048689
TAF1,0.403202286880405,5.67295540912004,1.49848281410581,0.220904953390568,0.894852464124236
ETV6,0.471006230008176,4.96680306211853,1.49669951467145,0.221179894680884,0.894852464124236
CDK5RAP2,0.383139086821806,5.50657054874816,1.49652894920008,0.221206213148466,0.894852464124236
DLEU2,-0.355066981068988,5.22289061077053,1.49618314910548,0.221259582031831,0.894852464124236
CCNL1,-0.242876579917676,8.17114253701986,1.49533590694063,0.221390405812426,0.894852464124236
NAA50,0.249534990766336,6.07713360429208,1.49454388591407,0.221512786488364,0.894852464124236
CCDC28B,0.582056336440716,4.07185424649168,1.49427469821216,0.22155439897298,0.894852464124236
SOS1,-0.235078726162698,6.47384312958353,1.49408144960908,0.221584278148117,0.894852464124236
ADNP2,0.509066906196888,4.52857936738547,1.49312838364527,0.221731707170987,0.894852464124236
TMEM120A,-0.408320657246104,5.01149039173576,1.49282693500596,0.221778362446795,0.894852464124236
FCRL6,0.53890864850931,5.46777802614896,1.49202386768627,0.221902710690358,0.894852464124236
COA6,0.356531529445494,6.02222015161425,1.49178413139315,0.22193984801176,0.894852464124236
MIGA2,-0.518857460809521,4.27622174372594,1.49055000053322,0.222131143768875,0.894852464124236
MTM1,-0.45125817834704,4.81149771492931,1.48856167914709,0.222439757596183,0.894852464124236
DNLZ,-0.664368167971635,3.61973422278862,1.487467065637,0.222609875143053,0.894852464124236
COA8,0.400354403457807,5.85303479403304,1.48738513958996,0.222622613807351,0.894852464124236
ABCB8,0.454832448784562,4.88123971995943,1.4867960693059,0.222714233926044,0.894852464124236
ENDOD1,0.507466021888115,4.78818721660056,1.48659135181088,0.222746084908717,0.894852464124236
TIMM10,-0.284511464743285,5.89955703275461,1.48618292728311,0.222809645956575,0.894852464124236
EGR1,0.79827392864124,5.01527821535076,1.48523834815247,0.222956729249583,0.894852464124236
COPRS,-0.681070985197382,4.59150588240466,1.4844292315379,0.223082811721317,0.894852464124236
SGPP1,-0.565475855058684,4.51339572962628,1.48337038558731,0.223247937860212,0.894852464124236
PRPF18,-0.336627126996681,5.45992793348534,1.48233690850311,0.223409248945084,0.894852464124236
ATP1B3,-0.305182313215562,6.96170372898237,1.48214057809897,0.223439909110464,0.894852464124236
ARFIP1,-0.467633186961076,4.81145518688243,1.48203376998678,0.223456591040288,0.894852464124236
RORA,-0.201771981287376,7.83160278658673,1.48192354880534,0.223473807608038,0.894852464124236
ATP6V1C1,0.403650915372251,4.75610321895414,1.48154061247868,0.223533634681649,0.894852464124236
XPOT,-0.313514389890869,6.35285064624125,1.48108473214377,0.223604882996853,0.894852464124236
ARIH2,-0.216953311968076,6.60032792320835,1.4805100952625,0.223694730222518,0.894852464124236
PLEKHF2,0.384289816597752,5.19505766406895,1.48026844901881,0.223732525688553,0.894852464124236
ZDHHC5,0.294509525856098,5.516485386218,1.48022820250648,0.223738821318435,0.894852464124236
UBQLN1,-0.284740526698963,6.17456658644728,1.47869648313985,0.223978581017745,0.895399903811407
ZNF706,-0.145971716827698,7.51028679779836,1.47771284742137,0.224132711672731,0.895604678460871
TCAF1,0.514652477915905,4.4747518681009,1.47624752664736,0.224362555741693,0.89597925429671
UBE2M,0.227479441359139,6.86277020215436,1.47580290108904,0.224432353713298,0.89597925429671
NFXL1,-0.62145989822139,4.22042252739722,1.47413340355247,0.224694666408158,0.8966151681569
COPS6,0.301496728684278,6.66400272865011,1.47304734276347,0.224865506481181,0.896885656693728
NSUN2,-0.388545267048759,4.76645564698798,1.47191459592872,0.225043856401522,0.897185837041891
TMEM33,-0.268208813267925,5.82898701020365,1.47108611738138,0.225174407014811,0.897295267513692
TOGARAM1,0.471886011614574,4.88039969169333,1.46957662359453,0.225412504836535,0.897832965488495
PPP1R8,0.370902795574308,4.99390647510557,1.46851021331958,0.225580895638371,0.897983429201781
SS18,0.301380805369058,6.21441700404069,1.46803082384255,0.225656642498483,0.897983429201781
PDK1,0.455604926350243,4.70651613220935,1.4659807661639,0.225980910460339,0.898128178294558
RTTN,0.668151138920854,3.91781124050348,1.4638414305343,0.226319896669271,0.898128178294558
SNX6,0.187911114799755,7.66572673709388,1.46377403236525,0.226330586094061,0.898128178294558
PIGT,0.391429282784895,5.61434028287716,1.46364140784567,0.226351622261316,0.898128178294558
SLAIN1,0.63592560032494,3.81793436511868,1.46284405865753,0.226478142884578,0.898128178294558
PPP1R12A,-0.126837621601003,7.94705692658581,1.46274988320461,0.226493091928951,0.898128178294558
GTPBP8,0.439987651939811,5.01030495403993,1.46218650281678,0.226582545492844,0.898128178294558
EHD4,-0.469311071687915,5.14694457087224,1.46213348437873,0.226590965947432,0.898128178294558
SGPL1,0.419283338942267,4.72803169778204,1.4614285333006,0.226702962894086,0.898128178294558
KLHDC4,0.32450066679037,5.61540561141508,1.46128992133684,0.226724992268545,0.898128178294558
CPSF7,0.342108059074594,5.24512131152019,1.45905230886052,0.227080968516132,0.898643397508126
PLEKHO2,0.450327279743332,4.73501937951233,1.45853897373071,0.227162728421322,0.898643397508126
CD37,0.150473188838094,8.5507750860653,1.4585258113047,0.227164825292184,0.898643397508126
HAVCR2,0.649363450645426,5.30925101654812,1.45441806270787,0.227820357882238,0.900259578155033
HCFC1,0.508787279582897,5.13488307705713,1.45429420090121,0.227840159591146,0.900259578155033
BTN3A2,0.415696683233975,7.33004034186032,1.45336981725872,0.227988005601472,0.900259578155033
CYTIP,0.287182546856915,7.73475682629916,1.4525032952059,0.228126702007874,0.900259578155033
IFNAR1,0.265599146938709,5.96864908665113,1.45239258319828,0.228144429995596,0.900259578155033
BICDL1,0.62566094556557,5.72897483673816,1.45208289392605,0.228194028428129,0.900259578155033
POLDIP2,0.426525258051571,4.81616815618422,1.4512645548721,0.228325152341735,0.900271324851321
PA2G4,-0.11620763581406,8.30915871664521,1.45077340602011,0.228403893516226,0.900271324851321
DPH5,0.414288699655722,4.716888484175,1.44885866965633,0.228711176925008,0.901050387497882
ZC3H3,0.52830631739284,4.18142869178306,1.44799846786986,0.228849386970589,0.901050387497882
GUCD1,0.402193054202229,4.89596650225289,1.44760806993918,0.228912146013767,0.901050387497882
TRIM11,0.403507759371696,5.31356725594726,1.44667679425762,0.229061938392618,0.901232391424481
UQCC2,-0.295450404333589,6.14005102072125,1.44541041478714,0.22926582039087,0.901537724890904
TSSC4,-0.261064907158283,6.08786029369257,1.44440152019887,0.22942840474094,0.901537724890904
VPS36,-0.297090193608277,6.66980049068625,1.44362540095919,0.229553571603448,0.901537724890904
ESD,-0.277882197607931,6.58350137466366,1.44329219394845,0.229607334035545,0.901537724890904
MNT,0.542161571889187,4.4773047157098,1.44260405356921,0.229718412419746,0.901537724890904
IRF2BP1,0.532677518548945,4.34240768870064,1.44233983454503,0.22976107937585,0.901537724890904
IFT57,-0.495708589857081,4.85368590830277,1.44133157272276,0.229923984548202,0.901770363913025
DOCK10,-0.215885084990572,7.20339502497204,1.43968817953561,0.230189806430939,0.902264766220798
SMAD7,0.257633703532435,6.45652066163032,1.43927073530558,0.230257387771618,0.902264766220798
HIF1AN,0.410460295438098,4.86656796778184,1.43835759442727,0.230405302352388,0.902363497090667
PAAF1,-0.472398519096272,4.48009475720023,1.43783533195585,0.230489952204131,0.902363497090667
PFDN4,-0.266902788825265,6.00306918197483,1.43634644573175,0.230731481144764,0.902818959101763
EBPL,0.50487477827485,5.13992055781403,1.43583965141552,0.230813763529981,0.902818959101763
PLAA,-0.544202184266543,4.57197917849184,1.43506053305061,0.230940329059942,0.902908213750528
HELLS,-0.448773757560625,5.26791919510354,1.43395185034248,0.231120575661879,0.903207171075586
PPP6R1,0.214064091709915,6.50057025613457,1.43140537711,0.231535217095341,0.903732894703548
METAP1,0.382399861624184,4.97334941814529,1.43125008418845,0.231560532409217,0.903732894703548
CYSTM1,-0.400423807158337,5.71159476146367,1.43121270062475,0.23156662704687,0.903732894703548
ENOSF1,0.430857683703352,5.18961804117593,1.4284892494894,0.232011152057378,0.904649465908334
APTX,0.362279629799317,4.95226747936676,1.42742534914065,0.232185082835052,0.904649465908334
ATP6V0D1,-0.276789712164534,6.13218730153107,1.42683856256574,0.232281080442408,0.904649465908334
LYAR,0.263316608969248,7.15307550624321,1.42668369152445,0.232306425157192,0.904649465908334
RTF2,0.190715808849608,6.65376643616836,1.42571496399148,0.232465033622473,0.904649465908334
DTYMK,-0.336344045394891,5.27367200988012,1.42551967876398,0.232497023244505,0.904649465908334
MTIF2,0.463046217250136,4.60981737549215,1.42532382550962,0.23252911125324,0.904649465908334
GAB3,-0.230855528075267,6.6056615255565,1.42223027388098,0.233036659521452,0.906161186177327
CANT1,0.424454034471056,4.91625072074879,1.4216870549405,0.233125921619101,0.906161186177327
BTN3A1,0.292854068047617,6.59341539530057,1.42065373064168,0.233295832198679,0.90627315157863
ENDOV,0.427601256967118,4.68893785653152,1.4202455345306,0.233362993529554,0.90627315157863
SLX4IP,0.610802806047621,3.83061734720606,1.4189910409446,0.233569544172745,0.906670714957805
TAF13,0.432591203992381,4.62140249022091,1.4163257948886,0.234009107129508,0.906816201761867
APEH,0.344944172269578,5.21003957904297,1.41553295242246,0.234140058795544,0.906816201761867
HEATR1,-0.35412112483441,4.96895347714226,1.41525797534611,0.234185496715034,0.906816201761867
TIMM50,0.478436290279529,4.67672620561716,1.41502284674198,0.234224358427141,0.906816201761867
NAPRT,0.40566746500214,5.29550309701444,1.41373700048113,0.234437019206802,0.906816201761867
CYBC1,0.291775598507746,6.51162144390728,1.41261861707457,0.234622173904842,0.906816201761867
ZC3HC1,0.643701229362799,3.74840925623791,1.41213110715624,0.234702939283158,0.906816201761867
TRGC1,0.405202054468251,6.33302535212472,1.41049135584393,0.234974842510069,0.906816201761867
P2RY11,0.657469599179211,4.226952187537,1.41044296774039,0.234982872003086,0.906816201761867
BBS2,0.531209349676778,4.17944216254628,1.40985457428153,0.235080536232205,0.906816201761867
TAF2,0.412383136663054,4.92190061093163,1.4094415249867,0.235149125382359,0.906816201761867
PRKCQ-AS1,0.444228333227037,6.86792010663383,1.40936213277788,0.235162311678256,0.906816201761867
ALDOA,0.429772948569901,4.53893239925574,1.40892130271586,0.235235545668886,0.906816201761867
SCAP,0.418683585359736,4.74044647392993,1.40886806213467,0.235244392260828,0.906816201761867
RHOH,0.203959754077755,7.2633323661229,1.40854211710043,0.235298560905732,0.906816201761867
EIF4B,0.239261361646497,7.5818608132815,1.40807202133145,0.235376712481303,0.906816201761867
DNAJC11,0.609794720164747,3.96678499925631,1.4080621597493,0.235378352267041,0.906816201761867
SNRNP25,0.48022539087692,4.77263454750023,1.4064136117033,0.235652667635503,0.907370028143787
PAF1,0.421814942515371,5.0166750861041,1.40588095175836,0.235741383993002,0.907370028143787
STIMATE,-0.631734877813866,3.91597439559759,1.40350574892381,0.236137474852757,0.907370028143787
ABHD17B,0.436270695236697,4.76876835238939,1.40336708918044,0.236160622760397,0.907370028143787
TMCO3,0.551732784392761,4.69146693354132,1.40245731942509,0.236312568250545,0.907370028143787
MLYCD,0.449889930580685,4.53638971747666,1.40177008462973,0.236427425516921,0.907370028143787
COA1,-0.433242438441047,6.20366957516246,1.40157666712033,0.236459763500396,0.907370028143787
GTF2H4,0.719947932648238,3.42777632622444,1.40143509213559,0.236483437192377,0.907370028143787
ATG4D,-0.400901372570844,4.83883473616218,1.40078970624651,0.236591392837982,0.907370028143787
TRANK1,0.336042734720812,5.62889525616041,1.3998352707581,0.236751153623394,0.907370028143787
JUN,-0.317427148234023,10.5737280912795,1.39955933331074,0.236797366525189,0.907370028143787
FH,0.509084544062645,4.65578019237989,1.39917687354017,0.23686143743936,0.907370028143787
SNRPF,0.148711425312443,7.3989728470094,1.3988651302007,0.236913677248708,0.907370028143787
ZRANB1,0.372353618937133,5.08754771423022,1.39845909407569,0.236981738937243,0.907370028143787
HSPA4,0.343073058952318,5.77304096321223,1.39710092608814,0.23720957376007,0.907842972926072
IFNGR1,0.352564905123408,5.65669086132919,1.39593673739064,0.237405079656112,0.907996788182575
PAXIP1,-0.531399917203375,4.29209425385508,1.3956192693648,0.237458426968119,0.907996788182575
HERC2,0.385544129262389,5.95460078449243,1.39450465551422,0.237645841783214,0.908089668208441
NRDC,-0.213930785945227,6.72072705353179,1.39361792345935,0.237795067952853,0.908089668208441
RPS21,0.138532792684092,11.5332737903476,1.39115095888386,0.238210826386998,0.908089668208441
ZNF234,0.687242636676052,4.02624005219538,1.39085326436782,0.238261056567232,0.908089668208441
HIGD1A,-0.27838635017549,5.88026826872331,1.39034226664982,0.238347307499815,0.908089668208441
ICAM3,0.191159536302072,7.54133065232083,1.38897984340854,0.238577455197969,0.908089668208441
EXOG,0.344800318894987,5.56042461445191,1.38834322104858,0.238685089261955,0.908089668208441
PDHX,-0.515857295956637,4.2205334048926,1.38686192383418,0.238935761185355,0.908089668208441
ETFDH,-0.404539986239795,4.83185422972447,1.38611785927668,0.23906179581382,0.908089668208441
CLASP1,0.440413545000441,4.95146993159743,1.38519662182066,0.239217953050113,0.908089668208441
PPDPF,0.246018942854386,8.79579480756278,1.38456582875634,0.239324949059865,0.908089668208441
GTF2I,0.17664046182973,7.16762439175096,1.38181302007179,0.239792565354286,0.908089668208441
DCP1B,0.599838780784073,4.05083835153467,1.38066156766752,0.239988490449028,0.908089668208441
GZMH,0.348128749300749,7.95444093442372,1.37984317346223,0.24012786239976,0.908089668208441
APH1A,0.215435237226117,6.4261718982092,1.37885627969701,0.240296060584672,0.908089668208441
RLIM,-0.319570063164639,5.40377024476408,1.37868646573527,0.240325016742305,0.908089668208441
SEC23IP,0.32417823019047,5.23039723474194,1.37844707974697,0.240365843314606,0.908089668208441
ZDHHC3,0.331105512117898,5.29686959555761,1.37761278476405,0.24050819577808,0.908089668208441
DHRS1,-0.416972908643908,4.73597357081693,1.37758803924674,0.240512419573185,0.908089668208441
HLA-C,0.106194373151403,11.1982459913869,1.37629041816998,0.240734036050115,0.908089668208441
CARD8,0.247531899846764,6.60110603100633,1.37613337279326,0.240760874161573,0.908089668208441
ZBTB40,0.509522773219723,4.62442645400281,1.37602991949444,0.240778555697004,0.908089668208441
LYPLA1,0.229065237530007,6.21310854453498,1.37585176543776,0.240809008280572,0.908089668208441
TMEM141,0.395860462646128,5.61377957975041,1.37506569874184,0.240943429745016,0.908089668208441
CKS2,-0.451198062595282,5.37054721120529,1.37466313346558,0.24101230582629,0.908089668208441
CLCN7,-0.397878223173891,4.72636724015388,1.37429709542869,0.241074953145384,0.908089668208441
DNAJA1,-0.221497441845383,7.87724423690865,1.37405722781024,0.241116017173409,0.908089668208441
SPTSSA,-0.387675666364087,4.93955416655017,1.37391970168268,0.241139564734539,0.908089668208441
PACS2,-0.377559104345932,4.78647003440326,1.37303931839739,0.241290372425353,0.908089668208441
FBXL20,0.414921042693702,5.31861575512293,1.37297299583064,0.241301737980411,0.908089668208441
SLC44A2,0.321058862123408,5.30240250893804,1.37182289376251,0.241498932126243,0.908089668208441
ZBTB17,0.689629017798019,4.30703032568418,1.37073434913981,0.24168575244229,0.908089668208441
FNIP1,-0.258805236108836,5.75084931064176,1.3703638818252,0.241749373620086,0.908089668208441
WNK1,0.223534570795268,7.71771611021522,1.36997590831007,0.241816023032551,0.908089668208441
MUTYH,0.620238414512885,3.98140374647372,1.36981580258313,0.241843533885267,0.908089668208441
TADA1,0.628938838523512,3.83325460308435,1.36979149836306,0.241847710395135,0.908089668208441
LIN54,0.442821803260642,4.4987833321313,1.36966257555742,0.241869866343948,0.908089668208441
ATF7,-0.322099763938943,5.23339052147224,1.36938525274004,0.241917533859993,0.908089668208441
EIF2B5,0.339233193736049,5.21685427583487,1.36887988879683,0.2420044275443,0.908089668208441
RWDD3,-0.502178840435986,5.09977234419061,1.36871723909117,0.242032402070904,0.908089668208441
AKR7A2,0.494179937372376,5.56941534584762,1.36833307753463,0.24209849060452,0.908089668208441
HMGB3,0.887081393486414,3.86667693469614,1.36828195910503,0.242107286326842,0.908089668208441
GMFB,-0.347638499727685,5.10997244911897,1.36763405564027,0.242218801942386,0.908089668208441
AP1M1,-0.297697905339911,5.57645123554306,1.36718781957838,0.242295643418083,0.908089668208441
ZSCAN25,0.602060985026369,3.87527004378324,1.36688826615401,0.242347242920839,0.908089668208441
KIAA0319L,0.429199732863353,5.01148333419396,1.36622022050486,0.242462365177143,0.908089668208441
PSMD2,-0.257813622602628,6.30048600847702,1.36531330790546,0.24261875725931,0.908089668208441
ACP1,0.223614455958925,6.80255153002118,1.36510288637903,0.242655060854343,0.908089668208441
THUMPD3-AS1,0.232898564819502,6.51011852424768,1.36447232134272,0.24276389058695,0.908089668208441
CSF1,0.617246474319976,6.03473375038543,1.36274364957841,0.243062548605659,0.908089668208441
IFIT1,-0.621652828914599,4.43308757168168,1.36163406236114,0.243254484994797,0.908089668208441
HAUS5,0.617416065200649,4.06299662037354,1.36118208049943,0.243332721764236,0.908089668208441
VCP,0.329528113741823,6.65517210448987,1.36062152030103,0.243429795750591,0.908089668208441
RASGRP1,-0.246249184862686,7.84984179090299,1.35972171566014,0.243585716509996,0.908089668208441
RBM23,-0.253301760561757,6.33399637165747,1.35908305654673,0.243696459104925,0.908089668208441
GFM1,0.346609373843179,5.255812344758,1.35833973719725,0.243825426959123,0.908089668208441
POU2F2,-0.350694852466284,5.5525451533086,1.35606925242328,0.244219877811827,0.908089668208441
DYNC1H1,0.247910212889964,7.29646884094184,1.35591445168076,0.244246799647953,0.908089668208441
UBE2V1,0.235834580347242,7.42306104788505,1.35479554383153,0.244441499795449,0.908089668208441
DUSP16,0.41633619260005,5.10396006422688,1.35442588464578,0.244505865472014,0.908089668208441
PTBP1,0.23362106901894,6.51254913595299,1.35362792011465,0.244644878919171,0.908089668208441
ACTR8,0.55870668019074,4.19623399759067,1.35160620319453,0.2449975143894,0.908089668208441
SNX19,0.61964823872247,4.3510185130659,1.35098263711255,0.245106404317389,0.908089668208441
MED9,-0.554023802450562,4.00471295439529,1.35067321018674,0.245160459781289,0.908089668208441
PDXDC1,0.358561017907465,5.60224814635354,1.35029993434277,0.245225688731064,0.908089668208441
C19orf12,0.382910726334138,5.47779635500387,1.35011684540588,0.24525769077681,0.908089668208441
RAB21,0.283201789279325,6.40217586696074,1.35001812162342,0.245274948785548,0.908089668208441
PHKG1,0.385743579578627,4.72931202094998,1.34873594550525,0.245499222111193,0.908089668208441
CAD,0.551268029165527,4.23367966269312,1.3483627636744,0.245564544696555,0.908089668208441
JRKL,-0.466141996706648,4.322416673044,1.34835019431472,0.245566745235036,0.908089668208441
RNF146,0.392939080895176,4.85813038638059,1.34789388568699,0.245646648249521,0.908089668208441
MIAT,0.407675968848376,6.42860183025464,1.34738498052968,0.245735798769974,0.908089668208441
SCRIB,0.551720607760071,4.22667341310203,1.34703978370685,0.245796293197782,0.908089668208441
MCUR1,-0.411834204731387,5.36917424872006,1.34612046956039,0.245957488271501,0.908089668208441
AMD1,-0.198274675434503,7.08260218195693,1.34603597772021,0.245972309783613,0.908089668208441
YEATS2,0.459639631238805,4.65764594858739,1.34537871649497,0.246087643460218,0.908089668208441
EIF4A3,0.308857874263629,5.98905505713225,1.34519679216237,0.246119578520345,0.908089668208441
NLRP1,0.317789969811031,5.55716672551386,1.34442947449618,0.246254329472219,0.908089668208441
TSTD1,0.185837020930416,7.74280238313749,1.34291619178559,0.246520345964392,0.908089668208441
ARSK,-0.549579397510589,4.05414611278595,1.3427260451944,0.24655379623444,0.908089668208441
ATP6V0E2,0.274968812398016,5.75839686977382,1.34192276307155,0.246695169534548,0.908089668208441
PI4KB,0.482607835390579,4.98852402051967,1.34152620088559,0.246764998872915,0.908089668208441
AKIP1,0.488700942039106,4.47712792352844,1.34121505659586,0.246819804174914,0.908089668208441
SFI1,0.428898303241231,5.79391471584944,1.34060637967124,0.246927060253986,0.908089668208441
MIER1,-0.187373067058425,7.69426121738076,1.34051147671629,0.246943788413988,0.908089668208441
TRIM47,0.957105874477108,4.21711804158309,1.34024768137824,0.246990293832234,0.908089668208441
MRPS22,-0.330040821420372,5.29798585705424,1.33983195965851,0.247063604636236,0.908089668208441
NDUFS4,0.297331879527125,5.66895376934746,1.33932744331215,0.247152609757725,0.908089668208441
MAP3K5,0.337884144576763,5.18047906990368,1.33865688850103,0.247270967557889,0.908089668208441
ENGASE,0.564570392956152,3.99131476780056,1.33818459074825,0.247354373165306,0.908089668208441
UCHL3,0.377835839069696,5.14650010745189,1.33762455355461,0.247453317762989,0.908089668208441
CFAP36,-0.334004871079779,5.34284726815726,1.33695143397263,0.247572305287252,0.908089668208441
BRI3,-0.199772132003922,7.23553159829907,1.33669190271226,0.247618201396202,0.908089668208441
CHMP2B,0.407982986774899,5.99072525815012,1.33655343954501,0.247642691802544,0.908089668208441
C6orf136,-0.57875229511368,4.20402723731747,1.33640059216403,0.247669729831204,0.908089668208441
SYNCRIP,0.228483598949745,6.89815043790881,1.3363387166817,0.247680676358825,0.908089668208441
DNAJB6,0.207570299449482,7.29927469759094,1.33624161923324,0.247697855275532,0.908089668208441
FAM177A1,-0.192511893621395,7.09380070948422,1.33618288872274,0.247708246848999,0.908089668208441
FAM111A-DT,0.616237549134709,3.91014944286638,1.33266522054026,0.248331625231604,0.908899636759179
ALYREF,-0.25661045139357,5.88689364398062,1.33190840390735,0.248465994352226,0.908899636759179
RUVBL1,0.399909860920573,5.44475655030091,1.33171007834294,0.248501220816225,0.908899636759179
PSD4,0.288440507228508,6.04653850649722,1.33038642363181,0.248736484262201,0.908899636759179
ZNF337,0.572909120525934,4.14161458003777,1.3301701127037,0.248774956816708,0.908899636759179
PPP1CA,-0.19457325751318,8.02851762842077,1.32993617662152,0.248816572344919,0.908899636759179
RFXAP,0.471931938080581,4.67694364807244,1.32956692067991,0.248882277648806,0.908899636759179
PRMT7,0.438385138181046,4.79894968556711,1.32878602477444,0.249021300085605,0.908899636759179
PINX1,-0.498254885780515,4.55222350615884,1.32831569581315,0.249105078386027,0.908899636759179
MFSD5,-0.479707590871499,4.39787845477918,1.32801356327839,0.249158914576601,0.908899636759179
DGKH,0.435435590256496,5.32535150913852,1.32769350565784,0.249215960343317,0.908899636759179
TNFAIP8L1,0.589505380377917,4.31408968876733,1.32549380963927,0.249608458585269,0.908899636759179
MYO19,0.408614171608473,4.72737723204238,1.32431155784974,0.249819724347227,0.908899636759179
HADHA,-0.173251648067688,7.20614845844372,1.32416556862607,0.249845827502068,0.908899636759179
MCM3,0.341095926107257,5.45650978217259,1.32408946759951,0.249859435838523,0.908899636759179
GSR,0.367762253670166,5.38968161783168,1.32367101155199,0.249934280120533,0.908899636759179
CRY2,0.576250802787999,3.83777076827285,1.32361586054013,0.249944146379841,0.908899636759179
USP14,-0.21756092721839,6.24779471987877,1.32329948629927,0.250000753488564,0.908899636759179
WDR37,0.445522338113525,4.50192410019048,1.32285496386093,0.250080316019829,0.908899636759179
PAM,0.540737390344758,4.18973698356158,1.32227580020808,0.250184023807939,0.908899636759179
TTI2,-0.454344213679556,4.49084473580142,1.32198906822982,0.250235386917518,0.908899636759179
SART1,0.371502882887972,5.38781717490673,1.32127606550152,0.250363165196941,0.908899636759179
GTF2E1,0.528457215575467,4.28833517639828,1.32113415317744,0.250388607065947,0.908899636759179
SLA2,0.221490316297968,6.25769789536505,1.32035116119813,0.250529037961182,0.908899636759179
MRPL43,0.247990704749866,6.44396791143167,1.31996243842483,0.2505987919244,0.908899636759179
MOSPD1,-0.523481520817868,4.11993755171538,1.31970776121703,0.250644505138691,0.908899636759179
KDM3B,0.351005575952809,5.34843453215844,1.3174161165326,0.251056303954838,0.909649534165754
MGMT,0.24851695746708,6.06827869424339,1.31716797867522,0.251100943085291,0.909649534165754
ATP5PB,-0.176701563783393,7.10186992532882,1.31681274017409,0.25116486620709,0.909649534165754
IFRD1,-0.25990527856818,6.10431550170461,1.31582931501762,0.251341932138852,0.909912161149928
LAMTOR2,0.206594492787504,6.61774721816065,1.31387969601507,0.251693414884778,0.910140960659225
TUBA4A,0.225548579026209,7.26676649714112,1.31377914604719,0.251711558677546,0.910140960659225
PFKFB3,-0.462361260164186,4.52679321164865,1.31373865160089,0.25171886617336,0.910140960659225
TMEM170A,0.25645734441437,6.26076104570633,1.31251176674512,0.251940389423629,0.910457807510354
GLRX5,-0.227211682216005,6.337297769195,1.31139645971482,0.252141974320553,0.910457807510354
GBP5,0.310101517079493,7.17920013758334,1.31084348236292,0.252241995072582,0.910457807510354
ZNF746,-0.457541635152164,4.47380216965582,1.30997148799814,0.252399817677158,0.910457807510354
EMC2,0.321135361906177,5.26063712826373,1.30986354376817,0.25241936298655,0.910457807510354
AHNAK,-0.233512013618772,9.1444148366356,1.30947345953407,0.25249001049885,0.910457807510354
UBE2D4,0.518585340767445,4.23504252358043,1.3090543316401,0.2525659451489,0.910457807510354
FNBP4,0.212245420870932,7.01752398306601,1.30466720385369,0.253362461789393,0.910457807510354
REEP4,0.457316800712358,4.39226963646608,1.3042749737173,0.253433824526802,0.910457807510354
AMZ2,0.281141257350352,5.72996279478798,1.30396139583204,0.253490894984241,0.910457807510354
DENND1B,-0.248269695000981,6.18122345943825,1.30292038475028,0.25368047003282,0.910457807510354
PDE12,-0.311403278845878,5.27090977153689,1.30159403228589,0.253922260460723,0.910457807510354
KCTD9,-0.316052254206118,5.39769059963612,1.30065663546741,0.254093316422543,0.910457807510354
TBC1D5,0.290718669570793,5.61684233135085,1.29879877722248,0.254432757371941,0.910457807510354
DCUN1D1,-0.25791405621996,5.71590996552549,1.29758486747014,0.254654847005802,0.910457807510354
TSFM,0.443436600468913,4.84042794607036,1.29757268447277,0.254657077143601,0.910457807510354
FHL3,0.618298972258039,3.90003590048809,1.29742733521655,0.254683685659225,0.910457807510354
MBD5,0.306390138147444,5.60340893366167,1.29704982144035,0.254752811617867,0.910457807510354
RFX7,0.464457014778862,4.68145781469289,1.29688278378345,0.254783404997453,0.910457807510354
FCHSD1,0.525085813740308,4.31907617803346,1.29553176068731,0.255031014789449,0.910457807510354
SCO2,0.385876859297768,4.90467106109468,1.29512056503458,0.255106435828727,0.910457807510354
ZNF169,0.558214699217897,4.09279741844141,1.29398255143688,0.255315312321891,0.910457807510354
SP3,0.226067178571691,6.30913009969332,1.29299926304418,0.255495959559781,0.910457807510354
RPS27A,0.108816163702759,12.3065092676126,1.29207994703538,0.255664996478121,0.910457807510354
CREBL2,-0.316791703773534,5.11297952051085,1.29139716783614,0.255790630013616,0.910457807510354
PURB,0.328295482842085,5.64185670205849,1.29138945806997,0.255792049069539,0.910457807510354
NUP43,0.471630478090414,4.20369899040216,1.29135069848567,0.255799183287396,0.910457807510354
DHX57,0.451351164213766,4.53960390711668,1.29076497295401,0.255907023747458,0.910457807510354
PCNT,0.36605962397878,5.08494495949718,1.28931482125556,0.256174258765927,0.910457807510354
RAPGEF2,0.471833869940501,4.59820920240326,1.28656984580675,0.256681047959318,0.910457807510354
NBN,-0.308275934036989,5.71697078960055,1.28596969888492,0.256792014409156,0.910457807510354
CISH,0.308296743778631,7.45030717592284,1.283950907581,0.257165721322124,0.910457807510354
ZMPSTE24,0.329651505735314,5.42045915569442,1.28291234690295,0.257358235162243,0.910457807510354
LRCH1,0.478482630858498,4.76787065766652,1.28180350936468,0.257563972394765,0.910457807510354
BAG1,-0.244264693448881,6.30722667963488,1.28175141889202,0.25757364242002,0.910457807510354
SUGT1,-0.227202830057283,6.7157158825347,1.28174268601972,0.257575263625921,0.910457807510354
TEX10,0.522951934133762,4.20054190680803,1.28169274840886,0.257584534488996,0.910457807510354
TMEM258,0.200948302030374,8.34793258608661,1.28140002635351,0.257638886308324,0.910457807510354
DGUOK,-0.24897895969948,6.9693424723799,1.28123945141172,0.257668707434154,0.910457807510354
MDM1,-0.438487804118878,4.82658540509154,1.28043591663482,0.257817999710097,0.910457807510354
TFG,0.337225090333252,5.68463085259282,1.27988191926202,0.257920991559584,0.910457807510354
TMEM187,0.669071233771385,4.17684859626738,1.27973104454469,0.257949048992714,0.910457807510354
HDGFL2,0.364631915838996,5.27977515592041,1.27770721397399,0.258325775680441,0.910457807510354
ARHGAP15,-0.184006178293422,7.01523948245444,1.27735671741196,0.258391088044111,0.910457807510354
ZNF593,0.362227972945337,5.27233800429558,1.27682113904682,0.258490928415919,0.910457807510354
OTULIN,-0.213672870174313,6.77305054900995,1.27679823758842,0.258495198676916,0.910457807510354
ROGDI,0.492907085487421,4.69853352021833,1.27593005706604,0.25865714603508,0.910457807510354
CSTF2T,0.396838707766886,4.75299430180859,1.27591586273436,0.25865979483795,0.910457807510354
ZNF736,0.563916749838215,3.96274631097419,1.27567631982888,0.258704500974988,0.910457807510354
PCBP1,-0.144162447110911,8.24527467046508,1.27544722670446,0.2587472657956,0.910457807510354
TRNAU1AP,0.261790499446676,5.88899760248655,1.27458730936269,0.258907864587032,0.910457807510354
AACS,0.553948861163536,3.97044459506196,1.27447616593236,0.258928630808683,0.910457807510354
PLXNC1,0.486368495148295,4.53068710496658,1.27409931270979,0.258999058018522,0.910457807510354
ISG20,-0.285289574711489,7.8372988981581,1.27384398410412,0.259046787886233,0.910457807510354
ZNF92,-0.452953756450274,4.71339020153095,1.27342588264331,0.259124969199495,0.910457807510354
DCAF17,0.449502775731161,4.3406993036025,1.27341297525957,0.259127383231571,0.910457807510354
DPH6,0.558211462519632,3.79856436425818,1.27242351714595,0.259312521653885,0.910457807510354
AZIN1,0.288578501717985,5.91526316482665,1.27232700376719,0.25933058911798,0.910457807510354
EBLN3P,0.225156163589702,6.24153119390198,1.27219311023568,0.259355656787192,0.910457807510354
NFIC,0.453997724751085,5.4855994936747,1.27187083462079,0.259416005813394,0.910457807510354
PGGT1B,-0.291950626661027,5.35573030922206,1.27123066854224,0.259535934242463,0.910457807510354
PARP15,0.279440286924454,5.68152747348149,1.27057560035901,0.259658725443153,0.910457807510354
NIN,0.246652552385975,6.42115366241287,1.26936372261893,0.259886079036413,0.910457807510354
MR1,0.450537588052306,5.63133674081494,1.26915789926473,0.259924716872819,0.910457807510354
FAM136A,-0.241225802675934,5.83449071365966,1.26915404372004,0.259925440716172,0.910457807510354
ARFRP1,0.269979553278786,5.6513754670499,1.26891540355639,0.259970248087207,0.910457807510354
RNF139,0.406177522926877,5.34766904254752,1.2688334814808,0.259985632081275,0.910457807510354
STK40,-0.378214564815379,4.97172863423174,1.26808922399237,0.260125446443872,0.910457807510354
MAP1LC3A,0.505442513843769,4.20088739935958,1.26798193242249,0.260145609646716,0.910457807510354
USP46,0.500822590271346,4.10986461554461,1.267580496874,0.26022106821279,0.910457807510354
SETD7,-0.59730705749006,3.75660575972352,1.26734001278441,0.260266285420883,0.910457807510354
SDCBP,0.338415558425048,6.58561635095279,1.2659356388494,0.260530538301432,0.910457807510354
ZNF444,0.484175289286958,4.38409014839751,1.26551752629635,0.260609276285289,0.910457807510354
PNISR,0.133931000982047,8.78623808813956,1.26413210166168,0.260870386945555,0.910457807510354
SLC15A4,0.436400082140747,4.84939912032441,1.26298981056131,0.261085918078138,0.910457807510354
SLC20A1,0.356725697423641,6.13829391900811,1.2627732462726,0.261126804995176,0.910457807510354
WIPI1,0.408480741301707,4.89798778271934,1.26226100328988,0.261223547057132,0.910457807510354
SKI,-0.33632232421139,6.07544015055589,1.26214613997715,0.261245246204937,0.910457807510354
CCDC112,-0.633177554589044,4.13934225803356,1.2616988589507,0.261329764594807,0.910457807510354
MTRF1L,0.440432372931905,4.71246966407099,1.26162379462155,0.261343952098971,0.910457807510354
NDUFS2,0.261549903047023,6.17451759508192,1.26139876364986,0.261386489710393,0.910457807510354
ACLY,0.312627613131094,5.54744223480291,1.26063882923916,0.261530203570756,0.910457807510354
MAPKAP1,0.282572265505485,5.57641720359539,1.26026331122378,0.261601255255104,0.910457807510354
BTF3L4,-0.268940675846896,6.33252621423864,1.25995018495126,0.261660520107031,0.910457807510354
RIF1,0.268684400322142,6.66723386889278,1.2596647514811,0.2617145580937,0.910457807510354
PRMT6,0.615120726537251,3.73975918422175,1.25911021810379,0.261819581369245,0.910457807510354
ZNF37A,0.375738870090604,5.33189377616012,1.25820024026904,0.261992035655886,0.910457807510354
CCDC32,0.315607730718285,5.41596805978331,1.25782973628754,0.262062292001542,0.910457807510354
WARS2,0.575744012273162,3.9378031215517,1.25751536966671,0.262121921695196,0.910457807510354
GOLGA8B,0.354695225500627,5.85552248215474,1.25743098182326,0.262137931416029,0.910457807510354
ABHD10,0.542737206599469,4.2515960187996,1.25639294759007,0.262334962328479,0.910457807510354
PES1,-0.42311442252239,4.34908656331416,1.25533814435892,0.262535364410241,0.910457807510354
NIFK,0.222144047458359,6.74440350888058,1.25436548945199,0.2627203274846,0.910457807510354
ZNF700,0.575144809983739,3.91176971924493,1.25432528098671,0.262727977130899,0.910457807510354
UVSSA,0.407221759773684,4.73119837028213,1.25415108026638,0.262761121949306,0.910457807510354
STK10,0.21039542050968,7.27499849281596,1.25276796367898,0.26302446900114,0.910457807510354
CHMP3,0.284438202378977,6.48776430648696,1.25149963414174,0.263266248479439,0.910457807510354
SGTB,0.392147397850852,4.84756941463863,1.25121136779015,0.263321238675868,0.910457807510354
ADAP1,-0.435188415623117,4.921398774056,1.25077150316128,0.26340517551353,0.910457807510354
TIGD1,-0.534554330521122,3.92188291522688,1.25059168138798,0.263439499435546,0.910457807510354
CHID1,-0.386971491435081,5.06933167173001,1.24954066161939,0.2636402265547,0.910457807510354
PRKCA,0.425841828100308,4.70461455426513,1.24937602645743,0.263671686309884,0.910457807510354
LETMD1,0.376789528598471,5.51552657142196,1.24891406279862,0.263759986786515,0.910457807510354
TXNL4A,-0.202624574876715,7.06105238665855,1.24841515662137,0.263855389774273,0.910457807510354
STAM,0.375944621792326,4.68819561433975,1.24824289972901,0.263888339434104,0.910457807510354
ZMYM5,0.34796521878953,5.86410266701015,1.24798041032678,0.263938558787828,0.910457807510354
SVBP,-0.248577658087554,5.95982810662725,1.24781890568251,0.263969463683462,0.910457807510354
VDAC2,-0.190400810435061,7.11007869197618,1.24630838616831,0.264258728566612,0.910457807510354
ZNF274,0.383673676880122,5.05981257259912,1.2457450529978,0.26436670785343,0.910457807510354
SLC11A2,-0.454129724529117,4.61944293687322,1.24529816650895,0.26445240573369,0.910457807510354
MAP9,-0.52786572233743,4.65811915477834,1.24484996962594,0.26453838958807,0.910457807510354
RBM19,0.460936076606286,4.38887913805916,1.24425427456077,0.264652723870672,0.910457807510354
ADCY3,0.356065712976886,4.96936746939382,1.24402535649094,0.264696677426955,0.910457807510354
RAD17,0.354844135324311,5.14813098198392,1.24354199975705,0.264789514453746,0.910457807510354
TANGO6,0.567270331608479,3.91303656281546,1.24341503448677,0.264813907044821,0.910457807510354
MTERF4,0.281797535108281,6.00153505772343,1.24318922266697,0.264857296957099,0.910457807510354
DGKQ,0.595770370013223,4.36454433227815,1.24241028818811,0.265007037667349,0.910457807510354
SAMD9L,0.301278446645801,6.86350253529674,1.2406274176097,0.265350169410531,0.910457807510354
DNAJC3,0.206786979188693,6.49710525113658,1.2404319670894,0.26538781947426,0.910457807510354
RBMS1,-0.143180924206619,7.33732664199611,1.24023636729953,0.265425504945873,0.910457807510354
CRELD1,-0.433752319726822,4.41964182605992,1.24008279859998,0.265455097111862,0.910457807510354
PRELID1,0.135444905735908,8.18475702427796,1.23984591312257,0.265500752187247,0.910457807510354
IRF2,0.162156928344516,7.37569588786209,1.23891056707437,0.265681117450834,0.910457807510354
ARID3B,0.335316115946642,5.20628934478827,1.23796032455404,0.265864511406212,0.910457807510354
IKZF3,0.178161783757908,8.39443404829231,1.23795996203325,0.265864581401696,0.910457807510354
ATF7IP2,0.354697814367365,6.09661937481224,1.2378252277229,0.265890597479689,0.910457807510354
GDPD5,-0.665696910714499,3.6101832589232,1.23777746283624,0.26589982124396,0.910457807510354
MCM7,0.36447455193029,4.9831921971831,1.2377584590099,0.265903491138657,0.910457807510354
RPL10,0.101273140751012,12.9032643778053,1.23747603220436,0.265958038988318,0.910457807510354
GFM2,0.531308433994695,4.18174553702543,1.23742722329684,0.265967467341235,0.910457807510354
SLAMF8,-1.00282515213351,3.90413149830906,1.23623732853824,0.266197446523513,0.910457807510354
SLC25A3,0.149253513208947,8.00427785253597,1.23585485694368,0.266271422025949,0.910457807510354
ERCC1,0.340056761601752,5.50961119645004,1.23395401634521,0.266639451900141,0.910457807510354
CNPY3,0.301179774414063,6.2972366466046,1.23384127241306,0.266661300630602,0.910457807510354
PLEKHA3,0.340613520491205,6.01147703118718,1.23299278664834,0.266825800882054,0.910457807510354
RNF213-AS1,-0.881062877742115,3.8763085868419,1.23249733291952,0.266921915478828,0.910457807510354
PIF1,0.498685112119405,4.392778570216,1.23168330778574,0.267079924399845,0.910457807510354
RBM28,-0.286711579583425,5.83635723947716,1.23166795159149,0.267082906282331,0.910457807510354
SLC25A42,0.401943342934049,4.76441763724412,1.23035336761225,0.267338327494694,0.910457807510354
KCTD5,0.42062382164152,4.71041171721573,1.22876967917568,0.267646439655183,0.910457807510354
SAMD8,-0.335326888786108,5.09142380886683,1.22819156954665,0.267759023206057,0.910457807510354
ADRB1,-0.497458421428078,4.67560380308668,1.22792234014011,0.267811474248889,0.910457807510354
UBIAD1,0.436725739971752,4.57917136650246,1.22769311652199,0.267856141496096,0.910457807510354
KYAT3,0.404010274667982,4.90010093010274,1.22767439898836,0.267859789264791,0.910457807510354
PSMD10,-0.373732790430435,4.8231383640013,1.22763568379559,0.26786733447617,0.910457807510354
MAN2C1,0.612154303208658,4.57234716453118,1.22631588982993,0.268124707981534,0.910457807510354
ZNF138,0.45050867221701,4.58680025597947,1.22574274370104,0.268236573470461,0.910457807510354
AVL9,-0.354018616529531,5.39547071271546,1.22550203085365,0.268283572671451,0.910457807510354
LDLRAD4,0.267109472172951,6.57311634541652,1.22520970208914,0.268340663698506,0.910457807510354
DEDD,0.430389578349817,4.39655050261228,1.22498059251629,0.268385418780963,0.910457807510354
PDE7A,0.246745873296386,6.8858285638278,1.22464833206665,0.268450340271541,0.910457807510354
PIK3R2,0.841454426086731,3.47424326330545,1.22422471861952,0.268533139951112,0.910457807510354
CHML,0.542207596086437,4.2377306733288,1.22299171540406,0.2687743247689,0.910457807510354
DUS1L,-0.241937327393919,6.16149669826476,1.22290584789314,0.268791131174941,0.910457807510354
NOLC1,0.287938174644645,5.58141332806996,1.22266598272524,0.268838085699968,0.910457807510354
MYPOP,-0.614246572964531,3.72874324707429,1.22188823672561,0.268990402891395,0.910457807510354
HNRNPDL,-0.158563585735574,8.31115647384601,1.22175285924548,0.269016926818092,0.910457807510354
PTRH1,0.347870503593151,4.91407637141741,1.22082518692091,0.269198769536741,0.910457807510354
IFI27L1,-0.592411213440288,4.06519874579606,1.22048753011146,0.269264995260219,0.910457807510354
MTHFD1L,-0.597921839301853,4.43890385424171,1.22000384504835,0.269359897425551,0.910457807510354
SUGP1,0.487565213647956,4.4546929726948,1.2199752151929,0.269365516099216,0.910457807510354
ZNF276,0.275359471893204,6.38010902430365,1.21984943116005,0.269390203233344,0.910457807510354
ST3GAL3,0.533095772808632,4.05495035918762,1.21945222818015,0.269468179241195,0.910457807510354
CCDC82,0.2611007382351,6.4209965374497,1.21868017849451,0.269619823097708,0.910457807510354
CLNS1A,-0.348038340725069,6.27042307509629,1.21794424574253,0.269764472210495,0.910457807510354
MED6,-0.266047781422674,6.138627781929,1.21790479964645,0.269772228159711,0.910457807510354
RNF213,0.143422870489179,9.0190490618054,1.21750033396336,0.269851770870154,0.910457807510354
MAVS,0.373557776483138,5.3879243088347,1.21581961494034,0.270182617164007,0.910457807510354
RPL34,0.104704540605093,12.2531047860029,1.21504788845256,0.270334699842676,0.910457807510354
SNX29,0.452580288426286,4.40144834957102,1.2148200986294,0.27037961040345,0.910457807510354
IFT20,0.281442099459767,6.03565526320298,1.21463870668104,0.270415379927545,0.910457807510354
ARHGAP35,0.257778198756979,5.77266651327417,1.21381822598272,0.270577248256165,0.910457807510354
LAPTM4A,-0.318437913794878,6.46871250338743,1.2121782073976,0.270901162163712,0.910457807510354
HSH2D,0.391236552335991,5.22963466465035,1.21103911236341,0.2711264259554,0.910457807510354
FAM149B1,0.733132062436426,3.6631670616367,1.21082254821161,0.271169279492944,0.910457807510354
GADD45A,-0.365416379925534,5.17469769169332,1.2107179304029,0.271189984214751,0.910457807510354
SSH1,0.375050912386013,5.07041362315703,1.21071780335164,0.27119000936044,0.910457807510354
GCNA,0.608363322832137,3.90050795105892,1.2103777484447,0.271257322684545,0.910457807510354
PROSER1,0.358105462656049,4.81201292016,1.21034652597709,0.271263504169638,0.910457807510354
CCNC,0.35513950657357,5.44547068976686,1.21027141960007,0.271278374598656,0.910457807510354
SMIM30,-0.261239566859652,5.6953304024401,1.21014988644346,0.271302439298779,0.910457807510354
ALG3,0.390459423814246,5.01113537340121,1.20843564563262,0.271642159711766,0.910457807510354
CYP3A5,0.594642369243867,3.90731279076692,1.20838610980695,0.271651984406634,0.910457807510354
ATXN7,0.25088674270187,6.24827379901011,1.20827498086238,0.271674026799298,0.910457807510354
FBXO7,0.235134982345101,6.2379672519942,1.20824031955993,0.271680902316165,0.910457807510354
DNTTIP2,0.211320336650372,6.32403336735178,1.20777110888567,0.271773997743926,0.910457807510354
MED1,0.291053437408861,5.77790149223065,1.2075358834706,0.271820683512657,0.910457807510354
GZMK,0.50854576520261,8.58589620827016,1.2073580485514,0.271855985511704,0.910457807510354
HDHD5,0.437831915647888,4.5145910560092,1.20671067513777,0.271984544053078,0.910457807510354
PGRMC2,-0.263948130904191,5.75481312095446,1.20626406513969,0.272073278391904,0.910457807510354
NAAA,0.298823850069321,5.91578261733251,1.20610369342433,0.272105150557964,0.910457807510354
AGPAT3,-0.323066822999905,5.22594853919689,1.20609621349151,0.272106637228847,0.910457807510354
GYPC,0.140169773639841,7.9038437450573,1.2059194839483,0.27214176599349,0.910457807510354
PCYOX1L,0.580272393148787,3.69068026272407,1.20580694419777,0.27216413862764,0.910457807510354
SRCAP,0.437441032315134,4.60652546886244,1.20517723172987,0.272289366471589,0.910457807510354
TVP23C,0.509246885911787,4.05408885307099,1.2047826519568,0.272367871397712,0.910457807510354
ZBED5-AS1,0.525491401499267,3.91105305231708,1.20447076588837,0.272429943782835,0.910457807510354
TMC8,0.251904623639206,6.65337307534771,1.20378683761044,0.272566123026294,0.910457807510354
BRD2,0.18900424859159,7.44938609251155,1.2023676678767,0.272848970813619,0.910457807510354
CD84,-0.273566298752326,6.77765959782867,1.20186012492757,0.272950215990974,0.910457807510354
PEA15,-0.388957291434415,4.63733756436644,1.20174146760399,0.272973892662198,0.910457807510354
RRS1,-0.346716196639844,5.02349364218155,1.20147129741918,0.273027811542304,0.910457807510354
LPCAT3,0.479653234645294,4.49719635152443,1.20139425602276,0.273043189429165,0.910457807510354
TUBGCP5,0.482704089865025,4.30088066116666,1.20020863059566,0.273279983748615,0.910898390871004
DUSP18,-0.457675307898835,4.43736820167762,1.19939909082833,0.273441813751534,0.911088861056508
CD27,0.387029392065973,6.93429310593047,1.19856552699667,0.273608571819653,0.91129559913756
SLC35F5,-0.387882391618816,4.64861127771226,1.19721242512144,0.273879537339624,0.911679509927702
XPNPEP3,0.475755191707227,4.5663097890394,1.19668452223117,0.273985343833986,0.911679509927702
BLOC1S5,-0.386041880082918,5.00220540413583,1.19642139231615,0.274038101570823,0.911679509927702
GTF2H5,-0.250328998073116,6.33730711862024,1.19527832116672,0.274267436144625,0.912093808470261
WWOX,0.600107644553149,3.787467454095,1.19469012514421,0.274385539855589,0.912138026494726
NDUFB2,-0.100898154649155,8.53558419157837,1.19350948307119,0.274622793318526,0.912241574723084
CMPK1,0.211230675013591,7.13703098805302,1.19349190704085,0.274626327217566,0.912241574723084
TRIB3,-0.47587848172905,5.58699374843639,1.19236699830263,0.274852624148319,0.91238790931563
VEZT,0.284238654736551,5.46410835537542,1.19223073182959,0.274880052651452,0.91238790931563
RPS9,-0.0999834997855746,10.9824525674783,1.19039178184932,0.27525054349606,0.913269340467485
POLE,0.605081313818061,3.87026967351276,1.18807180016651,0.275718842335255,0.91447449879715
FBXL5,-0.232459982094526,6.06587901743652,1.18703309001943,0.275928835098084,0.914822343565191
PIP4K2B,0.39391736893166,4.77346994653322,1.18455573883328,0.276430485413964,0.915166218853681
JADE2,0.223791190668512,5.92091931930887,1.1845080679669,0.27644014974717,0.915166218853681
GADD45G,0.439066018618387,5.12531597201039,1.18449836936546,0.276442116000403,0.915166218853681
SMARCD2,0.296382613959885,5.44989691054322,1.18343137127395,0.276658542093702,0.915166218853681
MYO1F,-0.171280616717345,7.26879795442624,1.1820489977442,0.276939254800981,0.915166218853681
ENO2,-0.414693567588734,4.63284676601652,1.18129508880843,0.277092498866369,0.915166218853681
FARSA,0.39265333429907,4.96569571597785,1.18109822119383,0.277132532927398,0.915166218853681
BRF1,0.502539547429522,4.29498443110861,1.18036675696262,0.277281343782545,0.915166218853681
GAS7,0.67251495190074,4.42435569914193,1.18009711253531,0.277336226262509,0.915166218853681
DGKE,0.31016302208458,5.34422347201063,1.17984806708962,0.277386928242505,0.915166218853681
PIGQ,0.528636633353961,3.97097597410469,1.179771811043,0.277402455181755,0.915166218853681
SLC25A16,0.432791771331513,4.40787935222403,1.17802932503666,0.277757551228488,0.915166218853681
CISD1,0.29797511166793,5.19879695008755,1.17763405905622,0.277838180917818,0.915166218853681
TNFRSF25,-0.380482118600167,6.12308187055013,1.17749713812363,0.277866118076793,0.915166218853681
CALHM2,-0.317261702800182,5.54194751691533,1.17747452154534,0.277870733072723,0.915166218853681
UQCRH,0.123277802550823,8.50068742129968,1.17656490575038,0.278056423546921,0.915166218853681
NSFL1C,0.328242147438422,5.45360365693171,1.17541956113945,0.278290458420102,0.915166218853681
PAFAH1B3,0.322019318668012,5.29676604530406,1.17486884460078,0.278403077840772,0.915166218853681
SERINC5,-0.370990001691009,5.45777106373612,1.17473935375119,0.27842956655946,0.915166218853681
ACAT2,0.338233975778101,5.45124285206322,1.17421101856603,0.27853767600425,0.915166218853681
WDR86-AS1,0.561268153772538,4.7041711995678,1.17401485307976,0.278577829406064,0.915166218853681
PINK1,-0.521448498600406,4.52713484717581,1.17392177765716,0.278596883702361,0.915166218853681
APOOL,0.480802609535681,4.10004270446467,1.17275091644405,0.278836721431214,0.915166218853681
ZNF652,0.17192430789423,6.70661939318354,1.17224891257765,0.278939630962969,0.915166218853681
CCDC107,-0.211816777992177,7.46683672420675,1.17077751497537,0.27924153971287,0.915166218853681
RHOT1,0.366971238565218,5.19269877096754,1.17077196248374,0.279242679780993,0.915166218853681
SAAL1,0.547684737675893,4.21268687910482,1.17030389983497,0.279338806081548,0.915166218853681
TSPAN32,0.404490232402103,4.4145273976392,1.17005735660819,0.279389455585453,0.915166218853681
SETDB1,0.542783529249731,4.333623119653,1.17004524885061,0.279391943284951,0.915166218853681
DPF2,0.24813555442076,5.94449915098653,1.16907241413973,0.279591916410661,0.915166218853681
AKAP13,-0.119729890486015,8.51627542822274,1.16769490759048,0.279875381613761,0.915166218853681
SDHA,-0.275251854169698,6.13930444632121,1.16728898676711,0.279958981714021,0.915166218853681
BIN2,0.16625138372475,7.15457183074752,1.1667196263371,0.280076295583326,0.915166218853681
P4HTM,-0.419507450072289,5.23765778339573,1.16632795082458,0.280157034379103,0.915166218853681
ZNF512,0.366251700060698,4.78448327363281,1.16440278862687,0.280554308746539,0.915166218853681
VCL,0.496029326374202,4.18279101306184,1.16330243942927,0.280781695021301,0.915166218853681
BICD1,0.555633497828761,4.29989384440561,1.16263332589199,0.28092008057785,0.915166218853681
PLAAT3,0.310477305262869,6.00613049488244,1.16208053370409,0.281034473621316,0.915166218853681
LINC00174,0.403534929608625,3.61260961175046,1.16192924952016,0.281065790138656,0.915166218853681
GAMT,0.56924874474797,4.07313011634542,1.16179945931332,0.281092660817473,0.915166218853681
IRF2BP2,0.186190697291002,7.1159726889226,1.16138093067232,0.281179331592133,0.915166218853681
FLT3LG,-0.265626137824075,7.0629361567477,1.16081139525938,0.281297327754543,0.915166218853681
PHF2,0.350144240808078,4.77743797061929,1.16066504310585,0.281327659048609,0.915166218853681
GNGT2,-0.454133459322158,4.22900432794913,1.15950040850006,0.281569175402463,0.915166218853681
SPNS3,0.314788771065963,5.11963188772825,1.15949736002183,0.281569807925012,0.915166218853681
TIFA,0.421647946942014,4.72682774812475,1.15947387516801,0.281574680809779,0.915166218853681
CENPT,0.455180541035041,4.9101556238783,1.15933132086764,0.281604261764001,0.915166218853681
PPP1R2,0.166886389128647,7.65357681107734,1.15872559663308,0.28172999733025,0.915166218853681
PHF8,0.392902635216522,4.62750338927256,1.1584060291134,0.281796361394595,0.915166218853681
DGCR8,0.355135503702588,5.19318988043766,1.15819337016693,0.281840534880145,0.915166218853681
ARMC7,-0.497023737415638,4.10280776683758,1.15783307191886,0.281915395959462,0.915166218853681
VPS41,0.362747515919345,5.23347383139802,1.15731488613253,0.282023106249287,0.915166218853681
AGL,0.353826999735451,5.10531408560958,1.15693781793503,0.282101516489991,0.915166218853681
BCL3,0.585381469128124,4.54058471529829,1.15661501652428,0.282168664009134,0.915166218853681
PHTF1,0.506745244991742,4.74868698431666,1.15618840831215,0.282257435901286,0.915166218853681
TAF12,0.236754574588764,6.05454077298849,1.15602089783672,0.282292302415226,0.915166218853681
POLR3F,0.537629251344461,3.87923535405382,1.15574581346572,0.282349571744592,0.915166218853681
ABCB10,0.500825578692978,4.26544521204447,1.15489351443035,0.282527103692818,0.915166218853681
AAAS,-0.481480951862756,4.29159692479797,1.1547900284658,0.282548669194785,0.915166218853681
MGA,0.376813292739933,5.69512568028453,1.15445779873529,0.282617916821085,0.915166218853681
TMEM147,-0.206227171931467,6.81181846218496,1.15407051987834,0.282698665601951,0.915166218853681
ASCC1,0.537027597803967,4.24484923586927,1.15343546988618,0.282831138576982,0.915166218853681
WDR3,0.517277881187958,4.23244467600536,1.15330896408325,0.282857537376393,0.915166218853681
RRP12,-0.603236251909525,3.81957112758615,1.15298004844237,0.282926188963065,0.915166218853681
NUDT1,-0.235626808108868,5.84074315673838,1.15195368383362,0.283140548363435,0.915166218853681
SLC38A2,-0.152790592736923,7.90840736638424,1.15134598871693,0.283267564240387,0.915166218853681
ZNF790,0.506854503206079,4.05134494214343,1.15090525554345,0.283359728109315,0.915166218853681
SEC61G,0.140904312180137,8.29992567464326,1.15090231206457,0.283360343762173,0.915166218853681
NUTM2B-AS1,0.255577937125591,6.57824970168534,1.1506108150253,0.283421321157959,0.915166218853681
MLX,0.23713733479746,5.96168163334971,1.15035484807512,0.283474879819779,0.915166218853681
RIC1,-0.45221278581542,4.2174317694633,1.14987913820242,0.283574451650861,0.915166218853681
PASK,0.65449258651216,4.49136507220671,1.14951937699201,0.283649783435702,0.915166218853681
TRGV9,0.563029968857136,4.13806662279323,1.14923719323769,0.283708888712769,0.915166218853681
SEPHS1,0.407218732201915,4.89221676519153,1.14860310137198,0.283841760413599,0.915255591285497
DOK2,0.17372409561769,7.07818330663875,1.14768366559984,0.284034564950914,0.915263074956804
TMEM102,0.474905513379981,4.37080153196666,1.14691437563406,0.284196011593793,0.915263074956804
PPP1R15A,-0.275857016890443,8.09513099634118,1.14637037678564,0.284310247815491,0.915263074956804
POLR2E,0.237692845384097,6.34029325986313,1.14612008922953,0.284362826118377,0.915263074956804
CHMP7,0.322577093082321,5.10509455001098,1.14608635714982,0.284369913211904,0.915263074956804
NINJ2,0.471421940798846,4.38413811114343,1.14546499133894,0.284500501913246,0.915344868077995
CCP110,0.408988700366513,4.80217673456652,1.1432301550038,0.284970812774895,0.915528725897797
SEMA4D,0.2129141872416,7.28787352191919,1.14300747520258,0.285017728681016,0.915528725897797
IREB2,0.261217549844811,5.82929158487802,1.14296203276284,0.285027304049625,0.915528725897797
MOGS,0.286577066298069,5.35118699344347,1.14157602784983,0.285319551082129,0.915528725897797
MARCKSL1,0.322564873371788,5.27342068822836,1.14145747948759,0.285344565319467,0.915528725897797
ANAPC15,-0.254976256964774,5.68430099360573,1.1412103340551,0.285396723062128,0.915528725897797
ACTB,0.105987938598944,11.8643838821351,1.14098436962139,0.285444421336145,0.915528725897797
TMX3,0.271852963246399,5.70938371638309,1.14086782136898,0.28546902717194,0.915528725897797
NECAP1,-0.287629461739993,6.10488056908143,1.14070020450164,0.285504419405564,0.915528725897797
SLC25A24,-0.246942261289943,5.97114636902497,1.1395694916231,0.285743314475438,0.91595729866657
PHF3,0.174125558567934,7.23110872509905,1.13647901950139,0.286397559651003,0.916127134290512
ITFG2,0.430515244882071,5.4029008355996,1.13643744174916,0.286406374513951,0.916127134290512
PRRC1,-0.332528565089062,5.22951340713113,1.13512014280237,0.286685832382113,0.916127134290512
APIP,-0.321199172896336,5.41513771272419,1.13490708140342,0.286731064740459,0.916127134290512
ABHD14A,0.383839657258843,5.66145403917342,1.13435984826553,0.286847282404106,0.916127134290512
WDSUB1,0.598386379580203,4.0974568842776,1.1341893139719,0.286883511550157,0.916127134290512
TNPO1,0.284559657248149,5.78072087988228,1.13416348475386,0.286888999343462,0.916127134290512
ABCF1,0.19962705493359,7.05807327318238,1.13298589292777,0.28713933758318,0.916127134290512
KDM6B,0.308067293867228,5.45304258292727,1.13266736279453,0.287207099969279,0.916127134290512
SF3B5,-0.115907842344126,7.87231846767282,1.13253203117628,0.287235895840413,0.916127134290512
STK25,0.299155838713378,5.37344780058225,1.13095754714606,0.287571184506413,0.916127134290512
LPCAT4,0.324430987246949,5.34717131135369,1.13088331937078,0.287587003696074,0.916127134290512
SSBP2,-0.534515756366464,4.34681722622889,1.13078296669705,0.287608392300717,0.916127134290512
NAMPT,-0.367635297399052,6.28922966956079,1.13002153379482,0.287770745735806,0.916127134290512
HOTAIRM1,0.402564483101174,4.95306338355103,1.12917393654785,0.28795160829919,0.916127134290512
BTG3,-0.216198499292338,6.38529684713237,1.12820749284149,0.288158007066393,0.916127134290512
EFL1,0.519904312841909,4.21862730909489,1.12769856201099,0.288266772635767,0.916127134290512
MIOS,0.399202797392431,4.5713207411472,1.12741644530945,0.288327087383333,0.916127134290512
ABL1,0.412318329214603,4.50092421461743,1.12733440532678,0.288344630020499,0.916127134290512
YWHAH,-0.278580664270705,7.5810352556636,1.12698153139627,0.288420100656152,0.916127134290512
TIGIT,0.348242927351707,6.89642026753001,1.12621982601179,0.28858309550203,0.916127134290512
PPP1R3F,-0.532183618254414,4.01014726628237,1.12526464346842,0.288787657597405,0.916127134290512
SEC61B,0.159583368803808,8.5991353797823,1.12504785661315,0.288834110410439,0.916127134290512
TRIM14,0.232199543980388,5.90919011790759,1.12446943331951,0.288958100776237,0.916127134290512
HSPA9,-0.184064288463805,7.36838316980499,1.12443192085869,0.288966144257481,0.916127134290512
APOL3,0.29436812852503,5.38646842813334,1.12287006080853,0.289301293936063,0.916127134290512
DLGAP1-AS1,0.306242250752489,5.34830119018311,1.12219493725855,0.289446317654812,0.916127134290512
RAB5B,0.308927391662268,5.61653845228892,1.11906654232228,0.290119540322139,0.916127134290512
GTF3C5,0.387584146672153,4.79828262497612,1.11892869248294,0.290149251132984,0.916127134290512
RNF181,0.240869009123942,6.67942813838455,1.11880268759007,0.290176412392172,0.916127134290512
TRMT12,-0.597580396357722,3.71834967619323,1.11873961986662,0.290190008309689,0.916127134290512
NDUFV3,0.262364648430301,5.89398346459522,1.11784366522462,0.290383242790313,0.916127134290512
SNUPN,0.383174888812838,4.87414419126848,1.11619796895742,0.290738604959004,0.916127134290512
UBE2W,-0.224830591461235,5.93798664329843,1.11601911907707,0.290777258173185,0.916127134290512
CSNK1G2,0.302463062010603,6.3764320080229,1.11317966521329,0.291391802888894,0.916127134290512
PUS7,1.42416595025285,3.91044496718675,1.11272406236015,0.29149056352733,0.916127134290512
DNASE1,0.447592894787383,5.43706823556488,1.11239955041274,0.291560933755457,0.916127134290512
PER1,-0.483386173849081,4.545222021695,1.11228521721506,0.291585732008872,0.916127134290512
AP4S1,0.434409685164395,4.33289085951253,1.11142104840448,0.291773252667224,0.916127134290512
FARP1,0.556278613627295,3.83722506024258,1.11085888180338,0.291895322894034,0.916127134290512
RTL8A,0.360638613183692,4.90681256807218,1.11075994333378,0.291916813382144,0.916127134290512
PDLIM5,-0.308842031435414,5.2402248917559,1.11073013950896,0.291923287485897,0.916127134290512
CEBPZ,-0.169661410661953,6.73752283989699,1.11048921788798,0.291975628157301,0.916127134290512
RIPK3,-0.441010581589935,4.2328363055436,1.11023161618908,0.292031605864171,0.916127134290512
NCBP2,0.263366482368363,6.25637936572731,1.10914866082577,0.292267085651492,0.916127134290512
CHD2,0.176704045788092,7.42977611619274,1.10792904203637,0.292532572245092,0.916127134290512
ZNF677,0.54380008850314,3.80053309630614,1.1078621080652,0.292547151347176,0.916127134290512
CMPK2,0.513663269672681,4.28149923549219,1.10758021464996,0.292608561641507,0.916127134290512
FNBP1,0.119742513224638,8.3884599385951,1.10743415751183,0.292640386570759,0.916127134290512
IRAK4,0.276025747133629,5.76960417338642,1.10702004757,0.292730642566647,0.916127134290512
PRKAR2A,0.278750808468365,6.0630741262588,1.10676182407176,0.292786940843119,0.916127134290512
EMD,0.218694241937343,5.95432204188953,1.10673525391741,0.29279273449335,0.916127134290512
GSAP,-0.59192358745177,4.21206885049236,1.10655447752973,0.292832156865602,0.916127134290512
PCNP,0.167373903075944,7.12874837211845,1.10574402146399,0.29300897851459,0.916127134290512
FAM110A,0.359452607401231,4.81332806376823,1.10551775328115,0.29305836905499,0.916127134290512
HOXB2,0.403121574975965,6.04031336830135,1.10487800367958,0.293198073237497,0.916127134290512
SYAP1,-0.225587620162156,6.15309813750288,1.10443893690504,0.293294002938739,0.916127134290512
SPTAN1,-0.220020254277146,6.96988157555295,1.10379755854463,0.293434206922475,0.916127134290512
DCXR,-0.295161362288436,6.64095054325615,1.10366396505298,0.293463420968159,0.916127134290512
LNPEP,0.198722119606638,7.38667146673995,1.10354436890293,0.293489577249483,0.916127134290512
DCAF16,0.311702994687526,5.4900526586825,1.10285639111019,0.293640099386961,0.916127134290512
ZNF583,0.531441238336843,3.79717027653528,1.10233348366891,0.293754571961108,0.916127134290512
DHRS3,0.431347071660164,4.34943942449767,1.10110133672086,0.294024533941623,0.916127134290512
SFT2D1,0.207832465774867,6.35734201341231,1.10076635942339,0.294097981960034,0.916127134290512
ANKRD27,0.383970889222387,4.50091087879148,1.100550647623,0.294145291934823,0.916127134290512
INPP5K,-0.306069796818573,5.11783645135788,1.10050378354041,0.294155571466843,0.916127134290512
FBXO31,0.446470091547299,4.33728388495204,1.09894598334396,0.294497533293319,0.916127134290512
PIN1,-0.172085312225189,7.12575854125534,1.09870543233471,0.294550383400704,0.916127134290512
TFIP11,-0.318158063039264,4.92785523677348,1.09863327279428,0.294566239534467,0.916127134290512
NUCB1,-0.2144789199632,6.27848255418333,1.09857799988063,0.294578385787671,0.916127134290512
LINC02361,0.514482135065018,3.92197530595439,1.09839694808958,0.294618176509107,0.916127134290512
PRKCH,0.216385932945035,7.31561682201106,1.09810203553853,0.294683005755215,0.916127134290512
ZDHHC8,0.612219684162202,4.22566974748112,1.09775267466194,0.294759827760358,0.916127134290512
GEMIN8,-0.674440550273082,3.97329450151934,1.09718544368008,0.294884612505557,0.916127134290512
MED13L,-0.233856437175985,6.17772425689903,1.09627455641301,0.295085139554151,0.916127134290512
EIF3J-DT,0.386866559047216,4.99463747009277,1.09529355717287,0.295301296794286,0.916127134290512
FBXW2,0.360279147067126,5.48545170426961,1.09398443297633,0.295590070510563,0.916127134290512
MIATNB,0.422929156570031,4.646441344036,1.09348878346756,0.295699498013942,0.916127134290512
SLC39A13,0.393951025622578,4.67000681123056,1.09294684576566,0.295819204272207,0.916127134290512
TM9SF2,0.211679886722093,6.22642492835187,1.09241655616,0.295936397775111,0.916127134290512
YRDC,0.343047499975347,4.99306999101181,1.09199900553003,0.296028717961809,0.916127134290512
UBP1,0.289957021118605,5.35842071763185,1.09185679719879,0.29606016856605,0.916127134290512
ADI1,0.469138884538436,5.28539648213834,1.0916406864727,0.296107971528576,0.916127134290512
ATP2A2,0.257550244134206,5.66879707522253,1.09117270919094,0.296211520450358,0.916127134290512
TP53INP1,0.405228244958521,5.24971642250514,1.09055215346283,0.296348901902974,0.916127134290512
RAB6A,0.185139718759323,6.35255232022552,1.09033187913287,0.2963976868898,0.916127134290512
CRIP1,-0.374632226471283,11.2552385258856,1.08990722114704,0.296491766573571,0.916127134290512
FAM174A,-0.482775118488736,4.26663706305664,1.08913751679904,0.29666238627125,0.916127134290512
GIMAP5,0.34007430451225,6.30698155822505,1.08896162131947,0.29670139455222,0.916127134290512
APOL1,0.434729461220335,4.5747252893957,1.08863309889189,0.296774268486978,0.916127134290512
CDK7,0.442409289869937,4.33952672132943,1.08842279126521,0.29682093168053,0.916127134290512
SCAMP1,-0.273769431794283,5.47417495705373,1.0877526141543,0.296969693840016,0.916127134290512
VKORC1L1,0.417429869141867,4.85076392290556,1.08686122190966,0.297167708417523,0.916127134290512
KIF3A,-0.239762499797312,5.88417950336479,1.08683683954818,0.297173127115582,0.916127134290512
HIP1,0.369472765782498,5.15406699940208,1.08674586225569,0.297193346887105,0.916127134290512
BPTF,0.13706226330533,7.88867237452863,1.08659166295603,0.297227621830998,0.916127134290512
SUMO1,0.181989624604285,7.04035671500134,1.08634897173738,0.297281576764922,0.916127134290512
PKN2,0.267544767729241,6.08929499662251,1.08610968319498,0.297334787530546,0.916127134290512
PANK4,0.468305464287039,4.26131298662376,1.0852913124968,0.297516861670456,0.916127134290512
MTERF1,-0.522956404688735,4.1453572867049,1.08523375938751,0.297529671686869,0.916127134290512
USP7,0.216904363662749,6.29314360620868,1.0842014044384,0.297759570837118,0.916127134290512
DHX8,0.381252760245135,5.15112192362928,1.08334014745829,0.297951542128689,0.916127134290512
PRR5,-0.282125444965827,5.82966117105644,1.08329611251362,0.297961361642205,0.916127134290512
MTHFR,0.348393470925327,4.79925218408795,1.08289255418903,0.298051371959399,0.916127134290512
CNDP2,0.246081670217643,5.90994815219373,1.08237531471889,0.298166789001716,0.916127134290512
TTC32,0.478780663417274,4.97832165509025,1.08214776233822,0.298217583331126,0.916127134290512
PSMG4,-0.236338148654203,5.96382397262987,1.08210553052891,0.298227011555137,0.916127134290512
OGA,0.20142119359513,7.24789185306433,1.08183088037528,0.298288336371152,0.916127134290512
HCCS,-0.413293165450494,4.46718784823697,1.08181972050689,0.298290828526971,0.916127134290512
CCAR2,0.414986264699847,4.81128994913298,1.08148360539832,0.298365900307742,0.916127134290512
MTMR4,0.379055364046256,5.12615039606415,1.08136331320274,0.298392773638913,0.916127134290512
SLC50A1,0.31820608914399,5.28653957542864,1.07802644975049,0.299139472499378,0.916127134290512
NAT9,0.390260211771575,4.55781345485554,1.07758912765615,0.299237511266995,0.916127134290512
NUDT5,0.197194876203055,6.47620846990963,1.07657642048939,0.299464698478852,0.916127134290512
API5,0.361003676824713,5.52725185168609,1.07556789485028,0.299691168247784,0.916127134290512
CES2,0.563635084197675,4.57239192344252,1.0752580966802,0.299760779318076,0.916127134290512
ACOT7,-0.489417272510019,5.53037902746114,1.07493059963512,0.299834389924139,0.916127134290512
TMEM129,0.398768602097055,4.71378540295139,1.0746764266068,0.299891535731736,0.916127134290512
IFI44,-0.535258968727315,5.79107234537983,1.07425847382881,0.29998553468386,0.916127134290512
PER2,0.46666794541138,4.35483980334322,1.07334102330649,0.300192005387191,0.916127134290512
MKLN1,0.22626422509869,5.95024986813653,1.07307082588142,0.300252847745212,0.916127134290512
SLC35D1,0.375352020506219,4.78517027917473,1.0730413741156,0.300259480577543,0.916127134290512
RAI1,0.52702362809244,3.95715484619827,1.07270226488281,0.300335864966434,0.916127134290512
RAB2B,0.412352293192705,4.79777728405757,1.0724757082847,0.300386910808942,0.916127134290512
RAB11FIP2,-0.394891839755198,4.96366646017882,1.07238198049552,0.300408032040178,0.916127134290512
LCLAT1,0.510842919505769,4.01444515493429,1.07162381184168,0.300578953051678,0.916127134290512
FUT8,-0.302271021441374,5.68639543351713,1.07158373026472,0.30058799250043,0.916127134290512
CCDC117,0.341922684547804,4.88341878630458,1.07132218374627,0.300646986712296,0.916127134290512
CDK12,0.239138175049633,6.39407594442617,1.07126507842508,0.300659869324293,0.916127134290512
LIMK2,0.547787935034579,3.96163088318919,1.07085037932697,0.300753444249891,0.916127134290512
TRMT13,0.317463228358398,5.64974558744467,1.07038029373268,0.300859562264778,0.916127134290512
CRK,-0.264387818826336,5.54038417472434,1.07037004682156,0.300861875959239,0.916127134290512
SPATS2,0.528211043789026,4.01530379045326,1.0703386511913,0.300868965057383,0.916127134290512
FAM222B,-0.390357942239198,4.45680550530142,1.07011071744401,0.300920438697095,0.916127134290512
GIT1,-0.35443142800499,5.13780316625259,1.06919174719517,0.301128082333795,0.916127134290512
PDE3B,-0.315878370868391,6.00903695755592,1.06895148381698,0.301182400899681,0.916127134290512
NUP133,0.468023921843795,4.26424822919265,1.06891765133534,0.301190050736441,0.916127134290512
PCYT2,0.365194346142511,5.07651684395861,1.06823262708496,0.30134499494479,0.916127134290512
KLHL9,0.388004007340926,4.82207195853104,1.06763665431968,0.30147988039032,0.916127134290512
C11orf68,0.313095361730598,5.11529081447266,1.06761533957989,0.301484705958889,0.916127134290512
CC2D1A,-0.399838455514473,4.78834014142479,1.06679453236643,0.301670609099655,0.916127134290512
RAC1,-0.135712113049012,8.02705164568388,1.06616656189681,0.301812936828632,0.916127134290512
MED14,0.357748203467376,4.85372283933677,1.066061645923,0.301836724180758,0.916127134290512
NCSTN,0.408335438327424,4.87457404801692,1.06485625510114,0.302110193210597,0.916127134290512
GAR1,0.273914995478261,5.30617782656541,1.06330174866814,0.302463338887342,0.916127134290512
DYM,-0.333961392461223,5.03045402003028,1.06299503865579,0.302533078790115,0.916127134290512
BTBD6,-0.249286613948728,5.98621562249426,1.06247634146645,0.302651067706179,0.916127134290512
PHF1,-0.287374362671437,6.1614922192264,1.06149337976029,0.302874826670864,0.916127134290512
UNG,0.429777802327863,4.37817975964893,1.06145487684027,0.302883595726956,0.916127134290512
TTC14,0.184847734407229,7.09516144430312,1.06116642577167,0.302949301008257,0.916127134290512
POLR2C,0.263095800206299,5.78680269654976,1.06049830244854,0.303101561247621,0.916127134290512
PIEZO1,0.324523627206284,5.55170353605092,1.05986011476966,0.303247091693447,0.916127134290512
ZXDC,-0.331379088540208,4.83008460255219,1.0592420885047,0.303388110636589,0.916127134290512
UGDH,0.444565777547355,4.29843524783229,1.05905556356572,0.3034306878499,0.916127134290512
SPSB3,-0.213720955191898,6.60184309844777,1.05867964641685,0.30351652023834,0.916127134290512
HERPUD2,-0.243105209009747,6.66642683709728,1.0578231267239,0.30371220483661,0.916127134290512
GCNT1,-0.369787990230075,5.07050699941135,1.05748451410709,0.303789610872058,0.916127134290512
ZNF83,0.405528190095695,5.46406242320394,1.05715726654473,0.303864443115966,0.916127134290512
CCT2,-0.196178702477106,6.39692270516441,1.05647055562929,0.304021551927264,0.916127134290512
RBCK1,-0.237498529793307,7.00055402029739,1.0559455665221,0.30414173213768,0.916127134290512
TRAV17,-0.586118590146636,4.06799978048972,1.05579538965983,0.304176121839304,0.916127134290512
ABHD2,-0.296667172533179,5.0894973272016,1.05566264396088,0.30420652408416,0.916127134290512
LRR1,0.462876549741807,4.28536236455292,1.05522907400706,0.304305850350879,0.916127134290512
LIN7C,0.298530204573589,5.26291043140898,1.05519725906284,0.304313140467962,0.916127134290512
GPBP1,0.127306590634059,7.63887081163095,1.05468508462085,0.304430531869989,0.916127134290512
AHDC1,-0.497911187616813,4.14727931060129,1.05445402588951,0.304483510163809,0.916127134290512
ZBTB4,0.273920183983394,5.40271816175848,1.05379392949391,0.304634926062569,0.916127134290512
SMAP1,-0.220593494158446,7.0490606506669,1.05373239741617,0.304649045531951,0.916127134290512
SCNM1,-0.284941678952835,5.79035648689053,1.05297562775958,0.304822767082125,0.916127134290512
IDE,0.430847734517654,4.20331058284445,1.0529560990701,0.304827251720076,0.916127134290512
PLD3,0.32429792143287,5.65012077204308,1.05265677466146,0.304896000330183,0.916127134290512
SEPTIN11,0.408951839028875,7.08835179066993,1.05187794982726,0.305074974298626,0.916127134290512
UBAC2,0.272824089069537,6.20323973185776,1.05143032263985,0.305177900576092,0.916127134290512
ZNF420,0.422292722941963,4.29715119202618,1.05036201940084,0.30542372528359,0.916127134290512
ARL5B,-0.437406349835682,4.39377957077123,1.04986587404468,0.305537979291454,0.916127134290512
TMEM242,0.290278035792633,5.42024924841964,1.04905907022128,0.305723890979043,0.916127134290512
NUP93,0.406681792473792,4.52170215285274,1.04857413977462,0.3058357039314,0.916127134290512
CDC16,0.329353743317043,5.31867667682204,1.04845717365906,0.305862681350046,0.916127134290512
APAF1,0.37621293388131,4.91627173535141,1.04845051112274,0.305864218110365,0.916127134290512
TNIK,-0.232017702297308,5.83414580251256,1.04794312832765,0.305981278871274,0.916127134290512
CAMSAP1,-0.479377404345185,4.6102302683726,1.04793193054769,0.305983863020297,0.916127134290512
GOLGA1,0.475005650126864,4.58680476873658,1.04758203837775,0.306064623050375,0.916127134290512
DRAP1,-0.107177092019265,8.50808753855335,1.04747369847525,0.306089635021994,0.916127134290512
OSBPL8,-0.139229561270964,7.34330441753932,1.04557660598676,0.306528038284638,0.916127134290512
PATJ,0.365781926014591,5.17293738950652,1.04511979993298,0.306633724161559,0.916127134290512
C2CD3,0.423230680229307,4.20980661480843,1.04489427687885,0.306685918212908,0.916127134290512
PPP6R2,-0.184852276607172,6.39769768949283,1.04414864325449,0.306858566362342,0.916127134290512
PRPS2,0.39392282371853,4.7958903580113,1.04409466217708,0.30687107033246,0.916127134290512
NFATC2IP,0.188530208235458,6.54408348450802,1.0439851579382,0.306896437504884,0.916127134290512
ZNF668,0.477795007092535,4.11130141771625,1.04382148143542,0.306934359007575,0.916127134290512
ZMIZ2,0.39885478510638,4.41618625519638,1.04360350234325,0.30698487107891,0.916127134290512
TRAT1,0.288931600602175,6.5777427233467,1.04326467804588,0.30706340789134,0.916127134290512
NCOA3,-0.22421208997017,6.75198418549471,1.04278783115603,0.307173981410636,0.916127134290512
WDFY1,0.294199689978491,5.29217732671248,1.04255381884172,0.307228264189881,0.916127134290512
NAIP,-0.318891517428882,4.83533204105294,1.04244755610953,0.307252917584153,0.916127134290512
B2M,0.0345978016293538,13.9423899192397,1.04120934560794,0.307540376847324,0.916127134290512
MHENCR,0.359106302316869,5.21522104217135,1.04000636614803,0.307819991316011,0.916127134290512
AMPD2,0.518610137851306,4.09166991818538,1.03999119453439,0.307823519835817,0.916127134290512
GNL3,0.244169861172148,5.60940362018477,1.03951417882286,0.307934487974777,0.916127134290512
DNAJB2,0.300456580465823,5.34457451891864,1.03888119351982,0.308081819507432,0.916127134290512
ISG20L2,0.248025651546971,5.56665080833872,1.03829513967114,0.308218309043363,0.916127134290512
CAPN7,0.256999694891518,5.4386035048879,1.03800433412493,0.308286065611811,0.916127134290512
ZNF207,0.196015551023136,7.52074183367756,1.03782859766843,0.308327020904498,0.916127134290512
PSAP,0.655116300652055,5.37734462334824,1.03755503548722,0.308390788496111,0.916127134290512
HERPUD1,-0.286921606526033,7.18804328216671,1.03681872859242,0.308562507424512,0.916127134290512
CFDP1,-0.202772424787971,7.11973736665348,1.03645450929284,0.308647495299298,0.916127134290512
MRPS31,-0.273172177023475,6.4668367162586,1.03616154126063,0.308715879290233,0.916127134290512
PPT1,-0.247280275648194,5.82235114073854,1.03610952868287,0.308728022016004,0.916127134290512
WASHC2A,0.567280022095881,4.75974558502578,1.03598017176382,0.308758224048506,0.916127134290512
ZNF749,-0.734778180746624,3.77973557646053,1.03585747826705,0.30878687386423,0.916127134290512
CITED4,0.510411307411599,4.61607413160836,1.03560336103251,0.30884622305737,0.916127134290512
SELENON,0.534552665035118,3.86461739866227,1.0350231098451,0.308981796560093,0.916127134290512
PIGBOS1,-0.312610193019125,5.48696737568764,1.03495433057531,0.308997871704144,0.916127134290512
RABL6,-0.209387583864111,6.26403860234105,1.0349362093092,0.309002107201372,0.916127134290512
E4F1,-0.363920145210954,4.76863067385814,1.03492114060407,0.309005629278678,0.916127134290512
COMMD1,0.259774078729717,5.5317523221017,1.03460179856387,0.309080282824697,0.916127134290512
GNAI2,0.111877926631907,8.27544448381406,1.03440166683785,0.309127080168086,0.916127134290512
NOC3L,-0.414173988169217,5.32362617010108,1.03434855888943,0.30913950008977,0.916127134290512
BIVM,0.423449365133215,4.33111733839121,1.03395872768952,0.309230686584391,0.916127134290512
ITGB1BP1,-0.265425105598369,6.73157260974704,1.03349333360754,0.309339593998462,0.916127134290512
DR1,-0.207660781362033,6.7155102057536,1.03289998574944,0.309478516358703,0.916127134290512
ANKRD37,-0.508201635803299,3.89588538692179,1.03267449291022,0.309531332964816,0.916127134290512
CCPG1,0.209286098413383,6.23176629289208,1.03212766923614,0.309659462753689,0.916127134290512
PCGF1,0.459215826546743,4.27819185872134,1.03119654110105,0.309877800196255,0.916127134290512
COX6B1,0.0828038922280184,8.83516895803146,1.03085372168919,0.309958237329867,0.916127134290512
KRT10,0.162391164273456,7.97748687677026,1.03070762311214,0.309992525297209,0.916127134290512
DPP9,0.350249627411857,5.31905506226899,1.02962333486837,0.310247151889463,0.916127134290512
SNRPB2,0.148070212621367,7.55814948297764,1.02942557388043,0.310293622027402,0.916127134290512
LYRM9,0.486241628148096,4.01873183038342,1.02940988846065,0.310297308195782,0.916127134290512
MAN2B1,0.364298562655892,4.81192705064948,1.02940229175017,0.31029909348911,0.916127134290512
ZMAT5,0.335372691050087,5.00775674168679,1.02847730997967,0.310516572244918,0.916127134290512
GXYLT1,-0.427670998297963,4.82781515148321,1.02788422891527,0.310656119975359,0.916127134290512
ZNF346,0.470296141512336,4.07685481826016,1.02709251286735,0.310842532379636,0.916127134290512
STARD4,0.33805583196535,4.92506360860441,1.02526186941234,0.311274122203774,0.916127134290512
KANTR,0.458871839325008,4.16679241301533,1.0246266348887,0.311424066596908,0.916127134290512
STARD10,0.502462825202163,4.32638644074453,1.02426919665134,0.311508479745364,0.916127134290512
RASGRP3,-0.526273453259097,3.894084913727,1.02411183769262,0.311545651325185,0.916127134290512
FBXO2,0.313311272640426,5.07474891059863,1.02237842157898,0.311955504472567,0.916127134290512
GRPEL1,-0.317210781027323,5.51731194579247,1.02213493633254,0.312013131009667,0.916127134290512
PTBP2,0.336622177472676,4.90082119236344,1.02192016289947,0.312063973739711,0.916127134290512
AK2,0.28398171761372,5.33153868517356,1.02188958813151,0.312071212499675,0.916127134290512
PARP6,0.36708324940427,4.66867445577042,1.02187097564675,0.312075619224455,0.916127134290512
PATL1,-0.320639572633064,5.15380551647574,1.02093392798307,0.312297581208849,0.916127134290512
ENOPH1,-0.285324354197756,5.45016078063623,1.02093053229979,0.312298385931391,0.916127134290512
RITA1,0.53147332743148,4.02395759951106,1.02067701781337,0.312358472443027,0.916127134290512
EXOSC4,0.402272536796515,4.46239422772037,1.0203589850283,0.312433872028398,0.916127134290512
SDE2,-0.31060211264019,4.92306362631977,1.0196571804603,0.312600340703095,0.916127134290512
TIMM29,0.347740482130297,5.09459085512143,1.01949451187275,0.312638942356863,0.916127134290512
PPP6C,0.304571222786328,5.70662934703461,1.0190910275739,0.312734717018197,0.916127134290512
USP34,0.155608463442405,6.93341574615035,1.01900174040109,0.312755916197633,0.916127134290512
PILRB,0.438996905366768,5.46719372160778,1.01804701984208,0.312982709847987,0.916127134290512
USP31,-0.546197796602601,3.73789199451956,1.01796479774554,0.313002251725584,0.916127134290512
C1orf131,-0.222040028237024,6.04247520446768,1.01794302121306,0.313007427661053,0.916127134290512
THUMPD3,0.291736869029422,5.15791612217751,1.01782590719675,0.313035265716478,0.916127134290512
RUBCN,0.378880893406232,4.75629508979887,1.01643866809138,0.313365259113046,0.916127134290512
RPL18,0.106036983248999,11.3433019507749,1.01592747479339,0.313486975175955,0.916127134290512
EIF3G,0.126611171289482,8.01279926726341,1.01520266118855,0.313659660482819,0.916127134290512
VTA1,0.321168818116408,5.38110703153342,1.01489388615071,0.31373326322102,0.916127134290512
URM1,0.276865878555643,5.55633448068761,1.01348122390789,0.314070287577952,0.916127134290512
SAR1A,0.22021617641196,6.55487353003016,1.01232791018717,0.314345789011713,0.916127134290512
ZSWIM6,0.457327821997448,4.32953324925677,1.01211588257463,0.314396472142511,0.916127134290512
OSBPL11,0.34091849376021,4.83442843330472,1.01142540333406,0.314561598523949,0.916127134290512
FKBP2,0.389016907592569,5.85984913733892,1.01132780687844,0.314584947617263,0.916127134290512
BTF3,0.0908820559138792,9.50446867906229,1.01094994906158,0.314675368149383,0.916127134290512
PGAM5,-0.387909605610054,4.64722660320313,1.01076719159527,0.314719113796662,0.916127134290512
MCCC2,-0.354001730149949,4.67409501994163,1.01048753261431,0.314786069622227,0.916127134290512
SH3BGRL3,-0.0957313076745225,11.1935072385868,1.01040820068115,0.314805066629162,0.916127134290512
ATP5F1C,-0.173400705805726,7.33931641186797,1.0097271260097,0.314968220043848,0.916127134290512
SH3BP2,0.242454704477194,5.86532866128824,1.00963006818331,0.314991479530767,0.916127134290512
TSPAN4,0.563234136523303,3.94629024185844,1.00962253959412,0.314993283818395,0.916127134290512
SASH3,0.197596873974495,6.30069578662336,1.00925460882426,0.315081477897332,0.916127134290512
ZSCAN16,0.508455705555411,3.98829343749376,1.00900800472542,0.315140607701323,0.916127134290512
SERTAD2,-0.319543034360672,5.00197577164008,1.00894010931238,0.315156889956927,0.916127134290512
MAGEH1,0.371014893847519,4.87624934177914,1.00861057175623,0.315235933240786,0.916127134290512
PLEKHF1,0.242957500987582,6.32428239822174,1.00813523448434,0.315349993922778,0.916127134290512
UNC13D,0.250970181957855,5.53543524286034,1.00801541740896,0.31537875343479,0.916127134290512
ATP6V1F,-0.17964750170798,7.51865173336,1.0071645700789,0.31558307980292,0.916127134290512
FRYL,0.20696859571492,6.27953751294123,1.00677554370258,0.315676560096975,0.916127134290512
BLVRB,-0.318682627628169,5.2089259059531,1.00658178680513,0.315723132035071,0.916127134290512
SDCBP2-AS1,-0.564070304544951,3.64364440908564,1.00647967563794,0.315747679373814,0.916127134290512
LINC00847,0.332376131402495,4.82933901978771,1.00634519663949,0.315780011692528,0.916127134290512
GTPBP2,-0.450114116508809,4.13011187244533,1.00542299735066,0.316001849694132,0.916127134290512
SERTAD1,-0.295579142545614,5.3225841061386,1.00508120978162,0.316084119621924,0.916127134290512
PTPRE,0.220071309067867,6.04667670272235,1.00475085337542,0.316163664674051,0.916127134290512
CSNK1G1,-0.270603522017358,5.42788335303389,1.00428939995854,0.316274819888867,0.916127134290512
SOCS3,0.531234288009651,5.24461764262103,1.00418198400451,0.316300701661639,0.916127134290512
PANK3,0.24235786043852,5.66578007583781,1.00390311506457,0.316367907822232,0.916127134290512
ARFGEF1,0.21338456108532,6.23227175498537,1.0031802633326,0.316542198953005,0.916127134290512
TMEM223,0.282867002082567,5.37834020656015,1.00209954842348,0.316803011366553,0.916127134290512
RIOX1,0.49774868356993,4.16989994149062,1.00206943769232,0.316810282118254,0.916127134290512
MGST3,-0.196647803354098,7.47093726855498,1.00198432830197,0.316830834420875,0.916127134290512
VPS52,0.529064060695904,3.88021558052802,1.00198034874604,0.316831795450874,0.916127134290512
ARRDC3,0.373952374042889,5.91419136165038,1.00173682060755,0.316890612763421,0.916127134290512
TNKS2,0.285244678354385,6.23073225279558,1.00058576547456,0.317168811267123,0.916127134290512
DHX35,-0.55149566028663,3.65135559142268,1.00041918426603,0.3172090987969,0.916127134290512
RAE1,0.337954658311295,4.60468784580914,1.00029492535177,0.317239155083739,0.916127134290512
RPS13,0.111827396618518,11.2646769047441,0.999980425585477,0.317315244344535,0.916127134290512
S100A6,-0.136212982279892,10.6483320286033,0.999540216779483,0.317421787524165,0.916127134290512
DDX39B,0.176626765180013,6.95207107328658,0.999535886562548,0.317422835794085,0.916127134290512
GABPB1,0.39135971800182,4.65090730775314,0.998198640598762,0.317746777041197,0.916127134290512
ATP9B,0.339814001171744,5.00649805965037,0.998105659049219,0.317769317486255,0.916127134290512
NAB1,0.405013926820503,4.87870869991357,0.997763500594829,0.317852281082238,0.916127134290512
GPN1,0.354937954893725,4.97131467626331,0.997226592022702,0.317982523287337,0.916127134290512
YPEL3,0.150045399990311,7.54309146158945,0.997121618541264,0.318007995728344,0.916127134290512
PAPOLG,-0.314030492360443,5.33193199021008,0.996685797775999,0.318113778878162,0.916127134290512
SERINC3,0.172663649032309,6.40110159408346,0.995474748966687,0.318407969280408,0.916127134290512
OPTN,0.19371513664452,7.25525396134193,0.994788665589674,0.318574792534741,0.916127134290512
PRKD2,0.258591424780988,5.59047663830402,0.994333240356417,0.318685593945943,0.916127134290512
C2CD5,0.325851948273374,4.90790068117644,0.993374424472375,0.318919031882171,0.916127134290512
EXOC8,0.408075356039625,4.4240424153026,0.992622076005848,0.31910235956513,0.916127134290512
ABCD3,0.421600788904736,4.59800938755299,0.992056941609459,0.319240159143227,0.916127134290512
EML3,0.369850677138359,5.04395425031617,0.990576276054547,0.319601568374777,0.916127134290512
COPA,0.324406946219326,6.08345948329985,0.99053337364057,0.319612048254275,0.916127134290512
POLR1C,0.416982271599148,4.41119115897862,0.989957809370477,0.319752686468745,0.916127134290512
PLEKHJ1,-0.19277941578673,6.52815719960668,0.989948487493548,0.319754964924058,0.916127134290512
POLDIP3,0.312180047356704,5.21303272736313,0.989808840396574,0.319789100055206,0.916127134290512
TUBG1,-0.560494117444034,3.74787762033313,0.989271903586317,0.319920392740786,0.916127134290512
EIF3M,0.184983863360911,7.38728770022252,0.989074097999874,0.31996877836017,0.916127134290512
MX2,0.319024400587938,5.3542272813846,0.98906109320194,0.319971959826916,0.916127134290512
WIPF2,0.249500411732007,5.95681043001678,0.987878768868118,0.320261375124439,0.916127134290512
ANKRD13A,0.310005670468172,5.38216456094981,0.987701867909283,0.320304707443143,0.916127134290512
MDM4,0.169805788539126,7.61278264264662,0.987420712055442,0.3203735931247,0.916127134290512
NAA25,-0.398637506803467,5.01127875192028,0.987316095222535,0.320399230153846,0.916127134290512
CEP290,0.241289918507773,5.72482608274745,0.987209316265997,0.320425399809022,0.916127134290512
SAMD3,0.344586028171611,6.89615663117741,0.986535929727854,0.320590499891599,0.916127134290512
MAST3,0.306881994535729,4.89605041446501,0.986456712764298,0.320609929568028,0.916127134290512
HACL1,0.453413946419998,4.69020665733947,0.985520356719078,0.320839708648089,0.916127134290512
KMT2A,0.136078011911431,8.383355735768,0.985443630122752,0.320858546741944,0.916127134290512
RPL18A,-0.0881903880583932,11.8911175726838,0.985436435445521,0.320860313270639,0.916127134290512
PTGER2,-0.366916704889825,5.96116306969117,0.985093475638749,0.320944535980415,0.916127134290512
POR,0.477841177832829,5.27184962074264,0.984788355246021,0.321019490704768,0.916127134290512
EPS15L1,0.440752348295488,4.77990120708805,0.984634836580543,0.3210572122366,0.916127134290512
RYR1,-0.496368229883048,4.76788837218524,0.984424740107205,0.321108845131092,0.916127134290512
ULK3,0.387145385347911,4.45887648378265,0.98373508071956,0.321278411340123,0.916127134290512
GATA3,-0.210375967726961,6.68924201366202,0.983585101495137,0.321315302267197,0.916127134290512
C22orf39,0.232403993632139,5.75390686859741,0.983537280498783,0.321327066142039,0.916127134290512
BRWD1,0.204711882024258,6.57486634637506,0.983456398046147,0.321346964363893,0.916127134290512
DUSP22,-0.241501141325329,5.48519054560291,0.983325889672139,0.321379074683262,0.916127134290512
NDUFAF3,0.234342577509525,6.4324539379493,0.981946187430786,0.321718795719319,0.916127134290512
ZNF7,-0.328614170820901,4.88750321337619,0.981882166192896,0.321734571011569,0.916127134290512
NDUFA5,-0.203043692381771,6.86801016102585,0.98127950591444,0.321883120800171,0.916127134290512
PPP2CB,-0.335343042127737,4.81010681555145,0.981185076062982,0.321906405013627,0.916127134290512
RPL12,-0.103101810405897,11.6739270458608,0.980878288315488,0.321982067087256,0.916127134290512
SOCS4,-0.289976316056932,5.39712642795963,0.980160321226856,0.322159228641184,0.916127134290512
FBXO42,0.345431792895919,4.94940986820058,0.979921132358733,0.322218278087451,0.916127134290512
RBM41,0.367033016868664,4.72544195323403,0.979607957241878,0.322295614369472,0.916127134290512
ZNF33B,0.33284103543359,5.33307232695695,0.979495120959388,0.322323484453355,0.916127134290512
TIMMDC1,0.26875881787256,5.73471366946693,0.977378672752346,0.322846827613681,0.917224256285284
NUP88,0.343889934212547,4.85589327091281,0.977082021738969,0.322920271315421,0.917224256285284
PROSER3,-0.42663739355716,4.22261093680606,0.975077551504885,0.323417108506442,0.918261033519232
HIBCH,-0.319960037108255,5.20953475689509,0.974758418237506,0.323496303432146,0.918261033519232
GALK1,0.339285164928648,4.77789150219062,0.973186126614259,0.323886851548562,0.918397952662268
PSMC5,-0.214779976489405,6.8445544640882,0.973098779997695,0.323908566194108,0.918397952662268
ENOX2,0.492223529022328,4.07897156217413,0.972465253498367,0.324066120459388,0.918397952662268
RPP30,-0.282059343842685,5.22744840834757,0.971184625101335,0.324384914442264,0.918397952662268
RALGAPB,0.278853492321037,5.34690843269465,0.971095725047935,0.324407060208835,0.918397952662268
ZNF121,-0.331851753468772,4.92604135818197,0.971068413256205,0.324413864211864,0.918397952662268
RAB3GAP2,-0.225108037082064,5.97618053364696,0.970944581956896,0.324444715837023,0.918397952662268
TTL,-0.365971395360599,5.0367894416884,0.970613614079269,0.3245271929979,0.918397952662268
RNASET2,0.150697547884533,7.08342254531725,0.970489765195541,0.324558063252138,0.918397952662268
OGFOD3,0.363148649348132,4.69705136377942,0.970322325788537,0.324599804939577,0.918397952662268
CIITA,-0.502647880085918,4.05014764015996,0.969649795942539,0.324767534302569,0.918573887239277
HSD17B12,0.284729854300032,5.33579405486812,0.968973803796299,0.324936242659677,0.918578834379451
RABEPK,-0.472303390903136,4.26921273104437,0.968336516989872,0.325095397411999,0.918578834379451
EXOSC1,0.208202902737645,6.02517827522342,0.968127524971811,0.32514761311555,0.918578834379451
SCRN3,0.596279163495922,3.66046737047763,0.967952011573459,0.325191472908548,0.918578834379451
CYB561,0.556363221153469,3.91613383716819,0.96726081969741,0.325364273916448,0.918730891131998
CAPN15,0.345363414706263,4.83884091882647,0.96689238794422,0.325456433110416,0.918730891131998
STX6,0.371182419237116,4.90319179563301,0.966459032984087,0.325564876348351,0.918739013897439
CALR,0.243352301301591,8.1493171592377,0.964772085844182,0.325987475614886,0.919633387447765
STIM2,0.22297498619158,6.42656253967711,0.963309498734734,0.326354458123052,0.920370333455904
ARIH1,0.2073526255545,6.18917066327794,0.961805841868262,0.326732316235134,0.921137462971936
CD4,0.371365266900419,5.41689931317594,0.959799529031134,0.327237391472581,0.92226263535812
RAB14,0.143564259277395,7.02559825856157,0.959310252165599,0.327360720454251,0.922311540988457
ACYP2,0.316355872592044,5.31397284675342,0.955694115388468,0.328274131895157,0.922783758260771
FBRS,0.214843111943123,5.86872997423765,0.954769853271998,0.3285081367272,0.922783758260771
IKZF4,0.53234326795508,3.82841410604313,0.954352017257037,0.328613997202526,0.922783758260771
SERPINI1,0.600364361838344,3.55007813256945,0.95375635111067,0.328764990003121,0.922783758260771
CCDC142,0.490405171801075,3.84987555989676,0.953646925028805,0.328792737957484,0.922783758260771
BIRC6,0.243824702335957,7.04827114436663,0.953549940370355,0.328817333651063,0.922783758260771
RELCH,0.348757440716057,4.32546234932349,0.952448273498554,0.329096892354381,0.922783758260771
CUL5,0.221678585289136,5.9093038784195,0.95236161508172,0.329118896164577,0.922783758260771
AMIGO2,-0.377844896822002,4.84130824569289,0.951749548806788,0.329274364207789,0.922783758260771
CTBS,0.296372444108804,5.50398040013151,0.951195621595243,0.329415148755051,0.922783758260771
CXCR6,0.296669808382728,7.11433749773812,0.950820145096479,0.329510624275166,0.922783758260771
BAZ1A,0.166578277707282,6.9293712490796,0.950470961729827,0.329599447031836,0.922783758260771
PDS5B,-0.211162090638002,6.10903229327649,0.950371986864958,0.329624629335841,0.922783758260771
SAMD9,0.211588224138013,6.96560952031051,0.94984054393197,0.329759888800796,0.922783758260771
NUDT4,-0.222764772173398,5.97258242142987,0.949806183770939,0.329768636469148,0.922783758260771
RALGDS,-0.177842904749414,6.77460216788899,0.949682368621337,0.329800160820654,0.922783758260771
ATP5MC1,0.231955781858102,6.70384411258602,0.948863611028301,0.330008724103135,0.922783758260771
RYK,0.311316742448398,5.22257369139702,0.948776067421523,0.330031034588209,0.922783758260771
IQSEC1,0.259724882795701,5.4239457477435,0.948608529086512,0.330073737320053,0.922783758260771
ITSN2,-0.217403713813175,6.98361664816427,0.948143009159381,0.330192429181802,0.922783758260771
RHBDF2,0.356474051367679,4.69947334597479,0.947781868738311,0.330284546901059,0.922783758260771
ZNF142,0.501337960919362,3.86855234020118,0.947490774442564,0.330358822523788,0.922783758260771
FEN1,-0.503234743024612,3.91393511619316,0.947346297227732,0.330395695582731,0.922783758260771
PRDM4,-0.463832124205539,4.40737677946337,0.947260017721362,0.330417718201373,0.922783758260771
PECR,0.552241423351294,4.05731333678954,0.946918992972684,0.33050478299634,0.922783758260771
ZBTB22,0.522650426720683,4.21329141543402,0.946908527612685,0.330507455321581,0.922783758260771
G3BP1,0.187940112517021,7.01630574809823,0.946694913841725,0.330562007790842,0.922783758260771
ELAC2,0.383350765041226,4.47909325155543,0.946225887775043,0.330681829238765,0.922783758260771
NCBP3,-0.250686820885313,6.11601750171925,0.946184828534477,0.330692321338104,0.922783758260771
EHBP1L1,0.202445000605234,6.10148104695778,0.946118611744392,0.330709243021412,0.922783758260771
NFAT5,0.256135220943355,6.15988215102478,0.945214163636745,0.330940489922101,0.923133039676937
IL21R,0.319759188584017,4.87146649442879,0.9434169660293,0.331400631946423,0.924120378029388
KMT5B,-0.213765590336251,5.91796872596504,0.942770003438785,0.331566484333547,0.924238156284806
BATF3,-0.386148004622924,4.56323139027108,0.942423866071788,0.331655263940877,0.924238156284806
ABL2,0.392541982260029,4.27164214384754,0.941413287265172,0.331914645192051,0.924303022375383
PSMD6,-0.233845994783303,6.04423811315916,0.94110125251461,0.331994788532595,0.924303022375383
AKIRIN1,0.241530573006765,6.53871784034558,0.941092036728964,0.331997155916977,0.924303022375383
CIAO2B,0.295632170969575,7.39693607743819,0.939743384043808,0.332343845450036,0.924376083098296
NSUN3,0.388858092844216,4.55230484819446,0.939417255353973,0.332427753735082,0.924376083098296
CCNG1,0.309447989765667,5.2061358102886,0.939182990445957,0.332488044207318,0.924376083098296
ARL2BP,0.233477452890511,6.18225361160256,0.938907168510386,0.332559048499271,0.924376083098296
USPL1,-0.358301431535117,4.59825097106119,0.938736322280274,0.332603039247094,0.924376083098296
MCTP1,0.535288237467615,3.55818720476287,0.938434222508377,0.332680845122955,0.924376083098296
IL15RA,0.441689440151722,4.21722217535665,0.937698624033082,0.33287040026541,0.924376083098296
GIMAP1,0.278046403037251,7.0559075037014,0.937661160782188,0.332880057963475,0.924376083098296
SSR4,0.105542412700491,9.0486608295565,0.937188580124284,0.333001917228682,0.924376083098296
PSMG2,0.177647844024467,6.44507724443526,0.936864443189037,0.333085533332903,0.924376083098296
MRGBP,0.30086448282526,4.96886813663388,0.935358410652094,0.333474405357233,0.924982177129433
RSRC2,0.161673776965384,7.83820350982555,0.934868499026752,0.333601035867961,0.924982177129433
BRPF3,0.442076285609335,4.08908284443974,0.934784399852489,0.333622779962,0.924982177129433
CBLB,-0.262959329104868,6.86955899997576,0.932949633678717,0.334097635739422,0.925412857959119
SYNE2,0.169954019437043,8.69657411535953,0.932630086310105,0.334180430081956,0.925412857959119
CGGBP1,-0.149408951384671,7.09144111379996,0.932483672679998,0.334218374837248,0.925412857959119
POLR1E,0.381644186533908,4.67049748450518,0.932191632735133,0.334294077501712,0.925412857959119
XBP1,0.219274284366333,7.56691696694886,0.931767927099273,0.334403951323001,0.925412857959119
TSEN34,0.372218553031836,4.81286635501062,0.931544006162973,0.334462037188012,0.925412857959119
IBTK,0.277065099910453,5.70155324944322,0.930823699470427,0.334648978724796,0.925412857959119
PRELID3B,0.241391268745696,5.91544344060613,0.930365217692824,0.334768041472589,0.925412857959119
ARMC10,0.286710674066755,5.33200180254071,0.930178211844972,0.334816621125782,0.925412857959119
PREB,0.326655658947341,4.7232906449986,0.930037507661421,0.33485317892676,0.925412857959119
DCP1A,-0.283897883982635,5.37801792411234,0.929673512872597,0.33494777692419,0.925412857959119
NOA1,0.410865185796371,4.72114269340956,0.928820496403169,0.335169606013251,0.925719475554591
ADRB2,0.425203306752963,4.65853887033995,0.928428962906565,0.335271491089058,0.925719475554591
TRRAP,0.254181004430731,5.26925248916502,0.928005262082664,0.335381793450268,0.925730335679569
TMUB2,0.290742311050631,5.27402322188652,0.927373986090206,0.335546224094832,0.925890547969981
PDCD4-AS1,0.586476556895851,3.61478255206362,0.926664360307756,0.335731191606022,0.926107309206723
SLC52A2,0.226364066007179,5.8567533827339,0.926188590410696,0.335855279839085,0.926156052103788
IRF3,0.176043420999254,6.93221185535389,0.924198691635036,0.336374942609125,0.927295256739695
MYO1G,0.154563091383634,6.68839172546238,0.923228726714884,0.33662863973322,0.927700776313557
ATPAF1,-0.284517662921908,5.05291320236266,0.922292374784845,0.336873788540672,0.927763621111331
FDX1,-0.246349301481308,6.4344863741837,0.922014714520643,0.336946529509786,0.927763621111331
ZFP36,-0.348712920269659,8.16613489080261,0.921818995158802,0.336997816389695,0.927763621111331
TNFRSF18,0.394677859580723,5.95078760961542,0.921119323330224,0.337181246058062,0.927763621111331
CTCF,0.192554000390692,6.80904826092086,0.921107078212462,0.337184457494558,0.927763621111331
SLC25A36,-0.293684587740236,5.80573474520303,0.920688659883954,0.337294217622827,0.927772305932826
WDR47,0.49865943030074,3.98163250190861,0.919755268383618,0.337539238999719,0.928152921647568
MTRNR2L12,0.308330094622606,7.51363377549257,0.918849349128969,0.337777277083658,0.928169225341108
UBALD2,-0.14167088328755,8.03832233473644,0.918691504875252,0.337818775055865,0.928169225341108
PYCARD,-0.229941376583094,6.81344774923209,0.918515269755353,0.337865116153123,0.928169225341108
TPM3,-0.15226335518911,9.76304292984698,0.91741300674337,0.338155150278324,0.928672853541259
CTBP1-DT,0.436534172116735,4.31064421774522,0.916030518957843,0.338519391467201,0.928914518134196
CLIC3,-0.237264396696193,6.48603809505324,0.914847931912078,0.338831383400437,0.928914518134196
IFITM2,0.210056894348896,9.24382671008413,0.914794054027926,0.338845606743408,0.928914518134196
SRI,0.145584661501213,7.45241383850731,0.914650190330772,0.338883589572312,0.928914518134196
APBB1,0.380515995498421,4.39904368574209,0.914255533418231,0.338987816085,0.928914518134196
SURF6,-0.324455866346875,4.96707356533675,0.91332635305103,0.339233377151241,0.928914518134196
SNHG8,0.171432828680641,7.81270608713663,0.912842068469125,0.339361457228869,0.928914518134196
MLH1,0.353369870424219,4.77301455642809,0.912548796018267,0.33943905140094,0.928914518134196
GRSF1,-0.227781234067962,5.89136467370075,0.91252484145048,0.33944539036595,0.928914518134196
COPS9,0.109460482371145,8.02397056448375,0.91214152860713,0.339546845977115,0.928914518134196
AMMECR1L,0.502031631011859,3.94311456971649,0.911891694571896,0.339612994234119,0.928914518134196
ASB7,0.371304022689059,4.4800892713299,0.911507433290419,0.339714768453199,0.928914518134196
SH2D3C,0.288555430481689,5.13545113844496,0.911174018412865,0.339803108887653,0.928914518134196
ZMYM4,0.303015166114841,4.86228183661986,0.910539109490617,0.339971417570956,0.928914518134196
KRBOX4,-0.38941376499857,4.27836926371459,0.910218287507099,0.340056507257207,0.928914518134196
TUBA1A,-0.236625951677691,7.99886931843548,0.910188199623164,0.340064488755012,0.928914518134196
RPS29,0.120704815342068,12.5740799949783,0.910092668443294,0.34008983225077,0.928914518134196
RER1,0.143624702330527,7.26812400248086,0.909571385912507,0.340228168221083,0.928914518134196
MAF,0.323970545876969,7.40594693205365,0.9090070108705,0.340378025284845,0.928914518134196
HSPA13,0.323833997629401,5.10842013547089,0.908545835147446,0.340500546047411,0.928914518134196
DAPK3,-0.425189891010542,4.44376195156716,0.908152281695312,0.340605148512617,0.928914518134196
RHNO1,0.299165352463859,5.06230952820767,0.907500089963698,0.340778589630188,0.928914518134196
MAFG,-0.359507584265496,4.81930782932245,0.907486424332497,0.340782225082076,0.928914518134196
ENTPD3-AS1,0.467501071245547,4.0759864071176,0.907291750768248,0.340834019533128,0.928914518134196
RPL32,0.0991015560459374,12.2299342906961,0.906904526019268,0.340937075272035,0.928914518134196
ATP2B1,-0.28616883281777,7.25409380064641,0.906599604558188,0.3410182563988,0.928914518134196
CSAD,-0.356880987314479,4.8680119766463,0.906055122130333,0.34116328207893,0.929018787213057
POGK,0.301325960658429,5.23346244636529,0.904818195286072,0.341493052743105,0.929444697768026
HAUS4,0.461245061666012,3.97461153539149,0.904667414924472,0.341533280875807,0.929444697768026
RAB11FIP3,0.514231050817683,3.75600593033987,0.903778983503598,0.341770443695157,0.929562778138336
AP3S2,-0.400947105412291,4.31314891141066,0.90370467693517,0.341790289560229,0.929562778138336
ARL15,-0.498155681870332,3.84623984850109,0.902501241792153,0.342111920523978,0.930146842961631
CD101,0.564622800868478,4.93891655196225,0.900181814937234,0.342732964564406,0.930446935385271
CCL3,0.526463056667739,7.84091845349195,0.899199550002216,0.342996431897935,0.930446935385271
UBAC1,-0.273486376809023,5.42688573680426,0.898375983493082,0.343217543180872,0.930446935385271
PNKP,0.21993188090856,5.89546595501284,0.898100265097352,0.343291611099139,0.930446935385271
DBN1,0.428443410098494,4.92080153206348,0.897464622410769,0.34346244993297,0.930446935385271
E2F3,0.436595362831805,4.64410067633674,0.896870837259804,0.34362214264279,0.930446935385271
ADRM1,0.241266170040392,6.5095426692256,0.89641767218664,0.343744084439945,0.930446935385271
CYB5R3,-0.232316763718577,5.92700510925123,0.896062167627679,0.343839787775899,0.930446935385271
DAGLB,0.49019163579393,3.72898208632179,0.895704888857903,0.34393600500991,0.930446935385271
ASNSD1,0.311260929710836,5.06831454217106,0.895567223004608,0.343973088928122,0.930446935385271
SUCO,0.233179583393061,5.64044636081218,0.895442102773449,0.344006798040104,0.930446935385271
ZBED4,-0.341573410526907,4.77984119082477,0.895014067164848,0.344122150487581,0.930446935385271
PTCD3,0.269182909895575,5.73156103768246,0.894697298123678,0.344207551074677,0.930446935385271
SDHAF3,0.311847361553367,5.14662888192849,0.894531281048852,0.344252320537561,0.930446935385271
VPS72,0.270544361400389,5.12651807123773,0.894414826421686,0.3442837293003,0.930446935385271
MEA1,-0.27844343791866,5.9628113277777,0.894181788585478,0.344346593138288,0.930446935385271
PANK2,0.295227271756267,5.61092661823511,0.893995545945341,0.344396844751005,0.930446935385271
BLOC1S2,-0.186542064470901,6.42083543656155,0.89369782620768,0.344477195482969,0.930446935385271
WDR7,0.390494203072475,4.35765998209194,0.8933547188142,0.344569827200802,0.930446935385271
TRAF5,0.207621443504915,6.53784936663429,0.893340079359767,0.344573780292116,0.930446935385271
PDP1,0.346590311071286,4.82657306919869,0.892072322634034,0.344916345360631,0.930446935385271
ASXL1,0.196998221919119,6.41124576973558,0.891673891741277,0.345024101930036,0.930446935385271
GOLGA7,-0.296071164326528,6.43769790229424,0.891664342876066,0.345026685001833,0.930446935385271
RPS16,0.12290913965951,11.2496249160008,0.891012364374113,0.34520311417291,0.930446935385271
CTNNA1,0.348249925586298,4.9855097891702,0.890052404986196,0.345463107047774,0.930446935385271
OGDH,-0.223368589617996,5.77577715329247,0.889922630464087,0.345498275172652,0.930446935385271
MRPS11,0.235165201188041,5.81850695121629,0.889205252593527,0.345692767788295,0.930446935385271
FYN,0.169803581936722,7.91548473864699,0.889046096166979,0.34573593773213,0.930446935385271
POLD3,-0.299296020913664,4.88793956792479,0.888808721678402,0.345800337281253,0.930446935385271
CAMTA2,0.284040504565762,5.149714708557,0.888322756122381,0.345932230109612,0.930446935385271
LY75,0.394600938030003,5.33610073881042,0.888296090194409,0.345939469311569,0.930446935385271
PRKAR1B,-0.394005594492426,4.29049476909641,0.887539498891936,0.346144952430695,0.930446935385271
STAG1,0.258183727620739,5.91123984084715,0.887413198472896,0.346179270545545,0.930446935385271
SLC35B2,-0.330207628226284,4.67837701997303,0.886805104147012,0.346344565346691,0.930446935385271
NEDD9,0.234850238950791,6.41510628241756,0.886183329991779,0.346513689259388,0.930446935385271
TRAV4,0.520508687333412,3.75492524416694,0.885017186974952,0.346831184635907,0.930446935385271
HOMER1,0.468972749986493,3.8300244921461,0.884834311775473,0.34688101020625,0.930446935385271
TRPS1,-0.216388970955605,6.00722892646985,0.884401573458595,0.346998951314923,0.930446935385271
ATP5IF1,-0.135702065407342,8.45946785641983,0.88386305901091,0.347145797243195,0.930446935385271
LPAR2,0.335527605907499,4.86133149436372,0.883388061364247,0.347275392928802,0.930446935385271
FYCO1,0.359009712042963,4.78671390909179,0.883103740285048,0.347352996892104,0.930446935385271
STK4,-0.115540723623887,9.02407764959801,0.883102760240426,0.347353264430883,0.930446935385271
CDC37,0.120509073210104,7.26983224775932,0.883048620842098,0.347368044180486,0.930446935385271
UBL7,-0.290818688172058,4.81857865629613,0.882958941521634,0.347392528005017,0.930446935385271
IMPDH1,-0.295328751248193,5.2260721517601,0.882875650807161,0.347415269739588,0.930446935385271
SSBP4,0.187148499312289,7.3466964800413,0.882838975117608,0.347425284327072,0.930446935385271
DHRS7,0.1476751693654,7.67378570642368,0.882127462110471,0.347619646122419,0.930446935385271
MICALL1,-0.586342001418657,3.64900400426371,0.881849098658183,0.347695725955923,0.930446935385271
LARP4B,-0.234618284012699,5.44150808939027,0.881802378211045,0.347708497389382,0.930446935385271
TEP1,0.383497083130524,4.3844388913085,0.881753217239385,0.347721936648524,0.930446935385271
TGIF1,0.260221878340969,5.26166131780715,0.881158635005605,0.347884534941603,0.930446935385271
CCDC115,0.19210888066403,6.02475147586251,0.880838210853325,0.347972202996485,0.930446935385271
TNFSF8,-0.365915834353658,4.78635371621908,0.880734754528806,0.348000515054289,0.930446935385271
TMEM106B,0.249796654744974,5.80011966368545,0.880269796627822,0.348127794953782,0.930446935385271
GIHCG,0.30273747016001,3.99651123965456,0.880089050204028,0.348177290445252,0.930446935385271
RNASEH2B,-0.206944047800762,6.98274700419973,0.879972122265112,0.348209315012045,0.930446935385271
NUB1,0.160107385052579,7.04749759662018,0.878316684831258,0.34866314066015,0.931352398414181
CD27-AS1,0.50716404352781,3.39524391290571,0.87795571474128,0.348762204576791,0.931352398414181
PWWP2B,0.471619676696819,4.00194821762591,0.877039295592315,0.349013876716261,0.931738579466755
CPT2,-0.481204638085756,4.04851975428138,0.876597449372913,0.349135307194238,0.931776932999527
STRN3,-0.329139665599969,5.08049529349072,0.876152717088736,0.349257588843408,0.931817533937518
SNHG1,0.297452771052286,5.58264362880374,0.875383597604646,0.349469200060126,0.932096367797511
DRAXIN,-0.559854933440739,3.95356877225227,0.874875602962236,0.349609062481028,0.932183722663109
ZNF552,0.501149664778809,4.07954849476295,0.874169631879504,0.349803558760397,0.932208817975493
PDZD8,0.271423256420424,5.23399427323631,0.873715906311858,0.349928638672513,0.932208817975493
FTSJ3,0.305310975177477,4.93658280675681,0.87362130656042,0.349954724941537,0.932208817975493
ZNF384,-0.326179205644713,4.80979208697019,0.873287015339297,0.350046928317122,0.932208817975493
NDUFC1,0.238880854579896,7.01341004860098,0.872871681157147,0.350161530823871,0.932228755815279
DHX16,0.258705154195693,5.16303207503142,0.871770272217812,0.350465688268757,0.932281457350848
ETS2,0.359114016692593,4.71277185017893,0.871340170939373,0.350584559712951,0.932281457350848
TTC19,0.183112352032695,6.43728683284372,0.871192546212505,0.350625372909912,0.932281457350848
PHLPP2,-0.465895002430822,3.95056201878663,0.871162645936405,0.350633640103436,0.932281457350848
OAT,-0.292300270496212,5.09880190104274,0.869729673277806,0.351030157365353,0.932281457350848
GPR180,0.491015165144482,4.41350923179563,0.869542051412999,0.351082119354337,0.932281457350848
LINC00342,-0.231759410934949,5.91780407195719,0.869346004835347,0.35113642577084,0.932281457350848
GNB2,-0.160158684926514,7.20081405265529,0.869325601700531,0.351142078254438,0.932281457350848
SF1,0.132374347970218,8.30345739833753,0.869310922206367,0.351146145137573,0.932281457350848
POP1,-0.580101780256225,3.59121502496642,0.868145983702643,0.351469090535956,0.932281457350848
ELOA,0.438841210981997,5.26499840154024,0.867511590455695,0.351645127948924,0.932281457350848
DYNC2H1,-0.44292255531551,3.98775710365973,0.867014175643991,0.351783239392631,0.932281457350848
ITGAE,0.154781468420911,7.25016568338647,0.866710480508884,0.351867599296487,0.932281457350848
DDX60L,-0.25423330774234,5.61236130449394,0.86665209718042,0.351883820077297,0.932281457350848
NFRKB,0.399017250834382,4.29403402414973,0.866589908274968,0.351901099292532,0.932281457350848
MAP2K6,0.411824374696423,4.53123312765089,0.866416795572242,0.351949204829641,0.932281457350848
RNF40,0.397398264803917,4.5177904664866,0.865689957356068,0.352151280675945,0.932281457350848
IGSF8,0.369811725589199,4.92729272220007,0.865442797135078,0.352220032322394,0.932281457350848
DEGS2,0.395527007990423,4.10886240154527,0.865288848291353,0.352262864960878,0.932281457350848
WHAMM,0.287846656741618,5.53081027168728,0.864975763264212,0.352349995421408,0.932281457350848
U2SURP,-0.152514011981922,7.50464858604184,0.864259930186584,0.352549319776555,0.932281457350848
KIAA2026,0.231640598389241,6.44869012996209,0.863840293537624,0.3526662395375,0.932281457350848
SIPA1L1,0.372445914487476,5.65608534209977,0.863541397452782,0.352749550672815,0.932281457350848
PNKD,0.18040399593236,6.17638058300391,0.861976081354433,0.353186289532192,0.932281457350848
RETREG2,0.239979788239197,5.74851461040546,0.861609229520665,0.353288751684163,0.932281457350848
HMGN3,0.194522923906352,6.87555840107558,0.861222657136281,0.353396765758628,0.932281457350848
MAP3K11,0.337648557217518,4.85876650894661,0.860798075826825,0.353515452096117,0.932281457350848
ANKDD1A,0.638173352331841,4.61534940330415,0.860525632126592,0.353591638980556,0.932281457350848
ZNF189,0.521648223480978,3.62327122828802,0.860519753901819,0.353593283030332,0.932281457350848
SRPK1,0.18147030637747,6.07634235356086,0.859644563689091,0.353838177008668,0.932281457350848
GTF3C4,-0.413064648421017,4.29699708189502,0.859050830724614,0.35400444620565,0.932281457350848
GUF1,-0.375769699167735,4.33946641191089,0.858150784619792,0.354256699244525,0.932281457350848
ARPC1A,0.244805611865187,5.60919378859141,0.85813596021733,0.354260856089907,0.932281457350848
IPP,0.358592694935167,4.54453285460417,0.857667753179992,0.354392178300616,0.932281457350848
CCND3,-0.181902353101016,7.24281133641695,0.857272406789924,0.354503116496535,0.932281457350848
SUSD6,0.246923830572118,5.79130414200782,0.857226756954411,0.354515929361833,0.932281457350848
CD226,-0.199169268087446,6.9827261615687,0.857107358023178,0.354549444908546,0.932281457350848
TAPBPL,0.308989322086533,4.96978982873757,0.856643149361279,0.354679790520522,0.932281457350848
TRAF4,0.484154132759113,3.88593086834948,0.856512031656806,0.354716619067871,0.932281457350848
VPS39,0.345199142049604,4.62903143455851,0.856491343591973,0.354722430442119,0.932281457350848
LINS1,-0.240364363326937,5.48003845646321,0.856103829421397,0.354831309070447,0.932281457350848
FAM98C,0.259805685188199,5.5502586236252,0.855983884126086,0.354865018989931,0.932281457350848
RASGRP2,-0.335701625320464,5.11162412349495,0.855523962049361,0.354994318022921,0.932281457350848
LYL1,-0.537467928000289,3.86478070772009,0.855491489721072,0.355003449486359,0.932281457350848
UBE2D3,-0.0961729017642048,8.36570006257177,0.854718269907487,0.355220979758094,0.932281457350848
SGK3,0.318492269745196,5.43061571041161,0.854519429423934,0.35527694914102,0.932281457350848
LRPAP1,0.197660962474619,6.79388837032517,0.853863378991349,0.355461699121623,0.932281457350848
INTS10,0.25399356966409,5.59715338604273,0.852946499582309,0.355720121553909,0.932281457350848
TCP1,-0.228498606625933,6.53824306721184,0.851986534427137,0.355990963639371,0.932281457350848
PPRC1,0.415214267810407,4.13799270754552,0.851912264672475,0.356011929693041,0.932281457350848
TIMM9,0.313167563196924,5.25742703915785,0.851449423737748,0.356142625980101,0.932281457350848
CENPJ,0.482268370228757,4.02416336039339,0.851438368470477,0.356145748553108,0.932281457350848
CTDSPL2,0.207680500027324,5.92384302983076,0.851179570426663,0.356218857084336,0.932281457350848
UNKL,0.475275282696064,4.65512086882756,0.851087065222675,0.356244994111181,0.932281457350848
PRPF19,0.314259307083412,4.93911484791353,0.850936486990355,0.356287545096096,0.932281457350848
USP22,0.282976426122501,5.94707207027561,0.850825949218322,0.356318785726972,0.932281457350848
DLEU1,-1.00784633625425,4.15250802870224,0.850657373980447,0.35636643637298,0.932281457350848
NCALD,0.334500052612731,4.67094188094086,0.850558482727813,0.356394393727022,0.932281457350848
UBE2Q2,-0.294630324678222,5.54960844623245,0.848900676397033,0.356863517186115,0.933228122016454
PPP6R3,-0.178916770001273,6.31492431742551,0.847725499219173,0.357196580294951,0.933818515562319
CRACR2B,-0.565741633754301,3.81513867789305,0.847240627719966,0.357334124598286,0.933896902641465
LSP1,-0.129457497688481,8.6607736811355,0.846654077335163,0.357500609522737,0.933896902641465
SMPD3,0.549199824907286,4.51265032025464,0.846059675108574,0.357669431771716,0.933896902641465
RNF4,-0.261728869051413,6.00935083198652,0.845746559173776,0.357758407058889,0.933896902641465
CAMLG,-0.143225028264974,6.91213896401545,0.845716455323295,0.357766962996234,0.933896902641465
TFB1M,0.377271584509017,4.61571521401381,0.84535256108515,0.357870409089887,0.933896902641465
SYPL1,0.219005541114401,5.88440104060723,0.842630198876694,0.35864561454868,0.934078014536856
SUPT16H,0.210972085280879,6.75667080528669,0.842181748023865,0.358773534438075,0.934078014536856
CMTR1,0.315289233777226,4.83077973346742,0.842136232837614,0.358786521079347,0.934078014536856
TDP2,0.378050677866047,5.48621866835533,0.841979680912324,0.358831194265246,0.934078014536856
KLF10,-0.342652086756159,5.25085404530363,0.8408338104134,0.359158409489209,0.934078014536856
CRACR2A,0.266662385992999,5.15069598176566,0.840604032798119,0.359224074282319,0.934078014536856
ARHGEF18,-0.691349111503027,3.78947677825612,0.840324451181051,0.359303994115607,0.934078014536856
TRPC4AP,0.249643365173377,5.39871874800252,0.840291703969196,0.359313356674133,0.934078014536856
PLCG1,0.300173673219361,5.15783566236399,0.840130437369602,0.359359468336565,0.934078014536856
YIPF3,-0.23919337366025,6.00512065254947,0.840114510399504,0.359364022846482,0.934078014536856
NME7,-0.32681570071161,4.86328322636444,0.839669422759744,0.359491333184052,0.934078014536856
DIP2A,0.21535505077926,6.2696188595251,0.839348809293785,0.359583078105234,0.934078014536856
WDCP,0.533599475960211,3.63908820535531,0.838630642906958,0.359788701503634,0.934078014536856
CWC22,0.229321116631293,5.86212104614171,0.838025682496344,0.35996203773808,0.934078014536856
UPRT,0.476504979784529,4.03123330715863,0.837762255892649,0.360037551969228,0.934078014536856
SPTBN1,0.300424899406742,5.52369093326158,0.837431473272886,0.360132405474,0.934078014536856
C6orf120,0.400110929583572,4.25340825945114,0.837367433821733,0.360150773071321,0.934078014536856
CD40LG,0.45274648720161,6.104449143154,0.837334697523417,0.360160162893616,0.934078014536856
AKR1A1,0.240851860031617,6.07699085040427,0.83710523892184,0.36022598846157,0.934078014536856
ARMCX6,0.257807440628139,5.59469656042404,0.836972684576406,0.360264022329839,0.934078014536856
CRAMP1,-0.395225407132824,4.06295149217208,0.836723703559262,0.360335477504761,0.934078014536856
EIF4ENIF1,-0.385434490609009,4.62984055007765,0.835614436706528,0.360654063945576,0.934078014536856
PRR3,-0.397082763859446,4.08076438323558,0.835091741327815,0.360804318995033,0.934078014536856
MBNL1-AS1,0.397670175476185,4.21592561352834,0.835067115308927,0.360811400167753,0.934078014536856
KIAA2013,0.240771669061293,5.68243378244647,0.834905566335726,0.36085785807077,0.934078014536856
MPV17L,0.458191038118573,3.71672977655462,0.834681438885465,0.360922325816173,0.934078014536856
NFYC,0.241622802623169,5.39473302326947,0.834583096576605,0.360950617890273,0.934078014536856
MAP3K4,-0.323851520560195,5.46325647085761,0.832808595869601,0.361461649519603,0.934078014536856
TBC1D20,0.172611564049183,6.17999824318754,0.831583632208659,0.361815004642338,0.934078014536856
AKAP7,0.446841584976478,5.07799688770945,0.830653482043537,0.362083635916749,0.934078014536856
ZNF507,-0.274699985852723,5.05794314113646,0.830377090137445,0.362163512130657,0.934078014536856
CHSY1,0.305943789372755,5.12628268264299,0.829873003131834,0.362309254039952,0.934078014536856
JMJD4,0.462958620493646,4.07902463765505,0.829090657499513,0.362535606709144,0.934078014536856
CITED2,-0.250842325852256,7.22364832869527,0.828356076742097,0.36274831765928,0.934078014536856
EIF5A2,0.316397266532512,5.25425499044679,0.827073933812564,0.363119998454514,0.934078014536856
SIL1,0.310180033430286,4.7818090219094,0.827010531849481,0.363138391726301,0.934078014536856
BLZF1,0.31535909164109,4.99076397657741,0.826478995474695,0.363292644149429,0.934078014536856
TLE4,-0.208058813117315,7.14515700548768,0.825937017201678,0.363450020135525,0.934078014536856
AQR,0.233130115806901,5.60842177427798,0.825814619531819,0.363485574194295,0.934078014536856
TMEM230,-0.14655950695001,7.05340725313175,0.82579181950681,0.363492197674042,0.934078014536856
ZNF564,0.388764385065372,4.12977793826179,0.825779100043427,0.363495892791136,0.934078014536856
MAP4K2,0.3236836836068,5.12149763118559,0.825592945564779,0.363549978266124,0.934078014536856
COPS2,-0.19571369878593,6.13435084024625,0.824984333730775,0.363726882565149,0.934078014536856
ARHGAP30,0.123376242658599,7.69255073962461,0.824791425471286,0.363782979780227,0.934078014536856
TMEM128,-0.537609471628992,4.78444086352537,0.824652750809687,0.363823313403929,0.934078014536856
CD28,0.412135094770246,4.70972862509627,0.824095133253934,0.363985559352348,0.934078014536856
DYRK4,0.421447453686807,4.34078604642398,0.823860172135383,0.364053954277447,0.934078014536856
MTPAP,-0.382277426695012,4.38799714772905,0.823102052122831,0.364274757076594,0.934078014536856
SDCCAG8,0.317220729406365,5.47879615019887,0.822760980262526,0.36437415488393,0.934078014536856
VAMP3,-0.299443549435205,4.90715841592773,0.822669899719628,0.364400704635699,0.934078014536856
XPA,-0.202628040227292,6.10030483436644,0.822592964382526,0.364423133182294,0.934078014536856
RUFY2,0.268572908182501,5.13367927056806,0.822204488762418,0.364536412600741,0.934078014536856
MFSD4B,0.340030044270659,4.59287394687334,0.822056909693028,0.364579459412208,0.934078014536856
RREB1,-0.352475621422667,4.97148146303695,0.82189121852382,0.364627797667609,0.934078014536856
CDK11A,0.213684194735648,6.25770693676953,0.821867037965127,0.364634852775115,0.934078014536856
CTNNB1,0.145552031748672,6.9829211619944,0.821531274520552,0.364732837269578,0.934078014536856
CPPED1,-0.388897179565889,4.43803056458331,0.821510221993162,0.364738982159038,0.934078014536856
HLA-B,0.12880646484507,11.9353641880885,0.821429310125328,0.364762600348804,0.934078014536856
ZNHIT6,-0.205551514239118,5.77693127940591,0.82134645184564,0.364786788892437,0.934078014536856
ANKRD49,-0.187328508174292,6.1318983483054,0.821323860389928,0.364793384326952,0.934078014536856
ZDHHC7,0.339272744002632,4.6891238511898,0.821106986097544,0.364856707829802,0.934078014536856
TMEM106C,0.277671347366186,5.1947894648584,0.820803852317685,0.36494524311951,0.934078014536856
PLCD1,-0.499969119914615,3.97224846433015,0.820141369490411,0.365138835963027,0.934078014536856
DYNC1LI2,-0.183227546242474,6.14443106017508,0.818347947068535,0.365663630432609,0.934078014536856
FAM227B,-0.607936301560038,3.62856489492917,0.818277025697793,0.365684405062685,0.934078014536856
HIC2,-0.531110466952175,3.74707826156436,0.81809426670533,0.365737947253615,0.934078014536856
CKLF,-0.111112956952824,9.61850349026652,0.817864613550981,0.365805243262782,0.934078014536856
C18orf21,-0.342902763658879,4.78152778780399,0.8176982167031,0.36585401380293,0.934078014536856
CD7,0.28441370078644,8.93514993779271,0.817294160849261,0.365972479213675,0.934078014536856
EP400,0.255421862635998,5.52604679938216,0.817094349918424,0.366031081583641,0.934078014536856
PTMS,-0.191522598455488,8.0652393007882,0.816563733484482,0.366186768821848,0.934078014536856
MAPK8IP3,0.412348349763764,4.16271865288928,0.815699312040529,0.366440594082005,0.934078014536856
AGK,0.413646278784265,4.60199854376709,0.815666359771139,0.366450274886645,0.934078014536856
IMP4,0.225454152333202,5.71563818428707,0.815635094606819,0.366459460377361,0.934078014536856
DDX31,0.47968863925551,3.83289480579607,0.815362300356455,0.366539619019729,0.934078014536856
ACTR10,0.237983722850926,6.10513188977956,0.814942156188952,0.366663123011263,0.934078014536856
GLI4,-0.330591968565179,4.79010109119512,0.814259439739452,0.366863935037479,0.934078014536856
RP9,0.264320399212549,5.38493545843779,0.813698135683588,0.367029149653724,0.934078014536856
RBM8A,-0.10902629976407,7.91369209861622,0.813234964401907,0.367165557650354,0.934078014536856
ZNF777,0.481721790378327,4.08749880979036,0.812872608792095,0.367272323665789,0.934078014536856
DENND11,0.322607328724751,3.88297089220708,0.812831201763149,0.367284526757446,0.934078014536856
RGP1,0.332732462883959,4.65594375946834,0.812807838972624,0.367291412268854,0.934078014536856
SH3KBP1,-0.179169185339146,7.45533547224228,0.8125955000773,0.36735400128429,0.934078014536856
SELENOM,0.294212574304015,6.0853961563558,0.811918233735398,0.36755373139469,0.934078014536856
GNA12,-0.367860572884031,4.40379895957447,0.811829777628983,0.367579828802167,0.934078014536856
ENY2,0.147029078882426,7.32746843409827,0.8117327782582,0.367608449709859,0.934078014536856
TUBD1,0.36375656819112,4.61745340906528,0.811286012269921,0.367740313748892,0.934078014536856
ZNF776,-0.483131941404439,3.72894118902713,0.810993984129294,0.367826542093921,0.934078014536856
AIFM2,-0.521722092664934,3.7447149994923,0.810490543394366,0.367975261134634,0.934078014536856
RUFY1,-0.318508221436458,5.28678127789887,0.810340207907238,0.368019687243541,0.934078014536856
APOBEC3F,-0.295971073459732,5.07595488458742,0.809693328213921,0.368210933828232,0.934078014536856
ZMYM6,0.345260265617838,4.79338511237367,0.809333884026703,0.368317261379678,0.934078014536856
GMEB2,-0.510181527313498,3.78050231628381,0.808868616496904,0.368454956096863,0.934078014536856
EEF1G,0.351037859537241,8.80932996308894,0.808809013791702,0.368472600538857,0.934078014536856
POLM,0.377172841472978,4.83563600505744,0.808496054690444,0.36856526645263,0.934078014536856
STARD3NL,-0.264237211350116,5.76433529658481,0.808367382359254,0.36860337521513,0.934078014536856
GNG5,-0.10558925051684,8.14294755656088,0.808265384195614,0.368633587812004,0.934078014536856
INTS9,-0.445647264421414,3.84546656682928,0.807855040103387,0.368755169550761,0.934078014536856
DMWD,0.301183475778,5.10733619919615,0.807651170895639,0.368815595158369,0.934078014536856
GORAB,0.475814828750489,3.96267846753939,0.80736847972884,0.368899405935736,0.934078014536856
ULK4,-0.395078766765228,4.4697505784312,0.806623348327737,0.369120445668945,0.934078014536856
BRD9,-0.171483815548636,6.4726744773528,0.806073125360639,0.369283785151786,0.934078014536856
WDR36,-0.307097735696338,4.7012256657916,0.805923045262722,0.369328355487523,0.934078014536856
ACSL3,0.294088719948891,5.32120832073592,0.805907470926471,0.369332981136246,0.934078014536856
TRMT10B,0.304240828761399,5.02665034269718,0.805568306366762,0.369433734576172,0.934078014536856
PRORP,0.398571544146181,4.37203875161448,0.804616694644491,0.369716628341677,0.934078014536856
WDR55,0.331177233703549,4.95008692698706,0.804395038602856,0.369782565284012,0.934078014536856
LPAR5,-0.406635597658471,4.28537730349263,0.804321472725096,0.369804452854082,0.934078014536856
DLST,0.274707379198739,5.05550418742564,0.803508802138437,0.370046361602381,0.934078014536856
MED16,-0.297482129442799,5.04325233998353,0.803038979696559,0.370186314951912,0.934078014536856
EMC4,0.244888495446746,6.22941837820276,0.801455008479223,0.370658701664811,0.934078014536856
TWSG1,0.469145880552082,3.86822508904934,0.801393362857695,0.370677103198815,0.934078014536856
NPM1,0.09220136812224,9.32453442824098,0.800450247317045,0.37095878707024,0.934078014536856
WDPCP,0.49524255686578,3.7061820915725,0.800331246953771,0.370994350585447,0.934078014536856
RAB29,-0.220042053952834,6.09658262440134,0.799963462647002,0.371104293814356,0.934078014536856
TXNL4B,0.410575871127543,4.06332351851546,0.79971798724349,0.371177700072646,0.934078014536856
TP53I13,-0.204469519995786,6.00277464922289,0.797771900512988,0.371760370633333,0.934078014536856
MEAF6,-0.127635705421694,7.18378201741853,0.797490169500501,0.37184482854223,0.934078014536856
BZW2,0.285502214058759,5.12321803326217,0.797133931589819,0.371951660682613,0.934078014536856
RFTN1,0.244815001830842,5.57445316664722,0.797123060787982,0.371954921400486,0.934078014536856
PRKCD,0.379623445153415,4.44752986059919,0.797117779688279,0.371956505490897,0.934078014536856
UPK3BL1,-0.621787365511825,4.80264412171812,0.797093158691556,0.371963890797813,0.934078014536856
MAD2L1,0.397840543295672,4.7051606561972,0.796904714334943,0.372020423300514,0.934078014536856
ALDOC,0.497653764238724,3.81176149439906,0.796784402761801,0.372056522541351,0.934078014536856
CISD2,-0.217799854355133,6.27581611385273,0.796581136050126,0.372117523428537,0.934078014536856
RBM15,0.314141733089923,4.82972416132013,0.796269147367664,0.372211179277859,0.934078014536856
WIZ,0.441870152877073,4.01849057214261,0.795763620244433,0.372363003397833,0.934078014536856
MPPE1,0.284305697291118,5.47809349603404,0.795616022309435,0.372407347574672,0.934078014536856
BCOR,0.271744877997667,5.1609647560658,0.794904461971139,0.372621231730856,0.934078014536856
MDC1,0.352159551859874,4.38952836948779,0.794633954845502,0.372702587118912,0.934078014536856
UQCRQ,0.143339510384615,7.71018381406599,0.794303439438849,0.372802023817702,0.934078014536856
TMEM248,0.212925095719861,6.50000009653108,0.794139454952788,0.372851372894063,0.934078014536856
PRRC2B,0.14369091187388,6.97282332530976,0.793959942503978,0.372905405398087,0.934078014536856
OAS1,-0.338654869567193,5.22512875882915,0.793687086278275,0.372987554982448,0.934078014536856
EVL,0.1324155105596,9.22787520122285,0.793386371394366,0.373078121395094,0.934078014536856
DSTYK,0.341425906319921,4.74237510578983,0.793027712949662,0.373186178948492,0.934078014536856
UFD1,-0.163710986805591,6.56623649562672,0.792680530109486,0.37329082084279,0.934078014536856
EIF4E,-0.269171042325037,6.24260660697946,0.792659834100174,0.373297059976214,0.934078014536856
CAPN10,0.298574225021507,5.25311494839231,0.791374600951979,0.373684799775471,0.934078014536856
RABGAP1L,0.160966162722689,6.83104423078962,0.79100495092904,0.373796423317214,0.934078014536856
RSKR,0.482377936691353,3.47241252678201,0.790300003306875,0.374009426509659,0.934078014536856
YME1L1,-0.152431367612147,7.233552131925,0.789593643806082,0.374223026964832,0.934078014536856
NAA80,-0.501948610830715,3.98554771380783,0.789449357441267,0.374266679649896,0.934078014536856
CHCHD5,0.206263384703359,6.27772620760191,0.789325503783402,0.374304156277031,0.934078014536856
ZSCAN30,-0.486264781085858,3.56739326941161,0.78892657786513,0.374424902233245,0.934078014536856
TMEM109,0.221437081818707,6.2064863994309,0.788624788035797,0.374516283557797,0.934078014536856
NCR3,0.431465479954839,5.47590456887593,0.787856307260238,0.374749119193312,0.934078014536856
MTCH2,-0.281351363364097,5.54228836181197,0.787532714368322,0.374847222680212,0.934078014536856
DCTN5,0.286937054914889,5.30842690297704,0.787145867792468,0.374964550043654,0.934078014536856
ZNF32,0.249244548316092,5.42949485542872,0.786612448930555,0.375126416099916,0.934078014536856
FAM200A,0.447040379608034,3.82451118254811,0.785555362162159,0.37544747916064,0.934078014536856
BLOC1S1,0.135941536120688,8.01188389262678,0.785050111046949,0.3756010725338,0.934078014536856
ACAA1,0.191041407308457,5.92052979130001,0.784980451524202,0.375622255540463,0.934078014536856
RBM38,0.187819276740912,6.19009610502312,0.784244797725393,0.375846065524292,0.934078014536856
ERCC4,-0.358664894243915,4.64267207832519,0.783046859867689,0.376210918563061,0.934078014536856
CLINT1,-0.152709375902046,6.77981446559784,0.782859600006834,0.376267996822324,0.934078014536856
ARHGEF7,0.29722816563753,5.05631654226489,0.78229665463417,0.376439660256989,0.934078014536856
TUBGCP2,0.209808822568689,5.99010692944651,0.781845273626662,0.376577383018423,0.934078014536856
LCOR,-0.179887101505645,6.33473558486101,0.781137434601202,0.376793497469361,0.934078014536856
TDRD3,0.258439470437124,5.25107323362492,0.780737238219064,0.376915760948176,0.934078014536856
VPS53,0.241192429472085,5.44662701356936,0.779967395291513,0.377151111650318,0.934078014536856
LENG1,0.202851946681978,6.14436423389337,0.779762697942736,0.377213725010936,0.934078014536856
NDUFV1,0.19843551941834,5.92323130310284,0.779685671017719,0.377237289996013,0.934078014536856
PRCC,-0.282226944703272,5.0868626114976,0.779637045206343,0.377252167244236,0.934078014536856
NDUFA10,0.164055093404317,6.41027246936232,0.779520525980695,0.377287820095515,0.934078014536856
SECISBP2,0.190626069825108,6.42055760590326,0.779489819742896,0.377297216458306,0.934078014536856
MFSD12,0.378829960073355,4.92708854367027,0.778959295663469,0.377459613232674,0.934078014536856
TRIM21,0.38568556269562,4.85884732720147,0.778903735444274,0.37747662625802,0.934078014536856
OTUD4,0.231073745492251,5.4509393665304,0.778298708574049,0.377661960683059,0.934078014536856
LIMA1,-0.258424127315653,5.16874988109141,0.778145259298178,0.377708986289608,0.934078014536856
SLC27A4,-0.489059184656953,4.01083606351693,0.777540683255303,0.377894343119257,0.934078014536856
CHMP6,0.304502520839995,4.63394546582369,0.776777031857939,0.378128653989404,0.934078014536856
TPRA1,-0.421822066275087,4.36526317786868,0.77615951971919,0.378318274703494,0.934078014536856
AP3M2,0.239614280549437,5.70735527978532,0.775478681968771,0.378527496294687,0.934078014536856
LINC00892,0.409350620000182,6.95486829055023,0.77542091975058,0.378545254141265,0.934078014536856
THRA,0.339003439966829,4.39108999678549,0.775363157535214,0.378563013161284,0.934078014536856
MKNK2,0.264827355323268,5.77949449350069,0.774898182614123,0.378706012706609,0.934078014536856
RPL7A,0.0713493953780268,11.2265051143763,0.774379272144561,0.378865689662419,0.934078014536856
TAB3,0.32342857249142,4.65701278877295,0.774344203761672,0.378876484182727,0.934078014536856
KDM5C,0.269981997309283,5.17546191388111,0.773905797747043,0.379011468067334,0.934078014536856
DDX3X,0.155805969302123,8.41220578101595,0.773441274741057,0.379154567317212,0.934078014536856
EIF4A2,-0.0898046787152357,8.66302936777848,0.773039246699938,0.379278476131012,0.934078014536856
KAT6B,-0.181805948300956,6.66321770908191,0.773017484059348,0.379285185210908,0.934078014536856
FOSL2,0.330443717336272,5.33571211557211,0.772540357884349,0.379432317798516,0.934078014536856
SIN3B,0.301949245340435,4.8168781234629,0.772402209081072,0.379474934125305,0.934078014536856
SNRPB,0.116997191701183,8.11762237806878,0.772238662357331,0.379525393968939,0.934078014536856
EEF2,-0.0801730529995816,9.01129929027827,0.771896759837849,0.379630913366536,0.934078014536856
C17orf80,-0.409312881484057,4.12927982783853,0.770730056654099,0.379991298181106,0.934078014536856
TPGS1,0.224370666237927,5.70049543646525,0.770591511042852,0.380034125841158,0.934078014536856
SLC30A7,0.208452972628831,5.65478565646843,0.770148349610226,0.380171163100655,0.934078014536856
NXPE3,-0.243613408932817,5.39716429977386,0.770133759661107,0.380175675886249,0.934078014536856
DGKA,0.231427646860019,5.8338078326548,0.769177704506332,0.380471556272028,0.934078014536856
RGPD5,0.551653197990483,4.31323587642997,0.769141467014457,0.380482777466434,0.934078014536856
ASH2L,0.292407292707833,4.80703910917042,0.769115523697668,0.380490811284325,0.934078014536856
WDR6,0.242087411003475,5.44110233861966,0.769114021408136,0.380491276502828,0.934078014536856
GLB1,-0.426180007108915,4.73483466152584,0.769034485315252,0.380515907831003,0.934078014536856
TMEM50B,0.208290058802008,6.15296588723373,0.768852272484264,0.38057234534934,0.934078014536856
PDXP,0.358880934325292,3.51045703991989,0.768786444424782,0.380592737449771,0.934078014536856
TMEM41A,0.371134039574891,4.30205768884803,0.768605940782216,0.380648661473994,0.934078014536856
DOK1,0.39392242479257,4.62361574052085,0.768488414816996,0.380685079862766,0.934078014536856
EIF3D,0.112926551713761,7.4414160344824,0.768190121365519,0.38077753573958,0.934078014536856
PUSL1,0.368389220639875,4.38903663845571,0.767601529265445,0.380960062646848,0.934078014536856
TOMM5,-0.170035751455942,7.23368296704976,0.766721323729858,0.381233252035132,0.934078014536856
ECSIT,-0.331034904430334,4.60261800663895,0.76623428878327,0.381384532157388,0.934078014536856
IVD,-0.252888179153256,5.21917360599026,0.765887950757243,0.38149216144825,0.934078014536856
CELF2,-0.108916905359068,8.55776623082478,0.765722222756832,0.381543678899908,0.934078014536856
ANAPC11,-0.151752980736412,7.39857781676983,0.765299023763504,0.381675277287503,0.934078014536856
SLC9A1,-0.390083176686656,4.18749041461889,0.765025997270261,0.381760211974383,0.934078014536856
AGPAT2,-0.294662274756355,5.75041237487626,0.764843904225437,0.381816873421045,0.934078014536856
KBTBD3,0.398892485750321,4.81271293687227,0.764372865234996,0.38196350070934,0.934078014536856
FANCL,0.475209882125554,3.90056634915329,0.764285645400406,0.381990659666774,0.934078014536856
DPP8,0.279143138238195,5.75056998039863,0.764151518421048,0.382032430145952,0.934078014536856
SLC25A22,0.36966429269366,4.33787476693255,0.763958794629531,0.382092460454236,0.934078014536856
TCEAL4,0.308147817441294,4.76537054137817,0.763285238827223,0.382302367023583,0.934078014536856
RNMT,-0.158373813457305,7.08448738053225,0.763206514562079,0.382326911270525,0.934078014536856
PDSS2,0.462986841268321,4.42782712204237,0.763199513177788,0.382329094234228,0.934078014536856
EEFSEC,0.339695504796879,4.53161326404176,0.762708821758359,0.382482131050366,0.934078014536856
G2E3,-0.306638640550075,5.23551442550332,0.762310088057213,0.382606552018176,0.934078014536856
CAMK1D,-0.292117948434085,4.77690785435614,0.762075236077987,0.38267986212921,0.934078014536856
RAB1B,0.175206535549536,6.25678367497761,0.760842457871537,0.383065006157378,0.934078014536856
STK24,-0.23817873568955,6.65066976638419,0.760312105434636,0.383230867704869,0.934078014536856
ZNF675,0.286400142067432,4.79460161151873,0.760043724841193,0.3833148394186,0.934078014536856
IFNG,-0.303832928146231,8.69170703244473,0.759939340914588,0.383347506418749,0.934078014536856
NPC2,0.351950579461866,5.82313492412408,0.759572617594785,0.383462303969056,0.934078014536856
RANGRF,-0.201044226992717,5.81034455196841,0.759391634796778,0.383518976047188,0.934078014536856
CYB5R1,0.294137935121208,4.96723033041668,0.759348365664149,0.383532526894039,0.934078014536856
NOP53,0.154583268551471,8.59570507994821,0.759336270941031,0.38353631479055,0.934078014536856
MMS19,-0.341542765724807,4.41871678712915,0.758815449844237,0.383699478971582,0.934078014536856
BOP1,0.373967130399154,4.47242602886111,0.758237393686986,0.383880689252839,0.934078014536856
SMDT1,0.197062403835753,7.64448325100378,0.75791757223757,0.383980999759657,0.934078014536856
MPHOSPH6,0.236513930052356,5.37896936093671,0.757899007534306,0.383986823634792,0.934078014536856
CARM1,0.394537786489405,4.2477218925942,0.757002306750437,0.384268274218557,0.934078014536856
GPI,-0.202832523536149,6.39152809489733,0.756819434400519,0.384325708955242,0.934078014536856
LYSMD2,0.178817379566046,6.22862546772668,0.756805266310201,0.384330159237568,0.934078014536856
STXBP3,0.212458880649991,5.99155433184504,0.756473806143898,0.384434293755579,0.934078014536856
FBXL6,-0.346297270819476,4.40659692380338,0.755943669259199,0.384600929671225,0.934078014536856
ALOX5AP,0.143265183852705,8.67069630302076,0.754840809462724,0.38494791636446,0.934078014536856
IFI16,0.136845527815526,8.39375515088088,0.754535007544881,0.385044207915292,0.934078014536856
S1PR4,0.225534378931648,6.5960817739987,0.75443564936278,0.385075501397779,0.934078014536856
RPS6,0.0794074899131553,11.5823192058433,0.754058546450775,0.385194305232084,0.934078014536856
ANKRD11,-0.135017320302895,8.32972502099673,0.753291039116434,0.385436264480609,0.934078014536856
C11orf58,-0.0927574262091931,8.29115917607464,0.753222691353916,0.385457821820463,0.934078014536856
SENP1,0.280043102895068,4.87498431289467,0.752962260105232,0.385539979289964,0.934078014536856
SNHG17,-0.673810591622861,4.92673546780387,0.752850511445839,0.385575239943173,0.934078014536856
SCCPDH,-0.319413230300912,5.07363367118186,0.752674325754612,0.385630842076521,0.934078014536856
SMARCC2,0.220509609984876,6.27274868026781,0.752589312568045,0.38565767531873,0.934078014536856
SGCB,-0.373703704354038,4.38150444017845,0.752401214462186,0.385717055337954,0.934078014536856
FAM210A,0.307826085125495,4.79959424848948,0.751957924132082,0.385857047540626,0.934078014536856
ZNF524,-0.238574170713101,5.78762601359036,0.75149151403992,0.386004419089954,0.934078014536856
PDE4DIP,0.332484281823522,5.91714572035943,0.751128425595837,0.386119199569567,0.934078014536856
PRIM1,-0.309033812608858,4.66619769946968,0.751109555741554,0.386125166085774,0.934078014536856
TOR3A,0.265776020800008,5.18558848890391,0.750954080875928,0.386174331148925,0.934078014536856
CTDNEP1,0.137624882321201,6.90319464701859,0.750743210714845,0.386241027839427,0.934078014536856
BDP1,0.166142683735675,7.34534227480974,0.75056268518324,0.386298139775904,0.934078014536856
LINC01871,0.170731595754574,8.6277911544065,0.750562014165798,0.386298352084678,0.934078014536856
RAB5C,-0.271175202805648,6.69372416172975,0.750335478096595,0.386370037207806,0.934078014536856
ZCCHC10,-0.208161289280924,5.7878860941421,0.749930949953589,0.386498093303914,0.934078014536856
CTSZ,0.361863385925418,4.88398482136885,0.749763172161924,0.386551222222177,0.934078014536856
INTS8,0.311090423109567,4.8434285695646,0.749731402737908,0.386561283575504,0.934078014536856
SEPTIN9,0.314308453087142,6.91410775368665,0.749336729905028,0.386686307279833,0.934078014536856
BCLAF1,-0.138758583541835,7.83701051877623,0.748038657657776,0.387097914690268,0.934078014536856
DBP,0.317554208396674,5.2340716319812,0.747632903755452,0.387226703811892,0.934078014536856
RBM27,-0.214115945191667,6.57980830382493,0.747584526681617,0.387242063108036,0.934078014536856
TARBP1,0.352933166127391,4.75319279153827,0.746774842809391,0.387499259603613,0.934078014536856
MAN1B1,0.292576646155911,5.05948648043732,0.74616999041244,0.387691550258676,0.934078014536856
MKNK1,0.233894099505369,5.40727928441944,0.746029193790815,0.387736330912641,0.934078014536856
LYSMD3,0.278209525963096,4.91090096416905,0.745073440348106,0.388040505405077,0.934078014536856
SMYD3,0.369187185379077,4.36241603677502,0.745068199863738,0.388042174160328,0.934078014536856
TPP2,0.197184176167128,5.75576413891691,0.744746068720534,0.388144771757112,0.934078014536856
HMCES,0.257172681604159,5.23394485282717,0.744441776269166,0.388241723358984,0.934078014536856
ODC1,0.211324637523619,6.37233087690316,0.744190822402072,0.388321706593918,0.934078014536856
PCNX3,-0.311471837007227,4.63604797123212,0.743979212152539,0.388389168635282,0.934078014536856
ZNF486,0.458751734298321,3.63923169614358,0.743909889236669,0.388411272646774,0.934078014536856
NPEPL1,-0.276760223509258,4.96394629783526,0.743861527501178,0.388426694128609,0.934078014536856
GUK1,-0.109977649101095,8.67038081107479,0.743672311015487,0.388487039459897,0.934078014536856
N4BP2,-0.204872509496689,6.1583377366923,0.743598532575,0.388510572667317,0.934078014536856
NUTF2,0.17158773622554,6.32378692468105,0.743266746588907,0.388616428050865,0.934078014536856
DHCR24,-0.550537222194517,4.03250993976348,0.743109460961453,0.388666623978573,0.934078014536856
SRP68,-0.226109964150583,5.29168988492824,0.743045755036096,0.38868695763845,0.934078014536856
CNOT7,-0.157251398042011,6.53729936572903,0.742995920207715,0.388702864980195,0.934078014536856
TERF2IP,0.108494774238153,7.84578505325209,0.74234724885762,0.388910006572671,0.934078014536856
GFER,0.301871589940076,5.33731517154122,0.741472996722955,0.389189432958994,0.934078014536856
PPP1R11,0.267596323276467,5.91191861619659,0.741209833933503,0.389273600603924,0.934078014536856
AUTS2,0.385337366121982,5.50475401886615,0.741113443230464,0.389304435858816,0.934078014536856
SCAMP3,-0.215176948191127,5.55662659343908,0.741074782416249,0.389316804381747,0.934078014536856
IL2RB,0.185902436560603,7.73449103265783,0.740221181537645,0.389590034998062,0.934078014536856
DENND1A,0.463468915444307,3.75910600950327,0.73955982824593,0.389801917305932,0.934078014536856
CSGALNACT2,0.228204561009401,6.14177031209203,0.739391616081125,0.389855834886268,0.934078014536856
TEFM,-0.396016991656517,4.78001810086696,0.73910539202436,0.389947603717776,0.934078014536856
URB2,-0.512197428602168,3.74817347110536,0.739051233704227,0.389964971373642,0.934078014536856
FAM53B,0.243336839845274,5.44621638302425,0.739001510900039,0.389980917609127,0.934078014536856
ZSWIM8,0.246533631838347,5.16682200230912,0.738939865533977,0.390000688737213,0.934078014536856
CDADC1,0.420167699599166,4.41273657132282,0.738310098677435,0.390202752069101,0.934078014536856
MMD,0.264457438268734,5.6674822066084,0.738271577237946,0.390215116695986,0.934078014536856
KLHL8,0.375982378271484,4.3618852670162,0.737845486946817,0.390351920739947,0.934078014536856
FDFT1,-0.227777450386231,6.53996590986999,0.737795045108875,0.390368120554514,0.934078014536856
MRPS24,0.304467223791136,6.13747005291888,0.737577847916427,0.390437886228833,0.934078014536856
CD79B,0.517422286206721,4.18163796816959,0.737149469067671,0.390575537664139,0.934078014536856
PDAP1,-0.156933270643669,6.89867303598409,0.737125521409432,0.390583234841483,0.934078014536856
FCMR,0.382851993090276,5.27442347438557,0.736447853601714,0.390801138668962,0.934078014536856
ARL6IP5,0.0965697797760703,8.91022581709971,0.735948407094078,0.390961846969696,0.934078014536856
SLC27A3,0.30823491674095,5.0453322871243,0.735764540862224,0.391021033963543,0.934078014536856
S100PBP,0.246471911100175,6.16618440286458,0.735613791895911,0.391069570005413,0.934078014536856
SMC6,0.300396459737129,5.53834578996774,0.735392740520695,0.391140756643182,0.934078014536856
SYVN1,-0.307126773972458,4.64497240298544,0.735020055735493,0.391260816841101,0.934078014536856
NUDCD1,0.361937738888773,4.51859847607774,0.734830628672814,0.391321860909503,0.934078014536856
SH3BP5L,-0.468973157819762,3.78450491213555,0.734016557782699,0.391584355859109,0.934078014536856
RNF149,0.123651940903567,7.1267359304071,0.733727515640483,0.391677617441249,0.934078014536856
NRF1,0.335788576263985,4.51742442177438,0.733367296351592,0.391793889442542,0.934078014536856
PSMA3-AS1,0.166413133563411,7.5175406482364,0.733153581627391,0.391862895927168,0.934078014536856
TTC39C,0.12308530325615,7.2938686755619,0.732834762611859,0.391965872009086,0.934078014536856
AP2A2,0.248651732062033,5.39969636142439,0.732794245214794,0.391978961595589,0.934078014536856
TBRG4,0.291541469129761,4.99479703873314,0.732781029242467,0.391983231295043,0.934078014536856
HIVEP1,0.364523920945594,4.53838882547722,0.731236272685685,0.392482757697848,0.934078014536856
SP2,-0.275897559227566,4.94953048462628,0.730379736969113,0.392760128654479,0.934078014536856
CZIB,0.17938591839742,4.89518042930719,0.730243944770617,0.392804127928821,0.934078014536856
MICOS13,0.256925789896463,7.02719299544096,0.729572893653621,0.393021665313308,0.934078014536856
PRKAG1,0.246724743289425,5.54890096324787,0.729520118987342,0.393038780831785,0.934078014536856
ESCO1,0.182223128862638,6.28998460592894,0.728628279338746,0.39332817818844,0.934078014536856
FAM133B,-0.13414067186231,7.71434247899766,0.728144835390406,0.393485181246517,0.934078014536856
UCK1,-0.403068311191002,4.29521806608645,0.727174210511612,0.3938006731064,0.934078014536856
DPM3,0.173065142555884,6.20458806039079,0.726179565136718,0.394124350091737,0.934078014536856
TIMM17B,0.196000011517478,6.08376753832071,0.725978529683626,0.394189817433404,0.934078014536856
MOCS2,-0.229540979724372,5.36755139803491,0.725551986586279,0.394328773330057,0.934078014536856
CTBP1,0.181664542400361,6.22321208880963,0.725248123487383,0.394427806486131,0.934078014536856
VPS35,-0.151865220037999,6.81695332043836,0.725041562044348,0.394495148134598,0.934078014536856
CYP2R1,0.312495447433513,4.4654328735129,0.725036679257153,0.394496740185313,0.934078014536856
MCM9,0.347372711080111,4.5151768875611,0.725000604426331,0.394508502803079,0.934078014536856
SART3,0.22626448444309,5.59613406281014,0.724076742529821,0.394809910819062,0.934078014536856
SERGEF,0.356793578674169,4.63324613187541,0.723578889740072,0.394972471748615,0.934078014536856
RPS12,0.0969013184908355,12.731844106006,0.723230035163429,0.39508643861866,0.934078014536856
MPDU1,0.320956904842562,4.80069172714963,0.723137069544098,0.39511681743511,0.934078014536856
KHDRBS1,0.146856719752174,7.57830218711446,0.723066926510363,0.395139740634233,0.934078014536856
PPP2R3C,-0.201797966879526,6.00494873925254,0.722875319234664,0.395202368902526,0.934078014536856
U2AF1L4,-0.30140076180188,5.36646721931792,0.722380269644958,0.395364245780034,0.934078014536856
TATDN3,-0.347263247716482,4.5225516639269,0.722199271456088,0.395423454453827,0.934078014536856
ORC6,-0.487961559937336,3.63533233831485,0.722163665497231,0.395435103486629,0.934078014536856
PTPN2,0.132645297159189,6.96821066540163,0.721812281392147,0.395550090688339,0.934078014536856
COPS4,-0.241487118165284,5.33199283505484,0.72167255096798,0.395595829571418,0.934078014536856
CARD16,0.135247717250967,7.05308813515625,0.720874673124225,0.395857150325014,0.934078014536856
KLHL21,0.3672386457341,4.22236034783785,0.720620955537971,0.395940300003322,0.934078014536856
NOTCH2,0.265553154717736,5.04680613142071,0.720243352741125,0.396064096648546,0.934078014536856
ZC2HC1A,-0.589526133041302,4.15995941234529,0.720196601035131,0.396079428025667,0.934078014536856
EVI2B,-0.138751588762601,8.03801849612564,0.719593042651745,0.396277430979426,0.934078014536856
SOCS7,0.391564564624798,4.03785640567015,0.719522541925038,0.396300568713751,0.934078014536856
ARL3,-0.275398531182639,5.91030102049486,0.719305193893732,0.396371912744056,0.934078014536856
NIPSNAP2,-0.221759043013018,5.56174199831291,0.719281799358463,0.396379593055353,0.934078014536856
PIK3R1,0.193219011974265,7.32064653707596,0.719239068458819,0.396393621954666,0.934078014536856
SUB1,-0.0931414683000417,9.13106304156774,0.719089362229205,0.396442777371095,0.934078014536856
ZBTB37,0.254473679455818,5.14407303996555,0.718292921706787,0.396704433250196,0.934078014536856
RNF157,0.28563847762747,5.50731282122664,0.717000409230639,0.39712959535982,0.934078014536856
PCBP4,0.329336881188354,4.58574121928054,0.71659847754562,0.397261941861323,0.934078014536856
LZIC,0.212167982528287,5.91599222833514,0.716538780793684,0.397281604009817,0.934078014536856
LEPROT,-0.248632146825198,5.78890501525336,0.716423162831635,0.397319688766006,0.934078014536856
TLK2,0.219714025922007,5.63738616765335,0.716109368804524,0.39742307965051,0.934078014536856
TMEM14B,0.151713958922583,7.28028817782976,0.715339726363489,0.397676831100685,0.934078014536856
MED26,-0.400459096660556,4.13944991189198,0.715061660130999,0.397768567248913,0.934078014536856
ZNF576,0.408611191576963,4.22659121720197,0.714748253298332,0.397871999204872,0.934078014536856
CERS2,0.199850810502262,6.08733257849353,0.714400039285771,0.39798696399767,0.934078014536856
ZFP82,0.455867082330328,3.85873802436415,0.714197813690866,0.398053751953225,0.934078014536856
ZBED5,0.210452293726341,5.39407059716941,0.713530617920434,0.398274218103563,0.934078014536856
TXNDC17,0.223283205719779,6.60986952638261,0.713439268098618,0.398304417208951,0.934078014536856
EAPP,-0.14722156343765,6.69624147197672,0.712960233941175,0.398462834144546,0.934078014536856
DOCK2,0.146276230021567,6.96088920363283,0.712066594936974,0.398758604996425,0.934078014536856
HLA-A,0.0753037487202106,11.5419703477184,0.711922841925819,0.398806213106625,0.934078014536856
AP2A1,0.224822543732061,5.364758908238,0.711765927521018,0.398858189399967,0.934078014536856
MRPL55,-0.201678825038395,5.92034492466359,0.711484902442855,0.398951300600459,0.934078014536856
KDM4C,0.207764783373036,5.48823535910511,0.711386226270339,0.39898400214806,0.934078014536856
TRIM24,0.310741605809052,4.68295142056104,0.711342557338515,0.398998475387888,0.934078014536856
GNPTAB,0.222830972206926,7.28568381061001,0.711271930794155,0.399021884826677,0.934078014536856
SKAP1,0.0913982441792412,8.04519913285338,0.710338019786143,0.399331620359213,0.934078014536856
BABAM1,-0.221583001583818,5.73719786603929,0.710184586184194,0.399382540569462,0.934078014536856
COPB2,-0.19971085563342,5.7477059942117,0.710073738897744,0.39941933345675,0.934078014536856
SPG21,0.279765496593241,5.46695966908143,0.710050326931253,0.399427105081141,0.934078014536856
MED21,0.227474155477649,5.31501327189791,0.709888375070202,0.399480871154942,0.934078014536856
DAPP1,-0.353274292921745,4.63414084716167,0.709697207911447,0.399544349853514,0.934078014536856
CWC27,0.33847567356537,5.49667008275717,0.708900848607005,0.399808945164179,0.934078014536856
GTF3C1,0.261453771543028,5.14121451342932,0.708803188549126,0.399841410806024,0.934078014536856
ZFYVE19,0.362501697593367,4.20934262578396,0.7086171362618,0.399903271714606,0.934078014536856
RANBP3,0.302884892161861,4.96746387488132,0.708099402348772,0.400075487185401,0.934078014536856
DISC1,0.497617902767262,3.64527018295803,0.706915457825515,0.400469710851208,0.934078014536856
PCSK7,0.197444513097009,7.57265153106438,0.706897002343844,0.400475860521159,0.934078014536856
ITGAX,0.456145531415425,4.38911145846396,0.706441188978253,0.400627788526775,0.934078014536856
ODF2L,-0.187264376118136,7.22959124005508,0.705795238247895,0.400843234880934,0.934078014536856
PKM,0.134843573018616,7.44363500540642,0.705710749327999,0.400871427222231,0.934078014536856
ERGIC2,0.26658131239467,6.19167596328151,0.705391345915285,0.400978032066144,0.934078014536856
ACVR1,-0.482390858740105,4.08326335508793,0.705353097033708,0.400990800863612,0.934078014536856
PTOV1,-0.270736379257444,4.99655793985273,0.705098541327956,0.401075795390707,0.934078014536856
LAMTOR1,-0.145893860760297,7.07083712544964,0.705067337504772,0.401086215948248,0.934078014536856
BAZ1B,-0.135499207311621,6.96025049567702,0.704354771827516,0.401324285242609,0.934078014536856
ARID3A,0.349913516107395,4.35637807153472,0.703761357805156,0.401522702471983,0.934078014536856
TSPYL2,-0.32607741786503,6.40276429654269,0.703646099988902,0.401561257249734,0.934078014536856
NEDD8,0.082733045035415,8.25069837615278,0.70287014680936,0.401820960670402,0.934078014536856
CDKN2C,0.403178527930685,4.09570577809075,0.702752932185394,0.401860212403454,0.934078014536856
CUL9,0.52711442879739,4.03641143740368,0.70254763126303,0.401928975082038,0.934078014536856
ARHGAP18,-0.144261774755071,6.71225760515583,0.702442241390314,0.401964280593716,0.934078014536856
EXOC3,0.231592759496972,5.24641081601684,0.702362510217917,0.401990993460134,0.934078014536856
POLR2M,0.274317875169007,4.89398071329479,0.701721541680644,0.402205835245153,0.934078014536856
SYTL3,0.299488626232196,6.34924474312493,0.701562887584174,0.402259039189524,0.934078014536856
PARG,0.299699936832644,4.67067405495226,0.700824994990295,0.402506622767327,0.934078014536856
PRF1,0.235369278974335,7.73296358523804,0.700569309974664,0.40259246395467,0.934078014536856
PABPC1L,0.393929738968686,3.99036441074548,0.700263315968467,0.402695230413947,0.934078014536856
SPPL3,-0.26464263992746,5.50643257424732,0.700218587216316,0.40271025552549,0.934078014536856
CHCHD6,0.491511010003571,3.66890178999357,0.700186279075924,0.402721108860111,0.934078014536856
ZNF217,0.23543113647347,6.55903391479013,0.699785798593688,0.402855678379758,0.934078014536856
MIDN,0.196718148777542,6.63118357717938,0.699436739722007,0.402973022598221,0.934078014536856
ECE1,0.29997563795308,4.7113960425878,0.69932540052692,0.403010462313495,0.934078014536856
ALKBH2,0.48697897894857,3.68372154321187,0.699250243926674,0.403035737873612,0.934078014536856
ACTA2,0.403791627060482,4.69065438751762,0.698879732600947,0.403160376527733,0.934078014536856
ARPC5L,0.148555666667554,7.59757389334987,0.698615134897459,0.403249420586828,0.934078014536856
PCGF6,0.405753481623418,4.22610798926066,0.698181971949484,0.403395253110186,0.934078014536856
HSPD1,-0.139978864434246,7.23949219264373,0.698000083544068,0.403456512196389,0.934078014536856
MGAT1,-0.184935960807263,6.48651524285341,0.697929711761967,0.403480216689491,0.934078014536856
TP53RK,0.254730194912991,5.19583785775566,0.697626015435889,0.40358253903255,0.934078014536856
PTCH2,-0.477781163752664,3.68437144596583,0.696742428580485,0.403880455110954,0.934078014536856
CAMTA1,-0.156678285252098,6.32217702426857,0.696740713187655,0.403881033796034,0.934078014536856
FADS3,0.398246499921625,4.15380229446555,0.696737472009481,0.403882127205704,0.934078014536856
GEMIN6,0.390531799567077,4.7092688671335,0.696560195873705,0.403941937785757,0.934078014536856
PGM2,-0.415421828603562,4.69762257091356,0.696395510964393,0.403997511826116,0.934078014536856
FOSB,-0.302815374984078,8.74289500090312,0.695828807735715,0.404188834888033,0.934078014536856
MRPS14,0.242083978979787,5.33674586249003,0.695729703430164,0.404222306783391,0.934078014536856
ZNF487,-0.515187437766119,3.72418880462118,0.695612332010722,0.404261953518195,0.934078014536856
HADH,-0.361918938222111,4.73701632242579,0.695453032388411,0.404315772197895,0.934078014536856
JAKMIP2,0.345904065570176,4.91109428449901,0.69515510354525,0.404416454207401,0.934078014536856
FAM32A,-0.180597754424231,6.22201433006955,0.695154153129577,0.40441677544919,0.934078014536856
ASB2,0.37603713218802,4.43336041925342,0.69506963661609,0.404445343634147,0.934078014536856
CPNE7,0.186438013344353,6.01575709709302,0.694927273227293,0.404493471817332,0.934078014536856
SNU13,0.108774960318141,7.71658160180561,0.694449142987413,0.40465517244177,0.934078014536856
MLF2,0.157870429387259,6.38674004710634,0.694378881037817,0.40467894253788,0.934078014536856
IFT27,0.262519425286518,5.00636276462663,0.694177134108722,0.404747206225058,0.934078014536856
LNX2,-0.366006837055141,4.07482173648026,0.693895366358195,0.404842574125167,0.934078014536856
FAM78A,0.291381325026346,5.75822904994453,0.693405529296623,0.40500844384136,0.934078014536856
RNFT1,-0.355602912506872,4.8708515551831,0.693339013471586,0.405030975228911,0.934078014536856
ATG13,0.269161973120684,4.88039734639345,0.692889413050056,0.405183319645987,0.934078014536856
DNAJA2,-0.128661117956933,6.80949358099522,0.692604613806089,0.405279865464295,0.934078014536856
ANK3,0.478650778010901,4.2909497794507,0.692283292898971,0.405388832327032,0.934078014536856
BTD,-0.352869453779498,4.50303568060984,0.692209535996788,0.405413850925529,0.934078014536856
CYB5R4,-0.23894302835489,5.30661981681768,0.692185310462357,0.4054220688034,0.934078014536856
PPIL3,0.258986819715458,5.11460915653421,0.692172580179417,0.405426387315904,0.934078014536856
RPUSD3,-0.302251742881767,4.86138238818738,0.69212217780051,0.405443486048394,0.934078014536856
WBP11,0.296994373644286,6.425767534631,0.691978966585513,0.405492075422819,0.934078014536856
PKIA,0.576736387652391,4.07426484409551,0.691615775582303,0.405615338728265,0.934078014536856
SIGMAR1,0.279651776014955,4.93195969665554,0.691394384730067,0.405690503377027,0.934078014536856
DNAJC14,0.4224585935425,4.19521517004014,0.691201983681857,0.405755842198962,0.934078014536856
CHRM3-AS2,-0.30112359344846,6.4139753915379,0.691003802576564,0.405823159992365,0.934078014536856
HIVEP2,0.247526811353426,5.48128699906412,0.690856560954817,0.405873185326051,0.934078014536856
LRRC37B,0.490351296160084,4.48694132324235,0.690731881476808,0.405915552220888,0.934078014536856
C8orf82,0.296436817113891,5.15827418493293,0.690014125694233,0.406159576083101,0.934254971348361
NUP214,0.245973677972142,5.45850131867047,0.68974178217367,0.406252224049027,0.934254971348361
ZNF266,0.317644466477186,4.45106686166172,0.689032548068809,0.406493642012897,0.934254971348361
DIAPH1,0.16175078788828,7.74723957458351,0.688969321219062,0.406515174145828,0.934254971348361
ARID1B,0.178563737884733,7.63883747717524,0.688433614091597,0.406697678140974,0.934254971348361
TBL2,-0.46973114884666,3.9914945937781,0.687949213447197,0.406862806360135,0.934254971348361
TRAK1,0.341624865468817,4.32429956887672,0.687434871978688,0.407038248610497,0.934254971348361
COMMD3,0.214468075057963,6.00167628043165,0.687213234569999,0.407113883441162,0.934254971348361
GNPDA2,0.378509261338564,4.30256821573323,0.687124831516091,0.407144057149264,0.934254971348361
ZNRD2,0.312235388391389,4.9244170442429,0.686678495447211,0.407296450484511,0.934254971348361
FTX,0.170842669301723,6.8851487335292,0.686141967180475,0.40747974890588,0.934254971348361
COX19,0.203759952593673,6.1091624863044,0.685924061772742,0.407554228172554,0.934254971348361
INTS14,0.38532335515887,4.47865577803154,0.685454433068383,0.407714813370733,0.934254971348361
LTBP4,0.294571664297997,4.7395431669355,0.685226267773906,0.407792865856147,0.934254971348361
DHFR2,0.476441076122604,3.62724274978282,0.685104320506088,0.407834591467603,0.934254971348361
ZBTB38,0.206780063150671,6.73542660156594,0.685089200418986,0.407839765409301,0.934254971348361
BSG,0.117607188241838,7.18499984990854,0.685036698460445,0.407857731798412,0.934254971348361
PSMD14,-0.281185905080794,6.1647784525478,0.684840955490724,0.407924726085691,0.934254971348361
USP13,0.456668499738815,3.67753653244537,0.684125386110864,0.408169771634816,0.934562707261775
PLPP5,0.216447097439544,5.45271860986841,0.6836264081272,0.408340773579064,0.934562707261775
TNIP2,0.178807822863935,5.95838820181396,0.683331486913458,0.408441893784617,0.934562707261775
CDC42SE2,0.0917912320683258,8.1903149337311,0.682744835703428,0.408643149265414,0.934562707261775
ESS2,-0.339368281406787,4.30432186133923,0.68258538150188,0.408697876478927,0.934562707261775
SDR39U1,0.304319081971399,4.93837456583983,0.682569298635951,0.408703396970966,0.934562707261775
AP2S1,0.138587880433374,6.95693399062599,0.681712744119722,0.408997570090009,0.934836640000212
EPC1,-0.094296962394775,7.65291088019492,0.68144898158514,0.409088218685323,0.934836640000212
CAMKMT,0.448245532796606,3.72915393519745,0.680652759157997,0.409362039468466,0.934836640000212
DCTD,0.237847343948931,5.44255743367402,0.680549931537517,0.409397421498462,0.934836640000212
TAB2,0.162898763353811,6.34689607514284,0.680511944144051,0.409410493744361,0.934836640000212
XAF1,0.234087078125237,7.47762519787797,0.680345766676204,0.409467686048582,0.934836640000212
ZNF383,0.34965521133596,4.26861960149624,0.679863706673656,0.409633660181545,0.934879659190356
TRAC,0.165454255434008,9.89097871331379,0.679667131747706,0.409701369660119,0.934879659190356
SIRT6,0.355021570361224,4.23824205978816,0.679142923692886,0.409882011547935,0.934899180908263
USP39,0.260260449856403,5.07233101893427,0.678686380229131,0.410039431643198,0.934899180908263
RWDD4,0.289641049237766,5.22315931236193,0.678465348900399,0.4101156770738,0.934899180908263
BCAS3,-0.369089503814791,4.20050841860956,0.678239300731789,0.410193674642712,0.934899180908263
ANXA1,-0.200704094607248,9.79317969477482,0.677600177746829,0.410414321111238,0.934899180908263
TPT1-AS1,0.20991861077242,4.14346195147067,0.67742524623308,0.41047474370737,0.934899180908263
CFL2,0.403155801502233,4.09140781788803,0.677252003208473,0.410534595986167,0.934899180908263
PDCD6,0.157927671251809,7.056042638828,0.67689868208198,0.410656701742075,0.934899180908263
SAP25,0.29784974365577,4.96541563752317,0.676800129802803,0.410690770376941,0.934899180908263
CCDC12,-0.14024846866054,7.21861321548991,0.676391061639327,0.410832226028911,0.934899180908263
ZNF514,0.379587497709298,4.06033823531245,0.675780057556452,0.411043644657804,0.934899180908263
SMIM26,-0.128988646091708,7.01530140969329,0.675421305219984,0.4111678541959,0.934899180908263
PDCD11,0.230407595038238,5.10486376488112,0.675106071973456,0.41127704190148,0.934899180908263
GALK2,-0.267201127351228,5.04772075801485,0.674438504697225,0.411508408982134,0.934899180908263
OGFRL1,-0.310052187463062,4.75356051140014,0.674375192762881,0.411530361739436,0.934899180908263
CDIPT,0.229048861747382,5.47700971470579,0.674143390373978,0.411610751541801,0.934899180908263
MCTS1,-0.196746899156566,6.34625223245147,0.674112687429052,0.411621401155638,0.934899180908263
TYW5,0.274358908216914,4.7810880298399,0.674048886979858,0.411643532257895,0.934899180908263
NTMT1,-0.278456832421728,5.57442108300595,0.673375247402369,0.411877311422621,0.935186079131507
RSPRY1,-0.234241633998202,5.08214623738656,0.672120918076374,0.412313134369585,0.935668051045319
VAMP5,0.217676728110975,6.50886290241651,0.671747398848972,0.412443046895462,0.935668051045319
TOX,0.249217470973765,6.10018252543072,0.67154874711273,0.412512163917897,0.935668051045319
IRF2BPL,-0.300039671347669,4.77129078265545,0.671527300769714,0.412519626779374,0.935668051045319
RPS26,0.439182384391541,10.7930282100331,0.671027160722879,0.412693721159276,0.935676051688563
ERI1,-0.34761594163572,4.75925258045528,0.670759543259791,0.412786920992274,0.935676051688563
FAM120A,-0.159591540280598,6.61150266757424,0.67033626970564,0.412934392688672,0.935676051688563
CCL4L2,0.740104577023335,7.96380265229435,0.670282300042842,0.412953201716163,0.935676051688563
SRM,-0.185702543083332,6.37609334498769,0.66993934241313,0.413072755825654,0.9357033300236
ZNF226,-0.325975774635091,5.02114834276196,0.668441424784824,0.413595525534359,0.936289554137713
HSPA14,0.272419079826069,5.1404826359398,0.668361392641561,0.413623484063083,0.936289554137713
C2orf69,-0.340450215331322,4.68104749276692,0.668273202587486,0.413654295720959,0.936289554137713
KLHL15,0.464796647197068,3.89587058615809,0.667465917189798,0.413936501132387,0.93668470342048
ANKRD39,0.23194654362885,5.29292065439576,0.666951058240088,0.414116630731158,0.936772708726515
EXOSC7,0.240064504669395,5.29397871885811,0.666739535921455,0.414190667951239,0.936772708726515
ACBD6,-0.355339047136788,5.38393299401728,0.666173542985369,0.414388873576845,0.93697672664792
ERLIN2,0.371280878631098,4.22592187127425,0.665867240569003,0.414496196437377,0.93697672664792
ARPP19,-0.130310929701995,6.90625158423364,0.665388121358909,0.414664153689026,0.937112991315397
FKBP5,-0.240231809130457,5.54892240362476,0.664894923406623,0.414837151523167,0.93716612945408
ANXA2R,0.208238119674873,6.77488842663389,0.664707182345932,0.414903033067514,0.93716612945408
ANTKMT,0.293347700422532,6.06205418571158,0.664128564767097,0.415106177322294,0.937381697258932
ASMTL,0.319274094170651,4.76382069249098,0.663165842450784,0.415444501750628,0.937743267699387
IER5,0.174432599822854,6.92210156332765,0.662249310499927,0.415766973465184,0.937743267699387
FBXO4,0.321514183969827,4.44822126545039,0.662248476883136,0.415767266932932,0.937743267699387
SLC25A28,0.251951089703846,5.23337604231342,0.661853845225693,0.415906228158667,0.937743267699387
RPS4X,0.0802255683282951,11.541728708855,0.661817560334075,0.415919008575057,0.937743267699387
BRD3OS,0.46873122446576,3.79972471028382,0.66166602767127,0.415972388337271,0.937743267699387
ZNF549,0.421465095194124,3.84469857001269,0.661420318980671,0.416058964675925,0.937743267699387
CALCOCO2,-0.128521078182258,6.90956887097439,0.660669212539796,0.416323785478458,0.937743267699387
LGALS3,-0.305303642784034,7.77703528707467,0.660325315707869,0.416445118098715,0.937743267699387
ESYT1,0.165696758067716,6.2179041083539,0.660298746418308,0.416454494376532,0.937743267699387
ZWILCH,-0.43461217862398,3.79021227327995,0.660102649194124,0.416523706594105,0.937743267699387
BCAP31,0.125170610100075,7.10419310513878,0.659607758016364,0.416698453594632,0.937743267699387
LSM12,0.175282219425652,6.18849081697675,0.659596746676122,0.416702342956695,0.937743267699387
UBA6,-0.211309585901772,6.00213506012049,0.659174937499087,0.416851372535305,0.937743267699387
SLBP,0.182907878152985,6.25822423778093,0.659086764218845,0.416882535071691,0.937743267699387
LIN52,0.433727489566878,3.74076839486793,0.65850553628788,0.417088041431263,0.937963107125654
CTR9,0.224271876884975,5.97793929095249,0.657682959744797,0.417379139297816,0.93808685411414
MIA3,0.185306464446262,6.18629187877464,0.657654146762315,0.417389341262859,0.93808685411414
HELQ,-0.310075164884953,4.71557386590794,0.657396309321424,0.417480651622168,0.93808685411414
NONO,0.153173658568972,7.13607232817373,0.657132170981825,0.417574224156978,0.93808685411414
ATP5F1B,-0.10445509513794,7.58307432978856,0.656467864507032,0.417809696379827,0.938192945468679
CD96,0.167441864697783,8.13252053350556,0.656390728054028,0.417837051204941,0.938192945468679
FTO,-0.282927842017286,4.53056720617676,0.655035737155858,0.418318004873827,0.939030589738693
ILF3-DT,-0.184631071388059,6.3227645228108,0.654680635713174,0.418444184207582,0.939071618143007
NVL,0.261462950323901,4.86499044088616,0.654135792172484,0.418637895339203,0.939264141051066
IRF9,0.188807259749217,6.560563325935,0.653483967341902,0.418869817493557,0.939445805776211
UBE2F,-0.252359857806655,5.5343104622561,0.653301554791959,0.418934754937088,0.939445805776211
ZNF431,0.287178938243022,5.57998377057347,0.650573514193063,0.419907707888681,0.94012911600483
CASK,0.201831887651163,5.93948382979231,0.650458438026867,0.419948823686178,0.94012911600483
TRIM8,-0.205953046963502,6.09953777927376,0.650214710569829,0.42003592538866,0.94012911600483
PIN4,0.147756048589996,6.32068892481274,0.650212199516558,0.420036822912427,0.94012911600483
NSMCE3,0.171920785723547,6.5455829257593,0.6501472502956,0.420060038654371,0.94012911600483
TSNAX,0.20488383502918,6.12118115003593,0.650085217775249,0.420082213624359,0.94012911600483
PTPRN2,0.436757368962887,4.30278409027639,0.650052970304049,0.420093741924097,0.94012911600483
METTL26,-0.183109807020707,7.04704704433304,0.64996096569039,0.420126635678571,0.94012911600483
ARHGAP9,-0.204337193216013,7.03181930205859,0.649280555648829,0.420370017142988,0.94012911600483
AP2M1,-0.157879521454823,7.28598228428584,0.649171514120063,0.4204090406586,0.94012911600483
ADAR,0.157308789812478,7.57180186140108,0.64911930146107,0.420427728311019,0.94012911600483
MVB12A,0.258468389369917,5.07165486947839,0.648477891079445,0.420657399382102,0.940268994366889
RBBP8,0.36803357893627,4.26055230479035,0.648006196587922,0.420826419465943,0.940268994366889
IDI1,-0.143911799761407,7.29763586397042,0.647801194968825,0.420899908346263,0.940268994366889
RPL19,0.0774538068350259,11.7199516298796,0.647738350121877,0.420922440773687,0.940268994366889
RPS6KA1,0.236840481553314,5.99749241134674,0.646988106753909,0.421191572630091,0.940628754580364
PRR14,-0.252771536853892,5.19130022630554,0.64652012877008,0.421359578720447,0.9407420732534
EPHB6,-0.399269183694954,4.46514605116807,0.646244709881973,0.421458502081467,0.9407420732534
FLII,-0.178200234181677,5.91828050824436,0.645769884904365,0.421629128478226,0.940881616704102
CAMK2N1,0.384088200407217,4.15425242742619,0.643078612163755,0.422598180886191,0.941379973399545
MCM5,0.267405688739939,4.95170959600351,0.642701444046017,0.422734254809616,0.941379973399545
PKD1,0.271991915960799,4.80476273585579,0.642599122727553,0.422771181391278,0.941379973399545
RALY,-0.123788641565827,6.92638853105642,0.642598761378887,0.422771311806394,0.941379973399545
FAM43A,-0.450496195184134,4.08616853177824,0.642499856587033,0.422807010009782,0.941379973399545
TEPSIN,0.378240298589472,4.49562905842638,0.642371689186582,0.422853276827472,0.941379973399545
PCMTD1,0.183297800062145,6.58760602608414,0.642179233609987,0.422922765106864,0.941379973399545
ZSWIM7,-0.234444831249437,5.7346415766734,0.641982287242151,0.422993892542226,0.941379973399545
USP1,0.212343135818811,6.48909387597975,0.641898613708474,0.423024116769586,0.941379973399545
ITPRIPL2,0.532188040637897,4.36569367778241,0.641883127871648,0.423029710857839,0.941379973399545
SNX12,0.510894134132601,3.88310975295794,0.641848298477001,0.423042292998463,0.941379973399545
HIP1R,0.38526228874028,4.12808854032971,0.640109976919487,0.423670975741621,0.941609507861956
SCAMP2,0.175153763507048,6.34304557554047,0.63944988961077,0.423910070313614,0.941609507861956
DCAF8,0.245821838980575,5.36557937830059,0.639337103041164,0.423950943718134,0.941609507861956
PDE4D,-0.200020144270707,6.55958059445733,0.639282862668328,0.423970602318322,0.941609507861956
ZNF580,0.3055868669175,4.91257732020419,0.6390947103902,0.424038805854703,0.941609507861956
CTU1,0.303696477835304,4.88345201972,0.639025681882032,0.424063832204536,0.941609507861956
DENND6A,-0.224910056239998,5.09331001829715,0.639023335897145,0.424064682782465,0.941609507861956
ARID4A,0.185310652962012,6.64958353613241,0.638932842467355,0.424097494714456,0.941609507861956
POLR1B,-0.420252572806681,3.9226800521769,0.638813649550851,0.424140718579605,0.941609507861956
ZNF609,0.256916516120968,5.55423213312483,0.638574731810085,0.424227379102233,0.941609507861956
COMMD5,-0.231057249847609,5.4010054569702,0.637754519964531,0.4245250895573,0.942030049570929
MBOAT7,0.35071922761063,4.81960375342141,0.63706459588958,0.424775752640933,0.942346004393076
LAS1L,0.315218581251804,4.95286155865339,0.636626014605962,0.424935213461066,0.942459521598282
MAPK11,0.454679757719951,3.74870644992255,0.635994845989259,0.425164853656471,0.94264783645132
CNEP1R1,0.315230510734768,4.8657622321533,0.635646986246577,0.425291496333019,0.94264783645132
SZRD1,0.181321348972757,6.23658732890044,0.635200908954834,0.425453979301721,0.94264783645132
GPAA1,-0.237770012238324,5.28845552577114,0.635194406938391,0.425456348341027,0.94264783645132
LINC01934,-0.201071318195214,6.3137278102076,0.63463397614707,0.42566061838787,0.94264783645132
DNASE2,0.256013741966322,5.40126434573757,0.634595463822258,0.425674661064509,0.94264783645132
PPARA,0.306748568512773,4.66482962499368,0.634145870379118,0.42583864702147,0.94264783645132
CARD11,0.249921689205757,5.43377748299821,0.633755470487625,0.425981119634769,0.94264783645132
HNRNPUL2,0.213726302758128,6.13047678334132,0.63366072159911,0.426015708124379,0.94264783645132
TBC1D13,0.376071583592899,4.14771247908189,0.63310075331874,0.426220213253069,0.94264783645132
NIT2,0.285592439975624,5.23981090190291,0.632857363315075,0.426309147386796,0.94264783645132
LPIN1,0.145050895518707,6.50446302221454,0.632828005923354,0.426319876395771,0.94264783645132
UCHL5,0.211184523458308,5.41417274502087,0.632518754783417,0.426432920604969,0.942658295154951
ELK4,0.145764491272303,6.36049906356972,0.631055569840715,0.426968388164101,0.943602306295626
SELENOW,-0.135080501084128,7.65260449480819,0.630460414678133,0.427186481075948,0.943844616604209
EFR3A,0.199214721308606,5.85587710058145,0.630142387209556,0.427303090152782,0.943862637969457
GIGYF2,0.177771513308441,5.93137440605063,0.629308083258636,0.427609227106947,0.944082660913543
MEF2A,-0.19970805526626,5.61986194421062,0.629279682907146,0.427619654064252,0.944082660913543
MMGT1,-0.229859402386933,5.12262317290259,0.628560754676094,0.427883730447029,0.944125751732211
SKIL,0.139275866840781,6.75397680511728,0.628359738366548,0.427957611665475,0.944125751732211
FEM1A,-0.359910572358595,4.39564240260605,0.62807658421438,0.428061714347974,0.944125751732211
GPKOW,0.355139227941029,4.4169960354067,0.62773612453184,0.428186936219515,0.944125751732211
DNAAF2,0.290375170534474,4.93442577436463,0.627631038574766,0.428225598245465,0.944125751732211
PCBP1-AS1,0.29007008899289,4.44622381890234,0.627162325344976,0.42839810603977,0.944125751732211
CD69,-0.249005352064557,9.37938880366571,0.627161115409226,0.428398551486901,0.944125751732211
EDRF1,-0.316363112087036,4.98967674431993,0.626776193716474,0.428540298864475,0.944199043295576
PSMA4,-0.141997370268305,7.43837532350154,0.625758819230317,0.428915288066923,0.944695281046309
VAV1,0.20989196034732,5.43211823739887,0.625097695043653,0.429159234439752,0.944695281046309
R3HDM2,0.20484209270223,6.72416739324253,0.624805045648053,0.429267285273858,0.944695281046309
TOP3A,0.400979272072159,4.6582626110629,0.624731644601226,0.42929439256304,0.944695281046309
CHD8,0.192239952899154,6.2374309776543,0.624603498578832,0.429341723584474,0.944695281046309
ZNF808,0.339200480464767,4.39871953048014,0.623796739783668,0.429639883016386,0.944695281046309
RIOK3,0.153112846621852,6.42454718964155,0.623632099263869,0.429700768819398,0.944695281046309
KIAA1586,0.353389814380264,4.42660104751144,0.623375448475002,0.429795707022031,0.944695281046309
NUSAP1,-0.523061637292824,4.6250035445445,0.623171853841935,0.429871041686102,0.944695281046309
CHST12,0.247598052590645,7.0996134547988,0.622383256936942,0.430163029188747,0.944695281046309
EIF4EBP2,0.184155942972273,6.32378071480667,0.622049912169043,0.430286544361136,0.944695281046309
DDX59,0.24118937999627,5.43148833660616,0.622046342707741,0.430287867254128,0.944695281046309
EFHD2,-0.145291842802568,7.33376150246831,0.621633961549279,0.430440743016397,0.944695281046309
GOLGA3,-0.165228200431383,5.89501902460553,0.62161764797608,0.430446792388735,0.944695281046309
GFI1,0.277396997028781,5.16512535949957,0.621157121810381,0.430617617068628,0.944695281046309
TYSND1,-0.303231146330473,4.61996134694277,0.621092140834548,0.430641728967808,0.944695281046309
TXNL1,-0.156857385406667,6.58617954206488,0.619783596619152,0.431127714164636,0.944695281046309
CKMT2-AS1,0.437482294724427,3.68688681653138,0.619293860131378,0.431309813007308,0.944695281046309
KLRK1,0.201497629726803,8.58757834692356,0.619180933881047,0.431351818945971,0.944695281046309
PXN,0.260241906526366,4.81503574367897,0.618372687400189,0.431652649007001,0.944695281046309
TLN1,-0.114073412002824,8.26316763569418,0.618370877769603,0.431653322910072,0.944695281046309
ZCCHC4,-0.425737965964854,3.82472743137243,0.618001286410266,0.431790991501511,0.944695281046309
UBAP2L,-0.203640201935087,5.43900636549377,0.617602651259421,0.431939553259111,0.944695281046309
PEX14,-0.455178372262856,4.14200395235633,0.617555504135019,0.43195712899004,0.944695281046309
ATXN1L,0.288404950830759,4.53634036473167,0.617474219195838,0.431987433327656,0.944695281046309
DNAJC19,0.151866679394565,6.55780291669401,0.616830875465947,0.432227396130106,0.944695281046309
PPP2R1A,-0.170589159192991,6.0851639814166,0.616323595047383,0.432416750961216,0.944695281046309
EXO5,0.461816056920976,3.63937505862561,0.616073912598637,0.432509997306101,0.944695281046309
NECAP2,0.239231055067587,6.34842007046906,0.61603138634359,0.432525882194115,0.944695281046309
C10orf143,0.384353610323431,3.91871180008149,0.615915080310291,0.43256933066556,0.944695281046309
DOCK11,0.160341588556497,6.32417191299239,0.615783544663938,0.432618476455548,0.944695281046309
RNF187,-0.204461996951727,6.29160947294859,0.614951548767341,0.432929532488564,0.944695281046309
COX4I1,-0.0457266867025774,9.53858113883397,0.614843204496305,0.43297006387218,0.944695281046309
WDR5,0.407863358323031,4.36491361907116,0.614770135957159,0.43299740192846,0.944695281046309
RHOT2,-0.183779264325212,5.68239820864203,0.614743554117279,0.433007347979056,0.944695281046309
DNAJC2,-0.171419423022066,6.05068807181265,0.614670836068548,0.43303455845657,0.944695281046309
SNAP47,0.216885226584014,5.39340157749999,0.614668005706072,0.433035617606766,0.944695281046309
PRDX3,0.17885068075341,5.83182583479734,0.614259562360708,0.433188502522698,0.944695281046309
PLAAT4,0.315797211047156,8.11900340641962,0.613824284365069,0.433351522289741,0.944695281046309
ARHGEF6,0.154842833108446,6.15709524901068,0.61371848510727,0.433391160186876,0.944695281046309
MCRIP1,-0.141870635658632,6.69407823810615,0.613678875529576,0.433406001410471,0.944695281046309
AP4M1,0.41924699540735,4.17465031315906,0.613414835955926,0.43350495355667,0.944695281046309
C7orf50,0.255443203001881,5.91913708459762,0.613292176085214,0.433550933573048,0.944695281046309
PBXIP1,0.262335976022388,7.10426501455016,0.613046257001038,0.433643140622806,0.944695281046309
AKAP5,0.295369100602414,5.21577172713406,0.612845909573426,0.433718282692104,0.944695281046309
PSMC1,0.170699196413047,6.22597273384416,0.612738053374347,0.433758743313921,0.944695281046309
TIGD5,0.448116013772365,4.36602524442519,0.611503313104116,0.434222347040635,0.945223665178098
CENPH,-0.367033143176035,4.16369057183323,0.611314140706991,0.434293441589075,0.945223665178098
GLT8D1,0.272134585130198,5.27498418059668,0.610707349501993,0.434521604811734,0.945223665178098
SLC7A1,-0.270088482500112,5.05890782163784,0.610463277398665,0.434613431330432,0.945223665178098
CHAC2,0.450051455636339,3.73436404827872,0.609777250409746,0.434871691621997,0.945223665178098
SLAMF6,0.262829942690407,5.73389161517031,0.609723851597174,0.434891803837562,0.945223665178098
VHL,0.224920853260438,5.41378131895213,0.609231347077049,0.435077368402132,0.945223665178098
TRMT112,-0.104483206475431,8.2117742962703,0.609165075627232,0.435102347199056,0.945223665178098
ZNF260,0.363117395900132,4.11440719251195,0.608865174664604,0.435215412133997,0.945223665178098
CD83,0.354014164379672,4.10727310186944,0.608761970033068,0.435254331423538,0.945223665178098
POC1B-AS1,-0.427570119848307,4.32053355706016,0.608620472167452,0.435307700024432,0.945223665178098
YWHAB,0.0745505782186122,9.03931239840732,0.607845935641418,0.435600008076089,0.945223665178098
RNF126,-0.184093856704696,5.86689986526214,0.607457489040112,0.435746719571706,0.945223665178098
LRRC40,-0.277393754171477,4.85679074259479,0.607274455374782,0.435815875269996,0.945223665178098
FBXO11,-0.187704239133921,5.94278536643167,0.607258571000957,0.435821877660559,0.945223665178098
SLC25A46,-0.29846021137508,5.16974640872299,0.607054897395155,0.435898853069085,0.945223665178098
SESN3,-0.334195713630078,4.41992060237549,0.606556694354143,0.43608722899041,0.945223665178098
CLN6,0.362948351018304,4.08125348108502,0.606361850002568,0.436160935544972,0.945223665178098
UGP2,-0.118289785979438,7.12577633308841,0.605615250851992,0.436443538460255,0.945223665178098
ARMC1,-0.23053006267236,5.36492474669825,0.605609152106055,0.436445848110829,0.945223665178098
MZF1-AS1,0.330324633232376,4.5153511134911,0.605352613345129,0.436543018589359,0.945223665178098
MRPS18B,0.17370218215632,5.88907413090295,0.605304082833275,0.436561404453674,0.945223665178098
KDM2B,0.238995993711484,5.07623825147307,0.604980908703556,0.436683869685884,0.945223665178098
PHF20,0.12819300823631,6.7751003321795,0.604905433772913,0.436712478098363,0.945223665178098
PRKRA,0.248960693358884,5.48570312421122,0.604894624260645,0.436716575626925,0.945223665178098
NDUFC2,0.114503033115554,7.79630827705391,0.603161199942221,0.437374420694494,0.945710496793398
TRMT6,0.218932675387091,5.22510564366038,0.602431210896347,0.437651909617654,0.945710496793398
SEPTIN1,0.290385139749847,7.00583997672555,0.602305724110202,0.437699637734349,0.945710496793398
ZEB1,0.172594918436851,5.84769381349774,0.601793823432153,0.437894418531781,0.945710496793398
CHCHD7,-0.172166491021321,6.45776255564289,0.601760593885484,0.437907067128737,0.945710496793398
GPR137,-0.415037075944802,4.25099964462462,0.601416085670735,0.438038234767769,0.945710496793398
FIP1L1,-0.221057943355712,6.23148516791342,0.601111656006005,0.438154193029285,0.945710496793398
WASL,0.325517776049011,4.59486401729593,0.601085947878136,0.438163987492504,0.945710496793398
HDAC10,0.238994092546525,5.17531272429455,0.600531465424961,0.438375319767799,0.945710496793398
HMGA1,0.14103414426138,6.56084806182888,0.600504533934551,0.438385588258466,0.945710496793398
EHMT2,0.244037700393747,5.05808914970997,0.600420299081371,0.438417707865078,0.945710496793398
PTER,-0.315746758521791,4.50303189050574,0.600365291966849,0.438438684583803,0.945710496793398
PAN3,-0.153703109184978,5.92802508540365,0.599883467307045,0.438622492035598,0.945710496793398
ABI1,-0.169532727872434,6.39583839779585,0.599280876629363,0.438852535831646,0.945710496793398
MYC,0.338870091841046,5.20797533087312,0.599112977724289,0.438916665527929,0.945710496793398
FNDC3A,-0.201406685272996,5.54534210959458,0.597790009209168,0.439422482161687,0.945710496793398
SRGAP3,-0.425052750087613,5.91032376052513,0.597746048759866,0.439439305112242,0.945710496793398
AFF1,0.272983568014722,5.62114376013298,0.597200514251629,0.439648154588946,0.945710496793398
ZNF317,0.31542304283216,4.48069184383404,0.596399880561449,0.43995494089382,0.945710496793398
NUCB2,0.144994734911171,6.78129423530963,0.59610834829984,0.440066731693335,0.945710496793398
PSMB2,0.21746021135678,6.83463440773213,0.595974776028989,0.440117965818324,0.945710496793398
SKAP2,0.35424656621242,5.33593299345864,0.595789305182059,0.440189121803131,0.945710496793398
EHD1,0.232983696386837,6.03378121851484,0.595705230326018,0.440221382986486,0.945710496793398
PCCA,0.3605496000287,3.92808151877468,0.595638718155451,0.44024690759428,0.945710496793398
UTP15,0.393030334076235,3.82337054174817,0.595234670433007,0.440402013204106,0.945710496793398
SOX4,-0.664178344800575,4.19816942773721,0.595054750372633,0.440471107840391,0.945710496793398
RMDN1,0.241495937674616,5.16988839835206,0.594748517749395,0.440588748566517,0.945710496793398
TCF7,-0.277978134785454,6.17545178714039,0.594697347509989,0.440608410568169,0.945710496793398
FAM120B,-0.313130179854889,4.58325543260826,0.594592428585798,0.44064872954974,0.945710496793398
PDHA1,-0.236685582612893,5.57405611123253,0.593616513591329,0.441024032998184,0.945710496793398
RINL,0.192119145946598,5.67623095882299,0.593319272223123,0.441138439522797,0.945710496793398
MX1,-0.299797696805519,6.85246841200102,0.593167563520911,0.441196848946971,0.945710496793398
MRPS7,0.17868293089317,5.8720220302327,0.593071456145548,0.441233857441046,0.945710496793398
YY1,0.12451802657801,7.57747796810331,0.592988328490701,0.441265871629521,0.945710496793398
DLGAP4,0.405280570725345,4.98378379868422,0.592953248366193,0.441279382787491,0.945710496793398
SSBP3,0.240416142557875,5.08008590474972,0.591893492927429,0.44168784942829,0.945710496793398
C1QBP,0.151829157070818,6.74588996442023,0.591683994083784,0.441768666489813,0.945710496793398
PNO1,0.233398657333459,4.92504351240374,0.591518387540088,0.441832567610475,0.945710496793398
PTEN,0.137807231632077,6.50151302352971,0.590676481168597,0.442157646815854,0.945710496793398
KAT7,-0.199932871156076,5.72852317482112,0.590557143123046,0.442203755770237,0.945710496793398
AKAP10,0.241624449071716,5.26413304380579,0.590406797953133,0.442261855578054,0.945710496793398
PARP9,0.172341406369936,6.05994525819642,0.590353627075427,0.442282405896905,0.945710496793398
RECQL,-0.174740109872206,6.57835345518075,0.590230634104991,0.442329947798944,0.945710496793398
RSF1,0.109549691258474,7.45449989080887,0.589683735016505,0.442541442485464,0.945710496793398
AK1,0.395887347557305,3.98881338967838,0.589668372860615,0.442547385529655,0.945710496793398
BISPR,-0.291915839288557,4.9749456362664,0.589372449173826,0.442661891372054,0.945710496793398
FAM53C,-0.290619958749914,4.78643019665713,0.588788826046585,0.442887854703998,0.945710496793398
KNOP1,0.215122470394668,5.52330569733088,0.588374240783205,0.443048479195092,0.945710496793398
ZFYVE21,0.270345052293129,4.82307379495526,0.588362009926982,0.443053219211481,0.945710496793398
NPM3,0.314727422864444,4.54014549852151,0.587919136481169,0.44322490567135,0.945710496793398
SLFN12L,0.18933681499322,6.73110046536908,0.587876173966432,0.443241566190965,0.945710496793398
STAT5A,0.264854739060616,5.39897798614333,0.587851467925432,0.443251147433864,0.945710496793398
ZNF526,0.43011717776832,3.8855957955987,0.587756557163431,0.44328795772343,0.945710496793398
MAPKAPK5,0.2245604818594,5.32769706786675,0.587670541175783,0.443321322330868,0.945710496793398
ATP5F1A,0.138416463605595,7.29629330826778,0.587236310714225,0.443489814511955,0.945710496793398
GNPTG,-0.245033121454745,5.28644418631687,0.586698570267476,0.443698608226538,0.945710496793398
LDLR,-0.241886086756476,6.07256054804639,0.586660400604128,0.443713434503636,0.945710496793398
USP16,0.119922685771301,7.27875407614874,0.585623930043045,0.444116324482108,0.945710496793398
ITPRID2,-0.88447492124981,4.18359682814485,0.585011040881835,0.444354828776475,0.945710496793398
GATD1,0.265136585057563,4.69023913859552,0.583229603291333,0.445049196609107,0.945710496793398
HPGD,-0.298139781449988,5.1097868163033,0.583114311394574,0.445094192862435,0.945710496793398
PARP14,-0.150604784351305,7.14121388110934,0.582699698914581,0.445256066513125,0.945710496793398
TCOF1,-0.22342304036801,5.63925356414234,0.582419087180551,0.445365675112601,0.945710496793398
CERT1,-0.544989594868402,5.70863137046385,0.582416918985217,0.445366522185161,0.945710496793398
GGCT,0.220649739186218,5.47296516701448,0.582352058289882,0.445391863175405,0.945710496793398
STK17A,0.0750502658269005,8.82260776580674,0.58211846501526,0.445483146273501,0.945710496793398
BMT2,0.350568346913248,4.06843010865623,0.582081959325649,0.445497414509662,0.945710496793398
DCAF10,0.212868915442959,5.22919632740218,0.581999773268837,0.445529539492387,0.945710496793398
ZFHX2-AS1,-0.204435444474792,3.5323382226959,0.581691870146443,0.445649924939406,0.945710496793398
TBC1D10C,0.1043950728188,7.89058807592575,0.581570840533612,0.445697259479425,0.945710496793398
FBXL16,0.397902501081393,3.84884968202847,0.581152527015991,0.445860921416487,0.945710496793398
ZBTB20-AS2,0.413360130762412,3.88189867442848,0.581026210336511,0.445910360151441,0.945710496793398
ABT1,0.212818390559085,5.72704796900641,0.5809285069315,0.445948605844158,0.945710496793398
UBE2E1,0.314832911411429,4.94735984691764,0.580489979451446,0.446120328703565,0.945710496793398
MAP3K1,-0.215229511127656,5.864592978956,0.580414135206571,0.446150038929724,0.945710496793398
ARID5A,0.168429422107843,6.22443139853391,0.5801802051385,0.44624169494248,0.945710496793398
TEX261,-0.322875118915474,4.82698959134965,0.580137178856141,0.44625855622588,0.945710496793398
GPATCH8,-0.126590244175175,6.70354415992814,0.5799313251634,0.446339240532826,0.945710496793398
ARHGAP4,0.208768332867437,6.26582688374983,0.579372550871444,0.446558366091552,0.945710496793398
LRIG1,0.396641255543421,3.74953666596976,0.579284613347939,0.446592866339486,0.945710496793398
AKAP8L,-0.291313178829927,5.92621927821085,0.57888364638265,0.446750228864865,0.945710496793398
USP25,0.222495289893217,5.82636199128816,0.578864024123007,0.446757931977844,0.945710496793398
SMARCA4,-0.271519123104597,5.87478737191676,0.578694260151636,0.446824584849347,0.945710496793398
MBNL1,0.0815491307503045,9.103405148884,0.578395304840029,0.446941998462118,0.945710496793398
DUSP12,0.225344894760733,5.1708254277303,0.578363373425212,0.44695454224027,0.945710496793398
CNST,-0.291896437769242,5.04592839708812,0.577954919106929,0.447115045628278,0.945710496793398
AZIN2,-0.415209424914305,4.00280668503172,0.577062423152654,0.447466066306623,0.945710496793398
BAG4,-0.347408226592704,4.66631446040329,0.575842538582467,0.447946542719763,0.945710496793398
GGNBP2,0.123561473752139,7.11114116602288,0.575781697779231,0.44797052710505,0.945710496793398
PARN,-0.252005624233224,4.99404627448069,0.575775523338805,0.447972961276532,0.945710496793398
SRSF5,-0.141769449365158,9.06466512673829,0.575484888914389,0.448087562386911,0.945710496793398
RIOK2,0.314837355446639,4.46227732931577,0.575300782510588,0.44816018163887,0.945710496793398
AIDA,-0.202584761058022,5.84942440730843,0.574660197076589,0.44841299799586,0.945710496793398
MYDGF,0.164765429783089,6.85534944331475,0.57461923246607,0.448429172823014,0.945710496793398
IKBKG,-0.282108356932512,4.86906855803693,0.573225701203548,0.448979948316362,0.945710496793398
ORC3,0.260672750122651,4.85224472729257,0.57315669279356,0.449007250378087,0.945710496793398
ITK,0.120128072313231,6.90072917100172,0.572969647144181,0.449081264969144,0.945710496793398
COG8,0.337565725117022,4.35186916300948,0.57282614683146,0.449138061407562,0.945710496793398
C5orf22,-0.370120416003152,3.98597712454679,0.571801108406074,0.449544090271448,0.945710496793398
TTC1,-0.153827196601709,6.54681113026037,0.571725317834837,0.44957413445022,0.945710496793398
ATXN7L1,-0.310655505924781,4.55834528755365,0.571428726254627,0.449691736565981,0.945710496793398
ATRAID,0.139770359754667,6.94579367304477,0.5713339974292,0.449729307785984,0.945710496793398
ZNF664,0.291932565353472,4.48462289098872,0.571247489638729,0.449763622665908,0.945710496793398
FAM98B,-0.22933534881971,4.93270494432201,0.571153308071375,0.449800986130346,0.945710496793398
APBB1IP,-0.10691108005205,8.0845960892571,0.57109238912247,0.449825156313931,0.945710496793398
ARFGEF2,0.357875293589665,4.77442645869547,0.570808969271742,0.449937632523974,0.945710496793398
VIM-AS1,0.25424533986922,4.90630216886934,0.570225915848688,0.450169157412828,0.945710496793398
DHX29,-0.208546611166127,5.92589201528686,0.56976875868876,0.450350820145269,0.945710496793398
ZNF227,0.374596899729136,3.99168102392946,0.569661279604365,0.450393546234751,0.945710496793398
MTMR9,0.226923628114432,5.46927641211412,0.569654362186316,0.450396296328078,0.945710496793398
TOMM20,-0.121745461346434,8.06770889976014,0.568622876827597,0.450806667921834,0.945710496793398
MECR,-0.410162464649183,3.79590899059845,0.568563283702037,0.450830394604754,0.945710496793398
HDHD2,0.345473400625622,4.14270126184647,0.568108480705778,0.451011536242085,0.945710496793398
RNF38,-0.200523204148886,5.61156189111648,0.56802647720248,0.451044209182692,0.945710496793398
RCC1L,0.297977681812198,4.67653009859848,0.567856361689202,0.451112000692131,0.945710496793398
POLR3H,0.358585991606777,4.13388682359814,0.567494437189815,0.451256281602035,0.945710496793398
ZNF518B,-0.297696505063441,4.66832119211064,0.567300007953072,0.451333820441271,0.945710496793398
ARID5B,0.146377924234699,6.87907613942639,0.567211743072619,0.451369027557492,0.945710496793398
CDK5,0.32917018932713,4.01728206709438,0.566811264671584,0.45152882442272,0.945710496793398
PGS1,0.268074617001006,4.94359628347132,0.566675504797612,0.451583014715948,0.945710496793398
DPF3,0.336834974740528,4.73070523641099,0.566484805048305,0.451659152142472,0.945710496793398
NIPBL-DT,-0.876810428993798,3.56682705002395,0.566401907197946,0.451692255609381,0.945710496793398
AGFG1,0.190106625195648,5.8965643442901,0.566295167638749,0.451734885336979,0.945710496793398
TAF5,0.41790786389059,3.81819621507835,0.565707946269079,0.451969522851612,0.945710496793398
CRYZ,0.36351399766347,4.56710496864498,0.565676545465585,0.451982075119626,0.945710496793398
NOP58,-0.135142142095828,6.69837581492421,0.565634355120043,0.45199894129609,0.945710496793398
KMT5A,-0.216083098029594,5.56328772916061,0.565413086650601,0.452087412568195,0.945710496793398
VDAC1,-0.154461927966221,7.37712310509358,0.565064003092459,0.452227044128856,0.945710496793398
CORO1A,-0.0916543781051925,9.47917833107637,0.564870282734685,0.452304560365307,0.945710496793398
ALG11,0.384697527968091,3.95077983100004,0.564859978963277,0.452308683950705,0.945710496793398
RPF1,0.279521965741304,5.79236342782057,0.564193061163874,0.45257571075096,0.945710496793398
DDX21,-0.0909965245871212,7.76748364148044,0.564035067738306,0.452639005809567,0.945710496793398
ITM2B,-0.0775325937607654,9.59821220258307,0.563643857320216,0.452795791552905,0.945710496793398
FMNL3,0.188696963725356,5.6293167961828,0.563570841892924,0.452825063431307,0.945710496793398
GRIPAP1,-0.194800458217709,5.88205125787253,0.563473361514401,0.452864147928268,0.945710496793398
ZMYND8,-0.193235306548001,5.79885898751195,0.563152201253704,0.452992953679588,0.945710496793398
PARP16,0.343717850393131,4.18171351865184,0.563112092454659,0.453009043899218,0.945710496793398
VAPB,0.212716162208568,5.20974329911444,0.562474435287928,0.453264969591634,0.945710496793398
SIVA1,0.106956092674992,7.33036812974217,0.562441485256848,0.453278200347822,0.945710496793398
ATE1,-0.242809130660352,5.11736956566942,0.562319309467217,0.453327264102769,0.945710496793398
ZNF429,0.329014253859664,4.07492358445009,0.562237452503098,0.453360141150184,0.945710496793398
TMEM267,0.266144036710815,4.56814037544409,0.562162488406496,0.453390253024993,0.945710496793398
RAB11FIP1,-0.184688906393262,7.40834251343888,0.562063997152876,0.453429820148945,0.945710496793398
RAB35,0.28689701109406,5.5243461827787,0.561876812601074,0.453505033168858,0.945710496793398
RXRA,0.331064178742571,4.38194633389016,0.561497464049356,0.453657520039995,0.945710496793398
NQO2,0.275972561003849,4.96050218640414,0.561477099246083,0.45366570836193,0.945710496793398
DCAF4,-0.380749278018085,4.14026719115119,0.561205095894762,0.453775098264417,0.945710496793398
NEMP1,0.476933828664569,3.6194619982937,0.561153316911405,0.453795926586434,0.945710496793398
RPS6KA4,-0.301994281056132,4.53917260029552,0.560889322701055,0.453902142737093,0.945710496793398
SETD6,0.416386849727692,3.88010319595707,0.560879147684975,0.453906237361673,0.945710496793398
ALKBH4,-0.375882791457568,4.12761089263996,0.560848989821558,0.453918373813648,0.945710496793398
NFKB2,0.279186412628951,5.22753459490892,0.56079512337605,0.453940052595718,0.945710496793398
CELF1,0.124254620739306,6.92020945914247,0.560427255480281,0.454088146065524,0.945710496793398
MUL1,0.373562055443228,4.26613359907405,0.560379435608891,0.454107402597262,0.945710496793398
RNF25,-0.378102269767346,3.94642923720563,0.560211504087041,0.454175036916085,0.945710496793398
SEPTIN2,0.234083362722647,6.664947946325,0.559879282765252,0.454308885459069,0.945710496793398
ZSWIM4,0.380979924056813,3.97133573461709,0.559730314620531,0.45436892330476,0.945710496793398
KIF5C,-0.344058087631826,4.91920407282893,0.559232250789485,0.454569745859985,0.945710496793398
POGLUT3,0.106783283358944,3.45922164236589,0.558593961278822,0.454827312263477,0.945710496793398
RTF1,-0.103469570588034,7.71991653418007,0.55853559241373,0.454850877062609,0.945710496793398
TMEM87A,-0.131196162653394,6.5422024942685,0.558242243191643,0.454969337683383,0.945710496793398
CLCN6,0.344787225540463,3.96558592148,0.558072140719009,0.455038050877568,0.945710496793398
TAP2,-0.155984483813325,6.12613862067196,0.557171111358993,0.455402295592435,0.945710496793398
TMEM68,0.264432061190546,4.83280261891591,0.557070724190261,0.455442905899157,0.945710496793398
ETNK1,-0.134297531696305,6.3310345959582,0.556968365289311,0.45548431971103,0.945710496793398
CNOT11,-0.255356015948943,5.31272025280086,0.556888243376623,0.455516740701963,0.945710496793398
ANKLE2,-0.146000888589939,6.19705281681883,0.556871532563839,0.455523503118868,0.945710496793398
RFK,-0.247775015390763,4.97176984387006,0.5562598906359,0.455771126931603,0.945710496793398
NFE2L2,-0.146150305458956,6.62241524046438,0.555949128532465,0.455897020445633,0.945710496793398
HELB,0.177636541914654,6.50208577651331,0.555921075277276,0.455908387855164,0.945710496793398
DIP2B,0.344107123078903,4.20471158671077,0.555914972354795,0.455910860868605,0.945710496793398
MALT1,0.251590826151184,5.75175265420762,0.555912455882467,0.455911880594392,0.945710496793398
METTL2B,0.253981117379467,4.86328978660901,0.555885029629131,0.455922994503098,0.945710496793398
ZNF140,0.359816431457028,4.13725804114428,0.555756052316839,0.455975265549746,0.945710496793398
THAP6,0.259783213669166,5.01437140293435,0.555676920760948,0.456007340118705,0.945710496793398
LINC01943,-0.306413142202094,6.68269263227835,0.555028739715404,0.456270202592352,0.945710496793398
MRPL20,0.117998011701447,7.44300509887283,0.554116190967317,0.456640681221772,0.945710496793398
TRIM38,0.163667700831247,6.63527632287517,0.553956198852472,0.456705684034083,0.945710496793398
HEATR3,-0.323724614334971,4.07619153928051,0.553374650555789,0.456942082827049,0.945710496793398
UBE2B,-0.114385463938831,7.52677366588763,0.553044480884868,0.457076382352605,0.945710496793398
ABI2,-0.242773342615813,5.27564741602262,0.552841907928702,0.457158811571924,0.945710496793398
PBX4,0.249723947546413,4.7929828000704,0.552827208239336,0.457164793953806,0.945710496793398
FXR2,-0.403157185039016,4.6484768876807,0.552550913929565,0.457277261358221,0.945710496793398
MTMR3,0.263794696479531,4.58335021545133,0.552185088627237,0.457426240123761,0.945710496793398
FUT10,-0.423230985822582,3.49711012016155,0.551620645642363,0.457656254328189,0.945710496793398
ZNF468,0.354767566214457,3.93820960706403,0.551573160604299,0.457675613117854,0.945710496793398
ILVBL,-0.33047147818023,4.51267728305185,0.551193765933729,0.457830331898857,0.945710496793398
VOPP1,0.185196961115848,6.25757340907177,0.550700842387855,0.458031471658827,0.945710496793398
ABCC4,-0.389064205841906,3.90254255306257,0.550487710109248,0.458118484514642,0.945710496793398
SPAG16,0.348714301211495,4.20701571824104,0.550324615875692,0.458185086603456,0.945710496793398
PHB2,0.133194555872281,6.73861862326628,0.550257131475629,0.45821264939226,0.945710496793398
VSIR,0.163164135661878,6.08348274483796,0.549915051131976,0.458352406268263,0.945710496793398
VEZF1,-0.159728400285213,5.96001347180515,0.549778700257374,0.458408131179094,0.945710496793398
EPM2AIP1,0.214822540038532,5.68831676843659,0.549435119825088,0.458548595744257,0.945710496793398
HARS2,0.371061573954767,4.07116044697351,0.549260872570017,0.458619858537172,0.945710496793398
SAP130,0.482147495655919,3.98145674312369,0.549015526565164,0.458720228644271,0.945710496793398
GPR174,-0.119800516677634,7.41587512613522,0.54873333079258,0.458835716816429,0.945710496793398
TBPL1,-0.272592328902272,5.37534042536749,0.548480290681329,0.458939312196272,0.945710496793398
IFIH1,-0.30209464464666,5.14974598386337,0.548479019104114,0.458939832877234,0.945710496793398
POLR2F,0.189727442149838,6.47062802477066,0.548203389362342,0.459052718836736,0.945710496793398
UBE2H,0.191791124837064,5.90670993769296,0.548021658782275,0.459127171818539,0.945710496793398
FAM200B,0.151753411036364,6.12065807507268,0.547648358253888,0.459280168823154,0.945710496793398
AAGAB,0.23645200419396,5.05431241069535,0.54746431079357,0.459355630273152,0.945710496793398
UBE2O,0.306392602770084,4.34906811346197,0.547345801416199,0.459404230789495,0.945710496793398
KDM1B,-0.30691545429475,4.38950881835693,0.547118847534655,0.459497326961389,0.945710496793398
CHMP1B,0.156473225584407,6.01235884335322,0.546888067128316,0.459592023406474,0.945710496793398
SDF2,0.246333293864122,6.08859341317332,0.546875560571493,0.459597156122165,0.945710496793398
ECI2,0.21343753348136,5.89724980862042,0.546860477606426,0.459603346321671,0.945710496793398
CRCP,-0.182837352546452,5.62372580457426,0.545995222253547,0.459958676993768,0.945710496793398
ASXL2,0.152420122855706,6.38686667928246,0.545759413343905,0.46005559110152,0.945710496793398
PIGB,-0.379381767564017,4.08699615982422,0.545677400153156,0.460089304941974,0.945710496793398
PPM1N,0.346962983548619,4.10339648792649,0.544900364305338,0.460408921936485,0.945710496793398
ARHGAP45,0.119233326873532,7.15805387937996,0.544679478665863,0.46049984276619,0.945710496793398
USE1,0.192270501288975,5.5252138830049,0.544352021671401,0.460634682854544,0.945710496793398
TRAM1,0.143626012039383,7.55026639429876,0.544088939176174,0.460743060224177,0.945710496793398
BLVRA,-0.358517557956495,4.80245483799331,0.543803934724501,0.460860514052996,0.945710496793398
PIM3,0.216683818501962,6.11785211188373,0.543759929610147,0.460878653334758,0.945710496793398
ABCC5,-0.358007732845306,4.07653318023192,0.543744262842132,0.460885111583067,0.945710496793398
L3MBTL3,-0.280012639585824,4.83731938704211,0.54372548312293,0.460892853259909,0.945710496793398
ZNF562,0.227794523291443,4.97604007063377,0.5436486940376,0.460924510634839,0.945710496793398
PML,-0.221465170670046,5.14732155412705,0.543571245301624,0.460956443456003,0.945710496793398
FLCN,0.320223914749136,4.74924439513008,0.543267315003682,0.461081790630576,0.945744714555244
RPP38,-0.255372646212116,5.28891956534788,0.542308971468515,0.461477386019902,0.946081176995268
NUTM2A-AS1,-0.33651515831433,5.70409169326346,0.54214763573405,0.461544036942633,0.946081176995268
GCDH,0.244331235734587,4.80285871931916,0.54195534560828,0.461623495704692,0.946081176995268
ZNF646,0.363687884042814,3.86888963828655,0.541817047622811,0.461680657095128,0.946081176995268
MTURN,-0.316789497856822,4.07369224188388,0.541308444295723,0.461890970053876,0.94620515233362
UBXN2B,-0.250173955172527,4.80621458382783,0.541144972865453,0.461958599593882,0.94620515233362
CDS2,0.174563022784386,5.77770772372893,0.540819136565304,0.462093447854393,0.946255606710549
WWP1,0.181966949938666,5.7988481138029,0.540560119153938,0.462200687593536,0.946255606710549
ATP13A1,-0.287450478227463,4.60723814159819,0.539690150208909,0.462561166610959,0.946770892054369
USF3,0.27190494764302,5.43270005444502,0.539209191861101,0.462760647858021,0.946933626916785
EPSTI1,0.305055299577218,6.38492116602395,0.538589406705846,0.463017910636972,0.946933626916785
EIF1AX,-0.130024223748145,7.67354521987083,0.538498779731196,0.463055547511515,0.946933626916785
KCTD10,0.326236449679515,4.18468301294998,0.538441543141257,0.463079320056956,0.946933626916785
ABHD16A,0.292935766766306,4.76399774786166,0.538118637171184,0.463213471686625,0.946933626916785
KEAP1,0.266253389418227,4.70568191357595,0.537926063541935,0.463293506079705,0.946933626916785
PJA2,0.173976270573978,6.86422984021049,0.537144452873605,0.463618573024798,0.947306361290531
CEPT1,0.225154160922503,5.23007196722511,0.534830087246007,0.46458323910874,0.947306361290531
LY6G5C,-0.420737894453767,3.72632456927242,0.534531640643703,0.464707869774793,0.947306361290531
BCDIN3D,0.321475823753726,4.13608934742301,0.534216462212196,0.464839545594653,0.947306361290531
MICU1,-0.244686930861807,5.3462620355436,0.534048679137044,0.464909666622422,0.947306361290531
USP11,-0.304895650705142,5.29615231776421,0.533641536436736,0.465079892704736,0.947306361290531
SAFB,0.157784902541323,6.21804014175854,0.533419111336057,0.465172930556324,0.947306361290531
AHSA1,0.147219789535085,6.24998091049103,0.533172551664666,0.465276098387231,0.947306361290531
NAA10,-0.148805266587706,6.70125292316867,0.533074686922952,0.465317058018265,0.947306361290531
ZNF518A,0.167147691110054,5.78007015375845,0.53294722678206,0.465370412945766,0.947306361290531
CNBD2,-0.353136443527701,4.55107388870364,0.532511693857344,0.46555280124814,0.947306361290531
TCEANC,0.423879301965003,3.86194244830298,0.532402385706792,0.465598594211562,0.947306361290531
MAP4,-0.156142215926477,7.18425066916267,0.532376955635272,0.465609248780628,0.947306361290531
ARHGDIB,0.0744703114486926,9.51508345946359,0.53211624148538,0.465718504038232,0.947306361290531
STAT5B,0.196061048919579,5.82563355887938,0.531816331102561,0.465844235657037,0.947306361290531
UBXN1,0.0971017959298776,7.99129275047661,0.531689944532474,0.465897237044364,0.947306361290531
MPRIP,0.19641164651381,6.05551876747795,0.531668997233851,0.465906022421588,0.947306361290531
SIK2,0.394660454315114,3.84748354918961,0.531369256610024,0.466031763829356,0.947306361290531
CLIP1,0.129938125269517,6.61222993680247,0.531169796219366,0.466115467705419,0.947306361290531
FAM8A1,-0.258097295701027,4.62163713471888,0.530911019858404,0.466224099493472,0.947306361290531
MANBAL,0.33526662668667,4.22622409074358,0.530861282449411,0.466244983415465,0.947306361290531
SNX11,0.34080019084645,4.104737571618,0.530743623101674,0.466294392607785,0.947306361290531
ASB6,0.301768316427959,4.37847309682126,0.53033276508563,0.466466991740792,0.947306361290531
NDFIP1,0.164082479444544,7.09871809497698,0.53023240554678,0.466509167765285,0.947306361290531
COX14,0.123406056075091,7.26666504647628,0.530012780321535,0.466601486421421,0.947306361290531
MON1B,-0.251753089219119,5.45742782031553,0.529834031063185,0.46667664461965,0.947306361290531
GCSAM,0.416342613023488,3.7795475173682,0.529789717477854,0.466695280028479,0.947306361290531
PICALM,0.201385915750574,6.07334316615021,0.529759428523441,0.466708018276646,0.947306361290531
C17orf75,0.249000566203727,4.82953039078584,0.52971415124582,0.466727061015957,0.947306361290531
TPX2,1.0414447288904,3.89551960874938,0.52891075189147,0.467065162280992,0.947306361290531
RNF10,-0.133537814337959,6.19781140409242,0.528862937675587,0.467085296713921,0.947306361290531
NDUFAF7,0.258954555233924,4.71621645604963,0.528833981616796,0.467097490706036,0.947306361290531
ZFYVE28,0.155876970748721,6.30730348204612,0.528680072388816,0.467162313615791,0.947306361290531
LYRM1,0.293041231839312,5.18651462240748,0.528168469421726,0.467377892335234,0.947306361290531
AP1S1,0.260440912823702,5.2364684465926,0.528074966218917,0.467417309861539,0.947306361290531
STK38L,0.294091385186698,4.40341771781653,0.527564053008621,0.467632786378371,0.947306361290531
FAM24B,0.334322626746364,4.2487776160849,0.527234075752546,0.46777203828529,0.947306361290531
ZBTB10,-0.368557029432919,3.67691807016529,0.52705912383346,0.467845895792269,0.947306361290531
RTKN2,0.388916926824319,4.32207510520585,0.526497470706133,0.468083129217083,0.947306361290531
RUSC1,0.272382646393253,4.62068028263846,0.526468666703831,0.468095300780115,0.947306361290531
RMC1,-0.254710069361833,4.72891907388237,0.525855999081024,0.468354313114702,0.947306361290531
SEC61A2,0.297020828107671,4.20280463025193,0.525479293747353,0.468513683984201,0.947306361290531
ZNF3,-0.312333196499645,4.37365779018402,0.525416964171509,0.468540061852841,0.947306361290531
SMG6,0.239599763004997,5.95126034437838,0.525353746087706,0.468566818175973,0.947306361290531
DHX38,0.171727997220364,5.66587721810814,0.525167803781827,0.468645530342712,0.947306361290531
ZNF428,0.155513100566628,6.42692027732086,0.525118573345527,0.468666373883082,0.947306361290531
ECD,0.300744044952533,4.74914605213417,0.525020595010489,0.46870786109783,0.947306361290531
ZMYM3,-0.388745858156945,3.84250933057768,0.524638439047166,0.468869734803684,0.947306361290531
KCTD7,-0.2257407730969,5.09311893169438,0.523990947060316,0.469144204872136,0.947306361290531
ZNF333,0.369106520939794,4.11575023138363,0.523879904247545,0.469191301575272,0.947306361290531
ZNF783,0.452590412463091,4.01985362699268,0.523662832068492,0.469283390595108,0.947306361290531
NF2,0.287911210435559,4.84701357944155,0.523660326680833,0.46928445363112,0.947306361290531
TAX1BP3,0.312056609221789,4.27430114223204,0.523612379913514,0.469304798191658,0.947306361290531
ZNF865,0.381868415897786,3.99882502115446,0.523229463258039,0.469467326638588,0.947306361290531
CD3G,0.0812227128113546,9.74555331405137,0.523140999839256,0.469504887696692,0.947306361290531
C1orf43,0.166726787424043,6.39072904866848,0.522984446753963,0.469571371091273,0.947306361290531
TRIM52,0.184029290982896,5.98771980149227,0.522626660080414,0.469723369260076,0.947393391117137
CIAO1,0.218299689418497,5.98735869892611,0.522143926429408,0.469928574128808,0.947587669287074
TCIRG1,-0.160369423328096,5.90225736282059,0.520591039609997,0.470589670177794,0.948700926466838
ZNF326,0.206810849800369,5.45928322882327,0.519887674426524,0.470889600811633,0.94908573317824
DENND3,0.314310351851506,4.61386384282989,0.518659234390448,0.47141417543584,0.949517681979058
SPECC1,0.337584892462297,4.09014749408531,0.518380573260529,0.471533301990877,0.949517681979058
NUP160,0.202097565837979,5.32798096621687,0.51816521599984,0.471625399696379,0.949517681979058
RIPK1,0.253826432796969,5.19754319819271,0.518153762811444,0.471630298475282,0.949517681979058
FOXO1,-0.188722466093722,5.56110508978291,0.518109049215546,0.471649424243993,0.949517681979058
TRIM26,-0.311782366629415,5.03373192378754,0.517216674096019,0.472031390510968,0.950066880577465
SLC39A6,-0.242990783230806,5.0326242352606,0.516490516788593,0.47234257913564,0.950170609187727
SMIM19,0.159765305821833,6.12180397963874,0.515996423406854,0.472554508428693,0.950170609187727
PRKCI,-0.384556600920641,4.34584606480079,0.515852115554083,0.472616434784163,0.950170609187727
NLRC5,0.197977581188378,6.44156899969856,0.515836509697031,0.472623132461135,0.950170609187727
GPATCH11,0.247043007716964,5.31866669583719,0.515823272049218,0.472628813877246,0.950170609187727
GABPB2,0.194169852302721,5.41101760336791,0.515468949571126,0.472780925281685,0.950256903631987
CYTOR,-0.174497051578502,8.13873520958937,0.515006692782826,0.472979492266033,0.950387994290594
MYL12A,0.0542968598502541,10.42314175526,0.514351865302846,0.473261011107298,0.950387994290594
MLLT11,-0.367147785793029,3.83545325797314,0.514269420136063,0.473296474589274,0.950387994290594
ZNF460,0.370558169354284,3.95958453699906,0.513921356336695,0.473446240400103,0.950387994290594
KLF6,-0.163270145310105,10.5344080067918,0.513639383659118,0.473567624654954,0.950387994290594
ST7L,0.291642751850464,4.4471553124558,0.513127917495563,0.473787930557327,0.950387994290594
UPP1,-0.119202304113692,6.88716491802361,0.513121737204415,0.473790593635076,0.950387994290594
DHX36,0.128489078250181,7.53375170942984,0.512733239889478,0.473958045243134,0.950387994290594
MAPK8,0.261765074916541,4.84304712475822,0.512414012122418,0.474095711865341,0.950387994290594
PEMT,0.41520878896065,3.90632622843583,0.511916235353734,0.474310507011917,0.950387994290594
FBXO34,0.240932897940684,5.32062415908457,0.511431824271625,0.474519686387434,0.950387994290594
MIB1,0.212567231755473,5.58307132471977,0.511340288246768,0.474559230478953,0.950387994290594
UBN2,-0.231582553862419,4.90821770509503,0.510982952819596,0.474713652664936,0.950387994290594
CTSW,-0.196257126736974,8.28808932512257,0.510631163188918,0.474865757955856,0.950387994290594
MAGT1,0.182142622332667,5.46367607902396,0.510551188228398,0.474900348228341,0.950387994290594
METRN,0.249586602844545,5.31190379399233,0.510425334294109,0.474954790077265,0.950387994290594
TRIM27,0.223351829047345,5.72773120067918,0.510349914164504,0.474987420147503,0.950387994290594
ERVK3-1,-0.201878684345381,5.93398129644662,0.510110456655443,0.475091044153945,0.950387994290594
IL10RA,-0.104715432093415,7.2833902000898,0.509467578462862,0.475369428156313,0.950387994290594
PTPN18,0.15049625148432,6.20131094238161,0.509095902287152,0.475530495175913,0.950387994290594
RTN3,-0.152595547464293,6.27999225455092,0.508582630674058,0.475753068944704,0.950387994290594
BIN3,0.234091781414069,4.99198074119897,0.508308816646277,0.475871874262291,0.950387994290594
CD99,-0.0695812330327636,9.54938879728584,0.507857878784437,0.476067637168867,0.950387994290594
ANKAR,-0.307097168210283,4.28018966622664,0.507542309103261,0.476204711472367,0.950387994290594
UNC45A,0.306422500800159,5.32536155631788,0.507471964925863,0.476235275696092,0.950387994290594
PYURF,0.145134123915985,6.78283992009117,0.507383073833346,0.476273903037329,0.950387994290594
EEF1AKMT2,-0.219175842156538,5.08287545682846,0.507380256321191,0.476275127461658,0.950387994290594
RPL39L,0.36592095746393,5.11696792040096,0.506756395140151,0.476546369081145,0.950387994290594
CBFB,-0.122571534518827,6.60196491132241,0.506473027716012,0.476669654327955,0.950387994290594
CLK1,-0.130902226856671,7.30034434625909,0.506302143828556,0.476744026247541,0.950387994290594
CUTC,0.211484239373765,5.22585086646065,0.506231740716157,0.47677467252085,0.950387994290594
LINC01138,0.203177104791641,6.24599707428699,0.505986239001761,0.476881563831703,0.950387994290594
LRRC28,0.295997474575515,4.40138398068564,0.505812609923407,0.476957185415901,0.950387994290594
TFCP2,-0.24076107218593,4.75474528369221,0.505348182718006,0.47715955592911,0.950387994290594
TRIB2,0.18556151249613,5.82365894553273,0.505347843044259,0.477159703990506,0.950387994290594
RPL8,-0.0804331903626416,11.1041450064175,0.505283660630678,0.477187681997303,0.950387994290594
AKAP9,-0.168409972709201,7.91583846173534,0.505083987135379,0.477274739558684,0.950387994290594
CSTB,0.117593005485475,8.20932681341753,0.504623297438084,0.477475698928149,0.950387994290594
STRBP,0.248998059495013,5.48798528053648,0.50440259773054,0.477572020170275,0.950387994290594
HACD4,-0.161204712599268,6.05793644654334,0.504387330815639,0.477578684370006,0.950387994290594
PHF14,-0.182362597107735,6.49732668733683,0.50386303591284,0.477807637788869,0.950387994290594
XRCC4,0.330611215244762,4.17982684178552,0.503755751370434,0.477854509765632,0.950387994290594
ZFAND5,-0.146136611183146,6.5222104184174,0.502989533191439,0.478189484288722,0.950387994290594
SNRPC,-0.125662191329585,6.57196618876852,0.502428604281963,0.478434953861135,0.950387994290594
TXK,0.387958650584074,4.45987237070638,0.502200475276901,0.478534844889732,0.950387994290594
RAB33B,-0.323141981931374,4.62824135383671,0.502065323503885,0.478594039982089,0.950387994290594
CCDC93,0.273624497629812,5.19288017730157,0.5017068953414,0.478751085819445,0.950387994290594
TTF1,-0.185276436297241,6.0414720203766,0.501560889666127,0.47881508257442,0.950387994290594
PPCDC,0.381610096109525,4.01639792435821,0.50149926634505,0.478842097315013,0.950387994290594
CCR1,-0.420586957436731,4.08014963768949,0.501153226636571,0.47899384224167,0.950387994290594
GLIPR1,-0.135480963715444,7.47506376616439,0.501144109795106,0.478997841211501,0.950387994290594
ZNF766,-0.302513314643372,5.29590195151564,0.500935764798211,0.47908924359752,0.950387994290594
TFAP4,0.403188051292848,3.8942675821966,0.500907299110384,0.479101733906144,0.950387994290594
EBP,0.153262249458656,6.48437680604756,0.500834880117591,0.47913351265457,0.950387994290594
UBE4A,-0.188912675116914,5.6496705770793,0.500583386874649,0.479243899170995,0.950387994290594
GPATCH1,0.320845882287103,4.30098856957241,0.500312818261648,0.479362704805639,0.950387994290594
LINC00205,-0.842509337535022,3.53563775921801,0.500188665909505,0.47941723575765,0.950387994290594
ZNF34,-0.375669169247003,3.89204052619757,0.50001056287428,0.479495480988771,0.950387994290594
LINC00662,-0.217212429362676,5.0937535733399,0.4999198646595,0.479535335073928,0.950387994290594
BORCS7,-0.157350596349475,5.94374073642185,0.49979445698304,0.47959044992345,0.950387994290594
ABHD18,0.219078955215961,4.97460455472746,0.499687098795505,0.479637640524877,0.950387994290594
TCEA1,0.103688359758259,7.89232847512212,0.499514230980509,0.479713642661388,0.950387994290594
CREB1,0.135008039220086,6.26743450975447,0.499312367088962,0.479802418020704,0.950387994290594
PUS3,0.319806806332104,4.21028878907367,0.498919468488811,0.479975283472051,0.950387994290594
DENND10,-0.507833649354125,4.70607735602277,0.498788823316968,0.480032786648717,0.950387994290594
EIF2AK4,0.243938670975325,4.8183329702094,0.498682000362656,0.480079812918385,0.950387994290594
EFCAB2,-0.278322835958724,4.32197315006073,0.49849375063247,0.480162703768326,0.950387994290594
NT5C3B,-0.577760452868992,4.50953038182777,0.497801548000815,0.480467698908076,0.950775439653703
ZNF528-AS1,0.13444785081697,3.57904412560272,0.496350521460965,0.481108075551079,0.951071242414689
ZNF765,0.356537023431015,3.9275986956747,0.49628692224729,0.481136175610765,0.951071242414689
ATF5,-0.345923554357328,4.14190401770717,0.496085613610219,0.481225137629207,0.951071242414689
SUMO3,0.193425025189688,6.36456623149227,0.495873288710463,0.481318997204735,0.951071242414689
CSRNP2,-0.378312332448379,3.90336462090145,0.495661982865336,0.481412436148299,0.951071242414689
HDLBP,-0.167610863512478,6.07417318877995,0.495371902742605,0.481540757419023,0.951071242414689
CALM3,0.139286787878749,7.21316326765198,0.495354971105959,0.481548249116439,0.951071242414689
SYMPK,0.226419986412718,5.44767241390534,0.495185996704851,0.481623025273437,0.951071242414689
SNX2,-0.180349999806116,5.69754310641933,0.495013038300947,0.48169958422745,0.951071242414689
ATM,0.147071271135129,7.59479173490236,0.494842351386176,0.481775157327033,0.951071242414689
MAP2K3,0.194381758446634,5.48838135491257,0.494593150883055,0.481885527988137,0.951071242414689
SH2D1A,0.212151977605682,6.60498483324148,0.494496036822284,0.481928550965044,0.951071242414689
RGL4,0.263996791513765,6.07433422346756,0.493115503332746,0.482540831596094,0.951874628577835
C16orf87,-0.185565635616409,5.39552920414247,0.493084963947691,0.482554390587775,0.951874628577835
HINT2,-0.236715385304884,5.72963271318027,0.492778970210765,0.482690281465032,0.951926924901466
ARMCX3,-0.175779778763794,5.69266012938382,0.491857324126269,0.483099962505367,0.951964813996739
NUDT8,0.321813522757225,3.98730611259755,0.491843875268701,0.483105944897224,0.951964813996739
CASP8,-0.172573034453363,7.12722349176913,0.491760080081043,0.483143221863974,0.951964813996739
ABLIM1,0.208213858568169,5.75202429984719,0.491206128575094,0.483389770918272,0.951964813996739
DCTN2,0.14466534234904,6.37562456073967,0.490870105176505,0.483539427016993,0.951964813996739
ELL,0.285816004140152,4.88925636970812,0.490658038552983,0.483633915297621,0.951964813996739
ASAP1,0.148243581642337,5.94922160211931,0.49039022626317,0.48375328508578,0.951964813996739
SLC1A5,-0.159580083213565,6.4624718694733,0.49007803971179,0.483892494786999,0.951964813996739
TRIM34,0.29041608342213,3.66583935734691,0.489985162609644,0.483933923140087,0.951964813996739
RBM22,-0.135692996440285,6.19484454399142,0.489967597121137,0.483941758982744,0.951964813996739
TMEM256,0.182739257913645,6.11235170685003,0.489682878197375,0.48406879931701,0.951964813996739
SLC25A40,-0.255247232256645,4.23799305735338,0.489591289059199,0.48410967768472,0.951964813996739
MBD4,0.126284572824941,6.29781540233769,0.489542446523045,0.484131479575958,0.951964813996739
SCRN2,0.286949792453037,4.49963267696477,0.488723253934175,0.48449738501871,0.952469108158534
ZNF827,0.239267575948103,4.86606185557225,0.488385640509041,0.484648318311612,0.952550658144978
IDH3B,0.162498529621091,6.09819558182669,0.487673940924186,0.484966744904228,0.952851913816927
LINC02611,-0.996144950700734,3.86047918275071,0.487487085802112,0.485050404380697,0.952851913816927
SRPRB,0.231464954061352,5.51347872411028,0.487309243917302,0.48513005057139,0.952851913816927
FAM91A1,-0.179931880465748,5.39578197001786,0.486623740298684,0.485437254585189,0.952878827746491
RAPGEF1,0.164657273965303,6.31845961108746,0.486313554265717,0.485576368175692,0.952878827746491
CROT,0.341318418360332,4.20073235290095,0.485924287860822,0.485751041408055,0.952878827746491
HERC5,-0.297759782884306,5.34121217122049,0.485849390519011,0.485784661578913,0.952878827746491
PITPNA-AS1,0.22218367108661,5.25308832949607,0.485714800974044,0.485845086264353,0.952878827746491
LEMD3,0.262872358362132,5.14285977791072,0.485273531572457,0.486043283762781,0.952878827746491
DCTN6,-0.208017262522209,5.16125904294398,0.485217818044212,0.48606831717971,0.952878827746491
HSBP1L1,0.40340121327131,3.83105561293095,0.484906721205309,0.486208139656558,0.952878827746491
BET1,0.227587206121877,5.00674888810732,0.484794631356639,0.486258534762229,0.952878827746491
MLLT1,-0.266990499506893,4.51832620096996,0.484671137778101,0.486314066951142,0.952878827746491
TTPAL,0.341394671857633,4.30603630614299,0.484304392088177,0.486479045890379,0.952878827746491
CFAP298,-0.212358334725718,6.37518233443214,0.483961543329031,0.486633358775226,0.952878827746491
LRCH3,0.236719676990088,5.57679146265246,0.483781752680514,0.486714313217696,0.952878827746491
HEIH,0.155531294382588,4.66096846079386,0.483664542868866,0.486767101369009,0.952878827746491
MYL12B,0.0568569879367668,9.67714992318818,0.483105581613785,0.487018973114156,0.952878827746491
PRPF4,0.288156054068083,4.70651431570423,0.483057582059889,0.487040612114539,0.952878827746491
MRPS5,-0.125933167381155,6.78980710720656,0.482248828975433,0.487405451453189,0.952878827746491
MGAT4A,-0.14822546484462,6.82769880397052,0.482057345615111,0.487491898551537,0.952878827746491
PTAR1,0.153332266105004,5.97866652749043,0.4819970151704,0.487519140612254,0.952878827746491
FGD3,-0.135748378760856,6.30676627828654,0.481951340600464,0.487539766530131,0.952878827746491
PRDM1,0.216569495979493,6.90238326202465,0.481739713268997,0.48763535301315,0.952878827746491
NMD3,0.223128519440984,4.92407218114991,0.481098478864812,0.487925171730471,0.952878827746491
GBA2,-0.272835303621234,4.50447307759529,0.480635643458943,0.488134537263522,0.952878827746491
ZNF433-AS1,-0.010843997554586,4.4321314088445,0.479752402686152,0.488534489432845,0.952878827746491
ZYG11B,0.277066871391781,4.55337683583898,0.479479869385695,0.488658008906965,0.952878827746491
ITGA2,-0.297170411201938,4.16229167516029,0.479454500288178,0.488669509511317,0.952878827746491
MYD88,-0.260082689902728,5.42996317330849,0.47920347222648,0.488783332643019,0.952878827746491
RAB11A,-0.140940640909598,6.98354401634739,0.47912235888375,0.488820121124448,0.952878827746491
NAGPA,0.290932187419592,4.35460768928701,0.479016669857952,0.488868062674384,0.952878827746491
EMC10,-0.147128125563513,6.4333545050057,0.478576979911962,0.489067594224507,0.952878827746491
SRF,-0.310134102637298,4.7965576670446,0.47851995160126,0.489093483633121,0.952878827746491
PHLDA1,-0.174409967326806,6.380938807653,0.478350154102561,0.48917058090477,0.952878827746491
AKAP17A,-0.185130963922623,5.88551453694342,0.478091466589646,0.48928807795716,0.952878827746491
SCLY,-0.339911337695712,3.98045777214352,0.477917629514669,0.489367061951155,0.952878827746491
PPIL4,0.209956147249039,5.95574431769885,0.47758063449054,0.489520238296844,0.952878827746491
NAXE,-0.183113225714117,5.73161985460822,0.477487860056446,0.489562421628214,0.952878827746491
SAP30L,0.23261304228635,5.01783217219158,0.477339963615869,0.489629680742008,0.952878827746491
TMEM63B,-0.330767530897723,4.01361150166507,0.476907898189037,0.489826260072854,0.952878827746491
CENPQ,-0.309489804727261,4.05331969459808,0.476657320490441,0.489940327134948,0.952878827746491
FAM199X,0.238022357588275,4.92293692547533,0.476478230543421,0.49002187893706,0.952878827746491
NSMCE2,0.26168396573046,5.00461574134436,0.476412635041434,0.490051754681162,0.952878827746491
NT5C2,0.233606392148915,5.0180118300552,0.475850688335509,0.490307820148629,0.952878827746491
MFHAS1,-0.232746183659075,5.82311853846236,0.47572950844674,0.490363068129362,0.952878827746491
NME2,0.253389464119736,8.34873931583746,0.475643836495479,0.490402133701084,0.952878827746491
DNAJC7,0.127198766920429,6.9546264481531,0.475407906919756,0.490509742120141,0.952878827746491
COQ10B,-0.135384604408525,6.27718267917908,0.475322261024413,0.490548815300698,0.952878827746491
CCNL2,-0.181570073143657,6.1161091250836,0.475168634802856,0.490618915329491,0.952878827746491
SLFN12,0.320290547653005,3.95598045697869,0.474566635460629,0.490893770322409,0.952878827746491
BOLA1,0.27210622714657,4.43805394112494,0.473896009795896,0.491200260903378,0.952878827746491
GGA3,-0.203632677269281,4.91777919353429,0.473801029968765,0.491243694598492,0.952878827746491
ARL4C,-0.108530421488393,8.85343932545696,0.473395510984066,0.491429208158198,0.952878827746491
NADSYN1,-0.249721873080673,5.10935920986975,0.473018843104835,0.491601628050818,0.952878827746491
PRXL2C,0.140864635181,5.25052586609349,0.472799551340536,0.49170205553516,0.952878827746491
PLEKHB2,-0.187490230920156,5.95901161718423,0.472767896486346,0.491716555115864,0.952878827746491
MATK,0.157197779559761,7.24170902562077,0.472529035708469,0.4918259889149,0.952878827746491
RBM14,0.199483185427751,5.29391226099815,0.472371390917363,0.491898236013085,0.952878827746491
MRPS10,0.18767170046092,6.01983359895171,0.472091696017351,0.492026461201707,0.952878827746491
LMAN1,0.115080717405097,6.78950967084552,0.472065902702394,0.492038288876361,0.952878827746491
GLRX3,0.160893426501176,5.87741683766187,0.471968002717846,0.492083185813294,0.952878827746491
G6PC3,0.350714417131879,3.87339885304451,0.471834960936402,0.492144209767224,0.952878827746491
TRAF3IP2-AS1,0.354197701772846,3.95581120127098,0.471370039625175,0.492357560582566,0.952878827746491
CEP68,0.333158568980383,4.4434778358395,0.470903325106729,0.492571890059926,0.952878827746491
TOMM40,0.18962210063885,5.47198264891611,0.470616858868677,0.492703521442531,0.952878827746491
SNHG6,0.245691700781282,8.7356089669588,0.470511640760751,0.492751884011424,0.952878827746491
ERGIC3,-0.162820307482908,5.85766677597258,0.470309638595264,0.492844754804433,0.952878827746491
EBAG9,-0.165592230915293,5.64979366840798,0.470273505218021,0.492861370269664,0.952878827746491
ECPAS,0.207649314641228,5.17830366935314,0.470018209780328,0.492978791315008,0.952878827746491
AASDHPPT,0.149656682724772,6.00818363767277,0.469454476460125,0.493238241966714,0.952878827746491
TCHP,-0.218215689323348,5.25763905029798,0.469285593622828,0.493316012575143,0.952878827746491
EIF3J,0.0992947325151985,7.1710485840812,0.469025805871528,0.493435685079109,0.952878827746491
PLOD3,0.312760766415902,4.88947836726458,0.468833175896826,0.493524452462499,0.952878827746491
SLC5A3,-0.173413340551914,6.31664758787866,0.468812819490527,0.493533834628271,0.952878827746491
CIAPIN1,-0.2770970277549,4.6124555924948,0.468496703617003,0.493679569261795,0.952878827746491
KIAA0825,-0.30281425669876,4.31241899124991,0.468383647049208,0.493731707734445,0.952878827746491
CRBN,0.1423753678554,6.55316443264815,0.468144526721542,0.493842013671354,0.952878827746491
COPZ1,-0.144712619496934,6.34465797753815,0.468133665899575,0.493847024738143,0.952878827746491
BORCS8,-0.271928521305831,4.93624399014114,0.468108263756918,0.493858745347595,0.952878827746491
BZW1,-0.0823104270349775,7.82501004228472,0.468001445106857,0.493908036838553,0.952878827746491
ARMC8,0.169817571033252,5.62845105455381,0.467540628054767,0.494120775671084,0.952878827746491
SLC35A4,0.247593410632426,4.7168974928935,0.467221342666893,0.494268265851438,0.952878827746491
SEL1L3,0.174626017123702,6.32760540172931,0.467134082380529,0.494308587593871,0.952878827746491
GLMP,0.36646900629302,3.71306367783586,0.466846873992392,0.494441341554223,0.952878827746491
ERI3,-0.310867808798828,4.82482638417534,0.466813405284167,0.494456815415385,0.952878827746491
EP300,0.121100731753502,6.62329671313222,0.466742603865024,0.494489552295022,0.952878827746491
COX10,0.277358947086984,4.35567608592239,0.466154127631729,0.494761790617427,0.952878827746491
CDPF1,0.340954827743488,4.00793183222938,0.465520733447857,0.495055090350735,0.952878827746491
PER3,-0.340934028964546,3.77753021841957,0.465394282264661,0.495113679896501,0.952878827746491
ULK1,0.2848461965505,4.24404273364725,0.46525564117885,0.495177930884723,0.952878827746491
PTPN12,0.202629907034712,5.15397599821127,0.465101215976691,0.495249513283941,0.952878827746491
MSH6,0.232176413789329,4.79395415414792,0.465091628365387,0.495253958108057,0.952878827746491
MAFF,-0.371863936552237,4.52388155556369,0.464799318986231,0.49538950519386,0.952878827746491
UBE2D1,0.200428802429871,5.25288424329343,0.464750391278715,0.495412199611565,0.952878827746491
RFWD3,-0.234501708216777,4.66901844680612,0.46467827793516,0.495445651545346,0.952878827746491
HMGXB4,0.182206407916896,5.55203454561914,0.464294611158376,0.495623690813411,0.952878827746491
CPSF3,0.248750138206317,4.70215978476986,0.464254719129492,0.495642208756092,0.952878827746491
PDCD10,0.166967553322566,7.19602249717189,0.463458926540973,0.496011860540774,0.952878827746491
ZBTB6,-0.284585662160644,4.25639927070044,0.463143135375109,0.496158676706316,0.952878827746491
POLR2J3,0.27308595707616,7.27655423365229,0.463051555470539,0.49620126731007,0.952878827746491
WRN,0.238775530454627,4.74983556183829,0.463050736287423,0.49620164831123,0.952878827746491
AHR,-0.159424575565164,6.44010576716313,0.46286980785362,0.496285810008343,0.952878827746491
CARS2,-0.214906790774894,5.49692490047898,0.462493148804374,0.496461096084919,0.952878827746491
BOLA2B,0.263566891194686,4.36633938395648,0.462281477181918,0.496559647672425,0.952878827746491
NNT,-0.23449991311086,5.73858578626156,0.462058838300756,0.496663341082399,0.952878827746491
KRI1,0.185219903154778,5.45741607205855,0.462038653757833,0.496672743780168,0.952878827746491
HMGCL,0.295247682161995,4.76603372573927,0.462002890448261,0.496689404374168,0.952878827746491
NMT1,-0.160211633649805,6.6532542997407,0.461674387375162,0.496842484000512,0.952878827746491
LYRM4,0.307896257509279,4.97126716248511,0.46092175308231,0.497193505482976,0.952878827746491
PPIG,-0.086867819567195,7.74441595906295,0.460830277404259,0.497236197403778,0.952878827746491
DCTN4,-0.234372361842446,4.63123191645154,0.460767455269295,0.497265520231865,0.952878827746491
SPOP,0.149844876783875,6.06430969874336,0.46052280334596,0.497379741675482,0.952878827746491
PRDX2,-0.169618560652566,7.10739871367193,0.460170850661058,0.497544136726365,0.952878827746491
UTP14A,0.252239171560616,4.67515873845752,0.459988807945848,0.497629203842684,0.952878827746491
SHPRH,-0.320829769519737,6.01905104296999,0.459689007155085,0.49776935195108,0.952878827746491
ANKRD17,0.185564600438624,5.85590273020847,0.459552715844254,0.497833086214032,0.952878827746491
STOM,0.0854844196783731,7.48177025179254,0.45931028104145,0.497946490735545,0.952878827746491
MTA2,-0.228392113504596,4.79330923926953,0.459138122915196,0.498027048228715,0.952878827746491
SLC20A2,-0.315191426726119,4.57434254247827,0.459095393046262,0.498047046116032,0.952878827746491
SPATA33,0.22863171296958,4.71847798563115,0.459060447318421,0.498063401978489,0.952878827746491
TGDS,0.258656902145853,4.59983428639204,0.458520301513495,0.498316325305715,0.953153182227613
MDH1,0.139381260348175,6.77212712443892,0.458112975959306,0.4985071992869,0.953207147627434
BID,-0.163362705115095,5.80602577847589,0.457884869657377,0.498614144641174,0.953207147627434
RAB5IF,-0.126567946040182,7.21957370499082,0.457759120080738,0.498673117677549,0.953207147627434
SDHAF1,0.241560680657112,5.38234269421453,0.45747849188151,0.498804767048817,0.953249426356138
CDKL1,0.346374045690537,3.74434891743626,0.457208702698482,0.498931387076253,0.953282077217261
EIF6,-0.20836321035421,6.67009205719754,0.456824042950451,0.499112013422838,0.953417878142879
PRDM2,-0.139935436133981,6.98350310331882,0.456409384296457,0.499306850610976,0.953580759461778
CLEC16A,0.325969981983886,4.00877986951302,0.456017843382373,0.499490943741056,0.953723054712244
IDS,0.11983799451837,8.14213192736066,0.455644045431981,0.499666801955807,0.953818575604755
CENPM,0.349170690018682,4.50762419047292,0.455187687295741,0.499881644113269,0.953818575604755
CHMP5,-0.156014827875013,6.97851630258669,0.454967044926427,0.499985573309906,0.953818575604755
NMRAL1,0.232503453167669,5.23909697317009,0.454597929239736,0.500159519912909,0.953818575604755
PXN-AS1,-0.299997383122313,4.00668183755167,0.454438202665241,0.500234823268112,0.953818575604755
ZNF684,-0.414476803139104,3.70998345694793,0.454432166363016,0.500237669470119,0.953818575604755
ATP6V0E1,-0.0761849152603626,8.54621722719397,0.454282715697248,0.500308146344445,0.953818575604755
HLF,-0.414524730450145,3.55468793162596,0.452413682157779,0.501190958326164,0.95513164800173
SLC33A1,0.187864552450171,5.2782344636967,0.452359924156443,0.501216389339757,0.95513164800173
CPT1A,0.197820241360872,5.60461136354178,0.451604674808298,0.501573903340358,0.955603695440266
ARL13B,0.365104933489694,4.47463709764227,0.450581269816922,0.502059047790151,0.956118456852376
PPP1R16A,0.361417466359368,3.87321860163135,0.450571230079934,0.502063811078405,0.956118456852376
UHRF2,0.195334044483893,5.87703655136123,0.449576238069195,0.502536260853135,0.956808811683402
PKN1,0.115856018899226,6.60234288683397,0.449183488617699,0.502722957821491,0.956852113944334
GTF3C2,0.259571514872425,4.54949546905157,0.448905151955,0.50285533927634,0.956852113944334
ARFGAP1,0.281891923877703,4.38991185503553,0.448834736611349,0.502888839386578,0.956852113944334
SNHG32,0.236074501024481,7.29287608241602,0.448407920485526,0.503091978737166,0.956883888303748
GSTO1,-0.145396171145745,6.91066914357064,0.44833765081717,0.503125436387217,0.956883888303748
RNF141,0.299637067206759,4.1525455026967,0.448083712708721,0.503246376157097,0.956904787348746
ORAI2,0.248772343602812,5.44730193272165,0.447647449270448,0.503454265526618,0.956959091491259
SLC66A2,0.218805420794511,4.4896049616334,0.447312768084469,0.50361384809006,0.956959091491259
MAL,-0.582986234686718,4.63690895246561,0.447044816371029,0.503741675023612,0.956959091491259
NEK4,0.292299289143911,4.16806140379926,0.446995689640989,0.503765117047769,0.956959091491259
STMP1,0.123898870807748,6.88836512400853,0.446870794568271,0.503824722189239,0.956959091491259
CYFIP2,0.103248770094347,7.30133293460021,0.446421581470592,0.504039205098455,0.957086241998553
TXNRD1,-0.175954456284553,5.63734526085321,0.44627001242419,0.504111609022333,0.957086241998553
LRRC59,0.215751819385097,5.11526819238476,0.445742550231273,0.504363714282154,0.957356031711578
RESF1,0.237799041218008,8.57377700118371,0.445234992789949,0.504606509568202,0.957448005986378
NFIL3,-0.319188892939198,4.62080707512702,0.445181319991569,0.504632196192062,0.957448005986378
ZNF770,0.215527831409687,5.36686856728395,0.444458627876305,0.504978278868637,0.957531349490908
FASTKD3,-0.314023042635302,3.96807041157124,0.444299913971747,0.505054338184633,0.957531349490908
TBL3,0.31193983581817,4.3418694757613,0.444036255704898,0.505180732608987,0.957531349490908
MTG2,-0.281192286330372,4.4506896761631,0.443990001849301,0.505202911706713,0.957531349490908
RHOQ,0.266632620301699,4.82916414784154,0.443521346884097,0.505427729680273,0.957531349490908
EIF4E3,0.175950313391906,6.14118193191335,0.443268920126748,0.505548892108711,0.957531349490908
EXOC1,0.205125484305638,5.48404731299414,0.442779477568502,0.505783961785998,0.957531349490908
MBD1,0.200060156615953,5.1666004790623,0.44200630983878,0.506155681311507,0.957531349490908
RB1CC1,0.117184332345966,6.78987046748235,0.441597073257416,0.506352621715358,0.957531349490908
LINC00339,0.0447182635524766,4.12396283211781,0.441107909291258,0.506588198928139,0.957531349490908
SETD3,0.208367358602592,5.36047123184284,0.4409416183716,0.506668326098262,0.957531349490908
LINC01550,0.275979834622227,4.75901430445979,0.440866622766901,0.506704469804638,0.957531349490908
TMEM219,0.120007406291854,6.66210490433288,0.440723466143929,0.506773475626591,0.957531349490908
AASDH,-0.252719909647136,5.04730856497597,0.440286611314413,0.506984152726405,0.957531349490908
NDUFAF8,0.140336617533093,6.52700456013793,0.440283998686851,0.506985413141905,0.957531349490908
MAPK6,-0.172309660031032,5.34544512881767,0.440200125317407,0.507025879213044,0.957531349490908
VPS54,0.272011232707,4.42533479492772,0.440033590609815,0.507106243050018,0.957531349490908
TRMO,-0.295598967651709,4.33911479013334,0.439609047466448,0.507311211864808,0.957531349490908
RUNX1,0.139328257355054,6.16184552889507,0.439303257358853,0.507458935178464,0.957531349490908
PBX3,-0.315548619689359,4.08604774083608,0.439193071457172,0.507512182723839,0.957531349490908
CCT8,-0.122509616040097,7.05273754334639,0.438912759355588,0.507647687423799,0.957531349490908
DNAJC9,-0.164803118302197,5.66214490581208,0.438686686735309,0.507757017768438,0.957531349490908
ECHS1,0.120724083031076,6.32144316248153,0.438253961868725,0.507966399705109,0.957531349490908
GSPT1,0.107568140158862,6.83099894647533,0.438225630856362,0.507980113374973,0.957531349490908
SH3BGRL,0.116553285126925,7.39887764090897,0.438224611124785,0.50798060698949,0.957531349490908
SLC2A4RG,0.119826034474734,6.58817198213722,0.437804970441773,0.508183809737423,0.957531349490908
ADAM15,-0.395058106278375,3.82109984777518,0.437128998191994,0.50851143062868,0.957531349490908
NOM1,0.192988230803185,5.23203609093048,0.437051501321875,0.508549013999429,0.957531349490908
LDLRAP1,0.265445730145349,4.46212636524962,0.436804242933828,0.508668958005104,0.957531349490908
SUPT4H1,-0.111859087382076,6.85053641538849,0.435942617634741,0.509087310288304,0.957531349490908
MAP4K1,0.170901352559141,5.7595727777027,0.435913811214039,0.509101307169185,0.957531349490908
BAHD1,0.333850339712691,4.14048644224325,0.435842706627611,0.509135859338246,0.957531349490908
PTGES3,-0.0614534518943925,8.40775489730731,0.435757641334773,0.509177200812805,0.957531349490908
TRAPPC4,-0.17418952812853,6.49412950239515,0.435315101049142,0.509392367563311,0.957531349490908
ATP2C1,0.22406109543032,4.90879328921777,0.434925271923248,0.5095820357974,0.957531349490908
KIAA0753,0.335301369619645,3.9576359330336,0.434681123444145,0.509700886407495,0.957531349490908
OLMALINC,-0.3559996213532,3.68080982478548,0.434561413779289,0.509759178142946,0.957531349490908
MOSPD2,-0.224505038951838,4.86573970447833,0.434240155394992,0.50991566948476,0.957531349490908
SH2B3,0.218807669678906,4.73837215263152,0.43365762363821,0.510199644159054,0.957531349490908
INPP4B,0.210080706193468,6.19078987680797,0.432677744806476,0.510677936408388,0.957531349490908
GNE,0.301387997604312,4.20749535421952,0.432671261095461,0.510681103779776,0.957531349490908
MAP4K5,0.22066059040547,5.11566841753148,0.432230994891084,0.510896258732608,0.957531349490908
GYG1,0.182864952888265,6.52617158627166,0.432162036214482,0.510929972561093,0.957531349490908
EIF2S1,0.133814935714421,6.13062720538153,0.432084035846462,0.51096811150683,0.957531349490908
IFT43,0.285076232250922,4.49590282551172,0.431905364003711,0.511055493212756,0.957531349490908
QKI,-0.128554915179869,6.27235094743857,0.431833821488011,0.511090489233857,0.957531349490908
SEC22C,-0.170559923721946,5.81590027560883,0.43173427184357,0.511139192240119,0.957531349490908
SUZ12,0.0985686342315581,6.91346798123795,0.43156796906467,0.511220571041462,0.957531349490908
LIMK1,0.252567823906906,4.9352857441566,0.431388216782992,0.511308556485088,0.957531349490908
ABHD17A,0.115805588517372,7.68481672181687,0.431224026569947,0.511388947514412,0.957531349490908
SGTA,-0.21417764636743,4.91163223233976,0.43102360398882,0.51148710837713,0.957531349490908
KLHL12,-0.28221456246429,4.22857889080762,0.43025977784767,0.511861506747664,0.957531349490908
CAPZA1,-0.113219389285459,8.09826962294436,0.429945010483291,0.512015931991229,0.957531349490908
EIF1B,0.109652042513833,7.51054683886274,0.429898831553395,0.512038594228228,0.957531349490908
TTN,0.306129792489502,5.27456881167098,0.429895125636307,0.512040412976632,0.957531349490908
FMR1,-0.152874538665293,5.91313117114001,0.429720011744795,0.512126366188734,0.957531349490908
SEC62,-0.0782005811971165,8.23247702552901,0.429669507464556,0.512151160451079,0.957531349490908
NUDT14,-0.195640804925636,5.68722326217917,0.42961387904268,0.512178472739355,0.957531349490908
TXN,-0.115212929953685,8.5385631821823,0.429054933632211,0.512453042599609,0.957531349490908
MAGOH,0.118847728207384,7.19230674280422,0.428876534356583,0.512540731198135,0.957531349490908
ZNFX1,0.186915214503917,5.49013198529544,0.428103400897609,0.512921050923451,0.957531349490908
ZFAT,-0.250977533471613,4.22697979353049,0.427967993789213,0.51298771084004,0.957531349490908
KLC2,0.277130838454066,4.33108860658907,0.427891365516718,0.513025441043556,0.957531349490908
MED30,0.189595652445609,5.7059500209371,0.42735949087918,0.513287458322772,0.957531349490908
ANAPC10,0.222008091405907,5.14234997866232,0.426970435769693,0.513479265873218,0.957531349490908
RAB3GAP1,0.156745823345239,6.05924028431932,0.426791267756549,0.513567639201252,0.957531349490908
RRAGB,0.284264808159075,4.20034813051048,0.426717430567955,0.513604066562381,0.957531349490908
DUSP6,0.27395317156957,5.89163683260827,0.426692478405361,0.513616377655359,0.957531349490908
HEATR5A,0.333733022907152,3.85702177292898,0.426525440587447,0.513698805307955,0.957531349490908
MFSD10,0.144352933504375,6.93530984662658,0.426298427307174,0.513810865789612,0.957531349490908
CCNI,0.0701736828636714,8.98804884446928,0.426114126169036,0.513901873596472,0.957531349490908
ZNF831,0.177641953699916,5.4818430014226,0.425942708925486,0.513986544539359,0.957531349490908
TSC22D2,0.213189327266467,5.30394994514617,0.425789339085299,0.514062321626069,0.957531349490908
CYB561D2,0.143588817742246,6.06787239222863,0.425569118840055,0.514171162247542,0.957531349490908
DHX40,0.189232717016879,5.1300832281741,0.425447198760054,0.51423143672274,0.957531349490908
TMEM150A,0.36749575948101,3.68265873874373,0.425388641233884,0.514260390589387,0.957531349490908
SLC9A6,-0.305085539110387,3.99023913916008,0.425387804318724,0.514260804424074,0.957531349490908
C9orf85,0.219334052375629,4.8507858905642,0.425319935269858,0.514294365989979,0.957531349490908
AP1G1,0.183753284887408,5.49655645209456,0.425130175703103,0.51438822325153,0.957531349490908
KLHL18,0.267693673460937,4.72428475302835,0.425093970243687,0.514406134278814,0.957531349490908
SLC25A6,0.112803349748674,8.7410412447911,0.425034459197146,0.514435577061963,0.957531349490908
STAT1,-0.170796803418306,6.91602815619972,0.424818778932787,0.514542308378334,0.957531349490908
RSAD1,0.218590873934729,4.85824212419736,0.424666961397481,0.514617459802235,0.957531349490908
TRMT1,0.269194778637749,4.48830921156477,0.424546216077069,0.514677243787456,0.957531349490908
NFATC3,0.214895521472879,6.2796950616688,0.42451068189256,0.514694839944854,0.957531349490908
PAQR8,0.263553674039527,4.35288018235934,0.424250822837951,0.514823551334155,0.957531349490908
LSM14A,0.0976298957852602,7.07323037928908,0.424145537365193,0.514875716507345,0.957531349490908
ERCC5,0.201015015557219,5.98778394167319,0.423878343843111,0.515008142711698,0.957531349490908
CWF19L2,-0.164286519242739,6.50130378737406,0.423859752502754,0.515017359145773,0.957531349490908
GFOD2,0.353428715945481,4.59674211224888,0.423833884895334,0.515030183180812,0.957531349490908
FOXP1,-0.07931745062276,7.82759383633889,0.423759140803959,0.515067241182796,0.957531349490908
CEP152,0.266174851826099,4.24527069549602,0.423730320584028,0.51508153144515,0.957531349490908
NFATC2,-0.130307711640512,6.55997551678739,0.423548020699688,0.515171939334561,0.957531349490908
MZF1,0.260126788749838,4.37027225128996,0.423348512630373,0.515270913017952,0.957531349490908
INTS6-AS1,0.320800143006091,3.89512351231811,0.423262706604483,0.515313490619906,0.957531349490908
MRPL45,0.262425904558036,4.56890327758957,0.422773397786028,0.515556406820333,0.957531349490908
MRPS23,0.187890533002458,5.71146402153666,0.422752976910022,0.515566549062889,0.957531349490908
HAUS1,0.210443342236449,5.04830598333662,0.422370874399647,0.515756388585851,0.957531349490908
LAT,0.113533717945925,7.69339546213866,0.422319768491082,0.515781788731947,0.957531349490908
CCT5,-0.152613354895077,6.99379005107778,0.4221551665199,0.515863612413331,0.957531349490908
ORC4,-0.26687065298407,4.83505118056002,0.42190069745396,0.515990153706747,0.957531349490908
TMED8,0.316212859230832,4.49149860688556,0.421631120049746,0.516124267214145,0.957531349490908
TMC6,0.104935963630811,7.00556203409447,0.421520725682488,0.516179205490982,0.957531349490908
PARVG,0.122765367987757,6.83499314922733,0.42134366809632,0.516267340390428,0.957531349490908
TNFSF10,-0.17244861444709,7.06222444695282,0.421280600597239,0.516298740193507,0.957531349490908
FBXO9,0.16261614659656,5.93075146924141,0.421084133888209,0.516396577696617,0.957531349490908
CLOCK,0.233891000754534,4.77248676524587,0.420562291626609,0.516656604967624,0.957531349490908
DGAT1,-0.217611780014995,4.95482371493036,0.420440866932466,0.516717142193037,0.957531349490908
CLK2,-0.354579620929814,4.17092821064401,0.42002013910183,0.516926995416315,0.957531349490908
DIS3L,0.218648385890298,4.79840168113653,0.419969868902282,0.516952079477807,0.957531349490908
TMEM154,-0.212927047139234,5.42049279443495,0.419863297544854,0.517005264007609,0.957531349490908
NOP9,0.343839613250893,3.86047244991265,0.419477886510121,0.517197683757589,0.957531349490908
PIK3AP1,0.208178417170272,5.39782453406961,0.419419128494528,0.517227030221153,0.957531349490908
PLAGL2,0.271154286968975,4.2821075737723,0.419151719163015,0.517360623643695,0.957531349490908
RPL24,0.0576657643122504,11.0262340241885,0.419082257744051,0.517395335351958,0.957531349490908
ZNF584,0.38743355115075,3.62741184912866,0.418995278527966,0.51743880692356,0.957531349490908
VANGL1,0.369587831221128,3.86142657342478,0.418549454136032,0.517661727234599,0.957541662623293
PLAGL1,-0.229290042386774,4.45791751809775,0.418544053543084,0.517664428661679,0.957541662623293
RCN1,0.336116988457566,3.96907017798307,0.418142655047657,0.51786528117961,0.957577142204947
CCDC146,0.395933540981465,4.56902763399504,0.417919596274633,0.517976954843369,0.957577142204947
CCDC167,-0.231401519477338,7.47829281477852,0.417786411847771,0.518043653351875,0.957577142204947
EMB,-0.122121780378155,7.85925911470829,0.417626567188261,0.518123723157888,0.957577142204947
CD274,-0.391824979950557,3.595540214441,0.417338017401455,0.518268319289573,0.957641015451625
PRNP,-0.125573250688934,6.72088000832634,0.417114222074757,0.518380514893125,0.957645005543381
PRAF2,-0.196290632227331,5.27976677485517,0.416513762165522,0.51868175512041,0.957994197967082
CNOT3,0.171540939805189,5.30011367448072,0.416201093660447,0.518838737239767,0.957994197967082
PPP1R14B,0.137076113024407,7.19815313655257,0.416055821884644,0.518911702554223,0.957994197967082
THAP3,0.332610291556087,4.58546928204011,0.415707987782035,0.519086481701936,0.957994197967082
C15orf61,0.168207020072198,5.97239646822019,0.415502560553616,0.519189753089739,0.957994197967082
KLC4,-0.339441441945779,3.80050146180071,0.415422534240253,0.519229993313883,0.957994197967082
DNAJC27,0.258640964504289,4.36489306636453,0.41472418011508,0.519581384898756,0.958306378334144
MRPS34,-0.11430352629913,7.01507713153854,0.414281817443726,0.519804185591831,0.958306378334144
CCDC69,0.114401391803094,6.53331225463361,0.414230062609148,0.519830263459923,0.958306378334144
SNRNP35,0.186396871647581,5.39949797974445,0.414211449049297,0.519839642895035,0.958306378334144
ACOX1,0.263178759308213,4.43581819976969,0.413427068547307,0.520235166002145,0.958470421622129
RAVER1,0.258158400490698,4.37948542654066,0.413401765147828,0.520247934044924,0.958470421622129
GIPC1,0.19830758012762,5.45581933659827,0.412805197057384,0.520549121178246,0.958470421622129
SAYSD1,0.222935980808666,4.84449030238942,0.412691097470068,0.520606761242093,0.958470421622129
IMMP1L,-0.189285221315777,5.26487913603712,0.412677760072757,0.520613499673753,0.958470421622129
GGPS1,-0.185153855468842,5.40814550173666,0.412415744252407,0.52074590870632,0.958470421622129
PDIK1L,0.346198499654777,3.99416314561571,0.412251428163646,0.52082897573984,0.958470421622129
CDKN1A,-0.314900741299657,4.2291445612687,0.412122383815312,0.520894228173129,0.958470421622129
C21orf58,0.357897255126028,3.70249605230105,0.412071803294548,0.520919808603087,0.958470421622129
C8orf76,-0.186107533321492,5.09796616290631,0.411578125852547,0.521169595921235,0.958727328958467
MRRF,-0.337395875421034,4.22778836975485,0.411305495842239,0.52130762991965,0.958777739360627
LYPLA2,0.236131766510778,5.61355805065332,0.411088914915613,0.521417331999753,0.958777739360627
PIAS4,-0.23692198425253,4.87675010111928,0.410319573337219,0.52180734712019,0.959164429589972
IPMK,0.336870250506337,3.92140723585899,0.410050796603269,0.521943724134866,0.959164429589972
ARHGAP19,0.279272483810457,4.14496168036902,0.409975158871507,0.521982113998957,0.959164429589972
SPTY2D1,-0.142472695517775,6.49013531025846,0.409598081763635,0.522173573678356,0.959164429589972
BAG6,0.16673550747433,5.49481744233801,0.409245860750247,0.522352525003004,0.959164429589972
SPICE1,0.276087913533124,4.19074560129635,0.40910485235149,0.52242419691897,0.959164429589972
POLRMT,-0.223332683491077,4.73473688391184,0.409008941682353,0.52247295645353,0.959164429589972
DUS3L,0.300796952264933,4.23765471058938,0.408638994211266,0.522661107644749,0.959164429589972
MCFD2,-0.198348996283259,5.0797510533856,0.408523502853274,0.522719869844996,0.959164429589972
COX20,0.0927418926224109,7.06852722108817,0.408504114791008,0.52272973567106,0.959164429589972
ATMIN,0.213480257446991,5.32745169781138,0.407648940721092,0.52316522866159,0.959704415931386
PAICS,-0.214284049119552,4.80523274770529,0.407316484230002,0.523334704017115,0.959704415931386
DLG1,0.213547457415477,6.01349377775988,0.406985226369006,0.523503665187942,0.959704415931386
PPP1R10,0.14182046600461,6.99696605160239,0.406884425901467,0.523555098608652,0.959704415931386
ARHGEF9,0.190071011531781,5.21063376902325,0.406844674953035,0.523575383987386,0.959704415931386
SAE1,0.207268545160908,5.18363522493777,0.406168114172282,0.523920854911413,0.960135439101712
AEBP2,0.150408272210851,5.71471538584594,0.405814814384867,0.524101420537379,0.96020191003403
HMG20A,0.249552152164148,4.40740701840896,0.40553344810246,0.524245301207276,0.96020191003403
UBA3,-0.177279479093819,5.3814920417157,0.405063810580248,0.524485613413958,0.96020191003403
ITGA5,0.270603156911699,4.44318415365899,0.405001763291239,0.524517377475943,0.96020191003403
TSPO,-0.0930480811553619,7.75321483644629,0.404487478002647,0.524780788820871,0.96020191003403
EPB41L4A-AS1,0.128530929276409,6.78118878662194,0.40398686663789,0.525037422522222,0.96020191003403
AKT1S1,-0.35925722524987,3.81057127092558,0.40357821342257,0.52524708029707,0.96020191003403
HNRNPK,0.0941416549253556,8.82725801321552,0.403527487307478,0.525273115506241,0.96020191003403
RPL36,0.0704253633914942,11.2839707661231,0.403437425547811,0.525319345418012,0.96020191003403
PCIF1,-0.173984310084715,5.36297388458388,0.403435507890924,0.525320329855807,0.96020191003403
WIPI2,0.235252150109667,5.71257118079134,0.403303875603694,0.525387911732575,0.96020191003403
TAF7,0.113876470147585,7.41573167423245,0.403158638633361,0.525462496407154,0.96020191003403
TTBK2,-0.238844185390873,4.72853611145403,0.403148798796348,0.525467550217241,0.96020191003403
ZNF445,0.245874945507644,4.82514857868322,0.403082223109426,0.525501746236021,0.96020191003403
SLC16A1,-0.256856090396968,4.84085848266739,0.402208087570568,0.525951106229045,0.960687802603182
ZNF721,0.155417325438953,5.90611945669373,0.402135525527768,0.52598843840103,0.960687802603182
ZSCAN16-AS1,0.17413294268381,5.26064517787339,0.401902343360868,0.526108439396603,0.960705360484396
MRPL2,0.17598421420432,5.3372561980636,0.401317151726293,0.526409807747689,0.960793693062078
AAR2,0.295812077729206,4.03993775790103,0.401128940250771,0.526506800382348,0.960793693062078
TENT4B,0.163461990220289,5.37957423372782,0.401087265727893,0.5265282811831,0.960793693062078
NPHP3,-0.179729587678316,5.54132017004746,0.400951241485103,0.526598404677251,0.960793693062078
TMEM192,0.216533015817982,4.81920510716676,0.400642121622642,0.526757824762071,0.960883116517356
ATP13A3,0.157237792261607,5.46246586260196,0.399929241666946,0.527125801671224,0.96135286084339
DNAJC16,0.305556902856022,4.53868038024502,0.399424743010169,0.527386493115536,0.961537916834263
TMEM60,-0.212428056281594,5.26131038759626,0.399305317620851,0.527448237960103,0.961537916834263
ERAL1,-0.33274823483761,4.09984257528164,0.397813956009529,0.528220385858163,0.961703465585462
SEC63,0.203849603747562,5.97900164487682,0.397741683688352,0.52825785600819,0.961703465585462
SYF2,-0.0866044586537033,8.04788122738293,0.397709476168274,0.528274555781578,0.961703465585462
CCDC57,0.165909506215439,5.50352444473026,0.397655970251449,0.528302300978278,0.961703465585462
WAS,0.111634178686219,7.08291839936509,0.397333333309494,0.528469657892069,0.961703465585462
CCDC71L,0.22931894397735,4.79204239516088,0.396899062330917,0.52869507112458,0.961703465585462
SCAMP1-AS1,-0.247924373637252,4.75621851066488,0.396810978247629,0.528740813171348,0.961703465585462
SLC4A7,-0.143695688633507,6.79530614011036,0.396738379222917,0.528778519161675,0.961703465585462
NDUFA11,0.0748374501679741,8.07609009283075,0.396634327678028,0.528832569152229,0.961703465585462
CSKMT,-0.157049972016219,5.83664518371535,0.396328945099906,0.528991258546212,0.961703465585462
AREL1,0.244346321553683,4.33304426470507,0.396302116275734,0.529005203989867,0.961703465585462
THAP5,0.181607847685343,5.44862259890631,0.395749975233588,0.529292349674101,0.961703465585462
KLRD1,0.191481000912473,8.98809241092128,0.395745961732882,0.529294437952918,0.961703465585462
LMAN2,0.129347648145159,7.1689544721121,0.395668951510423,0.529334510278286,0.961703465585462
IRS2,-0.284403889469584,4.36393856747254,0.395500811411353,0.529422021018992,0.961703465585462
HABP4,0.203771780921459,5.20204079169947,0.395405366287616,0.529471708248179,0.961703465585462
PRR7,-0.27240000061689,4.24859660024233,0.395367739846986,0.529491298280675,0.961703465585462
BEX2,0.205918879829067,4.70494332198367,0.39495296972758,0.529707332666747,0.961703465585462
PRR12,0.186735614013715,5.2344582028389,0.394802699618975,0.529785640400961,0.961703465585462
CD82,-0.230992448878408,5.81116817116669,0.394569592737195,0.529907156611601,0.961703465585462
STK39,0.170855476241748,5.52877232129559,0.394484425877703,0.529951565702006,0.961703465585462
APOL6,0.115622455745741,7.56555087406683,0.394448876009648,0.529970104670559,0.961703465585462
MTRES1,0.27593597640352,3.8174279553647,0.39382113150776,0.530297660397206,0.961931190006767
PLPP1,0.342046454475464,4.55617065413689,0.393703126272907,0.530359275901723,0.961931190006767
PTPN23,-0.26760685464521,4.39558298132452,0.392934892677218,0.530760717916051,0.961931190006767
RBM18,-0.196028570672188,5.23939155406149,0.392706244963829,0.53088030380097,0.961931190006767
KBTBD4,0.320501001677139,4.08588291704043,0.392640223945239,0.530914842718903,0.961931190006767
TRIT1,-0.291007116404947,3.95331412532124,0.392613251867465,0.53092895433394,0.961931190006767
ATF6,0.199075297699098,5.30262682849761,0.392336603536346,0.531073733917331,0.961931190006767
QRICH1,0.22225653369541,5.31374606306333,0.392249468099507,0.531119349605375,0.961931190006767
WDR45,0.211680315572703,5.14902655306357,0.392118746958193,0.531187795784028,0.961931190006767
PRPF8,-0.116339045260497,6.76990477994954,0.391914967043224,0.531294527550479,0.961931190006767
MAP2K7,0.237136088003478,5.18605311273712,0.39174601284483,0.531383048290084,0.961931190006767
AP4B1,0.27078162458772,4.29732039272104,0.391500183172283,0.531511894115173,0.961931190006767
TBC1D31,0.224131596209375,5.09975399336274,0.391029048312547,0.531758985732561,0.961931190006767
SLC25A17,-0.347997816813069,4.22122662790706,0.390837806748728,0.531859343464461,0.961931190006767
NARF,0.146818936249333,5.85999994277594,0.39082650717528,0.531865274203924,0.961931190006767
PPM1D,0.293771586008715,4.12035792092081,0.390585443119267,0.531991828467515,0.961931190006767
SLC39A1,0.257034308666703,4.93311253817331,0.390355152876655,0.532112777405553,0.961931190006767
GLYR1,-0.175370125911439,5.6132139010877,0.390310339373681,0.532136319320523,0.961931190006767
GEMIN4,0.363135966553419,3.61641716290728,0.390197429162539,0.532195642868273,0.961931190006767
POLR2A,0.151528348151668,6.27262952683386,0.389416830336554,0.532606099804426,0.962129220837356
MAML1,0.184221901147994,5.03736373712633,0.389206623328157,0.53271672920323,0.962129220837356
BROX,0.125952471812622,6.14930029418232,0.388916794134891,0.532869330871745,0.962129220837356
SELENOS,-0.104412944052653,7.2698101240344,0.38826404095178,0.533213309716661,0.962129220837356
COQ9,-0.216269329231264,4.86385521530006,0.387987689374093,0.533359058611241,0.962129220837356
PHYH,-0.235958664266347,4.77588451753172,0.387956624024138,0.533375447101728,0.962129220837356
CISD3,-0.143556582562521,6.13045689065623,0.387492610355261,0.533620345444696,0.962129220837356
HTATSF1,-0.112414320412775,6.49872295959374,0.387336573236894,0.533702744834048,0.962129220837356
ZNF292,0.110561919620863,7.18044558061098,0.387193889995482,0.533778112524054,0.962129220837356
AP3S1,-0.169414063892411,6.16509480414299,0.387143808410475,0.53380457102776,0.962129220837356
GTF2A1,-0.176117621643216,5.3044820251915,0.386960479854658,0.533901445230879,0.962129220837356
HMBS,-0.347044474653108,3.70498141900164,0.386584985502367,0.53409996279408,0.962129220837356
ATP23,0.373784644141326,4.0741393751458,0.386126898558468,0.534342326776446,0.962129220837356
MAPRE2,0.13791198497667,5.85359854472041,0.386100255090252,0.534356429395945,0.962129220837356
VPS29,0.158553519626192,6.99846265852448,0.386018414946967,0.534399752313786,0.962129220837356
CHMP1A,0.179439598694344,5.82116419004256,0.385828225902447,0.534500455421027,0.962129220837356
VPS45,-0.177867425888039,5.11603520060639,0.38555301859828,0.534646235720072,0.962129220837356
NDUFAF6,-0.371935962998669,4.02851550598615,0.385537324097225,0.534654551440405,0.962129220837356
SOCS2,-0.251596600420564,5.08700736624271,0.385482274709069,0.534683721173967,0.962129220837356
RGS1,0.262982099834582,7.57003786991732,0.384970254623447,0.534955170226247,0.962129220837356
LSS,0.254917712725546,4.33052862704203,0.384875127386003,0.535005629767129,0.962129220837356
SMPD4,-0.22007232710397,4.68542182073546,0.384803198868854,0.535043789452066,0.962129220837356
ISOC1,0.300722202232431,4.7901108606938,0.38471332382602,0.535091477111304,0.962129220837356
TWF1,0.178301543548989,5.1698112427939,0.38448779533317,0.535211176403755,0.962129220837356
BCL6,-0.232742007449186,4.83482029900346,0.384242250933717,0.535341554420801,0.962129220837356
SPSB2,0.350577974902808,4.48976702242322,0.383963394845441,0.535489690071108,0.962129220837356
ESRRA,-0.222787732011773,5.25261528088739,0.383942362329687,0.535500866112885,0.962129220837356
USP12,0.185039916018534,5.21669966611816,0.383436110724531,0.535770000779998,0.962129220837356
ACP6,0.309853764722013,3.79341431561528,0.383397351705826,0.535790616068818,0.962129220837356
ABHD11,-0.322302979848085,4.05098509355168,0.38327688675281,0.535854698613343,0.962129220837356
SMIM13,0.310375955385313,4.48403264233942,0.383265732999295,0.535860632669416,0.962129220837356
CENPX,-0.17318119183397,6.53762933337113,0.382832389133196,0.536091274190856,0.962129220837356
ARHGEF19,-0.318857508993764,3.82139877262654,0.382780647383505,0.536118825112744,0.962129220837356
ARHGAP33,-0.372837777263084,3.64389023355478,0.382631050442718,0.536198495460338,0.962129220837356
AP3D1,0.158883137758198,5.87580236857295,0.382366059594492,0.536339673629103,0.962129220837356
SCOC,-0.215613574022202,5.13181357744848,0.382340124928188,0.536353494375813,0.962129220837356
SHKBP1,-0.147190278863456,5.8854333721889,0.382261105438413,0.536395608353769,0.962129220837356
COG6,-0.249507981104515,4.26575608373563,0.381837093543375,0.536621691209274,0.962208360361784
GPR183,-0.20762225883167,7.2838145620434,0.381508824803337,0.536796843040026,0.962208360361784
TAF10,0.121349945710682,7.04427417679103,0.381109195674483,0.537010210647876,0.962208360361784
GMFG,0.0567233564481009,8.75964552477954,0.380650795796432,0.537255147122553,0.962208360361784
FANCI,0.30778424585452,3.70133109972607,0.380379169327291,0.537400381191103,0.962208360361784
RPL4,0.0480758753836584,9.57777136622767,0.380188915674337,0.537502149227012,0.962208360361784
SMARCAD1,0.203280039208798,5.14897565768416,0.380161162682654,0.537516997437344,0.962208360361784
SPATS2L,-0.170125118811201,6.19379198633029,0.379945468552091,0.537632422098172,0.962208360361784
ZNF655,0.134054801339999,6.39811905897004,0.379836758725297,0.537690613255743,0.962208360361784
STK26,0.175183547814631,5.53177351350885,0.378733231048294,0.538281970503845,0.962208360361784
ZNHIT3,0.123140637329287,6.44514494418765,0.378627441828204,0.538338723097648,0.962208360361784
RGS19,-0.130812870097878,6.50143407515793,0.378154434083122,0.538592610664605,0.962208360361784
C9orf72,-0.272046194917587,4.48772952588985,0.378113784979547,0.53861443933749,0.962208360361784
ABCE1,0.144188596922235,6.06176957463233,0.377579774209675,0.5389013547437,0.962208360361784
BLMH,-0.239596282116692,4.83756292724334,0.377498231763131,0.538945190786177,0.962208360361784
LINC01410,-0.383860545482935,3.58945715972613,0.376782761194519,0.539330097334961,0.962208360361784
PGAM1,0.15019628083383,6.77985211467238,0.376670399625226,0.539390590957795,0.962208360361784
MED25,0.357506104465717,4.8858776283651,0.376534391831143,0.539463831939115,0.962208360361784
FAM228B,0.251349319038595,4.64048025824373,0.375934910777243,0.539786873098564,0.962208360361784
MTDH,-0.0696318836941853,8.37876723967913,0.375785817708529,0.539867269612189,0.962208360361784
ZNF621,0.214426154656011,4.88791850012238,0.375616779693232,0.539958447726416,0.962208360361784
TXLNA,0.150783171901647,5.67841546821694,0.375387066490781,0.540082398927509,0.962208360361784
MXRA7,0.237262058583836,5.21760439580997,0.37515346361225,0.540208502468858,0.962208360361784
EDC3,-0.286688119558953,3.90430828266489,0.375003596155057,0.540289432375023,0.962208360361784
DYNC1I2,0.103401912964374,6.97203234704448,0.374765515733118,0.540418043884321,0.962208360361784
AKT3,0.193419982023273,5.17369020563869,0.374733852962621,0.540435152405869,0.962208360361784
FAM153CP,0.1203289777059,3.562026079497,0.374632291465293,0.540490036402695,0.962208360361784
LTN1,-0.130764649016728,5.84967883876844,0.374433759966628,0.54059735268494,0.962208360361784
HES6,0.303693009570612,4.0049854580081,0.374423808464147,0.540602733002755,0.962208360361784
LPAR6,0.275248633770498,4.37328604509983,0.374084726655088,0.540786117622698,0.962208360361784
C15orf40,-0.145588271982533,5.75202615709704,0.373866731776868,0.540904075474609,0.962208360361784
SP4,0.182656490120404,5.62708634312729,0.373848396277555,0.540913999036499,0.962208360361784
PEX19,-0.283273490691537,4.54938206342272,0.37366985672714,0.541010645916946,0.962208360361784
TMED10,0.117161816492669,7.15721247990984,0.373582925523898,0.541057714924911,0.962208360361784
FYB1,-0.0864686980821246,9.3532453342737,0.373481985435774,0.541112378500163,0.962208360361784
ZNF567,-0.197964568153792,4.76560658553786,0.373449846507283,0.541129785297774,0.962208360361784
GNLY,0.372145849151571,10.5958986076687,0.373203237026601,0.5412633859505,0.962208360361784
RNF135,0.293335998833375,3.9266200924881,0.372937446075708,0.541407446049173,0.962208360361784
FOCAD,0.34516423528632,3.7836426967877,0.372921844890232,0.541415904163831,0.962208360361784
RCHY1,-0.193886735203392,5.1295863775708,0.372718455117941,0.541526193272222,0.962208360361784
R3HDM4,0.147636440245877,6.09441047646815,0.372692638043635,0.541540195662606,0.962208360361784
NDUFA13,-0.112767988261997,8.83224755311195,0.372135210853614,0.541842689577354,0.962208360361784
LRRFIP2,0.175795395531289,5.41489889737319,0.372025536577194,0.54190224211019,0.962208360361784
TUT4,0.121197360146802,7.03750291593049,0.371728397499179,0.542063647543843,0.962208360361784
TGFB1,-0.103609288268325,7.92092977423668,0.37141059382904,0.542236375911853,0.962208360361784
UBQLN4,0.244297493010412,4.32657532658185,0.371181145637458,0.542361145510724,0.962208360361784
RPL35A,0.0561680962922624,11.4875724105419,0.371119968032918,0.542394421667097,0.962208360361784
OSM,-0.457417729000821,4.91611713143276,0.371115690722988,0.542396748352491,0.962208360361784
RIC8A,-0.170101744002825,5.64701114584882,0.370802394740593,0.54256721883495,0.962208360361784
PSMA6,0.133221289642951,7.15055480730046,0.369765707633359,0.543132005244059,0.962208360361784
DHX58,0.305017527698658,4.41557579831444,0.369508691444111,0.543272195239202,0.962208360361784
PNPLA8,-0.132472615926361,5.8748313883581,0.36950013413589,0.54327686398859,0.962208360361784
CDK13,-0.102744735173351,7.07470130094489,0.369423430226544,0.543318715890484,0.962208360361784
MFNG,-0.133234663329121,6.11591711486287,0.369325822415654,0.543371982178045,0.962208360361784
TNPO2,0.282100441392359,4.19454060307411,0.369307628179817,0.543381912156123,0.962208360361784
GSTZ1,-0.381908639321702,3.73709868517312,0.369109939395429,0.543489827555084,0.962208360361784
ATXN7L3,0.224819984233894,4.93974913661117,0.369082144585324,0.543505003505397,0.962208360361784
SRSF6,-0.117449082985712,6.31498230760458,0.369078141415981,0.543507189298006,0.962208360361784
IVNS1ABP,0.199409336688788,8.03419868543207,0.368577316936229,0.54378077534258,0.962208360361784
MMP24OS,-0.152769004751658,6.04775218165455,0.36845022154569,0.543850244376578,0.962208360361784
MRFAP1L1,-0.122449668999461,6.29003084481554,0.367523477440365,0.544357289407232,0.962208360361784
NAP1L4,-0.0876933970069143,7.50770522763991,0.366956662574893,0.544667839126131,0.962208360361784
CUX1,0.198639405241113,4.96230878861663,0.366921928338748,0.544686880174294,0.962208360361784
GPAM,-0.345089433909231,3.64103026767584,0.366683532365158,0.544817600315567,0.962208360361784
EHMT1,-0.174282637617445,5.87545221006491,0.366620859020461,0.54485197575677,0.962208360361784
ATP11B,0.135054660711391,6.22855129288436,0.366552032644499,0.544889730674823,0.962208360361784
NUP42,-0.613964683953667,4.65296528155298,0.366268234106354,0.54504546040922,0.962208360361784
ZFPM1,-0.188446075549074,5.51629997345412,0.366217484258261,0.545073317233424,0.962208360361784
SLC25A43,0.321150924994362,4.07444520339832,0.366129566577186,0.545121581893294,0.962208360361784
UBAP1,0.290533727896105,4.95279051970685,0.366031041063124,0.545175679402195,0.962208360361784
HSD17B10,0.121283261544476,6.27493068277818,0.365154179013871,0.545657577608418,0.962208360361784
MPV17,0.2032092708884,5.22557230941447,0.364983255704615,0.545751604133778,0.962208360361784
ELF4,0.294003678491163,4.29333857566228,0.364618513609688,0.545952352733416,0.962208360361784
VPS37B,-0.238938081955133,5.20981784737382,0.364568095000269,0.545980113161254,0.962208360361784
HEATR5B,0.184769610708341,4.99591946230289,0.363862948945187,0.546368640506812,0.962208360361784
MCPH1,-0.170141143751411,5.33179359416892,0.363737362755119,0.546437890911035,0.962208360361784
EIF4G3,0.182965731610349,5.96499628155453,0.363397200620678,0.546625544130771,0.962208360361784
FBXO21,-0.287421103356051,5.2759263919801,0.36312793467145,0.546774171819386,0.962208360361784
NOL11,-0.206657085219936,5.20203022007477,0.362774981213686,0.546969106604154,0.962208360361784
XRCC1,0.264672211654017,5.11456607696185,0.36276179392673,0.546976392394176,0.962208360361784
SH3BP5-AS1,0.306880030979485,3.74985129161984,0.362280690998151,0.547242318442287,0.962208360361784
SEC23B,0.189266565647362,4.98454748626706,0.362248093906281,0.547260344941121,0.962208360361784
ALG13,-0.144816535958987,5.79161941882479,0.361735047272461,0.547544210199679,0.962208360361784
TRMT11,0.198000551346968,4.97511575015467,0.361673317116647,0.547578383553971,0.962208360361784
CFLAR,0.0940022233183179,8.08762619963351,0.361518981819305,0.547663839803198,0.962208360361784
ANKRD26,0.239756545904806,4.60889120025045,0.361452767652882,0.547700510541708,0.962208360361784
EBLN2,-0.269112821810205,4.21370115219734,0.361383382575335,0.547738942301594,0.962208360361784
PEX6,0.261963640842247,4.28831372227672,0.361352600456446,0.547755993844175,0.962208360361784
MTO1,0.216617781466358,4.96838958398071,0.361338549507501,0.547763777599155,0.962208360361784
ZNF181,0.311611365160685,3.85850117597403,0.361217206541753,0.547831006110393,0.962208360361784
REXO1,0.183594932700096,5.19584754244767,0.359755774097522,0.548641903594798,0.962208360361784
LY6G5B,-0.379997493377865,3.70815956003798,0.359289911760577,0.548900865008911,0.962208360361784
UTP18,0.161022939373128,5.31963224409912,0.358651988884034,0.549255841092524,0.962208360361784
RALGAPA1,0.129737167480097,5.95594000446452,0.35848567112258,0.549348460116779,0.962208360361784
DIAPH2,0.229204603819423,4.94942749651882,0.358140624607017,0.549540702722484,0.962208360361784
SIDT2,0.299470868506874,4.15122884592622,0.358079192695698,0.549574942690195,0.962208360361784
GTF3C6,-0.139570801002583,6.83187316109518,0.358047326055377,0.549592705596102,0.962208360361784
WDR83,-0.226252419490007,4.66446084658999,0.357912873251298,0.549667663269677,0.962208360361784
OCIAD1,-0.0774570701271565,7.22747010177493,0.357844480712,0.549705799566243,0.962208360361784
GART,0.187054720222629,5.41990718748884,0.357788112642858,0.549737234629957,0.962208360361784
CHD9,0.143333316915116,6.67215054145175,0.357684709964389,0.549794908461972,0.962208360361784
NFATC1,0.217638774797068,4.491593223869,0.357662795573976,0.549807132876156,0.962208360361784
PNP,-0.159997574693212,5.86637550702115,0.357361954753596,0.549975001092873,0.962208360361784
TMEM134,-0.136396257607513,6.3534003894458,0.357320812962698,0.549997965535315,0.962208360361784
RBSN,-0.275735573352383,4.23146390552081,0.356237452202528,0.550603320349145,0.962208360361784
SPCS3,0.105117358529277,7.57443099774776,0.356062890728548,0.550700977683221,0.962208360361784
VTI1B,-0.122326040620424,6.1095591104422,0.355966609858758,0.550754855309733,0.962208360361784
COPE,-0.0962947102025359,7.85351070069779,0.35595301959067,0.550762461057386,0.962208360361784
BCL2L1,0.14457461804452,5.70102586483978,0.355899502434395,0.550792413667461,0.962208360361784
EIF2S3,0.128664886924996,7.51155820286331,0.355779821897499,0.550859407807866,0.962208360361784
H6PD,-0.178166651323592,5.11884492062631,0.355733922794148,0.550885105019145,0.962208360361784
CHCHD2,-0.0430833935797439,9.1691741650598,0.355601748247945,0.550959117218692,0.962208360361784
BBIP1,0.148640189906719,5.55020597267825,0.355480669822491,0.55102693242189,0.962208360361784
PM20D2,-0.219748622364397,4.68434645570794,0.355440064894061,0.551049678471638,0.962208360361784
BUD23,-0.183808967702099,6.07378748511943,0.355330226257472,0.55111121665358,0.962208360361784
PSME4,-0.199400147180565,6.00143363662304,0.355197611372674,0.551185532633683,0.962208360361784
IL17RA,0.167498289695423,5.30560509855162,0.355180173957415,0.551195305775476,0.962208360361784
GADD45B,0.19204381417714,7.02685280294855,0.354944872335306,0.551327216993294,0.962208360361784
SPPL2A,0.129162772766107,6.74713366951453,0.354815266665945,0.551399899857769,0.962208360361784
MRPL42,0.109661930116253,6.29348953652654,0.354657897572466,0.551488176631718,0.962208360361784
GRK2,0.0803422448082411,7.27782690974782,0.354568919394612,0.551538101011119,0.962208360361784
IMMT,-0.133424017235844,6.23148549341461,0.354475807631921,0.551590353772245,0.962208360361784
DHRS7B,0.295434334476037,4.07529302375677,0.354459631335615,0.551599432586406,0.962208360361784
TBC1D10B,0.195949685172366,5.04432409677755,0.354209577959793,0.551739808705252,0.962208360361784
SPEF2,-0.36651172603314,4.26409849098615,0.354122283403129,0.551788830328187,0.962208360361784
CBX1,0.162582118751353,5.54204570181439,0.354049929897869,0.551829467771629,0.962208360361784
RBAK,0.307211614728356,4.01191561074888,0.353971422335995,0.551873568009853,0.962208360361784
TPT1,0.049606225484773,12.9845661079455,0.353686163404944,0.552033862943475,0.962208360361784
BYSL,-0.31013069098924,3.88775701027602,0.35323244520459,0.552289000195325,0.962208360361784
CSNK1A1,-0.0976756836417011,7.75308956103324,0.353138866353525,0.552341649538391,0.962208360361784
PGRMC1,0.188287947132305,5.11237979140272,0.352677368106928,0.552601435873345,0.962208360361784
AMMECR1,-0.217544628730215,4.57706657454173,0.352617594224707,0.552635100570284,0.962208360361784
ATP13A2,0.261726359153518,4.67594838338281,0.352397516262894,0.55275908192288,0.962208360361784
KIR2DL4,0.398303003658666,4.81949631019964,0.352324449386057,0.552800255868755,0.962208360361784
NR2C2AP,0.179909228986069,5.06943854297184,0.352131695917953,0.552908902167169,0.962208360361784
TMEM164,-0.283372827650381,3.98227596319612,0.352101053743112,0.552926177460961,0.962208360361784
UMAD1,0.229568056258442,4.77888147053937,0.351809989476394,0.55309032293297,0.962208360361784
GFOD1,0.243237872753798,4.46926552785424,0.351040622612963,0.553524649179399,0.962208360361784
SRD5A1,-0.377869031086086,3.99674991715348,0.350926444903429,0.553589160052114,0.962208360361784
ATPSCKMT,-0.853202778369213,3.34430637638975,0.35083660520904,0.553639929814034,0.962208360361784
SNHG19,0.277751855626558,4.14959383012299,0.350706809285473,0.553713294951312,0.962208360361784
GLCCI1,0.173239106921329,5.78015270925512,0.350661098680263,0.553739136529735,0.962208360361784
EMC3,-0.126407604346901,6.27075909683394,0.350651215523552,0.553744724074249,0.962208360361784
COMMD8,-0.132887643536024,6.79061855372953,0.350141152159138,0.554033238136282,0.962208360361784
CHURC1,0.0931938559186144,7.87953638864043,0.350028671021562,0.554096900549649,0.962208360361784
TOB2,-0.144620319431179,5.6186289834382,0.350018795636434,0.554102490509301,0.962208360361784
PSTPIP1,-0.154189415346241,6.74083445356848,0.349964147505332,0.554133425997005,0.962208360361784
POLR3E,0.185626622510152,4.95044235357629,0.349852693184015,0.554196528724954,0.962208360361784
VGLL4,-0.187723029873074,5.41783567126935,0.349799340272167,0.554226740649148,0.962208360361784
NELL2,0.385734525777176,4.62529660023308,0.349738014479943,0.554261471184115,0.962208360361784
BRF2,-0.318085248197261,3.86168104854225,0.349735832483047,0.554262706986541,0.962208360361784
SH3GLB1,-0.135846417282316,7.34864094926218,0.349610497559137,0.554333700791726,0.962208360361784
DLAT,0.261745788874819,4.18248684898619,0.349184204353863,0.554575295839173,0.962208360361784
CD8A,0.151063369857036,8.99266044724875,0.349180152247342,0.554577593262031,0.962208360361784
FKBP8,0.103854369832501,7.2080534045045,0.349018069720156,0.554669503944083,0.962208360361784
BCL2,0.108162627883707,7.84926360167144,0.348968740337082,0.554697482428497,0.962208360361784
CBL,0.111916231100696,6.35684138796378,0.348831856247788,0.554775133889594,0.962208360361784
RBBP9,-0.339283636026654,3.58924973987185,0.348453701464038,0.554989759987661,0.962208360361784
CDK19,0.196816001426475,4.89587755631833,0.348396529915544,0.555022222022727,0.962208360361784
TMEM44-AS1,0.368075123465695,3.45699089165506,0.348044013930316,0.555222460162692,0.962208360361784
SUSD3,0.182907788057055,6.44228948117043,0.347971259718754,0.555263803441845,0.962208360361784
ACTR1B,0.174651210795782,5.3411443321113,0.347898833324191,0.555304966222927,0.962208360361784
ZNF581,-0.199264761517586,4.94845734114535,0.347267989241509,0.555663744266287,0.962208360361784
SUMO4,0.242916193236641,4.62851931441591,0.346894264476866,0.555876498766156,0.962208360361784
RELA,0.154685592904301,5.68357670481045,0.346804058388024,0.555927874525892,0.962208360361784
KIF16B,0.251118942429607,4.1333054358265,0.346731068522463,0.555969451585987,0.962208360361784
POLR2J,0.104176032331172,7.22589751056796,0.346547025428595,0.556074313828838,0.962208360361784
SPAST,0.184475127937611,5.1207281540266,0.346522249959619,0.556088433012387,0.962208360361784
SF3B4,0.156732253032322,5.48833513766392,0.346489335214308,0.556107191703771,0.962208360361784
ACTR6,0.157278313310436,6.22201664380857,0.346463124857852,0.556122130304272,0.962208360361784
HPS1,-0.128159095995315,5.84713601758329,0.346373271702728,0.556173347912443,0.962208360361784
TMTC4,0.268233309117872,4.09839724796446,0.346092338182267,0.556333541834083,0.962208360361784
CYB5B,-0.145012612577943,5.93311765475808,0.345783849734492,0.556509548974922,0.962208360361784
ZNF805,0.419263294432435,3.93036463169403,0.345678482847529,0.556569689938496,0.962208360361784
RNF19A,0.123921362495208,7.46482000901633,0.345535070293156,0.556651566304241,0.962208360361784
TRAPPC2B,0.184827793036674,5.41032284806869,0.345524385104969,0.556657667552618,0.962208360361784
TMEM67,0.288802517226864,3.83291198816954,0.345491100648246,0.55667667380944,0.962208360361784
TMED9,0.128662687735615,6.97398947725784,0.345381762247694,0.556739117440177,0.962208360361784
CLDND2,0.295501618031653,3.87721404374912,0.345176621098588,0.55685631032064,0.962208360361784
C1orf174,-0.197099689294902,5.29097281468997,0.344919593902763,0.557003210756395,0.962208360361784
SEC31B,0.247786091933175,4.3610055576759,0.344285847214412,0.557365734909063,0.962208360361784
ETFA,0.138336906648319,5.82053609462027,0.344212526092969,0.557407705969574,0.962208360361784
ZNF263,0.280322763941812,4.38540284998855,0.344013234502246,0.557521816419657,0.962208360361784
KLF13,0.0830918075462499,7.26376811102936,0.34391980403648,0.557575328164795,0.962208360361784
JADE1,0.128747087208226,6.00964749818417,0.343844104418274,0.557618691836232,0.962208360361784
TSR3,-0.110672260953161,6.29612965644107,0.343624230957449,0.557744680249726,0.962208360361784
C3AR1,-0.340865408258869,3.96898149466398,0.343465918754823,0.557835427344939,0.962208360361784
CD70,0.337175757456792,4.72711919455683,0.343084876802223,0.558053961959299,0.962208360361784
TRIM37,-0.220273935280832,5.04509459874951,0.343067709503242,0.558063811559704,0.962208360361784
SMC1A,-0.124078280197903,6.65226345641408,0.343042670592286,0.558078178027926,0.962208360361784
FAM76A,-0.187540782976744,5.67032127043352,0.342995787634621,0.558105079754576,0.962208360361784
NPTN,0.165182823577856,5.67556673002224,0.342880242622535,0.558171390729238,0.962208360361784
LIN7B,-0.257428344739966,4.33261270671271,0.342856335519365,0.558185112825401,0.962208360361784
UBE3A,-0.104966825107172,6.67154552601246,0.342777588615929,0.558230316177682,0.962208360361784
NNT-AS1,0.229871565144438,5.12459581671963,0.342435607950559,0.558426705421066,0.962208360361784
RNPS1,-0.105378840335946,7.05098026424791,0.341955023565532,0.558702913232486,0.962208360361784
TMEM80,-0.289067818037747,5.21638964695646,0.341825569001131,0.55877735960038,0.962208360361784
SPATA2L,-0.272618977501468,4.38130022009948,0.341769483965521,0.558809618698289,0.962208360361784
RNF168,0.172927936694661,5.91553489277164,0.34157057011539,0.558924058988513,0.962208360361784
LDB1,-0.241441115053394,4.56033353529282,0.340888643382439,0.559316728724139,0.962208360361784
BCAS4,0.213967484195127,5.87662226968202,0.340816891129762,0.559358076005261,0.962208360361784
FUOM,0.189575938591356,4.92145920118395,0.340624096737832,0.559469202809363,0.962208360361784
CREB3,0.210634083495803,4.9077670716072,0.340546963027265,0.559513674535457,0.962208360361784
NF1,-0.208839491428956,5.33969139306889,0.340533896996487,0.55952120847252,0.962208360361784
CMC1,0.241566878616133,6.53804120717691,0.340498454198993,0.559541645938062,0.962208360361784
TOE1,-0.23266263742864,4.48794196110034,0.340377743816809,0.559611262155215,0.962208360361784
NPEPPS,-0.105020274510022,6.38066366302105,0.340259480658224,0.559679483055042,0.962208360361784
XKR8,0.280192926764004,4.10259876225366,0.339952414447758,0.559856690485267,0.962208360361784
VCPIP1,0.152276088944388,5.64061721417723,0.339878190801905,0.559899540928774,0.962208360361784
HMGCR,0.221200181861265,4.96098098623387,0.33977737035773,0.559957756152289,0.962208360361784
MZT2A,0.127905372951827,7.38518791905318,0.339685517253589,0.560010803574753,0.962208360361784
ATXN1,-0.111734381321274,7.16603332388479,0.339680657040677,0.560013610734667,0.962208360361784
RP2,-0.255779423653151,4.25167664983057,0.339676797623234,0.560015839874682,0.962208360361784
TGFBR1,0.169566744822642,5.65994007303653,0.339531654835675,0.560099684429829,0.962208360361784
ERCC6L2,0.157083123925117,5.27536041656716,0.339021969283156,0.560394304490657,0.962358478362372
ICE2,0.147606889830871,5.94459402127889,0.338588725077191,0.560644971444191,0.962358478362372
ETFB,-0.157293466798147,6.69648954358401,0.338451326430871,0.560724512554763,0.962358478362372
MAGOHB,0.192442748554764,5.73072305196994,0.33820627748123,0.56086642689053,0.962358478362372
FAM193A,0.196716653608651,5.34619556193663,0.337962456036642,0.561007698646299,0.962358478362372
TM9SF3,0.105837538414993,6.99365926608395,0.337730187025265,0.561142340273433,0.962358478362372
EEF1AKMT1,0.252499565310058,3.8453874695196,0.337632778085682,0.561198824691345,0.962358478362372
NFYA,-0.283811942328238,4.05294953502849,0.337539084533727,0.56125316495577,0.962358478362372
DCAF13,0.179690111257601,5.64896162518418,0.336416442258823,0.561905059332688,0.962358478362372
KCTD20,-0.162959071664792,5.57911265087182,0.336391203295024,0.561919731759893,0.962358478362372
SPRY1,-0.259004956535589,6.38264814168195,0.336026763610018,0.562131677278687,0.962358478362372
ARSB,-0.320521361126769,4.14903688753673,0.336018717392683,0.562136358412751,0.962358478362372
VPS25,0.216168643311229,5.34894139492033,0.335982036803042,0.562157699421169,0.962358478362372
SEC24D,-0.203063626628851,4.65494899487276,0.335631216999616,0.562361887353645,0.962358478362372
DUSP23,-0.137494311151805,6.03993245956154,0.335380094332631,0.562508136028686,0.962358478362372
EIPR1,-0.185916825101005,4.93785817453744,0.335371259166937,0.562513282778773,0.962358478362372
PSMB1,-0.0910534878443226,7.79889576431161,0.335197827753973,0.562614330134407,0.962358478362372
MFN2,-0.223184438913204,4.53096371700749,0.334836522607446,0.562824951605642,0.962358478362372
SLA,0.138182632601405,7.39280872121126,0.334831463090065,0.562827902108974,0.962358478362372
BAX,0.140847823544857,7.26686453738276,0.33477927323721,0.562858338830465,0.962358478362372
MOAP1,0.195392200682814,5.43140554662784,0.334719900544108,0.562892968379896,0.962358478362372
CFAP97,-0.0955585698851426,6.85000143038347,0.334578230770564,0.562975614855643,0.962358478362372
LRSAM1,-0.286988819365929,4.01778789310022,0.334442487244363,0.563054826021978,0.962358478362372
BORCS5,-0.259736720297429,5.52797555808884,0.333973010725074,0.563328947728854,0.962358478362372
SF3B6,0.128663385119141,7.45371791774676,0.333902230127276,0.563370297964217,0.962358478362372
STN1,-0.151660238648134,6.01824932489551,0.333807434224257,0.563425687171061,0.962358478362372
GTF2E2,-0.134703621574852,5.73604589708422,0.333784191390132,0.563439269550746,0.962358478362372
STX1A,-0.316310500933608,4.00209573391694,0.333324051675413,0.563708290626111,0.962358478362372
WDR1,-0.124711806468425,7.19800062409831,0.333115958652822,0.563830033697127,0.962358478362372
CTC1,0.246718627349224,4.63558652231921,0.332872134295716,0.56397274559768,0.962358478362372
EXOSC6,0.210881615640558,6.42533131265753,0.332684062058434,0.564082873038891,0.962358478362372
KDM5A,0.084274107409248,7.34459068272872,0.332073328062366,0.56444078030308,0.962358478362372
VMP1,-0.162822920549475,7.35310171852904,0.331896872953649,0.564544269582271,0.962358478362372
PPP1R7,-0.103371624535563,6.86542504811795,0.331854777138886,0.56456896379909,0.962358478362372
NUBP2,0.131139894469248,5.98269662233526,0.331831782443873,0.564582453811633,0.962358478362372
SRRD,0.253960123594884,4.30434440706064,0.331739963311801,0.564636326409449,0.962358478362372
IGHMBP2,0.316798685497726,3.76944466405689,0.33147267864447,0.564793205594789,0.962358478362372
MAD2L1BP,0.234903338262465,4.50894277460819,0.331434085720556,0.564815864156266,0.962358478362372
ATP11C,-0.223145684237844,4.80092201657857,0.331386573298374,0.564843761919141,0.962358478362372
PYGO2,-0.207588691458052,5.11437412857946,0.331309519029169,0.564889011363596,0.962358478362372
PRKY,0.123084813201176,4.74052695274432,0.331151478975865,0.564981840922917,0.962358478362372
HAT1,-0.209971894921193,5.75416000253355,0.331131243925466,0.564993728715209,0.962358478362372
PGP,-0.121232001853772,6.38404590455737,0.33107525579398,0.565026623432725,0.962358478362372
SAMM50,0.222579573352834,5.44151993089532,0.331031233507307,0.565052490455214,0.962358478362372
ILF2,0.123714474295782,6.40127810810776,0.330511199368459,0.565358230306913,0.962690799914119
PNN,-0.0894478327376764,8.12983227740403,0.330155477994872,0.56556755134012,0.962858841806155
ARPC1B,0.0886955777514163,8.89094753125108,0.329883983506075,0.565727410773249,0.962942627803556
MTMR10,0.257667933659287,4.19008588558916,0.329338644294801,0.56604877800778,0.962975508017465
ZNF33A,-0.125594091893711,6.24073768315477,0.32921719810042,0.566120394143042,0.962975508017465
DNM1L,-0.135728508336427,5.78341146464704,0.329126299908124,0.56617400778367,0.962975508017465
TRIM13,-0.140537256199977,5.62638356198051,0.329003391560921,0.566246517328527,0.962975508017465
SLC16A4,-0.303347516045744,3.85392786162571,0.328788834177512,0.566373138195682,0.962975508017465
BANP,0.194355495208658,4.95801577361408,0.328416503100286,0.566592999433448,0.962975508017465
IFIT5,-0.217044859091575,5.09320398172996,0.328052694379139,0.566807988204019,0.962975508017465
CDYL2,-0.214095189405028,4.47426467629891,0.327850219086814,0.566927707339157,0.962975508017465
NDUFA3,0.0727079236288426,7.72525965614429,0.327491246964946,0.567140080282656,0.962975508017465
RAB11B,0.113191778126219,6.20807513661713,0.327328223882338,0.567236578047915,0.962975508017465
TMED5,-0.126072709408979,6.37181250487711,0.327289225500699,0.567259666970817,0.962975508017465
PEX13,-0.165570856675892,4.99915465668427,0.327242574670917,0.56728728891059,0.962975508017465
GPR18,0.227252845378384,5.13813322576193,0.327220990334475,0.567300069872779,0.962975508017465
HSPE1,0.0889471352597348,7.78550296319529,0.326788816283257,0.567556095499461,0.962975508017465
XPO4,-0.226723891250515,4.7384381450832,0.326706526208046,0.567604870683904,0.962975508017465
RBM10,0.222529346679904,5.15747817240541,0.326602753045698,0.567666390998797,0.962975508017465
HMGXB3,-0.149806523240066,5.59569207935398,0.326563589637559,0.567689611789771,0.962975508017465
GSDMD,0.11825698013475,6.66238540556511,0.326189553444927,0.567911478659337,0.962975508017465
CHP1,0.157372118946528,5.32004979464708,0.326146245859388,0.567937178295205,0.962975508017465
PREPL,0.179792103007248,5.45248645942333,0.326108294055786,0.567959701557354,0.962975508017465
SYNGR2,0.11661007617865,6.23470618058047,0.325823891933482,0.568128541058533,0.963074151311339
LYSMD4,0.308087528494823,3.66704577925251,0.325481686228986,0.568331826053698,0.963203505326596
NADK2,0.343193759706796,3.72858004773618,0.325280109681991,0.568451637547482,0.963203505326596
JMJD7,0.218341320233279,3.76322810981868,0.325136755659159,0.568536873131417,0.963203505326596
SURF2,-0.14573736609378,5.77205997318101,0.324907676179368,0.568673131147587,0.963246839310519
WHRN,-0.267319799998603,4.14298336815064,0.324718861418045,0.568785487292431,0.963249678129214
PNMA1,0.183757052908327,5.16927320805679,0.32421577695095,0.569085064212678,0.963569516311855
RPS6KB1,-0.154810900318386,5.35598891727279,0.323220534175192,0.569678619567168,0.963850611171114
COQ6,0.236920023275773,4.49214004542525,0.323029252893619,0.569792836805956,0.963850611171114
SQSTM1,-0.0727235912107782,7.36849095333408,0.323008799089527,0.569805052760722,0.963850611171114
IPO9,0.162862180214957,5.3896451022548,0.322870558354346,0.569887629920062,0.963850611171114
RALBP1,0.102025243735349,7.18341185540999,0.322758450505553,0.569954613952429,0.963850611171114
NCF4,0.264451517962813,5.08884520164384,0.322490331499868,0.570114876514882,0.963850611171114
ALDH18A1,0.257398046216395,4.2007343780762,0.322409815221739,0.570163020648358,0.963850611171114
ASCC2,0.173113834707597,5.54885950485838,0.322334600086577,0.570208002183688,0.963850611171114
MIF4GD,-0.184426709046953,5.35464093534781,0.322264126013295,0.570250154680021,0.963850611171114
SELENOF,0.0835385295099089,7.31345124034739,0.322082912534581,0.570358571473198,0.963850611171114
INTS3,0.19459337705416,4.68873227692747,0.321888318088377,0.570475038768537,0.963860272258314
ARFGAP2,0.206271992616792,5.87793591844396,0.321539183858881,0.570684116822825,0.96387049049169
FBXO30,0.283275853530136,4.13464950960312,0.320966621837016,0.571027318929994,0.96387049049169
FAAP20,-0.12936606558464,6.57764571948941,0.320956688783777,0.571033276515929,0.96387049049169
NISCH,0.191214184119923,4.97159995560517,0.320932712662181,0.571047657269277,0.96387049049169
PUM2,0.113053072928133,6.38082223801797,0.320787343392261,0.571134864199723,0.96387049049169
MRPL24,0.19075409542131,5.0163297474654,0.320769457546128,0.571145595710174,0.96387049049169
CNPPD1,-0.136268578046687,5.6936704670906,0.320254113900468,0.571454971826363,0.963930204214716
APOL2,0.165776244217399,5.63283300601638,0.319986677057123,0.571615651663212,0.963930204214716
WDR70,0.206857762263625,5.1687168745994,0.319489566740266,0.571914558206622,0.963930204214716
CTDSP1,0.11899892961028,6.39478075475116,0.319260969438073,0.572052114060119,0.963930204214716
SLC2A1,0.209728069257885,4.91103483136218,0.319050325134,0.572178924426791,0.963930204214716
FCF1,0.1811145476551,4.78121947815413,0.318920367297785,0.572257188128682,0.963930204214716
RFC1,0.140101602235272,6.89234394211957,0.318820513011719,0.572317337045589,0.963930204214716
KIAA0040,0.122764070488666,6.40410451673404,0.318731797225322,0.572370786920983,0.963930204214716
PPP3R1,0.139687190853517,5.72779424840156,0.318654861391863,0.572417147501555,0.963930204214716
ACAP1,-0.0841486250668932,8.22005506139177,0.318645548051194,0.572422760106069,0.963930204214716
R3HCC1,-0.174926797857448,5.06689863602747,0.318499272063512,0.572510926262479,0.963930204214716
EEF1D,0.0654329506591509,9.93314049620327,0.318312192831979,0.572623725011617,0.963930204214716
SURF1,0.200630695721892,6.14838364855094,0.318242346790729,0.5726658496339,0.963930204214716
SLC10A3,0.225343331052505,4.73008905623089,0.318069545757776,0.572770093304889,0.963930204214716
NRIP1,-0.222635858080779,4.60559913256634,0.317932538739672,0.572852770467276,0.963930204214716
STAU1,0.119287712013229,6.56841314205256,0.31776630935418,0.572953113455444,0.963930204214716
ASB1,0.196656824822822,4.98684295326739,0.317394396274445,0.573177741010674,0.964116928094115
TEN1,0.240692375481282,4.50513219347519,0.317215817406996,0.573285660448931,0.964116928094115
MID1IP1,-0.197027944224989,5.68378725861771,0.316483030870849,0.573728920097784,0.964268044759256
PPFIA1,0.192147948974931,5.40377752143424,0.316353401959127,0.573807402423066,0.964268044759256
SLTM,-0.069294151798775,7.67652791839948,0.316094018909556,0.57396450646109,0.964268044759256
IFT52,0.231629096856387,4.52169959831213,0.316031355576737,0.574002473331632,0.964268044759256
IGIP,0.305688288057692,3.68213530944395,0.315864136945518,0.574103813103535,0.964268044759256
USB1,-0.153143158518501,5.5623647529241,0.315714250994336,0.574194678727537,0.964268044759256
SLC16A1-AS1,0.219566068671315,5.32696297266263,0.315703994228496,0.574200897742132,0.964268044759256
TM2D2,0.257367842311994,4.86125418216497,0.314922594376441,0.574675077424326,0.964268044759256
CENPC,-0.146139123847361,6.64244512272296,0.314792920575641,0.574753842667253,0.964268044759256
PFDN1,-0.108570401669443,6.28968207163585,0.314691824689557,0.574815264179607,0.964268044759256
SETD1A,-0.238478145442381,4.24366306055811,0.314494493615667,0.574935191430377,0.964268044759256
OLA1,-0.15543195678503,6.03776131578428,0.314314373020565,0.575044702257373,0.964268044759256
XRN2,-0.122889044889359,7.28008481120799,0.314265517542655,0.575074412821228,0.964268044759256
MRPL23,0.142746095638877,5.40234458664785,0.313846316579944,0.575329467033966,0.964268044759256
ANKRD12,-0.0597804170878137,9.0813767047152,0.313710533601345,0.575412129382816,0.964268044759256
TUBA1C,0.136722220654793,5.75112385591449,0.313496866161302,0.575542254056459,0.964268044759256
MPC2,-0.103214055934675,6.81356691753104,0.313280765009917,0.575673920132109,0.964268044759256
PLXND1,0.248844336031914,4.37160081161102,0.313201957047944,0.57572195107529,0.964268044759256
TESK1,0.202912053168541,4.98440266583252,0.312583308016499,0.576099273857891,0.964268044759256
GLG1,0.103474682061313,7.00375777889659,0.31242247797354,0.576197446637184,0.964268044759256
PRKACB,-0.0853464796518488,7.25136880516929,0.312328137304881,0.576255048858679,0.964268044759256
BNIP1,0.277197317412108,4.06788797548372,0.311840003462889,0.576553274533103,0.964268044759256
UBE2I,0.0702946530407157,7.63072853838427,0.311283158399846,0.576893853486095,0.964268044759256
CDKN2AIP,0.158566023170953,5.6453687482724,0.311240722531331,0.576919824594161,0.964268044759256
MAGED1,-0.261736048374972,4.0535086891651,0.310718369153673,0.577239699563838,0.964268044759256
MSRB1,0.235585110371221,4.33243752498766,0.310702099726786,0.57724966817534,0.964268044759256
MFSD14B,0.15799678622864,5.38882623129547,0.310635977599995,0.577290186079165,0.964268044759256
SNRPD1,0.0828288412335695,7.20732445439685,0.310482119790805,0.577384487987122,0.964268044759256
SNX14,-0.173920944764054,5.64130580815637,0.310382170394465,0.577445764976022,0.964268044759256
KCNK6,-0.183930492108693,5.20014453546357,0.310169469983435,0.577576210414947,0.964268044759256
CEP83,-0.241433366288243,4.27558189523795,0.310142348401829,0.577592847818392,0.964268044759256
RMI1,-0.439753718235608,3.86994131651132,0.310141890931568,0.577593128456117,0.964268044759256
PKD2,0.262773532017199,4.05221209673765,0.309844812675266,0.577775430088047,0.964268044759256
ATP1B1,0.241252199914364,5.42820709617666,0.309608437695708,0.577920563039609,0.964268044759256
LMNA,-0.340349668943186,6.39226177633337,0.308917213834889,0.578345387429101,0.964268044759256
SYNJ2BP,0.282322358926427,4.93208538973627,0.308876369377582,0.578370509787752,0.964268044759256
WSB1,0.109713630938858,7.15651098419768,0.308836191387833,0.578395224340876,0.964268044759256
USP18,0.355937074716754,4.69486125172895,0.308585095174319,0.578549728001954,0.964268044759256
ERGIC1,0.185513068969277,5.4623950797797,0.308568538512162,0.578559918481019,0.964268044759256
PPP1R12C,0.169374784321721,5.08925398606339,0.308429779414686,0.57864533754384,0.964268044759256
GPATCH2,0.215428616905191,5.45685036958461,0.308329107792677,0.578707325979691,0.964268044759256
BICRAL,-0.149861804139598,5.28901930670564,0.308280883774659,0.578737024553831,0.964268044759256
SAP30,-0.175894136361112,5.43436392975354,0.307857085369051,0.578998149941362,0.964268044759256
MANEA,0.211107303845291,4.5235785684406,0.307748161144573,0.579065302087292,0.964268044759256
SFR1,0.256049586456171,4.15894521217929,0.30772677784859,0.579078486785145,0.964268044759256
C2orf49,0.152817152422264,5.56845886788883,0.307694767258141,0.579098225271938,0.964268044759256
YKT6,-0.196022196309685,4.73656034392053,0.307345817627898,0.579313483002559,0.964268044759256
MBNL2,0.161582116286889,5.4897038190512,0.307140300309726,0.57944033592434,0.964268044759256
GALNS,-0.223780317090302,4.48019222960325,0.307110571576587,0.579458690195119,0.964268044759256
GDE1,-0.229822496598041,5.23053003772966,0.306993718962687,0.579530845273989,0.964268044759256
LZTS2,-0.316304063414075,3.85666315594449,0.306969252613079,0.57954595522195,0.964268044759256
TTF2,-0.164465588530079,5.21714466209085,0.306905967762466,0.579585042381982,0.964268044759256
RPAP1,-0.319631624415181,3.93256945833596,0.306834893001128,0.579628947170369,0.964268044759256
DDX39A,0.115844427513763,6.26906691388307,0.306679060400231,0.579725232414043,0.964268044759256
B3GNT2,-0.104662471425427,6.35450075466774,0.306643524433753,0.579747193714982,0.964268044759256
MICU2,-0.133660974067618,5.85462762406061,0.306425779284796,0.579881796988126,0.964268044759256
MRPL11,0.147229509480353,5.92643501652905,0.306281369125308,0.579971101316365,0.964268044759256
CPTP,0.258747517531024,4.48974177541657,0.30601278328518,0.580137269985137,0.964268044759256
MRPS15,-0.126293981662353,6.36663655952404,0.305939377664508,0.58018270114052,0.964268044759256
RRP15,0.139466717159066,5.56470687260476,0.305558815257573,0.580418347542548,0.964268044759256
UFM1,-0.0717745285281781,7.30121114253002,0.305405045033305,0.580513617286183,0.964268044759256
TP53TG1,0.183900880903031,4.8905854303145,0.305264342406492,0.580600818315546,0.964268044759256
ZNF184,-0.294931090520125,3.79849315491923,0.305122602521099,0.580688688716054,0.964268044759256
INF2,0.301247248784224,3.74159706279321,0.304846981656372,0.5808596337435,0.964268044759256
ITGA6,0.267929233967662,4.14058829629743,0.304788559207664,0.580895881350746,0.964268044759256
PAFAH1B1,-0.111666701356423,6.98062173475982,0.3047224320234,0.580936914751253,0.964268044759256
DEF8,0.235522402300372,4.49747898194524,0.304720831955429,0.580937907701284,0.964268044759256
ATG4C,0.261843320340397,3.90783838154713,0.304588849307322,0.581019823544708,0.964268044759256
MT1X,0.160955933352846,5.53389693584933,0.304414875084394,0.58112783709993,0.964268044759256
PDZD11,-0.168831330885881,5.31849058976986,0.30440926325069,0.581131321930633,0.964268044759256
TMEM222,0.193723377038058,5.28235759154457,0.304161653848038,0.581285123887924,0.964325810301085
ZNF566,0.247734089885999,4.246784594264,0.303801814520444,0.581508782783907,0.964325810301085
SCAF11,-0.063648894226194,7.97214885562843,0.303651887267208,0.581602021355831,0.964325810301085
ABCA5,0.215587570343277,5.07954601305584,0.303497828778344,0.581697860375041,0.964325810301085
RPL28,0.0626489178774195,12.6939159242973,0.303461999012129,0.581720154438779,0.964325810301085
CSE1L,0.198739901987632,4.76247319365544,0.302865240661927,0.582091722990488,0.964506565385891
FBXO41,0.35491338166926,3.73355786903512,0.302833011504525,0.582111803882605,0.964506565385891
LMNB1,-0.214005967133585,5.14599774142927,0.302615368071557,0.582247446560982,0.964506565385891
SEPTIN6,0.13328836341443,7.68995939848574,0.30257519354787,0.582272491616393,0.964506565385891
NABP2,-0.193921438182965,4.90157365887612,0.302245471224381,0.582478124495022,0.964663580871585
NR2C1,0.230217191986165,4.44864960005049,0.301783128676796,0.582766712742885,0.964799026755137
GPR108,0.140128508981068,6.10514613852721,0.301759250274863,0.582781625146703,0.964799026755137
TCF3,-0.186840605696446,5.10710746333838,0.301493197002586,0.582947831198497,0.964837522282528
MYNN,0.194609253359412,4.83022730155866,0.301367156189649,0.583026603433738,0.964837522282528
ATP6V1B2,-0.17408203655055,5.23897412246575,0.300695673049688,0.583446624633061,0.965244615236301
SLC35A1,0.220834936048117,4.69770503403654,0.300582645312275,0.583517384883963,0.965244615236301
ETFRF1,0.162936857177582,5.08238397675791,0.300442210087407,0.583605327516191,0.965244615236301
NDUFA6,0.0692446598792057,7.36143510457282,0.299689639122793,0.584077054589339,0.965324317165179
DDX49,-0.171327602806457,5.25092711169423,0.299519625285303,0.584183729370422,0.965324317165179
RBM42,0.128316585508321,5.79299461176694,0.299479305203816,0.584209033882,0.965324317165179
PLXNA3,0.265848796618125,4.92288645982852,0.299449025350011,0.584228038694633,0.965324317165179
VKORC1,0.137573313163162,6.47294863644783,0.29923822394953,0.58436038045805,0.965324317165179
ZNF829,0.265981780327396,3.85344045446117,0.299213878503434,0.584375668504395,0.965324317165179
DHRS13,0.245646028667295,4.19160042110541,0.298892542779065,0.584577531299088,0.965324317165179
MEX3C,-0.136620539155555,5.41118214670354,0.298833281233001,0.584614774738014,0.965324317165179
DCTN3,-0.086383009297044,7.00546653931717,0.298709454053597,0.584692610500372,0.965324317165179
SBF1,0.16099142235054,5.39062660065751,0.298597974725851,0.584762702527269,0.965324317165179
PMM1,-0.160179276397719,5.41194600050848,0.298401527435603,0.584886259065435,0.965345175923853
CHRNB1,0.249920525449083,4.85670847922109,0.297937693844073,0.585178199268978,0.965462098249153
DNAJB14,-0.136605094991745,7.1854008740877,0.297898475840853,0.585202896884191,0.965462098249153
POLR3K,0.151551347341013,5.72236112078931,0.297760342362611,0.585289903523214,0.965462098249153
BTN2A1,0.152791619952281,5.50572816163378,0.297572827584823,0.585408056060358,0.965474002632802
NFKBIL1,0.24438390903716,4.20001754046405,0.297367731659755,0.585537341752296,0.965504260187615
SH2B1,-0.248188164265781,4.77716761801601,0.29615670550146,0.586301913886661,0.966210826778977
PTPRJ,0.12881960384885,5.73447632334492,0.29612945854279,0.586319139339578,0.966210826778977
HAX1,-0.0886847617607441,6.69557437541246,0.295694217652006,0.586594436786151,0.966210826778977
NUP50,-0.110835249938672,6.25394447423353,0.295491032674338,0.586723044716405,0.966210826778977
CCDC137,0.140301656069044,5.65533881848147,0.295388773087426,0.586787792598338,0.966210826778977
CDK2AP1,0.326147655692834,4.05681917502443,0.295130903522743,0.586951132811338,0.966210826778977
TOX2,-0.255485665732553,4.72084437995022,0.295111190901753,0.586963623018023,0.966210826778977
UPF2,0.104247003374545,7.22934602189347,0.294992330228784,0.587038946341213,0.966210826778977
PSMG1,0.199236050818297,4.96332326601841,0.294836427458151,0.587137773449138,0.966210826778977
UBE3C,0.184369035468834,5.55882488044093,0.294332618357693,0.587457370632508,0.966210826778977
MYADM,-0.208381195338422,7.68657177189819,0.294276558553005,0.587492954709138,0.966210826778977
RAP2C,-0.125431338607432,5.81838138410643,0.294235748999164,0.587518861416773,0.966210826778977
TBC1D1,-0.133092832795581,5.70592336011151,0.293569326885693,0.587942248649247,0.966210826778977
NEIL2,0.238449551772816,4.05731978295305,0.293384640218347,0.588059692660613,0.966210826778977
FRAT2,-0.227299384246283,4.76591920130784,0.293243003228383,0.588149793369304,0.966210826778977
INIP,0.169811458156393,5.00867870262271,0.293237070542606,0.588153567991721,0.966210826778977
SIPA1L3,-0.316499271653166,3.72371741141292,0.293167427332026,0.588197881602911,0.966210826778977
QRSL1,0.221352891251503,4.49073224971669,0.292878757584511,0.588381633264336,0.966210826778977
MANBA,0.229498915439528,4.45879670607522,0.292857591595663,0.588395111002738,0.966210826778977
GPCPD1,0.136589907335041,5.69454811096169,0.292594499205176,0.588562691328498,0.966210826778977
SNAPC1,0.227700538291908,4.8554882900597,0.292224973448676,0.588798230381733,0.966210826778977
DHDDS,0.196563501222051,4.83669378185807,0.29214657593576,0.58884822640753,0.966210826778977
KPNA3,0.142641105377007,5.73243550125207,0.29213279729581,0.588857014281322,0.966210826778977
ANKIB1,0.136670962461647,5.59824372713264,0.292113924066339,0.588869051866142,0.966210826778977
CCDC30,-0.347362355869268,3.59271294485756,0.29184521951292,0.589040489559103,0.966210826778977
ENTPD1-AS1,0.265014291186195,4.13954162128272,0.291843031421106,0.589041886014224,0.966210826778977
GRPEL2,-0.263165452002365,3.98786406574544,0.291397532440438,0.589326347462518,0.966210826778977
APEX1,-0.174426946780479,6.42660989585562,0.29138475386792,0.58933451101993,0.966210826778977
GLTP,-0.128015369800749,6.07125963833344,0.291042076525883,0.589553515803044,0.966210826778977
NSL1,-0.12214490905185,5.92784181571788,0.290990049828384,0.589586780571861,0.966210826778977
UPF1,-0.14344304883181,5.30004465120527,0.290618317502409,0.589824570125034,0.966210826778977
SNAPC5,0.140351272351955,5.49965467556166,0.290318922910824,0.590016229454267,0.966210826778977
TOP1,0.0788339966254881,7.47458468148278,0.289635541606877,0.590454178460209,0.966210826778977
PAFAH2,0.22396641228172,3.94720162152954,0.289500255825423,0.590540956162462,0.966210826778977
PPM1A,0.126111971901059,5.80821477228096,0.289379071068822,0.590618711107198,0.966210826778977
OSBPL2,0.218695233792019,4.98691935895149,0.289353662758465,0.590635016329247,0.966210826778977
STT3A,0.223097485770074,4.84710008740677,0.289269336647518,0.590689137364636,0.966210826778977
DHX37,0.2229423074237,4.35966108528757,0.289124078804445,0.590782388627416,0.966210826778977
CWC25,0.11377620502321,6.33510449091699,0.288607780966974,0.59111408125897,0.966210826778977
ZHX2,0.197668358617285,4.55314043260492,0.288561414754639,0.591143887675247,0.966210826778977
A2M-AS1,-0.446773613938341,4.46291140882832,0.288483048522181,0.591194272248815,0.966210826778977
ELP1,0.23552433292257,4.15826191013836,0.288414867079723,0.591238115814738,0.966210826778977
RTP4,0.202028007235628,4.56814997063095,0.288334130776816,0.591290041324896,0.966210826778977
TMEM265,0.0288462162406683,3.95424493702375,0.288287151746765,0.591320260173708,0.966210826778977
MTF1,0.199563629548287,4.56179330432469,0.288195693262363,0.591379099141033,0.966210826778977
ARFGAP3,-0.122598014574568,6.37086125066741,0.288158823133532,0.591402822597877,0.966210826778977
FNDC3B,-0.205916439634245,5.13127090210338,0.28785415065261,0.591598933783147,0.966210826778977
CEP120,0.199496626788066,4.92050767500332,0.287612881364485,0.591754328537688,0.966210826778977
TMEM115,0.277787383199558,4.50234331478763,0.287514130535598,0.591817955371222,0.966210826778977
NDRG1,0.157283903781832,5.55361748707787,0.287439557699265,0.591866013238163,0.966210826778977
DIPK2A,0.0745297716239413,4.12999998526857,0.287401905694555,0.591890280820189,0.966210826778977
MRPL41,-0.0734741068646415,7.77401414303335,0.287052671257694,0.592115468014222,0.966210826778977
RHOB,-0.239589189364335,5.69410232230349,0.286987112354524,0.592157760203761,0.966210826778977
ZNF236,0.196928703938704,4.96538400784719,0.286960896652886,0.592174673749388,0.966210826778977
FOXRED1,0.267960737636729,4.1291572224789,0.286572149579211,0.59242559788941,0.966210826778977
STT3B,0.101500642156629,6.50908095288334,0.286336450363926,0.592577841045947,0.966210826778977
SEPSECS-AS1,0.281425363862241,4.04675569679229,0.286276856723134,0.592616346616696,0.966210826778977
SMKR1,-0.252737590407178,4.05609687520163,0.286098102225118,0.592731877186323,0.966210826778977
CD46,0.108202829937631,7.29977049182877,0.286048484599512,0.592763953714781,0.966210826778977
DANCR,0.167151735705262,6.17316828007986,0.28580919051651,0.592918701484983,0.966210826778977
LEO1,0.133036052320648,5.6025370789055,0.285467367547216,0.593139897635066,0.966210826778977
MBLAC2,0.365415187521157,3.62652993103297,0.285315347211757,0.593238325803252,0.966210826778977
UHMK1,0.117844193073599,6.57818006142556,0.28503777415364,0.593418132215244,0.966210826778977
SUPT5H,0.103027234980202,6.27068811309214,0.284995020401407,0.593445837259926,0.966210826778977
RPSA,0.0613621936858688,10.8097787325535,0.28496423338559,0.59346578934162,0.966210826778977
AP5Z1,0.23988534744115,4.9111574862163,0.284902163064945,0.5935060193452,0.966210826778977
ENTPD6,-0.241933951681038,4.16603134844754,0.284719059616887,0.593624728079337,0.966210826778977
POLR2K,-0.0782168034029109,7.1324924939707,0.284506261499372,0.593762749945542,0.966210826778977
CCND2,0.095666247058678,7.93056558866705,0.284069084258064,0.594046513327863,0.966210826778977
MAPKAPK5-AS1,-0.132137834754261,5.97411766842542,0.284065692461343,0.594048715974056,0.966210826778977
RPS6KA3,0.0788542148498204,7.14310193329716,0.283669909432696,0.594305855055963,0.966210826778977
HLCS,0.247493201919607,4.12445866655135,0.283570601073869,0.594370411543825,0.966210826778977
C5orf24,-0.133558962989865,5.82566108426677,0.283268988997204,0.594566566775187,0.966210826778977
FLVCR1-DT,-0.296929482700266,3.86746909810328,0.283049371059121,0.594709480957171,0.966210826778977
UBE2Q1,0.162025809140629,5.81709580822469,0.282656997062251,0.594964991598174,0.966210826778977
RNF167,0.0929701167088314,6.63786315344942,0.282420069556149,0.595119386961684,0.966210826778977
MALSU1,0.162388882781062,5.33756155762528,0.282246575417105,0.595232498239511,0.966210826778977
TXNDC12,-0.112799594052947,6.34912253508829,0.282229371023856,0.595243717248789,0.966210826778977
JAK1,0.0602583982091514,8.73135474479479,0.282063006340511,0.595352226520555,0.966210826778977
CRNKL1,-0.143258418168029,5.48990940168676,0.281873579732659,0.595475827604956,0.966210826778977
CACUL1,-0.155434292511708,5.4926805173085,0.281681501228494,0.595601213428255,0.966210826778977
MRPL21,-0.158599251459308,6.02773955678352,0.281624563671844,0.595638391896964,0.966210826778977
BRAF,0.12471993454167,5.91507794249342,0.281557406154743,0.595682249876364,0.966210826778977
CCDC25,-0.139979704789051,5.98317527914138,0.281492655023648,0.59572454268576,0.966210826778977
ZNF174,0.285720089083765,3.71826652991436,0.281489673688689,0.595726490122796,0.966210826778977
CLASP2,-0.175055587998906,4.83705591625721,0.281189815975438,0.595922427646591,0.966210826778977
FUT11,0.185290434444661,4.80321079953789,0.280887559669143,0.596120068001666,0.966210826778977
TAF1B,0.189334050614629,5.14974047017433,0.280628094282211,0.596289836765637,0.966210826778977
ADH5,-0.101496092581256,6.51815718012952,0.280347183612125,0.596473750574091,0.966210826778977
C2orf76,0.254917718478236,4.2207692664097,0.280236283495476,0.596546389991099,0.966210826778977
WDR83OS,-0.0793246679382626,8.00740960207379,0.280204095583684,0.596567476472457,0.966210826778977
NDRG3,0.173740776511213,4.92108890912222,0.280110526398374,0.596628782976082,0.966210826778977
DDX19B,-0.181523984057392,5.02076871590574,0.279983533295127,0.596712009792,0.966210826778977
UCK2,0.280948971989481,3.93570620896759,0.279916680601527,0.596755832404531,0.966210826778977
WDR43,-0.149385602162227,5.91349555325184,0.27975159409911,0.596864076964779,0.966210826778977
ZNF12,-0.197714398863254,4.82859891292275,0.279362071126354,0.597119642992788,0.966210826778977
MBD3,-0.149219887710111,5.29561278233912,0.278988238044434,0.597365129331809,0.966210826778977
MSN,0.0557866128168983,8.5748674505525,0.278797647254448,0.597490366254704,0.966210826778977
RASSF2,0.173454606034988,5.28658919811174,0.278518130786317,0.597674135156204,0.966210826778977
LSM2,0.0881872550520223,6.88913433266009,0.278431482062867,0.597731126545631,0.966210826778977
SAT2,-0.136732978930333,6.32861478040658,0.278315677396893,0.597807312351366,0.966210826778977
CEP128,-0.305663458473048,4.10340318923637,0.27806981032375,0.597969131072348,0.966210826778977
CAND1,-0.105919139534924,6.14958409357071,0.277933141851831,0.598059119694861,0.966210826778977
ROCK2,0.159154369491276,5.67616363811378,0.277851490313079,0.598112896205857,0.966210826778977
PSMA5,0.0998654454298509,7.44837039695312,0.277777366763118,0.598161723453285,0.966210826778977
UBE2R2,-0.119951649657202,6.13917979383214,0.277603491513684,0.598276292598249,0.966210826778977
RAD54L2,-0.187785842563254,4.84102554028733,0.277594836832698,0.598281996501631,0.966210826778977
ZMAT3,-0.15905921450047,5.26189627847679,0.277548719477991,0.598312392251004,0.966210826778977
BRD4,-0.119445023957426,7.24937955691179,0.277401122198761,0.598409694670798,0.966210826778977
PPA1,0.0943210923652734,7.3415168670403,0.276646360185836,0.598907783481532,0.966210826778977
MRPL18,0.110622185108977,6.06064020580877,0.276604854657675,0.598935199307409,0.966210826778977
PLEKHO1,-0.116952597733728,7.41661327268126,0.27638795237138,0.599078513443887,0.966210826778977
IARS2,0.160639010940639,5.71661661138196,0.276311913935071,0.599128771413203,0.966210826778977
RETSAT,0.256573930479959,3.98192284071043,0.276095741155551,0.59927170007817,0.966210826778977
EMC1,0.189925985888079,4.67376360528975,0.275987902238825,0.59934302748293,0.966210826778977
PRMT3,-0.275584529245596,3.85767805325728,0.27591192163662,0.599393293665755,0.966210826778977
GMNN,-0.193820109127589,4.66900552755751,0.275895949912044,0.59940386113888,0.966210826778977
MED15,-0.155314834923026,5.80357997683114,0.275609925796214,0.599593171189478,0.966210826778977
KDM3A,0.189214532677933,4.94665922732072,0.275606901497834,0.599595173543481,0.966210826778977
JAG2,0.232895921520587,4.43252994142579,0.27555740550288,0.599627946277706,0.966210826778977
RNF185,0.247909506674635,3.97109231016813,0.27555131114789,0.599631981786544,0.966210826778977
CXCR4,-0.17774932545688,8.75190699890143,0.275475911202197,0.599681914199091,0.966210826778977
ATF4,-0.0793313853584084,7.67307419053967,0.27532839568611,0.599779629211128,0.966210826778977
RTN4,0.0967120456789155,6.92272435389912,0.275238218172724,0.59983937968779,0.966210826778977
TPI1,0.075071003097373,7.94904401075502,0.275231447201854,0.599843866550993,0.966210826778977
BOD1L1,0.0757847258860712,7.49564369973511,0.274855323221491,0.600093220129578,0.966210826778977
MRPL13,0.117748190106618,5.87925513856723,0.274797077160907,0.600131854141227,0.966210826778977
GDI2,0.0869602758146024,7.12390118920799,0.274530684958654,0.600308615898004,0.966210826778977
UTY,-0.233966226790733,5.30502925150848,0.2742769566637,0.600477076314916,0.966210826778977
SRGAP2C,-0.229577447043554,4.89688166213845,0.274165982435999,0.600550787778996,0.966210826778977
ZDHHC12,0.151728213705935,5.85127492340673,0.274119065270067,0.600581956884614,0.966210826778977
NOL10,0.1972078420677,4.77865752498081,0.273771537049647,0.60081294081904,0.966210826778977
CCDC90B,-0.100954135974757,6.38106579483892,0.273628821076786,0.600907850797126,0.966210826778977
PSMD7,0.0834583611323554,6.90808762374903,0.273591163349046,0.600932899459879,0.966210826778977
RICTOR,-0.0728781128921323,7.15549827707382,0.273447379199835,0.601028560073393,0.966210826778977
ARHGAP1,0.149747212552734,5.4188549250993,0.272961803833585,0.601351853700546,0.966210826778977
SRSF4,0.0948310920004895,7.29268069227126,0.272923017855195,0.601377692992811,0.966210826778977
PSME2,0.0780807080471354,8.28184197479505,0.272921102113628,0.60137896932404,0.966210826778977
MOB4,0.12228141669323,6.05147972419473,0.272875043512972,0.601409656823903,0.966210826778977
ATP6V1E2,0.315245034000382,3.85370705341887,0.272493570570413,0.601663947900091,0.966210826778977
SRA1,0.193482819090115,5.58682255968658,0.272446817688387,0.601695129098479,0.966210826778977
ZNF688,0.152495812303389,5.16691328654889,0.272360712929604,0.601752564404934,0.966210826778977
CHD6,0.137642260377424,5.94485851397157,0.272087393212651,0.601934956114779,0.966210826778977
RNF7,-0.0819542389424784,7.41603607602909,0.272052182526775,0.601958461381747,0.966210826778977
HSPBP1,-0.279897946733909,4.36721549019515,0.271894411081011,0.602063807149534,0.966210826778977
RCAN3,0.0945306832958195,7.08242917380733,0.271374431792548,0.602411278581974,0.966434927203014
INTS7,-0.241947046108628,4.11726044764855,0.270965750516993,0.602684673295435,0.966434927203014
PRPS1,0.155968712571729,5.4924332184863,0.270839815319144,0.602768972732218,0.966434927203014
SNX10,-0.127171775174119,5.76841644460883,0.270655367987386,0.602892484420131,0.966434927203014
CSNK2A1,-0.108245108835035,6.59300748872389,0.270624864913341,0.602912915383004,0.966434927203014
MIR155HG,0.168676047929339,5.93557083285849,0.270474201128227,0.603013851470357,0.966434927203014
AARSD1,0.190013318361411,4.63632023099666,0.270234807867158,0.603174304698766,0.966434927203014
MRPL51,0.107881378677114,7.46414806958943,0.269700427470916,0.603532798860323,0.966434927203014
PAXBP1,0.113801913380416,5.94799980586322,0.269418133333222,0.603722360625854,0.966434927203014
DUSP7,0.265347089319872,4.18499565146116,0.26936565463232,0.603757614201599,0.966434927203014
NLK,0.254634203901683,4.06930558610206,0.26930884366606,0.60379578297397,0.966434927203014
INTS12,-0.217756440348698,4.51490659583412,0.26927396828008,0.603819216732809,0.966434927203014
DDX20,0.215865655704305,4.29606556104992,0.269179103022104,0.603882969131399,0.966434927203014
AMDHD2,0.299019745596011,4.41811209833451,0.269143644487611,0.603906802028092,0.966434927203014
TCEANC2,-0.249711161850206,4.31277645867824,0.26882795425318,0.604119076141348,0.966434927203014
UBFD1,-0.237908233695392,4.35649906063111,0.268785403924539,0.604147699614427,0.966434927203014
EI24,0.175170730699268,5.1839882035707,0.268744902742686,0.604174947303274,0.966434927203014
GSE1,0.158618831718956,5.37173415074298,0.268704279765093,0.604202279548615,0.966434927203014
PLEKHM2,-0.1691834662314,5.13830441276947,0.268205450893301,0.604538119092456,0.966794423091078
ZNF251,0.237449709251739,3.87525649776463,0.267616633182573,0.604935054242273,0.967025605084427
LTBP3,-0.146998803977145,5.1793040206335,0.26707344159523,0.605301722966662,0.967025605084427
MRPS9,-0.177194135191253,4.97368095090127,0.266899657846409,0.605419131361364,0.967025605084427
URI1,0.0892178085687367,6.99285985687372,0.266605396881523,0.605618044693944,0.967025605084427
RNF31,-0.399038603403533,3.94355071188903,0.266410959133026,0.605749556236655,0.967025605084427
ZMYND19,-0.221695842339945,4.2364155458376,0.266391605481275,0.605762649760067,0.967025605084427
TOPORS,-0.179352141405467,5.58841283220003,0.266357248034964,0.605785895437482,0.967025605084427
BTLA,-0.312201000819443,3.74326667886096,0.266149880729618,0.605926237035641,0.967025605084427
PGM2L1,-0.169030766937526,5.2792722350626,0.266046329621272,0.605996344047954,0.967025605084427
TUT7,0.135763305428998,6.2617238714403,0.265819971250181,0.606149655200475,0.967025605084427
TDG,0.122847651206669,6.04081047419018,0.265591715153487,0.606304335363388,0.967025605084427
ATP5PO,-0.0713003069603108,7.54984805524118,0.265513581789051,0.606357302591894,0.967025605084427
TNFSF14,0.103580729668792,6.75344984891172,0.265319129150988,0.606489166409222,0.967025605084427
HSPA8,-0.0894034944648507,8.96080711633625,0.265294295857988,0.606506010967971,0.967025605084427
NSUN5,0.144032605530917,5.60563173881334,0.265193869364062,0.606574140984833,0.967025605084427
CWC15,0.0901687545932302,6.84332008694564,0.265060484476471,0.606664655439322,0.967025605084427
JMJD8,-0.17166704052132,4.91470463927747,0.264981914067302,0.606717986491543,0.967025605084427
TRMT61A,-0.253932358400666,4.12224418338738,0.264780313845016,0.606854871971081,0.967025605084427
TMEM165,0.106943463642883,6.87199760174119,0.264631836027494,0.606955729772808,0.967025605084427
CEP192,-0.167904793030647,4.86809490469218,0.264475921759349,0.607061677518472,0.967025605084427
RPL5,0.0377455545472415,10.8996788280038,0.263720149934979,0.60757580420927,0.967025605084427
NUP107,0.151164548147078,5.42154435525162,0.263680050696429,0.607603108399139,0.967025605084427
APOBR,0.175251976994656,5.12023436909004,0.263649595579523,0.607623847510901,0.967025605084427
LSM4,-0.0844466291048249,6.75762401347231,0.263563551696391,0.607682449250868,0.967025605084427
WDR76,-0.16378667331392,4.75172600325108,0.263475404814601,0.607742495810935,0.967025605084427
PHF6,0.139310431168581,5.41512621990567,0.263278202335625,0.607876878131825,0.967025605084427
KHDC4,0.156085721515291,5.72705021462313,0.26317411373784,0.607947834253528,0.967025605084427
FTSJ1,-0.219032807053812,4.64774014895188,0.263140115142235,0.607971014585148,0.967025605084427
CTDP1,-0.214534452268882,4.82898097302904,0.263004106767074,0.608063764375058,0.967025605084427
MXD1,0.209956374684307,4.90295867097232,0.262662848436971,0.608296616094575,0.967025605084427
MRPL9,0.139526517913309,5.78555797146343,0.262493922813956,0.608411950250866,0.967025605084427
MIR222HG,-0.2530876337517,4.17395707974597,0.262328134976649,0.608525187644724,0.967025605084427
GBP3,0.171793509481725,5.78214017004912,0.261957265787508,0.60877866455491,0.967025605084427
ALG5,-0.131203240916061,5.67892659071157,0.261867909383533,0.608839770570878,0.967025605084427
DHX30,-0.115205878300736,5.79146384187547,0.261761146832534,0.608912796961769,0.967025605084427
ADA2,-0.15017637943171,5.50907945202631,0.261702512881236,0.608952911021156,0.967025605084427
MRPL40,0.175720414828563,5.41726476495648,0.261649405047045,0.608989249314999,0.967025605084427
ABCB1,0.197413671832139,5.55437370345992,0.261499577740441,0.609091791642235,0.967025605084427
CTBP1-AS,-0.272563651311372,3.42706067823239,0.261407247060959,0.609155001535228,0.967025605084427
CACYBP,-0.100288510206776,6.91924466576597,0.261357614431855,0.609188986019011,0.967025605084427
ATP11A,0.18548580023285,4.6549049483461,0.261145475986947,0.609334287476719,0.967025605084427
RRAGA,0.14807511932972,6.09941631899548,0.260847129811378,0.609538761789545,0.967025605084427
CARHSP1,-0.154528136635079,6.19604732709866,0.260721506019188,0.609624903330773,0.967025605084427
DLG3,-0.188022091248842,4.75721939901802,0.260655887663205,0.609669908922935,0.967025605084427
BCL2A1,0.193745090569757,4.77394482132772,0.260637079810262,0.609682809961881,0.967025605084427
OSGIN2,-0.242998627306056,4.46010164229526,0.260376352288908,0.609861713603711,0.967133107414923
RBM25,-0.0552572177286524,8.10081313968426,0.260016654326909,0.610108713285212,0.967348539209546
HM13,0.121846153487147,6.63379786469448,0.259810462322111,0.610250399604296,0.967396944946482
PBRM1,-0.107778717838073,6.54528156056909,0.259617198466945,0.61038326657481,0.967407949222376
CANX,0.0629375883851924,7.56629667598538,0.259477048484937,0.610479657259484,0.967407949222376
IGBP1,-0.0824926268468915,6.71542605962046,0.259266694217759,0.610624393763669,0.967461150359587
SLC10A7,-0.256489758645247,3.90680152401284,0.258650868095259,0.611048545020937,0.967856796718311
OTUD1,0.18369926148401,5.03869763004984,0.258311343800546,0.611282664791015,0.967856796718311
FOXO3,-0.160836713361404,5.48577060426797,0.258005688824895,0.611493595552589,0.967856796718311
UBR1,0.144905753638,5.37519579643917,0.257533979656863,0.611819428039237,0.967856796718311
THOC3,-0.229882803211053,4.9558325824016,0.257097273402653,0.612121416998293,0.967856796718311
PHPT1,-0.11771277826388,7.2435016961639,0.257050426842856,0.612153831245645,0.967856796718311
ARMC2,0.307160919514974,3.66542956105641,0.256719511891816,0.612382904967902,0.967856796718311
IL12RB2,-0.238762923604442,4.06612138292914,0.256540582035704,0.612506845292157,0.967856796718311
GRAP2,0.1159590388939,6.83010717153846,0.256232569238435,0.612720325477715,0.967856796718311
ITPK1,-0.166706768931977,4.92027857178463,0.256164603775982,0.612767453277248,0.967856796718311
ECI1,0.122724340088332,5.88371245429369,0.255916466006958,0.612939580711679,0.967856796718311
ZDHHC13,0.213673268989483,4.54002045938923,0.255906962800925,0.612946174949487,0.967856796718311
OGFOD1,-0.154083102670623,5.02491797867705,0.255799212856335,0.613020952976228,0.967856796718311
PCLAF,0.577273967206077,3.94539850466344,0.255598858876922,0.613160050424549,0.967856796718311
ELOC,-0.0809788674995554,6.89908128315437,0.255426857085579,0.613279518743058,0.967856796718311
IKZF2,0.154655538478952,6.21686533521543,0.255367451973459,0.613320791841371,0.967856796718311
ELMO1,0.140697207609869,5.41206434735461,0.255319781957622,0.613353916064217,0.967856796718311
PRKCB,-0.153265009181748,6.36723039773549,0.255285867074964,0.61337748469056,0.967856796718311
MINK1,-0.160509722924527,5.0510731833182,0.255062652842323,0.613532653040711,0.967856796718311
PRIM2,0.206866358954778,4.69418258349543,0.255044274224225,0.61354543281403,0.967856796718311
TRAF3IP1,0.264730044701621,4.00172156870042,0.254813032587983,0.613706278617018,0.967856796718311
NME3,0.090691942855919,6.84151269877356,0.254642321163107,0.613825079913658,0.967856796718311
USP5,0.187858836334894,4.82793325230889,0.254552718927467,0.613887455792844,0.967856796718311
SMAP2,0.115111826230187,6.90692407437476,0.254537255675171,0.613898221805637,0.967856796718311
TRGC2,0.113882251127475,8.16323584889752,0.254515999117732,0.613913021973126,0.967856796718311
SEC16A,0.141641326501597,5.45815426243614,0.254350337430893,0.614028392753024,0.967856796718311
PIGN,0.175947547076557,4.49612797015972,0.254219496843941,0.614119546596486,0.967856796718311
GLYCTK,-0.314517608733714,3.49460697913903,0.254181503862224,0.614146021007501,0.967856796718311
TNFAIP1,0.255145135136686,3.90681181430373,0.254031537305039,0.614250545497745,0.967856796718311
PHKG2,0.166412354549105,5.01583243488889,0.253965229785965,0.614296773201473,0.967856796718311
MINDY3,0.18609573124535,4.58135494216364,0.253929613578787,0.614321606925422,0.967856796718311
USP32,0.181698763655742,4.6233634698201,0.253216479096466,0.614819306647957,0.967943913288379
SON,-0.036312500177455,9.21565664224006,0.253047633320286,0.614937273440898,0.967943913288379
CLDND1,-0.104442455886565,6.78426725652126,0.252749193321154,0.615145903976682,0.967943913288379
DZIP3,0.119308965064366,6.02398789033153,0.252356567130352,0.615420612444986,0.967943913288379
CEP164,0.185855723470794,5.25696214731841,0.252228790505306,0.615510071539859,0.967943913288379
JOSD1,0.131517686736081,5.80828433919227,0.252220465371238,0.61551590112534,0.967943913288379
SSR3,0.0765131290439688,7.11964923197583,0.251737446608232,0.615854336269594,0.967943913288379
SLC45A4,0.271706432619661,3.86419465028005,0.251735687591705,0.615855569496331,0.967943913288379
CCM2,0.116173625854155,6.39217570594518,0.251730429898068,0.615859255638461,0.967943913288379
ZCCHC8,0.119067378316301,5.76849649503058,0.251561484345306,0.615977728160324,0.967943913288379
PPID,-0.112829956796973,6.26719097512137,0.251332807365433,0.616138166484826,0.967943913288379
WDR12,0.222267384719747,4.22313619597357,0.251172526678303,0.616250672852719,0.967943913288379
SHLD2,0.1579481766863,5.30053363538854,0.251041435429705,0.616342723572486,0.967943913288379
PPP2R5D,-0.22069104829268,4.46221039429292,0.251035227801037,0.61634708324126,0.967943913288379
TRAF2,0.217215411586245,4.50027711805726,0.250976293063182,0.616388476952933,0.967943913288379
DDX54,-0.158541880816385,5.37548785929965,0.250903618374274,0.616439529500782,0.967943913288379
SNHG25,0.182014604223065,5.05314989311124,0.25080391167872,0.616509586555777,0.967943913288379
AP4E1,0.199686741091182,4.56611361436298,0.250696996697762,0.616584727733594,0.967943913288379
TMEM43,-0.140388429162288,6.09731688882331,0.250684174221409,0.61659374087514,0.967943913288379
SNAI3,0.223691227516092,4.50669909872172,0.250193632613051,0.616938767781948,0.967943913288379
RBM26,-0.0749807055298163,6.87549431359729,0.249888179541351,0.617153824672338,0.967943913288379
NUBP1,0.15860820041549,5.03856396459552,0.249650868701938,0.617321018857725,0.967943913288379
KIAA0586,0.125438838592848,5.82295838134754,0.249473150344382,0.617446292996591,0.967943913288379
ZBTB20,0.101754006872686,6.61723609621005,0.249236857969541,0.617612942487837,0.967943913288379
MCM3AP,-0.178211919967143,5.24675333894899,0.249063743496166,0.617735097261762,0.967943913288379
KLF3,0.189345556676346,5.26986787715249,0.248951504669183,0.617814324687952,0.967943913288379
LCORL,-0.158772076012978,4.99464233126253,0.24875103949273,0.617955885067107,0.967943913288379
CORO2A,0.21079768969179,4.65742302905075,0.248649159115363,0.618027856159362,0.967943913288379
INPPL1,0.17218264459839,4.86354911628644,0.248311760079982,0.618266335611354,0.967943913288379
TWF2,-0.129399012089672,6.86492821001201,0.248067173727744,0.618439339940355,0.967943913288379
ZNF519,0.280898087827194,3.60953909191611,0.248047496859449,0.618453262690892,0.967943913288379
CCSAP,0.196498910473417,4.48361929790963,0.247950253425813,0.618522079293235,0.967943913288379
PRKDC,0.0764291428447732,7.03036358414337,0.247768946511698,0.618650430377004,0.967943913288379
NAPB,-0.297252379368554,4.45305202144526,0.247635436955136,0.618744982144509,0.967943913288379
PLP2,-0.0916976172769236,8.57666390245663,0.247322042078938,0.618967054096616,0.967943913288379
LGALS8,-0.142336951083875,5.70307378413052,0.247042484935797,0.619165296740508,0.967943913288379
ABCC1,-0.211187487059879,4.9322598125127,0.246757461120588,0.619367560030497,0.967943913288379
ABHD5,-0.238479293259925,4.60355745138725,0.246553182505842,0.619512613196813,0.967943913288379
NACC1,0.188849076666826,4.68958263208854,0.246465037409832,0.619575225973392,0.967943913288379
GGA2,-0.123829528600391,6.02575351083687,0.246442025112984,0.619591574770591,0.967943913288379
HS2ST1,-0.19386677082875,4.29249175556872,0.24628767090314,0.619701258379913,0.967943913288379
MYH11,0.272695824893431,3.66127621391046,0.246260277504963,0.619720728516709,0.967943913288379
POMC,-0.21845052212804,4.84449005448521,0.246179882385018,0.619777877960768,0.967943913288379
ZFAND6,-0.0995466178519255,6.62060747788089,0.246087709131562,0.61984341428601,0.967943913288379
C1orf122,0.111824008910857,5.88980589077596,0.245927304632176,0.619957500347511,0.967943913288379
PPP5C,0.130781512949692,5.52571149287133,0.245566733125788,0.620214122467542,0.967943913288379
USP8,0.0782205066973092,6.72013582784131,0.245442012528583,0.620302941909146,0.967943913288379
ZNF281,0.142408811902123,5.28827412717015,0.245415771214967,0.620321633169533,0.967943913288379
PTPN6,-0.0814164117645105,6.82898411928511,0.245259046846684,0.620433291305049,0.967943913288379
RRP36,0.108200202766677,5.9265760727616,0.245021117079403,0.620602889101334,0.967943913288379
DDX41,-0.166476167903324,4.7166169628481,0.244761916501176,0.620787765580643,0.967943913288379
RAPGEF6,-0.126010413845229,6.61306408536628,0.244648533085613,0.620868675341825,0.967943913288379
TAOK1,-0.115361585802965,6.5220673634552,0.244592927330775,0.620908363821367,0.967943913288379
TAF4,0.266335260248464,4.42384533006481,0.24455122728844,0.620938130814975,0.967943913288379
SMIM7,0.0823792107341467,6.60765551770197,0.244506253685774,0.620970238134364,0.967943913288379
NGDN,0.141283060776566,5.59579003770381,0.244473910158899,0.620993330927852,0.967943913288379
TBC1D4,-0.193613872228687,5.02811006074322,0.244333267956424,0.621093769464222,0.967943913288379
DOP1A,0.132175216212504,3.81036969773704,0.244122926293592,0.621244050475984,0.967943913288379
HMG20B,0.150579422027946,5.31509681765077,0.243977584192255,0.621347938870248,0.967943913288379
ZC3H18,0.126550677467385,6.05257204304912,0.243945502775404,0.621370875380641,0.967943913288379
YJU2,0.162748179830428,4.81725842621186,0.243854095059692,0.621436237335781,0.967943913288379
ST8SIA4,-0.106548032867553,6.66685719047469,0.243815043154115,0.621464166417353,0.967943913288379
MIF,0.106598611648191,9.39034750346038,0.2437989976574,0.621475642617308,0.967943913288379
SIK3,0.134251822009047,5.92566891779299,0.243624351008389,0.621600585305823,0.967943913288379
HNRNPA0,0.0928946771402635,7.32560938756455,0.243482603230154,0.621702033004368,0.967943913288379
TES,0.0929597011643332,7.09539238061054,0.243461145307457,0.621717393459961,0.967943913288379
TMOD3,-0.0826232131439882,7.42080793012201,0.243169630874778,0.621926154810062,0.968095747685918
THEMIS2,0.663876956386832,4.38740384128444,0.243009372009023,0.622040986781654,0.96810134262531
MGME1,0.25218769452684,4.99192123067132,0.242321115626332,0.622534686142715,0.968531543931734
DHTKD1,-0.232030918516459,3.99345201068693,0.242313740406408,0.622539981242574,0.968531543931734
FBXO33,0.163102396262786,5.1839908770031,0.241675656193785,0.62299847852932,0.968977504439946
TIPRL,0.121614001660767,6.30117041009157,0.241537538850213,0.623097822082063,0.968977504439946
MRPS25,-0.143364908132007,5.35157041737725,0.241450221616308,0.623160644875374,0.968977504439946
MORC3,0.10360203454545,6.26413442460325,0.24109006385638,0.623419919456681,0.969074497120268
GAK,-0.153577649449547,5.95792627401275,0.241007996162573,0.623479032929096,0.969074497120268
TRIP4,0.140279488158392,5.22052924717155,0.240404742859935,0.623913940891876,0.969074497120268
MTAP,-0.166362556877507,4.74554620175571,0.240286315088255,0.623999399385877,0.969074497120268
SACS,-0.140921775955755,5.47228530328815,0.240200850397315,0.624061087666426,0.969074497120268
BLOC1S6,0.111865683654257,6.01956709372003,0.23986506031704,0.624303592293377,0.969074497120268
FAM221A,0.257076839247707,3.87997393934603,0.239839320413239,0.624322190107365,0.969074497120268
SPTLC1,0.121518108552344,5.47124266756716,0.239478118063429,0.624583299697131,0.969074497120268
DPY19L1,0.180070529445613,4.15358545136519,0.239462177581199,0.624594828535442,0.969074497120268
CHROMR,0.0856532508703006,3.62846958401663,0.239448551828069,0.624604683639735,0.969074497120268
CCT7,-0.094742247959406,6.70575528071487,0.2393729229127,0.624659390116526,0.969074497120268
MEI1,0.140372163391915,5.42921471079058,0.239109289522855,0.624850174161368,0.969074497120268
SELENOT,-0.0774932055099692,7.17358620272649,0.238882216116846,0.625014605273661,0.969074497120268
RAB30,-0.268832828890325,3.8283394949171,0.238781895375247,0.625087281567505,0.969074497120268
RPS19,0.0497893468712643,12.2244980980384,0.23861705584293,0.625206738891604,0.969074497120268
RBMX,0.0951345445129754,7.19487658606499,0.238489055609033,0.625299534453061,0.969074497120268
MED10,-0.0715765557010949,7.25211115012196,0.238416113650811,0.625352428542801,0.969074497120268
CLNK,-0.193856205544326,5.68526665023451,0.238410530438973,0.625356477639208,0.969074497120268
USP37,0.174483590606843,4.68245706115864,0.238008124878267,0.625648467791737,0.969074497120268
STK16,0.200420083735159,4.78028839188854,0.238003109077795,0.625652109242578,0.969074497120268
SPATA20,-0.246079989033807,3.92300525349494,0.23799511148907,0.62565791555788,0.969074497120268
PTPRC,-0.04541131307745,10.796930080786,0.237880212435208,0.625741346552366,0.969074497120268
KMT2D,-0.168080230488541,5.1023612282352,0.237654627649544,0.625905221729455,0.969074497120268
NUFIP2,-0.0685870960759764,7.13571556834732,0.237310633405132,0.626155300400112,0.969074497120268
GSKIP,-0.167140654579514,5.01368367894783,0.236988442927668,0.626389731532962,0.969074497120268
SPOCK2,0.122610872097971,7.37926804031525,0.236721707951595,0.626583961519131,0.969074497120268
RPL39,0.0675911887208387,12.4207844592053,0.236520447269829,0.626730604300337,0.969074497120268
DDIT4,-0.19769359738524,7.0252874170227,0.236486209328362,0.626755558465064,0.969074497120268
GCHFR,0.148659261848953,6.23282432889808,0.236319650756858,0.62687698577941,0.969074497120268
ANAPC16,0.074957901476853,8.20209879774033,0.236316993183307,0.626878923676855,0.969074497120268
BSCL2,0.191050597214866,3.8981684902038,0.236312126437991,0.626882472532962,0.969074497120268
KIF2A,-0.0959796576168323,7.1149530276715,0.236265947466659,0.626916148728484,0.969074497120268
MBIP,0.191370131483542,4.88163791931324,0.236242599707786,0.626933176721569,0.969074497120268
BAD,-0.165201476411662,5.66511472625098,0.236138784017946,0.627008904203635,0.969074497120268
RIT1,0.139489059475917,5.09111222071054,0.23596227504809,0.627137704435352,0.969101463370182
STMN1,-0.199220740887544,6.4176719559362,0.235526289825284,0.627456102255149,0.969389956472107
FTH1,0.0617487182092648,10.0210574742266,0.235401682388094,0.627547169339751,0.969389956472107
RASA1,-0.142212821018452,5.00965352085114,0.234691747115168,0.628066581517433,0.969504035457042
USP9Y,0.160282625559429,5.58516681332364,0.234157930543487,0.628457778665742,0.969504035457042
TTLL12,-0.232199002513242,4.14005396980419,0.234048866068081,0.628537772150794,0.969504035457042
MKRN1,0.169191023891294,5.6971226326026,0.234026066356492,0.628554497536251,0.969504035457042
GBP2,-0.10036054222923,7.09983385907177,0.233492428003743,0.628946250786376,0.969504035457042
MORF4L1,0.0707211037423833,8.3752253235997,0.23344844576566,0.628978563540971,0.969504035457042
SMARCD1,-0.105272966437439,5.93682629610338,0.233311632509809,0.629079101152573,0.969504035457042
NSUN6,-0.146652222818486,5.20215171618069,0.233258695672561,0.629118011693395,0.969504035457042
ADA,0.154187272906781,5.5220050000379,0.232922365989364,0.629365353777634,0.969504035457042
TULP3,-0.241894576477378,3.9477887640937,0.232853718535125,0.629415865236576,0.969504035457042
ACAT1,-0.118321273018646,5.7081543187208,0.232712854406422,0.62951954317166,0.969504035457042
ARHGAP17,-0.16312466085554,4.86963520583906,0.232493756238004,0.629680879333183,0.969504035457042
JKAMP,-0.13449932009949,5.58013147213952,0.232325270010506,0.629805010387894,0.969504035457042
HSDL1,-0.21561030597653,4.33587871424659,0.232162685100235,0.629924846287339,0.969504035457042
LRRC41,-0.206266197556794,4.81775552621,0.232068826939383,0.629994049539085,0.969504035457042
TNRC6B,0.0518253343382424,8.07312035141247,0.231848890050822,0.630156280391223,0.969504035457042
ATF7IP,-0.0794542708306719,7.18885118045754,0.23148333175053,0.630426135002684,0.969504035457042
GTDC1,-0.143018081342982,5.14269717184666,0.231238943127437,0.630606688718249,0.969504035457042
NEU1,0.158480078832682,6.01358412420612,0.23088059986598,0.630871644367975,0.969504035457042
INPP1,0.196839828482447,4.17655858456922,0.230876839570584,0.630874426036645,0.969504035457042
MSH2,-0.165015274056788,4.76346885056493,0.230855978983252,0.630889858107898,0.969504035457042
SPRTN,-0.172451063014225,4.92749968454454,0.230543053897918,0.631121454275662,0.969504035457042
DUSP5,0.16922382286944,5.63911376654971,0.230451649736473,0.631189139083924,0.969504035457042
TSPOAP1-AS1,-0.180628427566661,4.31500152526506,0.230427851845949,0.631206764138635,0.969504035457042
TALDO1,0.0862168914013632,6.89380547048091,0.230407714165064,0.631221679265018,0.969504035457042
DEPDC5,-0.199565723923959,4.50988760311952,0.230383803135609,0.631239390192188,0.969504035457042
ITPA,0.152967744762586,6.15401661795089,0.230319647636293,0.631286915832855,0.969504035457042
CCL5,-0.0773382650824059,12.5158659660168,0.23008131496308,0.631463541231075,0.969504035457042
WDR91,-0.289694165956419,3.64431464833029,0.229877973808158,0.631614323828334,0.969504035457042
BMP2K,-0.207635916523188,4.23339621080592,0.22979751113408,0.631674011580568,0.969504035457042
PTK2B,-0.103565833738791,6.54307937049612,0.229757327263478,0.631703825057439,0.969504035457042
SLC35A2,0.20434016588641,4.29806521332915,0.22968729758173,0.631755789594665,0.969504035457042
B3GALNT2,0.211010317795871,4.22529647753662,0.229554760857138,0.63185416327108,0.969504035457042
YIPF5,0.116635905940557,6.23677386743879,0.228854051768465,0.632374836656808,0.969504035457042
MRPL35,0.138429898667725,5.36172184310639,0.228835636223039,0.632388533833547,0.969504035457042
OSBPL9,-0.123331221902526,5.38538970231849,0.22876932031105,0.632437864118561,0.969504035457042
ENDOG,-0.154738144239426,5.20719094654991,0.228757856792779,0.632446392353599,0.969504035457042
MGAT4B,-0.202510450035195,5.39337371798272,0.228659709429138,0.63251941941152,0.969504035457042
SQLE,0.176843445485461,6.12767122353961,0.228651374654149,0.632525621831351,0.969504035457042
ECHDC1,0.137274258084787,5.97226867013676,0.228639664605264,0.632534336235198,0.969504035457042
RPS7,0.0402826339333905,11.5759943877615,0.228511018039992,0.632630090708803,0.969504035457042
CNOT6L,0.085520443310398,7.40494435260998,0.228319297171476,0.632772854240598,0.969504035457042
BCL2L12,0.221528588226953,4.29744278013257,0.228184270453703,0.632873445083445,0.969504035457042
CBX3,0.0721471914255619,7.96101707607677,0.22811799241703,0.632922833602076,0.969504035457042
BTBD9,-0.255582783388617,4.04753401956959,0.227841249854619,0.633129149591764,0.969504035457042
ABR,0.133554480352046,5.5194381002864,0.227708879829855,0.633227887950723,0.969504035457042
INO80D,-0.0938455477439983,6.23024977581906,0.227631892877572,0.633285330793765,0.969504035457042
S100A4,-0.0863636030024131,10.8872221282445,0.227525332118645,0.63336485943889,0.969504035457042
TCP11L1,0.274870158627315,3.88319735553686,0.227412904719053,0.633448791274568,0.969504035457042
DNAJC8,-0.0823264697847396,8.05992400938094,0.227305000747513,0.633529370131025,0.969504035457042
MARF1,0.112755158611445,5.44501701293281,0.227282055736714,0.633546507677075,0.969504035457042
ZFAND3,0.155043455120157,4.92411589712399,0.227197949794643,0.633609335182325,0.969504035457042
ZNF134,0.215804518880176,4.05463360176392,0.227171256276659,0.633629278340003,0.969504035457042
TBCCD1,-0.230095571578593,4.07296843524974,0.227090464840508,0.63368964768769,0.969504035457042
CHIC1,-0.226386137598663,4.02746317199832,0.22701244891266,0.633747955614743,0.969504035457042
CRLF3,0.10280977250056,6.00272119974781,0.226852723807951,0.633867370107653,0.96951629561457
WAKMAR2,-0.433368235673772,5.46275048266713,0.226467053369323,0.634155919762113,0.969787202546066
ANKMY1,0.252485769142205,3.93950165814837,0.226238148949488,0.634327323256973,0.969798189771019
MRE11,0.146937302518489,5.33625943894194,0.226098250279502,0.634432131655878,0.969798189771019
PJA1,-0.233428037862224,3.94548939096239,0.226011153516016,0.634497402338984,0.969798189771019
CNOT10,0.147638664177448,4.97419834764308,0.225329455436162,0.635008803123246,0.970268773081814
PHF12,-0.13095688571893,5.59709420923199,0.225273796557143,0.635050599509368,0.970268773081814
PNRC2,-0.0777697133912586,7.11475156311143,0.22498060863699,0.635270870054695,0.970268773081814
TAF1C,0.249200567181105,3.88429946601934,0.224847574444407,0.635370875936128,0.970268773081814
UBXN2A,-0.121868301826995,5.49108306287797,0.224686792200796,0.635491789252564,0.970268773081814
RGS10,-0.0834121164271676,8.10239300681426,0.224455952139046,0.635665480931912,0.970268773081814
IL6ST,-0.222418344576445,5.01241353214906,0.224341453174358,0.635751674309557,0.970268773081814
FUNDC1,-0.192983633444859,4.43072353247244,0.223959920134661,0.63603908209234,0.970268773081814
MRPS17,0.165519629982182,4.81217509159839,0.22383318211369,0.636134619790179,0.970268773081814
TBL1XR1,-0.0625975526621958,7.28279655088236,0.2238187812537,0.6361454775455,0.970268773081814
DTWD1,0.151590301155152,5.17782913799868,0.223810887797393,0.636151429122642,0.970268773081814
TARDBP,-0.114558370575743,6.29506848902311,0.223784226675498,0.636171532257846,0.970268773081814
C1orf216,-0.194178454932519,4.33914066855615,0.223639119662188,0.636280972181185,0.970268773081814
DYNLRB1,-0.0734237768276576,7.8868041532069,0.223461489247271,0.636415000460296,0.970268773081814
PTBP3,0.0633351247645964,7.43972850738457,0.222898603525655,0.636840148113054,0.970268773081814
RCN2,-0.0855800580687186,6.38469462518853,0.222800880045245,0.636914025533108,0.970268773081814
SINHCAF,0.117131589745634,6.12119939057203,0.222366734521355,0.637242472466017,0.970268773081814
HAUS2,-0.153212604555828,4.98565190672135,0.222192316893306,0.637374536127877,0.970268773081814
OIP5-AS1,0.165286185149758,6.72249934670241,0.22215735833208,0.637401013295676,0.970268773081814
MICOS10,0.159029828589062,7.49259577771558,0.222004451613152,0.637516852823225,0.970268773081814
UAP1L1,-0.229436486963334,4.3246007042413,0.221979283360707,0.637535924534948,0.970268773081814
NBL1,0.155394051539775,5.92271128414174,0.221861817295768,0.637624954108884,0.970268773081814
SIT1,-0.0810720708072097,6.60862243957995,0.221692128853716,0.637753614792239,0.970268773081814
ATF3,-0.287537673783919,4.40633454145281,0.221665091654714,0.637774120415309,0.970268773081814
TSPOAP1,0.213991337174315,4.13522584130472,0.221513144775695,0.637889388791999,0.970268773081814
DNAJB12,-0.143335996592248,5.00415980913328,0.22146731482297,0.637924165318046,0.970268773081814
MDM2,-0.116656087158435,5.8985279844026,0.221397180865736,0.637977392635054,0.970268773081814
MAN2A2,0.151413181562516,4.89122901287717,0.221047212196329,0.638243151115542,0.970268773081814
MAX,0.0948466370190759,6.56245562065823,0.220824191250856,0.638412642335705,0.970268773081814
ETF1,-0.124989035609031,5.78660811098443,0.220737213215656,0.638478772132111,0.970268773081814
UQCC3,0.150058163688729,5.56091244380284,0.220207273309111,0.638882031887197,0.970268773081814
FAM114A2,-0.187939423674469,4.8260124643015,0.220125968048073,0.638943953805773,0.970268773081814
TBC1D22B,0.221251158431389,3.84289907550536,0.220067798762271,0.638988263976267,0.970268773081814
MRPL47,-0.104469007997158,6.13831021883275,0.219821429893877,0.639176013516494,0.970268773081814
MAN2B2,-0.133154474015248,5.26058765011712,0.219751121487395,0.639229616758097,0.970268773081814
USP30-AS1,-0.218615741110168,4.3100039857006,0.219303184286257,0.639571370615768,0.970268773081814
ZC3H7A,0.155803691870771,5.67144109195408,0.218953214332341,0.639838676579084,0.970268773081814
TTLL5,0.224753703297805,3.94147655581979,0.218918611638522,0.639865120152552,0.970268773081814
NT5C,-0.0889879205203624,6.79054963940833,0.218870194557679,0.639902125034556,0.970268773081814
KIAA0930,0.209523059227906,4.82142734444208,0.218709586182463,0.64002491277756,0.970268773081814
FGD5-AS1,-0.105821901062653,5.86831715520722,0.21840592176283,0.640257219448979,0.970268773081814
TNFRSF14,-0.115643771926025,6.6961707455815,0.218290960204861,0.640345217671869,0.970268773081814
IRGQ,-0.250317955981614,4.05451165702728,0.218230833149068,0.640391253640608,0.970268773081814
CABIN1,-0.0961566080129753,6.17001122167064,0.218097111438173,0.640493664680331,0.970268773081814
MTMR14,0.134367819430714,5.30201473158864,0.217938852708265,0.640614916869685,0.970268773081814
CPEB2,-0.184522135989766,4.48203869325047,0.217489217483809,0.640959704156586,0.970268773081814
ASB3,-0.198058926784629,4.2269739634006,0.217443151352079,0.640995052882294,0.970268773081814
SYTL2,0.139037641076993,6.4946605310583,0.217406241974064,0.641023378486569,0.970268773081814
ZDHHC17,-0.149992625279269,5.24978961843809,0.21720864276265,0.641175073140034,0.970268773081814
ZFP62,0.20909576742642,4.48689498769874,0.217202624880681,0.641179694316835,0.970268773081814
POP5,-0.128762616812765,5.89884615447293,0.216861765380518,0.641441570187123,0.970268773081814
AURKAIP1,0.0650948344963363,7.28250726677829,0.216670252412868,0.64158881585719,0.970268773081814
APLP2,0.152909864727816,5.63942056919877,0.216587555023594,0.641652422620647,0.970268773081814
NUMB,-0.109865590160629,5.65377476124529,0.216557590845721,0.641675473238345,0.970268773081814
CXorf38,0.11238709748864,5.85996753894761,0.216405730857229,0.641792324790413,0.970268773081814
ZNF362,0.221020839928731,3.77723140960094,0.216006905668124,0.642099446066087,0.970268773081814
ZNF106,-0.0863573743326331,6.44718473304461,0.215968994671416,0.642128657933442,0.970268773081814
CRTC1,-0.247812031519802,3.84948721795757,0.215890010862864,0.642189527982412,0.970268773081814
UAP1,0.180100227343185,4.61576771475788,0.215708803636115,0.642329229209604,0.970268773081814
NAGK,-0.127747496403147,5.544641002168,0.215590764865123,0.642420269257997,0.970268773081814
CYTH2,0.133649765256006,5.58604761406105,0.215548297989258,0.642453030198519,0.970268773081814
UBE2V2,-0.109259113687328,6.13153230429749,0.215537171957202,0.642461613990174,0.970268773081814
USP47,0.0824439667642679,6.6041339961181,0.215535762593465,0.642462701340852,0.970268773081814
ANKRD10,0.0906102139944658,6.21075458983125,0.215408185308043,0.642561147525314,0.970268773081814
ANKZF1,0.11591250034786,5.63040779597724,0.215008893967728,0.642869493526488,0.970268773081814
FBXO28,-0.150785393251993,4.80897328578843,0.214636593555074,0.643157309792751,0.970268773081814
MAN1A1,0.177950118031308,5.61351981141787,0.214199922995956,0.643495275649908,0.970268773081814
PHAX,-0.153741526792807,6.01229300758281,0.21405982930472,0.643603791282433,0.970268773081814
MOB2,0.125440753595713,5.79291993115121,0.213822892382396,0.643787419185488,0.970268773081814
LRIF1,-0.153992297722301,5.69300033476018,0.213789949064164,0.643812960283392,0.970268773081814
TPRG1L,0.151124691239208,5.05864494756156,0.21361710898406,0.643947003103494,0.970268773081814
APBA3,-0.185076721895964,4.621917113935,0.213455229276715,0.644072605513311,0.970268773081814
PSEN1,0.140008492645562,5.3074886090372,0.213382185432515,0.644129299130002,0.970268773081814
YWHAQ,-0.134581514722909,7.54280170184893,0.213304381215931,0.644189700502811,0.970268773081814
ARL8B,-0.12320224464972,5.71292541779584,0.213287768287437,0.644202599269159,0.970268773081814
ZNF26,0.17141339844341,4.86183016281695,0.213046285691735,0.644390162314529,0.970268773081814
ZCCHC7,0.119976194783398,5.84175099205294,0.213023696777714,0.644407714046833,0.970268773081814
EZH2,-0.18000775215514,5.46707623892641,0.212645399523311,0.644701821348678,0.970268773081814
TADA3,0.131540742177891,6.02670169579249,0.212375218825894,0.644912067657907,0.970268773081814
GNG2,0.0888438545034789,7.46874920231168,0.212297473289539,0.644972596882502,0.970268773081814
FBXO25,0.138251110971874,5.32794805176637,0.212291187155856,0.644977491574319,0.970268773081814
PGLYRP2,-0.16468326683928,5.04384214229133,0.212122465101867,0.645108899671836,0.970268773081814
GID8,-0.113167895257034,5.87922274519253,0.211845508149583,0.645324743233413,0.970268773081814
TXNDC9,-0.114657649246092,5.82717890873335,0.211713570843823,0.645427627351852,0.970268773081814
C15orf39,-0.230709641674387,4.06047378042986,0.211586131695498,0.645527040715152,0.970268773081814
PI4K2B,-0.190596753788671,4.37268969854691,0.211389156903284,0.64568076917357,0.970268773081814
SAMSN1,0.0883695468941257,7.66880004180032,0.211336428980768,0.645721935262734,0.970268773081814
DNPEP,0.134402368824542,5.45473794289367,0.211333358989734,0.645724332277882,0.970268773081814
STMN3,0.197280151500485,5.60902256677296,0.211286190654398,0.645761163445565,0.970268773081814
UFL1,-0.108789146032491,6.07485900401753,0.211002005467108,0.645983173528944,0.970268773081814
STAG2,0.064347561275333,7.15699174323582,0.210752916113041,0.646177915119854,0.970268773081814
C10orf88,0.0968959736186387,3.79817524413053,0.210716112824667,0.646206700265887,0.970268773081814
RNF13,0.121886265018786,5.85408723041642,0.210692043486219,0.646225527388016,0.970268773081814
STPG1,-0.29366783281907,3.69424342697363,0.210448943508986,0.646415754075651,0.970268773081814
NDUFB11,0.059149463859978,7.99218316610453,0.210437404219469,0.646424786920683,0.970268773081814
PIK3R5,-0.131005950202689,5.37522636659672,0.210296670159686,0.64653497632162,0.970268773081814
NR4A1,0.355979304176987,4.16070988112659,0.21015312021234,0.646647416436947,0.970268773081814
CD2AP,0.16634224826133,5.45206029458389,0.209472315732167,0.647181312204654,0.970268773081814
DMXL1,0.162391900016783,5.17497435093642,0.209398247497351,0.647239460748876,0.970268773081814
SCML4,-0.143554796518519,6.60660998219022,0.209057452023433,0.64750716848993,0.970268773081814
ZNF75D,-0.186400332803517,4.25171905659556,0.209055030430559,0.647509071686477,0.970268773081814
CCDC18-AS1,0.123242996883359,5.55972109187374,0.208985599543315,0.647563645003187,0.970268773081814
CAMK4,0.101093600099827,6.88508663134117,0.208894484610504,0.647635278810682,0.970268773081814
PCF11,0.106899121047683,6.70263362017534,0.208781735729776,0.647723947198673,0.970268773081814
WAC,-0.0716907039742119,7.43114534521821,0.208415788498751,0.648011936311721,0.970268773081814
ZNF800,0.107985402985434,6.26900311352229,0.208253410368961,0.648139820728131,0.970268773081814
A1BG,0.113717175304916,6.28151899743972,0.208187948465557,0.64819139370742,0.970268773081814
ABTB1,0.121200350899483,5.69441751946213,0.20781365336099,0.648486463641617,0.970268773081814
CHERP,0.12966057715449,5.08860548642225,0.207793888229521,0.648502054105802,0.970268773081814
FAM13A,0.226857006015044,3.93502070896151,0.207759437597044,0.648529230432408,0.970268773081814
RRM2B,0.191147664516033,4.28392134104216,0.207653406326799,0.648612890111714,0.970268773081814
CDK9,0.172198811693009,5.44183760787895,0.207650831130731,0.648614922286686,0.970268773081814
RPA3,0.108108820473571,6.43438614255365,0.207463962961519,0.648762426961788,0.970268773081814
SWSAP1,0.223003032143236,4.03889995854969,0.206990994875856,0.649136123811906,0.970268773081814
PDCD2,-0.0984665987456805,6.55009162842074,0.206888701030316,0.649217014977831,0.970268773081814
MAEA,0.125106989744343,5.45491577849616,0.206761833613049,0.649317371785281,0.970268773081814
SAR1B,-0.11121253759935,6.17806361793373,0.206704673121864,0.649362599984233,0.970268773081814
RNGTT,-0.160848048659099,5.22428302089939,0.206474985024766,0.649544416652567,0.970268773081814
DENND4A,-0.14279671873777,6.40780734883873,0.206355068958992,0.649639388379211,0.970268773081814
GTPBP4,0.151430190014626,5.84445781544176,0.20618932980344,0.649770706121997,0.970268773081814
SLC26A2,0.1678594216337,4.65622194762382,0.206161177162969,0.649793018226954,0.970268773081814
TMEM69,-0.212958081029428,4.09745487427858,0.206157287639403,0.649796100975986,0.970268773081814
PPP1CB,-0.078940596075583,7.73461590434209,0.205961283959784,0.649951494531584,0.970268773081814
ANKRD40,0.169949791475903,5.14732299802401,0.205911687512501,0.649990829195733,0.970268773081814
MAPKAPK3,0.149269793239665,5.97101183014635,0.20578281654409,0.650093062751062,0.970268773081814
FUS,0.070898085941796,8.55095929034243,0.205636777959324,0.650208962070648,0.970268773081814
ZBTB44,0.113078417733698,6.0753311306531,0.205591252791034,0.650245101954556,0.970268773081814
NUP153,0.150750938211297,5.35388909268981,0.205377843969515,0.650414579615872,0.970268773081814
RUNX2,-0.14170714937734,5.17691856507365,0.205353734895365,0.650433732400924,0.970268773081814
MRPS18C,-0.107164659250755,6.62614414814251,0.205023877737769,0.650695914479871,0.970268773081814
PCBP2,0.0433281276735992,8.27296166493713,0.204891309108003,0.650801356291082,0.970268773081814
PSMD5,-0.16577919119131,4.64267082760499,0.204799638120367,0.650874293168092,0.970268773081814
SLC35F2,0.204195224141478,4.19956383825326,0.204382101469371,0.651206750003863,0.970268773081814
CCNY,0.153639050849289,5.68772341805699,0.204333091007239,0.651245800610359,0.970268773081814
SPOPL,0.173521430745272,4.59366758434141,0.204252133235631,0.651310318582111,0.970268773081814
BCL7B,0.112483230350477,5.85449258886433,0.204247106295167,0.651314325227788,0.970268773081814
FAM50B,-0.224132751966363,4.39339627423153,0.204164989717285,0.651379783393394,0.970268773081814
TMOD2,-0.235827868373493,3.82591147822853,0.204116223589129,0.651418664182656,0.970268773081814
IL2RA,0.252454590829831,4.28418383734402,0.203939505530354,0.651559606750553,0.970268773081814
CPNE3,0.103096251515872,6.34134835706802,0.203818137910162,0.651656446827642,0.970268773081814
LSM3,-0.0741793500354499,6.88684598350461,0.203661790839789,0.651781248423504,0.970268773081814
SLC16A7,0.114764204862264,6.21006448337948,0.203622809819958,0.651812373390723,0.970268773081814
SCYL3,0.16536625514789,4.5991069408199,0.203584893876513,0.65184265137252,0.970268773081814
SLK,0.102530586438549,6.6032703678115,0.203458011993519,0.651943998272255,0.970268773081814
UQCRB,0.0475849828586832,9.35582929416417,0.203417360564249,0.651976476644106,0.970268773081814
RAB33A,0.144568100309939,5.15889775502223,0.20319929697666,0.652150764773513,0.970268773081814
TTC5,0.165946074901509,4.90307278450019,0.203163854570839,0.652179102876848,0.970268773081814
PRPSAP1,-0.114107836697691,5.70297295633889,0.203116928819181,0.652216627106584,0.970268773081814
RDH5,-0.226329093620219,4.0913455467966,0.202919788528932,0.652374327559103,0.970268773081814
ADNP,0.0926223955660875,5.99863889649808,0.202876332102958,0.652409102497579,0.970268773081814
JOSD2,0.102204663898574,6.10758246277726,0.202849298490385,0.652430737743041,0.970268773081814
FAM210B,-0.173201421203605,4.71375532587766,0.202741643327705,0.65251691235352,0.970268773081814
OXCT1,0.13630600178272,5.29864703234965,0.202740240116821,0.652518035761863,0.970268773081814
ITGAV,0.223393936767098,3.96689252209058,0.202688907842283,0.652559135511675,0.970268773081814
FBXW8,0.190642351420682,4.2738142201635,0.202291108326367,0.652877850458292,0.970268773081814
PTPA,-0.160133682733469,5.08639435498023,0.202240605623434,0.652918339912913,0.970268773081814
KCTD13,-0.19156926333558,4.77472753192577,0.202236042768327,0.652921998383103,0.970268773081814
GON7,0.145264888282368,5.15466218866303,0.202092197980175,0.653037357728626,0.970268773081814
POGZ,-0.119932201211402,5.62432722130823,0.201857220924069,0.653225908710558,0.970268773081814
CAPNS1,0.0729130103357414,7.00922329835997,0.201758801589792,0.653304921835521,0.970268773081814
RNF123,-0.215294899690032,3.97186958820319,0.201504685609866,0.653509038675949,0.970268773081814
CDK10,-0.143810308860872,5.08040136302178,0.201368615906404,0.653618399267908,0.970268773081814
ITGB2,0.0896186923987858,8.03808719732262,0.201302042156762,0.653671921433874,0.970268773081814
REV1,-0.120493965303597,5.43701161052874,0.201261700295973,0.653704359567554,0.970268773081814
DCLRE1C,0.146135127944308,5.30492891786019,0.201237397400774,0.653723902954828,0.970268773081814
SCAF1,0.246531750659848,4.66874368297393,0.200959643508082,0.653947361940572,0.970268773081814
COX5B,-0.0446183153237751,8.49315803128805,0.200867855965909,0.654021247763338,0.970268773081814
NHSL2,0.223334213364652,4.24912226077252,0.20061846826302,0.654222098727366,0.970268773081814
GTF3C3,0.172274552254506,4.72829536228152,0.200524843872575,0.654297540296087,0.970268773081814
RAB5A,0.102291234139673,5.9824492775796,0.20022524435721,0.654539096671122,0.970268773081814
ZFP14,-0.118750134632678,5.36519755522051,0.199134240685289,0.655420571333904,0.970268773081814
PGPEP1,0.182222273195956,4.85792706027444,0.199080457112995,0.655464100510813,0.970268773081814
RXRB,0.173699428295737,4.91927442559585,0.198862292238733,0.655640742329426,0.970268773081814
ADPRM,-0.220483991926979,4.04198112810316,0.198646910945765,0.655815244347705,0.970268773081814
ZNF830,-0.101452916375344,5.81125752314715,0.198595358822248,0.655857028718349,0.970268773081814
GZMM,0.111085936187011,7.64203335911475,0.198569789121997,0.65587775605385,0.970268773081814
RBBP5,0.139480222579474,5.19032894522973,0.198497245293085,0.655936570311305,0.970268773081814
DDAH2,-0.124136545101107,5.8956241000063,0.198392865787973,0.656021217661214,0.970268773081814
MRPL28,0.107147062279779,5.79048185851331,0.198273964140736,0.656117674371055,0.970268773081814
COA6-AS1,0.071016119358685,3.79185546047952,0.198066199271121,0.656286302906439,0.970268773081814
ABCC10,0.203538606801858,4.24148688221315,0.198032276758305,0.656313845551662,0.970268773081814
ELMO2,0.170885623796375,4.525509805754,0.197972579634566,0.656362322194403,0.970268773081814
CYB5A,-0.24095469144614,5.37565031609912,0.197906529683692,0.656415967811311,0.970268773081814
PPP2R5C,0.077632051241251,8.57368280517701,0.197893705324251,0.656426384969454,0.970268773081814
DHRS4,0.214599707640485,4.28371455346541,0.197855962516403,0.656457045595376,0.970268773081814
SRSF8,-0.0948907152210508,6.2479117476248,0.197732478286319,0.656557383332492,0.970268773081814
IDH3G,-0.117429625874528,6.21270060712156,0.197642087748182,0.656630854412963,0.970268773081814
FLAD1,-0.131650664925259,5.30597569196975,0.197314259359551,0.656897488258414,0.970268773081814
RNF170,0.188352109233536,4.64822706267921,0.197268804717833,0.656934478977259,0.970268773081814
SLC39A3,0.161130448800898,5.04383167813921,0.197146332145607,0.657034171834325,0.970268773081814
BOLA3,0.114802731859879,6.1939815754935,0.196893376961103,0.657240195144906,0.970268773081814
ZCCHC3,0.153445684722933,5.13631461566262,0.19688280451166,0.657248809489756,0.970268773081814
CSK,0.0731172656040009,7.19047597606829,0.196765732748926,0.657344217108993,0.970268773081814
MSANTD2,-0.247822830710702,3.92704943550773,0.196755657323948,0.657352429662713,0.970268773081814
PPP2R2A,0.101403747718236,6.15198560862082,0.1966932865624,0.657403274134955,0.970268773081814
RAD51C,0.15387325568933,5.04933285872853,0.196615691260055,0.65746654307899,0.970268773081814
RNF41,-0.20659054010534,5.08069583981721,0.196567844274806,0.65750556356027,0.970268773081814
MRPL33,0.0980612895190718,7.39778039557305,0.196525802817057,0.657539854170811,0.970268773081814
CMTM6,0.0966833551411388,7.22605204350144,0.196507449927264,0.657554824861225,0.970268773081814
MAPKAPK2,-0.100012364710841,5.99045353376756,0.196462237697357,0.657591708632847,0.970268773081814
NFKBIZ,-0.143097150416905,6.16665247139656,0.196122294194836,0.657869194544916,0.970268773081814
EIF2AK3,0.202505760218985,3.98340446718568,0.196057639701447,0.657922002663943,0.970268773081814
DPAGT1,0.180667210199013,4.42436492146175,0.196054694147128,0.657924408764604,0.970268773081814
IL11RA,0.229541153030923,3.75602268052254,0.196043574279564,0.657933492316208,0.970268773081814
DOCK9,0.228092377105256,4.74992939633809,0.195549706598314,0.658337232013657,0.970268773081814
GNL1,-0.160672423062009,5.37223359911558,0.195422568603007,0.658441266702659,0.970268773081814
TRADD,-0.0856453596268126,6.80692527269192,0.195368592320825,0.658485446737618,0.970268773081814
ZC3H12A,0.162746902979293,4.63432157796126,0.195343845213223,0.658505704889764,0.970268773081814
XPO6,0.127256987537894,5.85997551142494,0.195110749120207,0.658696594258779,0.970268773081814
RPAP3,-0.129996780043094,5.39010442827558,0.194979519530676,0.658804122061211,0.970268773081814
BBX,-0.0737907107625553,7.06631951438364,0.194314221432382,0.659349924893938,0.970268773081814
GALM,0.132558367487527,6.09912174891679,0.194306953827812,0.659355893310332,0.970268773081814
ZNF345,-0.187411041126031,4.30017281929197,0.194163190190523,0.659473984552532,0.970268773081814
MFSD11,0.190868913849673,4.93303500327042,0.194134257364773,0.659497757048799,0.970268773081814
SCAND1,0.0836793711821904,7.24700250309238,0.194013792100797,0.659596759412414,0.970268773081814
RRM1,0.162399584301334,4.80115763961863,0.193959333889758,0.659641527028301,0.970268773081814
MRPS21,0.0774020261402551,7.46453311866122,0.193879678843494,0.659707021331859,0.970268773081814
GANAB,0.145970095972071,5.68034662460458,0.193773822590938,0.659794083761737,0.970268773081814
SLC26A11,-0.152979556072143,4.88527059796746,0.193495357940417,0.66002324516988,0.970268773081814
MARK4,-0.191056370213534,4.65470747080767,0.193303735881958,0.660181054137257,0.970268773081814
FXYD1,0.629297428832025,3.66159261323167,0.193207174553464,0.660260611894538,0.970268773081814
HSD17B7,-0.147877473573193,4.98062519329242,0.193005021773061,0.660427244256743,0.970268773081814
XRCC6,0.0672811304958165,7.20729205281435,0.192992849094431,0.660437281387439,0.970268773081814
VILL,0.198783207746736,4.0834927032753,0.192852399244142,0.660553118349381,0.970268773081814
ADGRE5,0.0894361603194355,8.30462456690189,0.192847387429143,0.660557252807277,0.970268773081814
DBR1,-0.214414699935977,4.52235734973866,0.192627337357344,0.660738844617696,0.970268773081814
BMI1,0.133496755827683,5.25723762959808,0.192622091389637,0.660743175254371,0.970268773081814
PCBD1,-0.140736034092104,5.58476177484211,0.192585932908685,0.660773026616215,0.970268773081814
TMEM41B,0.105645839053354,5.88425415116432,0.19252901368808,0.660820024196505,0.970268773081814
EIF1AY,-0.120614304920111,5.75958359384045,0.192483099120068,0.660857941392341,0.970268773081814
MDH2,-0.126184502430397,6.98459579166071,0.192423771740586,0.660906943150949,0.970268773081814
IQCG,0.184833178840382,4.37383075750245,0.192338677779428,0.660977242679861,0.970268773081814
HNRNPU,0.0451585065062804,8.7231882169433,0.192211696635081,0.661082181375403,0.970268773081814
SMS,-0.0969268919465103,5.99004705576633,0.192177235276814,0.661110667772231,0.970268773081814
CRAT,0.221184358570951,3.8951025939539,0.19213799700999,0.661143106557676,0.970268773081814
RANBP2,0.10879676518285,6.37434741653238,0.192127315121827,0.661151938097327,0.970268773081814
COASY,0.20080223254801,4.88799899582643,0.191977658186474,0.661275701798307,0.970268773081814
KPNA1,0.11579060548907,5.54458719641242,0.191830437372284,0.661397506986751,0.970268773081814
ABCD2,-0.139321764051993,4.87948018135925,0.191640704170396,0.66155456757557,0.970268773081814
PIGG,0.163823875380112,4.50183741015922,0.191581472430805,0.661603618411953,0.970268773081814
RELL2,0.206537313867991,3.94780262282895,0.190910738353098,0.662159696476569,0.970268773081814
TRDC,0.227681378682393,7.48374117990673,0.190842117097695,0.662216653106943,0.970268773081814
SIMC1,-0.197875932454829,4.18655447786752,0.190789285497864,0.662260512404528,0.970268773081814
BRIX1,-0.102343505770621,5.74672346688065,0.190768008027014,0.66227817840068,0.970268773081814
RASGEF1B,0.170109703742163,4.59951719531286,0.190715303027091,0.662321942710708,0.970268773081814
RCBTB1,0.201186831337177,4.18251747282876,0.190705025425164,0.662330477695515,0.970268773081814
TGOLN2,0.0534658753230901,7.68199074642744,0.1906905485774,0.662342500388264,0.970268773081814
DPH7,-0.138313570051355,5.13613932373754,0.190369760891745,0.662609046800031,0.970360639618107
NAA35,-0.14319519242,5.04997837351589,0.190346714631986,0.662628206509297,0.970360639618107
PHKB,-0.1027417379498,5.99387356131397,0.189694460460672,0.663171037130699,0.970627823847169
FRAT1,-0.190526575701195,4.16332178560689,0.189648093081825,0.663209668067004,0.970627823847169
LSM6,-0.0905602743603001,6.66409443061653,0.189375277700172,0.663437077782025,0.970627823847169
PIP4P1,-0.179510267001493,5.01471233411206,0.189297487810684,0.663501956507837,0.970627823847169
PYGB,-0.203962975551803,4.29535514540801,0.189206513950015,0.663577851112833,0.970627823847169
SELPLG,-0.0822240227340573,7.21657792766903,0.189112375872487,0.663656408300538,0.970627823847169
EIF2AK1,0.0947129625195002,6.03509141088064,0.189023665919585,0.663730457058726,0.970627823847169
SSBP1,0.0519266214453171,7.71734530697864,0.18891828574883,0.663818447782429,0.970627823847169
LEF1,0.230988147996459,4.89440335571109,0.188843332950146,0.663881049904902,0.970627823847169
ACSS1,-0.136010964875982,5.15772187122095,0.188527443218781,0.664145049932011,0.970627823847169
GALNT7,0.174526361457018,4.50369709990736,0.188518023794931,0.664152926106878,0.970627823847169
SHLD3,0.226641943265681,3.84035000922704,0.188353743705912,0.664290328681464,0.970627823847169
PRKD3,0.151103924865846,5.23215314871539,0.188266395141774,0.664363415331411,0.970627823847169
NAA16,0.137610892799026,5.16128667885105,0.187908882922073,0.664662764580249,0.970627823847169
PIM1,-0.096963625088924,8.14991259320977,0.187902641165,0.664667993881497,0.970627823847169
DXO,-0.175304216649385,4.2942887459123,0.187688790800507,0.664847218604822,0.970627823847169
CLU,0.191190720641958,4.70856825931134,0.18764882859184,0.664880723767873,0.970627823847169
CD244,-0.166768871849458,4.87545178415928,0.187522862183172,0.664986364411684,0.970627823847169
MRPS36,-0.0878752815322819,6.67503349910312,0.187457326834325,0.665041341731331,0.970627823847169
SNRPA,0.0994270363436129,5.91111479707682,0.187373716557122,0.665111498599007,0.970627823847169
SLC25A4,0.187335645738437,4.60755699762274,0.187324570775946,0.66515274519413,0.970627823847169
B4GALT1,0.0935088067813674,5.89507235899584,0.186998644479988,0.665426448159995,0.970864438949948
WASHC5,0.152581729540541,4.76375675660723,0.186686745008341,0.665688637065768,0.971040672388729
BRK1,0.0656668500569602,7.78586508117726,0.186581643283445,0.665777046213921,0.971040672388729
UNK,-0.160391559204624,4.7160389475518,0.186456961459431,0.66588196401424,0.971040672388729
LSM14B,0.154525487380848,4.77019499806688,0.186274066205318,0.666035942833222,0.971102497985849
MTCH1,-0.0833581715762219,6.9437129350147,0.185234267030122,0.666913054182206,0.97160557368421
BPHL,0.238140774598907,3.88728797868582,0.185146654182599,0.666987092230425,0.97160557368421
LZTFL1,-0.206996052427608,4.07021613580139,0.185066304113805,0.667055011053281,0.97160557368421
GCLC,-0.144834414982961,4.80168477111308,0.18487834791779,0.66721395614433,0.97160557368421
CRIPT,0.106772052112762,5.8782255711296,0.184657884313474,0.667400513161404,0.97160557368421
OCEL1,-0.151979586413116,4.70886063315914,0.18464608339351,0.667410502857421,0.97160557368421
TK2,0.176984763869469,4.51606413763618,0.184508260063414,0.667527200852963,0.97160557368421
POP4,-0.143543357661466,5.17465100845433,0.184279375999594,0.667721116055429,0.97160557368421
SHOC2,-0.0834276773318485,6.60582773490693,0.184240557493503,0.667754018021234,0.97160557368421
CCT4,0.0628019115242711,7.05879969183973,0.18406845619506,0.667899937882202,0.97160557368421
KMT2B,0.109065946085745,6.10405492301992,0.184029555672034,0.667932931735205,0.97160557368421
SEC24A,0.151756151567056,4.60321169524407,0.184000098692508,0.667957918703055,0.97160557368421
HBP1,0.152133787601131,5.6336528299714,0.183965334285467,0.667987410758377,0.97160557368421
IFRD2,0.135818810510929,4.95829139571363,0.183953381694757,0.667997551387621,0.97160557368421
ZBTB43,0.128260084721696,5.23940995228816,0.183884987737205,0.668055584617524,0.97160557368421
MEF2D,0.0991863473694881,5.75545816142457,0.183175598673765,0.668658266045186,0.971907671783137
NBEAL1,0.141171874987554,5.29933113106585,0.183151123886912,0.668679083913809,0.971907671783137
THAP4,0.156343104817492,4.61228793489138,0.183098460692669,0.66872388397926,0.971907671783137
RABGGTB,-0.106728722178223,5.94205587488646,0.182851311782706,0.668934233031042,0.971907671783137
KIF21B,0.131311273586029,5.54011091399603,0.182821100283054,0.668959957645327,0.971907671783137
RAB28,-0.145947280403953,4.87075664587318,0.182771923399979,0.669001836361108,0.971907671783137
LARP7,-0.0644821113985405,6.89026046832888,0.182679181206643,0.669080833150564,0.971907671783137
POU5F2,0.17401679181144,4.4519032479486,0.182590138519078,0.669156701059929,0.971907671783137
SYTL1,-0.109154922471458,6.59177338846732,0.181469625002226,0.670113298287631,0.972819524998807
NOC4L,0.179008785507144,4.40122936631577,0.18136771299411,0.670200474877852,0.972819524998807
LMF2,0.107518335613481,5.81832647216924,0.181341514784528,0.670222889773413,0.972819524998807
KCNA3,0.19136132103863,4.49020358989557,0.181215770735701,0.670330501608072,0.972819524998807
RARS2,0.138841321862638,5.27060646658084,0.180898919451373,0.670601858844616,0.972819524998807
ABHD14B,0.124920828393011,5.54716607490139,0.180890081826622,0.670609431569851,0.972819524998807
HDAC3,0.132290979205336,5.15595193474946,0.180883125703311,0.670615392240263,0.972819524998807
BCAP29,0.108936702627356,5.78461859044315,0.180809198245665,0.67067874870652,0.972819524998807
PHF19,0.141799554128008,5.54581593773255,0.180424817262907,0.671008413236238,0.973029329276502
LARP4,0.124503890284888,5.64310866296525,0.180341000486589,0.671080353773768,0.973029329276502
WDR81,0.208068049399388,4.00263310331472,0.180249626585415,0.671158803130741,0.973029329276502
PELP1,0.13169158747212,5.04227509597179,0.179557426439743,0.671753857415392,0.973212161193233
GSTM4,-0.536618968882671,3.95717679015065,0.179449388039437,0.67184685532755,0.973212161193233
TRAPPC5,0.102516098122349,6.8659576013057,0.179057241686422,0.672184686996778,0.973212161193233
KLHL24,-0.114910777231113,6.08574531329911,0.178980963910554,0.672250450493563,0.973212161193233
TRIP12,0.091189994910505,6.38804790309341,0.178844519395412,0.672368128448788,0.973212161193233
LMNB2,0.160507729522899,4.54484159357889,0.178819330929723,0.672389858282109,0.973212161193233
PEX11B,0.172823110671899,4.55925117697972,0.178781808956266,0.672422231452906,0.973212161193233
ZNF480,0.187262316365449,5.29074704616439,0.17877139881729,0.672431213811842,0.973212161193233
ZBED1,0.201293330710442,4.81058672509893,0.178310647651124,0.672829080804013,0.973212161193233
INSIG1,-0.100858877917559,5.77590899489584,0.178180854518128,0.672941268860245,0.973212161193233
DHRS4L2,0.159076345279716,4.92863145143247,0.178038617680986,0.67306426806237,0.973212161193233
IL32,-0.0777082831157832,11.113192215069,0.177979111419774,0.673115743231598,0.973212161193233
HEATR6,0.190249529683327,4.25205632411519,0.177906613686918,0.673178470215501,0.973212161193233
SLC38A10,0.123587213113029,5.39225780091366,0.177876418594238,0.673204600260825,0.973212161193233
ADSL,-0.13221886449771,5.35769571643442,0.177602460799413,0.673441795644058,0.973212161193233
PVT1,0.137134516125373,5.22897949600565,0.177441695182388,0.673581088433065,0.973212161193233
UBN1,-0.108128978032942,6.12740708411718,0.177348681345956,0.673661712710243,0.973212161193233
LIX1L,-0.116264158953363,5.90344799625764,0.177062536551922,0.673909898843974,0.973212161193233
SLC39A7,0.12507133555088,5.22173390591408,0.176998835867515,0.673965181406374,0.973212161193233
P2RX4,0.153052398644233,4.90864036467759,0.176984492050199,0.673977631286038,0.973212161193233
SLC25A20,0.143636829149687,4.95920643544716,0.176976365298627,0.673984685256173,0.973212161193233
PSMC2,-0.127967492781681,5.58467425515172,0.176822603269862,0.674118185684643,0.973212161193233
VIRMA,-0.104762529721693,5.49073209440617,0.176661580988723,0.6742580629071,0.973212161193233
LUZP1,0.115366067820449,5.63863326952931,0.176447430577344,0.674444207864052,0.973212161193233
HDGF,-0.0867903579692525,6.26856639044924,0.176224610788235,0.674638029587403,0.973212161193233
RFC2,0.167206323575776,4.81457172631063,0.176091706030359,0.674753706573379,0.973212161193233
MPHOSPH10,-0.0924160917213274,6.35946775545286,0.176020505784049,0.674815698612345,0.973212161193233
CCDC34,0.158243541053515,4.3698869325515,0.175936735570381,0.674888653848202,0.973212161193233
NAA30,-0.140166993188532,4.81242711775021,0.175913008826466,0.674909321112163,0.973212161193233
MCTP2,0.169333550014689,4.92741567383905,0.175854349862636,0.674960423245166,0.973212161193233
SNHG7,-0.11497105198612,7.16102635845931,0.175775942675696,0.675028745159184,0.973212161193233
GATC,-0.158628922015976,4.92425421573442,0.175674560041863,0.675117113825477,0.973212161193233
ZMIZ1,-0.133408312511473,5.22574229609181,0.175511834333481,0.675259013966873,0.973212161193233
ZNHIT2,-0.226842452976572,4.01358372402113,0.175504721816672,0.675265217990321,0.973212161193233
NAGLU,0.179873745594274,4.25029319881146,0.17541813038998,0.675340760806809,0.973212161193233
PHGDH,-0.219536790475097,4.51876193566455,0.175226544971039,0.675507978854566,0.973212161193233
THRAP3,-0.0597825851383008,7.60936610006354,0.17515567173681,0.675569865084161,0.973212161193233
G3BP2,-0.0916249105038417,7.79376563242544,0.174965148266711,0.675736302403051,0.973212161193233
FEM1B,-0.119544245240567,5.3260725650753,0.174790999643822,0.675888528163946,0.973212161193233
GHDC,0.201863147712686,4.44583280682939,0.174732458762168,0.675939719578736,0.973212161193233
ORMDL3,-0.139242717293552,5.60482377367494,0.17465097753534,0.676010988083256,0.973212161193233
SLC41A1,-0.190871978960736,4.22431207324755,0.17446527260314,0.676173490068906,0.973212161193233
BACH1,0.148976411919428,4.94301346388138,0.174165768331623,0.676435786854738,0.973212161193233
ZNF124,0.228163518548094,4.07937647108361,0.17416287986395,0.67643831777624,0.973212161193233
RABGGTA,-0.195464996638824,4.22981034388554,0.174093799312107,0.676498854602486,0.973212161193233
REST,-0.0660733188886718,7.29087598898565,0.174089632229043,0.676502506761135,0.973212161193233
PPOX,0.173326746450011,4.37510665566201,0.174046075507448,0.676540684271982,0.973212161193233
KTI12,0.203509876468416,4.442081165159,0.173669879444617,0.676870654146588,0.97332084097943
MPZL3,-0.125765561930911,5.03242118546082,0.173529372401402,0.676994003562756,0.97332084097943
IMPA1,-0.110498977566186,5.44698717320304,0.17346208022439,0.677053099297659,0.97332084097943
TBC1D22A,0.141944023037129,5.2541832101338,0.173283779441679,0.677209747434601,0.97332084097943
ZNF28,0.224060368244326,3.8816666562018,0.173005999452315,0.677453982652732,0.97332084097943
RGS3,-0.125699892734473,4.81603859817574,0.172804616935968,0.677631190021048,0.97332084097943
ITFG1,0.143138980812643,5.18111857464684,0.172759416519444,0.677670980951639,0.97332084097943
FOXP4,-0.210261601477926,4.27371857170081,0.172697980605353,0.677725074140133,0.97332084097943
PCYOX1,0.176964602877939,4.53860837120798,0.172657935378645,0.677760339297732,0.97332084097943
GIMAP8,0.178241586400173,4.34488660936285,0.172568349994741,0.677839248532461,0.97332084097943
PRPF6,0.0630480168006122,6.8328780358081,0.172369974657075,0.678014068419493,0.97332084097943
MSRA,0.160601634945784,4.55874704446957,0.172355635999157,0.678026709048494,0.97332084097943
CARMIL2,0.179061908511327,4.524999059308,0.172306398346599,0.678070120516866,0.97332084097943
FOXJ3,0.0947273781835041,5.78937876752139,0.172123247199551,0.678231663644824,0.973392178215848
TIMM10B,0.11956406298985,5.36711385192852,0.171935496208359,0.678397368532024,0.973469463863842
DDX27,-0.0723677226877736,6.61022235162221,0.171662778129408,0.678638252466162,0.973532618840362
R3HDM1,-0.112915977313887,5.59655215801342,0.171617276774608,0.678678464306431,0.973532618840362
ZNF282,0.179320549869678,3.97965357008683,0.171505848417283,0.678776965543297,0.973532618840362
TMEM126A,0.112656644694522,5.62254868029711,0.170951856792964,0.679267244302253,0.973961737226682
ACYP1,-0.144931910989996,5.79629474691688,0.170773220707876,0.679425534316604,0.973961737226682
GNA13,0.0760377004772082,6.26074980808133,0.170714913441394,0.679477221555755,0.973961737226682
LRP8,0.203264149150209,4.19790836943665,0.170400078500844,0.679756489795114,0.973961737226682
PSMD12,-0.0973471645551809,6.22353994401081,0.170239829670244,0.679898751390417,0.973961737226682
DAPK2,-0.18894136228686,5.81016873608258,0.17023682774331,0.67990141711162,0.973961737226682
GABPB1-IT1,0.0572523510846975,5.4391348096682,0.17018975476563,0.679943221671637,0.973961737226682
BRAT1,0.150070062763295,4.70828852953478,0.170071305927245,0.680048443628915,0.973961737226682
NCBP2AS2,0.087757210506115,5.72329506669028,0.169901484379736,0.680199376459341,0.973961737226682
STIP1,0.099742514858624,6.41005320583366,0.169700247555511,0.680378344631373,0.973961737226682
UBXN7,-0.129859241659012,5.89902693937149,0.169650435605018,0.680422663607292,0.973961737226682
TMEM39B,0.217000446706015,3.85919653087817,0.169526723004857,0.680532766826154,0.973961737226682
UBE2J1,0.130118249971366,5.4835354664326,0.169323491638263,0.680713743143229,0.973961737226682
KPNA6,0.095538504333588,5.83480387658564,0.169283994778244,0.680748929598417,0.973961737226682
N4BP2L2,-0.0458746575827052,9.16508420078492,0.169277376987157,0.680754825640573,0.973961737226682
NUDT15,-0.190167858993521,4.30744005871849,0.168982657026369,0.681017539630334,0.97410011672771
GATAD2B,0.0985762538749313,5.90524335513998,0.168741148103964,0.68123302090791,0.97410011672771
OGFOD2,-0.199678741963132,3.89816320706096,0.168728657746263,0.681244170068224,0.97410011672771
FAM174C,0.0936915911385327,6.48550788777605,0.168666954995473,0.681299254340063,0.97410011672771
PDCD1,0.157372038530275,5.50237202595607,0.16854121282082,0.681411545375047,0.974100637220604
PIK3CA,-0.12986219934389,5.07912938965297,0.168413546265921,0.681525605020161,0.974103685414757
REXO4,-0.0951288515125729,5.72771925304405,0.16804566053589,0.681854563643951,0.974271897083723
MRPL1,-0.10240524931722,5.81865595605037,0.167687624881715,0.682175118552449,0.974271897083723
RPS15A,0.0521552740371907,12.32082149878,0.167311793235047,0.68251203666652,0.974271897083723
UBASH3B,0.170693067020193,4.44078685304684,0.16720828274574,0.682604907273047,0.974271897083723
SMPD2,0.210071373775217,3.81951756157526,0.166483633634371,0.683256010926059,0.974271897083723
CD59,0.153454376448936,5.24921789285938,0.166340773069898,0.683384567385354,0.974271897083723
TERF1,-0.0954675065091983,6.27385412624354,0.166090844677239,0.683609626304257,0.974271897083723
ZNF678,0.23052342840494,4.33596598410059,0.165945621695251,0.683740489382729,0.974271897083723
ADARB1,-0.104672085465928,5.56230329457364,0.165533206029107,0.6841124890559,0.974271897083723
HDDC2,0.115539504073693,5.94899758496732,0.165485830166858,0.684155256743792,0.974271897083723
RAB4A,-0.102593434192686,5.98699199212657,0.165432460659627,0.684203443631271,0.974271897083723
TRIM35,-0.209678803652943,4.37126404863287,0.165270296473825,0.684349915937839,0.974271897083723
LRWD1,-0.173347863746219,4.304222761037,0.165227824439455,0.684388291986274,0.974271897083723
NEDD1,-0.131980491873126,4.88228846191863,0.164899034728371,0.684685567983165,0.974271897083723
CERS4,0.164676810568982,4.43208236096891,0.164857015649407,0.684723584506603,0.974271897083723
KHSRP,0.151742853035838,5.51104437163804,0.164791316622694,0.684783036640537,0.974271897083723
GCSH,-0.191686356815957,4.65073069612195,0.164754863870691,0.684816029292235,0.974271897083723
SMYD2,-0.139111612808372,5.00888139341228,0.16471512682465,0.684851999335694,0.974271897083723
ELOVL5,0.0902552870049783,6.44178279993454,0.164691060786264,0.684873786412792,0.974271897083723
CCNB1IP1,0.117761536085399,5.45251496678408,0.164662469536268,0.684899672591221,0.974271897083723
TMX1,-0.0997600251323083,6.29081173500732,0.164642394170819,0.684917850153022,0.974271897083723
EIF3E,-0.0392394616925057,8.37361648339288,0.164459210666971,0.685083776247658,0.974271897083723
CDC73,-0.0918347071353501,6.23450433252521,0.16442744149731,0.685112563445308,0.974271897083723
AHCYL2,0.209094744962964,3.73923995995472,0.164234425034945,0.685287532307922,0.974271897083723
MYSM1,-0.0846610801098524,5.99935067858952,0.164198177448739,0.685320403988507,0.974271897083723
SMARCA5,-0.0706351072773052,7.42662222628517,0.163967389000607,0.685529797168298,0.974271897083723
PITRM1,-0.172690121201958,4.46274663325134,0.163870895251783,0.685617396304689,0.974271897083723
CCDC186,0.0943425416865286,6.93333723131717,0.163870717205324,0.685617557966901,0.974271897083723
KIF21A,0.138307723260735,6.12591669049635,0.163675112506944,0.685795224445148,0.974271897083723
CAP1,-0.0461698423027729,8.28568310747087,0.16365688486578,0.685811786784691,0.974271897083723
E2F4,0.138223334618809,5.78778761034835,0.163260847278757,0.686171907146626,0.974271897083723
CDKN2A,-0.218350546348996,4.58101633841437,0.163190323905468,0.686236087934303,0.974271897083723
TKT,-0.0681327895410391,7.04058480457825,0.162890968408078,0.686508700320706,0.974271897083723
THADA,0.143531234442107,5.00936909423455,0.162483991566301,0.686879787247404,0.974271897083723
TPST2,0.129325961961572,6.38677857404653,0.162378430231694,0.686976127707115,0.974271897083723
FAM13B,0.111896893069007,5.82128038391478,0.16234488514349,0.687006750223821,0.974271897083723
RBM7,-0.131675834121276,5.22235825243778,0.162333681328473,0.687016978740463,0.974271897083723
PLRG1,-0.139617785725426,5.3633200102521,0.162155062094302,0.687180104508528,0.974271897083723
CCDC66,-0.0741532805925703,6.47537583314101,0.161893020455752,0.687419605661341,0.974271897083723
BTAF1,-0.156535722660353,5.05861735439057,0.161866570564122,0.687443792877657,0.974271897083723
TMEM200A,0.15907896219336,4.90840092130838,0.161521717139923,0.687759355891048,0.974271897083723
HERC4,0.0892101861055179,6.54985266377317,0.161445966613364,0.687828724888492,0.974271897083723
BOLA2,0.137119886607476,5.16288153761135,0.161349223465606,0.687917345494049,0.974271897083723
EEF1B2,-0.0569379792463324,9.99948911146802,0.161161883817304,0.688089043893978,0.974271897083723
PDIA6,-0.0567814260228019,7.42507083200612,0.160883341997529,0.688344544225982,0.974271897083723
ACVR1B,0.200864909229065,3.73302619013934,0.160744019417621,0.688472438129215,0.974271897083723
CLYBL,-0.215488707939879,4.12850728035741,0.160584626316563,0.688618835090526,0.974271897083723
NDST2,-0.177485312557644,4.66976777823956,0.160448493887895,0.688743934718764,0.974271897083723
NOP16,-0.148780107606644,4.67120090832152,0.160315251961237,0.688866437756618,0.974271897083723
MRPS16,-0.0898767749007734,6.0666688814429,0.160310361861534,0.688870934852912,0.974271897083723
CD320,-0.128504555935344,5.85771066354466,0.160251952925364,0.688924655782377,0.974271897083723
DAAM1,-0.198793364045062,5.07069081836262,0.160116472013065,0.689049306497411,0.974271897083723
TOP2A,0.493542416401939,4.28365457586276,0.160058307735117,0.689102839957192,0.974271897083723
TRUB2,-0.182320774586593,4.48779089147014,0.159877841875208,0.689269009664601,0.974271897083723
TSEN15,-0.0979961246910579,5.65961082993275,0.159870659598546,0.689275625225664,0.974271897083723
ANAPC1,0.11594804146711,5.16940383030839,0.159684751227644,0.68944692455146,0.974271897083723
STK19,0.158253920323139,4.65545161490408,0.159644920626825,0.68948364022555,0.974271897083723
PPIL1,0.169095092308355,4.25330398228529,0.159389505959483,0.689719206676064,0.974271897083723
SBF2,0.187976823893589,3.98129463207852,0.159125683382502,0.689962757521874,0.974271897083723
LONRF1,0.227319726718114,3.93679220715772,0.158642733352579,0.690409205405098,0.974271897083723
OTUB1,-0.0710286928526527,6.53675577127966,0.158542463985041,0.690501994928595,0.974271897083723
P2RX5,0.132385161611511,4.79588909992205,0.158465012610989,0.690573691896928,0.974271897083723
SNAP23,0.128726605530636,5.66079469804187,0.15821850681904,0.690802018239842,0.974271897083723
TFDP1,-0.110575533523168,5.3647466677507,0.158185031991533,0.690833040230898,0.974271897083723
HERC3,0.144581177988035,4.89343708340247,0.158017882688331,0.69098799873718,0.974271897083723
VRK2,-0.143847810005523,4.48163276733854,0.157989347911521,0.691014461853457,0.974271897083723
CCDC126,0.170268686559181,4.59270558780412,0.157772809249721,0.691215369774571,0.974271897083723
PTGES2,-0.135361122163723,4.9106118548917,0.157736992755773,0.691248616254183,0.974271897083723
LY9,0.104430038197093,6.19141680912181,0.157628282300706,0.69134955295355,0.974271897083723
NIPSNAP3A,0.174413662541107,4.73551472787893,0.157548316251738,0.691423826448398,0.974271897083723
RSL24D1,-0.0675105974137699,8.16201666194877,0.157300776833011,0.691653882646578,0.974271897083723
FMC1,0.0953981300038123,5.97272840756742,0.15728728092434,0.69166643138637,0.974271897083723
BIRC2,0.094810782113383,6.25816878741147,0.157144447373437,0.691799278810087,0.974271897083723
RIPOR2,0.087053935710629,6.87333663531877,0.156805569344968,0.692114744113837,0.974271897083723
COL18A1,-0.221232795901849,4.01617530971461,0.156633528646527,0.692275049633672,0.974271897083723
DNAJC25,-0.210897483789103,3.68051479622729,0.156621958008714,0.692285834673112,0.974271897083723
EEF1E1,-0.090399291306428,5.89459641884876,0.156542631196952,0.692359787934212,0.974271897083723
PHC3,0.0920851837138891,6.70325050010204,0.156420703306004,0.692473498767464,0.974271897083723
C12orf43,0.159833003462612,4.50157054326088,0.156227242044913,0.692654027358384,0.974271897083723
COMMD9,0.132587515634923,4.93880990731761,0.155964521195649,0.692899392653521,0.974271897083723
VPS13A,-0.129016366801757,5.95995750214247,0.155954304283899,0.692908939452022,0.974271897083723
IMP3,-0.0672021302968499,6.87741373619307,0.155941757962665,0.692920663371747,0.974271897083723
BBS9,0.227293717092276,3.74703621649959,0.155885419033137,0.692973316050285,0.974271897083723
RANBP9,-0.110355758095886,5.62781530863987,0.155510362024568,0.693324113725958,0.974271897083723
POLR1A,0.205814242468836,4.21232410430058,0.155367583122366,0.693457785900921,0.974271897083723
G6PD,0.111660366735532,5.11687177351968,0.15505625289553,0.693749505119794,0.974271897083723
EMC7,-0.0649882721695927,6.85458210315163,0.154826774374875,0.69396474518804,0.974271897083723
BTBD7,-0.12787222861179,5.72222414043204,0.154795467219344,0.693994124105701,0.974271897083723
CNOT2,0.0776632304340222,6.47774134524183,0.154567966353572,0.694207716090955,0.974271897083723
NCMAP-DT,0.0345934496673732,3.76168226802358,0.154461685208894,0.694307561649272,0.974271897083723
VPS13D,0.172068181279729,5.42783609667561,0.154139277756197,0.694610689359881,0.974271897083723
MYEF2,0.172074884918268,4.44197823545693,0.154119045719277,0.694629723731521,0.974271897083723
PPM1K,0.0934821726631455,6.98124134351002,0.153957307604193,0.694781939382801,0.974271897083723
RHBDD2,0.112158843630196,5.58468134594405,0.153876049661628,0.694858448020354,0.974271897083723
ITM2A,0.153427779947275,7.58864631716401,0.153773087560619,0.694955425755014,0.974271897083723
SLFN13,-0.105302318224388,5.24231103390057,0.153747196923819,0.69497981746917,0.974271897083723
GALNT1,0.0842423315902226,6.32411261023336,0.153537603775806,0.695177363637067,0.974271897083723
MIS12,0.137630683441182,5.00820629195672,0.15352567990573,0.695188606822711,0.974271897083723
FAM50A,-0.101144314437622,6.6026135145613,0.153495913799251,0.695216675903359,0.974271897083723
IRF7,-0.14722533351967,6.33470217578969,0.153491245499421,0.695221078338769,0.974271897083723
SPCS2,0.053235361348849,8.35475566902663,0.153387669810183,0.695318775157549,0.974271897083723
SCAMP4,-0.149707035597889,5.04717123089734,0.153330376235331,0.695372833140086,0.974271897083723
SUN1,0.129612971134548,5.3348316683351,0.15331012041456,0.69539194782246,0.974271897083723
MEGF9,-0.174073607030702,4.48939321200653,0.153161051651718,0.695532663415624,0.974271897083723
C12orf76,0.10375506123333,5.44122079076016,0.153128178121495,0.695563705481449,0.974271897083723
SLC2A8,-0.166572810311377,4.23880964179048,0.153005491595398,0.695679590782453,0.974271897083723
VDAC3,0.121562337555721,6.32585333515141,0.152999728042012,0.695685036145905,0.974271897083723
PIGK,-0.162197207531184,4.68918551923604,0.152892814522222,0.695786068714196,0.974271897083723
TRAPPC6A,0.0933903838943007,6.43187166548054,0.152785780946022,0.695887255537313,0.974271897083723
ELOB,-0.0318735755131674,8.78574804233755,0.152769414274006,0.695902731774365,0.974271897083723
DNAJC5,-0.159453897911108,4.73465313990556,0.152746776280297,0.695924139714658,0.974271897083723
CHPF2,0.148556087840368,4.66959942031608,0.152718497371104,0.695950884635952,0.974271897083723
UXS1,-0.112936929148301,5.47917544392191,0.152396157327775,0.696255941256245,0.974271897083723
POLR2I,-0.0645039408637969,6.94170425524591,0.152270488371753,0.696374972744827,0.974271897083723
STX10,-0.0870744396289483,6.22854660294795,0.152017525605661,0.696614746493188,0.974271897083723
CENPV,0.214289235270048,4.04894167846574,0.15192390974973,0.696703539651678,0.974271897083723
RLN2,0.234735539355554,3.71613074264664,0.151904409046967,0.696722039725472,0.974271897083723
CCZ1B,0.252063214027214,4.86814201241686,0.151901618885837,0.696724686828435,0.974271897083723
DPP7,0.0791691022689678,7.18072191467657,0.151711544297129,0.696905081816804,0.974271897083723
PUS1,-0.173802805297448,4.31976955079195,0.151664404396655,0.696949841244772,0.974271897083723
MYBBP1A,0.163364153300964,4.17221122105605,0.151489215618559,0.697116253574978,0.974271897083723
UTP11,-0.13185079628128,5.08954651959303,0.151464308524911,0.697139921890616,0.974271897083723
GNL2,0.145969575325153,5.15491359695822,0.151464281589359,0.697139947487716,0.974271897083723
BCKDK,-0.167184555124816,4.4733797244606,0.151317238296134,0.697279723140893,0.974271897083723
RASA4,0.165952393127422,4.17392965002934,0.151180319630928,0.69740994489501,0.974271897083723
HELZ,0.0560305770993014,7.01263776762869,0.151147431788692,0.697441234250631,0.974271897083723
NEPRO,0.125905399570991,5.12057509856227,0.151090602639435,0.697495310502809,0.974271897083723
TCEA2,0.123393248650249,4.96888947124536,0.150910846824615,0.69766643576579,0.974271897083723
ALDH16A1,-0.140807388290727,4.96281468555039,0.150784294672588,0.697786982185749,0.974271897083723
CBY1,-0.277964944393581,3.94752630001224,0.150703393051352,0.697864074998715,0.974271897083723
PNPT1,-0.100768902074751,5.36821361013556,0.150699234240776,0.697868038657968,0.974271897083723
ZFP30,-0.479733510570335,3.71663862217956,0.150628112482064,0.697935832786072,0.974271897083723
HSF1,-0.125310803670982,5.46520324169561,0.150212524186504,0.698332345282971,0.974271897083723
LMF1,0.209606160974183,3.77785412854736,0.150087648526061,0.698451612312883,0.974271897083723
DDHD1,0.0815605540168327,6.55667627539057,0.150072103475935,0.698466463170375,0.974271897083723
DDX24,-0.0530422167211732,8.92845617217226,0.150046063893651,0.698491341889576,0.974271897083723
TRMT5,0.238627243346667,3.57110364915683,0.150001842958368,0.698533597112812,0.974271897083723
MALAT1,-0.0435841149266733,16.2016223561879,0.149836067465372,0.69869206732935,0.974271897083723
BLCAP,0.12104109917217,5.7880104428821,0.149816889682619,0.698710406503226,0.974271897083723
RO60,0.0471320496155484,5.99639644503057,0.149809270135865,0.698717693235965,0.974271897083723
CD74,-0.198344307131666,7.33001041656295,0.149732089272096,0.698791514931226,0.974271897083723
MGRN1,-0.113324064933775,5.41501657833776,0.149618294896158,0.698900396509096,0.974271897083723
ATP6V1E1,-0.0669124893323769,6.81423123440351,0.149505234536505,0.699008622911482,0.974271897083723
ORC5,0.153187536867355,4.09372989048273,0.149446268360364,0.699065086621923,0.974271897083723
PIDD1,-0.173784734140161,4.10033242339846,0.149423607628078,0.699086789061107,0.974271897083723
FXR1,-0.0656481472004681,6.96437696199637,0.149345427201901,0.699161677861423,0.974271897083723
NKRF,0.190029520539073,3.87692562313801,0.149264685127786,0.699239044108975,0.974271897083723
ARF4,0.115328180164405,6.35970414690076,0.148884360321681,0.699603791321006,0.974271897083723
MSTO1,0.190907481300032,3.9358336790275,0.148796100632353,0.699688512512161,0.974271897083723
BECN1,-0.0945242457798927,5.85453531109759,0.148786122456404,0.699698092460127,0.974271897083723
TBCA,-0.0497108646140655,8.20856239322028,0.148730646354664,0.699751361246778,0.974271897083723
CDK4,-0.118803054008041,5.21418828137113,0.148482631109292,0.69998964797704,0.974271897083723
RPF2,0.105178627823062,5.4178952313887,0.14801873482363,0.700435961997434,0.974271897083723
PHC1,0.150434607238428,4.72965720243984,0.147974682507648,0.700478386397282,0.974271897083723
CCNYL1,-0.181673153421853,3.95836800013956,0.147914732526345,0.700536132624906,0.974271897083723
TAF1A,0.257061631553168,3.74394837604689,0.147759781286688,0.700685450134225,0.974271897083723
SMG1,0.0791139549930067,7.33025602385598,0.147601856516932,0.700837725554588,0.974271897083723
KANSL2,-0.114462670349017,5.20506786244401,0.147497992709553,0.700937924870597,0.974271897083723
LRP10,-0.0930786068740106,6.70860492326774,0.147393260382984,0.701039003062825,0.974271897083723
NCOR1,0.0642224932191886,7.96743608149718,0.147340155487527,0.70109027086042,0.974271897083723
RAD50,-0.144912076105688,5.43783010074863,0.147291350128409,0.701137397207365,0.974271897083723
EDEM2,0.11678524596687,5.16234611517489,0.147177882298088,0.701246996126283,0.974271897083723
KLHL6,0.0990970928962442,5.43291280996424,0.146959001147138,0.701458551085783,0.974271897083723
FAM13A-AS1,-0.193382069192468,3.79322882409529,0.146880710109791,0.701534265511004,0.974271897083723
FIS1,-0.0755544974416274,7.06038721358169,0.146662963785506,0.701744967418369,0.974271897083723
SLC30A5,-0.125746119367317,5.23108530853448,0.146543096388623,0.701861033475956,0.974271897083723
TOMM70,0.106850157421718,5.22955985656936,0.146196460638524,0.702196982976639,0.974271897083723
KAT5,-0.161408871161415,5.07620313849466,0.146159561524492,0.702232771421686,0.974271897083723
RNF220,-0.0970764130401255,5.57875671263266,0.146107331457557,0.702283438208361,0.974271897083723
ERC1,0.14782667965907,4.60675268645284,0.146079388191232,0.702310549376339,0.974271897083723
CCAR1,0.074010471899534,6.48810403416137,0.146078538998484,0.702311373328239,0.974271897083723
SECISBP2L,-0.105817390571578,5.46093701258365,0.145955264160026,0.702431013158159,0.974271897083723
CNBP,0.0507292454845486,7.80899175250492,0.145812226084594,0.702569906054245,0.974271897083723
CEP350,0.0722284174066747,7.26989303400572,0.145791210494838,0.702590319197633,0.974271897083723
LINC-PINT,0.0690403189457988,7.5967980292844,0.145645497381736,0.702731901591392,0.974271897083723
CIR1,-0.0977622832613629,6.82085357599886,0.145570159807988,0.702805135295077,0.974271897083723
PRKAA1,-0.0795508839654182,6.22713540248784,0.145279251719849,0.703088123445981,0.974271897083723
NUP62,-0.105881832053233,5.44308270538709,0.145250819126947,0.70311579936712,0.974271897083723
NIP7,0.0999538680328308,5.52429891384368,0.145244522782239,0.703121928567822,0.974271897083723
B4GALT7,0.158977235526047,4.38300753087553,0.144728042169159,0.703625217583138,0.974271897083723
TOMM22,-0.0750940662009125,6.42271563497989,0.144727440952012,0.703625804043011,0.974271897083723
LONP2,-0.075634542157036,6.28591844022535,0.144628717324601,0.703722123353358,0.974271897083723
SUDS3,-0.105556142403466,6.04842045865132,0.144624041115918,0.703726686610832,0.974271897083723
VPS13C,0.0464988750780587,7.53584969660652,0.144586956578587,0.703762878382457,0.974271897083723
DUSP2,0.156385320724273,6.66701860103613,0.144516828839681,0.70383133240441,0.974271897083723
RBBP6,0.0718813956367945,6.82028816294464,0.144319240766123,0.704024306994701,0.974271897083723
SNRNP200,0.0749106814495381,7.06867093304177,0.143883509499643,0.704450399257848,0.974271897083723
MRS2,0.140328230376907,4.53621252680437,0.143852170382605,0.704481073543443,0.974271897083723
COPS5,0.0744465293693809,6.22512337124895,0.143813437877972,0.704518989653754,0.974271897083723
NUP98,0.0943697674168324,5.57723306956468,0.143683791562161,0.704645945822724,0.974271897083723
EIF3L,0.0547596109563703,7.00239962486458,0.143623678465612,0.704704833807857,0.974271897083723
REEP3,0.099837791100632,5.61293097787723,0.143611729582416,0.704716540850595,0.974271897083723
PSMC4,-0.111618692198466,6.37637098876234,0.143538720274588,0.704788084581483,0.974271897083723
DDHD2,-0.128120289802822,4.86410309795417,0.143462033863894,0.704863254010108,0.974271897083723
LRRC58,0.118692121414266,5.60831090550129,0.143338044960935,0.70498483882451,0.974271897083723
CNP,0.120830920808153,5.02980968977312,0.143230636388722,0.705090213403797,0.974271897083723
SSR1,-0.0613384843532978,6.96685560517082,0.143204448657357,0.705115912067471,0.974271897083723
UBXN8,0.195620402428059,3.867726437543,0.143149052148434,0.705170282874279,0.974271897083723
ALKBH8,-0.180553423624827,4.04673080453036,0.143093178922861,0.705225133754388,0.974271897083723
ADAM10,0.0869532008205506,6.22179061337387,0.142891768046791,0.705422960954133,0.974271897083723
PLXDC1,0.20219912349698,4.28381306181467,0.142855785607416,0.705458319936703,0.974271897083723
IFT88,0.140293104011586,4.46529863625583,0.142707086133242,0.705604496937659,0.974271897083723
SLC35B1,0.103887882967293,5.2655167403202,0.142537811185722,0.705771006338947,0.974271897083723
ADIPOR1,0.11553924106032,5.44744352969369,0.142402551449116,0.705904137469904,0.974271897083723
CALCOCO1,0.11823235279341,5.49369924575565,0.142341039347734,0.705964705438617,0.974271897083723
GTF2IRD2,0.180345505167851,4.62707365412956,0.141929706008831,0.706370110075386,0.974271897083723
CPNE1,0.0693739099822059,7.02856476731445,0.141797920372795,0.706500138112174,0.974271897083723
PRDX6,0.0905498571311558,7.35046501635371,0.141786846557881,0.706511067379534,0.974271897083723
SLFN11,-0.121580838129499,5.2200770136972,0.141674105301387,0.70662236475966,0.974271897083723
PLCXD2,0.179780045977809,4.05300891390253,0.141544648449713,0.706750226033818,0.974271897083723
SMARCE1,0.0638214662582059,6.73340403799543,0.14147007217947,0.706823913442055,0.974271897083723
TMBIM1,0.102442363096114,5.58163250545205,0.141420704812163,0.706872704604233,0.974271897083723
RAD23A,-0.0571172280432059,7.09423131189831,0.141271162348403,0.707020560986329,0.974271897083723
PNPLA2,-0.092759335590823,5.66413365161587,0.141133251253573,0.707156996325402,0.974271897083723
PDPR,0.160429359145297,4.85347501515898,0.141115383173826,0.707174678768336,0.974271897083723
SUCLG1,0.080239092605747,6.21750821266366,0.140936405736809,0.707351867279579,0.974271897083723
FAM241A,0.142144559612591,4.82221695279603,0.14089016067333,0.707397670978341,0.974271897083723
RBM43,0.13160126842024,5.09460136136709,0.14071701544993,0.707569239904016,0.974271897083723
TMEM64,0.190038253648671,3.93446062998242,0.140477622780171,0.707806651603805,0.974271897083723
TMEM243,0.0638825254360144,6.48657411763871,0.140476037091557,0.707808224939764,0.974271897083723
CYC1,-0.095149103479655,6.09870195241178,0.140455511673808,0.707828591376704,0.974271897083723
PACS1,0.0957026358044036,5.98093651351189,0.140437555208237,0.707846410151289,0.974271897083723
CDK11B,-0.0801298213522253,5.87034073944608,0.140432659178213,0.707851268863738,0.974271897083723
MKKS,0.1831414062894,4.38576136055106,0.140401274815066,0.707882416309334,0.974271897083723
CDK2,0.198196011399585,3.7510163043224,0.140394747251978,0.707888895095189,0.974271897083723
XRN1,-0.0578489793752744,6.79531621689725,0.140322056036008,0.707961054735032,0.974271897083723
HOPX,0.0934696743471422,8.60534990402825,0.140273517700081,0.708009249987892,0.974271897083723
TMEM18,0.124848531414608,5.56245086742829,0.140270123934247,0.708012620121222,0.974271897083723
TNF,0.194660032257011,5.83106837060738,0.140236527353832,0.708045985259998,0.974271897083723
ABCF3,-0.153150262786502,4.5873511807293,0.140118379623793,0.708163355293368,0.974271897083723
TRPV2,-0.127212692122844,5.88738039147108,0.139904652412422,0.708375819084417,0.974271897083723
JPX,0.0739450967960161,7.00540838768378,0.139803466910369,0.708476470967058,0.974271897083723
CD44,-0.0552552558457503,9.34507720098371,0.139759656223109,0.708520063490417,0.974271897083723
RRP9,0.158971537657525,4.39166223503182,0.139541378999077,0.708737369894235,0.974271897083723
TAF3,-0.0782167637986671,6.27592552175066,0.139533618787826,0.708745099155004,0.974271897083723
USP3,-0.0902594784440756,6.3606915926463,0.139463885741993,0.708814565072112,0.974271897083723
AK6,0.105019479788147,5.55269054832256,0.139382090991024,0.708896071712929,0.974271897083723
UQCR10,0.0516723159547274,8.34637509282203,0.139251350032144,0.709026408761388,0.974271897083723
ZBTB48,-0.164411897705604,4.39163108423524,0.13914665301154,0.709130832601033,0.974271897083723
PARP11,-0.129399062786095,4.95538855858302,0.139096339775989,0.709181030477495,0.974271897083723
COMMD7,0.0600015797374793,7.09815880486749,0.139037828026462,0.709239421078416,0.974271897083723
TNPO3,0.089272525173745,5.55460172699491,0.13897535847487,0.709301776735392,0.974271897083723
AKAP8,-0.114100960070121,5.02798432290549,0.13897117882966,0.709305949329937,0.974271897083723
TBC1D15,-0.0842868276045554,5.5740183612602,0.13891506493308,0.70936197548949,0.974271897083723
MICAL2,0.128107597391217,4.84863134062533,0.13872973273412,0.709547109537764,0.974271897083723
ATG12,-0.0728493204827224,6.83196935072573,0.138710242772371,0.709566586842959,0.974271897083723
FANCA,0.171780917409308,4.10327027857044,0.138702600136423,0.70957422494117,0.974271897083723
CBX6,0.0842660246493319,6.1267630858482,0.138656513057118,0.709620289736771,0.974271897083723
DDX18,-0.0721646206377841,7.86448404156362,0.138650664963283,0.709626135626192,0.974271897083723
ZNRF2,-0.0978502147391451,5.48517579215972,0.138646837644739,0.709629961578044,0.974271897083723
NRDE2,0.120617712711023,5.12930287562944,0.138277764311237,0.709999185949907,0.974421218119156
USP49,-0.212950634503285,3.71963958813065,0.138094616927415,0.710182616529756,0.974421218119156
DDX23,0.0812496727971664,6.0917036512469,0.138046221269615,0.710231110141691,0.974421218119156
CDV3,-0.0437684711009673,8.02906407366754,0.137988665882894,0.710288794617201,0.974421218119156
AP5B1,-0.140730144245118,4.43446735865052,0.137978942037776,0.71029854162334,0.974421218119156
ACSL5,0.114268693201619,5.2876799240733,0.137610174503287,0.710668476357809,0.97458016213514
PTTG1,0.0909662403584976,6.55286153022382,0.137541917839986,0.710737010890018,0.97458016213514
MZT1,-0.0817212548778093,5.94224833408907,0.137456629666893,0.710822673458737,0.97458016213514
ACO2,-0.108799096961612,5.34387955586658,0.137313087349799,0.710966914170295,0.97458016213514
PDHB,0.104237645660562,5.91408693768592,0.137305726260085,0.71097431338573,0.97458016213514
MROH1,0.146903804184701,4.65498241148514,0.137139905192356,0.711141053108751,0.974586304491591
RPA2,0.0717229524796992,6.33265726252474,0.136947349777389,0.711334819193057,0.974586304491591
RRBP1,0.133062283667138,5.8538999598665,0.136925550971799,0.711356764813264,0.974586304491591
PDCD7,-0.0881537907238444,6.51904200859311,0.13685241932971,0.711430403507312,0.974586304491591
MED28,0.0850196567151607,5.98064664874729,0.136744900591271,0.711538708346497,0.974586304491591
SNX17,-0.0953265841537921,6.43678894772024,0.136413759669253,0.711872574730279,0.974743339910765
MAP7D1,-0.0982469609403327,6.08671739116662,0.13638069863207,0.711905933151232,0.974743339910765
BRI3BP,0.139264880160793,4.76833298984534,0.13619531630394,0.712093068158951,0.974743339910765
MFSD8,0.0879355930923012,5.64538696329086,0.136187103267421,0.712101362191502,0.974743339910765
ZNF354A,0.154360536166273,4.41019845354878,0.135706248403842,0.712587455366257,0.974831080137709
MSH3,-0.0915334430679366,5.61033582145711,0.135694650388551,0.712599191799202,0.974831080137709
CEP44,-0.147057411493566,4.72993907888615,0.135588744372701,0.712706388119327,0.974831080137709
GOLGA8A,0.182605335307572,5.52271469660175,0.135483749170263,0.712812709468846,0.974831080137709
PAN2,0.201295756474481,3.91784710696329,0.135477745972372,0.712818789904023,0.974831080137709
SMIM20,0.111801914207178,5.40476180376743,0.135459248231065,0.712837526599607,0.974831080137709
NDUFB8,0.0598254484780568,7.90625010209958,0.135214280392038,0.713085796051941,0.975017389322866
IQGAP1,-0.0458063848453552,8.64304134001659,0.134956144532119,0.713347687413944,0.975084176653276
THYN1,0.101059213231087,5.99873564193846,0.13472507774431,0.713582357111562,0.975084176653276
BCAT1,-0.230213622442714,3.98739442113522,0.134576272510323,0.713733603495743,0.975084176653276
NDUFB6,0.0641860466032505,6.54909284865688,0.134553693620827,0.713756561080638,0.975084176653276
TPR,0.0679657860110085,7.93814895460296,0.134501540334785,0.713809597441877,0.975084176653276
BCKDHA,0.149684493096041,4.50470593167568,0.134274328766956,0.714040792442158,0.975084176653276
CKAP5,-0.123333926456901,5.05208920300295,0.134243796372306,0.714071877032167,0.975084176653276
GPR68,-0.0881742605725644,5.5954782812611,0.134150713019963,0.71416666860064,0.975084176653276
CA5B,0.130800879410149,5.49645917663154,0.134085451364744,0.714233150147376,0.975084176653276
STUB1,-0.0619506410021703,7.07725981206701,0.134063965645737,0.714255041498866,0.975084176653276
CSNK1E,-0.139700936999508,5.39523096186587,0.133660490036299,0.714666504367307,0.975291843377378
DLD,-0.138070798715628,5.22587291973457,0.133646050219467,0.714681243078769,0.975291843377378
USP10,-0.130349988239491,5.74634559469538,0.133399123345715,0.71493342099081,0.975291843377378
PAK2,-0.0512176637942011,8.2741378373505,0.133292142708882,0.715042758762624,0.975291843377378
VAMP4,-0.0972565228032081,5.66586006117658,0.133221155084165,0.715115337925926,0.975291843377378
ZNF197,0.166218312694798,4.05254865766836,0.133195551457391,0.715141520961636,0.975291843377378
UEVLD,0.18609334181349,4.09855352318667,0.133146582817844,0.71519160570314,0.975291843377378
STX4,0.0817635323397706,5.98373775551868,0.132374939235792,0.71598221845784,0.975462127330385
FAM168B,0.132760870015034,5.14886653064569,0.132329391877917,0.716028966973245,0.975462127330385
SENP5,0.085450291914923,5.61918144077013,0.132275134898022,0.716084666688604,0.975462127330385
B9D2,-0.133662516793579,4.64450463597231,0.13227446627171,0.716085353174886,0.975462127330385
DNAJC10,0.120055953538799,5.40907361482719,0.132254430978705,0.716105924550842,0.975462127330385
LMBRD2,-0.153019942334665,4.43817340632456,0.13222046542916,0.716140802945329,0.975462127330385
SLC7A5,0.0899359280303223,5.82391137551465,0.131863805252255,0.716507355237733,0.975462127330385
GABARAP,0.0966599417301358,8.27324460657326,0.131819866577594,0.716552551373915,0.975462127330385
TRAF6,-0.155343592609976,4.33251024903415,0.131809033890239,0.716563695387156,0.975462127330385
PCM1,0.0631178863616423,7.82437800376888,0.131778710914617,0.716594892585801,0.975462127330385
NCKAP1L,-0.0723261769860687,6.74754081282276,0.131655043897783,0.716722167054801,0.975462127330385
HDAC6,0.145618004612504,4.41462437457545,0.131614194550806,0.716764222867551,0.975462127330385
CREBBP,0.0735084961618332,6.19500430490746,0.13145094767124,0.716932364936725,0.975462127330385
PIGC,-0.12202438655558,5.52074037039143,0.131408683371188,0.716975915841035,0.975462127330385
HIRA,0.152196570911092,4.24702700843,0.131318236546344,0.717069142666514,0.975462127330385
PSMA2,0.0764115268186095,7.35932613337231,0.131220871590724,0.717169540864476,0.975462127330385
VPS8,-0.119507607912712,5.44097090109085,0.13109699744593,0.71729733502443,0.975462127330385
ATP8A1,-0.113221216966944,5.82805735592189,0.130878802268452,0.717522601209382,0.975462127330385
AHCTF1,0.108756413737958,5.60838666853074,0.130834446504423,0.717568420369114,0.975462127330385
ZFR,0.0970779055231532,6.34748212518575,0.13078612652809,0.717618344526023,0.975462127330385
NCK2,-0.0921444110468049,6.11105318787027,0.130735920105774,0.717670228805751,0.975462127330385
STAG3,0.184203205856504,3.94079947273639,0.130210868928074,0.718213502935145,0.975899835936641
TSC22D4,-0.0615734433373695,6.75183222944601,0.130207948011021,0.71821652868829,0.975899835936641
SEPHS2,0.134533212355767,5.98981864374395,0.130027937442435,0.718403074177319,0.975984843938577
UNC119B,0.197886144979046,3.84077501123662,0.129676091667186,0.718768114771543,0.975984843938577
ERO1B,-0.111272894087739,5.21181254272771,0.129582934639767,0.718864858998654,0.975984843938577
BUD31,0.0579889560873467,7.16659249891816,0.129521624551309,0.718928551391072,0.975984843938577
JMY,0.111330460706998,5.45399932754491,0.129346862060281,0.719110198059079,0.975984843938577
TUBB,0.071395158363327,7.14734527391894,0.129141292744848,0.719324042553132,0.975984843938577
ASH1L,0.0512391995904556,7.15712490772934,0.129102838795164,0.719364065797241,0.975984843938577
MTR,-0.0863459116871479,5.69100367120322,0.129074717585226,0.719393338886164,0.975984843938577
NUDCD2,-0.0867132257604778,5.97915091408487,0.129069700706363,0.719398561640939,0.975984843938577
CD47,0.0567618941955954,7.38509900051404,0.129025605023573,0.719444471794197,0.975984843938577
TAB1,0.165596370351684,4.24344092853482,0.12882154000339,0.719657049201375,0.975984843938577
PARP8,-0.0686442654093869,7.20966941037521,0.128775000559013,0.719705556608123,0.975984843938577
GFPT1,0.114595279424273,5.35663769522641,0.128744880075189,0.719736956037893,0.975984843938577
DCAF7,0.0704399808337634,6.36905211521548,0.128628575568321,0.719858237877364,0.975997233875479
SMIM10L1,-0.0848165068240568,6.01363075171602,0.128341851215023,0.720157497371016,0.97625088779127
OSBPL7,-0.153372240267387,4.36990755642475,0.128029774786139,0.720483646290848,0.976449757958729
GALC,-0.150392711198819,4.31657656715405,0.127918130164197,0.720600434205052,0.976449757958729
ACAP3,-0.146153171846466,4.61634248391208,0.127780388579392,0.72074460056607,0.976449757958729
PRADC1,-0.151237473004677,4.50346610804685,0.127772378543153,0.720752986915647,0.976449757958729
HIVEP3,-0.113921940504773,4.87780867315546,0.127447706529788,0.721093161936774,0.976758566277936
ZNRF1,0.138339620850699,6.03631964380364,0.12720201367982,0.72135091141396,0.976955646130672
RNASEH1,0.105345680558431,5.34091520848797,0.126962943739244,0.721601982466732,0.977010831231425
ZDHHC16,-0.181482337343579,4.23641680247125,0.126788402670304,0.721785453642023,0.977010831231425
RCOR1,-0.139730362952456,4.61812640939284,0.12674914337164,0.721826741178607,0.977010831231425
TRAPPC11,-0.130889675164739,4.75549951314936,0.12671255086692,0.721865230635397,0.977010831231425
ENSA,0.0567097362417808,7.26303173734473,0.126379823993682,0.722215493712553,0.977010831231425
APOO,-0.22274418633169,4.05857651891928,0.126379724370231,0.72221559866434,0.977010831231425
NTAN1,-0.130386275410026,5.71228016793018,0.126197487708215,0.722407660263854,0.977010831231425
FAM89B,0.0807387676511307,6.8537723858201,0.126195992790846,0.722409236422436,0.977010831231425
IKZF1,0.0413857798416363,8.17158039799782,0.126087112204294,0.722524062400315,0.977010831231425
SNRNP27,0.0923175064464868,6.18758608194927,0.125786493997403,0.72284138592418,0.977010831231425
MRPL44,0.130161245871684,5.16003066246229,0.125507505901613,0.723136259495849,0.977010831231425
TRA2A,0.0593547067449669,7.65329583244477,0.125336163277378,0.723317541180182,0.977010831231425
RPAIN,-0.06501535776992,6.20785647955708,0.12517709049177,0.723485966154171,0.977010831231425
RGS2,-0.156905718214194,5.90079818616961,0.125141595588907,0.72352356429892,0.977010831231425
REPS1,-0.129909968304812,4.69291218198692,0.125001318453418,0.723672212256657,0.977010831231425
GBP1,0.0806242502377032,6.52889792703436,0.124829342773328,0.723854578410635,0.977010831231425
ARHGAP21,0.151316508663036,4.79221234483026,0.124803874140138,0.723881597825149,0.977010831231425
TENT5C,0.147345500067202,6.43897757181976,0.124739216367804,0.723950206532015,0.977010831231425
C11orf54,0.131266494709577,5.10882309260844,0.124692294003939,0.724000008626549,0.977010831231425
SF3B1,0.0377046653104999,7.80830976967242,0.124467661114975,0.724238573849231,0.977010831231425
CLEC2D,0.0452335661951056,8.47222682018666,0.124315108611942,0.724400726117567,0.977010831231425
MIIP,-0.100224725587108,5.58005812866193,0.12428917898821,0.724428298551463,0.977010831231425
IPO7,-0.0796040330259723,5.80474036717563,0.124161445201173,0.724564172325226,0.977010831231425
ATP6V0C,0.103156867158603,7.62683629555769,0.124049568986873,0.724683242542144,0.977010831231425
STX8,-0.0901874516586498,5.99384518047969,0.123971149651103,0.724766740478261,0.977010831231425
CD160,0.199551282715876,5.65784805692632,0.123870985277158,0.724873434888109,0.977010831231425
MPHOSPH8,0.0615769897178187,8.32077572638189,0.123709202587985,0.725045867146964,0.977010831231425
HSPH1,-0.0819338017613998,6.13232301694425,0.123684358433884,0.725072357922214,0.977010831231425
APH1B,-0.138428878878022,4.70356541648993,0.123566704467507,0.72519785037943,0.977010831231425
COA5,0.142977654245398,5.55038215955525,0.123533730023226,0.725233033730874,0.977010831231425
KIAA1191,0.122460711525555,4.98644722883568,0.12351618407283,0.725251757207979,0.977010831231425
CAT,-0.095079571088252,5.5889002921144,0.123459318666015,0.725312449180657,0.977010831231425
CYTH1,0.0803971190607383,6.95556940451075,0.123409641793842,0.725365481742666,0.977010831231425
LUC7L,0.129595768838095,6.09079616920756,0.123385150064617,0.725391632309937,0.977010831231425
AIMP2,0.147539103665806,4.25002408581746,0.123336598786345,0.725443480612601,0.977010831231425
TNIP3,-0.157230701388793,5.70919127443194,0.123168193060454,0.725623411343515,0.977010831231425
RPLP1,0.0331609121506303,13.2793262425896,0.123157433966533,0.725634911440392,0.977010831231425
TRAF3IP3,0.063396045137058,8.01904931367488,0.122985316912029,0.725818959338989,0.977010831231425
SLC25A26,0.106711232936382,5.09466323157438,0.122975997558562,0.725828928819639,0.977010831231425
FEM1C,-0.137860006221426,4.35318672465107,0.122926287741556,0.725882113609375,0.977010831231425
NR1D2,-0.122499204247301,5.47512732828902,0.122776099003762,0.726042874708884,0.97707609998321
PAIP1,0.0903333647308719,5.61078611026383,0.122324252969257,0.726527194637129,0.977576712264523
MAP7D3,-0.130743144885652,5.62824391824231,0.122074069111722,0.726795790976423,0.97771392712369
CDC42EP3,0.0726864078604721,7.11205998003663,0.12202002229569,0.726853855968088,0.97771392712369
ZNF302,-0.116636282472208,5.11604147933573,0.121791747420529,0.727099261511862,0.977758468796505
ZNF569,0.163254325814474,4.1174322770955,0.121761268582869,0.727132047122479,0.977758468796505
UQCRC1,-0.0938747750542449,5.75109290330789,0.121394276024052,0.727527177200397,0.977758468796505
MLST8,-0.161519576678043,4.21497916054344,0.121290103438646,0.727639458772264,0.977758468796505
STX17,-0.0959484992088738,5.42386515030996,0.121197990168607,0.727738787358115,0.977758468796505
TSG101,-0.0776799833943908,6.02153010490391,0.121180710606087,0.727757425158121,0.977758468796505
SLC35C1,-0.143651734633019,4.33915944151527,0.121155271424733,0.727784866664585,0.977758468796505
CHCHD4,-0.210302087188368,4.25861019243999,0.120729394526034,0.728244744910767,0.977758468796505
TAX1BP1,-0.0385693893322801,8.09900183866372,0.120663712177846,0.728315752110032,0.977758468796505
TRIM66,-0.200054529394039,4.06979448222777,0.120600718832421,0.728383872658868,0.977758468796505
GLRX2,-0.105892279460859,5.15040372965895,0.120491607289086,0.728501912281971,0.977758468796505
SLMAP,-0.0877604721371793,5.46744603010808,0.120455821250149,0.728540639563492,0.977758468796505
KDM1A,0.110572399742211,5.0639128725358,0.12025633539514,0.728756639293498,0.977758468796505
ZNF350,0.135363718907728,4.55380102579068,0.120254901904392,0.728758192177787,0.977758468796505
TMTC3,-0.173532814041795,3.95907048445025,0.120126553752485,0.728897272322772,0.977758468796505
RABEP2,0.137056046515484,4.42323828469815,0.119825852244873,0.729223443593587,0.977758468796505
PFKP,-0.0823199474804586,5.95339340655732,0.119818072427606,0.729231888449419,0.977758468796505
KIF20B,0.144194948445724,6.05178913340662,0.119781803610696,0.729271261669428,0.977758468796505
TMEM14A,0.0918796507105456,5.44227658785075,0.119693612695066,0.729367029079346,0.977758468796505
TIMM13,0.0932115006047663,6.06583749216001,0.119611527481567,0.729456201747946,0.977758468796505
STAT3,0.0537893941420756,7.43232720144241,0.119498213717566,0.729579355627629,0.977758468796505
LACTB2,0.183758599840049,4.32165361051507,0.119462280659043,0.72961842274701,0.977758468796505
N4BP1,-0.0583438726500372,6.79586128058568,0.119390406703479,0.729696585248285,0.977758468796505
RBM12,-0.125299605641673,5.24556785113606,0.119318546164806,0.729774759491976,0.977758468796505
ST6GALNAC4,0.133941300252709,4.61330437426724,0.119245308990056,0.72985445843979,0.977758468796505
PSMB4,-0.0736892464641505,6.90744076483354,0.11922222161812,0.729879588507182,0.977758468796505
PARP1,0.0669283343119766,7.1207798123858,0.119040924011824,0.730077021459526,0.977758468796505
JUNB,-0.0965515412514627,9.20412659915005,0.118992146552657,0.730130168792827,0.977758468796505
CCT3,-0.065007033281813,7.18910992076413,0.118886801296032,0.730244993323123,0.977758468796505
ANKFY1,-0.110067203341968,5.12447528977373,0.118875433037889,0.730257387932585,0.977758468796505
CCDC28A,-0.0880166958322531,5.52217584188928,0.118743491025938,0.730401290494109,0.977800712378131
YTHDF1,-0.106134652034516,5.1451769480866,0.118235952450593,0.730955672768684,0.978356180997483
SP1,0.096821100731732,5.26157159246909,0.118106032902602,0.731097797166511,0.978356180997483
ZDHHC4,0.112412338703615,4.88514612693351,0.118055167767551,0.731153464461407,0.978356180997483
PDCL,-0.104843202434089,5.03299678205722,0.117807515064261,0.731424689711894,0.978551044114234
CUL3,-0.0623007237104407,6.55361207394181,0.117578699767101,0.73167556791381,0.978551044114234
SMG9,-0.195268817368834,4.14411010847623,0.117478981313777,0.73178498680787,0.978551044114234
ZFYVE1,0.170288996295753,3.9337823034702,0.117459715860665,0.731806132352181,0.978551044114234
BANF1,0.0506791224029427,7.23622225250814,0.117409477049879,0.731861283021894,0.978551044114234
ANKS1A,0.187289848613432,3.87943647153692,0.117214449288944,0.732075503715315,0.978687113492226
SPG7,0.0749262001875953,6.27783340018447,0.116588893445293,0.732763967874681,0.978751399870487
ARL2,0.0775949729599821,5.92353054335025,0.116504053386439,0.732857498474865,0.978751399870487
MAP2K4,0.128520620482084,4.79272813788587,0.116502918493637,0.732858749877418,0.978751399870487
AGPS,-0.117361463859428,5.07077761152817,0.116492245156591,0.732870519287793,0.978751399870487
FLNA,0.0601996474187953,7.81790766726977,0.116290335040279,0.733093277590662,0.978751399870487
HECTD4,0.120653225603818,5.2638029544369,0.116112482674506,0.7332896729559,0.978751399870487
BLOC1S3,0.168785345994802,4.03184951207775,0.116074602853354,0.733331523832826,0.978751399870487
ZFP91,-0.0749558289691495,6.11871609109713,0.115989445031509,0.733425636840009,0.978751399870487
PITHD1,-0.0843033260410022,6.31797121042843,0.115878378341197,0.733548441242385,0.978751399870487
MAPRE1,0.0889351809334598,6.40683000950678,0.115771792777657,0.733666352711747,0.978751399870487
ZBTB2,0.128484794913271,4.68609418313958,0.115576681587815,0.733882353641933,0.978751399870487
DUSP3,-0.249637019669815,3.7302671769498,0.115536804446339,0.733926525290925,0.978751399870487
GPSM2,-0.12180865474638,4.57374594526241,0.115515492832682,0.733950135512825,0.978751399870487
HRAS,-0.117046148117096,5.74710228174781,0.115493068172292,0.733974981454739,0.978751399870487
SMG7,0.100776541672122,5.51499369359974,0.11544729596552,0.734025704224732,0.978751399870487
ZNF211,0.157792656921966,4.06037370620456,0.115320874270331,0.734165857548546,0.978751399870487
RAP2A,-0.104427827065316,5.11058197906671,0.115302617430416,0.734186104482791,0.978751399870487
MDN1,0.127279321583383,5.17785764517655,0.115085672426428,0.734426834627925,0.978751399870487
TMEM50A,-0.0495991194759006,8.03564338090637,0.114872007077343,0.734664172975547,0.978751399870487
ARPC3,-0.0316229328737985,9.42725866940524,0.114850882138734,0.734687651810289,0.978751399870487
EPS8L2,0.0967225854128529,5.24120937514444,0.114763762825618,0.734784504041315,0.978751399870487
YDJC,0.091337510998669,5.73882394357982,0.11471016588969,0.734844109157435,0.978751399870487
ABCA2,0.120484534850793,4.92229039102799,0.114572548049278,0.734997224994144,0.978751399870487
VMAC,0.151938690984552,4.19458530432581,0.114570167934387,0.734999874049921,0.978751399870487
CHAMP1,0.128728363350408,4.53417556578108,0.114560008544856,0.735011181743688,0.978751399870487
ZNF680,0.155524352949762,4.33281186446164,0.114527303689087,0.735047586987648,0.978751399870487
AK9,0.156957882622088,4.3488572220953,0.114182929436307,0.735431277600543,0.979064381101271
AP1AR,0.133820144637866,4.73836472815387,0.114050470970973,0.73557903018133,0.979064381101271
MRPL19,-0.0961064662777733,5.35589906864551,0.113798802379375,0.735860020857526,0.979064381101271
MYL6,0.0285033437665456,10.2567577960312,0.11371406504589,0.735954708867132,0.979064381101271
CLTC,-0.0851517249614834,6.56995058612522,0.113641669341096,0.736035637103961,0.979064381101271
FAM120C,-0.205715305902242,3.71979679487291,0.113360892436997,0.736349778135364,0.979064381101271
GTF2A2,0.0668122419534725,6.97514532781497,0.113280329846646,0.736439993764671,0.979064381101271
GPR107,0.129141052096724,4.61955941249073,0.113047110702041,0.736701358823977,0.979064381101271
WBP4,-0.0982083204359573,5.62531163625351,0.112941659750817,0.736819634579098,0.979064381101271
HYOU1,-0.104472673995338,5.51878869771593,0.112911636479691,0.736853320478407,0.979064381101271
ICOS,-0.103877625678197,5.7874968361427,0.11290622556233,0.736859392019745,0.979064381101271
BAG5,-0.0816141394116774,6.22813603494774,0.112615233270876,0.737186150620963,0.979064381101271
MED4,-0.0561995999557553,6.90921812150351,0.112574526006203,0.737231898714532,0.979064381101271
SEC11A,-0.0539016944878815,7.81745495727703,0.112570715056172,0.737236182050086,0.979064381101271
ZC3H10,-0.207230955821356,3.7552354255029,0.112498199003944,0.737317702190343,0.979064381101271
COPG1,0.105008872309658,5.11940768373453,0.11224401384424,0.737603679731473,0.979064381101271
GRHPR,0.0953937078814133,5.5953724038007,0.11205274779946,0.73781910605519,0.979064381101271
USP36,0.111169726935184,5.80689711297986,0.112005610042786,0.737872229542298,0.979064381101271
MPP7,0.130336275191953,4.7766407004102,0.111756638500118,0.738153022854789,0.979064381101271
PPME1,0.143368790034729,4.43687955133656,0.111727421488631,0.738185996966597,0.979064381101271
GEMIN2,0.16913444003064,3.95412231426344,0.111704206669067,0.738212200464603,0.979064381101271
TFB2M,-0.17666148416761,4.05784278931519,0.111598640892508,0.738331394986039,0.979064381101271
INPP5D,-0.0664006685274306,6.56154489951459,0.111399386407992,0.738556544493502,0.979064381101271
PLSCR3,0.0168723246725365,4.68205586239162,0.111358124053723,0.738603197249212,0.979064381101271
LINC01588,0.158102625297173,4.76416752179137,0.111181897319348,0.738802553958044,0.979064381101271
ZNF623,0.153234725136622,4.04706854870647,0.111176699814351,0.73880843630638,0.979064381101271
RAB30-DT,-0.453221148287351,4.53982484575186,0.111099775968089,0.738895513805787,0.979064381101271
BRPF1,0.159155590543501,4.13112356724585,0.111053842957688,0.738947525770211,0.979064381101271
ELP2,0.0875932402305883,5.55461632289354,0.110816833007139,0.739216092650445,0.979064381101271
IMPDH2,-0.0935267610190534,5.31813655894191,0.110781298339855,0.739256386110297,0.979064381101271
CEP95,0.127732152555286,5.27554039737339,0.110668498164035,0.739384340033537,0.979064381101271
APC,-0.111681978887996,5.51825028366856,0.110665081566051,0.73938821675235,0.979064381101271
CD58,-0.0778175212391079,6.39050171770751,0.11059704768326,0.739465426752362,0.979064381101271
RAP1B,-0.0371670541741422,8.37379083798192,0.110491557663412,0.739585196981557,0.979064381101271
SRSF10,-0.0463500582984285,7.35653395704849,0.110474854762217,0.73960416678017,0.979064381101271
FBXO5,-0.15731897100132,4.33205385905952,0.110372038105766,0.739720972674666,0.979064381101271
SLC41A3,0.156447046653648,4.68091797752374,0.110357233300771,0.739737796796869,0.979064381101271
ATG16L2,0.110872478094679,4.84828507560192,0.110353497522992,0.739742042318039,0.979064381101271
IFI6,0.0878029234256044,7.15700807095079,0.110308287245331,0.73979342782295,0.979064381101271
LINC00641,-0.151887713266673,3.48014374281738,0.110131167265408,0.739994853152201,0.979064381101271
CDC14B,0.197379250273964,3.6851079924289,0.109833977082342,0.740333229722182,0.979064381101271
BICD2,-0.0924889440456676,5.32396526520682,0.109799500888581,0.740372516707688,0.979064381101271
AAMDC,-0.133174394918703,4.37769750011621,0.109784889348056,0.740389169200952,0.979064381101271
MIA2,-0.0761924439750946,6.21194144608987,0.109691407393786,0.740495737911058,0.979064381101271
NMB,0.169285319685001,3.81851971478767,0.109578356803421,0.740624682056082,0.979064381101271
VAT1,-0.218280881645969,4.0447087740658,0.109403208806775,0.74082459958527,0.979064381101271
BRD1,0.100542565839629,5.98580008532722,0.109365525843767,0.740867634898508,0.979064381101271
PGM3,-0.131851212901666,4.39344858618485,0.109150570244339,0.741113279419992,0.979064381101271
WAC-AS1,-0.141887611277609,5.42754741808697,0.109087587499722,0.74118530493963,0.979064381101271
COQ7,-0.0942903943665446,5.13499169850055,0.109055740066832,0.741221733660194,0.979064381101271
TUBB2A,-0.1499184143479,4.28317295456543,0.108996175929619,0.741289882000572,0.979064381101271
IFITM1,0.108596029214954,6.84557655714175,0.108906445030268,0.7413925836434,0.979064381101271
TARBP2,0.172152986723437,3.82047856846543,0.108764243111555,0.741555437210289,0.979064381101271
ZNF654,-0.110121188147699,4.84584189966167,0.108551129871838,0.741799721540327,0.979064381101271
TOR1A,-0.0906491914526829,5.70671401668191,0.10850250162563,0.741855499657039,0.979064381101271
NAPA,-0.0938922576643603,6.2945986740237,0.108358323988298,0.742020957392268,0.979064381101271
TGIF2,-0.140266369749457,4.33522377237622,0.108272683414015,0.742119295969645,0.979064381101271
B4GALT4,0.129221636115432,4.32615318946409,0.108263350334731,0.742130015477057,0.979064381101271
KIF5B,-0.060236245464761,7.44864961409918,0.108191915835526,0.74221207852899,0.979064381101271
GPALPP1,-0.0986720611074216,5.42408294564956,0.107787664250953,0.742677044283952,0.979064381101271
CHM,0.107128765834763,5.26796316424984,0.107695599990159,0.742783070576046,0.979064381101271
ASAH1,0.18971670406774,5.50394100033184,0.107670111392682,0.74281243352623,0.979064381101271
DDX55,0.120639696062356,5.09335870924491,0.107511912139547,0.742994765754335,0.979064381101271
STRN,-0.0920679489342947,5.65125280596207,0.107289606046091,0.743251235441081,0.979064381101271
MICB,0.174119259274951,4.58430461329299,0.107143583548886,0.743419858541959,0.979064381101271
PPP3CC,0.0835263016021204,5.48814629836334,0.107090364726734,0.743481345927115,0.979064381101271
WASHC3,-0.0887030266186579,6.17776436695189,0.106733322526015,0.743894299528565,0.979064381101271
GOLGA4,0.0731510081815205,7.24178541138247,0.106658264862034,0.743981208131841,0.979064381101271
TFAM,-0.092398522928806,6.10802433111587,0.10652812315028,0.744131978309436,0.979064381101271
NDUFA8,-0.10607051712913,5.79983289888656,0.106522967946272,0.7441379527509,0.979064381101271
MYO9A,0.0888993003032782,5.37613632781772,0.106430422057137,0.744245232761411,0.979064381101271
ACAP2,-0.0557390537848312,7.05251000569164,0.106347501778608,0.744341398522188,0.979064381101271
SP110,0.0632233787131935,7.38800490052054,0.106329582820422,0.744362185260557,0.979064381101271
ATP6AP2,0.0570926835348769,6.94837410286633,0.106325687733879,0.74436670397968,0.979064381101271
KLHL7,-0.130677744273897,4.72580738888434,0.106315704892666,0.744378285566769,0.979064381101271
NUDT9,0.140085159283672,4.49022245486645,0.106259038450531,0.744444038506209,0.979064381101271
AK3,-0.0928680086505437,5.47212941407695,0.106252088352385,0.74445210439188,0.979064381101271
ABCF2,-0.132052193317395,4.61784771295607,0.106216154925676,0.744493811323507,0.979064381101271
MINDY2,-0.0802182922666569,5.83180556211389,0.106105708607306,0.744622052180315,0.979064381101271
DDX1,-0.109808342177139,5.7311657732933,0.106023705276058,0.744717315226165,0.979064381101271
TTC28-AS1,0.0127050375422589,5.39340071437397,0.105959202898596,0.744792276095873,0.979064381101271
RDH10,0.181555567869773,3.86209990999959,0.105750178444456,0.745035365546934,0.979064381101271
STK35,-0.170274943849726,4.08663863743227,0.105738101329091,0.745049419000987,0.979064381101271
CNTROB,0.180271347260466,3.72602869888687,0.105729485174269,0.745059445674,0.979064381101271
PTRH2,0.156495046663823,4.07187062607635,0.105581450520376,0.745231785124959,0.979064381101271
FBXO6,-0.100326450874252,5.2967412516921,0.105520250724009,0.745303071922163,0.979064381101271
SH3GLB2,0.0882687644751311,5.31185656070265,0.105487233041877,0.74534154109706,0.979064381101271
IMPACT,-0.149248587220168,4.24088934264767,0.105464883553264,0.745367584448767,0.979064381101271
ID2,-0.0798185235824985,9.22325463368238,0.105417790612972,0.745422470770612,0.979064381101271
C19orf25,-0.0673382571736298,6.15903679851246,0.105346971867119,0.745505034786103,0.979064381101271
ASL,0.143399473759528,4.45413380664876,0.105334227682114,0.745519895847193,0.979064381101271
TBC1D7,-0.140801300781118,4.33753847733203,0.10517315874332,0.745707804888318,0.9791533173135
EMG1,0.0858074144411927,5.48621989540329,0.105025168274803,0.745880596325433,0.9791533173135
DDA1,-0.0887653854526698,5.85485989219744,0.104987036638626,0.745925140042343,0.9791533173135
SAP18,-0.0383694823096972,8.13002106514891,0.104774938569371,0.746173067050343,0.979331051506429
SLC2A3,-0.0810389232720806,7.72387194139017,0.104576030027591,0.746405828508872,0.979449389374777
YTHDC2,-0.104887596987634,5.48134655651867,0.104505591061034,0.746488314342514,0.979449389374777
CHPT1,0.124052743901758,5.25174080554688,0.104369307387632,0.746647993226895,0.979511227774143
ARL8A,-0.0740124540153343,6.01355892304939,0.104244953153597,0.746793795286607,0.979554845573374
LONP1,0.111690292833258,5.12053015994169,0.103867446077416,0.747237001517456,0.979729712761906
HNRNPF,0.0470900542036046,7.92444922451807,0.10382427182299,0.747287746193188,0.979729712761906
PRPF3,-0.122788396078434,5.37217280526283,0.103734656664646,0.747393112174603,0.979729712761906
ZNF671,0.196257359107442,3.77136804670795,0.103634300489333,0.747511166664373,0.979729712761906
NBDY,-0.083200011991538,6.20576141720559,0.10362176187833,0.747525920954885,0.979729712761906
PIGF,-0.0982571078880411,5.21714806113922,0.103556650916271,0.747602553424316,0.979729712761906
HEXD,-0.355044605196103,4.77651177843599,0.103237430530772,0.747978645675533,0.979854694497522
CLUH,0.167611031447002,3.87930311453002,0.103202107397085,0.748020301330089,0.979854694497522
NDUFB5,0.0717037303072616,6.54814034471926,0.103118301962883,0.748119162376852,0.979854694497522
MRPL57,-0.0455341431091976,7.35431263010396,0.102876603534511,0.748404530275728,0.979854694497522
VPS50,-0.138661327370402,4.38846222309378,0.102872969216826,0.748408824052914,0.979854694497522
PRIMPOL,-0.133470044681915,4.14824420111477,0.102708010690552,0.748603803004995,0.979854694497522
TMEM140,0.149331685388481,4.53859685014617,0.102386291160116,0.748984568867489,0.979854694497522
CIDEB,-0.148148614287805,4.04035596459989,0.102326231891436,0.749055724047725,0.979854694497522
COIL,0.0824507669999979,5.66544705390811,0.102190412413696,0.749216721018186,0.979854694497522
PIP5K1C,-0.136173231068758,4.41245835270382,0.102096757695687,0.749327805653235,0.979854694497522
NCOA2,0.0792158466006654,5.95366829200908,0.101991351298274,0.749452896235391,0.979854694497522
MED29,-0.10311538289605,5.39599007919539,0.10175571564988,0.749732793655677,0.979854694497522
WSB2,-0.096461744586474,5.32726016704376,0.101515955306724,0.750017957280272,0.979854694497522
S1PR2,0.159209181288706,4.02467870931459,0.101513308350341,0.750021107558462,0.979854694497522
GDI1,0.0812616827384082,5.64606176898335,0.101478982653735,0.750061964423912,0.979854694497522
PEBP1,-0.0487175316947224,7.71654348439244,0.101449138785846,0.750097492886547,0.979854694497522
C3orf38,0.14452500371134,5.23569399820561,0.101371698523199,0.750189710655523,0.979854694497522
PIAS2,-0.18147280424625,4.81575050242695,0.101213153983611,0.750378630479706,0.979854694497522
MIR762HG,0.134645393979819,4.10358052186855,0.101197460301822,0.750397339748383,0.979854694497522
SLC25A19,-0.152600275836105,4.28326980293858,0.101183342565022,0.750414171614622,0.979854694497522
EIF5,0.0488335465370425,7.50737355546538,0.101173867056922,0.750425469510686,0.979854694497522
ZNF710-AS1,-0.163263642836929,3.73398005779422,0.101167336885357,0.750433255944085,0.979854694497522
EPN1,0.0997889536020361,5.37497646419913,0.101000167863369,0.750632678910318,0.979854694497522
MACO1,-0.098352985605002,5.4504589002465,0.100929511911222,0.750717022000609,0.979854694497522
IFFO1,0.144990252602183,4.3457227460423,0.100886676742206,0.750768170822699,0.979854694497522
PLPBP,0.0831938378640369,5.4521479467806,0.100861611467813,0.750798106428856,0.979854694497522
MRPL14,0.0619285931836624,6.23407408273736,0.100618490596338,0.751088679850107,0.979854694497522
TMF1,0.0481857606988942,7.02141209322604,0.100598023021082,0.751113159930787,0.979854694497522
FRS2,-0.160843778789327,4.06127835441135,0.10054290534357,0.751179096622549,0.979854694497522
TRIM22,-0.0585835371432307,7.26387684481633,0.100542807369202,0.751179213845952,0.979854694497522
ITGB7,-0.104192429179389,6.47863779939749,0.100212121335211,0.75157522851865,0.979854694497522
C5orf15,0.114463514659704,4.93994805718284,0.100090405412569,0.751721170989997,0.979854694497522
IL18R1,-0.143689455118497,5.2022693261333,0.100046515274656,0.751773821043296,0.979854694497522
SNX5,-0.0693661614389239,6.2403280648955,0.0999654960139509,0.751871044102504,0.979854694497522
HNRNPH2,0.0845433359302143,5.70067205234736,0.0997961352473951,0.752074416980567,0.979854694497522
MRPL46,-0.102540223992241,5.00750953285159,0.099753009993707,0.752126233235427,0.979854694497522
SYNGAP1,-0.137778574401555,4.23054066723487,0.0995995706372383,0.752310695061671,0.979854694497522
MCEE,0.117445865233875,4.50493983654031,0.0994539880783023,0.752485856097507,0.979854694497522
ANP32B,-0.0524112168038883,8.55625499440036,0.0994447969314969,0.752496919368243,0.979854694497522
SLC35A3,-0.0812165396059637,5.9037857067849,0.0993525478434165,0.752607989610888,0.979854694497522
FZR1,0.115615173559475,4.51813968720112,0.0991055747009142,0.752905630864602,0.979854694497522
NELFB,-0.0862975742597487,5.65738344423522,0.0990542359474276,0.752967553248838,0.979854694497522
RABL3,-0.12610398935907,4.37505947015163,0.0989764215924076,0.753061442888972,0.979854694497522
CLSTN3,-0.130704337767812,5.54870913824377,0.0986546913381119,0.753450068963716,0.979854694497522
LAGE3,-0.0764618012411058,5.87103488095371,0.0985953943975737,0.753521771183162,0.979854694497522
CTLA4,-0.123560167116931,5.54314244087732,0.0985108001519315,0.753624104070164,0.979854694497522
FKBP15,-0.0852266206477967,5.26869049656527,0.0984596462763587,0.753686007866168,0.979854694497522
RBX1,0.0463059577246506,8.02322927012335,0.0983245177272156,0.753849618513387,0.979854694497522
EIF5B,-0.0468151592805091,7.86385595540984,0.0982430977182034,0.753948259674879,0.979854694497522
RSL1D1,0.054707040999376,7.07388831789238,0.098178476418223,0.754026580988931,0.979854694497522
NUGGC,0.120528667163469,4.58111829835864,0.098082607002187,0.754142827328676,0.979854694497522
LRCH4,0.0935637598490918,5.7089094765704,0.0980786142696672,0.754147670064386,0.979854694497522
ACADSB,0.128930976384005,4.28746832000906,0.0980738218313242,0.754153482896296,0.979854694497522
SMIM8,0.101728793643113,4.76706506563455,0.0978067287591884,0.754477691604924,0.979854694497522
ITPKC,0.196048949309501,3.60958515812843,0.0977994821349757,0.754486494627381,0.979854694497522
ZFC3H1,-0.0730891242161164,6.50228911241972,0.0977844973886626,0.754504698867649,0.979854694497522
KLRC4,-0.0887481996184211,6.02138583264237,0.0977210207705532,0.75458183051347,0.979854694497522
CTSL,0.267021138355807,4.44642689530802,0.0977037250913604,0.754602851589123,0.979854694497522
GOT1,0.141562158761202,4.81795323822322,0.0975632259063772,0.7547736892775,0.979854694497522
TMEM71,-0.0995495071813843,5.21224827573919,0.0974623558213992,0.754896423885927,0.979854694497522
TGFBRAP1,0.131899336910936,4.40242707660946,0.09742255367774,0.754944872690183,0.979854694497522
KCTD18,0.134345656894333,4.50626459034824,0.09740683351637,0.754964010908289,0.979854694497522
RAB8A,-0.0513883467922203,6.74352912335351,0.0972837768676058,0.755113882528615,0.979854694497522
SNTB2,-0.0677055013641261,6.06280417895688,0.0972246690836442,0.755185907323162,0.979854694497522
C6orf62,-0.0539206743759237,7.46031706604,0.0971635282540664,0.755260434731647,0.979854694497522
OCIAD2,-0.0395066046973762,7.48353687508301,0.0971253347910288,0.75530700358078,0.979854694497522
LINC00294,0.153574434432962,3.92979848573785,0.0971176258917517,0.755316404171157,0.979854694497522
TMED2,0.043467187123661,7.10449698435452,0.0970868665174169,0.755353917658724,0.979854694497522
SLC25A30,-0.13749737753298,3.99354098220463,0.0966543892994451,0.755882049488131,0.980265690871332
EIF2AK2,0.0764258832770307,7.02807165924597,0.0965984670710931,0.755950435049119,0.980265690871332
LYPLAL1,0.127739491906926,4.52582934253434,0.0965147920908258,0.756052799141646,0.980265690871332
C2orf42,0.149354795633727,3.97708757529094,0.0963418099143833,0.756264571889845,0.980265690871332
DCAF11,-0.0867601043510067,5.69009380320703,0.0963278125300651,0.756281717245142,0.980265690871332
ATXN3,-0.0862626076641048,5.86460815765035,0.0962545202521845,0.756371515047645,0.980265690871332
ZNF25,-0.156921262667084,3.96597754348176,0.0961829855069638,0.756459195667226,0.980265690871332
COA4,0.0675733573408981,6.26658610541498,0.0957487904422898,0.756992159911735,0.980711161176358
EIF4EBP1,-0.0828905916193763,5.52781870662004,0.0956556473734604,0.757106663249328,0.980711161176358
CCL20,-0.248247533561489,4.83133325298491,0.0955287932823055,0.757262706758382,0.980711161176358
SPEN,-0.0593449134126442,6.43309526376678,0.0954958823590282,0.75730320910214,0.980711161176358
NXF1,-0.153510156832351,5.00069494756307,0.0954033520556798,0.757417123953767,0.980711161176358
SEC61A1,0.0795055015999163,5.75013658412875,0.0953489887745782,0.757484079278201,0.980711161176358
RAP1A,0.0428313888956812,7.32575254639133,0.0952615901670697,0.757591765665707,0.980711161176358
MOB1B,0.106105333868225,4.64147418101692,0.0949716695830745,0.757949373241221,0.980793842254363
ORC2,0.088378153760663,5.00981633415263,0.0949707163826723,0.75795054996791,0.980793842254363
NRBP2,0.127391254501883,3.92048434150082,0.0948483029072236,0.758101723275438,0.980793842254363
RBMXL1,0.119177869700799,4.49453630813725,0.0948094728155944,0.758149698423488,0.980793842254363
TTC39B,0.114563441556196,5.3254161999094,0.0947503810885699,0.758222727762508,0.980793842254363
SRGAP2B,0.160252039897282,4.41525966129374,0.0944556805324304,0.758587310288357,0.980793842254363
LCP2,-0.03364436658155,7.91138276122859,0.0942039779515405,0.758899191958503,0.980793842254363
PEF1,0.0927051452604048,5.46406602934692,0.0942022659251123,0.758901314870222,0.980793842254363
CLPTM1,0.100815202409127,5.23128967439279,0.0941142022403412,0.759010542265846,0.980793842254363
PCMTD2,-0.085651386570948,5.09866896789702,0.0940745844917075,0.759059699297404,0.980793842254363
SREK1,0.0717495535420193,6.46005959081136,0.0939932109840314,0.759160701697322,0.980793842254363
TMEM131L,-0.102265164091838,4.79744490708616,0.0937749541554105,0.759431842783519,0.980793842254363
MTHFD2L,-0.140775558301833,4.05801172710981,0.093759492152806,0.759451064359251,0.980793842254363
CLASRP,0.11898670884177,4.88695420531705,0.0931903264842404,0.760159832116892,0.980793842254363
VPS26A,0.0628541369457665,6.08623753626471,0.0930760909781441,0.760302371637988,0.980793842254363
IER3IP1,-0.0695610662193211,6.3834991363058,0.0930482313885364,0.760337148470461,0.980793842254363
SEC13,0.0941623257874935,5.26222371235295,0.0929151258054048,0.760503381362945,0.980793842254363
DELE1,-0.108156181185073,4.88841876246658,0.0929072393789951,0.760513234645121,0.980793842254363
RGCC,0.0876884160182103,7.58624464136369,0.092850436359015,0.760584217706767,0.980793842254363
DSE,-0.152743867389346,4.70130433048829,0.0928473582588829,0.760588064887174,0.980793842254363
ACAA2,-0.0812806774068835,6.63306276729581,0.0927920546062744,0.760657198340064,0.980793842254363
CSDE1,0.0438014126757411,7.71123911135439,0.0925834775160723,0.760918137129508,0.980793842254363
EXOC4,0.0917770407315001,5.23243821434509,0.0925274975189616,0.760988225132798,0.980793842254363
ATP7A,-0.0968555261724802,4.74939345846938,0.0924123366985192,0.761132481508564,0.980793842254363
RNASEL,-0.103597319925847,4.69617506858546,0.0922709905155799,0.761309673300352,0.980793842254363
SIRT5,-0.13635202914451,4.20050981914083,0.0920718586608551,0.761559557013966,0.980793842254363
TIPARP,0.10560197364472,5.42987830775039,0.0920594903596523,0.761575087299559,0.980793842254363
ZBTB8OS,-0.0512087879251998,6.65522147175362,0.0919895564129121,0.761662921459672,0.980793842254363
ANAPC7,0.0829768957262568,5.37906768836819,0.0918035890150311,0.761896666387017,0.980793842254363
ATP2A3,-0.098750189406345,6.10330341890058,0.0917729921303732,0.761935148779247,0.980793842254363
ITPRIP,0.18766761004636,4.00724692343033,0.0917653270566241,0.761944790412472,0.980793842254363
NT5DC1,-0.0904127319760178,5.35510252470718,0.0916902946263782,0.762039194355295,0.980793842254363
MICA,-0.124453519913902,4.38505210067244,0.091654767627567,0.762083908254237,0.980793842254363
MED22,0.201213106360324,3.96421020856,0.0915632934225989,0.762199080260452,0.980793842254363
EBNA1BP2,-0.0976533619862128,5.51923524714591,0.0912492140617225,0.76259500538684,0.980793842254363
SNX30,-0.14187057391429,4.21556486048102,0.0912098727823842,0.762644650962721,0.980793842254363
SLC16A3,-0.101401498454264,5.18252763953049,0.0911361311916856,0.76273773848777,0.980793842254363
CRYL1,0.122601677403362,4.54917150047974,0.0911017867580384,0.762781107129614,0.980793842254363
CPOX,0.159386557804699,3.9974024043602,0.0910807832474596,0.762807633835423,0.980793842254363
TIMM23B,-0.133211667770772,4.46057836947749,0.0908555183850588,0.763092345619221,0.980793842254363
FUBP3,0.0939087981169133,4.98276997324879,0.0904936532715048,0.763550513336343,0.980793842254363
BTRC,0.124886954009426,4.16661860487753,0.0903173209698416,0.763774134704225,0.980793842254363
KIF22,-0.0937883876614429,5.17548128591999,0.0902718300215781,0.763831864099882,0.980793842254363
HMGN2,0.0424306782117265,8.50177482534181,0.0901934065428769,0.763931423125071,0.980793842254363
DUSP28,-0.116687680234051,4.6191494025061,0.0901100503123899,0.764037296051388,0.980793842254363
TRIM59,0.0877955608875612,6.23389871807046,0.0900063628835532,0.764169066690401,0.980793842254363
CD200R1,-0.135489127451554,5.1624931432753,0.0899277739458633,0.764268996166348,0.980793842254363
ZNF248,0.118536533467725,4.29430808714837,0.0899024697514879,0.764301181750275,0.980793842254363
KXD1,-0.0815105207509002,5.88745987298231,0.0897472420987118,0.764498731150334,0.980793842254363
ARHGDIA,0.0423447466311373,7.69492793733204,0.0897318010785746,0.764518392235803,0.980793842254363
ATP5MF,-0.0374522971379025,8.06374547272825,0.0897231859607039,0.764529362685843,0.980793842254363
RDH11,-0.10365966537938,5.86730214195974,0.0896987643600298,0.764560464155613,0.980793842254363
ATG2B,0.118482641797898,4.37390452903235,0.0896718578832463,0.764594735514379,0.980793842254363
TUBGCP4,0.140499332269884,4.74312412324939,0.0896209863308677,0.764659547019517,0.980793842254363
DDX10,-0.107434751062689,5.04668304541626,0.0895489920012658,0.764751303682593,0.980793842254363
TSTD2,0.111785016926595,4.58458427911288,0.089493537439358,0.764822007839803,0.980793842254363
GZMB,-0.126095030642063,8.78674826056491,0.0892938101808483,0.765076856582947,0.980793842254363
CASP7,0.086284413460806,5.07783644049564,0.0892069541319316,0.765187780355707,0.980793842254363
KLRC2,0.172998105210647,7.57156692716897,0.0891180713303328,0.765301353401329,0.980793842254363
MAZ,-0.078325141873321,7.25344228327579,0.0888859534937048,0.765598241113734,0.980793842254363
DCAF5,0.0779487648527835,5.86584188561743,0.0888728267350096,0.765615043351292,0.980793842254363
RLF,-0.091210605211105,5.11824708222352,0.0888659666749376,0.765623824758659,0.980793842254363
MED17,-0.08727435889912,5.58464332923578,0.0887875426259512,0.765724239842613,0.980793842254363
GSTP1,-0.0494296175316981,8.03371932894965,0.0885314185561974,0.76605252090271,0.980793842254363
LIG3,-0.0982614391825838,4.70103132887063,0.0885261704201064,0.766059252980033,0.980793842254363
LINC00539,0.136749922053221,3.95416726489352,0.0883560919458208,0.766277539832363,0.980793842254363
AMN1,-0.140851386303145,3.95651763479737,0.0882381177996336,0.766429087839505,0.980793842254363
ILF3,0.0513194837966949,6.76539120879691,0.0880218595920752,0.766707176775546,0.980793842254363
OAZ1,-0.0291708293239064,9.50033568046122,0.0879465689713541,0.766804081074625,0.980793842254363
STOML2,0.0762406649460825,5.98137309241569,0.0877924421145195,0.767002593968262,0.980793842254363
DDOST,0.0770076371000928,6.23204826766063,0.0876118228623426,0.767235470011743,0.980793842254363
CCDC92,-0.0846912277695667,5.42230875892887,0.087594749413018,0.767257496655383,0.980793842254363
TEX264,-0.0643740690385225,6.50734491942018,0.0874593049493733,0.767432317823004,0.980793842254363
TTC33,-0.11925211619113,4.39322980363668,0.0874307343880503,0.767469213276749,0.980793842254363
EXOSC9,-0.0929527919012815,5.70618097929186,0.0873940814830405,0.767516555708805,0.980793842254363
WDR18,0.116263860743996,4.95226166442275,0.0873552265130506,0.767566754209613,0.980793842254363
FXYD5,-0.0620558786772396,8.48392997577217,0.087350193913057,0.767573256942076,0.980793842254363
GBP4,-0.105708112833204,6.1040331230121,0.0872595336698545,0.767690435926915,0.980793842254363
ZNF701,0.113836736223136,4.59798903960888,0.0872022219157849,0.767764545908746,0.980793842254363
ZFAND2B,0.0604793146773777,6.08409275535338,0.0871199486043714,0.767870980048037,0.980793842254363
CCDC127,-0.0998639446944506,4.83327585166761,0.0870839350306838,0.767917586755439,0.980793842254363
TRABD,-0.0603607353158092,6.79868306780888,0.0870664903769942,0.767940166394973,0.980793842254363
MANF,0.0838410306959798,6.80567362916647,0.0870240649820389,0.767995090338745,0.980793842254363
C17orf67,0.102430380379364,4.76962181797869,0.0868561804175272,0.768212576664248,0.980793842254363
REV3L,-0.0871154426906875,5.6735541979412,0.0867799615301017,0.768311389943324,0.980793842254363
WDR54,0.0838531919826532,5.61526278192132,0.0865910919970077,0.768556451518989,0.980793842254363
PLIN3,-0.115598954747245,4.66951644628024,0.0865742310312605,0.76857834303614,0.980793842254363
UBE2N,-0.0586630451089368,6.88101975575567,0.0865653559200048,0.76858986701066,0.980793842254363
MAN2A1,-0.0809351573106693,5.36009596863926,0.086449446010711,0.76874043033047,0.980793842254363
EHBP1,0.107515058822778,4.37060229808956,0.0863936189241965,0.76881298708635,0.980793842254363
CLK4,0.068037211709711,5.78157912333904,0.0863879784799124,0.768820319215588,0.980793842254363
NUP54,0.0997260913906632,5.46320880807534,0.0863239707136394,0.76890354244969,0.980793842254363
CORO7,-0.0589338795996093,6.25613232801495,0.0862316438294659,0.769023645413378,0.980793842254363
SLC25A44,0.132805112094735,4.20060992505467,0.0861391681575441,0.769144011956768,0.980793842254363
VAMP7,0.103292141476811,5.07775970878291,0.0860974890399913,0.769198284532195,0.980793842254363
TOGARAM2,-0.105728476785367,4.45210536450394,0.0860016704065245,0.769323109151694,0.980793842254363
FASTK,-0.079579464007999,5.56135677093275,0.0859838707605434,0.769346305379618,0.980793842254363
JAZF1,-0.120859241553061,5.13159965494442,0.0859662361936415,0.769369289050362,0.980793842254363
MTRNR2L8,0.122311715649617,4.79504644245109,0.0859494802151311,0.769391130001963,0.980793842254363
CCDC102A,-0.135568656337711,4.2831773914803,0.0859261499957746,0.769421544144408,0.980793842254363
PIK3C3,0.085064930359878,5.18703995715517,0.0859147618818525,0.76943639174214,0.980793842254363
B4GALT3,0.0867502432324314,5.16278222726256,0.0858770297323552,0.769485593809547,0.980793842254363
TELO2,0.114335741469648,4.13360441058556,0.0857351626963929,0.769670691061551,0.980793842254363
USP15,-0.0611501265028719,7.46540324059268,0.0855340530042454,0.769933368740928,0.980793842254363
STX18,-0.110865134938725,4.80714660191874,0.0854977636852787,0.769980803411223,0.980793842254363
ZC3H8,0.0967790872508251,5.95740374696611,0.0852363061939805,0.770322884429034,0.980793842254363
STYX,-0.0714968761488531,5.50468210502822,0.0852026609632972,0.770366945896133,0.980793842254363
HEBP1,0.103400565660143,4.65071301020728,0.085167803976514,0.770412604225359,0.980793842254363
NUDT2,0.111856040470199,5.13875263188199,0.0850551606516952,0.770560222372895,0.980793842254363
RELL1,0.128540443386336,4.36088322722703,0.0850194907203736,0.770606989632656,0.980793842254363
LSM5,-0.0523848829660638,6.67936046941866,0.0849793358823412,0.770659649843715,0.980793842254363
KLF16,0.124779366034226,4.57768122564189,0.0849550234079999,0.770691540483885,0.980793842254363
MICAL1,0.0995715965473678,5.27998641579531,0.084849618037552,0.770829857859913,0.980793842254363
ATXN10,-0.114124062376574,5.55290720443669,0.0848225911331859,0.770865338715732,0.980793842254363
TUBA1B,0.049269432981771,7.96751370934029,0.0847570586813617,0.770951395030781,0.980793842254363
KANSL1-AS1,0.214956533467404,5.5012131156235,0.0847161771302147,0.771005098401964,0.980793842254363
SLC27A5,0.14930099477118,4.34817332223538,0.084705403235354,0.771019253690241,0.980793842254363
OBI1,-0.0100787690866227,4.65884128581857,0.0846033502432384,0.771153384533977,0.980793842254363
TYMP,-0.0916740583141063,7.39194738476657,0.0844844128568667,0.771309817731625,0.980793842254363
DMTF1,0.0630756492559662,6.26729647266694,0.0844517868355919,0.771352750194779,0.980793842254363
LYRM2,0.0713266538048183,6.48911244635565,0.0843104481902444,0.771538841150977,0.980793842254363
GK,-0.145042044211371,3.84657486666448,0.0842836907566884,0.771574089875642,0.980793842254363
CSNK1G3,-0.0694166774668045,6.01630602478715,0.0842814860351915,0.771576994521158,0.980793842254363
WDR46,0.0709052772042871,5.60091759375457,0.084114728335619,0.771796811617438,0.980793842254363
SSH2,-0.0663390298410926,6.12318730119279,0.0838608713944602,0.772131895407042,0.980793842254363
CNIH4,-0.0717113555796215,6.46196436844032,0.0837974867052864,0.772215647092844,0.980793842254363
COX8A,-0.028555333544268,8.53696855853406,0.083753673414833,0.772273558695329,0.980793842254363
DUSP1,-0.0861926826153698,8.87129749600875,0.0836997042547161,0.772344916709191,0.980793842254363
KLHDC10,0.110300071123124,4.57813150323661,0.0836199462520426,0.772450418388323,0.980793842254363
RCBTB2,-0.161072896283568,3.84517334070189,0.0835036902414643,0.772604296323604,0.980793842254363
AGO1,-0.112519061086617,4.81222806362393,0.0834566212163814,0.772666630490966,0.980793842254363
TMEM59,-0.0365378297291203,8.05352784171985,0.0834564256758128,0.772666889487791,0.980793842254363
VPS35L,0.112296523889189,4.58802571721641,0.0834512282644795,0.77267377366844,0.980793842254363
BAP1,-0.119045989146585,4.49067346981592,0.0833660105065945,0.77278668116197,0.980793842254363
MCRIP2,-0.107488285661615,4.75713376357993,0.0832870968255683,0.772891291965866,0.980793842254363
RBL1,-0.0962345339633708,5.03437021395378,0.0832184767698863,0.772982300818416,0.980793842254363
ZNF195,0.0949893911667567,4.85103119168548,0.0830720123850135,0.773176688470562,0.980897481014476
NT5C3A,-0.0819646295540879,6.07119060327922,0.0827285821498478,0.773633218368585,0.981052372022576
EPS15,-0.0499212708783113,7.08525180013685,0.082672394543021,0.773708007482413,0.981052372022576
RAB2A,-0.0496649946094013,7.30616895326245,0.0825956971084025,0.773810140850182,0.981052372022576
MAD1L1,-0.105939776773035,5.99702959862324,0.0822463640081743,0.774275977380205,0.981052372022576
PPP3CB,0.0653936829130949,5.6640999826162,0.0821664656730086,0.774382672378079,0.981052372022576
MUS81,0.083562860287987,5.51080536286345,0.0821637653184375,0.774386279370218,0.981052372022576
COX7B,0.0300959288537399,8.20311484084619,0.0821292267551783,0.774432419831233,0.981052372022576
NCLN,-0.111158104548032,4.59428979339971,0.0820119234557915,0.774589205074972,0.981052372022576
ATL3,0.0711123065247831,5.91809991172426,0.0819709899619738,0.774643944516766,0.981052372022576
VPS33B,0.163430187423213,3.91425548584507,0.0818954391432918,0.774745015777783,0.981052372022576
UBL3,0.0609210857665689,6.33578297414976,0.0818231176953006,0.774841814074926,0.981052372022576
CCNT2,0.0777442453999699,5.82082637687625,0.0817892385704617,0.774887175345826,0.981052372022576
RFFL,0.0650453687348765,5.7343218394569,0.081758471418631,0.774928378755814,0.981052372022576
ERP29,0.0404004277609947,8.26830259245775,0.081730256667484,0.774966171359987,0.981052372022576
GMDS,0.142191180415167,4.05021606278584,0.0817100809471221,0.774993200310297,0.981052372022576
UBQLN2,0.0954294038288136,5.13903917452885,0.0815981159818939,0.775143262847844,0.981052372022576
ZNF598,0.10201480841223,4.74115188262045,0.081516093421417,0.775253265359799,0.981052372022576
HUS1,-0.107918155408216,5.22001213450516,0.0814605107716382,0.775327842671639,0.981052372022576
ATXN2,-0.069306335614637,6.18211957039441,0.0813378058201622,0.775492577954801,0.98111817210941
TMEM185B,0.138293489135526,4.15894813111545,0.0810533073764859,0.775875043761278,0.981226835143924
USP20,0.126218886477075,5.28655752097757,0.0809249536639456,0.776047833760302,0.981226835143924
AGPAT1,0.108311056051075,4.94318475668286,0.0808148755254265,0.776196139171758,0.981226835143924
NXT2,-0.172591986823526,3.89325179306843,0.0807357555647279,0.776302802878951,0.981226835143924
RNF115,0.0715186954333048,6.48338184725518,0.0806624619146419,0.776401662392733,0.981226835143924
KIAA0513,0.159050829886844,3.81404056201613,0.0806549026471348,0.776411861200563,0.981226835143924
SYCE1L,0.133974469485986,3.91722128516449,0.0805852169881725,0.776505903990805,0.981226835143924
RWDD2B,-0.143957418784844,4.16224854612413,0.0804660705480096,0.776666797359269,0.981226835143924
MRPL52,0.0484288609132013,6.94609841920299,0.0804492834889228,0.77668947666618,0.981226835143924
MRPS26,-0.0830892073382292,6.12344910163603,0.0804371095621121,0.776705925233425,0.981226835143924
L3MBTL2,-0.092593209236674,4.94057349873823,0.0802902506987238,0.776904456821579,0.981246245176906
VAC14,0.12550537832915,4.0903529825839,0.0802207765508491,0.776998443998,0.981246245176906
DHPS,0.0583736090080787,6.1277748133133,0.0801756372260343,0.777059533696339,0.981246245176906
TESC,0.0988669286368198,5.68126053357844,0.0797827207062944,0.77759207705301,0.981589618097468
ZNF100,0.150657230427489,3.84924753893455,0.0797278521924625,0.777666556233551,0.981589618097468
RNF24,-0.0961456170161032,4.77319782995375,0.0797254505126652,0.777669816934625,0.981589618097468
THAP2,0.115464122778016,4.29145418209399,0.0793685064328606,0.778155021955766,0.981795331873754
NR1H2,-0.0658419745668784,5.90930218804876,0.0793648069825537,0.778160056891948,0.981795331873754
EXOSC2,0.106561879531486,4.35256823321855,0.0792496707704267,0.778316820146185,0.981795331873754
ZDHHC6,0.0927212407236238,5.16077256225537,0.0791894780042455,0.778398824292459,0.981795331873754
KIAA0232,0.0893312312203696,5.49016060506999,0.0790863522371872,0.778539396802558,0.981795331873754
ADAM19,-0.0835544707592432,6.56993535159981,0.0787603841571389,0.778984380998854,0.981795331873754
BCCIP,0.0884268884237915,5.42887902727105,0.0787488356210666,0.779000164293454,0.981795331873754
ZNF790-AS1,-0.16109186601374,3.54013697852507,0.078694830911342,0.779073988685652,0.981795331873754
RSRP1,0.049326342781303,8.39131541796615,0.0786658751450133,0.779113582446859,0.981795331873754
THOC2,-0.0539612850811108,6.78801443076675,0.0786640610516614,0.77911606327758,0.981795331873754
HAPLN3,0.172330392060471,4.38294892402958,0.078558444224857,0.779260550895754,0.981795331873754
RGL2,-0.0967134742681331,4.6562067973552,0.0785470160666684,0.779276191306666,0.981795331873754
KPNA2,0.154026379940784,5.1269453741916,0.0784480338354499,0.779411708321082,0.981795331873754
RPRD2,0.0643682076911327,5.81865047784145,0.0783635509450988,0.779527447173113,0.981795331873754
WDR41,0.127558846335712,4.61544673298677,0.0783214990775676,0.779585081962701,0.981795331873754
PLCG2,0.104678222460106,5.76206297830111,0.0782830649377964,0.779637773018443,0.981795331873754
EGLN1,-0.0891154695004902,5.21058409360889,0.0781800552384517,0.77977906237499,0.981831189214343
MAPK3,0.0960136905023853,4.89008274323618,0.0778738138611459,0.780199700419121,0.981967716880671
REX1BD,0.0470817854385558,7.50312030283864,0.077768726954087,0.780344248013913,0.981967716880671
TCEAL8,0.0753711371865608,5.30413681978172,0.0776787600638897,0.780468081597902,0.981967716880671
SNX1,-0.0632266465990684,5.77694116967455,0.0775857739007115,0.780596152257907,0.981967716880671
C9orf40,0.138211748553758,4.18173782300156,0.077506230006982,0.78070577440923,0.981967716880671
PPP2R1B,0.104640434683923,4.44796106486925,0.077389169233296,0.78086721014336,0.981967716880671
DGCR2,0.126916717783964,4.32129479867711,0.0773799175378969,0.780879974544365,0.981967716880671
DDX46,-0.0329854241966654,8.06318339369022,0.0773647632220573,0.780900884463037,0.981967716880671
PAM16,-0.182781174752708,4.96736002795381,0.0773341418386444,0.780943142569521,0.981967716880671
IRAK1,-0.0883513200425454,5.44104024589977,0.077247588245335,0.781062636983622,0.981967716880671
FMNL1,-0.0536424351860636,7.60569839021708,0.0771998067044848,0.781128634260012,0.981967716880671
ME2,0.0577003452360259,6.32039622411724,0.0769817979267984,0.781430033964586,0.982059256501513
HADHB,0.0727382609537146,5.89049776975257,0.0769817629145209,0.781430082406363,0.982059256501513
NSA2,0.0446346955037721,8.52705231581418,0.0769023572135836,0.781539975931228,0.982059256501513
IFT22,0.136036494176541,4.04408497976888,0.0766439523383014,0.78189801890753,0.982165247265831
ZNF414,0.100890909032188,4.622906380342,0.0764968023951873,0.782102198709012,0.982165247265831
MNAT1,0.0907112455888337,5.51413845797388,0.076447666485393,0.782170424950766,0.982165247265831
JAK3,0.0959999034164035,6.56733038871117,0.0760600504192581,0.782709467413385,0.982165247265831
UBR2,0.0877520107567835,6.08187448297943,0.0759101585133415,0.782918312429156,0.982165247265831
SFMBT2,-0.0505294848145264,6.28607164999503,0.0759053573132498,0.782925005626491,0.982165247265831
FABP5,0.0541761560358582,7.04101306710285,0.0758879723588919,0.782949243333096,0.982165247265831
FUNDC2,0.0676266433296219,6.01958773852066,0.0758008606256091,0.783070737527797,0.982165247265831
COMT,-0.0712833050056804,6.03167666222977,0.0757249148904542,0.783176719868906,0.982165247265831
TSPAN2,-0.148521529558648,5.1299516541753,0.0756728718439952,0.78324937900209,0.982165247265831
IFIT3,0.384093951040817,4.34907149681799,0.0755734286021443,0.783388289997561,0.982165247265831
D2HGDH,0.100181930016427,4.67556714775415,0.0754604840669728,0.78354618005496,0.982165247265831
REEP5,0.0294401771387471,7.86810975875448,0.075410205335853,0.783616507746869,0.982165247265831
DNAJB1,-0.0843793085871667,6.73093953023062,0.0751709907090508,0.783951456543691,0.982165247265831
ST3GAL2,-0.113429688202417,4.76212453600713,0.0750262351463569,0.784154421923742,0.982165247265831
FASN,0.118888414992887,4.33464261197911,0.0748627289209622,0.784383931392581,0.982165247265831
HGS,0.0945386680746049,5.27566225058475,0.0748348784394253,0.784423051238312,0.982165247265831
SNX15,-0.209327897093564,4.16482553083036,0.0746791080649913,0.784641996627635,0.982165247265831
TECPR1,0.10134405087789,4.7503967618946,0.0746492255644036,0.784684026471382,0.982165247265831
KIZ,-0.120092124827054,4.7812351593967,0.0744552686800439,0.784957047549742,0.982165247265831
CEP89,0.104817555920656,4.63855876355823,0.0743936724859928,0.785043832617856,0.982165247265831
TGS1,-0.0876958468230866,5.71647685728969,0.0743900630847882,0.785048919228603,0.982165247265831
CHRAC1,-0.0754400964944802,6.09845830721971,0.0742484849808491,0.78524854529758,0.982165247265831
SF3A3,-0.0634175085243489,5.85203714163206,0.0742085829195993,0.785304844395728,0.982165247265831
ZNF511,-0.0701796082425648,5.88239589633214,0.074165888822602,0.785365100875234,0.982165247265831
PPP2R5E,-0.0609790750603521,6.5374242387044,0.0741488970034148,0.785389087527802,0.982165247265831
CCDC85B,-0.0367340677540219,7.63509251880637,0.0741236373298513,0.785424751027427,0.982165247265831
ZMYM2,-0.0723501209576311,6.38876290862224,0.0741143346047544,0.785437886956221,0.982165247265831
ALDH3A2,-0.150303359504159,4.5267894025982,0.0741008976581199,0.785456862182897,0.982165247265831
STARD7,-0.0595844304264422,6.02526120843941,0.0740934259749189,0.785467414254623,0.982165247265831
TACC1,0.0431087571532302,6.88670725807828,0.0740678220823838,0.785503578328195,0.982165247265831
GOPC,-0.0567485107675904,6.08197756599165,0.0739225691294978,0.785708867232608,0.982165247265831
LEMD2,0.104286767333937,5.16887375624666,0.0738700353757444,0.785783167568216,0.982165247265831
MED12,0.111804827238451,4.28586021969351,0.0737535007533836,0.78594808791849,0.982165247265831
ZNF131,-0.0641341901651925,6.38558320019309,0.0737005130953996,0.786023122571725,0.982165247265831
CIAO2A,-0.291894245470791,5.31828928322277,0.0736719773320935,0.786063543434913,0.982165247265831
ZNF544,-0.0991393670218266,4.67151888405904,0.0736099185633314,0.786151478606851,0.982165247265831
RINT1,0.152324430345833,3.955903381763,0.0735795886378732,0.786194469561165,0.982165247265831
EIF2B4,0.0862407912826495,4.86535834908863,0.0734837483236426,0.786330380342701,0.982165247265831
HEXB,0.079201794823186,5.28083706363096,0.0734129295525481,0.786430869307413,0.982165247265831
OGG1,0.0859210146094009,4.97199170860944,0.0732472110551043,0.786666220634999,0.982165247265831
YPEL2,-0.10364645417929,4.97540021287387,0.0731431457422112,0.78681415896816,0.982165247265831
CASC3,0.0605871041245001,5.89275456418422,0.0729855876497982,0.787038357264656,0.982165247265831
SLC43A3,-0.112086094024034,4.4101606261572,0.0729605285663553,0.787074039173398,0.982165247265831
FBXL4,-0.13566869502793,4.56541416238216,0.0729368126125927,0.787107814640888,0.982165247265831
LINC01089,0.0890851874314528,4.82705336766791,0.0728931620559585,0.787169995707374,0.982165247265831
MTRR,0.111777512605225,4.39439335037857,0.0728671075702785,0.787207120348858,0.982165247265831
APRT,-0.0309450752572562,8.4235556300003,0.0727827342661449,0.787327391481317,0.982165247265831
RFX5,0.0961244776593703,4.57541360117835,0.0726587547494262,0.787504255618223,0.982165247265831
RPN1,0.0706481458438793,6.08823062072015,0.0726517691127953,0.787514225858651,0.982165247265831
FAM111A,0.0647744218707111,6.30652961239321,0.0725429275680476,0.78766963626709,0.982165247265831
SMPD1,-0.0950437933912013,4.85160584544621,0.0724896940328748,0.787745691800039,0.982165247265831
NDUFAF4,-0.0968063564901164,5.39486255694384,0.0724548330215455,0.787795514468709,0.982165247265831
SYNE3,-0.0633596891282242,5.98409333103806,0.0724261419182035,0.787836528870704,0.982165247265831
PIK3R4,0.113740405122639,4.16398327338963,0.0721238184490716,0.788269235824334,0.982165247265831
NKAP,0.0621829719842422,5.89541643031197,0.0721163873760897,0.788279883939565,0.982165247265831
ZNF587,0.127917234501904,4.35034549091859,0.0720598757167466,0.788360879741691,0.982165247265831
R3HCC1L,0.105647153356184,4.96608349926062,0.0720545007896796,0.78836858517323,0.982165247265831
MED24,0.109948571499814,4.53236377453218,0.0720322012504759,0.788400556818702,0.982165247265831
TMEM30A,-0.0619864029373427,5.94762519392177,0.0719743848319787,0.788483474999325,0.982165247265831
NAXD,0.109736960307346,4.28728243061506,0.071950108935809,0.788518301238471,0.982165247265831
ACBD5,0.0661812089364514,5.92692433311811,0.0718538754695857,0.788656419924843,0.982165247265831
TMX2,0.0935053154737615,5.60418453439295,0.0717256924321248,0.788840548161084,0.982165247265831
PCK2,-0.122070496363165,4.44156650820998,0.0716864460540094,0.788896958787267,0.982165247265831
TMEM135,-0.426200512955002,3.84914617513341,0.0716427309692715,0.788959811976953,0.982165247265831
NPLOC4,0.0743260462873061,5.35034025577375,0.0715533082074487,0.789088447332028,0.98218489089397
SNHG29,0.0531735266576236,8.46221382944228,0.0714726216696136,0.78920458950027,0.982188980755162
PLA2G12A,-0.113203908636165,4.41585353987866,0.0711394631348341,0.789684891332276,0.982331516672503
SRPK2,-0.0617005883820832,6.27823756718157,0.0711350194136031,0.789691305807132,0.982331516672503
MYO18A,0.142745943552365,3.97227973233641,0.0709966627916217,0.789891129908351,0.982331516672503
UBR5,-0.0547391209145745,6.16798701105648,0.070962803413952,0.789940063693007,0.982331516672503
PDLIM7,-0.130382545325553,4.3733169844734,0.0709204150236431,0.790001341286746,0.982331516672503
SFPQ,0.0386247886750094,7.67704029076544,0.0708160986343636,0.79015222693093,0.982331516672503
PRR13,-0.029858578943833,7.77761973942016,0.0707394269138852,0.79026320257646,0.982331516672503
TAF4B,-0.147796344327011,3.79030391346512,0.0705118287321547,0.790593010952321,0.982331516672503
DDX56,0.0795536336710213,5.06757589567519,0.0704387276466427,0.790699061275308,0.982331516672503
SEPTIN7,-0.26249698666774,9.40302424793354,0.0704177715348813,0.790729473908616,0.982331516672503
ZBTB41,0.0971315000007705,4.66445276950113,0.0703235452457705,0.790866280044901,0.982331516672503
DNTTIP1,0.10517067360914,4.67872506155434,0.0703102382972851,0.790885608163876,0.982331516672503
ZNF689,-0.13255663777016,4.03404628643173,0.0703074769553211,0.790889619211915,0.982331516672503
ROCK1,-0.0394673095400071,7.95514853332479,0.0703007865535774,0.790899337851802,0.982331516672503
DHX9,-0.0479747568989466,6.51757551027661,0.0698828320723131,0.791507452800507,0.982866090180177
BUB3,0.0446706652751161,7.48129226965637,0.0698497945967347,0.791555604512566,0.982866090180177
CCDC22,0.0907624468402199,4.72663120571114,0.0697574400032757,0.791690274854964,0.982893075900535
DENND4C,0.0778092012225025,5.28742245156757,0.0695884040410242,0.791937008266985,0.98305916173835
GOLGA5,-0.0992360733796618,4.71422141823736,0.0694324613927542,0.792164914418702,0.98312829990338
HPCAL1,0.0812280222997913,5.55284000870141,0.0693576128140805,0.792274400898644,0.98312829990338
PIGP,-0.0861200470528202,5.26349783525888,0.0693185282957849,0.792331597784937,0.98312829990338
EEA1,-0.0922403441927468,5.92446424836103,0.0690685868949927,0.79269777425223,0.983411366651758
SLC4A1AP,0.074128870515973,5.31580666039658,0.068870373784975,0.79298867011848,0.983411366651758
FKBP4,0.0842245833090965,5.08324488407449,0.0687371090709199,0.793184499891606,0.983411366651758
TEDC1,0.105228678333992,4.40647051271244,0.0686129277443293,0.793367164505932,0.983411366651758
ZRSR2,-0.0525505567952307,6.23345889655078,0.0685816245280062,0.793413237866057,0.983411366651758
PWP1,0.0726382360570478,5.84650236576199,0.0685576446356908,0.793448540057972,0.983411366651758
GOLGA7B,0.127411351913114,3.74435117723999,0.0685550265518273,0.793452394690683,0.983411366651758
VPS4B,0.0519758245172055,7.10624087233052,0.0685450298472645,0.793467113668648,0.983411366651758
DNAJC13,0.07862246837543,5.20054171193961,0.0684706258470236,0.793576700907193,0.983411366651758
BARD1,0.112607852617138,5.08934147442267,0.0682411117771338,0.793915146098653,0.983529667824589
GANC,-0.135477564482178,3.90034895131054,0.0681531122169012,0.794045072911385,0.983529667824589
SNHG21,0.130042200238754,4.01342206748314,0.067988243547962,0.79428873439442,0.983529667824589
SUCLG2,-0.0792426012836085,5.50403485447528,0.0679548927487943,0.794338062317613,0.983529667824589
GCH1,-0.101725481641222,5.11495487347607,0.067933844873032,0.79436920009951,0.983529667824589
YIPF4,0.0565886863971544,6.72811255984709,0.0678871214325127,0.794438340183578,0.983529667824589
SRPRA,0.0511885372365412,6.74898717967983,0.0678509035432384,0.794491951919866,0.983529667824589
AP5M1,0.0803282142891228,5.16118246291415,0.0677621005577684,0.794623467738155,0.983529667824589
NOP14,0.0758013783626848,5.42094041144758,0.0677176996062183,0.794689259352236,0.983529667824589
CFAP20,0.101719191139717,5.27624624080641,0.0674762147755459,0.79504748612102,0.983631056741533
PARP4,-0.0557703039249194,5.95367543440807,0.0674001974866556,0.79516039430843,0.983631056741533
GLIPR2,0.0491154453683208,7.2470016772901,0.0673706078618253,0.795204362039944,0.983631056741533
THOC6,-0.103443987530511,4.85112743107134,0.0673578854965804,0.795223269589041,0.983631056741533
FXN,0.102326760774063,4.47639097060277,0.0672331440865506,0.795408757097755,0.983720678275084
MFGE8,0.120370632657583,3.96524155850377,0.0669809489330575,0.795784327042368,0.983921066076503
ZNF84,0.0950468922615236,4.65898153974484,0.066876235548893,0.795940488225895,0.983921066076503
LMBR1L,0.0861720826374056,4.8876326837477,0.0668701620496641,0.795949549758703,0.983921066076503
ALG1,0.109928183594541,4.07084451473294,0.0668209384215057,0.796023006577578,0.983921066076503
TLNRD1,0.0839925181265721,5.17931563944919,0.0666059618739592,0.796344156598749,0.984011046696365
TRDMT1,-0.084661936908164,4.92668393285978,0.0665578482689071,0.796416108419209,0.984011046696365
PPP4R2,-0.0561288134448516,6.51141156927633,0.0665452180844817,0.796435000911087,0.984011046696365
WDR74,0.0812822346945579,5.54430489340398,0.066346671373541,0.796732242856982,0.9841638746717
PSMC3,-0.0485918595595597,6.33537509898257,0.0662502408694401,0.796876778945828,0.9841638746717
GOSR2,0.0700237395780352,5.36318642595673,0.0661746390907325,0.796990174088805,0.9841638746717
LRRC8A,-0.111007317688662,4.42043751770851,0.0661607396512096,0.797011029379081,0.9841638746717
USP9X,0.053771623995106,6.11061812667078,0.0660844340253952,0.797125563104754,0.984165665442003
CMSS1,-0.0762917987023768,5.0238161748921,0.0659551738966133,0.797319741796611,0.984249827324918
FBL,-0.0430912857735976,6.57481279404373,0.065873550858683,0.797442463024725,0.984249827324918
PIP4K2A,0.0467866419349689,7.50755324636273,0.0657702539427589,0.797597887423612,0.984249827324918
ZFAND1,0.0654421440862945,5.51167929097861,0.0657382270237079,0.797646102737292,0.984249827324918
RAB7A,-0.056256974131333,6.83541876545418,0.0655985185831973,0.797856575034602,0.984281371271411
MED11,-0.0705782347498993,5.48583530206884,0.065560903833763,0.797913282866121,0.984281371271411
RPGR,-0.0946045281042726,5.44175303347081,0.0653414201985108,0.798244521626031,0.984281371271411
LCP1,-0.0211449542183979,9.57127320410203,0.0651693749807336,0.798504582202047,0.984281371271411
APPL2,-0.108890318325065,4.72528700456403,0.0651260171545047,0.798570178812571,0.984281371271411
THOC5,-0.0935755533558218,4.7198693681636,0.0650695008044053,0.798655718048275,0.984281371271411
TSN,0.0666421329947675,5.54486738999458,0.0649020668714559,0.798909366942995,0.984281371271411
WDR20,-0.0840965693299079,5.15633842726639,0.0648413274605026,0.799001468360431,0.984281371271411
SLC39A10,0.0755967815880379,7.32940017218345,0.0648398133908543,0.799003764786958,0.984281371271411
PCED1B-AS1,0.0235131278556481,8.89016317257403,0.0647436790575213,0.799149632584157,0.984281371271411
TMEM156,-0.086564235860027,5.34392090452899,0.0647097729959967,0.799201106874197,0.984281371271411
BMPR2,-0.0792378976988695,4.99531978341052,0.0645448254666619,0.799451726068638,0.984281371271411
ALAD,0.134229314717902,4.08923342341443,0.0645044599480222,0.799513108834843,0.984281371271411
SLC30A6,0.11091371634159,4.23370611043509,0.0643409766903567,0.79976192277102,0.984281371271411
PLBD2,-0.116521349180528,4.00262160261687,0.0643272668666004,0.799782803770033,0.984281371271411
TGFBR2,-0.0536837030196346,6.99489350612045,0.0641808795984211,0.800005909394494,0.984281371271411
GATAD1,-0.0650400111405021,5.95542175542393,0.0639879336297398,0.800300388148987,0.984281371271411
TADA2B,-0.0862061032654827,5.03150465753159,0.063892254777592,0.800446590717714,0.984281371271411
PELI1,-0.0955518534460679,4.38951313933591,0.0638520735027957,0.800508024648298,0.984281371271411
KLRC1,0.104663522058889,8.32371414044163,0.0634375587243774,0.801142988309214,0.984281371271411
TMEM214,-0.0974910691588092,4.57032966660991,0.0634060082639856,0.801191408297453,0.984281371271411
DCP2,0.0451139505715385,6.57443697132135,0.0632482133027708,0.801433766174823,0.984281371271411
WDR82,0.0403271289525557,6.88339939740402,0.063206599726243,0.801497734175106,0.984281371271411
BCL9L,-0.075286139335729,5.84740800697447,0.0630894000952331,0.801678012761979,0.984281371271411
NCAPH2,0.0827353749390633,4.94432885197704,0.0630205295316202,0.801784033754201,0.984281371271411
NGLY1,-0.0584920237027024,5.80999223375794,0.0629534571138919,0.801887345845432,0.984281371271411
LDHB,0.0393354752144458,8.1667186162633,0.0628814069083639,0.801998390451399,0.984281371271411
PPP2R2D,-0.0886852453104455,5.60301143142532,0.0627758940972854,0.802161130096864,0.984281371271411
JAKMIP1,-0.0868993746776713,5.35763545176856,0.0625779190031039,0.802466873342273,0.984281371271411
MBP,0.0383079187196031,8.21986256071628,0.0625160505992248,0.802562525307476,0.984281371271411
IFFO2,-0.0944294019707246,4.6726923561347,0.0624972739865743,0.802591564932912,0.984281371271411
OAZ2,0.0788504965036152,4.81682545993556,0.0624540543254355,0.80265842542539,0.984281371271411
CNNM3,-0.102254596013368,4.62706109305866,0.0623573013977108,0.802808190636205,0.984281371271411
ANKRD13D,0.0453894158795484,6.62871501079816,0.0622429034682899,0.80298542813057,0.984281371271411
FAF1,0.0855323030062598,5.21105148783039,0.0622064841088683,0.80304188919596,0.984281371271411
SPAG7,0.0505037640620462,6.42914908021581,0.0621981700017855,0.803054781047628,0.984281371271411
DNPH1,0.0719274786264081,6.0173601858153,0.0620613305896534,0.803267095826784,0.984281371271411
RETREG1,-0.0676941450296389,5.3951163580308,0.0620274066620237,0.803319769335637,0.984281371271411
CAPRIN2,0.0826208619299808,4.85928790415833,0.0620257107553002,0.803322402962773,0.984281371271411
HDAC8,-0.109857385020261,4.89072368622771,0.0620217754909795,0.803328514306389,0.984281371271411
DCTN1,-0.0660653286345129,5.49840596940989,0.0620071009840579,0.803351305176861,0.984281371271411
KLF11,0.121697675430629,4.24990171312706,0.0619922995980353,0.803374296003833,0.984281371271411
NSF,0.0941447719194286,4.98258075516744,0.0617937957272119,0.803682911943149,0.984281371271411
ELF2,0.0483510380403855,6.42063775514396,0.0617400904070919,0.80376649857217,0.984281371271411
SETD2,0.0654995901622446,6.55810444128209,0.0616900712172246,0.803844382853709,0.984281371271411
EIF1,-0.0307509636351833,11.5088574330873,0.0616829200936309,0.803855520521202,0.984281371271411
TMEM161B,0.0696058410316451,5.36188121093864,0.0616504327389649,0.803906127265619,0.984281371271411
RAB37,0.0646941633898677,5.46668263325158,0.061613458581844,0.803963740493402,0.984281371271411
ILK,0.0658557109732716,6.06950644799483,0.0615640583198349,0.804040744757284,0.984281371271411
SRFBP1,0.0666407398858254,5.48178092409005,0.0612860653343077,0.804474688179237,0.984281371271411
ATP5ME,-0.0312960128852579,8.56426591395901,0.0612582279077323,0.804518199526204,0.984281371271411
PIGS,0.0941237360949801,5.05756621211645,0.061241111243195,0.804544958973207,0.984281371271411
ARPC2,0.0214308635024029,9.56673283915012,0.0612206960968358,0.804576880312835,0.984281371271411
CHUK,-0.106207571740552,4.38679401089536,0.0610552027195475,0.804835856252283,0.984281371271411
GLRX,-0.0556598447726428,6.69942675810059,0.0610344159581082,0.804868411186086,0.984281371271411
CMTM7,0.0526590059350671,6.11237678206639,0.0609492011739956,0.805001930804588,0.984281371271411
APOBEC3G,0.0506654457776225,8.46659767435394,0.0607612446719443,0.805296782807418,0.984281371271411
PDXK,0.0737924259444697,5.53283515429085,0.0606617115454515,0.805453118814909,0.984281371271411
SNHG9,0.0612242626309134,6.30886839868246,0.0606612435404301,0.805453854228436,0.984281371271411
TMEM273,-0.101622575076803,4.96556609419235,0.0606016458497827,0.805547529422585,0.984281371271411
SHISAL2A,0.0908877820671013,4.85998733686019,0.0603696044702637,0.805912716447877,0.984281371271411
TRAK2,0.0741360957356435,5.2211918515674,0.0603283832285513,0.805977668295259,0.984281371271411
RASA2,-0.0528399810645047,6.4565218475304,0.0603277461835852,0.805978672264447,0.984281371271411
TMEM38B,0.117069199535802,4.14001759037694,0.0602802647321177,0.806053517840097,0.984281371271411
CLN3,0.0845631307332273,5.31139679749183,0.0602782767289938,0.806056652234595,0.984281371271411
MLLT10,0.0839649893364626,5.66980101470725,0.0602107783738681,0.806163106370416,0.984281371271411
PLCL2,0.0760819391038916,5.15269788888738,0.0601571518662496,0.806247727810396,0.984281371271411
NIT1,-0.0954171966861072,4.67234724065325,0.0600475672383816,0.806420774353237,0.984281371271411
PLEKHA2,0.0698049830545826,6.49307682070425,0.0599886285984823,0.806513914369799,0.984281371271411
PFN1,-0.0219275990129566,10.5161183421473,0.059928277028817,0.806609337493395,0.984281371271411
HTT,0.0739666766109258,5.47350678128987,0.0599088882155883,0.806640004357858,0.984281371271411
ZNF683,-0.0717413429831659,8.19018851677653,0.0599065704009902,0.806643670746781,0.984281371271411
OSBPL3,0.0766270921490699,5.14720323453399,0.0598170235278985,0.806785376284961,0.984281371271411
RPRD1A,-0.0734642722775415,5.18814724806044,0.0597101979301691,0.806954572064297,0.984281371271411
ATP5MC3,0.0321551106150647,8.10264322061144,0.0596751848502031,0.8070100624448,0.984281371271411
ZNF451,0.0559408885673582,6.21838528079788,0.0595811981102727,0.807159102420356,0.984281371271411
RNF6,0.0682383597610666,5.44414886533454,0.0595782306231705,0.807163810156642,0.984281371271411
PRDX5,-0.0305024195054886,7.78494133887566,0.0595058133088067,0.807278734313532,0.984281371271411
CYCS,0.0475186908845443,7.70249897636747,0.0593953348343064,0.80745420324401,0.984281371271411
ZSCAN29,0.104021567100377,4.11338163737047,0.0593415823821957,0.807539638824511,0.984281371271411
CALU,-0.0635941829687604,5.58071804391239,0.0592558411440312,0.8076760031175,0.984281371271411
EML2,-0.0967781260466522,5.31533914537182,0.0592116109535148,0.80774638840961,0.984281371271411
POLR3GL,0.03737848409293,7.08644329525804,0.0592105707760062,0.807748044021241,0.984281371271411
PPP2R5B,0.140269075891276,3.89977105657074,0.0591850657685988,0.807788644207779,0.984281371271411
STAMBP,-0.0668828138856247,5.54112854568265,0.0591504422201368,0.807843774588235,0.984281371271411
GUSB,0.0594883967332558,5.55402168585902,0.0591356310914755,0.807867363269623,0.984281371271411
DCK,0.0500184591039977,6.28008852588881,0.0590689339916821,0.807973626009397,0.984281371271411
HINFP,-0.156279446989289,4.54017344566428,0.0590294716971478,0.808036527800909,0.984281371271411
PISD,0.0955962356476518,4.48249170628777,0.0590017730850576,0.808080691912821,0.984281371271411
EIF4A1,0.0363810540721172,8.3150125941307,0.0589938927333655,0.808093258762485,0.984281371271411
INTS2,-0.0929012634101395,4.37756352365709,0.0588943015118382,0.80825215421106,0.984281371271411
DPH2,0.134569415741328,3.8852982158887,0.0588418877576284,0.80833583626106,0.984281371271411
GMPS,0.0805851841513333,5.63181290719527,0.0588387909946206,0.808340781683949,0.984281371271411
RPL14,0.0230836573584936,11.4400247932586,0.0587674410476566,0.808454763254468,0.984281371271411
DNASE1L1,-0.202183317507314,3.75453024373891,0.0587621737683293,0.808463180638494,0.984281371271411
DEK,-0.0352996867139041,8.94315306159024,0.058661713085634,0.808623798510478,0.984281371271411
TIMM17A,-0.0663597038406344,5.59638031635356,0.058622594146108,0.808686381774159,0.984281371271411
TMEM70,-0.0751437093484347,5.37487115647842,0.058524437175997,0.808843512648276,0.984281371271411
BBS7,0.100580349689678,4.44532847836151,0.0585089929979077,0.808868248573265,0.984281371271411
HIF1A,-0.0456909811684825,6.74931334060935,0.0582811443650471,0.809233581059943,0.984356383906351
FAR2,0.162860875007736,4.09601824797869,0.0582489022832533,0.809285339013214,0.984356383906351
TNFAIP8,-0.0375731493101171,7.7493934141685,0.0582092126019056,0.809349073357971,0.984356383906351
SYNJ2,0.0977798241039881,4.29496173506229,0.0581885178101622,0.809382314516127,0.984356383906351
MED23,-0.077440462864822,5.30044695293082,0.0581138432224115,0.809502313145776,0.984364766146107
CIZ1,0.0696528155208135,5.10199111720207,0.05790997883601,0.809830329798068,0.98456707760921
TPGS2,-0.0860656901010211,5.64362928472611,0.0578164354167576,0.809981045068368,0.98456707760921
OAS2,0.0665587514800609,5.99974152245278,0.0577996674664298,0.81000807488015,0.98456707760921
CTSC,0.0272219731693173,8.47481926890899,0.0576725232375726,0.810213165523664,0.984569489364354
CEP170,-0.0899136913951829,4.82851755513294,0.057526297850842,0.810449330973834,0.984569489364354
MRNIP,-0.0683021205669126,5.29842659556735,0.0574814429173038,0.810521838810349,0.984569489364354
GMIP,0.0981354427475499,4.98617777078211,0.0573670456577098,0.810706897116324,0.984569489364354
PRUNE1,-0.136413933738194,3.80885929857231,0.0573403631887093,0.810750088900746,0.984569489364354
MRPS18A,0.0951257004409908,5.04265361720771,0.057143386511509,0.81106927075971,0.984569489364354
DHRS4-AS1,0.133260986035828,4.19456926364541,0.056924272419888,0.811425008201507,0.984569489364354
MAD2L2,-0.0613268314777704,5.93833787941523,0.056919032805844,0.811433523703078,0.984569489364354
COG2,0.0729647494915782,5.36037825222904,0.0568095456698501,0.811611558741441,0.984569489364354
ZFP64,0.127458033013109,3.73212937380628,0.0566353936560091,0.811895118113579,0.984569489364354
ESYT2,-0.0567352077147814,5.99000798286471,0.0566327156599371,0.811899482098537,0.984569489364354
PTP4A2,0.0276528220925624,8.52337873375088,0.0566172447836806,0.811924695125568,0.984569489364354
ATG3,0.0440304393675996,6.41415036761239,0.0565912825051953,0.811967014266266,0.984569489364354
ARF3,-0.0560549956864162,5.72169159746495,0.0565658237553386,0.812008522604537,0.984569489364354
THOC1,0.0731775322011487,5.55881489374614,0.0565319661424297,0.812063739871694,0.984569489364354
ANGEL2,0.0656747273794407,5.50294305564726,0.0564889953836563,0.812133844630657,0.984569489364354
HACE1,0.112954823923682,3.85935138849135,0.0564838162833414,0.812142295989668,0.984569489364354
OARD1,0.049014713660616,6.17379627361773,0.0564538008288338,0.812191283868566,0.984569489364354
PDCD6IP,0.0475960885863779,6.67007027331075,0.0564172893212351,0.812250892431611,0.984569489364354
TRMT2A,-0.0845971823114966,4.74490722639699,0.0564039611881011,0.812272656973005,0.984569489364354
UBE2J2,-0.0788334653318079,5.95630332891097,0.0562919148006351,0.812455733711591,0.984654261313463
KLHDC7B,-0.179001970125311,4.17322635868283,0.0560732568150435,0.812813562161194,0.984698159964562
GPANK1,0.080675733323419,5.18673142000591,0.0559698436880538,0.812983051856093,0.984698159964562
SC5D,0.0805697201824255,4.93169580150923,0.0558067250269794,0.813250732801877,0.984698159964562
RANBP6,-0.0728637243710201,4.85329949866995,0.0557683364058175,0.813313789308681,0.984698159964562
PAQR3,-0.156302395758767,3.86802956179524,0.0557427093367657,0.813355896658025,0.984698159964562
MRPL49,-0.0721665683752312,5.27583584442868,0.0557403264568563,0.81335981244186,0.984698159964562
RNF125,-0.044718479212095,6.83906812877211,0.0556649577278279,0.81348371141604,0.984698159964562
ILKAP,0.0648868482353768,5.74854988074663,0.0556571167070885,0.81349660638736,0.984698159964562
PIGA,0.122349888177326,3.76313058309621,0.0556488165975253,0.813510257399196,0.984698159964562
YIPF6,0.0778828087574369,5.05893623243413,0.0552377568883244,0.814187667877606,0.984789910582513
FAM234A,0.112211945372245,3.97043914205001,0.0552137809653317,0.814227261240864,0.984789910582513
DHRS12,0.101474022454639,4.54673811672618,0.0551097920375021,0.814399091571227,0.984789910582513
PARP12,0.10764085604599,5.24743207231596,0.0550831371359841,0.814443163417052,0.984789910582513
PPP1R21,0.0740585173186132,5.02530798794246,0.0550764281064531,0.814454258057643,0.984789910582513
ZKSCAN8,-0.110262764762211,4.25381726630649,0.0549537919583187,0.814657185725767,0.984789910582513
BTBD2,-0.105696449872647,4.75962064813957,0.0548117840362501,0.814892466805346,0.984789910582513
DOHH,0.098284772902389,4.64304040131915,0.0546048205626093,0.815235943754167,0.984789910582513
CD3D,0.0354406076028021,10.0616480400116,0.0545147776225967,0.815385593464285,0.984789910582513
FNTA,0.0466648485372172,6.48119286290661,0.0544933787755149,0.815421177117533,0.984789910582513
NINJ1,0.133172239960339,4.98353158815482,0.0544795299271819,0.815444209977584,0.984789910582513
ENTPD4,-0.0633413196847931,5.3558607838377,0.0544216852248951,0.815540448402751,0.984789910582513
SDHD,0.0716542093105384,6.28559543482922,0.054235957159996,0.815849816317168,0.984789910582513
TMEM9B,0.0476787566400125,6.42309993841207,0.0542322482525854,0.815855999940714,0.984789910582513
MON2,0.0760803036735763,5.68034066821498,0.0542290728917614,0.815861294193364,0.984789910582513
PCNX2,0.0589184996309181,5.53294879250358,0.0541854080940318,0.815934112726338,0.984789910582513
C6orf89,-0.0550654479682717,5.911701089287,0.0541536744652476,0.815987053399885,0.984789910582513
EMSY,-0.0657652206218165,5.23554411541593,0.0540211587501993,0.816208304012589,0.984789910582513
RALB,-0.0830270808159744,4.9667437767501,0.0539685696114169,0.816296187053437,0.984789910582513
FBRSL1,-0.0798280059836931,5.10942516696363,0.0539320761647097,0.816357198703071,0.984789910582513
MAPK14,-0.0662227294570661,5.37105465994524,0.0538970707368414,0.816415743051173,0.984789910582513
TBK1,0.094369685166958,5.39925968059839,0.0538845213291701,0.816436736014992,0.984789910582513
SLC9B2,-0.122614557393597,4.08511518752905,0.0536181690145554,0.816882905908283,0.984789910582513
CUTA,-0.0333534472706741,7.85126343332937,0.0535279442082395,0.817034307210245,0.984789910582513
PPP1R15B,-0.0523805320259032,6.15577879996118,0.05352260100927,0.817043277554359,0.984789910582513
DOCK5,0.10291624740493,4.81657437779924,0.053503245061691,0.817075776927503,0.984789910582513
HCFC1R1,0.0761881164604901,5.23127819092043,0.0534862664852618,0.817104289703227,0.984789910582513
CDKN2AIPNL,-0.0830145990584572,4.74463454849511,0.0534697120429541,0.817132094805007,0.984789910582513
JARID2,-0.0645259564105146,5.84086138052373,0.0533464482141639,0.817339273404891,0.984789910582513
RAB8B,0.0451331606504465,7.33594407755631,0.0532537870159366,0.817495181965866,0.984789910582513
METRNL,0.0677074314035233,6.23542152746128,0.0531825692736305,0.817615107624098,0.984789910582513
KLF12,-0.0546261051080895,5.82952140460905,0.0531406137014425,0.817685797438774,0.984789910582513
DCUN1D5,0.0564489356044631,5.6221455617916,0.0531118523291294,0.817734273681085,0.984789910582513
YY1AP1,-0.0669319127940461,5.2888943048603,0.0530732236276865,0.817799402700718,0.984789910582513
MAP3K3,0.0740648508547831,5.40091414399055,0.0528844958493373,0.818117962196464,0.984789910582513
TUSC2,-0.0621048633144352,5.87415585381148,0.0528367433080561,0.818198660035234,0.984789910582513
WDR48,-0.0949267250943563,5.222844741925,0.0528115553348059,0.818241241090307,0.984789910582513
TTLL1,-0.190335853879503,3.82507441362714,0.0527832318320449,0.818289135627521,0.984789910582513
OAS3,-0.0807124023702118,4.85352964512685,0.052782723835243,0.81828999476452,0.984789910582513
C1orf35,0.0488627942986533,6.05395419369929,0.0527199755054468,0.818396149814289,0.984789910582513
SPN,0.0513715180889744,7.23959737767238,0.0526995823469072,0.818430664441186,0.984789910582513
SPRED2,0.0911774716974454,3.66454752993354,0.0526260585751608,0.818555158959082,0.984789910582513
EDF1,0.034147865658682,8.59670767892206,0.0525899630157305,0.818616311460289,0.984789910582513
ZNF708,0.0681007705081249,5.10865771319499,0.0525610428257544,0.818665323510338,0.984789910582513
PET100,-0.0323371419902084,8.08245878968036,0.0525285282039825,0.818720444119769,0.984789910582513
EIF4E2,0.0494692119926374,6.19238209459445,0.0524696033637184,0.818820382586583,0.984789910582513
GCFC2,0.0866594288298498,4.38948142590837,0.052319745371884,0.819074813078513,0.984789910582513
TPD52L2,-0.0883229392296902,5.03223544298596,0.0521889924789498,0.819297120143393,0.984789910582513
TBCK,0.13449905209046,4.11801694683736,0.0521447632123646,0.819372385391503,0.984789910582513
DENR,0.0420498558471051,6.76678132375059,0.0520052473063544,0.819610020872758,0.984789910582513
TTC31,-0.107484163206229,4.72560939598607,0.0519393622835231,0.819722358477135,0.984789910582513
NOL7,-0.0301133722943652,7.56291518062514,0.051897325887829,0.8197940720244,0.984789910582513
CCDC159,0.112739120118612,4.467356086895,0.0518580034211347,0.819861183305105,0.984789910582513
EPS8,-0.106262511773821,4.21232881176394,0.0516010957793576,0.820300305266421,0.984789910582513
FASTKD5,0.153333918931191,4.20362086690279,0.0515038483809356,0.820466826217517,0.984789910582513
OTUD5,0.0611512731136416,5.88075617653003,0.0514866404719072,0.820496309277541,0.984789910582513
SP100,-0.0353996709545282,8.40171173150986,0.0513797175702351,0.820679621155056,0.984789910582513
ARL1,-0.0570001319473845,5.56279073346947,0.0513449645126283,0.82073924603214,0.984789910582513
ERP44,-0.0555392094396737,6.36640520516578,0.0513371933562183,0.820752581696213,0.984789910582513
EDEM1,-0.0522742105106606,5.87729925736913,0.051278626350129,0.820853119541967,0.984789910582513
TMEM234,0.123293764570711,3.88428762365946,0.051243488992494,0.820913466334605,0.984789910582513
SRP9,-0.0295128992468649,7.46159054365884,0.0511330703735222,0.821103246919779,0.984789910582513
XKR6,0.13431789316211,3.73581439216179,0.0511171959663628,0.82113054855594,0.984789910582513
POLR2G,0.0353632290378079,6.80611803013142,0.0510993478008803,0.821161250086935,0.984789910582513
MXD4,0.0524040032950917,7.04324369597845,0.0510715069598966,0.821209151777907,0.984789910582513
ETHE1,-0.0598703464422558,6.03549735321515,0.0510575188326179,0.821233224296308,0.984789910582513
UBLCP1,0.0571803981347622,5.76705833325627,0.0510154416720852,0.821305656835764,0.984789910582513
WDR11,-0.0534030681934878,5.6194528929258,0.050854225517913,0.821583468808829,0.984789910582513
DNAJC18,0.140763617195574,3.62698806357256,0.0508017018074281,0.821674078984451,0.984789910582513
COX6C,0.0239119822265501,8.90490997143249,0.0507804787893846,0.821710705389896,0.984789910582513
NUP205,0.0908983571321063,4.2871188275592,0.0507505338327832,0.821762397684179,0.984789910582513
MRPL32,0.0665643324388736,5.85846042893198,0.0507314267239529,0.821795389586258,0.984789910582513
STAT6,0.0560206254394048,5.52643232706063,0.0506291418320188,0.821972114186781,0.984789910582513
CHD7,-0.112670155337123,5.04516908775533,0.0505671807605879,0.822079259798124,0.984789910582513
STK17B,-0.0289900421714669,9.26874972176141,0.0505218926360165,0.82215761750119,0.984789910582513
TNFRSF14-AS1,0.0906349589425905,4.30329540101862,0.0504487195684593,0.822284299852438,0.984789910582513
JMJD1C,-0.0387819390883755,7.08944350025997,0.0503720135696746,0.822417202314905,0.984789910582513
RPAP2,0.0543038434245692,6.21948247882618,0.0502937383183912,0.822552933315945,0.984789910582513
AP1G2,0.060621640787007,5.38964969686439,0.050245928244852,0.822635891609901,0.984789910582513
ARL6IP4,0.0261998278693847,8.13238467621395,0.0502444396498039,0.82263847523094,0.984789910582513
POMGNT1,0.071246558755804,4.90042993286485,0.0501132738890533,0.822866285901628,0.984872254293491
PRDX1,-0.0391649118081262,7.80119945689841,0.0500604887250127,0.822958052309823,0.984872254293491
PSIP1,-0.0294695887181639,7.54143705426314,0.0500094938260745,0.823046754622149,0.984872254293491
MRPL30,-0.0908362691299378,4.4406810686746,0.0498001922744784,0.823411319406059,0.985118933702227
ZNF230,-0.166997366587628,3.87022205275214,0.0497509297830021,0.823497242467921,0.985118933702227
CGRRF1,-0.0844404204878246,4.97887075504292,0.0496689515650015,0.823640326964129,0.985118933702227
ZNF714,-0.0879048112281332,4.13961989924313,0.0495478311472155,0.823851957149386,0.985118933702227
ODF2,-0.0906201797730214,4.89170827885796,0.0494963669042896,0.823941961304627,0.985118933702227
DDX19A,0.0677567307628395,5.08242790346607,0.0493900876813243,0.824127985157655,0.985118933702227
GALNT3,-0.127348317676815,4.51374098695541,0.0493332681026359,0.82422752441233,0.985118933702227
TMEM179B,0.0475461887167118,6.39078733816969,0.0492975385123309,0.824290148024041,0.985118933702227
RAB18,-0.0530863938475763,6.26949668425265,0.0492696401403769,0.824339062338371,0.985118933702227
PPP2R2B,0.0588344297785191,5.82395156235163,0.0491735026034554,0.824507732027684,0.985118933702227
TMEM127,0.0683799169102699,5.00596120506039,0.0491510499103711,0.824547149345089,0.985118933702227
BST2,0.0464154199234577,7.74968874196131,0.0491145668084201,0.824611218203002,0.985118933702227
PUS7L,0.0637803830707946,5.89928177274874,0.0489700740365251,0.824865210999792,0.985287116570298
XPR1,0.0898283308375232,4.42078313591945,0.0487072751599804,0.825328174612178,0.985704831020967
C6orf226,0.0624668105834062,5.14589029462495,0.0484915671869075,0.825709159510647,0.985990770185625
YLPM1,0.0779400315423609,5.41981229453642,0.0484434999564698,0.825794177166842,0.985990770185625
UTP6,-0.0790455178859669,5.44776101200576,0.048295379720976,0.826056439410201,0.986079090020819
COX11,0.0545496795102899,5.79911808618301,0.0482737602618961,0.826094754147051,0.986079090020819
ADCY7,0.0472924265093718,5.80235348385037,0.0481215355613749,0.826364786888369,0.986109839028106
ZNF592,-0.0806099844651392,4.78688283467827,0.048090180576871,0.826420463349749,0.986109839028106
EED,0.0555849536487981,5.59717492531321,0.0480676765784125,0.826460435007584,0.986109839028106
PIP5K1A,-0.101850788604379,4.71323259792644,0.0479646187953691,0.826643611903489,0.986193194571085
ZNF761,-0.105658915800313,3.731408004021,0.0477857853937422,0.826961963931372,0.986200109582062
DIMT1,0.0839488584208199,5.0180873603455,0.04773475406218,0.827052922284006,0.986200109582062
AFTPH,0.0496762086148186,5.78420668836594,0.0475912867421666,0.827308911992069,0.986200109582062
YEATS4,0.0802741710090331,5.04633526418447,0.0475717608912376,0.827343783334591,0.986200109582062
ETAA1,0.108473388922814,4.41664224286028,0.0475454792933974,0.827390731647432,0.986200109582062
CAPZB,-0.0260713887498336,7.96139413121632,0.0475164922639166,0.827442528592955,0.986200109582062
ARHGEF1,-0.03968066384999,7.50691520600452,0.0475164360835052,0.827442628997842,0.986200109582062
KIN,0.0674406358810913,5.9683126973353,0.0472734016713226,0.827877560272468,0.986334046858463
ITGA1,-0.0759716515582886,8.0460235601413,0.0472701397682798,0.827883405686044,0.986334046858463
MISP3,-0.129595543235059,3.66431150974901,0.0472541092939647,0.827912135775616,0.986334046858463
FBXL8,-0.135134142901918,4.22756230582433,0.0471311141780113,0.828132739721066,0.986334046858463
CMTM8,0.102984325792501,4.14227857447036,0.047115516185773,0.8281607377947,0.986334046858463
ERN1,-0.0644501519695793,6.47082770669754,0.0470118222571117,0.828346989743395,0.986334046858463
TMEM216,0.0681225020403737,5.07913430289323,0.0469564416373274,0.828446550873756,0.986334046858463
COPB1,-0.0443345566040602,6.87689442586876,0.0469480366621724,0.828461666383473,0.986334046858463
OXR1,0.0846467578853508,5.17145685306285,0.0467593938010857,0.828801295171748,0.986490255377386
CHMP4B,0.0439662052081744,6.10091646340366,0.0467315779837154,0.828851434834045,0.986490255377386
RCE1,0.0765510352870983,4.74348784454298,0.0466863889837512,0.828932924000324,0.986490255377386
EEF2KMT,-0.108304344870794,4.2053783145468,0.0465978329229326,0.829092736631409,0.986508956296845
ZYX,0.0395217400180738,6.71556751669561,0.0465520928907672,0.829175343595476,0.986508956296845
PPP1R12B,0.0911726715829971,4.75207942839416,0.046488072571595,0.829291036301838,0.986511739876284
LAMTOR4,-0.0231608780937752,7.8240105120352,0.0464194377124718,0.829415160691213,0.986524551523251
MED19,-0.0696218289837267,5.78868883171795,0.0460604715340018,0.830065911719376,0.98705558046509
SPECC1L,-0.0839311317905696,4.51387046946927,0.0459316374933501,0.830300114796684,0.98705558046509
HOOK3,-0.0459405248339379,6.34236538857565,0.0458982694695429,0.830360829402552,0.98705558046509
FERMT3,0.0380363017784399,7.01635193692606,0.0458699714028086,0.830412337086466,0.98705558046509
SSU72,0.0300666228983194,7.47988319660691,0.0458609846148459,0.830428698169067,0.98705558046509
RFX3,-0.0851484254153037,4.5585286355351,0.0457361832395229,0.83065608142449,0.987191025076791
SEC24B,-0.076540636087051,4.71463546154479,0.045637951969546,0.830835283248842,0.987192954177797
TIGD7,0.11648723992599,3.66387659934574,0.0455883320304764,0.830925880818286,0.987192954177797
SCAPER,0.0562167734489827,5.46074254567852,0.0455264161295137,0.831039001050701,0.987192954177797
ZNF672,0.080923593262817,4.58696466648958,0.0454059297544021,0.831259360180629,0.987192954177797
IP6K2,-0.0625281898473757,5.81941253468239,0.045363821597455,0.831336444410043,0.987192954177797
ADK,0.060878199292725,5.19486012322552,0.045253830510676,0.831537973410071,0.987192954177797
GRAMD1B,-0.0771787482746668,4.9726006067909,0.0452189444789575,0.831601946117467,0.987192954177797
HERC1,0.044568290712663,6.80061676897288,0.0451673210450174,0.831696658592612,0.987192954177797
GALE,-0.131368165129349,3.92093087905094,0.0450346765484237,0.831940278506497,0.987192954177797
GMPPA,0.0848853211171536,4.48583196917658,0.0449881697285015,0.832025783454307,0.987192954177797
NPRL3,0.0658878961108925,4.95225034768089,0.0449804403320861,0.832039998783528,0.987192954177797
TFEB,0.0896666044060095,4.25556235298958,0.044898908656986,0.832190023560387,0.987192954177797
NFKBIA,-0.0832259111848435,7.79017247122587,0.0448817417973046,0.83222163008461,0.987192954177797
PI4KA,0.0646124837668559,5.3191464547896,0.0448126537789761,0.832348894425801,0.987192954177797
CD55,-0.0742928647919914,5.9400731764748,0.0447279803516807,0.832505007910828,0.987192954177797
LRRC14,-0.0858371466483392,4.50080213415795,0.0446656426541558,0.832620039412525,0.987192954177797
TPMT,0.0674904680987899,5.08365596890795,0.0446492028887739,0.83265038961683,0.987192954177797
UROS,0.0645924611599271,5.26475509858812,0.044553020708328,0.832828073034208,0.987192954177797
TMEM11,-0.0876966303648848,5.10833909726607,0.0445368899594634,0.832857891996062,0.987192954177797
NOB1,0.0603637324733396,5.26036452877425,0.044412769093622,0.833087528136335,0.987192954177797
PSMB8,0.0332597552217352,8.05553509114234,0.0443693318833773,0.833167970514005,0.987192954177797
ERLIN1,-0.156996149935741,4.0521623782296,0.0442797281763845,0.833334039709213,0.987192954177797
SMU1,-0.05101256767971,6.21453241312311,0.0441756865712861,0.833527088038957,0.987192954177797
SCFD1,0.0444199592996076,6.07769775493892,0.0440614278857261,0.833739367760555,0.987192954177797
SH3PXD2A,0.102779025073429,3.99804279880409,0.0440533425521341,0.833754400277794,0.987192954177797
SMCO4,0.077028585990204,5.00325065254859,0.044015974061157,0.833823895718987,0.987192954177797
LIMD1,0.102017085505208,4.80328801759247,0.0439115481892536,0.834018263477178,0.987192954177797
DEDD2,0.064922147858648,5.85397457970211,0.043864609541334,0.834105708923092,0.987192954177797
MAPK9,0.0626119068122792,5.51489551313719,0.0438611191207592,0.83411221343378,0.987192954177797
FUCA2,-0.110635629576391,4.29318090446818,0.04384461987922,0.834142963957043,0.987192954177797
STOML1,-0.124870595137982,3.55474422992004,0.0437701186358996,0.834281891191547,0.987192954177797
ASPSCR1,0.0700007328888609,5.00725669677795,0.0437441737529625,0.834330301243389,0.987192954177797
UQCRC2,0.0390065280653154,6.40356338962599,0.0437063306304371,0.834400938863826,0.987192954177797
RBM48,-0.0720670754873724,5.13826568295261,0.0436115191072979,0.834578053447182,0.987228159148635
LSM7,0.027639573459395,7.85704388419346,0.0435313451616679,0.834727980856509,0.987228159148635
TAMM41,0.0995891900642732,4.35343271741955,0.0435083541860593,0.834771001169115,0.987228159148635
TRMT44,-0.121861122717984,3.78984618090579,0.0431304976522497,0.835479746196874,0.987553168172447
MREG,-0.0933077747766945,4.24192956760581,0.0430711631473812,0.835591333651131,0.987553168172447
ZCCHC17,0.0508416684286902,6.03373802359709,0.0429771223837925,0.835768355793547,0.987553168172447
EIF2B3,-0.0767147261123341,4.57691773412734,0.0428176191174572,0.836069066892016,0.987553168172447
CMIP,0.0370237411505948,6.49772429832113,0.0427889320380963,0.836123212507044,0.987553168172447
DPYSL2,-0.0880399921880168,5.80586163601515,0.0427823872023296,0.836135568251436,0.987553168172447
STAT2,-0.0574728977399757,5.47143539901715,0.0426615323895661,0.836363902779023,0.987553168172447
AGAP3,-0.0926656228347584,4.249591645502,0.0426518311328437,0.836382246259791,0.987553168172447
GALNT2,0.0796378961295336,5.34384645809323,0.0425841997277914,0.836510186604183,0.987553168172447
STRADA,0.0664620365939022,5.36652883826051,0.0425764614858508,0.836524832018236,0.987553168172447
ABHD3,0.0550461582184167,5.79341023746868,0.0423554051843507,0.836943791136306,0.987553168172447
PUDP,-0.114207446276088,3.82441119934869,0.0423180937035781,0.837014618405617,0.987553168172447
GPR34,-0.118137143982474,4.26231401497392,0.0423075557347659,0.837034628210462,0.987553168172447
SMC3,-0.0373044159695175,7.28524512185786,0.0422740159251234,0.837098331881932,0.987553168172447
KLHL2,-0.0745784824029471,4.3058208052962,0.0421877363382741,0.83726232771637,0.987553168172447
PGBD2,0.0843672879224162,4.14808049443483,0.0421520646919831,0.837330181623973,0.987553168172447
SDHAF4,-0.116724294985197,3.98806710413364,0.042079127473297,0.83746901457165,0.987553168172447
KIAA1328,0.081400581785737,4.68393409644509,0.0420648053975583,0.837496290768522,0.987553168172447
RPN2,-0.0389056820014144,6.98584457942155,0.0420506087143409,0.837523332932889,0.987553168172447
WDR44,0.0650748686912002,5.00355304797668,0.0419927154472504,0.837633658622335,0.987553168172447
DARS2,0.113931125974656,3.85268286151138,0.0418734007219079,0.837861283805869,0.987553168172447
SIN3A,0.0550838852911033,5.79767439204369,0.0417655129930807,0.838067399962526,0.987553168172447
STX12,-0.0511156968484706,5.50967979655156,0.0415186020329816,0.838540161761934,0.987553168172447
PIAS3,0.0881448125733968,4.07265781932622,0.0415171625138147,0.83854292230437,0.987553168172447
NDUFB7,-0.0337216647070029,7.60392451268826,0.0414740746262474,0.838625574330274,0.987553168172447
SPSB1,-0.125568375394981,3.99269374675899,0.0414727932750836,0.838628032927537,0.987553168172447
DYRK1B,0.0898958548986488,4.31559198865518,0.0414196505829274,0.838730035525573,0.987553168172447
TSC22D1,0.0966804520917785,4.60463661414112,0.0414194691048913,0.838730383972993,0.987553168172447
NUDC,0.028780777200727,7.10700539272878,0.0411810695638089,0.839188812108731,0.987553168172447
SND1-IT1,0.0633938617749573,4.52197944958815,0.0411147572469588,0.839316572207638,0.987553168172447
NDUFS5,0.0290042011384097,8.45581838032158,0.0409742572396095,0.839587620297886,0.987553168172447
SFXN1,0.0676699011582051,6.42093821229242,0.0409132555021117,0.839705453488113,0.987553168172447
BACH2,0.0960744639987028,3.92304879977927,0.0408941878829339,0.839742303955087,0.987553168172447
NCOA1,-0.0771979141621012,6.03223780642252,0.0406602143983648,0.840195215931209,0.987553168172447
CSTF3,-0.096739212964571,5.01329933571589,0.0406249065984063,0.840263680327568,0.987553168172447
RAMAC,-0.380584755221552,4.06853288174602,0.0405563928073462,0.840396621944136,0.987553168172447
METTL5,0.0456506458024702,6.25907122611511,0.0404125050313056,0.840676197334334,0.987553168172447
TRAPPC1,0.0236783418810609,7.78821471313121,0.0403934860055273,0.84071319021524,0.987553168172447
OSTF1,-0.0433315716453377,7.64037396397103,0.0403186010893215,0.840858932967782,0.987553168172447
ATXN7L3B,0.0392045922988244,6.3306928128185,0.0402488874620914,0.840994737845344,0.987553168172447
P2RY8,0.0552217745224824,5.38988459579215,0.0402000353096632,0.841089976672895,0.987553168172447
ADAM17,-0.0422985321417165,5.92508317755485,0.0401306226898068,0.841225402372911,0.987553168172447
TMEM87B,-0.0611053892914354,5.08252421935222,0.0401067175636101,0.841272070050494,0.987553168172447
PARP10,-0.0496232462949013,5.9299922966027,0.0400056859785032,0.841469464230889,0.987553168172447
C6orf47,0.0682921669566162,5.10141511772587,0.0399990339231628,0.8414824700201,0.987553168172447
IWS1,0.0514536665973443,6.02446232665087,0.0398764751268246,0.841722292831214,0.987553168172447
POLR3C,0.0892021991796243,4.27941571524952,0.0398659292529402,0.841742946873096,0.987553168172447
FBXO45,0.107142140495666,4.69780719908043,0.0398615815062335,0.84175146274052,0.987553168172447
POLR2D,0.0620024330489799,5.13047740457967,0.0398483119776731,0.84177745655725,0.987553168172447
NIPA2,-0.0545895944724748,5.59218470310317,0.0398111744184853,0.841850229638391,0.987553168172447
LCMT1,0.0585012824500958,5.47298887008028,0.0398106156409437,0.841851324863045,0.987553168172447
VPS16,0.0762660559531739,4.66531020877304,0.0397291912573294,0.842011005189103,0.987553168172447
SLC25A12,-0.073875608606576,4.54841438967948,0.0397120407683111,0.842044660481372,0.987553168172447
SDF2L1,-0.0476229313683832,6.89203015466179,0.0397047500866776,0.842058969652013,0.987553168172447
RTRAF,0.0376923781592207,7.37654459699477,0.0396656772078927,0.842135679936504,0.987553168172447
SRP19,0.0320178231974252,7.43265519073652,0.0396184332751055,0.842228484617978,0.987553168172447
PIGH,0.0593684910728831,5.16869972144592,0.0394927386871551,0.842475676092142,0.987553168172447
NAPG,0.0689798259969304,5.39027973390448,0.0394573915030385,0.842545263645955,0.987553168172447
TPRN,0.081433912142859,3.99483047237315,0.0394255183966745,0.842608039611355,0.987553168172447
RYBP,-0.0582600973328107,5.3591831398139,0.0392469578274728,0.842960213981829,0.987553168172447
OPA3,-0.104629643335643,4.50410972715346,0.0391909286214194,0.843070891734925,0.987553168172447
MAF1,0.0460015339594118,6.67890494073401,0.0391564991476798,0.843138943065892,0.987553168172447
EVI2A,-0.0405857909541928,7.29913479263483,0.0391106463790649,0.843229621320397,0.987553168172447
SERINC1,-0.0334799206266436,6.92397666453754,0.0390686117316186,0.843312797412428,0.987553168172447
PPP4R3A,0.0296276538490332,7.02772650650118,0.0390548394649333,0.843340059407374,0.987553168172447
JPT1,-0.0430714177044866,7.36547976219077,0.0390457026577309,0.843358148335886,0.987553168172447
RBM12B,0.0700584650289756,5.25749785427586,0.0390102781463071,0.843428302108581,0.987553168172447
ERCC3,0.0773161792692108,4.72056988630669,0.0388971451881126,0.843652569541973,0.987553168172447
CYB561A3,0.0648729834809688,5.04360341824163,0.0388435368995399,0.843758957450741,0.987553168172447
TBC1D23,-0.0747385111059314,4.85326483826849,0.0388413568892148,0.843763285386402,0.987553168172447
NDUFS1,-0.0467645940131057,5.80480991335976,0.0387659268650289,0.843913113053639,0.987553168172447
NSMCE4A,-0.0525870719688962,5.54268958337074,0.0386276828647336,0.844188102532332,0.987553168172447
NUP37,0.0578320820024016,4.87637286835908,0.0385500633031679,0.844342724356339,0.987553168172447
NARS2,0.100247614855527,3.79508859351648,0.0385246367255263,0.844393410444891,0.987553168172447
KRTCAP2,0.0317656436918849,8.53614958678791,0.0384604917251998,0.844521356217313,0.987553168172447
BLM,-0.0898735104289028,4.33680866388193,0.0384167069258972,0.844608754486992,0.987553168172447
FBXO32,-0.107071240656407,4.91917290951637,0.0384118135148839,0.844618525373605,0.987553168172447
SF3B3,-0.06800532099248,5.53319740837375,0.0383209580428527,0.844800057975944,0.987553168172447
BRD7,0.0270050667386678,7.18057329857038,0.0382500767016047,0.844941836739897,0.987553168172447
ODR4,-0.0813290988347425,4.47207107865115,0.0382290457509384,0.844983929645873,0.987553168172447
IGF2R,0.0400951181515713,6.15537973792616,0.0381871437171526,0.845067831336492,0.987553168172447
SGF29,0.0801122854684659,5.40301697747797,0.0381736641254733,0.84509483208326,0.987553168172447
PRKCZ,0.0752502433621211,4.40307697487999,0.038092266851141,0.845257982892843,0.987553168172447
TRAFD1,-0.0580075437421482,5.30564872018139,0.0380534384385527,0.845335873410863,0.987553168172447
TFDP2,-0.0618965696548313,5.46226691907974,0.0380068200396195,0.845429445301044,0.987553168172447
CNOT6,0.0615195844927002,5.19872726887009,0.0379543382909198,0.845534857341564,0.987553168172447
TIA1,-0.0451003386871873,6.11242627122793,0.0379181649364178,0.845607557256393,0.987553168172447
CDCA4,-0.0801571121238655,5.06367162399331,0.0378374564544828,0.84576989212393,0.987553168172447
FN3KRP,-0.0792144801303802,4.71373661148843,0.0378171411188468,0.845810782143009,0.987553168172447
CGAS,-0.046927133405846,5.95481785975641,0.0378023229002533,0.845840614940939,0.987553168172447
COPS7B,-0.0691329558213824,4.98768063432418,0.0374986617798072,0.84645330259757,0.987553168172447
ICE1,0.0522082863364852,5.74398477838523,0.0374733422095517,0.846504505179185,0.987553168172447
TCTA,-0.0664456540082011,4.84133203102199,0.0374295521049888,0.846593102234325,0.987553168172447
LAP3,-0.0403032977137749,6.26503189704358,0.0372958717023106,0.846863900316107,0.987553168172447
MAP3K8,-0.090288370361236,5.06382947518988,0.0372949810694863,0.846865706169026,0.987553168172447
SLC12A9,-0.0706027243170062,4.78847965126523,0.0371595101380748,0.847140648823243,0.987553168172447
UNC50,0.0522980807273564,5.61371938355911,0.0371216313694305,0.847217617970267,0.987553168172447
STIM1,-0.0758335730984532,5.45368947991839,0.0370480740947201,0.847367201782762,0.987553168172447
MTG1,-0.0826526888654602,4.93863019671086,0.0369976386860635,0.847469854692324,0.987553168172447
CD247,-0.0409430374882213,8.02966064790299,0.0369463731605855,0.847574271552506,0.987553168172447
COX17,0.0317929466657252,7.68326848881424,0.0369067491578718,0.847655028611245,0.987553168172447
MTX2,-0.0850925146615503,4.86357114941249,0.0368570102887631,0.847756464275087,0.987553168172447
STX11,-0.0621925550451023,5.12826471977034,0.0368491082851499,0.847772585868993,0.987553168172447
ELF1,-0.0279565676828846,8.10991272478601,0.0368220828705557,0.8478277364183,0.987553168172447
DHRSX,-0.0764968455660742,4.65237547519709,0.0367780774904993,0.847917582769316,0.987553168172447
DVL3,-0.0636432357985338,4.89768223572355,0.0367381485398148,0.847999154457858,0.987553168172447
TNFAIP3,-0.0828436736450199,8.67460574134297,0.0366968375725563,0.848083597881743,0.987553168172447
CCNT1,-0.0634335286168597,5.53325215763451,0.036559036403105,0.848365633060007,0.987553168172447
HYLS1,0.0845147464388912,3.77940914287124,0.0365273232010139,0.848430617855017,0.987553168172447
MARK3,0.0386615663492261,6.39018670717308,0.0364782145921829,0.848531306000623,0.987553168172447
SAC3D1,0.0842544373314845,4.63946470366542,0.0364441306441279,0.848601230153526,0.987553168172447
DECR1,0.0393438908224462,6.27697005352684,0.0364276434596533,0.848635066225495,0.987553168172447
SLC25A33,-0.102221175513423,4.25512773390996,0.036352111294562,0.848790179798524,0.987553168172447
STAT4,-0.0384502968841852,6.7022450505489,0.0362643871224542,0.848970540757307,0.987553168172447
ALG2,0.0624089088291593,4.87648313658913,0.0362633280870917,0.848972719514986,0.987553168172447
MTA1,0.0571873887523461,5.08775638524142,0.0362023423135511,0.849098241449085,0.987553168172447
DBT,0.06576277118667,4.88351625706249,0.0361476625458614,0.849210877436838,0.987553168172447
SIRT7,-0.040755434897789,6.27671040204417,0.0361263485314751,0.849254806525441,0.987553168172447
CEP85,0.103946448789543,3.75470062815704,0.0360906029821813,0.84932850977237,0.987553168172447
SLC38A6,-0.0933482813984054,4.0224427401183,0.0360520235751451,0.849408098555876,0.987553168172447
FLVCR1,-0.0889270465240805,4.4480455109259,0.0359542605197127,0.849609980161298,0.987553168172447
TMEM191C,-0.10217917986942,3.7279370004655,0.0358340968929305,0.849858509072475,0.987553168172447
MOSMO,-0.0670220559115179,4.75040093470536,0.035751129512601,0.850030358681061,0.987553168172447
RNF20,0.0537974032084336,5.25546443209185,0.0357371377879758,0.850059359962601,0.987553168172447
ELP4,0.0614300526242867,4.81170625741205,0.0356603115048664,0.850218706166762,0.987553168172447
SLC6A6,-0.0647082605439271,5.73099718659221,0.0354825855308896,0.850588012111457,0.987553168172447
UBE2A,-0.0491741614787558,6.59864100230565,0.0354189869954062,0.850720399388378,0.987553168172447
SNRNP70,0.0476868899963563,7.0731204166085,0.0353817957623335,0.850797874021742,0.987553168172447
CNPY4,0.0763933653583848,4.43733688394955,0.0353277676220358,0.850910497476148,0.987553168172447
RASGEF1A,-0.106367565321393,3.57239234751954,0.0351904597924815,0.851197122077581,0.987553168172447
MPI,0.0947208003264437,3.8277974159119,0.0351396997265372,0.851303228206145,0.987553168172447
TJAP1,0.0821743598883041,4.21565826874798,0.0351124788696744,0.85136016190923,0.987553168172447
ARHGAP10,0.0849879220229728,4.58722616365377,0.0349732199007846,0.85165178660342,0.987553168172447
LPP,0.0347911731236689,6.27902725926917,0.0349294301541629,0.851743611640778,0.987553168172447
TGFBR3,0.0775246049555368,4.67416832322192,0.0349215367458839,0.851760170081886,0.987553168172447
NAT10,0.0817709249203856,4.6741451289402,0.034875008918803,0.851857813467826,0.987553168172447
EFTUD2,-0.0603834165028431,5.00273123774118,0.034847793301104,0.851914959462193,0.987553168172447
UBR4,0.0578322665066393,5.60720990153333,0.0347860664056086,0.852044656156804,0.987553168172447
PCCB,-0.0875801059920902,4.05862774551149,0.0347796140142336,0.852058220390067,0.987553168172447
ANKRD44,-0.0260791471593488,7.90149432626946,0.0347033150203977,0.852218715154445,0.987553168172447
SMIM12,-0.0496817022878345,5.83437402330031,0.0346713594729842,0.852285987814134,0.987553168172447
A1BG-AS1,-0.103729025426152,3.87974916727872,0.0346433596831091,0.852344959203642,0.987553168172447
NIPBL,-0.0328733649687015,7.18418353548852,0.0345635031742795,0.852513283511042,0.987553168172447
SPRYD7,0.0876841273597161,4.5787722250959,0.0345151411519744,0.852615320473694,0.987553168172447
FECH,0.0893128913554594,4.13312733158779,0.0344609080816909,0.852729832513964,0.987553168172447
BSDC1,0.0614772386178499,5.67322732563046,0.034374112366919,0.852913294058597,0.987553168172447
KDM4B,-0.0712645320047935,4.94507040459937,0.0342595996911967,0.853155708353485,0.987553168172447
SMAD5,-0.0569114959092867,5.11672199501633,0.0340140297025187,0.853676977310335,0.987553168172447
SRP72,-0.0406910331594557,6.80544004186099,0.0339981620113505,0.853710726324468,0.987553168172447
SLC25A29,0.116357871936584,4.03563708672469,0.0339658604109339,0.853779453813851,0.987553168172447
PDK2,-0.0871711161869982,4.28765901690159,0.0338253407654783,0.854078828687111,0.987553168172447
NPC1,0.0606177551071223,4.87895294444863,0.0337989221416528,0.854135184897254,0.987553168172447
HSCB,-0.0687913969416063,4.57204423254145,0.0337752923151236,0.854185611338983,0.987553168172447
GMCL1,-0.0424608287425028,5.92503613807333,0.0337679582691113,0.854201266022803,0.987553168172447
MSANTD3,0.0641931138545999,4.61277682994861,0.0337413637913535,0.854258047270814,0.987553168172447
ATG7,-0.073796177642745,4.61960091464283,0.033737084453545,0.85426718614528,0.987553168172447
CIRBP,0.0287514880544863,8.7904295447038,0.0337198821250304,0.85430392916564,0.987553168172447
TPM1,-0.0634552158030811,5.04506615516813,0.0337187344800398,0.854306380803096,0.987553168172447
CAPZA2,-0.0340613753495479,6.86557067915659,0.033690265474231,0.854367211051972,0.987553168172447
FAM162A,0.0470069936219552,6.3534616691403,0.033669446364442,0.854411712447088,0.987553168172447
NSMF,0.0833144696056342,4.36747506189595,0.0336549782461937,0.854442646807,0.987553168172447
RNF113A,-0.0531093727822198,6.04754220300863,0.0336199776869321,0.854517510124058,0.987553168172447
SLC25A25,0.0686997404153126,4.44255370005513,0.0335725762579298,0.854618962123953,0.987553168172447
DCAF1,-0.0633886738605287,4.8048451244348,0.0335430624209749,0.854682167191034,0.987553168172447
MCMBP,-0.0468029510642345,5.9659955351261,0.0335094431087555,0.854754199322084,0.987553168172447
NFYB,0.0469619919018394,5.96589897181105,0.0334557002174094,0.854869425479079,0.987553168172447
ZNF410,-0.0934270225911491,4.56887397389019,0.0334145593785067,0.854957697155993,0.987553168172447
KMT2E-AS1,0.0436620062336854,5.87083159740686,0.0334126381979374,0.854961820608092,0.987553168172447
CPSF1,0.0720301341523739,4.54029132615657,0.0332949360406687,0.855214680182296,0.987553168172447
TMED7,-0.0710303680704991,5.46844417139009,0.0332878007518147,0.855230023761286,0.987553168172447
IDH1,0.0799622078106022,4.91066104320781,0.0332854368932018,0.855235107329132,0.987553168172447
COA3,-0.052728594694519,5.67734048419402,0.0332710883599319,0.8552659683986,0.987553168172447
FKBP3,0.0353790555990173,6.61767027167234,0.0332622818466568,0.855284913002458,0.987553168172447
HNRNPA2B1,0.0169914547672356,9.54157370331872,0.0332360208596967,0.855341421124518,0.987553168172447
ADGRG5,0.306655274418873,3.99521735789717,0.0332241003790781,0.855367079103841,0.987553168172447
KLF2,-0.108112185279645,7.33824620313398,0.0332207653299186,0.855374258409273,0.987553168172447
SS18L1,-0.137406825878749,4.01856943326164,0.0331442715309613,0.855539027674564,0.987553168172447
C17orf49,0.0545567533193455,7.08348606264594,0.0331039408101717,0.855625979995341,0.987553168172447
DDX60,-0.057707940046793,5.74921486804216,0.0330587535832585,0.855723467884002,0.987553168172447
TMED3,0.0498520169833264,5.42015243405882,0.0329670350646722,0.855921555235183,0.987553168172447
MRPS33,-0.0421473442101291,6.17732853459943,0.0328788147347012,0.85611235617753,0.987553168172447
EXOSC5,-0.0624797985186891,4.88830705648801,0.032868013191667,0.856135735670698,0.987553168172447
GOLPH3L,-0.0772783213780602,4.20080396704314,0.0327548705213765,0.856380867148492,0.987553168172447
TMEM238,0.0512291974066929,6.27820029922776,0.0327336380634975,0.856426917448744,0.987553168172447
RPUSD1,0.075657992824394,4.46815898194552,0.0327052467964393,0.856488518335978,0.987553168172447
KLHL20,0.0572645850536868,5.02290776936879,0.0326401752683765,0.856629809092736,0.987553168172447
UBAP2,-0.0438619507053185,5.54279841604896,0.0325976802608494,0.856722157636015,0.987553168172447
ORAI1,0.047700005752821,6.78960809825575,0.0325718745875321,0.856778267884979,0.987553168172447
THOP1,0.0775721090381988,3.98122438376024,0.0325495830598292,0.856826755673202,0.987553168172447
TRMT10C,0.04871579400039,5.72121666963408,0.0325188097411875,0.856893720948559,0.987553168172447
PLSCR1,-0.0512118497467337,6.26507784547578,0.0324844735140459,0.856968478034499,0.987553168172447
AXIN1,-0.0565481909846352,5.10418054809218,0.0324566974661238,0.857028982101859,0.987553168172447
RSRC1,0.040887308205358,5.88680261699689,0.0323834300332102,0.857188707600405,0.987553168172447
HMGCS1,0.0641639557616022,5.62509538640094,0.0323307496517735,0.857303667938733,0.987553168172447
MVP,-0.0766721719167336,5.90427660686302,0.032296718446478,0.857377983027486,0.987553168172447
PSME3,-0.0536265149410638,5.14237079886067,0.0321391004693865,0.857722706962533,0.987553168172447
NIF3L1,0.0799979070292391,4.23116116402545,0.0321252368131759,0.857753069664599,0.987553168172447
RPA1,0.0508440551732849,5.36360481886763,0.0320051235778625,0.858016412445641,0.987553168172447
TTLL3,0.0731618769099636,4.41618502064229,0.0318945396243535,0.858259313969756,0.987553168172447
PSMD4,-0.0321770639532438,6.63465551678324,0.0318399648018524,0.858379349618412,0.987553168172447
HDAC1,0.0386092591427887,6.58865798880043,0.0318304394428388,0.858400311230914,0.987553168172447
PUM3,-0.0472345769693189,6.06417652568615,0.0318132709564694,0.858438100570503,0.987553168172447
LYRM7,0.0535146734695467,4.97282242545514,0.0317642185342564,0.858546127250442,0.987553168172447
ING5,0.0519160031500945,5.4487122367317,0.031747878986554,0.858582130452817,0.987553168172447
PAFAH1B2,-0.0404664902799231,5.92526696166067,0.0317310353219451,0.858619254453501,0.987553168172447
KLHL28,0.0600284455172268,5.47899592400837,0.0317140701823746,0.858656656466579,0.987553168172447
HBS1L,0.0556426051603232,5.45448839938798,0.0316319274115422,0.858837897784257,0.987553168172447
PROCA1,-0.140960200471956,3.63783413768261,0.0315902308415321,0.858929990758976,0.987553168172447
NOD1,-0.0905037239346639,3.65213293001857,0.0315861938567217,0.858938910358667,0.987553168172447
EIF4G2,0.0340402014967654,8.16393955466548,0.0314260598638327,0.859293197164995,0.987553168172447
PPIF,-0.0554421827102266,4.96417846480498,0.0313755451255133,0.859405151067788,0.987553168172447
GCLM,0.0427824090176934,5.77945024662306,0.0313734414511444,0.859409815377033,0.987553168172447
SUMO2,-0.0229066826852777,8.71259020634858,0.0313229038714375,0.859521916833943,0.987553168172447
ATP5PD,-0.0271810410231544,7.61366676577073,0.0312961177882549,0.859581371011262,0.987553168172447
SMIM27,0.0433451182425087,5.99695708030881,0.0312561481211517,0.859670136177,0.987553168172447
PPIP5K2,0.0405838812742624,5.88141632006198,0.031238995534796,0.859708246815326,0.987553168172447
RPS27L,-0.0276197844355864,8.05474898653976,0.0312138763975405,0.859764077486652,0.987553168172447
FANCE,-0.0947589117244564,3.67786762736411,0.0312054217355282,0.859782874324099,0.987553168172447
SLC35D2,-0.0489335121384052,5.94582764810655,0.0311326037537576,0.859944875807358,0.987608901313201
TUG1,-0.0569925506136967,5.17614585641833,0.0310141830732036,0.860208749428082,0.987733072617513
UCKL1,0.0488358927193383,5.45145416393962,0.030968351368589,0.86031101436877,0.987733072617513
SMNDC1,-0.0336439816073942,6.43459434903747,0.0309314201885513,0.860393476216634,0.987733072617513
SFT2D2,0.0389933030990463,6.3737475881524,0.0307959149647061,0.86069647483227,0.987950596210135
ZCCHC9,-0.0514434672262043,5.37565767716525,0.0306311089952906,0.861065919420181,0.988244322394017
CYP20A1,-0.0409658608959057,6.13768475016781,0.0305192796388027,0.86131719029103,0.988270883551252
SCARB2,-0.0950764104519739,4.6583481898614,0.0304073966814613,0.861569056795261,0.988270883551252
DFFA,-0.0548206915007696,5.10605735520448,0.0303591900791034,0.861677724764686,0.988270883551252
SEL1L,0.0444424296057461,6.10272494441501,0.0303586477392912,0.86167894781985,0.988270883551252
RBM33,0.0378650661237426,6.7998588394327,0.0303391354611513,0.861722958335225,0.988270883551252
PARD6A,0.0753929209993683,4.5352208159444,0.030279297112326,0.861858016487799,0.988270883551252
CHCHD3,-0.0555418748337847,5.43857631001537,0.0302678146183908,0.861883948770999,0.988270883551252
NUDT16,0.100036322758473,4.43324634119349,0.0301683835508157,0.86210871805951,0.988367279170552
MRPL37,0.0618114557267946,4.91190331546004,0.0301301939154541,0.862195149197154,0.988367279170552
DALRD3,0.0621372731444555,5.52298878079377,0.0299954498621844,0.862500554814363,0.988398655167975
RBM34,0.071341404174435,4.29246911724914,0.029977466044647,0.862541369635455,0.988398655167975
KLHDC2,-0.0411318850413006,5.7504446960915,0.029935971104651,0.86263559180386,0.988398655167975
CDIP1,0.0575351702708945,5.21451742751601,0.029912932410717,0.862687934587593,0.988398655167975
YTHDC1,-0.0339269284848779,7.28152863058295,0.0297870853551068,0.86297422004764,0.988398655167975
INTS4,-0.0779883515897464,4.54619048723145,0.0297379259332065,0.863086220371711,0.988398655167975
FBXW7,0.0509597448830069,6.10285860914544,0.0297286588622931,0.863107344293469,0.988398655167975
RNF121,0.0694038804603336,4.29898832214888,0.0296759575162557,0.863227539443182,0.988398655167975
TBC1D17,-0.0752155048486017,4.59672379894744,0.0296684596081107,0.863244648733974,0.988398655167975
PCBD2,-0.0810879731201711,4.43302847186629,0.0295415025108436,0.86353468764834,0.988600682268285
PATL2,-0.0754407891703065,4.67432583909308,0.0293585046583473,0.863953885386353,0.988710321356409
TMSB10,0.0198241683541492,11.6803201152158,0.0292159115033499,0.864281460159807,0.988710321356409
YPEL5,-0.04898585736042,7.44630285497034,0.0292019961939936,0.864313471384492,0.988710321356409
SUPT6H,0.0432302838999739,5.99662676023649,0.0291749514489084,0.864375708446022,0.988710321356409
LSM1,0.0454735553423131,6.15092154875855,0.0291723538679989,0.864381687724321,0.988710321356409
INTS11,0.0417934112957018,5.74193760084477,0.0291043442278109,0.864538334274755,0.988710321356409
MRPS6,0.0376349877530879,7.34089247667722,0.0290645397259031,0.864630103340696,0.988710321356409
HPS3,0.0430239743144095,5.61708173106292,0.0290184125659891,0.86473653018777,0.988710321356409
THG1L,-0.0779941752479418,4.18471389005642,0.028942236518489,0.864912478042701,0.988710321356409
ENTR1,-0.0546135501585733,5.21950569570256,0.0289170606053517,0.864970680555564,0.988710321356409
GABPB1-AS1,0.0499742747997985,7.2398099647002,0.0289159180670708,0.864973322531803,0.988710321356409
GLE1,-0.0590688235583012,4.62458186984267,0.0287647258313939,0.865323410581763,0.988710321356409
PIBF1,-0.0662060723750862,5.14664294715254,0.0287409507473697,0.865378548221996,0.988710321356409
ZBTB1,0.0457009027858662,6.32698096306006,0.0287043151811659,0.865463557011399,0.988710321356409
RSAD2,-0.0780715268798125,4.84486959581598,0.0286650797883326,0.865554660321558,0.988710321356409
RBBP7,0.0385756945387043,6.31532471802136,0.0286315437047016,0.865632580871667,0.988710321356409
BCL11B,-0.0254181685239159,8.7232823832771,0.0286042828859721,0.865695955538706,0.988710321356409
RHEB,-0.0333804214430702,6.62358391177842,0.0285845373219757,0.865741878495996,0.988710321356409
UCP2,0.0456938421074842,7.23031742637316,0.0285468583329198,0.865829555146557,0.988710321356409
TMEM116,0.0558353197309854,4.88461786147071,0.0284731898194508,0.866001149265654,0.988710321356409
CCT6A,0.0297087099713745,6.85400526147847,0.028421616722941,0.866121413012206,0.988710321356409
ALDH6A1,-0.10873967693639,4.14388286224548,0.0283109874914693,0.866379769365253,0.988710321356409
CDC37L1,-0.0586611524485475,5.40155107484358,0.0282453127485205,0.866533387505091,0.988710321356409
GALT,-0.064690297278811,4.73883695409696,0.0281803590877203,0.866685499709834,0.988710321356409
PIGU,-0.0904956155120161,4.081332902889,0.0280864061263557,0.866905843406298,0.988710321356409
PSMB10,0.0483195855095022,7.11163339437328,0.028044741480052,0.867003678906749,0.988710321356409
FBF1,0.0828615723100345,3.75968059404786,0.0280318474935566,0.867033971262259,0.988710321356409
B4GALT5,0.0514629648061112,5.2794420146825,0.0279939984589319,0.867122932897128,0.988710321356409
PHACTR2,-0.0684881943189783,6.0365470992775,0.0279771940746087,0.867162450300408,0.988710321356409
MTIF3,-0.0386421096278146,6.64167019997999,0.0279735771155458,0.867170957582642,0.988710321356409
PPIL2,-0.0471805543808709,5.56214241845451,0.0278688223555861,0.867417592168018,0.988710321356409
MFF,0.0340265755315891,6.12003367059195,0.0277936706746704,0.867594822910984,0.988710321356409
TMA16,0.0589762278828956,5.28986550972591,0.0277877453885331,0.867608807023601,0.988710321356409
RAB9A,-0.04737652192504,5.41445181969469,0.027754293588341,0.867687784502848,0.988710321356409
ZNF398,0.0816840172798869,3.95216239487196,0.0277502461533885,0.867697343544634,0.988710321356409
DNM2,0.035529002655125,6.23615351411465,0.0276114435164381,0.868025595741077,0.988710321356409
SPRYD3,0.0559685020433583,4.9005376885497,0.0275923652535255,0.868070779847806,0.988710321356409
CLP1,-0.0789622733988386,3.95432530838522,0.027533726896646,0.868209756893611,0.988710321356409
COG3,0.0450412699604923,5.03042805388708,0.027518676298282,0.868245452392368,0.988710321356409
INAFM1,0.0739114419568041,4.05205091863299,0.0273413437403036,0.868666789576202,0.988710321356409
TPP1,-0.0518587700744165,5.62042029733542,0.0273126971466127,0.868734984640211,0.988710321356409
DYNLL1,0.0208014057486278,8.80466384335161,0.0273102652385049,0.868740775645837,0.988710321356409
GNAI3,0.0319246768785234,6.90293990904393,0.027308392165768,0.868745236099691,0.988710321356409
PTTG1IP,-0.0411006603318828,5.76792196274883,0.0272688355995037,0.868839471112688,0.988710321356409
JTB,0.0183630728832533,7.99458260075505,0.0272143578540778,0.868969367636703,0.988710321356409
SNHG5,-0.245905655311558,8.30087427837186,0.0272048505697597,0.868992050451484,0.988710321356409
FBXW11,0.0412000545660374,5.90451047185164,0.0272004648058992,0.869002515534081,0.988710321356409
RPRD1B,-0.073757646533906,4.33364231862463,0.0270647307260248,0.869326826667428,0.988710321356409
ATAD2,0.0593766228982145,5.54387675386102,0.0270506982315659,0.86936040227545,0.988710321356409
ARRDC1-AS1,-0.0746603271045466,4.37898183456868,0.0270471738683646,0.869368836439201,0.988710321356409
TRERF1,-0.0459259092404879,5.32917755218052,0.026813568851896,0.869929141110613,0.988710321356409
CD52,-0.0210084416931077,10.8625173108214,0.0267527145011997,0.870075512139444,0.988710321356409
URB1,-0.0698130918051332,4.21079957544699,0.0267514596635365,0.870078532158161,0.988710321356409
NUS1,-0.050060401129742,5.15712189778877,0.0267048302554649,0.870190806794837,0.988710321356409
DDRGK1,-0.0444176756304886,6.20582440332388,0.0266839387269435,0.870241142217851,0.988710321356409
SCMH1,0.0771048994379433,4.12300841037334,0.0265978692054141,0.87044872920293,0.988710321356409
VAPA,-0.0248740743705189,7.4679493035143,0.0263916268305326,0.870947562742146,0.988710321356409
YTHDF3,-0.0420290737220113,5.28774919054584,0.0263177985338157,0.871126615505153,0.988710321356409
NDUFA9,0.0402103415721638,5.95931577891007,0.0262787176044874,0.871221501232979,0.988710321356409
KDM5B,0.0384026150432378,6.43780297803367,0.0261638725755198,0.87150075663403,0.988710321356409
GBF1,0.0526658017485514,4.91311021009021,0.0261604133015219,0.871509177899037,0.988710321356409
NAA38,-0.0267844180178697,7.14313379804355,0.0261413668896608,0.871555554766747,0.988710321356409
RBM5,0.0411915531112066,6.71093851195913,0.0261357751509408,0.871569173606118,0.988710321356409
CHFR,0.0449669766884098,5.70292182281186,0.0261207893682247,0.871605679281513,0.988710321356409
PKNOX1,0.0430115771411318,5.40658924107539,0.0261171293145708,0.871614596880183,0.988710321356409
GORASP2,0.0426448966830301,5.5819770880734,0.0260281869282082,0.871831499472912,0.988710321356409
SESN2,0.0735974462244096,4.42806469797026,0.025997562567575,0.87190627066702,0.988710321356409
ARRDC1,0.0398232067200913,5.5722532033664,0.0258961675733769,0.872154155556849,0.988710321356409
CDC27,0.0470706275506359,5.36589009683361,0.0258776144710406,0.872199567009887,0.988710321356409
CUEDC2,-0.0474022401252427,5.46984430508536,0.0258724306866434,0.872212258071077,0.988710321356409
PARVB,-0.0754134362831782,4.76987820675026,0.0258277631335773,0.872321668294294,0.988710321356409
TM7SF3,0.0465892908259723,5.33893002292758,0.0257948017875442,0.872402467182773,0.988710321356409
RCL1,-0.0821940964088185,4.00086089497204,0.025784542931703,0.872427625751274,0.988710321356409
EIF3K,-0.0156312549019542,8.6839422462095,0.0256953568456684,0.872646560213683,0.988710321356409
BBS4,0.0697046187787548,4.44778691509677,0.0256798769620268,0.872684599981698,0.988710321356409
HSD17B8,0.0654192179151866,4.28659206364544,0.0256490523979114,0.872760382312244,0.988710321356409
SNRPE,0.0241637202296721,6.89584991171229,0.0254776097115403,0.873182729805576,0.988710321356409
PSMD8,-0.0206469405275146,7.72406206326111,0.0254467496582027,0.873258907868846,0.988710321356409
SEC23A,-0.0560956247680569,5.57572207584702,0.0253934896951513,0.873390491626049,0.988710321356409
PGLS,0.037312877020191,6.93205444749154,0.025393448867252,0.873390592549469,0.988710321356409
TSPAN31,-0.0774910950443295,5.12650781342449,0.0253027260962746,0.873615058092481,0.988710321356409
DYNLT3,-0.0346493307080542,6.09994562377263,0.0252813903182485,0.873667906800302,0.988710321356409
BPGM,-0.08045750439189,4.44610020754358,0.0252697465232004,0.873696758116846,0.988710321356409
CHD3,0.0257162712469056,6.91621050000239,0.0252511484042159,0.873742855188666,0.988710321356409
PQBP1,-0.0423320818624482,5.86289373896946,0.0252157491807985,0.873830643389369,0.988710321356409
SHARPIN,0.0491682310720384,5.87517547755491,0.0251992968693848,0.873871465754483,0.988710321356409
STARD9,0.0614766978001725,4.67442026421657,0.0250963918249703,0.87412710986651,0.988710321356409
NUFIP1,0.0681105876287084,4.31616636355009,0.0250926873747055,0.874136322737896,0.988710321356409
MFSD6,-0.0469925749434425,5.49540467882519,0.0250915091387469,0.874139253126178,0.988710321356409
ING1,-0.0466212276618379,5.28727422105705,0.0250645212978675,0.874206393850179,0.988710321356409
TNFRSF1A,0.0409469109277492,5.96182213112385,0.0250188227432595,0.874320167891376,0.988710321356409
ARID2,0.0320235758570231,6.07872411265787,0.024994526882228,0.874380699786359,0.988710321356409
KDSR,0.0604672307817291,5.95039311491292,0.0249861552988477,0.874401564143064,0.988710321356409
HSD17B4,0.0508322253307313,4.79083329501797,0.0249616957728023,0.874462544742792,0.988710321356409
MRPS27,0.0512672031137166,4.84404843631583,0.0249519728691112,0.874486793640203,0.988710321356409
LRRC8D,-0.0672338708081416,4.44438671704312,0.0249320073590553,0.874536602757858,0.988710321356409
MKI67,-0.148867165590786,4.2918297480909,0.024773513923833,0.87493273288978,0.988980504218841
DCAF15,-0.0551100041594275,5.21577308731412,0.0247455100830827,0.87500285906987,0.988980504218841
VRK1,0.0624910527865057,5.01858651190294,0.0246502932188974,0.875241602283715,0.989096639377746
GNPAT,0.0435503431660312,5.54715208489883,0.024613063872863,0.875335078214803,0.989096639377746
SNRPA1,0.0303597612604503,6.30510765882591,0.0245687008276523,0.875446560166239,0.989096639377746
CDC25B,0.05497820639701,4.94527682041982,0.0245159715757666,0.875579200158545,0.989118091767889
CEP57,0.039010381073981,6.35298391990652,0.0244213763176191,0.875817520502365,0.989223124845879
RNF19B,0.0623913626278449,4.53196720277099,0.0243240135062521,0.87606330764011,0.989223124845879
SLC25A13,-0.0661260894983102,4.26278031130236,0.024279286380672,0.876176387740347,0.989223124845879
MSL3,0.034397855936791,6.07150368485694,0.0241827822343943,0.876420735622511,0.989223124845879
APPL1,-0.0350775556049824,6.29855006750539,0.0241339322108445,0.876544613934719,0.989223124845879
PEX16,-0.041852377704411,5.61266136812472,0.0240816617146464,0.876677308473513,0.989223124845879
FBXL3,-0.0381444526637284,5.68172242471972,0.0240644597726565,0.876721009787678,0.989223124845879
ORMDL2,-0.0352404390411624,6.50491491318458,0.024021563806464,0.876830056168376,0.989223124845879
ZDHHC11B,0.154401192140633,3.45073208745184,0.0240192252691447,0.876836003858591,0.989223124845879
PHTF2,0.0441859155916935,5.85206939496391,0.0240051856001244,0.876871717713575,0.989223124845879
DDIT3,0.0433568995760334,6.31007998373291,0.0238785782766406,0.877194263388841,0.989223124845879
EAF1,0.0522170023949107,4.65767454484275,0.0238465879511125,0.877275900631714,0.989223124845879
MADD,-0.0589682011155791,4.92691996177841,0.023739075198538,0.877550677845452,0.989223124845879
RAD1,0.0540571475065409,4.97029966738521,0.023683332715521,0.87769339324135,0.989223124845879
TPM4,0.024547428226465,7.66001123502346,0.0236071953444128,0.877888602988227,0.989223124845879
AP1B1,0.0635369640401801,4.7169096674612,0.0234907814104623,0.878187702457717,0.989223124845879
MTMR12,0.0641220268305583,4.7848219698826,0.023456421730792,0.878276126855243,0.989223124845879
LETM1,0.0453966662455506,5.25561793309232,0.0234404838545892,0.878317165372263,0.989223124845879
MOB1A,0.0192044212928334,7.45365603782732,0.0233807862958315,0.878471007959391,0.989223124845879
GKAP1,-0.0779487909129426,4.10103361155621,0.0233519781376792,0.878545319436798,0.989223124845879
MTREX,0.0496775734303341,5.55760395442759,0.0233431803720663,0.878568022876676,0.989223124845879
RBBP4,-0.0250653815977672,6.961478928402,0.023332945864766,0.878594439469826,0.989223124845879
CETN3,0.052210377929294,4.58784689012933,0.0233104367081047,0.878652559394192,0.989223124845879
CS,-0.0462385104817413,5.25080217149996,0.0232661084937114,0.87876710138607,0.989223124845879
AKAP1,0.0567752882737197,4.50872595297497,0.0232504973952175,0.878807466301602,0.989223124845879
EVA1B,0.0782843023805202,4.69060959335848,0.023225097177491,0.878873172148689,0.989223124845879
PABPN1,0.0306148251561706,6.86418699785437,0.0231943771278793,0.878952688594739,0.989223124845879
KLRB1,0.0431953003760763,8.91717157477923,0.0230455704658255,0.87933862780557,0.989223124845879
RMDN3,-0.051758131390509,4.93463392201953,0.0229668290931642,0.879543364191375,0.989223124845879
RPL29,-0.0116327616331896,11.2509387267782,0.0229160179728147,0.879675669434794,0.989223124845879
KCTD17,-0.0556348802235499,4.71937420941206,0.0228251385539533,0.879912681780727,0.989223124845879
RUFY3,-0.0517892951131981,5.08892489562213,0.0227609641846236,0.880080338553266,0.989223124845879
C3orf18,-0.0961327082558743,3.78192014619505,0.022559705162962,0.880607705274728,0.989223124845879
UBTF,-0.0239895453320538,6.75401958893269,0.0225427939394827,0.880652127760325,0.989223124845879
IKBKB,0.038208786690472,5.84863029943391,0.0225390288508045,0.880662020232629,0.989223124845879
JUND,0.0342748527178965,10.5484330488482,0.0225112393963194,0.880735060969309,0.989223124845879
MYO5A,-0.042704679782882,5.72685922913788,0.0225073690544164,0.88074523728402,0.989223124845879
PIH1D1,-0.0358781659365196,6.13260244684541,0.0224705874929612,0.880841991964409,0.989223124845879
CRTAM,-0.0557422072518024,5.71030075767685,0.0224388069974246,0.880925656456825,0.989223124845879
TSR2,-0.0367741064129899,5.74452481260048,0.0224198138018679,0.880975686363419,0.989223124845879
CEACAM21,-0.0670598413621447,4.41073529798366,0.0223465870861084,0.881168775672011,0.989223124845879
FAM117A,0.0404077984673577,5.54138219457742,0.0222151778344717,0.881516097486407,0.989223124845879
STARD3,0.0434115695217354,5.42941903091983,0.0221464096337805,0.88169827418172,0.989223124845879
BRD3,0.0368386465717976,5.67082008887184,0.0221152317285718,0.881780964110752,0.989223124845879
FEZ2,0.0469038521533771,5.29541839140703,0.0220880020239669,0.881853231387332,0.989223124845879
RANGAP1,0.0496040037530893,4.83848980599147,0.0220834636430638,0.881865280616,0.989223124845879
ZNF787,0.0410601571414415,5.40868623739828,0.0220747981294167,0.881888290740535,0.989223124845879
NCAPD3,-0.0588521492109495,4.90194270910414,0.0220168794058502,0.882042204921824,0.989223124845879
RTCA,0.0357882566782931,6.18163642166274,0.0219898741277937,0.882114039922413,0.989223124845879
LRRC8B,0.0256316981713996,3.79704733348932,0.0219733912810103,0.882157907037181,0.989223124845879
VPS26B,0.0381150717456777,5.59613193912711,0.0219479848201374,0.882225556224221,0.989223124845879
LRIG2,0.0464127935152215,4.83165113469079,0.0219169930759087,0.882308131412666,0.989223124845879
BPNT1,0.0617347128645736,4.43231318338489,0.0218387141073926,0.882516965921433,0.989223124845879
CAPN2,-0.035863539962981,6.81242382817009,0.0218054423393994,0.882605844953982,0.989223124845879
ARHGAP27,-0.0512560783989798,4.61348083885357,0.021770369304571,0.882699610766148,0.989223124845879
SMCR8,0.0477656770727927,4.70721946245214,0.0217630913782134,0.882719077564949,0.989223124845879
SLC35E1,0.0310244426185993,5.89819335396764,0.0216774656226022,0.882948357211463,0.989223124845879
DERL2,0.028132336842071,6.24628858977963,0.0216729532145674,0.882960452885295,0.989223124845879
NFIA,-0.0968519650946218,3.806187422377,0.0215983431602922,0.883160634647828,0.989223124845879
COG7,-0.0742646068283898,4.1700371955795,0.0215344218389326,0.88333241923618,0.989223124845879
POLR3D,0.053387965886558,5.28246192227031,0.0215321235598474,0.883338600566041,0.989223124845879
OMA1,-0.0517692944175913,5.11173514551589,0.021493482514984,0.883442577983215,0.989223124845879
TAF11,-0.0404435228032187,5.94028300048615,0.0214789642867608,0.883481669090618,0.989223124845879
ACOT13,0.0429391501559871,5.43642274621517,0.0213719440752413,0.883770244099424,0.989223124845879
TIAM2,0.0674193708605152,4.08136335712281,0.0212493460428291,0.884101732377729,0.989223124845879
MOB3C,0.0690523900867741,4.30795113374598,0.0212170558565852,0.884189202993057,0.989223124845879
LAT2,-0.0478439600545568,5.14018408215731,0.021167727718975,0.884322958909955,0.989223124845879
AVEN,-0.0727836560491951,4.44674740977119,0.0210250694958347,0.884710682584132,0.989223124845879
ZNF430,0.0379950871804766,6.06096551285212,0.0209536253846778,0.884905361722588,0.989223124845879
NBPF26,0.0699727107396584,3.78804849817235,0.0209275168443952,0.884976589801344,0.989223124845879
RNASEK,-0.0428488430631903,8.89591702004568,0.0209031427844266,0.885043126905423,0.989223124845879
SNRK,0.0488798521810357,5.91130395577661,0.0208946946078932,0.885066198254893,0.989223124845879
CBX4,-0.0438553281990174,5.72423749755374,0.0208654341136523,0.885146143343007,0.989223124845879
PRRC2C,-0.0146373863513043,9.07828891293471,0.0207879673461484,0.885358073613146,0.989223124845879
AIP,0.0253105011976174,7.14166772322782,0.0207492763118573,0.885464073832723,0.989223124845879
NFU1,-0.0403779652260536,5.52940225506371,0.020722132450345,0.885538498966325,0.989223124845879
ABRAXAS1,0.0690448180730943,4.69443191498682,0.0207167076707329,0.885553379009913,0.989223124845879
IPCEF1,0.0458842773789496,5.73132627297517,0.0206574071661372,0.885716168765219,0.989223124845879
TBP,0.0654228083782531,4.52236438605654,0.0206318544741855,0.885786388674037,0.989223124845879
USP4,-0.0394534289292428,5.61469178446822,0.0205343431808167,0.88605476261814,0.989223124845879
MSC,0.0470912488824836,4.98367944595661,0.0205143623131718,0.88610983487576,0.989223124845879
RAB27B,-0.0764797184600643,3.67250521974422,0.0205063706572233,0.886131869536428,0.989223124845879
METTL8,0.0543901318340575,4.78505836287057,0.0205055930572264,0.886134013775544,0.989223124845879
EXOC2,0.0419241943046873,5.33784766536743,0.0204316567609517,0.886338083650143,0.989223124845879
TXLNG,-0.0432069270512166,5.21802000408302,0.0203469168691335,0.886572436216497,0.989223124845879
HECTD1,0.0481134433196049,6.15156561811116,0.0202473667913488,0.886848384113648,0.989223124845879
ERH,-0.0194311522957503,7.41891179000281,0.020142704639202,0.887139249797872,0.989223124845879
WRAP73,-0.0418110148356752,5.23723004441762,0.0200318466819702,0.887448176138594,0.989223124845879
PRCP,0.0637528034140216,4.16242404434509,0.0200064538609226,0.887519060611934,0.989223124845879
YIF1A,-0.029512300877265,6.22366612217251,0.0199698645617019,0.887621280977546,0.989223124845879
ARAF,0.049229530374628,4.9622199659965,0.0199244252624986,0.88774835884645,0.989223124845879
PRPF38A,0.0299574083341374,5.98745416775469,0.0198468390430833,0.887965682528507,0.989223124845879
PITPNA,0.0451557511547931,5.21136430003147,0.0198078586623325,0.888075032435461,0.989223124845879
VPS28,0.0213621689170312,7.88040266762511,0.0197757474580005,0.888165195005028,0.989223124845879
EXOSC3,-0.0469429967979083,4.94457419142026,0.0197528765790302,0.888229457905506,0.989223124845879
TM2D1,0.0255713880955815,6.26285977100819,0.0197375770459143,0.888272467917843,0.989223124845879
EPC2,-0.037969256623098,5.45741917552332,0.0197273216028684,0.888301307512472,0.989223124845879
NDUFA7,-0.0427177322965319,6.34190078686492,0.0196846675727045,0.888421338096723,0.989223124845879
TTC17,0.0402052899410578,5.91069273303567,0.0196599931026711,0.888490833843249,0.989223124845879
MAP3K12,0.0500830029205419,4.95510157551088,0.0196081020272061,0.888637130511267,0.989223124845879
ANKRA2,-0.0484629184477015,4.894829830649,0.019605814327857,0.888643584769041,0.989223124845879
VPS33A,-0.0409910037958948,5.43944558952266,0.0195733384425338,0.888735250025531,0.989223124845879
CEP97,-0.0443189617040381,4.79709912190574,0.0195425190393692,0.888822311485166,0.989223124845879
PTDSS2,-0.0807159795933834,3.77498173488612,0.0195315503165077,0.888853313819605,0.989223124845879
THAP7,-0.0369312868351483,5.47140971817249,0.0195086860678604,0.888917966577869,0.989223124845879
HMGB1,0.0130779604869266,10.387070598517,0.0194548021452121,0.889070485964748,0.989223124845879
ACTR3,0.0177045836576139,8.48159600540352,0.0194499193146598,0.889084317536571,0.989223124845879
VPS13B,-0.0468555173695583,5.03650403899047,0.01936696822154,0.889319563718556,0.989223124845879
TRUB1,-0.0613081393773671,4.03546731598996,0.0193426985815535,0.889388488572446,0.989223124845879
MIS18BP1,0.0277838021360895,6.82929405909674,0.0192588517620145,0.889626950161121,0.989223124845879
ADD3,0.0497473365906574,6.431504637678,0.0192246782955152,0.889724291741893,0.989223124845879
VPS4A,-0.0366159132780616,5.73682763257249,0.0191887693178678,0.889826671906108,0.989223124845879
TOX4,0.0240894467747061,6.44720795099815,0.0191314998632119,0.8899901552033,0.989223124845879
KDM7A,0.037857946697381,5.20389095281756,0.0190941075733768,0.890097031079277,0.989223124845879
SEH1L,-0.0560904326258075,4.37832719421385,0.0190926850217714,0.890101099168076,0.989223124845879
ZNF146,0.0367205674661098,5.50733392174272,0.0190565011801382,0.890204626531264,0.989223124845879
EIF3A,-0.0190067687546343,7.88046797911854,0.0190347973346512,0.890266772529927,0.989223124845879
CYP51A1,0.0281409617344353,6.06442179556319,0.0190046228985352,0.890353232929661,0.989223124845879
ARL5A,0.0417368371952139,5.78061138257704,0.0188348363747011,0.890841040526406,0.989223124845879
TMX4,0.0192698920800306,7.53123800709738,0.0187906161836295,0.890968455291128,0.989223124845879
MYO7A,-0.0880909656136654,4.46598806228367,0.0187695222560045,0.891029288524466,0.989223124845879
MAP3K14-AS1,-0.0971947177146703,3.5505945166016,0.0187273254925024,0.891151085282045,0.989223124845879
DOP1B,-0.165306205770314,3.93710412296746,0.0187028720711382,0.891221731631741,0.989223124845879
FAM118B,0.0930163206797167,3.81408518865779,0.0186732708195905,0.891307313126543,0.989223124845879
TNFRSF10B,0.0713774808255955,4.02174098602409,0.0186552280419328,0.891359511301754,0.989223124845879
ZFX,0.0358554064889869,6.15179781918504,0.0185077135075815,0.891787242359922,0.989223124845879
LIME1,-0.0891558570849198,7.64403783067996,0.0184725524229989,0.891889450922347,0.989223124845879
USP38,-0.0452349834463205,4.80751105352946,0.0184620367376542,0.891920037852562,0.989223124845879
ATP6V1G1,-0.016550501813812,8.18133973160717,0.018440060083492,0.891983989912922,0.989223124845879
PITPNM1,0.0379958601632044,5.32165370585132,0.0182843904775787,0.892438103940077,0.989223124845879
BABAM2,-0.0461318673942245,5.03429008999513,0.0182222101101992,0.892620044344516,0.989223124845879
GPR35,0.0613834650936635,3.68195836095129,0.0182047816327113,0.892671096944201,0.989223124845879
TRIM41,0.0417669768355087,5.0118402457941,0.0182015870931025,0.892680457289898,0.989223124845879
FLYWCH1,-0.116187720336795,4.29191770042739,0.018198698658157,0.892688921435923,0.989223124845879
SARAF,0.0220816044110491,8.9890896397456,0.0181562506106907,0.89281338834276,0.989223124845879
ATP6V1A,-0.0473597435646257,4.6553964813046,0.0181213184828302,0.892915928098775,0.989223124845879
CRYZL1,-0.044910946703127,5.2174819626094,0.0180998285686336,0.892979059583573,0.989223124845879
RHOG,-0.0236894888119424,6.96743136636771,0.0180936612181508,0.8929971846166,0.989223124845879
GIT2,-0.0303199743439971,6.14340745590101,0.0180899738432991,0.893008022829257,0.989223124845879
PABPC4,-0.0347774402166246,6.07604663538668,0.018081193496986,0.893033835219094,0.989223124845879
RCSD1,0.0254650356080379,6.75374673132326,0.0180601530859796,0.893095715622984,0.989223124845879
CYSLTR1,0.0641256398645298,4.02414116949342,0.0180510504706213,0.893122498026736,0.989223124845879
SSRP1,-0.0350964218826938,5.76108350883703,0.0180508540977904,0.893123075885485,0.989223124845879
YARS2,0.0518258988062436,4.68801312905922,0.0180136184888333,0.893232705563844,0.989223124845879
DCAF6,0.0439691948718036,4.91279411592238,0.0179450138609667,0.893434994874738,0.989223124845879
L3HYPDH,0.0609242391884743,3.7799691883442,0.0179201587372102,0.893508380423423,0.989223124845879
APOBEC3H,-0.0434311179023153,5.94940640524343,0.017865812263711,0.893669020811041,0.989223124845879
ATP6V1D,-0.0293405242655515,6.00885723685254,0.0178168040631661,0.893814095413088,0.989223124845879
FBXO8,0.0562162985568259,4.43984257774559,0.0178012860976331,0.893860074183985,0.989223124845879
TRBC1,-0.0227749007981643,9.04189387785458,0.0177969824515891,0.89387282923322,0.989223124845879
SH3BP1,0.032892088896121,6.30800859635909,0.0176322619829818,0.894362209207232,0.989223124845879
NUDCD3,0.0323294890420784,5.82103327381058,0.0176015789039461,0.894453624443069,0.989223124845879
ACD,-0.0589632768484003,4.83774177116663,0.0175225289937515,0.894689514980531,0.989223124845879
TMEM167B,0.042810202408605,5.08036046104573,0.0174742677894209,0.894833796081156,0.989223124845879
TRIM28,0.029185815443022,6.04269874117908,0.0174655673630397,0.894859828326784,0.989223124845879
CENPF,0.0867512270535028,5.09370723626692,0.0173621321932522,0.895169819991005,0.989223124845879
SLC25A1,-0.0395184471876164,5.49356380187138,0.0173535928751036,0.895195453964398,0.989223124845879
KAT2B,0.0321615647427978,5.53882160555987,0.0172692075527845,0.89544911402067,0.989223124845879
GMPPB,-0.0667413650163633,4.34864793585568,0.0172617887325544,0.895471444919504,0.989223124845879
PITPNB,0.030995220307651,6.48511910418709,0.017217539233215,0.895604738911163,0.989223124845879
CSRP1,0.0487346385877031,5.15259437323643,0.0172028720295181,0.895648959774877,0.989223124845879
TECR,0.0247567848729222,6.71700068547174,0.0171607919139021,0.895775935689957,0.989223124845879
CAPS,-0.113967722278253,4.2725111971282,0.0171501461060366,0.895808084295081,0.989223124845879
ABRACL,-0.0187547041894388,7.95500077650413,0.0170931017861076,0.895980522000298,0.989223124845879
CREM,-0.0467190049073782,6.19627280777789,0.0170077282270178,0.896239143049444,0.989223124845879
MDFIC,0.025754199846764,7.55513247742381,0.0170046771218715,0.896248397927812,0.989223124845879
GAS5,-0.0368013491028589,8.91194843490309,0.0169991438520114,0.8962651840793,0.989223124845879
NTPCR,-0.0631886793908039,4.97430056934381,0.0169052570344661,0.896550430985034,0.989223124845879
LINC00426,0.0406802146040421,4.92814303856196,0.0168913049398149,0.896592888914406,0.989223124845879
TINF2,-0.0399739294020766,5.80273272537508,0.0168549493754711,0.896703607180878,0.989223124845879
FURIN,-0.0416188395931355,5.43083932089863,0.0168354787539613,0.89676295349348,0.989223124845879
LRRC47,0.0367342904927977,5.17801490513065,0.0168354659551646,0.896762992515592,0.989223124845879
SND1,0.0330128831187294,5.71680213921169,0.0168322071829543,0.896772928641727,0.989223124845879
SATB1,0.0454152241265684,5.67695359086893,0.0168254561599994,0.896793515891572,0.989223124845879
MRPL48,0.0400932724539911,5.09117871444123,0.0167994710716819,0.896872796657466,0.989223124845879
CNOT8,0.0314384017950359,5.86952218442769,0.0167676425057941,0.896969990931848,0.989223124845879
NIBAN1,-0.0511022488246336,6.91181793593105,0.0167668942661479,0.896972276944648,0.989223124845879
HAGH,-0.0259510811740352,6.45366721735663,0.0167252860108782,0.897099479716842,0.989223124845879
AHI1,0.064332656444955,5.42982565165732,0.0167159136087562,0.897128154769586,0.989223124845879
HLTF,-0.0415362650061093,5.59237124085757,0.0167154459963932,0.897129585653051,0.989223124845879
OSER1,0.0442667944849658,5.10199885492815,0.0167150162845964,0.897130900579566,0.989223124845879
AGPAT5,-0.0545702954599018,4.7270415139677,0.0167035728577609,0.897165924014276,0.989223124845879
CDKN3,0.0737491900254786,3.93398428670749,0.0166879953746566,0.897213619635853,0.989223124845879
NAA15,-0.0306671961278965,5.73736746084265,0.0166397042844419,0.897361622803517,0.989223124845879
TACO1,-0.0639829951118216,4.43190599875257,0.0166122771486208,0.897445779078788,0.989223124845879
BNIP2,-0.0329085841211609,6.47241537407749,0.0165970505740987,0.897492530152397,0.989223124845879
DCPS,0.0413884852119088,5.20357643721021,0.0165484979699286,0.897641749924557,0.989223124845879
PREP,-0.0433983976239245,4.79854083866016,0.0165193048126273,0.897731578231301,0.989223124845879
ATP6V0B,-0.0226518780413652,7.42772127598965,0.0165177524742806,0.897736357085917,0.989223124845879
TMEM94,-0.0640081066448937,4.08858807921329,0.0165017020394309,0.897785781541116,0.989223124845879
SOAT1,-0.0432987664704962,5.46763340273161,0.0164873170324356,0.897830098373738,0.989223124845879
NCL,-0.0161232343372411,9.18937746089694,0.01641433857246,0.898055231239813,0.989223124845879
IL4R,-0.0439694802579413,5.47962362874692,0.0164000393431429,0.898099402810401,0.989223124845879
AKAP11,0.0307892097233251,5.5825027362686,0.0163679064239073,0.898198735674151,0.989223124845879
MAGED2,-0.0355691124086445,6.27205630950143,0.0163599933925909,0.898223212522451,0.989223124845879
HDAC7,-0.0413853733498238,5.61977010730156,0.0163341944989917,0.898303056318346,0.989223124845879
ETS1,-0.0148142251643806,9.1617841303357,0.0163341636097023,0.898303151954567,0.989223124845879
PCGF5,-0.0265501012787548,6.35665034621798,0.0163233363249589,0.898336679936798,0.989223124845879
DDX3Y,0.0374659847525581,6.52093680964228,0.0162827896669739,0.898462338024423,0.989223124845879
VPS37A,-0.0403144920977051,5.10006953980879,0.0162469907519238,0.898573414618093,0.989223124845879
FBXO38,-0.042521931622122,4.62859635690635,0.0162354017070676,0.898609399657191,0.989223124845879
SLC25A32,-0.0446789965553049,4.72447106804384,0.0162067810248914,0.898698325438382,0.989223124845879
INPP5F,-0.0718397942894672,4.08662801436069,0.0161563375053326,0.898855250249568,0.989223124845879
B3GAT3,-0.0302752092128894,6.25502349144333,0.0161207927731013,0.898965975959791,0.989223124845879
GIMAP2,-0.0364586219832873,6.03682456709717,0.0160854832624331,0.899076091806153,0.989223124845879
TMPO,0.0256549241274887,6.90052270703857,0.0160807881520562,0.899090743171623,0.989223124845879
PSTK,0.0670878835896814,3.79187278871797,0.0160455576093419,0.89920075154036,0.989223124845879
CMC2,-0.0218259973215598,6.79430142798343,0.0158094942458007,0.899941053486725,0.989240234410336
XRCC5,-0.0188992376798201,8.04274573248775,0.0157854470746788,0.900016780344341,0.989240234410336
CDK16,-0.0614496808714788,4.35976904100172,0.0157747218057267,0.900050574142087,0.989240234410336
SGO2,-0.0674815809605135,3.85988497667823,0.0157277175598907,0.900198815658449,0.989240234410336
SREK1IP1,-0.024294372342335,6.76403269981667,0.0157226460831144,0.900214823471018,0.989240234410336
NME1,-0.0571767974188678,5.24983794586638,0.0157223928924637,0.900215622720859,0.989240234410336
NAA40,0.0462637372102482,4.42909103167284,0.0156938376308489,0.90030580542239,0.989240234410336
PHF10,0.0382688715085114,5.70199441141792,0.0156862468031562,0.900329792652254,0.989240234410336
FOXK2,-0.0409848204633194,5.25562197269168,0.0155874328594763,0.900642586970281,0.989240234410336
FHOD1,-0.0435922882379599,4.80481553641159,0.0155488788202796,0.900764902293492,0.989240234410336
ATP1A1,-0.0170287878544688,7.16063627463022,0.0155310523305907,0.900821510113367,0.989240234410336
SPCS1,-0.0132632561740092,8.1652386243388,0.0154691373660505,0.901018377117544,0.989240234410336
TCTN3,-0.0435918890310724,5.16290130566763,0.0154284155640916,0.901148075764301,0.989240234410336
DDX50,-0.0409618655756737,5.92329023868523,0.0153844647445176,0.901288253983605,0.989240234410336
UBALD1,-0.0606501250192656,4.24617720339743,0.0153631974275363,0.90135615767101,0.989240234410336
MFSD1,0.0402367835389616,4.8492045948287,0.0153245168957596,0.901479781855395,0.989240234410336
ABHD13,-0.0507708318384047,5.20204437951222,0.0153181908665161,0.901500015107917,0.989240234410336
TRMT2B,-0.0569767425761062,4.38254714765136,0.0153109990073048,0.901523022795238,0.989240234410336
LRP5L,-0.0675418355557394,3.70069535781064,0.0153003635835915,0.901557056948467,0.989240234410336
ZBTB24,-0.0385473244807819,5.22717233814189,0.0152970101949741,0.901567790533633,0.989240234410336
NABP1,-0.0505934824269033,6.0278256310671,0.0152443469511319,0.901736512909216,0.989240234410336
GOT2,-0.048962191173846,4.86959892681202,0.0152402554334472,0.901749633681743,0.989240234410336
DAD1,0.0203208480521218,8.28177091952195,0.0151260695599795,0.9021165314903,0.989240234410336
GIN1,0.0557346248054158,4.12648245114196,0.0150899856225095,0.902232767184691,0.989240234410336
TRIM4,0.0351826006991045,5.39377719873731,0.0150629084669482,0.902320082381631,0.989240234410336
TRBV28,0.0888962356145033,4.92150996934551,0.0150410885184336,0.902390502740366,0.989240234410336
KIF3B,0.0359688653518455,5.08970837991889,0.0149662037606149,0.902632576341097,0.989240234410336
HGSNAT,-0.0405261073706509,5.1236834259722,0.0149398421868767,0.902717939393028,0.989240234410336
MAST4,0.0515682308053652,4.87994054153853,0.0149338761184126,0.902737269095094,0.989240234410336
SETD5,-0.0288574472549759,6.31896168931285,0.01490984000454,0.902815184379742,0.989240234410336
KDELR1,0.0280588880733928,6.377453529088,0.014892984109526,0.902869862350505,0.989240234410336
VMA21,-0.0271434693178602,6.34541918516667,0.014807557435649,0.903147457667361,0.989240234410336
EDC4,-0.0263393787488263,3.93610923107479,0.0147595599045847,0.903303783015701,0.989240234410336
NDEL1,-0.0383937408773524,5.28614335873881,0.014726829710515,0.903410531438647,0.989240234410336
C18orf32,-0.0337270132764716,7.0877951161015,0.0146743578496462,0.903581918122184,0.989240234410336
PMF1,0.0323791773103729,6.13614230316309,0.014660017156821,0.903628812615853,0.989240234410336
CXCL13,-0.123080821444082,4.96329684750005,0.0146218297368748,0.903753800237814,0.989240234410336
TSC22D3,-0.0397075127758265,9.58747064453269,0.0145780273863103,0.90389736964471,0.989240234410336
POLD1,0.0861185208444591,3.55403748666106,0.0145523042955951,0.903981783309484,0.989240234410336
PIAS1,0.0226962719703988,6.21023259964783,0.0145296758293334,0.90405610416379,0.989240234410336
MYL6B,-0.0838919913741795,3.93131345133523,0.0145079048181351,0.904127664235301,0.989240234410336
SNRNP40,0.0364322234008278,5.6759505034123,0.0144797742821083,0.904220208413511,0.989240234410336
TOP1MT,0.050328450055632,4.08938520351574,0.0144388510171041,0.904355001254685,0.989240234410336
SLU7,0.0246666856980998,6.3112910519943,0.0144057369366006,0.90446421414607,0.989240234410336
TTYH3,0.0570928399179862,4.0096313421075,0.0143826800688736,0.904540332756554,0.989240234410336
TMEM209,0.0344185412040549,5.09753119979178,0.0143670867978791,0.904591846567095,0.989240234410336
RAP1GDS1,-0.0339080442396931,5.59770430151213,0.0143104172600808,0.904779298815005,0.989240234410336
SAMHD1,-0.0204998937634935,7.49943845801569,0.0142917162227718,0.904841240944527,0.989240234410336
CYBA,0.0105550802866108,9.74640250874461,0.0142676789421188,0.904920918341408,0.989240234410336
FADS1,0.0424003143828748,3.99592427756819,0.0141774790895539,0.905220516316097,0.989240234410336
TMEM101,0.0428073923651516,4.91921003853939,0.014099765928119,0.905479415894966,0.989240234410336
UFSP2,-0.0386020709905634,5.5468576308481,0.0140823386650979,0.905537573662359,0.989240234410336
ZPR1,0.0351223216529698,5.51229110621234,0.0140424058299047,0.90567097415141,0.989240234410336
POLL,0.0753151398334152,4.33563419806863,0.0139420100207097,0.906007210655178,0.989240234410336
TMCO1,0.0199957895240956,7.69243981420691,0.0138637337089449,0.906270219058065,0.989240234410336
MECP2,0.0189361397088036,6.83159887872564,0.0138154834196449,0.906432715186353,0.989240234410336
DESI2,-0.0359661321127054,5.20602215489841,0.0137368495384074,0.906698154091035,0.989240234410336
PNPLA4,-0.0685410173405798,3.72448827224914,0.0136962481068839,0.906835511027013,0.989240234410336
EXOC6,0.0385603906708283,5.24494830401063,0.013624650854279,0.907078232375282,0.989240234410336
CDC40,-0.0237112340210592,6.69024596605357,0.013552642490275,0.907323000327319,0.989240234410336
ACTL6A,-0.0407410707303167,5.16414212785027,0.0135461101238583,0.907345237457801,0.989240234410336
TCF20,-0.0390054244543011,5.03777039793774,0.0134948988828221,0.90751975664192,0.989240234410336
RNF2,-0.0492527615124363,4.77063931390742,0.0134893235136069,0.907538776793349,0.989240234410336
CLCC1,-0.0419851557211638,4.48428111812878,0.0134816766290502,0.907564870317431,0.989240234410336
ANKRD36B,-0.0399710441006575,4.86205025111775,0.0134741277285784,0.907590636847113,0.989240234410336
CCDC97,0.0381603241439686,4.98611538415581,0.0134528923847963,0.907663158331127,0.989240234410336
LINC02195,-0.0595425095967768,4.35067674898862,0.0134337298008447,0.907728650875325,0.989240234410336
PPWD1,0.0330401328463266,5.80563273846853,0.0133792971050077,0.907914945800165,0.989240234410336
FRMD4B,0.0386481397355183,5.82901460869551,0.013367072184014,0.907956838154448,0.989240234410336
TOR1AIP1,-0.0412201156132514,5.95423715305387,0.0133492143840428,0.908018068161802,0.989240234410336
SYNGR1,-0.106724575096107,4.87013468639536,0.0133287217671487,0.908088383469656,0.989240234410336
ICMT,-0.0399112973051101,4.61544606781877,0.0133156017071734,0.908133430449356,0.989240234410336
HENMT1,-0.0355075993063793,5.06239939736628,0.0133017628244048,0.908180969843098,0.989240234410336
MYO9B,0.0275703965373134,6.62803265315811,0.0132079303316104,0.908503966777307,0.989240234410336
ZNF22,-0.0278247994109181,6.04979398501399,0.0131499418414212,0.90870416037613,0.989240234410336
RAB39B,0.0476041031964628,4.41255592443339,0.0131414909781427,0.90873337258932,0.989240234410336
TFPT,-0.0400581535318266,5.18159079433898,0.0131266022162286,0.908784861934684,0.989240234410336
METTL9,-0.0215194406697352,6.9882861141423,0.0131244830925272,0.90879219283925,0.989240234410336
ZCRB1,0.0184767786614523,6.97853308779015,0.0130957343233717,0.908891705747111,0.989240234410336
WDR89,0.0459165934145999,4.42278169954531,0.0130907896708727,0.908908832646581,0.989240234410336
QSER1,0.0462401171659474,4.06448991333822,0.0130437996258443,0.909071756898327,0.989240234410336
DNAJC24,-0.0433673369252718,4.42229418247962,0.0130248562295705,0.909137521659777,0.989240234410336
EPHA1-AS1,-0.0578723765224887,4.86398535546914,0.0128711205524326,0.909673039434288,0.989240234410336
ZEB2,0.0328295452259759,6.81286775580917,0.0128357305166418,0.909796773887254,0.989240234410336
PLEK,0.105558816113826,4.91245972539564,0.0128332474740986,0.909805461850242,0.989240234410336
PRKAG2,-0.0321030380757845,5.71108736858202,0.0128310378935055,0.909813193708052,0.989240234410336
SKP1,0.010645809839745,8.83106921836913,0.0128194210432611,0.909853854977436,0.989240234410336
ERICH1,-0.0192559422740596,6.83336673785965,0.0127835703694252,0.909979457201375,0.989240234410336
MAPK1IP1L,0.0204526504739307,6.42853756671317,0.0127557809017098,0.910076939896161,0.989240234410336
NSMCE1,-0.0273995073151175,5.87480266050238,0.0127522577491472,0.910089306443981,0.989240234410336
DAZAP1,0.0234452799688838,6.26328181737388,0.0127179856644624,0.910209694594002,0.989240234410336
MPND,-0.0508730690562247,4.37741130283647,0.0127104641851226,0.910236137399685,0.989240234410336
GPBP1L1,0.0249891000984104,6.35997514290062,0.012671103111952,0.910374646127234,0.989240234410336
RPS19BP1,0.0151371604891194,7.41743142646964,0.0126212555338618,0.910550369119521,0.989240234410336
LDAH,-0.0834005986036271,3.96724053337931,0.0126158760797708,0.910569353795475,0.989240234410336
TAF5L,-0.0447932878113624,4.50776894611646,0.0125592154027192,0.91076956492747,0.989240234410336
LPGAT1,0.0258002619492347,6.04216501982633,0.0125128442297502,0.91093375850372,0.989240234410336
ATG2A,-0.0429220858013556,5.1597861071464,0.0124631462586819,0.911110074146779,0.989240234410336
CLPX,-0.0302724107834613,5.35273899755298,0.0124568246929009,0.911132526936617,0.989240234410336
LRRC8C,-0.0364259385175898,5.05438674937634,0.0124524639799617,0.911148018577087,0.989240234410336
TMEM259,-0.0224332806419352,6.7451109154498,0.0124174153360173,0.911272630426073,0.989240234410336
CTU2,0.0563636945266342,4.07093549883576,0.0124115269170044,0.911293583555502,0.989240234410336
TMBIM4,0.0152193288861599,7.91350739928406,0.0123998762534292,0.911335055673038,0.989240234410336
BICRA,-0.0619670577110779,3.70446297081823,0.0123687020194403,0.91144612168748,0.989240234410336
LPXN,0.0248317337194833,6.51786582672301,0.0123619939665858,0.91147003932463,0.989240234410336
GPM6B,0.0423502205144812,4.20386722760117,0.0122945525413414,0.911710868466708,0.989240234410336
RBM15B,0.0318773661769246,5.06210709449995,0.0122780159475067,0.911770021625114,0.989240234410336
FAM168A,0.049237397400022,3.89523983713487,0.0122244573395314,0.911961883781634,0.989240234410336
TRGV3,-0.0608364510168609,4.18512000534195,0.0121959223773231,0.912064277856091,0.989240234410336
PIK3IP1,-0.032630472242105,6.51253834652981,0.012184919826943,0.912103791490062,0.989240234410336
TMEM65,0.0332872872706673,5.82169678778227,0.0121556275795243,0.912209077319976,0.989240234410336
ATP5MC2,0.0126304309156497,9.09310847506416,0.0121533681203978,0.912217203879663,0.989240234410336
GTF2B,0.0365082863836224,6.0216921679054,0.0121405663435894,0.912263262266378,0.989240234410336
CCS,-0.0325550973921372,5.6917018608562,0.0120969366826316,0.912420418491125,0.989240234410336
ARHGEF3,0.02498245052825,6.72279021382433,0.0120806276309047,0.912479238147013,0.989240234410336
SUPT7L,0.0420614990396045,4.85818706515272,0.0120805570046443,0.91247949295257,0.989240234410336
SPAG9,-0.0202865286477943,6.52500085373076,0.0120706359103551,0.912515293789059,0.989240234410336
UTP20,0.0423426775553339,4.51236579142252,0.0119926245577062,0.912797322664531,0.989422729997436
NR2C2,-0.0325717815285558,5.2184329535493,0.011954427652487,0.912935751744097,0.989449545134355
CHCHD10,-0.0223085332970736,7.35881710512412,0.0118376984236015,0.913360181842118,0.989786285963386
HOXB-AS1,0.0449098865879763,4.52676691836497,0.0117102414077657,0.913826043822923,0.989983523636791
EMC9,0.0376375673496679,4.64894036201671,0.0116917933112717,0.91389368466505,0.989983523636791
CHST7,-0.0684296574868545,4.03234707657845,0.0116408434858428,0.914080775625987,0.989983523636791
MAN1C1,-0.0491852328227746,4.6540291458182,0.0116270601075179,0.914131460205894,0.989983523636791
BCAS2,-0.0234025732676091,6.13543785517358,0.0116062552850629,0.914208021806151,0.989983523636791
SPATA13,-0.0283614087491208,6.41086281871134,0.0115829261870335,0.914293955330575,0.989983523636791
POC5,0.04322882574927,4.44444227259549,0.0115543080823777,0.914399490740077,0.989983523636791
RGS18,-0.0429668141296212,4.00709145559377,0.0115353405890595,0.914469510311977,0.989983523636791
HAUS8,-0.0444507954152053,4.24986494377611,0.0114852692965179,0.914654631565048,0.989983523636791
BCL10,-0.0278524396063861,5.65427117763192,0.0114784946747832,0.914679709705095,0.989983523636791
ACER3,-0.0511025746665653,4.41793544338799,0.0113165301658107,0.915281510435801,0.990511686809597
ZFP36L2,0.0244917364531671,9.67582985331238,0.0112468166613553,0.915541880444142,0.990670270484318
CYB561D1,0.0381833030507089,4.23147605904007,0.0111877198718169,0.915763238321476,0.990723687152861
UIMC1,-0.0248233714890717,5.64968743207438,0.0111603337386637,0.915866018554937,0.990723687152861
DMAC2,-0.0374912278494776,4.73497768085953,0.0111425691490687,0.915932757305747,0.990723687152861
CTSA,0.0402586532864067,6.38200651182299,0.0111078404933984,0.916063382923153,0.990741844361898
LNPK,0.0306813823613691,5.63099893819988,0.0110531641761327,0.916269457220792,0.990830563914061
NUDT22,0.0225787286216075,5.86525559966453,0.0110257132385687,0.916373113747476,0.990830563914061
MRPL10,-0.0281372459605918,5.33134145232063,0.0108763852898068,0.916939285047856,0.990843941537194
UBC,-0.0136009318513833,10.1183550355666,0.0108714288908374,0.916958144204978,0.990843941537194
NADK,0.0367483632200278,4.54163476232705,0.0108638644852537,0.916986935237762,0.990843941537194
NCOA4,-0.0230238749492159,5.86724244732737,0.0108621285924535,0.91699354368273,0.990843941537194
MOV10,0.0611986679299397,4.13535621679051,0.010850904884574,0.917036284588286,0.990843941537194
PRMT1,0.0263777591590901,6.50655564606734,0.0108424251048369,0.91706859118489,0.990843941537194
TTC9,0.0596609550818237,4.37534311467255,0.0107430839441633,0.917448020329958,0.990915361849232
TNRC18,-0.0385197813799463,5.04797228472956,0.0106975484428631,0.917622533717947,0.990915361849232
ATG4B,-0.0311506391614463,5.29394058271038,0.010690035522078,0.917651362804959,0.990915361849232
TERF2,-0.0331883373618557,5.09776222599889,0.0106751776856093,0.917708406460671,0.990915361849232
TRAPPC8,-0.0339969453701679,4.93934989074212,0.0106733952396603,0.917715252495696,0.990915361849232
SET,0.0081480609993753,9.29769158883478,0.0106406053834469,0.917841295306637,0.990915361849232
NME6,0.0318354596387698,5.25167149414496,0.0106093284836888,0.917961705403745,0.990915361849232
TBC1D10A,-0.031608029109048,5.30733216403307,0.0105875728646474,0.918045566194457,0.990915361849232
HSPBAP1,-0.0439041008164918,4.46875618228322,0.0105446683672294,0.918211204555372,0.990971244202059
PPP2CA,-0.0208737259143011,6.30768551137906,0.0104298185393148,0.918656280480089,0.991053827632247
VRK3,-0.0299011596728361,5.46216537620357,0.0104277797235568,0.918664203783952,0.991053827632247
MESD,-0.0175693598360029,6.77285177667961,0.0104099837519023,0.918733396252556,0.991053827632247
PLEKHN1,-0.051606354964786,3.80569129234809,0.0104074572631667,0.918743224329194,0.991053827632247
ARMH3,0.0421646884276323,4.54519038573572,0.0102409303871411,0.919393695437341,0.991632585375038
DYNLT1,-0.0201805210097341,6.72535260404558,0.0101821213791347,0.919624684622523,0.991758814159829
TAGLN2,-0.0275181068812825,9.11169843544682,0.0101243391570307,0.919852298052749,0.991781575913681
TIMM8A,-0.0616922235310585,3.94016350321248,0.0100579992758139,0.920114432039063,0.991781575913681
NEK1,-0.0314788121847357,4.8178957526308,0.0100380911227465,0.920193266916252,0.991781575913681
SHISA5,0.0229076185884626,7.02150635121418,0.0100202797015001,0.920263865834042,0.991781575913681
NOP2,-0.0710309486267079,3.98429012962655,0.00990701199161492,0.920714314424093,0.991781575913681
WWP2,0.0308223462975409,4.93638224267958,0.009906465009756,0.920716495980356,0.991781575913681
RAB1A,0.0205691030721606,6.09517834924291,0.00986378123038989,0.920886921889036,0.991781575913681
YIPF1,-0.0458503665684002,4.6893360365118,0.00979569408234227,0.921159549853263,0.991781575913681
SLC36A4,0.0358975109900017,4.77274744206521,0.00979275215295417,0.921171351171628,0.991781575913681
HIRIP3,-0.034202254368293,4.9928858572643,0.00976936110955862,0.921265246270248,0.991781575913681
FOXN3,0.0197360915769148,7.16472082721646,0.00968946336838528,0.921586826596026,0.991781575913681
MRPL27,-0.0218453454746877,5.86912075210245,0.00965365812727015,0.921731373375829,0.991781575913681
IKBKE,-0.0428933954116156,4.39518900221681,0.00965333114484679,0.921732694659185,0.991781575913681
MOB3A,-0.021569690780336,6.06623971326935,0.00962952189669863,0.921828964792557,0.991781575913681
AGTRAP,-0.0211252925485731,6.35245908820972,0.00959241876283023,0.921979227167501,0.991781575913681
TAP1,-0.0242728214554891,7.39113766986868,0.00953012833850764,0.922232155720156,0.991781575913681
ABCD4,0.0396535292696431,5.1157143548647,0.00950983054203292,0.92231475452796,0.991781575913681
ZNF280D,-0.0248497039025758,5.42938222622992,0.00950429988050772,0.922337276140448,0.991781575913681
SMIM15,-0.0218460222181852,5.71503759455297,0.00945291889579636,0.922546823562963,0.991781575913681
RNF11,-0.0341962597667511,5.1892743728432,0.00944415522449304,0.922582621841976,0.991781575913681
ATG5,-0.0227831840197785,5.84788611051976,0.00937015074095626,0.922885590080879,0.991781575913681
MRM3,0.0409753953319754,4.27899039682044,0.00936029029337249,0.922926048981165,0.991781575913681
HSP90AB1,-0.0138629546865704,9.60114948678489,0.00934675445504141,0.922981623609471,0.991781575913681
MAP2K2,-0.0165642981930289,7.503900409224,0.00930197863111459,0.923165751483043,0.991781575913681
SIRT1,0.0310958697871441,4.85911756761302,0.00928799594702312,0.923223342912959,0.991781575913681
LBR,-0.016286016925521,7.03779411700972,0.00927459541794562,0.923278577654694,0.991781575913681
CNTRL,0.0257632311486666,6.72040201771784,0.00927241733479178,0.923287559153548,0.991781575913681
TBCB,-0.0187921763753809,7.38439229167131,0.00924335132121001,0.923407517224551,0.991781575913681
LINC00467,-0.0599319263076633,3.71890289071513,0.00923049151127486,0.923460651559083,0.991781575913681
CD2,-0.0138062614500613,10.39479904197,0.0092087653256776,0.923550505038908,0.991781575913681
HNRNPR,-0.0115507451895012,7.7204030048822,0.00918363016362989,0.923654590669509,0.991781575913681
DNAJC17,-0.0327613193360323,5.0125872550292,0.00916542936964149,0.923730050586425,0.991781575913681
IL7R,-0.0394702677229541,8.17609482468695,0.0091555772014047,0.923770928907973,0.991781575913681
CCDC9,0.04591336463245,4.15531493819238,0.00912255976279042,0.923908085957384,0.991781575913681
MAFK,-0.0393750464056925,4.33067539464209,0.00912132321650105,0.923913227530299,0.991781575913681
PDCD4,0.0174276648286419,8.10548544475662,0.00910062076343721,0.923999360846227,0.991781575913681
TMEM245,-0.0294441691400499,5.63402127650939,0.00905712333837982,0.924180656138966,0.991781575913681
FAM76B,-0.0236723151015021,5.69455368371418,0.00905574458236913,0.924186409906256,0.991781575913681
YWHAE,0.0157684806983341,7.68883840430005,0.00903690159952575,0.924265088999539,0.991781575913681
PRMT2,-0.015554918119594,7.67093315920382,0.00896098737618445,0.924582911257196,0.991781575913681
TNRC6A,0.0203243265034647,6.141416956883,0.00893925047603617,0.924674164826402,0.991781575913681
SIAH1,-0.0393237911211735,4.77842551260534,0.00891445442777439,0.924778397775233,0.991781575913681
TRIM25,-0.0275312585716292,5.11328871792514,0.00889784655672798,0.92484829261549,0.991781575913681
CD151,-0.0363276466757072,5.35262716686677,0.00889416710677438,0.924863786619754,0.991781575913681
CENPE,0.0134755437944979,4.03196438026477,0.00888383671127002,0.924907304758382,0.991781575913681
IQCE,0.0395527887394403,3.78468950513766,0.00884832739205876,0.92505708740925,0.991781575913681
GPR82,0.0313379480425469,5.06202174752383,0.00881335726337085,0.925204892316087,0.991781575913681
HEBP2,0.0153614661442891,7.01745801350047,0.00867238161242057,0.925803761874163,0.991781575913681
ATF1,-0.0268488557836878,5.35481134368687,0.00866416539925297,0.92583881551898,0.991781575913681
TUBGCP3,0.0316667228167836,4.80024663234277,0.00860735361867882,0.926081657382268,0.991781575913681
IPO8,-0.0297260627106508,5.04938826124271,0.00859993981664076,0.92611340722063,0.991781575913681
ELOVL6,-0.0669527685882188,4.60811022067514,0.00856497009320023,0.926263352593102,0.991781575913681
PTPN1,-0.0245661281606146,6.88836358818592,0.0085199280612116,0.926456942295163,0.991781575913681
ZNF250,-0.0504231688925613,3.83446322515355,0.00841361560543064,0.92691592772961,0.991781575913681
COQ10A,-0.0391932145659889,4.5094859186199,0.00836168739807519,0.927141181658667,0.991781575913681
EOMES,0.0564896817217637,5.26623803699127,0.00834981009859348,0.92719280197796,0.991781575913681
VPS11,-0.0323839035002166,4.64333650574069,0.00831786677444413,0.927331815858417,0.991781575913681
GINM1,0.026262216309349,5.61372147264924,0.00830177409229549,0.927401951419599,0.991781575913681
PDK3,-0.0357065545803638,4.73512298339147,0.00828876493219966,0.927458698407248,0.991781575913681
LRPPRC,0.032977490355074,5.92276805756676,0.00825641902762797,0.927599988725239,0.991781575913681
SOD1,-0.00807836306751468,8.43632713901906,0.00824662537048226,0.927642823466687,0.991781575913681
C1orf159,-0.0473484813817727,3.9509378492885,0.00824491416977224,0.927650310415599,0.991781575913681
NCOA7,0.0182080811003616,6.81333688719139,0.00820799979972975,0.927812011537836,0.991781575913681
ANP32A,-0.0123329736512213,7.2885605938114,0.00817712270027649,0.927947548552526,0.991781575913681
LINC00299,-0.136831686523535,3.75125888466364,0.00814620965702062,0.928083502031695,0.991781575913681
ENPP4,-0.0515952140938649,4.42986739939904,0.00814348894999029,0.928095479959413,0.991781575913681
ADD1,-0.0203840608858934,6.70726556390547,0.00813836516822519,0.928118042914731,0.991781575913681
GK5,0.041623122390356,4.64258639815474,0.00812591062145529,0.928172917315056,0.991781575913681
TDP1,-0.0359856511832782,4.68644339680671,0.00812456975040732,0.928178827684145,0.991781575913681
YIF1B,-0.0329700847400677,4.78509299690559,0.00812110636219288,0.928194096082905,0.991781575913681
IDNK,-0.0385828026107256,4.56574855054948,0.0081059693631218,0.928260866322039,0.991781575913681
CAMKK2,0.0357432860660242,4.29643083508827,0.0081038227498027,0.928270340252789,0.991781575913681
PTPN7,0.0217666152206255,7.69862343288639,0.00809718557537664,0.928299640971906,0.991781575913681
CDR2,0.0271259928565348,5.32907764186421,0.00807884859961661,0.928380655055953,0.991781575913681
TIGAR,-0.051911426060411,4.62526323871499,0.00807568226733224,0.928394653521208,0.991781575913681
AGO3,0.0169987793103417,6.34280049507561,0.00806791795393025,0.928428991534719,0.991781575913681
DAXX,-0.0170741554168778,6.23778927837686,0.00804770303824398,0.928518471092679,0.991781575913681
PARK7,0.0114808140120437,8.20026517745634,0.00804407087236037,0.928534560558965,0.991781575913681
ACBD3,-0.0236490591106499,6.10329588489907,0.00800471946008585,0.928709111457249,0.991846287521468
ARMC5,0.0494959059408,3.85747353794935,0.00786862833537683,0.929316128920958,0.99237279386492
CTPS1,-0.0423651028073135,4.32683048565997,0.007807899677168,0.929588708031052,0.992470811660042
DYRK2,0.0226871547513339,6.4711101007188,0.0077973888148648,0.929635994100041,0.992470811660042
HINT1,0.00851341502963226,9.47333491261947,0.00771890511678564,0.929990095186267,0.99249242824292
LIMD2,-0.0113933869990782,8.21180968867031,0.00770912450376926,0.930034350034154,0.99249242824292
GPN3,-0.0249059788661204,5.11057017415562,0.00768661152449646,0.930136323305751,0.99249242824292
EXOSC10,0.0262691016198913,5.20218522438371,0.00763182710447374,0.930385101551494,0.99249242824292
ZNF699,-0.0409641848774898,4.68874092890458,0.00762016170266122,0.930438190679926,0.99249242824292
PIK3C2A,-0.0253171280809806,5.16002991495667,0.00761411579160942,0.930465721671535,0.99249242824292
TAF15,-0.0180842947584311,6.85754517668192,0.00759049330432049,0.930573396049202,0.99249242824292
CCDC125,-0.0486852572082006,3.69344755340011,0.00758855827473681,0.930582223642387,0.99249242824292
NPAT,-0.0214913376955115,5.62453447597223,0.00756234379847065,0.930701925855125,0.99249242824292
METTL4,0.0346011073703286,5.23613737069252,0.00754163299080091,0.930796644756833,0.99249242824292
PUF60,0.0168579852505807,6.66768973563398,0.00745821462544072,0.931179483970087,0.992558244282903
RHOF,0.0200640110923426,7.16386457757382,0.00736554808569778,0.931607304326451,0.992558244282903
LINC01409,-0.193343163452587,3.52337353738781,0.00735608818574818,0.931651130666727,0.992558244282903
MYO1C,-0.0387769296031553,4.59800600733192,0.00732504174718685,0.931795164119274,0.992558244282903
SHFL,-0.0613451791170277,6.13820470922513,0.00730774906627119,0.931875523235289,0.992558244282903
HDAC5,0.0249436259594521,4.98343190290498,0.00729881751856354,0.931917065660548,0.992558244282903
C1GALT1C1,-0.0263897064685796,5.05605433947963,0.00729000801759483,0.931958065510208,0.992558244282903
SRSF11,0.0105237668362448,8.11773463432146,0.00725651458666476,0.932114173822424,0.992558244282903
IL2RG,-0.0151490256768638,9.02395377304533,0.00723605225234891,0.932209724590379,0.992558244282903
SPDL1,0.0540947656006414,3.60306445533908,0.00720840729914585,0.932339031635287,0.992558244282903
KATNA1,0.0242697309588775,5.38897687778656,0.0072044611819031,0.932357509636147,0.992558244282903
LIG1,-0.0340941539892442,4.81687229191075,0.0071859364574749,0.932444321303046,0.992558244282903
UQCC1,0.0323448886530738,4.06413411888332,0.00716368865900918,0.93254872934908,0.992558244282903
CCDC7,0.0291892885022319,4.55400291503586,0.00715704675238449,0.932579931197784,0.992558244282903
DNAJB11,0.02245199846194,5.90729156490225,0.00715415038154532,0.932593542116227,0.992558244282903
PPIA,-0.00602115899708172,9.56414893483719,0.00713510001609663,0.932683134751876,0.992558244282903
ANP32E,0.0161309382297344,7.43330778423093,0.00707315171635159,0.932975309399388,0.992747783066742
PDCL3,0.0175669654789135,6.22398900666208,0.00704540845821811,0.933106576118082,0.992766079701182
ERLEC1,-0.0182306606861519,6.63906937954452,0.00699190999409893,0.933360440055257,0.992796483737898
SAFB2,-0.0158469642482949,6.25723354618661,0.00699130774210843,0.933363303452083,0.992796483737898
RECK,-0.0693012282511008,3.97881932862827,0.00684974300802033,0.934039851340809,0.993394699525731
CD164,0.00931156668142993,7.69686256064828,0.00675393056990714,0.934501747721533,0.993764505183346
CCDC174,-0.0173309294401,5.94117781617143,0.00661604590828091,0.935172295723635,0.994252713295222
TTC7A,0.0259887458789293,4.85945337648657,0.00661256245430764,0.935189326787853,0.994252713295222
USP33,0.0182260846838165,6.23887648196551,0.00657799830706196,0.935358560744517,0.994284309872462
CASS4,0.0406585292646294,4.56873091330701,0.0065563351709379,0.93546485663613,0.994284309872462
CENPB,-0.0274233510873891,5.36374831602137,0.0064991639004397,0.935746234372068,0.994284309872462
GNAS,0.00767851215929632,9.42405012829151,0.0064950644439179,0.935766458289162,0.994284309872462
KLC1,-0.0171745723663863,6.31932300361802,0.00649023794646908,0.93579027716481,0.994284309872462
CCDC141,-0.0494063565331932,4.29052963710366,0.0064005899297257,0.936234323590025,0.994613446120003
HOOK2,-0.0526909617726055,4.22278495839383,0.0063816336708129,0.93632861818467,0.994613446120003
RPL11,-0.0090231862803615,12.0958155300273,0.00632804106579243,0.936595970375385,0.994643452193644
AAK1,0.0125803018893068,8.01710307617089,0.00631298684287529,0.936671274680673,0.994643452193644
RUVBL2,-0.0343851349317652,4.62975416613179,0.006302989543709,0.936721333152838,0.994643452193644
UBA1,0.0199206058748262,5.66460117384708,0.00628450075404174,0.936814015584431,0.994643452193644
KAT6A,-0.0153065352394606,6.83083062992259,0.00623089363500284,0.937083520952617,0.99472800148711
VAMP8,0.0118733003382444,8.04715105603461,0.00622321036679452,0.937122243386512,0.99472800148711
CUL1,0.0197031796568444,5.58037993466459,0.00613878765483378,0.937549314682958,0.994733718076527
MAT2A,0.0163262197508329,6.12684154157749,0.00613593526224321,0.93756379559136,0.994733718076527
COX18,0.0318881545488182,4.38447479678903,0.00613475106803207,0.937569808454207,0.994733718076527
ASB16-AS1,-0.0557404324580751,4.41151507209512,0.00612915445318052,0.937598233721743,0.994733718076527
CCL28,-0.0339061890011324,4.46003627024226,0.006109312238614,0.937699117901854,0.994733718076527
NDUFB10,-0.0099217496264951,7.66957850200093,0.00607711107120501,0.937863190406166,0.994786513845809
ZC3H14,0.0260988242922774,5.11861185377538,0.00595100048188257,0.938510002231764,0.995229799722428
DYNLL2,-0.0181494771784793,5.87444121739018,0.00589596083653987,0.938794456276906,0.995229799722428
RPL6,0.00694951231597216,11.5369429029248,0.00589282760942922,0.938810689412064,0.995229799722428
PDIA4,0.0171393670034504,6.0926202599239,0.00584047840570889,0.93908255366231,0.995229799722428
PMPCB,0.0182921400497267,5.90929569916047,0.00583657110911418,0.939102894417279,0.995229799722428
SPHK2,-0.0551574604561048,4.29230008576594,0.00582906297551489,0.939141999780404,0.995229799722428
LCK,0.0116473433731615,8.39896550762104,0.00579459243098768,0.939321862146107,0.995229799722428
FAM219B,0.0249010169924007,5.35228899747225,0.00578669435496337,0.93936314888384,0.995229799722428
SLC38A1,-0.00962009083462589,7.70230698032672,0.00575880783780569,0.939509151187315,0.995229799722428
HK1,0.0234479296248346,5.70269601652819,0.00575404029958193,0.939534147610988,0.995229799722428
DNMT3A,0.0234265542050092,5.36519109514518,0.0057531124645962,0.939539013503328,0.995229799722428
SUMF1,0.0612698199526608,3.89435082201152,0.00572279723931146,0.939698214837017,0.995277298737563
UTP23,0.0194522720076239,5.82847476583788,0.00564625976009126,0.940102050887926,0.995520321083028
C11orf24,-0.037605161057317,3.89984362484561,0.00558979168493323,0.940401761848595,0.995520321083028
HAUS6,0.0243118984580115,5.42036632052462,0.00558971475524572,0.940402171197768,0.995520321083028
PSMF1,-0.0145083070714542,6.35130504775084,0.00558819790392384,0.940410243066612,0.995520321083028
ZNF687,0.0308093124361417,3.74780506568757,0.00557141861741428,0.940499607025699,0.995520321083028
KDM4A,0.0292388900360753,4.43586704959611,0.00551246610454825,0.940814657044023,0.995608024351765
SNIP1,-0.0281558198334914,4.72310470252325,0.00548939780850333,0.94093839791624,0.995608024351765
BHLHE40,0.0222240401825271,7.10632874158712,0.0054751688513619,0.941014853996315,0.995608024351765
TXNDC11,0.0216049867877665,5.09884311936326,0.0054429372867979,0.941188413280984,0.995608024351765
RNF214,0.0205094110779149,5.2887413894038,0.00541175903865465,0.941356793026846,0.995608024351765
TNIP1,0.0235595124763263,6.03991381261858,0.00534244122194494,0.94173290358093,0.995608024351765
ZMAT2,0.0128485549375081,6.82686983517725,0.00532278641533068,0.941839994093366,0.995608024351765
SKA2,0.0146888167204609,6.23716455910989,0.0053197059185166,0.941856796390682,0.995608024351765
ING3,0.0192892661381231,5.39850820644494,0.00529354114870628,0.941999707456193,0.995608024351765
GRWD1,-0.0262306049221548,4.83359390371565,0.00528252782658001,0.942059967999834,0.995608024351765
ZNF66,-0.0376497512549875,3.92504280260792,0.00525840076338113,0.942192202844226,0.995608024351765
DVL1,-0.0372607689561127,4.16660175342075,0.00525253030989603,0.942224423541011,0.995608024351765
FAM215B,-0.0400081142742512,5.45056864112857,0.00523447955584544,0.942323610853468,0.995608024351765
ELMOD2,0.0267174528678766,4.9107392587611,0.00523260865194786,0.942333901132551,0.995608024351765
SDHAF2,-0.0229323947226362,6.27888652733682,0.00522494832375031,0.942376053496488,0.995608024351765
NAA20,0.018780070909647,5.91210763487526,0.00520133362488195,0.942506193556694,0.995608024351765
CASP2,-0.0231709813059908,5.71149056229506,0.00518705411039733,0.942585031743537,0.995608024351765
ELOF1,0.0230924651101182,6.01365773785403,0.00516626860734704,0.942699985151091,0.995608024351765
TMEM131,0.0192191324897797,5.2213690376716,0.0051561499777204,0.942756029953222,0.995608024351765
UBE4B,-0.0288193375358816,5.02170094677995,0.00507523509656238,0.9432062022834,0.995641220287121
MRPL15,-0.0264214314254954,5.00601018014961,0.00506891200672399,0.943241532417116,0.995641220287121
KBTBD2,-0.0186767118609862,5.66988661160946,0.00502197768217272,0.943504472309262,0.995641220287121
MBTD1,-0.0234230211762379,4.59946637899208,0.00501983820439023,0.943516487659744,0.995641220287121
ISCU,0.0112839567047231,7.65673689800301,0.00494443242429554,0.943941623976931,0.995641220287121
HMBOX1,-0.0254910171452782,5.28169416323137,0.00491042158679633,0.944134442150156,0.995641220287121
WTAP,-0.0115430142304629,7.12628197896785,0.00490301095025814,0.944176544337323,0.995641220287121
NDFIP2,0.0243360656805058,5.38269100685526,0.00489655159938707,0.944213268055397,0.995641220287121
RASSF7,-0.0159760465162999,5.8334542370957,0.00489409028100418,0.944227267934146,0.995641220287121
TOR1B,0.0301581950794388,4.33823676062586,0.00487075929094161,0.944360149751629,0.995641220287121
CASP3,-0.0203290590770865,5.87626120486577,0.00485889494730074,0.94442784587111,0.995641220287121
AMFR,-0.0208957436309738,5.10309188284238,0.00485441413932009,0.944453434274878,0.995641220287121
BIN1,0.0207063889142166,6.94736934365328,0.00481216943748564,0.944695265464304,0.995641220287121
B3GALT4,0.0246368682743651,4.98000824311674,0.00479586519079334,0.944788884787982,0.995641220287121
PECAM1,0.0377057605906243,5.29003104644073,0.00479024374936898,0.944821200281545,0.995641220287121
WDR27,-0.027154981475426,4.15545694478762,0.00477895200940992,0.94488616975182,0.995641220287121
FOXK1,-0.0199610056559768,5.1407257146383,0.00477771216345779,0.944893308170706,0.995641220287121
ALOX12-AS1,0.0271191847272596,4.3885806140604,0.0047720259204489,0.944926058669514,0.995641220287121
COG1,0.0293439766818247,4.71198470843457,0.00476046875655456,0.944992683812282,0.995641220287121
LTV1,0.023311714974781,5.27631144272157,0.00469031439343226,0.94539886775043,0.995641220287121
SUPT3H,0.0169038179169974,5.59796847743234,0.0046393079197582,0.945696107583528,0.995641220287121
GNB5,-0.0170786606850958,5.81771301012654,0.00462528283336283,0.94577812606486,0.995641220287121
SPINK2,0.00309887434965726,3.67634360729122,0.00461158364372238,0.945858359400539,0.995641220287121
C14orf28,0.0325993182689009,3.8889592438967,0.00460877283988381,0.945874836496197,0.995641220287121
NSUN4,0.0351807791657341,4.04481971334861,0.00459400826671086,0.945961470298349,0.995641220287121
ALG12,0.0277357498985067,4.35282498466441,0.00456607613112325,0.946125750576841,0.995641220287121
ITGA4,0.0123364200982397,8.15189041510044,0.00455504439717558,0.946190771706769,0.995641220287121
RAB22A,-0.0129304693491484,6.16903966976138,0.00455351850026808,0.946199771579698,0.995641220287121
MRPL3,0.0168761066572233,5.62332819213311,0.00455080473641445,0.946215781338849,0.995641220287121
CBR1,-0.0206112045003232,5.24430075613081,0.00455017014267867,0.946219525795102,0.995641220287121
HNRNPM,-0.00926524523582309,7.83441967254064,0.0045216220437716,0.946388247630766,0.995698370301083
MRPL17,0.0212171972247771,5.09246154959842,0.0044889421208083,0.946582047063987,0.995781887537518
RNPEPL1,-0.0104510240460597,7.11410139301245,0.0044553166901764,0.94678219466955,0.995872061905862
TCF25,0.0122425743894346,7.90775402933244,0.00442509304239991,0.94696274234174,0.995941600797603
TMEM199,-0.0248869340214174,4.84272600642746,0.00435268508165976,0.947397822973375,0.995976598340533
TIMP1,0.0266368697752891,5.87310111900075,0.00431996405129453,0.947595627078427,0.995976598340533
TMEM79,-0.0522538850984473,3.84547956832766,0.00430765956228285,0.947670204339535,0.995976598340533
CETN2,-0.0235681369601102,4.59083664667895,0.0043069342875679,0.947674603551421,0.995976598340533
CNOT1,-0.0111506766937643,6.65569569402944,0.0043027796972499,0.947699810723781,0.995976598340533
UBE2L3,-0.0100554754806777,7.60071934595513,0.00426015510315381,0.947959136473149,0.995976598340533
N4BP2L1,-0.0151347260847473,5.86196603622088,0.00425556377292935,0.947987147457375,0.995976598340533
POU2F1,-0.0245787813002069,5.11866900551741,0.00425182377184186,0.948009975833331,0.995976598340533
TAF9,0.0164816306740642,6.14764874999646,0.00424920208321566,0.948025984218427,0.995976598340533
MCOLN2,0.016291765448319,5.44235674446654,0.00421706111695741,0.948222645869712,0.996062967652879
C1GALT1,-0.0164418157560652,5.76111844208852,0.00415930421376842,0.948577945121968,0.996219878824682
YBX3,0.0254198246915217,5.57752196853039,0.00414880280544239,0.948642811494773,0.996219878824682
CCNDBP1,-0.015706027767746,6.98844504917814,0.00410504343778229,0.948914001259468,0.996219878824682
MDP1,0.00341781892977574,4.39363617705484,0.00408392723725015,0.949045383734538,0.996219878824682
KNTC1,0.0218814290735369,3.70397807188205,0.00408097539955143,0.949063776860604,0.996219878824682
PRDX4,0.0233260113471387,5.10652828888371,0.00407659535747129,0.949091081549996,0.996219878824682
TRAPPC2L,-0.0130311237516624,6.31397688611227,0.00403763629003251,0.949334599051195,0.996219878824682
NOP10,0.00962174931361157,8.33300138233556,0.00403275840361417,0.94936517170564,0.996219878824682
PCYT1A,0.0184224078366791,5.46623432985384,0.00401520362137831,0.949475352021618,0.996219878824682
KRR1,0.013776130082987,6.57100207994257,0.00397033371689126,0.949758076125506,0.996219878824682
TSEN54,-0.0159560452632866,6.19020532984988,0.00391180319917872,0.950129297223708,0.996219878824682
DMAP1,-0.0223430564675168,5.13950474441882,0.00389269373239287,0.950251099145153,0.996219878824682
CDKN1B,-0.0110267245951448,7.00525240687942,0.00388736681938262,0.950285105845609,0.996219878824682
PSMB3,0.0100782394415846,7.67210490333687,0.00379739798981404,0.95086303544974,0.996219878824682
IRF4,0.0352025550071428,5.14379616595504,0.00377019202471729,0.951039147659024,0.996219878824682
PCNX4,0.0149354284697264,5.95151613520184,0.00373887682173546,0.951242651640942,0.996219878824682
CASZ1,0.0248448232343418,4.16451699659097,0.00371975788513623,0.951367318114407,0.996219878824682
ERAP1,0.0177691216358966,5.3563269368337,0.00368148279064329,0.951617863811015,0.996219878824682
SLC17A5,-0.0225671677824379,4.50119691235715,0.00366702246987671,0.951712859925601,0.996219878824682
MITD1,-0.0138575152407405,6.58110299413194,0.00366515977146875,0.951725110456317,0.996219878824682
KIDINS220,-0.0111422695424972,6.42474304923888,0.00366393784562824,0.951733148473209,0.996219878824682
NDUFA2,-0.00874006421981041,7.26283033468496,0.00361802064501759,0.952036180061634,0.996219878824682
ANKS3,0.0242658518933972,4.86136143025359,0.00357440102803608,0.952325841334746,0.996219878824682
PPM1G,0.0103821283169664,7.37176610946314,0.00357197416203547,0.952342009176616,0.996219878824682
TRAPPC13,-0.0300507582458368,4.41145982364073,0.00354176326556654,0.952543738196236,0.996219878824682
DPP3,0.0159650990739835,4.37196923991588,0.00353565480378748,0.952584631398333,0.996219878824682
ARF1,0.00904792680102139,8.02177949941454,0.00348878215307025,0.952899608202799,0.996219878824682
SDF4,0.0128698554998321,6.62794114028835,0.0034869512549669,0.952911954505602,0.996219878824682
SLAMF1,0.0198877545843947,6.29804847790347,0.00346561311185667,0.95305608465125,0.996219878824682
MRPL36,-0.0148038932348971,6.23568353699894,0.00346106807590374,0.953086841919173,0.996219878824682
OSGEPL1,-0.0356219645421763,4.05050554847225,0.00344996226814587,0.95316208275307,0.996219878824682
TNRC6C,-0.015032868557828,6.29050131138479,0.0034464064914701,0.95318619849087,0.996219878824682
MIS18A,-0.0281558386481532,4.10796012269367,0.00339998251563145,0.953502204814816,0.996219878824682
EZH1,-0.0157186097061536,5.6550994085833,0.0033939507286096,0.953543421477639,0.996219878824682
MIR29B2CHG,0.0319169784022118,4.02516072319441,0.00336056943185525,0.953772191430296,0.996219878824682
ZNF24,-0.0161643964708894,6.15632976502368,0.00335953567475045,0.95377929417023,0.996219878824682
RCOR3,0.0160123870575247,5.69366903207,0.00335377498450029,0.953818894825019,0.996219878824682
TMEM183A,-0.013797555160872,5.92455242531221,0.0033435393498813,0.95388934181997,0.996219878824682
ZNF644,0.0106859201945003,6.6474848090184,0.0033245255792167,0.954020492296043,0.996219878824682
FLOT2,0.0145972084585824,5.94478773560472,0.00330767258634523,0.95413705339227,0.996219878824682
HPS4,0.0197105610600918,5.26449248217008,0.00327953409345838,0.954332334867476,0.996219878824682
HGH1,0.0277046102811151,4.23412407736176,0.00327364083007353,0.95437334050578,0.996219878824682
EID2,0.0184668027780646,4.78490587250784,0.00325654621946292,0.954492495659823,0.996219878824682
SMUG1,-0.0275676169395587,4.50211146543826,0.00322078877882426,0.95474275581003,0.996219878824682
RRN3,0.0131153429630379,5.2802678537771,0.00319281767754021,0.954939493769156,0.996219878824682
TMEM42,0.0180213889744763,5.09048515838247,0.00318722638071733,0.954978924344145,0.996219878824682
BCL7C,0.0110439881684668,6.90046575252613,0.00318232118086925,0.955013545052125,0.996219878824682
DIS3L2,-0.0242088981616589,4.88676816228523,0.0031744429205709,0.955069205570747,0.996219878824682
DTNBP1,-0.0145018795892512,5.24828524590742,0.00316389492785163,0.955143836554644,0.996219878824682
BIRC3,-0.0167149696617731,6.63809950089805,0.00314344728315064,0.955288867579964,0.996219878824682
LSG1,0.0175267538663669,5.30108783049436,0.00312205704452673,0.955441091549049,0.996219878824682
TNK2,0.0190442576511969,5.34950550895311,0.00311071236098925,0.955522038479627,0.996219878824682
FAM120AOS,-0.0134954620720043,5.7629852581739,0.00310265289838263,0.955579634594583,0.996219878824682
SMARCAL1,0.0190137801658979,4.43908908490632,0.00310127318049425,0.955589502124947,0.996219878824682
GOLIM4,0.0178706870426708,5.84555105999618,0.00308165669018123,0.955730035169804,0.996219878824682
GNB1,0.00865555496199334,7.52623348893046,0.00308056717330985,0.955737853630089,0.996219878824682
ACADVL,0.0138834793751357,5.87906803192928,0.00306727160854337,0.955833375624111,0.996219878824682
ZNF496,-0.0483210861186722,3.58765235395023,0.00303494782657765,0.956066475642725,0.996219878824682
CINP,-0.0236723284799082,5.13639488981257,0.0029924512897459,0.95637483839672,0.996219878824682
ATIC,-0.0141621107946,5.44569705869295,0.00298519563658317,0.956427705743281,0.996219878824682
NDUFB9,-0.00874476161550373,7.31908168672058,0.00298015300940691,0.956464486136458,0.996219878824682
GEMIN5,-7.48652184264851e-05,3.94997847210033,0.00297724905304619,0.956485681452166,0.996219878824682
RPS24,-0.00621063619829796,12.2025890024374,0.00297544609256306,0.956498846066789,0.996219878824682
DPH3,0.0127680038501318,5.62948129077934,0.00291640208297217,0.956932198156994,0.996219878824682
SP140,-0.0118104549153942,6.33030008923183,0.00290689838388758,0.95700236000653,0.996219878824682
TRIM33,-0.0132159922762322,6.30033198413744,0.00290267791132592,0.957033554876308,0.996219878824682
PPM1M,0.0118778089877431,5.92187586051897,0.0028859154588794,0.957157676677321,0.996219878824682
DBF4,-0.0144855650167335,5.77950261623933,0.00288244487902745,0.957183420595222,0.996219878824682
CIPC,0.0269679028821192,3.7614429095966,0.00284244670236333,0.95748124666306,0.996219878824682
AQP3,-0.0221276030671464,5.96861981492905,0.00282882416033914,0.957583159194295,0.996219878824682
EVA1C,-0.0413814552991042,3.97328719039353,0.0028169538576055,0.957672163746063,0.996219878824682
NRAS,0.0166132463839031,5.14291580352791,0.00278026410848753,0.957948462116025,0.996219878824682
PHF11,0.00932180384024529,6.76499360512482,0.00275411598425634,0.958146492321657,0.996219878824682
BRCC3,0.017572484868712,4.6751055014187,0.00274504904262152,0.958215379848135,0.996219878824682
RPP25L,-0.0157103465197464,4.90115296929454,0.00273751552064994,0.958272703795209,0.996219878824682
TENT4A,0.0170934983700706,4.93977409172641,0.00272359440842251,0.958378840587933,0.996219878824682
CD3E,0.00590735115445827,9.48433548518381,0.00271293206134615,0.958460316094893,0.996219878824682
CDC5L,-0.00962241370739116,6.63867160048123,0.00271268141421999,0.958462233325216,0.996219878824682
UXT,0.0104081813268754,7.82648466878917,0.00269838513131404,0.958571734717325,0.996219878824682
NXT1,-0.0144083039281241,5.79394102759447,0.00268057122432097,0.958708586928117,0.996219878824682
KATNB1,-0.0419738225051957,4.1637685097571,0.00267937725014633,0.958717775705779,0.996219878824682
SYNC,0.0118980770254729,5.43773971799444,0.00267868505580715,0.958723103745868,0.996219878824682
SH3BP5,-0.0123816768576754,5.79781520867608,0.00267581678086515,0.958745189130362,0.996219878824682
FBXO3,-0.0154385623846962,5.7075984427136,0.00266669900625161,0.958815473881455,0.996219878824682
RSBN1L,-0.00798408535088484,7.44010859687187,0.00263772418218267,0.9590396309772,0.996219878824682
METTL3,-0.0210680720813768,4.68606528245005,0.00260866825482609,0.959265658573375,0.996219878824682
TMEM203,0.0120325707865976,5.70421719391397,0.00259107171804018,0.959403156934122,0.996219878824682
NUMA1,-0.0129489732736286,6.23486524607984,0.00258035371983567,0.959487136255938,0.996219878824682
GPATCH2L,0.0163588578137489,6.29929517270647,0.00257138408654001,0.959557551015059,0.996219878824682
LANCL1,-0.0225900526020047,4.4110673780311,0.00256857688851753,0.959579613790981,0.996219878824682
TM9SF1,0.0209840922232717,4.59143151873443,0.00256705797043821,0.959591556552397,0.996219878824682
ARHGEF12,-0.0209608822127326,5.11651401158873,0.00254597130003731,0.959757721616242,0.996219878824682
SULT1A1,-0.00676784578384994,3.76385596888693,0.00253481436469194,0.959845918484801,0.996219878824682
ASB8,-0.0154323531812433,5.69061939087729,0.00252136411076265,0.959952503405556,0.996219878824682
CD8B,-0.0120104087547178,8.38343283205906,0.00250946710538713,0.960047017578096,0.996219878824682
PHIP,-0.00712594724749551,7.15774640734959,0.00250750900259078,0.960062594973072,0.996219878824682
TP53,-0.0187482499337326,5.40626249636959,0.0025007347543422,0.960116533586558,0.996219878824682
MBD6,0.0138737282885792,5.39853991445081,0.00250048540539893,0.960118520374926,0.996219878824682
PPAT,0.0186503812648448,4.1014022671863,0.00249191256338222,0.960186888457945,0.996219878824682
MFAP1,0.0132504148395731,5.80123350264139,0.00248849177202004,0.960214202038413,0.996219878824682
DGKD,-0.0120869930024456,5.89560226164988,0.00248763580997391,0.960221039478659,0.996219878824682
IPO11,-0.0267100005111207,3.93768190190077,0.00248002409722403,0.960281893922426,0.996219878824682
RACK1,0.00483486959006782,10.4913539201646,0.00246770543386887,0.960380578393877,0.996219878824682
FGFRL1,-0.0222384006836675,3.81394366957638,0.00246574943369282,0.960396270554285,0.996219878824682
STRAP,-0.0110402523996167,6.2775917346633,0.00245369064953316,0.960493151184005,0.996219878824682
TMLHE,-0.0276044590885537,4.06736049385251,0.00244093091843922,0.960595923458579,0.996219878824682
ZC3H13,0.00926397436694291,7.21946926027192,0.00243792709872182,0.960620156623777,0.996219878824682
TNFSF12,-0.0137633101465814,6.55699698124614,0.00241062034533002,0.960841142545659,0.996266500651357
PHF13,0.0337552852695692,3.83883297608629,0.00240410429519855,0.960894060262839,0.996266500651357
SAMD1,0.0135760880928134,5.36271053159114,0.00235148550861553,0.961324045974396,0.996474058949721
EIF3I,0.0100522436373539,6.90828720681042,0.00234457931724918,0.961380837937236,0.996474058949721
RPS6KC1,0.0171593602775125,4.59233989770434,0.00233566146060582,0.961454296681315,0.996474058949721
UBE2K,-0.00854825477899571,6.96465575828904,0.00232379764909396,0.961552240268844,0.996474058949721
COQ8A,0.0142091830847255,4.19455990514353,0.00228853600281553,0.961844837148398,0.996636506173946
KIF13B,-0.0159513483111064,4.88969560077806,0.00227736213271257,0.961938027330937,0.996636506173946
SERPINB1,-0.00944594368880137,7.22062538258625,0.00224043039622579,0.962247679959235,0.996838657146199
PWWP2A,-0.0199021087503184,5.62247141163223,0.00222113083023601,0.962410514220111,0.996888681892124
TXNIP,-0.0117286202892592,10.7367955151025,0.0021771661334995,0.962784121013417,0.9969753740715
CYB5D2,-0.00696069239167488,4.09059811711613,0.00213965968491081,0.963105845528672,0.9969753740715
ZC3H6,-0.0128517786024251,5.80261328125525,0.00212474546833619,0.963234561945742,0.9969753740715
DEAF1,0.0127959715543639,4.55191905579447,0.00211697435990033,0.963301809529822,0.9969753740715
TBRG1,-0.0117793636034704,6.21245931156804,0.00210992761200934,0.963362895845318,0.9969753740715
PSMB7,0.0105319621962028,6.61274750791563,0.00210009036344516,0.963448343458028,0.9969753740715
RALA,-0.0105698358693492,6.26791035516816,0.00208660539260563,0.963565802207681,0.9969753740715
PSMD13,-0.00768713607611604,6.65522255174187,0.00207374996431398,0.963678132066823,0.9969753740715
MAP3K14,-0.0147264180872165,4.67719872173023,0.00205288358371902,0.963861206451148,0.9969753740715
MT2A,0.0167246809102895,7.72461927841273,0.00202987935206522,0.964064121454562,0.9969753740715
MTX1,0.0155373553285076,5.02180545903971,0.00201881618871624,0.964162117297552,0.9969753740715
HAGHL,-0.0151846078466299,5.09537226217736,0.00200731449051794,0.964264283302163,0.9969753740715
APEX2,0.0153094138182867,4.25001800522861,0.00198235100799948,0.964487040090744,0.9969753740715
MSMO1,-0.012626409448556,6.01454776728506,0.00196084661794416,0.964680059690226,0.9969753740715
ACOT8,0.0151871316967052,4.73498324860431,0.0019348210391712,0.964915084640522,0.9969753740715
ZDBF2,0.0269754457835766,3.80324142539279,0.00193019945690409,0.964956985245122,0.9969753740715
MAP1LC3B,0.00551041942405054,7.73203448509977,0.00192821483642547,0.964974993813762,0.9969753740715
BTBD10,0.0148464164851618,4.61702186191045,0.00192040179789998,0.965045980200189,0.9969753740715
C19orf53,0.00456074043203164,7.99742948430129,0.00191198070682574,0.96512265332624,0.9969753740715
COX6A1,0.00401715544835457,8.6853716420105,0.00190242490103998,0.96520986309588,0.9969753740715
EIF2B2,0.0134167585087072,4.62166057182607,0.00189367720387068,0.965289890364275,0.9969753740715
DRG2,0.0129828037262627,5.10495204019464,0.00188983573616497,0.965325092085939,0.9969753740715
SHC1,-0.0218730544922759,4.92251184036064,0.00188738807687727,0.965347540185732,0.9969753740715
ATP10D,-0.0115766649600272,5.55740886263869,0.00188698287151468,0.965351257832826,0.9969753740715
GCC2,-0.00836885217661929,8.04858095843373,0.00186046569825749,0.965595421082649,0.9969753740715
MTHFD1,-0.0271347982209096,4.70855102293567,0.00185715159423694,0.965626058719735,0.9969753740715
PAK1,-0.0144024714907333,4.37527587168919,0.00185176352574779,0.965675927890681,0.9969753740715
TAOK2,0.0169732557895946,4.52657234794682,0.00184897577427279,0.965701758407761,0.9969753740715
NOSIP,0.0140998598217191,6.55967876720076,0.00182047356076254,0.965966979511974,0.996980034261779
MTMR2,0.0218439814752617,4.07274789575788,0.00179667191660116,0.966190058497435,0.996980034261779
TAPT1,-0.0218559940128372,4.39181629904915,0.00178066510698471,0.966340914500985,0.996980034261779
LRRCC1,0.0276752996842782,3.8119931700518,0.00177411528218485,0.966402839012341,0.996980034261779
METTL23,-0.00995297310150712,6.40324733826958,0.00174056214149232,0.966721874399954,0.996980034261779
ZHX1,0.0135820459514378,4.91744103523535,0.0017394097100798,0.96673288660929,0.996980034261779
STK38,0.0127631017678296,5.95551810546722,0.00172581909465919,0.966863030214277,0.996980034261779
TSPAN5,0.0100481124510675,5.505321333208,0.00172352785108743,0.966885021640684,0.996980034261779
GSK3B,-0.0155090290149938,5.48175688029664,0.0017163939115683,0.966953587346847,0.996980034261779
TRMT1L,0.0137288185206327,4.34062625005936,0.00168659205605692,0.967241574412776,0.996980034261779
KCTD2,-0.0180620123897449,4.00827077825023,0.00167847030813206,0.967320499118397,0.996980034261779
EPB41,-0.00705222390502062,7.08667656962065,0.0016725501525201,0.967378150004045,0.996980034261779
TRIM39,-0.00190859777634912,3.98266364962956,0.00166759418437223,0.967426490201617,0.996980034261779
INSIG2,0.0152696540360758,5.07552318869317,0.00165152411940994,0.967583733532604,0.996980034261779
GAPDH,-0.00572812566996123,9.89672089385623,0.00165087753960336,0.967590076225764,0.996980034261779
UBASH3A,-0.0113319461323098,5.70091799706645,0.00163146772927902,0.967781061440875,0.996980034261779
NDUFB1,-0.00836684786987124,7.86596155787722,0.00160717986725345,0.968021654962159,0.996980034261779
UQCRFS1,-0.00903836501227923,6.7431726020057,0.00160309800408598,0.968062267836707,0.996980034261779
DHFR,-0.0146152345681456,4.38933002542557,0.00160207044350003,0.96807249980253,0.996980034261779
LAMP2,-0.0106971140426638,5.76529514555158,0.00159970801003695,0.968096036277052,0.996980034261779
SNHG30,-0.339710154048522,4.19774581739827,0.00158019662026376,0.9682910939385,0.996980034261779
BORCS6,-0.0148032969009619,5.06498928212525,0.00157455081635405,0.968347760414766,0.996980034261779
PCNA,-0.0155303025760049,5.2716920697593,0.0015723487647179,0.968369889806476,0.996980034261779
ASF1A,0.00956712523530193,5.87314524768313,0.00156383307841601,0.968455614115717,0.996980034261779
LAMTOR5,-0.00493846227133032,7.42687565320748,0.00155235316397473,0.968571549075029,0.996981453766999
TM2D3,0.00922781008048161,6.03318504249579,0.00153809487378354,0.968716142120728,0.996986895689454
ALAS1,-0.0237494650933251,4.68360392463743,0.0015292721740181,0.96880594931009,0.996986895689454
SPOUT1,0.0168553847613375,4.60109748241342,0.00149184757817977,0.969189814329583,0.997105499336174
POGLUT1,-0.0190801939979556,4.98649344327386,0.00149066917027696,0.969201979142948,0.997105499336174
RTL10,-0.0314930322218693,3.87909004922968,0.00147566883901362,0.969357251776433,0.997105499336174
YWHAZ,-0.00394835874507667,9.71253725758951,0.00144050955193364,0.969724322171802,0.997105499336174
COX7A2,0.0035983193951071,8.69567472765154,0.00140623512828597,0.970086498249542,0.997105499336174
PPP1CC,0.00704208782310165,6.80461959708161,0.00140456391801536,0.970104270241231,0.997105499336174
ATG14,0.0101346770813059,4.49568516418993,0.00140368542476033,0.970113616563797,0.997105499336174
KCNQ1OT1,0.0105325858672571,4.76723333436346,0.00137880857209538,0.970379508776191,0.997105499336174
FKBP11,-0.0105976605806513,7.23686669703956,0.00136850025532453,0.970490390905784,0.997105499336174
DPY30,0.00680511167270282,6.51513423898852,0.00135948833188237,0.970587671382052,0.997105499336174
TMEM205,0.00993661800767641,5.18384060480239,0.0013470694739226,0.970722259076406,0.997105499336174
RBIS,-0.147197431176694,6.63561387335865,0.00134599283085279,0.97073395625782,0.997105499336174
SELENOI,-0.0145222832890976,4.45725800807437,0.00132216691581277,0.970994022139018,0.997105499336174
RPP40,0.00612893325100833,3.82131067283828,0.00132173311660111,0.970998778822467,0.997105499336174
TM6SF1,-0.0158050425946569,4.47053510256612,0.00131371619473164,0.971086826872742,0.997105499336174
RNPC3,0.0101840395436035,5.38813165192656,0.00131116949139098,0.97111485301242,0.997105499336174
SEC11C,-0.00575931408065755,7.35413574241433,0.00131033054523932,0.971124091472694,0.997105499336174
NEMF,-0.00895666774115255,6.55378929916451,0.0013035613957868,0.971198741834373,0.997105499336174
UBE2G1,0.00708960076467054,6.09018788497997,0.00130057244727233,0.971231765796567,0.997105499336174
SF3A1,0.00756755525680916,6.13794914737136,0.00128620199905072,0.971391073551833,0.997105499336174
AGPAT4,-0.00888318147446047,4.44979709296574,0.00128383561943579,0.9714173920284,0.997105499336174
CPSF4,-0.0184779638953409,4.32024866494399,0.00125434337736152,0.971747460078253,0.997105499336174
ANGPT2,-0.0068251232398423,4.31267817008862,0.00125202858671614,0.971773530132855,0.997105499336174
MSL1,-0.00769553560184417,5.9341408558101,0.00124344577896984,0.97187040421298,0.997105499336174
PPP1R35,0.0069681665065393,6.47598836091281,0.00120149676493853,0.97234877321715,0.997105499336174
TARS2,0.0143454407247551,4.35142719703527,0.00119932681773349,0.972373744076317,0.997105499336174
SWI5,-0.0196765939511052,4.56030170703253,0.00119894457361802,0.972378145126503,0.997105499336174
C11orf21,0.0215990058030296,4.44512951407583,0.00119150613612362,0.972463929438249,0.997105499336174
KCNC4,-0.034563768852242,3.96966251470615,0.00118817051269993,0.972502484805184,0.997105499336174
HMGB2,-0.00901210641949388,7.65850120607426,0.00118376080759575,0.972553538386761,0.997105499336174
SETD4,-0.0137472449373859,4.67738632573009,0.00117222793721616,0.972687512648492,0.997105499336174
USP42,-0.0121712787530464,4.81048512279018,0.00117009126401868,0.972712406142502,0.997105499336174
FBXW5,0.00702820882238463,6.56371533458777,0.00116625305144424,0.972757180786913,0.997105499336174
ATG4A,-0.0264640361398649,4.21869458361106,0.00115800234867791,0.972853679698052,0.997105499336174
GNPNAT1,-0.0163273509641537,4.21263740549612,0.00114558147386745,0.972999603692517,0.997105499336174
CAPRIN1,0.00858814938182913,6.38912574867632,0.00112104908606625,0.973290162994245,0.997105499336174
NDUFS8,0.00540123496851038,7.04897421916682,0.00111615474434856,0.973348510720034,0.997105499336174
SNAPIN,0.00902647283679153,5.30387677415935,0.00111521206558862,0.973359763531515,0.997105499336174
TRGV10,0.0127841710262176,4.74149958434346,0.00109968331954491,0.973545820968195,0.997105499336174
TPK1,0.00519669552623086,3.9705992177494,0.00108513653291453,0.973721309811022,0.997105499336174
EDARADD,-0.0153809862830662,3.53308077754276,0.00107751505507281,0.973813723614214,0.997105499336174
CHCHD1,-0.00730904775287527,6.53704679650569,0.00104273912067043,0.974239610552098,0.997105499336174
TBX21,-0.0108738868421561,5.3046894141311,0.00104219528911997,0.974246326648165,0.997105499336174
THAP1,-0.00886608877441464,5.32565906840548,0.00104117576609397,0.974258922066699,0.997105499336174
AFG3L2,0.00815299942803137,5.6250805256093,0.00104112616443963,0.974259535014217,0.997105499336174
ERICH6-AS1,0.0355455460416527,3.73019277083901,0.00104010260664822,0.974272186792378,0.997105499336174
NDUFA12,-0.00451425221752483,7.23439306007461,0.00102669041088355,0.974438548872949,0.997105499336174
S1PR1,-0.0235886950937425,3.79942137751532,0.000995665060514739,0.97482759959259,0.997105499336174
TTC21B,0.0125288294158947,4.54880003253567,0.000992294687325312,0.974870226475687,0.997105499336174
ARL6IP6,0.00977099884800943,6.27050310893449,0.00098502139763923,0.974962463216764,0.997105499336174
PPP4R3B,-0.00557879962024005,6.42943283089591,0.000979464008141306,0.975033169602751,0.997105499336174
GPD1L,0.00407019878327797,4.21306222881583,0.000978898243287674,0.975040379048728,0.997105499336174
PRKRIP1,0.00785918771111308,5.34366995302949,0.000974496076775466,0.975096546505263,0.997105499336174
VEGFB,-0.0114428384798394,6.120341118846,0.000970634732148312,0.975145918223959,0.997105499336174
TTC27,-0.019927565962774,4.01043274960203,0.000964655173556039,0.975222568120132,0.997105499336174
EMC6,-0.00588063577790054,6.46718223500679,0.00095024162837376,0.975408313645787,0.997124450750403
PPM1F,0.0149147002867676,4.41841522927086,0.00094512156369575,0.975474634314957,0.997124450750403
PCED1A,0.0140451086961178,4.21474347925815,0.000927366931652074,0.975706015873373,0.997124450750403
PRMT9,0.0116721803403121,5.0567892181431,0.000922496277105722,0.975769877814417,0.997124450750403
CLPB,0.0123244380208783,4.3165894799503,0.000913460660232346,0.975888797459765,0.997124450750403
SLC39A8,0.00721190116910656,4.83700497673166,0.000910451016332914,0.975928538606449,0.997124450750403
NR4A2,-0.0141322696722157,6.08651840229257,0.000894432171875792,0.976141176183241,0.997224633915101
SIRT2,0.00705074942006033,5.61813190677291,0.000855260430769889,0.976669322579864,0.997318837800865
PPP1R18,0.00355182473769208,7.74633867426888,0.000850842350873293,0.976729643944791,0.997318837800865
FAM118A,-0.0152772495709583,5.67831109295263,0.000848357189070725,0.976763643494909,0.997318837800865
CDKN2D,-0.00750512871910336,6.87140545986575,0.000835003434726644,0.976947196083622,0.997318837800865
NAA60,0.0118588300883142,5.35860544531101,0.000832595115834778,0.976980455326431,0.997318837800865
STX5,0.00835487563276202,5.36425225804326,0.000821793132498527,0.977130227985769,0.997318837800865
MTERF2,0.0162358318474535,4.13296457377918,0.000818366910294799,0.977177939108235,0.997318837800865
CUL2,0.0095555483125633,5.49719866189789,0.000796993389268863,0.97747785574556,0.997318837800865
MRPL39,-0.00959910575452131,4.73487792422859,0.000784779895440124,0.977651046363719,0.997318837800865
MRPL12,-0.00946496176294068,5.36924170298499,0.000777500972841239,0.977754905370324,0.997318837800865
TIMM44,-0.0111210401495876,5.32432357720394,0.000769901372237314,0.977863860456843,0.997318837800865
SLC9A8,0.012785952076957,4.23687890054933,0.000766548568719827,0.977912100468077,0.997318837800865
TMEM254,0.0140990135533856,3.96405241789628,0.000761165052814761,0.977989779694818,0.997318837800865
QTRT2,0.0128038668081191,4.36167844857978,0.000757195732216331,0.978047229593816,0.997318837800865
GLUD1,0.00663338068335162,6.15020526104351,0.000743613331536608,0.97824496315135,0.997318837800865
RPL13,-0.00310339563537041,12.9158186887932,0.000737617232992704,0.978332829496159,0.997318837800865
PAX8-AS1,-0.2091425623496,4.25210268815961,0.00072649943384917,0.978496699782486,0.997318837800865
EPG5,-0.0112172390656388,4.88982982717204,0.000723087373820874,0.978547242958305,0.997318837800865
GCN1,-0.0103221343778945,4.65744252452149,0.000712945208874771,0.978698188531193,0.997318837800865
UBR7,-0.014774934546837,4.54054505981203,0.000707823396108864,0.978774824655612,0.997318837800865
ANAPC5,-0.00440549180704956,6.79128026389627,0.000697700098207577,0.978927117059111,0.997318837800865
KRCC1,-0.00658439136541181,5.98104948015662,0.000692724110500365,0.979002379870026,0.997318837800865
SNAP29,0.00925578544655903,5.24694435965093,0.00069176334924137,0.979016942698705,0.997318837800865
ZNF10,-0.00386766583156591,3.5467175723705,0.000688883384569294,0.979060656771751,0.997318837800865
AGO2,-0.00428847761725969,6.85842585380127,0.000686410873434795,0.979098259240559,0.997318837800865
GOLGB1,0.00495158853351429,7.15136829229462,0.000654796498331223,0.979585166514407,0.997560584876118
CHORDC1,0.0051229469966767,6.63740488809814,0.000650452866338469,0.979652975965283,0.997560584876118
RPL10A,0.00280621654594237,11.1070159590151,0.000648760478551225,0.979679457536043,0.997560584876118
C5orf63,-0.0138682606577908,4.04446291948458,0.000639608411066917,0.979823266852003,0.997590300820423
TXNDC5,-0.0172472672417448,3.59081749192039,0.000629991436511546,0.97997549514274,0.997628580445347
PMM2,-0.00797751109248459,5.15205414190625,0.000596636834323761,0.980512689364135,0.998058705910651
TEX30,-0.0113847866637688,4.75474967684368,0.000586760537924391,0.980674620057507,0.998106796674129
REXO2,-0.00534109481419964,6.14392981285116,0.000538376852066591,0.981488386112127,0.998253725837902
UBE2T,-0.0122919621198736,4.09923887274798,0.000534626122544069,0.981552970048453,0.998253725837902
SLC43A1,-0.0156023393516237,3.86801172387987,0.00053002569328342,0.981632495298268,0.998253725837902
NRBF2,0.00556233868581784,5.85374494451707,0.00052586146337319,0.981704778471923,0.998253725837902
PALB2,-0.0165351509164162,3.67808287384892,0.0005151435432591,0.981892149267722,0.998253725837902
MMAB,-0.0119755719275776,4.38729540919887,0.000513512165632335,0.981920839429488,0.998253725837902
CLIC1,-0.00261763286612224,9.28714715413517,0.000508168876930171,0.982015129637532,0.998253725837902
TSPAN3,-0.0110637539843909,5.60590596915617,0.000503716380325869,0.982094080015545,0.998253725837902
BTG1,-0.00547671156095047,10.2203940617248,0.000480706465893377,0.982507767153166,0.998253725837902
PSMA1,-0.00433918331726607,7.26496279151693,0.000475585182535099,0.982601179959051,0.998253725837902
UBA5,0.0103998444803718,4.64070026493115,0.000471575784047218,0.982674663576273,0.998253725837902
MTFR1L,0.00884101106566441,4.25654789031332,0.00046800082176901,0.982740448928263,0.998253725837902
ITPR2,-0.00621014937587736,5.82965689301116,0.000461702926671137,0.982856955318286,0.998253725837902
ADCK2,-0.0161154767196923,4.5610223281111,0.000446843501329397,0.98313503509,0.998253725837902
ZFYVE16,0.00656920789680129,5.1262594665902,0.000436495688138194,0.983331426025628,0.998253725837902
MPST,0.00741232568488277,5.7172239161285,0.000436407319327259,0.98333311314692,0.998253725837902
AFAP1,0.00323540357490958,4.20001437400124,0.000433497767527768,0.983388757536252,0.998253725837902
CLDN15,0.00912508380527821,4.31904104590947,0.000425119263194773,0.98355004616914,0.998253725837902
MOSPD3,-0.00842673937787635,4.80156502490832,0.000418281862437198,0.983682850124221,0.998253725837902
RCC2,-0.00531090748629604,5.5730625979745,0.000415956305598542,0.983728266956511,0.998253725837902
CLN8,0.00665190670160554,4.30639854764149,0.00041259315791109,0.983794172617279,0.998253725837902
METTL17,-0.00692617759769736,5.52542154715879,0.000410916124124583,0.983827136885591,0.998253725837902
RAD23B,0.00598405323983666,6.05348060775079,0.000406964360902151,0.983905081035224,0.998253725837902
CSNK1D,0.00362495025427566,6.21263633884852,0.000400584071069687,0.984031728614556,0.998253725837902
TLE5,-0.109192499223341,8.28118302930635,0.000395090984035562,0.98414157603711,0.998253725837902
SMC5,0.00390301067435699,6.46064097620933,0.000391116105010525,0.984221540408596,0.998253725837902
NUDT18,-0.0143823276045988,3.85612499506834,0.000376593285492888,0.984517214764125,0.998253725837902
PRPF40A,0.00276942686700528,7.44993131888328,0.000374278135332418,0.984564873271031,0.998253725837902
PSMD11,0.00430629561829325,6.15514194550045,0.000373828113442443,0.984574154294199,0.998253725837902
SNF8,-0.00434505092282118,6.41160700740987,0.000372978092979537,0.984591699944614,0.998253725837902
COP1,-0.0114602269119885,4.92001768890191,0.000372223135066463,0.984607300144777,0.998253725837902
CARNMT1,-0.00514988448094155,5.60207467293762,0.000363842298440886,0.984781553580312,0.998253725837902
HNRNPD,0.00262473966194331,7.8265878863393,0.000360483351887098,0.984851955378151,0.998253725837902
GLMN,-0.00907291230855265,4.98602557151812,0.000347801958483274,0.985120754861341,0.998253725837902
CDK17,-0.00616148849238433,5.32131092884122,0.000344913840329752,0.985182654513259,0.998253725837902
CWF19L1,0.00740525354822339,4.61428753479703,0.000337566950662449,0.985341295557036,0.998253725837902
ROMO1,0.00339752870903756,7.5454873981721,0.000327762713105528,0.985555712944645,0.998253725837902
RNF111,-0.00560330162511413,5.02959541734936,0.000326593476652093,0.98558149689348,0.998253725837902
JAML,-0.00400451511267481,7.46375779557254,0.000322923314666213,0.985662732479581,0.998253725837902
HSBP1,-0.00328560004680397,6.27946074815315,0.000313431838009137,0.985874984608232,0.998253725837902
ZFAS1,0.00292625906426573,9.20681116981481,0.000305028110052064,0.986065611486856,0.998253725837902
SMAD4,0.00353857321450221,5.72034863315057,0.000270282769371022,0.986883146192434,0.998253725837902
C12orf4,-0.00923472607169259,4.0663692974312,0.000267211798256284,0.986957869686331,0.998253725837902
NCOA5,-0.0118360719765822,4.18168245615051,0.000255756034665211,0.987240475372431,0.998253725837902
ZNF148,0.00362135724062042,6.50480394537821,0.000249873157335045,0.987388063437404,0.998253725837902
RDX,0.00385208389411434,5.99780896642756,0.000248209369786423,0.987430118550698,0.998253725837902
MRPL22,0.00565225653453476,5.95831084285412,0.000246607609092564,0.987470739235814,0.998253725837902
ATXN2L,0.0034536943936018,6.30120114467664,0.000239141332645687,0.987661849180823,0.998253725837902
MRPL54,0.00224792281700513,7.24918390154191,0.000237685919897146,0.987699448453056,0.998253725837902
PPIE,0.00387167123469047,5.90055603477816,0.000232038843140714,0.987846437127873,0.998253725837902
AZI2,-0.0040831474439036,5.69719140686162,0.000226620959310253,0.987989151328918,0.998253725837902
HCFC2,-0.00432236558241673,4.75804596205395,0.00021325180321341,0.988348791284953,0.998253725837902
ARMC6,0.00726896622354729,4.25951873945892,0.00021189865832838,0.988385812649859,0.998253725837902
STAMBPL1,0.00241141699222192,5.26465516006912,0.000209839041721338,0.988442390408848,0.998253725837902
MMP25-AS1,0.00554091045953103,5.32170897827099,0.000200015280384491,0.988716153443799,0.998253725837902
RPP21,0.000998270919416653,5.77473397412663,0.000198281729074878,0.988765155694204,0.998253725837902
RABEP1,-0.00277808925197356,6.03285994283162,0.000193871051754613,0.988890806995834,0.998253725837902
PRPF31,-0.00432253687873987,5.91376623378596,0.000188659747539788,0.98904112355654,0.998253725837902
TRIM69,-0.00392312303997921,5.46272718576461,0.000185886580513994,0.98912196063886,0.998253725837902
DCUN1D4,-0.0147025028446185,4.14532731344618,0.000175963938186641,0.989416260021849,0.998253725837902
PIP4K2C,0.00786494927435308,4.51747991499488,0.000171913355000441,0.989538777816023,0.998253725837902
NUP85,-0.000408074548047282,4.59586106022135,0.000166753301403588,0.989696964124424,0.998253725837902
SEC31A,-0.002751119899048,6.3895116694244,0.000166224130968118,0.989713323895434,0.998253725837902
MLLT3,0.00285111909221498,5.67060246912149,0.000152603589809175,0.990143757260178,0.998253725837902
WASF2,-0.00242030830546774,7.57816203794301,0.000151163831919376,0.990190360077445,0.998253725837902
HTRA2,-0.00473692619202068,5.10858169040567,0.00015045810143377,0.990213284585838,0.998253725837902
ZNF513,-0.00925484013512317,3.99812880022886,0.000150229441842953,0.990220723750161,0.998253725837902
PCED1B,0.00349338588434636,5.59881341156134,0.00015010340371191,0.990224826669737,0.998253725837902
GTF2H3,-0.00699853234741451,4.91417907896559,0.000149941048347202,0.990230114364118,0.998253725837902
ATAD3B,0.00784852593432434,4.42097187980394,0.000147254450645562,0.99031803255803,0.998253725837902
USP48,0.00237200286220901,6.23715332276857,0.000147219278666455,0.990319188847633,0.998253725837902
CAPG,0.00477080723245878,7.41169634682899,0.00014576118075027,0.990367246434529,0.998253725837902
TMED1,-0.00573708842858383,4.58608669314222,0.000145412202925854,0.990378784035695,0.998253725837902
HPS6,-0.000218309774937796,4.18260962364385,0.000144652343266216,0.990403953849737,0.998253725837902
SMC4,-0.00319444521131083,6.35853125837384,0.000143738197195376,0.990434322073377,0.998253725837902
TMEM208,-0.00295641940699139,6.24412684531123,0.000140415049449061,0.990545540046769,0.998253725837902
STX16,0.00292592178086065,6.48390319167774,0.000136007123696658,0.990695114247428,0.998253725837902
ARRDC2,-0.00307082512604724,5.28288873250534,0.000134744632925177,0.990738399446412,0.998253725837902
TRAF7,0.00630956315909085,4.77889019158042,0.000134690531979231,0.990740258849436,0.998253725837902
EXOC5,0.00180124416786255,5.60552991105026,0.000132346332023303,0.990821188804336,0.998253725837902
MED27,-0.00358898366388797,4.87041863653306,0.000131328641685968,0.990856546051107,0.998253725837902
SOD2,-0.00245130972683494,6.03888566784849,0.000130998762282175,0.990868036315921,0.998253725837902
MAP2K5,-0.00755947186623316,4.14585009959315,0.000130256909745441,0.990893929285316,0.998253725837902
TUBE1,0.00667032385091768,4.61890587643011,0.000129842488121312,0.990908426003508,0.998253725837902
PTRHD1,-0.00258230188987405,5.51398567372157,0.000120480536995871,0.991242305564467,0.998253725837902
ATOX1,0.00466406391392195,6.1873055300393,0.000118818181761071,0.991302931066898,0.998253725837902
HMGN4,-0.00296491219986199,6.13427948981152,0.000112691649952978,0.991530109934977,0.998253725837902
ISY1,0.00248315781167697,5.57935167023832,0.000110295026585661,0.991620655557085,0.998253725837902
VPS26C,-0.00543241302718404,5.50160169906053,0.000106701929276198,0.991758268267464,0.998253725837902
SPRY2,-0.00771343456701982,4.74863468248905,0.000106078352953176,0.991782385437988,0.998253725837902
COQ8B,0.00239707100093013,4.48155989622035,9.94533569702583e-05,0.992043124068126,0.998253725837902
NFKBIB,0.000105685572261143,5.32997596489702,9.80899522993184e-05,0.992097850838163,0.998253725837902
AGER,-0.0003134939659855,3.81197025239098,9.60828559435356e-05,0.9921791121444,0.998253725837902
HIPK1,-0.00231550894688722,7.00305054766165,9.47810041971309e-05,0.992232274785113,0.998253725837902
CHIC2,0.00290210647297611,6.09932809217202,9.38706186843774e-05,0.992269668697885,0.998253725837902
PDPK1,0.00183064310245799,5.38489997684274,9.23920743645112e-05,0.992330788180562,0.998253725837902
TOR2A,-0.00633878691425923,4.9719104245484,8.5222933702056e-05,0.992634332111816,0.998253725837902
MCM6,0.00336365206000259,5.22031141988222,8.27466286423828e-05,0.992742129310944,0.998253725837902
RAN,-0.0014175900333266,8.04991327278701,8.24898225388893e-05,0.992753400238707,0.998253725837902
RASSF3,0.00229090029265383,5.39948514084842,8.18096433050641e-05,0.992783337595161,0.998253725837902
SCYL2,0.00160506205249439,5.10239550841017,7.96003560452618e-05,0.992881445653509,0.998253725837902
LUC7L2,0.00220082304887372,6.55731446367858,7.73044133026701e-05,0.99298485567633,0.998253725837902
KPNA4,-0.00197791559700661,6.73876306348198,7.72361359189233e-05,0.992987954265089,0.998253725837902
LGALS9,-0.00884171550150776,4.61735940627993,7.57900287950974e-05,0.993053906712482,0.998253725837902
SP140L,-0.00220633605192132,6.3435781665673,7.35116343371089e-05,0.993159107281815,0.998253725837902
RNF169,-0.00191946680640636,6.11614372285284,6.87787986883848e-05,0.993382981084156,0.998253725837902
ZNF585B,-0.00152858973105859,3.69688157174708,6.83999686685866e-05,0.993401228926593,0.998253725837902
SLC12A6,-0.00314415422032107,5.40389963689755,6.72082593489165e-05,0.993458964282595,0.998253725837902
GOLGA2,0.00313311881163092,5.67304804665837,6.66277169578677e-05,0.993487275533307,0.998253725837902
ZMYM1,0.0039866116564464,4.42873339440331,6.33755358201427e-05,0.993648207585167,0.998253725837902
SMAD3,-0.00476073155205632,4.81001312495717,6.29346317548851e-05,0.993670340415699,0.998253725837902
LMBR1,0.0030423501432675,4.43149220885445,6.25213556197934e-05,0.993691156865453,0.998253725837902
CCDC91,-0.00155179531886761,6.52838330587445,5.76203049540425e-05,0.993943472869205,0.998253725837902
NKAPD1,-0.00230576304357473,5.49517141224433,5.70389352620992e-05,0.993974103918055,0.998253725837902
NAPEPLD,-0.00306038094905132,4.21203786027603,5.63662359702732e-05,0.994009742400467,0.998253725837902
WBP2,0.00150104534251985,6.27835147855035,4.592728741315e-05,0.99459280371611,0.998656806605436
TBCC,0.00175778563167478,6.5512425748526,4.51188139862779e-05,0.994640606647813,0.998656806605436
EIF3H,0.00109768869434816,7.98133518748293,4.17959319491956e-05,0.994841730330496,0.998743520482905
GTPBP3,-0.0028130824705545,4.27716429215357,3.64832916694979e-05,0.995180694823234,0.998745383418937
MIB2,0.00032321432884746,5.89833193250202,3.52395378264703e-05,0.995263553755384,0.998745383418937
CSRNP1,-0.00436515170073228,5.47410959778206,3.51311913924235e-05,0.995270840543618,0.998745383418937
FOS,0.00186359629729498,9.98811608227821,3.46606020507068e-05,0.995302620980402,0.998745383418937
MCRS1,-0.00167865013643829,5.11771315462146,3.01103511333167e-05,0.995621798029761,0.998852318581616
TUFM,0.000835914059871372,6.96312787799534,2.98779110767811e-05,0.995638729598474,0.998852318581616
WAPL,0.00138145703798152,6.47080896829962,2.52830482772026e-05,0.995988073680832,0.999087621627971
NUP58,-0.000922561958479081,5.55865678819212,2.25939571656397e-05,0.996207421518339,0.999097215727662
CENPL,-0.0105727433947395,4.12225026341627,2.23584816954059e-05,0.996227236365006,0.999097215727662
POFUT1,0.0194441679373922,3.54387334993647,1.95000415512681e-05,0.99647664487711,0.999232197299861
RTL8C,-0.000904949218403136,4.76528730899386,1.74079581398701e-05,0.996671008254411,0.999267684186934
LINC00324,-0.00249672070825104,4.43376513029043,1.54063801680593e-05,0.996868234385022,0.999267684186934
CLIP4,-0.000351658311894655,5.11573041904265,1.40928945349117e-05,0.997004708167028,0.999267684186934
CIB1,-0.000512653586741476,8.43844815517277,1.39935318514972e-05,0.997015286025766,0.999267684186934
F8A1,-0.00176661481785662,5.23367309837727,1.07594077434214e-05,0.997382820766087,0.999267684186934
TCP11L2,-0.00966510950025286,4.54838596416594,1.07344756266059e-05,0.997385854828513,0.999267684186934
SMIM3,0.016512747258973,4.06794763691566,1.05777186014677e-05,0.997405012318932,0.999267684186934
PDRG1,-0.000508253317597899,4.83862953351357,9.64860043239923e-06,0.997521599294806,0.999267684186934
TAF8,-0.000950588187142771,5.17375638620217,9.46415251590338e-06,0.997545402759517,0.999267684186934
DGLUCY,-0.000998907825099556,5.56518983685894,6.67811593046963e-06,0.99793810495425,0.999546015354683
NELFA,0.00050604847801906,5.02793090135315,2.66497945133892e-06,0.998697472800836,0.999640882746917
UBE2G2,0.000418538479413536,6.63738871865191,2.54322003456764e-06,0.998727576019189,0.999640882746917
UTP4,-0.00859547480734591,4.24393288393525,2.43768703001024e-06,0.998754255844425,0.999640882746917
MRPL34,-0.000231832060769431,6.71937959958098,2.24259446035546e-06,0.998805144817298,0.999640882746917
GTF2F2,-0.0008780229140609,5.43252745305727,2.13837762430558e-06,0.998833238453636,0.999640882746917
MRPS2,-0.000365522291573103,4.96881844880336,2.13618790922965e-06,0.998833835992604,0.999640882746917
PTDSS1,-0.000436221741493952,5.5723414211101,2.12515546671455e-06,0.998836851242927,0.999640882746917
RELT,-0.000223686935705532,4.20835335571219,1.22962054049935e-06,0.999115239903849,0.999707617522339
CASP1,-0.000584974679668316,6.05193413908666,1.18001285542846e-06,0.999133270965105,0.999707617522339
GSK3A,-0.00200203381250582,5.73685044432223,2.04114723345583e-07,0.999639523288031,0.999926266429432
RPS8,4.1875704016254e-05,11.9821243977971,2.00132863170666e-07,0.999643056686159,0.999926266429432
GID4,-0.00453510072348703,4.06135835350234,2.64062514077068e-08,0.999870343755984,0.999926266429432
ARSG,-0.00237732273405038,5.04097055922307,2.63064912076061e-08,0.999870588901954,0.999926266429432
RAB4B,-0.00469516621547466,5.36596788702003,8.5398532689851e-09,0.999926266429432,0.999926266429432
