gene,logFC,logCPM,LR,PValue,FDR
IER2,-0.646557229502598,8.65842763980184,22.7901008847659,1.80694039844682e-06,0.0152957504728523
CMC1,1.26098716304638,6.53999760570694,21.1052078942993,4.34744996669975e-06,0.0184005819840567
MSMO1,-1.16192994264478,6.03853072615825,18.9998400779875,1.30729409924632e-05,0.0368874818337337
CST7,1.00020860025964,8.97781770342203,17.9914379774367,2.21900791435547e-05,0.0399874614393198
FBLN5,-1.98059969340366,4.85881081577514,17.8726363184502,2.36192920492143e-05,0.0399874614393198
CIDEB,-2.38018892695713,4.14795939573645,16.7230693232919,4.32518520943813e-05,0.0551811468929068
SH2D1A,1.11149903499861,6.62629136380163,16.6214842868749,4.56311905788952e-05,0.0551811468929068
CCDC144A,-2.36490058428618,4.89695473409815,16.2788764272621,5.46700177631751e-05,0.0578477125456597
TTN,2.29968216100299,5.33480343360312,16.0445521410113,6.18693786690687e-05,0.058191587825963
LIMD2,0.559309372973031,8.21763931836879,15.8289827546454,6.9332337052335e-05,0.0586898233148016
PLEK,3.44087787326663,5.08767512853811,14.5107687197587,0.000139360617775163,0.092572705067182
RGS18,-2.35883549187895,4.13065582068228,14.5019553709926,0.000140014132950341,0.092572705067182
ATP1B1,-1.36826933736072,5.50611970075086,14.4732095076827,0.000142167178484745,0.092572705067182
RGS16,-0.945433381792679,6.65951843004458,14.1829332030963,0.000165868169256032,0.0947575940304208
PTGES3,-0.42788834442626,8.44316296684056,14.1439257603049,0.000169342984017569,0.0947575940304208
RAB9A,1.16336815882696,5.45071963294838,13.936348061164,0.000189106023375103,0.0947575940304208
ATP2B1-AS1,-1.05678181310447,6.14325040851162,13.9245291748568,0.000190298771236521,0.0947575940304208
CD226,-1.08089108904022,6.98206358245514,13.7580123660497,0.000207932003262027,0.0977858004229478
AFG3L2,-1.22777950529818,5.58655440587998,12.7037919682528,0.000364914847517402,0.162579167591306
THEM4,-1.52391845362519,5.16049596675845,12.4812615199125,0.000411054512897936,0.173978822584051
RGS9,-1.32687391000636,5.38103108199958,12.1953897669132,0.000479077651056043,0.193113919818543
ARPC5L,0.57860641042538,7.64616256540988,11.9598451217254,0.000543593889941316,0.204574521857462
STX3,-1.50915738674166,4.68239196360721,11.9183283951585,0.000555843355312656,0.204574521857462
CISH,-0.7615663898154,7.55023124457887,11.7599192259022,0.000605198525063302,0.21149098343811
ZNF683,-1.18425289364164,8.21073928299292,11.5992625278986,0.000659779774360801,0.21149098343811
PRNP,-0.885684080936023,6.70523883427502,11.5908654549796,0.000662765608244732,0.21149098343811
AP5B1,-1.73405194313739,4.55016733160357,11.4876788261348,0.000700590768322538,0.21149098343811
MMD,-1.09287326321427,5.75568869595418,11.4512761088018,0.000714449192264471,0.21149098343811
PGAP1,-2.15054751338772,4.28937327377265,11.4252137969724,0.000724540876515675,0.21149098343811
MVB12B,-1.53689392215293,4.91449649601742,10.5173629896618,0.00118258115958717,0.318723279043078
KLRG1,2.04182693696784,6.00112938713237,10.5140871770173,0.00118467936923468,0.318723279043078
CCNK,0.998912271697449,6.00529463085676,10.4622903038185,0.00121836129369301,0.318723279043078
NBL1,-0.947208984235402,5.97963287938987,10.419249772375,0.00124708544693486,0.318723279043078
MPZL1,-2.08689017878816,4.00498290506614,10.348336854709,0.00129591391483237,0.318723279043078
SHQ1,-2.13281321535531,3.99354172328343,10.3174025624974,0.00131781627483848,0.318723279043078
OTUD1,-1.49309080019615,5.02885747888787,10.0737344278039,0.00150397890840612,0.344347774768463
SELENOF,-0.503813645382988,7.34671287217416,10.0290939634729,0.00154086812230443,0.344347774768463
CLPX,1.09965612889038,5.4194351536144,10.0232053687705,0.00154580217852352,0.344347774768463
SMIM3,-1.94511473654953,4.19325645173053,9.97223409668726,0.00158918544622795,0.344934738521015
TMEM97,-2.06421317302778,4.09123876307862,9.91934439209701,0.00163550629096187,0.346114018824805
ASMTL,-1.51836115013159,4.75371938813026,9.85737058562936,0.00169152692683994,0.349238425260977
NSD1,0.721495730807013,6.75561816182825,9.75673622104824,0.00178666823135275,0.350840578067246
AGTRAP,-0.684089872482905,6.44273253429677,9.75406177566319,0.00178926936905551,0.350840578067246
NAA40,1.6659316865806,4.47243125904705,9.70185966748101,0.00184081627785637,0.350840578067246
TMEM191B,-2.07322855742062,4.46112951054477,9.67780708402682,0.00186507099976682,0.350840578067246
LMO7,-1.77909564372636,4.21768520906943,9.63690803796823,0.00190705994035582,0.350940486850262
UGP2,-0.598994776257085,7.11428813086367,9.57909633324874,0.00196805250394669,0.354458817998058
NEMP1,2.40672560547824,3.83851537472959,9.45445921413186,0.00210636385937604,0.370228987411313
TAB1,-1.7125275351516,4.3188824319608,9.42276129003725,0.00214308569204422,0.370228987411313
ITGAL,0.564955673541138,7.18010555442294,9.36063732338905,0.00221695045916306,0.375329712736306
MYL12A,-0.31392169469794,10.4625207023109,9.28274730975962,0.00231322223383828,0.377357615059231
C1orf162,-1.19832875178745,5.28594225972154,9.27890015288026,0.00231808576291554,0.377357615059231
CORO1B,1.09259423947049,6.72253262955678,9.17718240795559,0.0024505098293732,0.387024019602486
TMEM164,1.92391443815634,4.14791133552876,9.13421557097035,0.0025087299897549,0.387024019602486
ABCA7,1.39402840903958,4.73862940654415,9.12991980882762,0.00251462741620044,0.387024019602486
FYN,0.766635572826568,7.90840102698358,9.08388112262505,0.0025787220136286,0.389801461524395
GNAQ,-1.24769981560444,4.99759268250255,8.99374695396557,0.00270904964478066,0.396847791852229
DUSP22,-0.950554484717545,5.49380119195421,8.98698077377564,0.00271909886915881,0.396847791852229
IFI27L1,-2.14344789569161,4.15533422698964,8.8350631296233,0.00295497417338093,0.411433897946603
DENND2D,0.97572315620024,6.39574798342385,8.82200751627116,0.00297619058363227,0.411433897946603
SPTY2D1,0.80084776644944,6.45893383016336,8.81735406213294,0.00298379016807364,0.411433897946603
GADD45G,-1.27478023561749,5.2214032128313,8.79007311710809,0.00302874109685515,0.411433897946603
PGM3,-1.45501774441161,4.4839785329067,8.74154605284172,0.00311040689330212,0.411433897946603
KAT8,-1.17047155327215,5.36284787758587,8.74139541847827,0.00311066384744035,0.411433897946603
ERGIC1,0.915849424301633,5.49153613623688,8.66953999211475,0.00323572860255764,0.421391424933084
TIMP1,-1.5064932318328,5.95180386589272,8.590895059768,0.0033784790915349,0.424027018389402
TMEM200A,-1.22897642586578,4.98263407668668,8.59071508858495,0.00337881299927452,0.424027018389402
RXRA,-1.54016538128326,4.45273470205869,8.57599276322419,0.00340624184884576,0.424027018389402
OAZ1,0.251755901803916,9.5075754354375,8.52437615027738,0.00350420849245532,0.427566165289196
CD274,-2.39506130773238,3.79292816979325,8.49076436314012,0.00356953809468988,0.427566165289196
CSK,0.52715866465069,7.20196571822815,8.48229110082087,0.00358620174075994,0.427566165289196
PLP2,-0.651169617945434,8.63320818328401,8.39995438825683,0.00375230424989537,0.441156326046727
WAKMAR2,1.39126774366355,5.44271334331495,8.24980283269609,0.00407564275862891,0.464405999074673
PHLDA1,-0.797921731998055,6.38858410192279,8.24173036365134,0.00409380861383693,0.464405999074673
CD160,1.73383464174958,5.65291523024309,8.23251698170529,0.00411464263799179,0.464405999074673
BCR,1.37339901719502,4.6210907613013,8.16807077253699,0.0042634230487499,0.474866790890367
SPIDR,-1.2769052969451,4.76071158190173,8.13665825390126,0.00433791568250465,0.476889042238985
NKG7,0.741119030590954,10.2309025499755,8.06198770575088,0.00452035650159295,0.489691904351391
ATP7A,1.30575192466163,4.7390206537267,8.04217146264837,0.00457007211385232,0.489691904351391
PLAC8,1.34617985459576,4.93619833530804,8.00540654779286,0.004663789066798,0.493487180630563
KCNAB2,0.72565399311582,6.31793159868874,7.92863688807728,0.00486584402453395,0.508510736638023
PRCP,-1.5373974753894,4.2485893082773,7.87975777605504,0.00499911755603397,0.512015839720282
RPAIN,0.666029529317598,6.21487654928179,7.87209120575621,0.00502035613665486,0.512015839720282
RNF213,0.384490778169349,9.01111137611597,7.82339291266497,0.00515742849795697,0.516903463850136
OTUD7B,1.48880783197953,4.55767280020957,7.81187340539485,0.00519040690221637,0.516903463850136
ZNF737,-1.46252284422495,4.42523738520745,7.6955310826751,0.00553577185841974,0.532690798762591
SCAPER,0.907505416952609,5.44465653128086,7.68519404533168,0.00556756931363846,0.532690798762591
GABPB1-IT1,1.45029181287695,5.55624830861026,7.68413389447082,0.00557084092511713,0.532690798762591
VAMP1,-1.01456657868773,5.10189652242308,7.67450434920268,0.00560064750028005,0.532690798762591
IFIT5,-1.23885261283691,5.08771826849783,7.64994187374742,0.00567741506709841,0.533992428255422
AGFG1,0.804455521249844,5.89895571733916,7.6059294165079,0.00581766688687419,0.541039656736963
EPB41,0.594057660182306,7.04384951765464,7.57957094390907,0.00590334899287365,0.541039656736963
GTF2I,0.628668380111582,7.17181302757851,7.5671755585205,0.00594408601022299,0.541039656736963
GFOD1,1.39461054639625,4.48271211350205,7.54148810048194,0.0060294225020465,0.542968739147059
HSPA9,-0.445722425721204,7.38071375554338,7.49417075623614,0.00618990276810939,0.551552915074168
DYRK1A,0.93792709341219,6.13737248442497,7.44422758569829,0.00636402253417128,0.561160945330832
YWHAZ,0.300610916171176,9.68795672637769,7.41171482342547,0.00648005291173397,0.565501524719877
ANK3,-1.6069006863296,4.34969346511164,7.36802982424078,0.00663936362725142,0.570075778173682
CANX,-0.432516369122533,7.58897027831503,7.35213721064047,0.00669830818402877,0.570075778173682
CASS4,-1.40743848319004,4.64227125465186,7.33822827445177,0.00675033385299344,0.570075778173682
TNFRSF14,0.651859738225328,6.67455946373311,7.31875564193933,0.0068238644168372,0.570075778173682
SSBP2,-1.46416045433928,4.35309576909463,7.28938496459885,0.00693632181519929,0.570075778173682
DUSP11,-0.877736520721854,5.49259912067148,7.28932863692287,0.00693653929732892,0.570075778173682
CITED4,-1.28522536375338,4.74250650068687,7.23265157038546,0.00715893935812312,0.574269937365808
DOCK5,-1.28251918871222,4.83098488153703,7.22901478378942,0.00717345640630218,0.574269937365808
DCAF12,-1.23262899091246,4.7327928081431,7.2246062704172,0.00719109431314538,0.574269937365808
TRAPPC9,-1.46491326670482,4.31951192249616,7.11591936936687,0.00764024121576244,0.596598486623918
ZNF34,2.11288164464424,4.02468465332097,7.10741219365095,0.00767658512470803,0.596598486623918
ETS2,-1.30524447967541,4.80829026655954,7.09610875808478,0.00772514869419674,0.596598486623918
PIGT,-0.84396584693595,5.64999571929356,7.08974937848703,0.00775260880432735,0.596598486623918
PPIF,1.09498823650107,5.03203493941168,7.04874996750346,0.0079320586847838,0.604908799699954
SHMT1,-1.53568803670254,4.25430519246708,7.00292243247848,0.00813767586083984,0.61204883269463
LTB4R,-1.48847974964513,4.51374160022659,6.99576210552185,0.00817029156461822,0.61204883269463
ZNF410,1.35605365628703,4.71312124511255,6.94187142700543,0.00842009740143944,0.625229162308639
PRPF4,1.46238089009475,4.82278781570042,6.89033558649784,0.00866629971843961,0.634453629747816
ZER1,-1.44160785965399,4.53768998808026,6.87341455590174,0.00874873346787031,0.634453629747816
DNAJC11,-1.7691372275654,4.05617204085356,6.86924360917979,0.00876917598115706,0.634453629747816
TMEM116,-1.1294005017656,4.88212533064456,6.85111305815153,0.00885860667173404,0.635492419290073
TNFSF14,-0.645191968729117,6.81932264528577,6.82944622874752,0.00896670613316436,0.637841743001986
TIAL1,0.586294598705172,7.03084108731583,6.80443417563341,0.00909317649247808,0.641447825073558
UPRT,-1.75662462575175,4.11410586393464,6.77337125439411,0.0092527890330102,0.641485462610014
PRKD3,0.956522380258577,5.2933127497073,6.76301205323848,0.0093066540157439,0.641485462610014
GZMK,1.42998131658989,8.63560420527311,6.75989863303376,0.00932290562606762,0.641485462610014
TMBIM1,-0.856825413991935,5.6427660567392,6.73551427089667,0.00945119810604369,0.641485462610014
NFATC2,0.796227908357833,6.51847956877951,6.73147671050284,0.00947261462802738,0.641485462610014
LINC01003,-1.25955433800937,4.63584282216854,6.67197925679443,0.00979403630992083,0.645770818773974
SELENOS,-0.455016365098928,7.29272560080535,6.66450661473049,0.00983518806188071,0.645770818773974
HNRNPM,-0.361962912944722,7.84916539644107,6.66374024933083,0.00983941843257902,0.645770818773974
SMIM19,0.684948082783386,6.18697087331102,6.65826308392391,0.0098697069630553,0.645770818773974
PAXBP1,0.727534378961996,5.98024700963134,6.64281463708927,0.00995565219418045,0.645770818773974
ZNF354A,-1.2589623286417,4.52777299985106,6.61347784469217,0.0101209809196479,0.645770818773974
DAPK2,-0.876326631116443,5.78452151872479,6.61097942762438,0.0101351902596659,0.645770818773974
KLHL9,-1.23289709153876,4.96753979731089,6.60539796612616,0.0101670078313507,0.645770818773974
BCL2,-0.454802796942763,7.87828483340208,6.59570975658862,0.010222479588389,0.645770818773974
BRD3OS,-1.73079918389445,4.0165232121521,6.54474404162832,0.0105194461179315,0.659608232505854
PRR5L,1.38402864067338,4.47318514748372,6.5218623680653,0.0106556363435377,0.663235012117988
ETNK1,0.636506170001541,6.34229028949574,6.47838596827361,0.010919409486025,0.674691980286141
CEBPB,-0.325882040230305,8.25028918771317,6.43185885412366,0.0112091207972362,0.687573967743513
RALGAPA1,0.70382764541249,5.97409333507881,6.39642084448684,0.0114350671166007,0.692363320474019
PLK3,-0.831808282762604,5.58918596247047,6.39398296021125,0.0114507814372549,0.692363320474019
NELL2,-1.32609963903371,4.65947374905967,6.3696826980901,0.0116086350865515,0.696929758919564
UXS1,-0.909964196994789,5.48020130541467,6.33354249347437,0.0118475436572856,0.70626378210509
ZNF831,0.771875147912155,5.52888610385569,6.29211500714784,0.0121276249530005,0.710150448242501
USP34,0.471389368476592,6.94797893286627,6.29010317250606,0.0121413983727808,0.710150448242501
SUPT3H,0.818435810563202,5.6032597737049,6.28358026597629,0.012186166084131,0.710150448242501
MRPL24,-0.928961004993187,5.07795659746241,6.2745658669793,0.0122483125154643,0.710150448242501
SEC31A,-0.600543656592155,6.39778908276513,6.24309444052674,0.0124678448353388,0.717042555381152
SLAMF1,-1.04130602432362,6.35938667925558,6.23335524774686,0.0125365975423994,0.717042555381152
SPATA2L,-1.36560497362997,4.5014921555234,6.21335459179551,0.0126790140072939,0.720321164911025
TRDC,0.75924997131706,7.64392158406572,6.19575723955098,0.012805692184324,0.72266789560202
BTBD6,-0.704832735958882,5.97449353133318,6.15794974540657,0.0130822759493345,0.73338719146435
CYB5D2,-1.54925783845093,4.22333305189302,6.12567047832758,0.0133232748390376,0.735176196814345
FAM53B,0.895662277884096,5.47898762114782,6.10482677184006,0.0134813164160897,0.735176196814345
DUSP2,1.07009762591965,6.67906670838467,6.10138027627545,0.0135076336599993,0.735176196814345
PABPC1L,-1.47109942176532,4.09675500840686,6.09175458947342,0.0135814150605107,0.735176196814345
TEPSIN,-1.18186282569204,4.58727696824639,6.07568147664563,0.0137055415813274,0.735176196814345
ARHGAP10,-1.21481711993949,4.68931059351188,6.06556083922518,0.0137842975331915,0.735176196814345
SYNE1,0.528671021975337,7.00882424431064,6.05240916208239,0.0138873362626602,0.735176196814345
IL17RA,0.831779015437568,5.3448784990048,6.04485464782149,0.0139468811760989,0.735176196814345
PDIA6,-0.499047053507267,7.46176218481422,6.04283313702582,0.0139628592899647,0.735176196814345
ARL6IP6,-0.706382177068346,6.25687006966072,6.04032905154392,0.0139826778130076,0.735176196814345
DYNLT3,-0.659911342238939,6.08317584112164,6.01607710377604,0.0141761234102759,0.740746201654233
MT1X,0.957084757429845,5.53649244549825,6.0047347473872,0.0142675387785581,0.740949176444751
POLDIP2,-1.09570666162798,4.89882866512764,5.97742916591694,0.0144901088311555,0.744424162912645
SMG1,0.409400671738146,7.32653331116702,5.97496917207262,0.0145103351306068,0.744424162912645
C11orf71,-1.55057994846945,4.07594193059254,5.94581681829041,0.0147522534792402,0.751849299525989
KLHDC4,0.905110999895929,5.63882923188078,5.92979868968039,0.0148869423945005,0.751849299525989
LAT,0.465384942453029,7.72684861109247,5.92571033644508,0.014921521833475,0.751849299525989
CNOT10,-0.948945335686084,5.03436189400491,5.90935009265988,0.0150607271939002,0.754373110629382
HSH2D,-0.929425033149484,5.26531293507899,5.87212520243386,0.0153824709759576,0.76233941952431
NUCB2,0.594864836060141,6.78118188016158,5.86938012128403,0.0154064759183105,0.76233941952431
RSL24D1,-0.534326338917511,8.14627967608851,5.85986926659359,0.0154899444959458,0.76233941952431
TMEM59,-0.348470690391239,8.07541391100625,5.83449106351635,0.0157149550152572,0.763744114130521
MTMR14,-0.789554648479627,5.36386807780098,5.81320761321333,0.0159062559766266,0.763744114130521
KLHDC7B,-1.35610758184159,4.16687301498478,5.80391152300182,0.015990563056662,0.763744114130521
ADSL,0.818839276431242,5.50321302433483,5.80389479468041,0.015990715181733,0.763744114130521
MIAT,0.789697462818518,6.47257185848456,5.80143501442715,0.0160131003310643,0.763744114130521
RHOB,-0.972904910637432,5.64055978088821,5.75995935973299,0.0163954510702518,0.763744114130521
FBXO6,-0.827319693117232,5.3385499584936,5.7528088360725,0.0164623147755056,0.763744114130521
PDGFD,1.50724649894147,3.98183829783118,5.74618405761779,0.0165245132188175,0.763744114130521
TECPR1,1.09425746946908,4.83062912224073,5.74380969585496,0.0165468644717259,0.763744114130521
TIGD7,-1.71829285883327,3.84353418845382,5.74247503338216,0.0165594421133732,0.763744114130521
SAP25,1.03860365488637,5.05713571622989,5.73855468795902,0.0165964438505517,0.763744114130521
SAMSN1,-0.389172862199247,7.68862674683598,5.73805443837014,0.0166011715298306,0.763744114130521
ENTPD5,1.77668047200725,4.03135461454088,5.72725064763201,0.01670361387143,0.764303196873812
UMPS,-1.15205131887096,4.54837786769255,5.68541775392389,0.0171064663727342,0.778528160458036
MAGEH1,-1.04551499697793,4.95945224321809,5.67074392832835,0.017250139138556,0.780868597903084
ID3,1.37833494531187,5.01588372394843,5.64933679444121,0.0174619750953785,0.78366663486902
CDKN1B,-0.529718277780487,7.07181926830521,5.64581265302771,0.017497105019521,0.78366663486902
TIAM1,1.62417343946256,4.2234581606045,5.62216647150236,0.0177347132300268,0.790128144695666
CLNK,-1.27491583660293,5.55164621797701,5.59977135339558,0.0179628216767222,0.790591106564769
CD83,-1.35845074181987,4.18443356602441,5.59787992679497,0.0179822252435262,0.790591106564769
AGO4,0.965723018432645,4.91311748168841,5.57322730820336,0.0182371173878879,0.790591106564769
OXA1L,-0.652057557096779,5.86718543012047,5.56567733770679,0.0183159231992816,0.790591106564769
ZBTB20-AS2,-1.58932281389193,3.97900232584397,5.56420725283777,0.0183313086523392,0.790591106564769
AGAP3,-1.4617571643447,4.33241210013185,5.56365686929775,0.0183370722293442,0.790591106564769
CDC14A,-0.686001416043767,6.57076002132685,5.55776664162755,0.0183988715880992,0.790591106564769
LCMT1,0.752070372815718,5.52641566659224,5.537850557116,0.0186094261120798,0.795599959791695
RCAN3,-0.508102578505326,7.09063553302041,5.52476928707274,0.0187490753023923,0.797542323792719
MIR155HG,-0.826356585660174,5.99556654503199,5.49408119280838,0.0190809518595975,0.800261173955144
ERGIC2,-0.689913816170063,6.20158408545974,5.49229366471279,0.0191004691830975,0.800261173955144
ASTE1,-1.08652889380221,4.64345232103781,5.49164640892733,0.0191075414035388,0.800261173955144
PGK1,-0.344702884704425,7.99135917807498,5.46633788313328,0.0193862066392735,0.800261173955144
ESD,-0.496738640636476,6.59893154818349,5.45493638715919,0.0195131145866577,0.800261173955144
IDI1,-0.487942056784308,7.29194940737841,5.4458873421222,0.0196144489632771,0.800261173955144
GBP2,0.477369475125191,7.1113529745325,5.42997600153642,0.0197939511685168,0.800261173955144
MATK,-0.411602070307962,7.26577589776506,5.4298094856486,0.019795838655172,0.800261173955144
IL2RA,-1.52854099042415,4.43858752294445,5.42409207402951,0.0198607595374378,0.800261173955144
SNHG12,-0.476471614354523,7.04148074799992,5.41472168828548,0.0199676362258567,0.800261173955144
TCERG1,0.691415450135096,5.89554165494046,5.40955870437768,0.02002677811385,0.800261173955144
CEMIP2,0.588887635509404,6.15812087670424,5.40503556731727,0.0200787394342468,0.800261173955144
MKKS,-1.33124799991109,4.47761025827803,5.38658943307626,0.0202920947545733,0.800261173955144
COQ2,-1.48888735459015,4.07917546299411,5.38015848881371,0.0203670277355388,0.800261173955144
FARSA,-0.852671414253053,5.08520413522453,5.35973622788403,0.0206068902628299,0.800261173955144
ATP5MF,0.329031169270624,8.05242893071972,5.34556498437244,0.0207750498416514,0.800261173955144
CHD3,0.529196642402042,6.9083897062361,5.34356964158997,0.0207988408738732,0.800261173955144
SPON2,1.15580044080732,5.13591890341525,5.3363617066319,0.0208850182421146,0.800261173955144
ANKRD12,-0.308404769084136,9.05866753315916,5.33317685325166,0.02092321366532,0.800261173955144
DYNLT1,-0.524853465808986,6.69974428104469,5.33071359215505,0.0209528047251993,0.800261173955144
TFAP4,-1.58676421661865,4.05030909108579,5.33068668417185,0.0209531282087935,0.800261173955144
TPT1,-0.21305671427086,13.0085893511464,5.32499482714316,0.0210216711486056,0.800261173955144
COTL1,0.291892109017847,8.96830902925916,5.31382357413595,0.0211568740647621,0.800261173955144
GZMH,0.70407371879056,8.01041404920527,5.31282124245308,0.0211690489575328,0.800261173955144
SLC35B4,1.41946854918769,4.22634402171851,5.31164646926185,0.0211833276547541,0.800261173955144
ZDHHC8,-1.43431203984871,4.29467023603622,5.30445361415556,0.0212709703650216,0.800261173955144
RAC1,-0.381468246206246,8.00500174746978,5.27183859748449,0.0216731098891616,0.811782633680322
MDN1,0.89677336716856,5.2513286133544,5.25790189730719,0.0218473408958974,0.812701416917788
SESN3,1.19329288105004,4.51453221975639,5.25453463386672,0.0218896542300361,0.812701416917788
PSMD10,-1.01884233798852,4.88732320994557,5.237939195801,0.0220994374863891,0.816907154245779
SERF2,0.129953827339184,10.2913587246142,5.2164023622572,0.0223747944040562,0.820345476920876
MRPL23,0.738750229782896,5.38327169462811,5.21551050551141,0.0223862734989631,0.820345476920876
GTF2E1,-1.22359145754646,4.40744371131246,5.20749923626818,0.0224896605979974,0.820581797250208
PIM2,-0.809472970293717,6.29775586186246,5.18964185235165,0.022721898360041,0.820737700398891
FAM199X,1.00341768227528,5.00121143643585,5.17889848799066,0.022862813409023,0.820737700398891
TNFAIP8,-0.405716679479928,7.75256258243926,5.15843097085071,0.0231337873972588,0.820737700398891
MAP1LC3A,1.09473810370363,4.31802596521707,5.15483736818676,0.0231817064436117,0.820737700398891
EIF3J-DT,-0.87168906675466,5.08860398472839,5.15230966623856,0.0232154738313103,0.820737700398891
ALDH16A1,-0.936521623382718,4.95130359511188,5.13841732514804,0.0234019731706426,0.820737700398891
SLC25A33,1.31328198150749,4.36968432912042,5.13330568460698,0.0234709853499097,0.820737700398891
TEX30,-0.970554078106177,4.78985990068698,5.1280119905957,0.0235426779136903,0.820737700398891
GPSM2,-1.02869378750507,4.64940999754267,5.11859176023602,0.0236708183956238,0.820737700398891
ING5,0.841142643479111,5.48762897513501,5.11116158131741,0.0237723989955568,0.820737700398891
CD27,0.982184407076144,7.00471777169963,5.10785799657302,0.0238177085739487,0.820737700398891
DEGS1,-0.44368683103139,6.78880966002086,5.10378109373003,0.0238737479360725,0.820737700398891
TAF1A,-1.74528447024654,3.88245465787168,5.10063633031773,0.0239170679369486,0.820737700398891
PLEKHA5,-0.929580987601547,4.77372323733699,5.10020708152677,0.0239229872812805,0.820737700398891
METTL8,1.03561712491018,4.8742954085639,5.09837400164567,0.023948282575136,0.820737700398891
FCRL6,-0.739718848683984,5.60163464203017,5.08437744594281,0.0241423429271547,0.820783575301457
SPG7,0.563908786595832,6.23944373954879,5.08074969679134,0.0241929069173827,0.820783575301457
GALC,-1.16832219280979,4.3582928720389,5.06929101940181,0.0243533422032862,0.820783575301457
CLASP2,1.13701935409843,4.83770713249716,5.06414695990978,0.0244257239019666,0.820783575301457
R3HDM1,0.887556530627822,5.6224198804701,5.05697785451542,0.0245269724550773,0.820783575301457
CUX1,0.929982681069337,5.02718882486776,5.05666552573299,0.0245313933315143,0.820783575301457
UPF1,0.823743662014208,5.37498475009859,5.04779736919399,0.0246572639066172,0.821715493161525
WEE1,-1.18770372135139,4.75192085709936,5.04105639657962,0.0247533905205185,0.821715493161525
DAG1,-1.20440429440767,4.29114283628856,5.02264271552857,0.0250179582897679,0.822548217633055
NCSTN,-0.936415423131612,4.96841814609408,5.01392731346426,0.0251442031213854,0.822548217633055
PEX2,-0.660413247398368,5.53687461493761,5.00943500069172,0.0252095335846612,0.822548217633055
HACD3,-0.702530901804187,5.55416162390652,5.00146763055701,0.0253258347139438,0.822548217633055
RNF123,1.46546911398125,4.09444779733447,4.99666551892186,0.0253962009793499,0.822548217633055
GPBP1L1,-0.650588424496157,6.31854044900055,4.98698876309083,0.0255386138474812,0.822548217633055
MFSD8,-0.702326180398561,5.67634367160806,4.98411982496589,0.0255809952397547,0.822548217633055
GPR174,-0.428583862445198,7.35013272055554,4.97868038097915,0.0256615501053511,0.822548217633055
MGST2,1.70016139777491,4.0124810002607,4.97006067344717,0.0257897427794476,0.822548217633055
CAPN2,-0.488458391100678,6.78950299534825,4.96983542021962,0.0257931016607605,0.822548217633055
DRAM2,-0.740996784966169,5.48135765470321,4.96071897785439,0.0259294243157721,0.822548217633055
YPEL3,0.346311437697207,7.58171330644781,4.95096928791286,0.0260760448599308,0.822548217633055
TUBA1B,-0.452062066350154,8.01482602806111,4.94719242148711,0.0261330744516729,0.822548217633055
MDFIC,-0.474234903721787,7.59991580916636,4.94680958255402,0.0261388624386641,0.822548217633055
DLGAP4,-1.02284888709719,5.04678318609931,4.93470879703401,0.0263224974860383,0.825259041553017
EOMES,1.55326325165507,5.35688879242591,4.92534785617962,0.0264654735763106,0.826146371774155
FABP5,0.481251249168409,7.06122159552259,4.92009932545549,0.0265459909182009,0.826146371774155
SUSD3,-0.766180706520148,6.4818442620746,4.9046501867111,0.0267844762225333,0.830384399829725
KLF2,1.71405182366532,7.28306129661989,4.89860749993873,0.0268783609631831,0.830384399829725
MAP3K13,-0.870003754017004,5.00865042968069,4.88092571957666,0.0271550518365832,0.835881868351551
CCR5,0.621254647117582,6.0628377883623,4.87430239095613,0.0272594571310922,0.836055451502521
SSR1,-0.586988055386264,6.95384401641141,4.86376620349506,0.0274264029498129,0.83722565023529
PDP2,-1.27605586964849,4.05761022777873,4.85600488161611,0.0275500610080365,0.83722565023529
KIF5C,-1.35581139948418,4.86673046149438,4.85179385624039,0.027617396154303,0.83722565023529
NUDT2,0.862952798709675,5.24837577584238,4.84706417789403,0.0276932288323545,0.83722565023529
MPST,-0.735257319107643,5.75246196486355,4.81827300668486,0.0281595455908777,0.848293784436939
B4GALT1,0.638387613026092,5.9075607400029,4.80208129124273,0.0284253777567898,0.850625060566427
SEC22B,-0.609684065887466,6.10387901818185,4.79228171835893,0.0285875326587184,0.850625060566427
MRS2,-0.960135806133808,4.59548983171339,4.78419511359033,0.0287220679108907,0.850625060566427
MIR222HG,-1.2919527029409,4.273847088136,4.77285270223407,0.0289118810177121,0.850625060566427
COQ6,-1.01274882222766,4.5098186719106,4.76001216035423,0.0291283422880143,0.850625060566427
LFNG,-0.610963835203654,6.07401920215829,4.75957178737424,0.0291357958016523,0.850625060566427
RABEP1,0.614178130466537,6.03658531235794,4.75903486572564,0.0291448861328007,0.850625060566427
XPO7,0.847797419247737,5.10415759467674,4.756441506647,0.029188834503259,0.850625060566427
STK17B,-0.30663660824301,9.25306280823536,4.7521736147343,0.0292613106673938,0.850625060566427
LINC02084,1.61276039835742,4.51087164586399,4.74875079773268,0.0293195714258009,0.850625060566427
ATP8B4,-0.976142751982103,4.95660399248347,4.74741777440082,0.02934229387896,0.850625060566427
UBFD1,1.24352386811989,4.48040194419493,4.72815954192454,0.0296726204611592,0.855742753216686
APOL1,1.14937469955274,4.685244103831,4.72368888212448,0.0297498559766858,0.855742753216686
FBXO38,1.00845066411456,4.66476899452298,4.71951783612227,0.0298221042172383,0.855742753216686
OXNAD1,-0.40598174942258,7.59320092430406,4.71099384518533,0.0299703205728675,0.8570904177342
RRP15,-0.648855950061441,5.56601461670206,4.69926790568146,0.0301754682688974,0.857332137133906
ZNF805,-1.5250036122185,4.11815681985877,4.69111431318704,0.0303189792407864,0.857332137133906
NCK2,0.610687543138892,6.08655125188662,4.68558799983397,0.0304166519431574,0.857332137133906
HVCN1,1.56027705488776,4.0177668274785,4.68414408186729,0.0304422259205747,0.857332137133906
ICOS,-0.660289244497889,5.84540442796715,4.68172222090899,0.0304851710900538,0.857332137133906
IFIT1,-1.25487772492564,4.46916528728997,4.64549074750052,0.031135233623915,0.872714412670333
PDE4DIP,0.692032500330538,5.91986242815343,4.63669014494354,0.0312953047583587,0.874179018422062
MUL1,-1.21515261875013,4.43318934345181,4.63007183553727,0.0314162482602139,0.874179018422062
TNF,-1.35196319087331,5.98148278223865,4.62021852045318,0.0315972125689333,0.874179018422062
ZPR1,-0.673964781208019,5.53792391143721,4.61983881361312,0.0316042079225671,0.874179018422062
SFI1,0.877020310481456,5.82522216751502,4.61444059592324,0.031703834454291,0.874179018422062
SAMHD1,0.415413904406562,7.5193041251713,4.59668736729413,0.0320337955498297,0.877762218385002
SLC25A29,-1.27483788341358,4.25773649576744,4.59629264020457,0.0320411725317148,0.877762218385002
NDUFA3,0.374349275474455,7.75914659448211,4.58168735402626,0.0323153783007896,0.882418313923174
MAGEF1,-1.2190208892609,4.22511408415877,4.57447850520926,0.0324516220073312,0.883230738757958
LGALS9,-1.01602321018388,4.60460851443194,4.56875767689696,0.0325601695478897,0.883230738757958
ZNF302,0.889923183498043,5.10004973278595,4.56361095701318,0.0326581478123143,0.883230738757958
DENR,0.517796024227493,6.79338037785366,4.54858227422679,0.0329460151090297,0.886077743546509
STOM,-0.333939524596309,7.51603631447045,4.54719250651338,0.0329727689565446,0.886077743546509
DCAF11,-0.741204058606162,5.68992304646034,4.53816787523777,0.0331470513699333,0.887430698664795
MSH3,-0.744206951789799,5.6286880344019,4.53036653789572,0.0332984850205894,0.887430698664795
PPARA,1.08414856832866,4.7902598774347,4.52563401862848,0.0333907010943627,0.887430698664795
SRI,-0.372960104212322,7.49638118006997,4.52258214937545,0.0334503101144305,0.887430698664795
CDIP1,-0.835965887490885,5.32296308989273,4.5151388390521,0.033596159308757,0.887430698664795
PRKCH,0.502585125934686,7.3215292778264,4.51229153121039,0.0336521269074305,0.887430698664795
GIMAP4,0.657827843551671,7.89405519945174,4.49543164242465,0.0339855327327963,0.888987992078619
COX16,0.933419599301405,6.676423257192,4.49075465101437,0.0340786309371691,0.888987992078619
BATF3,-1.0144627326717,4.54122829680745,4.4881405915674,0.0341307813746517,0.888987992078619
CTSB,0.69506425288464,5.98647158031915,4.48811672894353,0.0341312578175489,0.888987992078619
ZNF580,0.888841366866141,4.93761925891536,4.47701216309664,0.0343537284895359,0.89203776584025
WBP4,0.821253863637395,5.64509133244878,4.46523135374746,0.0345914049626463,0.893035047746107
PCYOX1,-1.04507466948749,4.63826228571056,4.4646523747634,0.0346031300248934,0.893035047746107
ERG28,-0.759079548766719,5.51806592322692,4.44920122712056,0.0349175755563249,0.898411176547996
ELL,-0.8894141073204,5.00406296587601,4.43248751829173,0.0352610821224693,0.904500182323341
TBC1D13,1.17805055846076,4.31870645365179,4.41045001033591,0.0357194171535562,0.913489021766929
ATP6V1B2,-0.771940476258172,5.27340721344585,4.40107825298336,0.0359162155673188,0.913634785344583
NUBP2,-0.550925700503115,6.02754357979401,4.39629482503972,0.0360171002693986,0.913634785344583
TOB1,-0.611774916383327,6.53502990825349,4.39478950732097,0.0360489094276539,0.913634785344583
TMX4,-0.32560924794907,7.51163374736983,4.37059097422945,0.0365643088119035,0.919914591534935
EID2B,-1.06451630692561,4.26499041834832,4.36393988404848,0.0367073163048446,0.919914591534935
SQSTM1,-0.376819510085087,7.36941812939247,4.3601658654712,0.0367887231630717,0.919914591534935
TTLL12,1.48809102957894,4.24159954203032,4.35805027640481,0.0368344398030536,0.919914591534935
DLEU2,-0.781428029636985,5.21716714479554,4.35779072047833,0.0368400527501882,0.919914591534935
SERINC5,-0.870016780659492,5.45975063513569,4.33899289498314,0.0372489504323911,0.927389310029972
FBXL3,-0.630867248801585,5.7818091400669,4.33389740794734,0.0373606063970794,0.927441446191427
LGALS1,-0.916881140514444,9.21406732754447,4.32633742534927,0.0375269125795392,0.928845950250875
OTULINL,-0.596322977834731,5.89012844412513,4.31079228536399,0.0378713198510102,0.933455803878335
NUDT14,-0.7710302262436,5.72504362193524,4.30713090912376,0.0379529196500848,0.933455803878335
AKAP5,-0.764134893913526,5.26100602250986,4.29683384736275,0.0381833959357335,0.933455803878335
PPP6R1,0.476197439614819,6.55065456099935,4.29422449539426,0.0382420329887632,0.933455803878335
ERAL1,-1.26048938046558,4.17017948392391,4.29322492328056,0.0382645202534888,0.933455803878335
MYO1G,0.444233450951267,6.69988678405859,4.27903522628059,0.0385852436768098,0.938574964724699
USP53,-1.27157947409682,4.1917307235176,4.26843526554226,0.038826668280792,0.941741395406602
PIM1,-0.630046134050343,8.15656175946547,4.26341582664423,0.0389415430960094,0.941829035164913
NBPF12,-1.09762142717467,4.51918698786958,4.25527405694267,0.0391286341239366,0.943259461077307
HAUS5,1.31435041450638,4.22313814331103,4.2402686898517,0.0394759190691071,0.943259461077307
GRIPAP1,0.622562550457361,5.8171321981801,4.23946729693279,0.0394945572604904,0.943259461077307
CKS1B,-0.658657297133343,5.53313304489187,4.23647614402791,0.0395642048119574,0.943259461077307
IKBKB,0.599488457388246,5.87851105871201,4.23261909814249,0.0396542045278424,0.943259461077307
PSIP1,-0.349162664855826,7.55484706766615,4.23197435891448,0.0396692697157143,0.943259461077307
COQ10B,-0.54605023436496,6.24423854344717,4.22129314748428,0.0399197261874263,0.946555972483371
CD40LG,-1.22289370715646,6.20985155257244,4.20700223582615,0.0402574223290582,0.951306050344399
SYNGR1,3.06902713589731,4.966968793404,4.18704939072086,0.0407339350151521,0.951306050344399
ZNF746,1.06959313531608,4.51641271192909,4.1861646872761,0.0407552000707648,0.951306050344399
INPP5B,-1.00245343805902,5.0542026674752,4.17706281689406,0.040974654062088,0.951306050344399
TRPT1,0.88968218036669,4.79374258051792,4.17468398426375,0.0410322140833616,0.951306050344399
TSC22D1,1.00190242688524,4.71985192012015,4.17039929903184,0.0411361038762756,0.951306050344399
NFU1,-0.662579105631388,5.59971137953495,4.17020780390979,0.0411407534596284,0.951306050344399
CERK,0.578905520764343,5.8344398129116,4.1677011443024,0.0412016671536726,0.951306050344399
SIPA1,0.63090992558148,5.93298426589648,4.16713285006193,0.0412154902947578,0.951306050344399
COPS3,-0.601925828364939,5.7292118313271,4.16596692599467,0.0412438653840986,0.951306050344399
TCTN3,-0.932817925035931,5.143056710168,4.15161354208407,0.0415948697966116,0.956289418371644
PHB2,0.466266678334425,6.76538019632689,4.13504041111485,0.0420040645555924,0.956289418371644
CTLA4,0.787009613244286,5.54133184931999,4.13492659452427,0.0420068892956475,0.956289418371644
SIRPG,0.672849260524788,5.67224565828069,4.13259496874617,0.0420648003585397,0.956289418371644
INPP1,1.08820196353147,4.34361489238345,4.12980483708184,0.0421342097211313,0.956289418371644
UCKL1,-0.675631461256906,5.5189222504941,4.12244116266676,0.0423179725808962,0.956289418371644
ATP5PO,-0.296878024626418,7.56180277049397,4.1208580160366,0.0423575904265522,0.956289418371644
TCAF1,-1.02261438689168,4.61877444160139,4.1191294968573,0.0424008907095856,0.956289418371644
ZNF865,-1.18891069196346,4.11061547639241,4.11232537007868,0.0425717901543258,0.956289418371644
CLP1,-1.28211332042143,4.05264426875651,4.10907218371171,0.042653756271858,0.956289418371644
TUBB,-0.456760043876957,7.17200384571276,4.10713723832371,0.0427025871405176,0.956289418371644
ZDHHC16,1.03949122163454,4.32325660426241,4.08809954848089,0.0431861743013595,0.958453430675075
DMAC1,0.519897021292433,6.07347090545688,4.08681852078937,0.0432189205411439,0.958453430675075
GCFC2,1.08459769494172,4.49049143644275,4.08295704404543,0.0433177875568747,0.958453430675075
CAPN12,-0.786182143299039,5.47236963369495,4.08251910968236,0.0433290151850772,0.958453430675075
CLDND1,0.539164320006539,6.7625578230357,4.07336401345652,0.0435644330165548,0.958453430675075
NIPA1,-0.966293064273622,4.57820275683359,4.07198624256856,0.043599977894936,0.958453430675075
CC2D1A,-0.947177375387843,4.79569060474845,4.06907099018306,0.0436752886193568,0.958453430675075
RAPGEF2,1.06754296482841,4.71165102919011,4.06411799944384,0.0438035549168506,0.958453430675075
ZNF528-AS1,-1.75386417684262,3.75849833669473,4.05980820605624,0.0439154870007475,0.958453430675075
SMIM13,-1.01677745335761,4.55316878507082,4.05268999894282,0.0441010175626199,0.958453430675075
STRADA,0.776955875506807,5.38174318616445,4.04774451877354,0.0442304031950827,0.958453430675075
IGIP,-1.29355800176822,3.87029470064276,4.04643017863329,0.0442648566445525,0.958453430675075
CD79B,1.05250816208679,4.36098134443238,4.03942722025272,0.0444489055037494,0.958453430675075
D2HGDH,1.02749540109136,4.71105760106864,4.03836184061785,0.0444769758910796,0.958453430675075
DNAJB6,-0.418874598475497,7.29418736043274,4.03598981069164,0.0445395406605489,0.958453430675075
EDC4,1.36645134437632,4.20221209652569,4.03304885845276,0.0446172400239446,0.958453430675075
ZNF382,-1.33451439279231,4.03254124249513,4.02901474899249,0.0447240525831842,0.958453430675075
MAN1A1,-0.687319762697852,5.64974174299646,4.02257778491476,0.0448950442784942,0.959688257114782
SQLE,-0.951425370604015,6.18084759162213,4.01547271008963,0.0450845832393015,0.961312335316592
PGLYRP2,-0.861478652933191,5.1544665338784,4.01098916387612,0.0452046223497923,0.961450070831637
CEBPD,1.07521374102122,5.99913019797719,3.99275449181675,0.0456963034868006,0.967046383070086
LPP,-0.512258626040898,6.25569477907302,3.98920377751799,0.0457926988302045,0.967046383070086
NHLRC2,-0.732188338118144,5.47049689268442,3.98855016352223,0.0458104665813472,0.967046383070086
WBP1,0.891225253675906,5.16733495679573,3.9797056636439,0.0460516097280811,0.969214944862339
JMJD8,-0.827274932730837,4.928213035636,3.97639608588388,0.0461421881606052,0.969214944862339
IFNAR2,0.681295639970229,5.77925965316812,3.96376191078149,0.0464896978399302,0.974097257957944
HERC6,-1.00165983251991,4.86149586327362,3.9542406280105,0.0467534082061902,0.977203951766419
GTF2IRD2,0.881907861635495,4.68833570108256,3.93826027131729,0.0471995663026593,0.984099331901504
MPP7,-1.17090024979174,4.84754172230128,3.93378673901301,0.0473252663124743,0.984295772322101
MAN2A1,0.700940582607842,5.39237930548446,3.92615499968891,0.047540523194617,0.985612174644484
PXN,-0.792466511204477,4.84954192213895,3.92280198518735,0.0476354229145539,0.985612174644484
DHRS4-AS1,1.12124702710645,4.32817942727341,3.91919053076922,0.0477378607919951,0.985612174644484
E2F3,1.18359276039577,4.73003171482328,3.91220175010487,0.0479367561965186,0.985947646787123
NIF3L1,-1.06294066460144,4.34857327863168,3.9104391580502,0.0479870561696745,0.985947646787123
STMN3,-0.66510111997117,5.66750544567976,3.90314473465336,0.048195813729111,0.987839136118461
MCM4,-1.16533436631659,4.2465934576014,3.88626860612871,0.0486824706566515,0.990066245475938
GALNT6,-0.688778190501317,5.52983155138393,3.8858078380849,0.048695830347447,0.990066245475938
FXR1,-0.421737138691921,6.97112298929463,3.8829589478483,0.0487785181907558,0.990066245475938
ZNF740,1.0038204047078,4.4750876680619,3.88045082552933,0.0488514380906809,0.990066245475938
THUMPD3-AS1,-0.48962580935069,6.56819065259708,3.87915105054673,0.0488892723696329,0.990066245475938
MYH9,0.238550964694718,8.24945196916039,3.86844794872721,0.0492020006591419,0.992427323411783
EGLN2,0.795897219721375,5.28774215218583,3.86483712823583,0.0493079792875099,0.992427323411783
ATP5F1E,0.147983549656672,10.9745403332771,3.86315003288036,0.0493575786363096,0.992427323411783
FUNDC1,1.0100776060629,4.53335693086194,3.85024372193278,0.0497387626223316,0.997721861606723
GALNT2,-0.876807342670055,5.37936908231358,3.84600252777905,0.0498647028752105,0.997883474795879
TNIP1,0.730159103953704,6.07600965391746,3.82820313123014,0.0503969334323826,0.999580718477448
PAK1IP1,-0.773872561007591,5.00372898872594,3.82419673537222,0.0505175568032173,0.999580718477448
DCP1B,-1.15026646075024,4.12133783374085,3.82044695329426,0.0506307306130648,0.999580718477448
DCAF5,0.72094790318629,5.88769918099774,3.82022159492944,0.0506375407841041,0.999580718477448
ZNF254,-1.03429858736229,4.49410880892451,3.81946775948113,0.0506603281980501,0.999580718477448
ZNF33B,-0.874307004563356,5.40549537486365,3.81625575976205,0.0507575441197861,0.999580718477448
PCM1,-0.483314643274336,7.78586013036064,3.79872135023104,0.051291737722603,0.999580718477448
NECTIN3,-1.01974745176148,4.38169634666688,3.79432174423897,0.0514267045032707,0.999580718477448
PTPN1,-0.435339346883543,6.91461824503539,3.79038894941649,0.0515476688722689,0.999580718477448
GTF2H1,-0.814108088582357,4.82569456355562,3.7859795133254,0.0516836516696432,0.999580718477448
INPP5K,0.756591349799297,5.14336659829318,3.7772660157784,0.0519534847087449,0.999580718477448
APBA2,-1.14887157836596,4.91941140395667,3.77495835315094,0.0520251960157434,0.999580718477448
ZNF790,-1.04807836125435,4.18918150849059,3.77124423934788,0.0521408332277667,0.999580718477448
DNPH1,0.71770435045766,6.09336230292551,3.76397089401412,0.052368074008403,0.999580718477448
UGDH,-1.00274065220548,4.44750260100301,3.75884962311779,0.0525287062831952,0.999580718477448
ZNF652,-0.438824320794177,6.70369055561473,3.75816723629246,0.0525501491675319,0.999580718477448
TBC1D1,0.634659794764936,5.69488100674313,3.75624915327071,0.0526104714092186,0.999580718477448
ORC5,-0.791467079494775,4.17536406702124,3.75598368758786,0.0526188258736385,0.999580718477448
SETD5,0.584500127963573,6.33670774769511,3.75499634284838,0.0526499109035122,0.999580718477448
AHR,-0.474235301285053,6.48117447774458,3.74403708582933,0.0529962545864168,0.999580718477448
MNT,-1.38489430592718,4.55130733035863,3.7434051801776,0.0530162980073978,0.999580718477448
LARP1B,-0.8804702127806,4.88451895773321,3.74327087267564,0.0530205591423637,0.999580718477448
ANAPC7,0.669840426377473,5.40752481081587,3.74243854533893,0.0530469742370763,0.999580718477448
IL18RAP,-0.902670771174537,5.13782511974299,3.74050929715037,0.0531082552727022,0.999580718477448
LY6G5B,-1.50378481240472,3.83652107484176,3.73887723720454,0.0531601548866177,0.999580718477448
RAD9A,0.754200051776548,5.36220701819721,3.7355836491692,0.0532650548193079,0.999580718477448
DGKA,0.518990338594335,5.8920746718415,3.72746852190059,0.0535244560832294,0.999580718477448
ADNP,0.526510839911855,6.02325916051714,3.72513308729025,0.0535993562745907,0.999580718477448
SLCO3A1,-0.804653591583297,5.55278193307477,3.72206349372951,0.053697970713807,0.999580718477448
CORO2A,-1.13166729933216,4.73496360907679,3.7139667590322,0.0539590113942049,0.999580718477448
PDIK1L,-1.2448723638251,4.11330781378406,3.70343841150937,0.0543004602183642,0.999580718477448
C10orf143,-0.933005042192629,4.07564330113475,3.69909981686184,0.0544418322776,0.999580718477448
CD164,-0.335674184714943,7.6900208741907,3.69835266571649,0.0544662173609414,0.999580718477448
UBAP1,-0.882843845147316,5.07162368659067,3.68969700380895,0.0547495611784622,0.999580718477448
CLK4,-0.623646029014986,5.77565972785917,3.6840879841671,0.0549340068669163,0.999580718477448
TMEM273,-0.836077507939823,5.01759769540147,3.67607030863006,0.0551988028810169,0.999580718477448
USE1,0.570525145409558,5.58110868291287,3.6703764424895,0.0553876731447569,0.999580718477448
KLHL12,1.06276172060223,4.36262087994073,3.66504059032087,0.0555652898830762,0.999580718477448
OSM,-1.48789219191409,4.75368322291386,3.65392985564262,0.0559370790344325,0.999580718477448
ARSK,-1.29392096439287,4.13083959207381,3.65355416888755,0.0559496963514342,0.999580718477448
FIBP,-0.450318511566224,6.27417299915778,3.63594798951333,0.0565443938326477,0.999580718477448
CPPED1,-0.972510348526113,4.39030287634562,3.63478916548807,0.0565837708744112,0.999580718477448
LRCH3,0.987468879847869,5.56725090137101,3.6344638096215,0.0565948317549397,0.999580718477448
XAF1,-0.719438485200957,7.48999409575174,3.62761395681894,0.0568282346062487,0.999580718477448
PNPLA6,0.801470256365325,4.78042218391785,3.62523893039148,0.0569093999485432,0.999580718477448
GLRX,-0.430899384100778,6.72601963485008,3.6226387319838,0.0569984015580323,0.999580718477448
HTATIP2,-0.561169392538974,5.69731971935358,3.61826523065608,0.0571484346045738,0.999580718477448
PTPRA,-0.482956768666269,7.35911427054997,3.60783501867701,0.0575079381842285,0.999580718477448
GMCL1,0.592455669518922,5.96658541390024,3.60358344917596,0.0576551675129287,0.999580718477448
BOLA3,-0.576917430703317,6.22917631288243,3.60237706483213,0.0576970167559503,0.999580718477448
NCF4,-0.721998490132895,5.22563386719553,3.60119457408348,0.0577380684452853,0.999580718477448
PDRG1,0.783613288396847,4.96320026501659,3.59854011636875,0.0578303343880674,0.999580718477448
TBC1D14,-0.837208953136332,4.54619264480553,3.59236811824099,0.0580454719995387,0.999580718477448
CEP78,0.621229578002398,5.37960130220719,3.58859934190659,0.0581772583489187,0.999580718477448
POLDIP3,-0.708970420791314,5.25238173602142,3.58476092982609,0.0583118065089844,0.999580718477448
DCP2,0.425742085622737,6.61105845078031,3.58405575236989,0.0583365610779352,0.999580718477448
PERP,-0.648714646088173,5.70770611652124,3.5835007066696,0.0583560532704858,0.999580718477448
CD63,-0.359313222283951,8.87327155160749,3.5815033555482,0.0584262538765417,0.999580718477448
NCOR2,0.588342275279208,5.71894727365535,3.57858705420592,0.0585289138951344,0.999580718477448
AFAP1,-1.13735616478698,4.27421635229877,3.57480749520671,0.0586622477004714,0.999580718477448
B3GAT2,-0.945886066061977,4.57871203911366,3.569099302849,0.0588642313489231,0.999580718477448
TMEM223,-0.615452377262012,5.41068595811913,3.56889202549498,0.058871579724594,0.999580718477448
GPR137B,-0.853545773011335,4.81823184772193,3.55530731733056,0.0593553160826395,0.999580718477448
VRK3,0.640552311025718,5.45578270529969,3.55505103654951,0.0593644824658432,0.999580718477448
EIF1AX,-0.477178788418304,7.68351366650583,3.55343648516818,0.0594222646729226,0.999580718477448
PRMT9,-0.870854863788957,5.07619719273083,3.53825920972007,0.0599683677649005,0.999580718477448
DPY19L4,1.10350977605709,4.06282296732048,3.53811136897007,0.0599737134917428,0.999580718477448
HCFC2,-0.823580977528666,4.79188365115598,3.53700614463708,0.0600136930102124,0.999580718477448
TSTD2,-0.921354987714018,4.65136022454079,3.53101272249123,0.0602309886326899,0.999580718477448
BDP1,0.406422592739382,7.37590006345636,3.52396314010874,0.0604876478245034,0.999580718477448
SECISBP2L,0.733347514955295,5.49191146868354,3.52298608080381,0.0605233120367108,0.999580718477448
AK3,0.722765884175395,5.509560139381,3.51931017025255,0.0606576891673361,0.999580718477448
CNBP,-0.307071764719475,7.83602063351925,3.5119553862177,0.0609275058033383,0.999580718477448
ACSL5,0.74250282900463,5.29533941083804,3.51163010915948,0.0609394683310129,0.999580718477448
DCLRE1C,0.683996467303621,5.36442808540618,3.51159784419783,0.0609406550572611,0.999580718477448
PXK,-0.709408285794227,5.13241751343017,3.50863893136526,0.0610495904249115,0.999580718477448
OTUD3,-1.11606318953456,4.13726278807674,3.50455516855435,0.0612002788543745,0.999580718477448
TMEM11,-0.783667860275508,5.13694001367789,3.50053471183236,0.0613490181641768,0.999580718477448
SAMD3,0.615418080222215,6.89258737423293,3.50007417913598,0.0613660804091905,0.999580718477448
NARS2,-1.2232082893854,3.93073704554408,3.49758521576998,0.0614583813236555,0.999580718477448
SSB,-0.33807149971352,7.61175288659786,3.49460838725904,0.0615689684202759,0.999580718477448
CRBN,-0.521497765500445,6.58793911845755,3.4855446599544,0.0619069862508733,0.999580718477448
SOCS2,-0.886028665762551,5.11659768509061,3.48403398006806,0.0619635166278849,0.999580718477448
ZNF486,1.42615360541328,3.86555968711635,3.47956682904778,0.0621310014969392,0.999580718477448
ZBTB37,0.673283006496597,5.19777397668193,3.47940675014953,0.0621370122045223,0.999580718477448
KMT2D,0.817219393287199,5.11476667595463,3.47173346205777,0.0624258596757404,0.999580718477448
OSTC,-0.533083919309255,7.0411306477081,3.46504496124802,0.0626788035453016,0.999580718477448
CPT1A,0.686728278270337,5.5285471383564,3.4626972380747,0.0627678478371946,0.999580718477448
GALK2,-0.868043370223325,5.06428550717467,3.45987476315226,0.0628750769655076,0.999580718477448
LRFN4,-0.899324151395396,4.64034656630572,3.45749178497503,0.0629657610871595,0.999580718477448
EMC4,-0.452844054949582,6.29254058961903,3.45577504382175,0.0630311779687331,0.999580718477448
RILPL2,0.731871605534763,5.86905538174916,3.45446750702688,0.0630810506019402,0.999580718477448
SMIM14,-0.841119465595962,4.60071104241921,3.45194034853996,0.0631775618160644,0.999580718477448
FOXRED1,1.04111952116096,4.17787761937595,3.4414761985779,0.0635788621058385,0.999580718477448
HNRNPA1,0.293296344779735,8.6745097532581,3.4381382537172,0.063707443347663,0.999580718477448
POLR2A,-0.427365875997247,6.26111172514563,3.43444401282477,0.0638500728201721,0.999580718477448
EEF1AKMT1,1.08763858362466,3.9732600728667,3.42834513829366,0.0640862874974203,0.999580718477448
FOXP1,-0.302350872114161,7.8055912555897,3.42590742722233,0.0641809627068573,0.999580718477448
SLC22A18,-1.05272086319993,4.30223725041517,3.42360581611667,0.0642704890295184,0.999580718477448
ZNF394,-0.561985577209105,5.67590437005885,3.4219780252287,0.0643338860182409,0.999580718477448
TRAT1,0.400984131629359,6.65472874650552,3.42007202874251,0.0644082029755152,0.999580718477448
GPN3,0.663687775736662,5.13867104609744,3.41786022158757,0.0644945586549075,0.999580718477448
GK5,0.868541687426191,4.71447826365135,3.416317332472,0.0645548708687173,0.999580718477448
AVEN,-1.00042839378348,4.57913335472545,3.41578343884638,0.0645757550163091,0.999580718477448
KLRC2,-1.08375109085599,7.56052107856944,3.40994488667835,0.0648046108445097,0.999580718477448
HBP1,-0.707039323105498,5.64912066462625,3.40752827285106,0.0648995888196825,0.999580718477448
ARL6IP1,-0.329587773932364,7.51929856143477,3.40124147104877,0.0651473698513639,0.999580718477448
ZEB2,0.545068750277004,6.74168698626118,3.39744079625717,0.06529765496844,0.999580718477448
HAPLN3,-0.961785748662211,4.52934410837656,3.3957554669877,0.0653644141274109,0.999580718477448
YPEL1,0.704845071650827,5.17546753139529,3.39558722635552,0.0653710824633171,0.999580718477448
DCUN1D1,0.574830414062417,5.7391046286676,3.39028194809908,0.065581733858907,0.999580718477448
PBX3,1.20096532849478,4.21048129704066,3.38961088084541,0.0656084308421546,0.999580718477448
CD99,-0.259161317916355,9.55773769390651,3.38532695437902,0.0657791314385197,0.999580718477448
GSPT2,0.935164439491978,4.52307983324181,3.38328712080334,0.0658605788005053,0.999580718477448
IL10RB,0.740987946135367,5.1502172545015,3.38223946026244,0.0659024520960225,0.999580718477448
PRAF2,-0.642584046459622,5.30983442668565,3.38163673007696,0.0659265551269245,0.999580718477448
BICD1,-1.22833653759873,4.41238936480891,3.38076329314139,0.0659615003599597,0.999580718477448
GCC2,0.49503849499141,8.02255786093048,3.37625448631833,0.066142207556382,0.999580718477448
NHLRC3,-0.4932935346629,6.07154702318965,3.37555838128619,0.0661701536348878,0.999580718477448
HSPA1B,-1.6452681727231,5.76911058485267,3.37514688313379,0.0661866797156115,0.999580718477448
RBM39,0.320317563103465,8.9133017357954,3.37377213582953,0.0662419225910093,0.999580718477448
MAP4K1,0.564377677479817,5.82423797159791,3.36366983778118,0.0666493874052628,0.999580718477448
BTN2A2,0.947543527610732,4.479715660778,3.36235922378758,0.0667024454427688,0.999580718477448
HNRNPUL2,0.507962488514521,6.16072784035521,3.36206053193856,0.0667145438007155,0.999580718477448
ROGDI,-0.803056943597829,4.78087484267741,3.35885509008569,0.0668445262420827,0.999580718477448
NSMCE3,-0.511865232971504,6.54132761266686,3.35660216102675,0.0669360456752861,0.999580718477448
PPP1R9B,0.720367431849601,4.96412743811161,3.34955101879595,0.067223346513451,0.999580718477448
IER5,-0.567345253491305,6.92839678115557,3.34126518284027,0.0675626405957667,0.999580718477448
GPRIN3,-0.415199338140004,7.54619296355958,3.33926984612996,0.0676446201953069,0.999580718477448
RUNX2,-0.75732544439354,5.1930392226839,3.33758890900543,0.0677137650285369,0.999580718477448
RABEPK,0.992491528805071,4.35275389996844,3.32432680183812,0.068261955156638,0.999580718477448
DHX16,0.657613451186269,5.26207505708541,3.31708694536236,0.0685632161202171,0.999580718477448
MCOLN1,0.926615970815017,4.17715595859935,3.31105120935373,0.0688154589771965,0.999580718477448
SDHAF4,-1.09797316429153,4.14011776766653,3.31087312672148,0.0688229163906787,0.999580718477448
PMM1,-0.595809784325032,5.4432202720839,3.30621347388916,0.0690183522939904,0.999580718477448
ACOT13,-0.607655883830716,5.48669810953908,3.30174216031642,0.0692064472438052,0.999580718477448
TMEM121,-0.975696913672874,4.39425477424081,3.29650110426968,0.0694276216041416,0.999580718477448
SRF,0.949168290789551,4.81975868326825,3.29603300891054,0.0694474121563021,0.999580718477448
CHCHD10,-0.309401628677544,7.41096036057874,3.29257026335185,0.0695940008777011,0.999580718477448
LPCAT1,0.716584112788009,5.0339570580812,3.29238861369042,0.0696016998063923,0.999580718477448
HSPH1,-0.627266421135842,6.19096864034334,3.28917481420436,0.0697380623907438,0.999580718477448
RELCH,1.27621831950909,4.46152792585912,3.28901515799042,0.0697448441096209,0.999580718477448
SP2,-0.80835260925178,4.96417775358967,3.28328391136871,0.0699887585303069,0.999580718477448
RNF19A,0.49199924669728,7.45584830314445,3.28178003204471,0.0700529128391079,0.999580718477448
TRANK1,-0.670874467915964,5.69444536504117,3.28036454056344,0.0701133541185903,0.999580718477448
CTSA,-0.860565248550467,6.41520407385085,3.27771077199479,0.0702268201825679,0.999580718477448
JRKL,-0.995327384371713,4.39440547212799,3.27747063029281,0.0702370975175801,0.999580718477448
CPLANE1,0.829326262268907,4.64424906585764,3.27717154310611,0.07024989979242,0.999580718477448
WASHC3,-0.523805942969756,6.1708874326604,3.27298688799269,0.0704292841485602,0.999580718477448
PITPNB,-0.555062309642648,6.48541400627726,3.27050212290908,0.0705360310975429,0.999580718477448
CD28,0.836952635011894,4.82787590440422,3.25871306599651,0.0710448629568345,0.999580718477448
ZNF346,-1.02220673015636,4.19767915958798,3.25383951684312,0.071256359651376,0.999580718477448
CCND2,-0.446362196677873,7.91623622388843,3.25322948201766,0.0712828807157441,0.999580718477448
PCMT1,-0.332680980665796,6.99059075434559,3.2485189103385,0.0714880278379672,0.999580718477448
MFSD14A,-0.788852747120454,5.06392217435912,3.24825736292678,0.0714994368493581,0.999580718477448
GBP1,-0.535324780790866,6.55537360392473,3.24208766849042,0.071769133091943,0.999580718477448
OSER1,-0.718831308434858,5.22331135393384,3.24176068327451,0.0717834570112979,0.999580718477448
SPSB3,-0.415146708934896,6.57985740450992,3.23866840437807,0.0719190690587413,0.999580718477448
UBXN8,1.13484673026445,4.06351522052259,3.23840362211134,0.0719306938573218,0.999580718477448
HARS2,-1.14377268644674,4.24661913770574,3.23648854721765,0.0720148318415297,0.999580718477448
TMEM170A,0.507720967670906,6.32666185736428,3.23610909936429,0.0720315152390991,0.999580718477448
ARMH1,1.0169187335061,4.51051148233186,3.23384639196103,0.0721310870411467,0.999580718477448
RCSD1,-0.444649528530452,6.73386059011757,3.23051188405868,0.0722780931624958,0.999580718477448
LZTFL1,-1.03483497424977,4.19284089973871,3.22628305511881,0.0724649888307368,0.999580718477448
ALDH6A1,-1.32892288505677,4.31010799348209,3.22577771281897,0.0724873573840359,0.999580718477448
SNX20,-0.635927181714481,5.6180383011795,3.22553804687121,0.0724979685849779,0.999580718477448
ZFAND5,-0.512371885279822,6.52947658930124,3.22141051757628,0.0726809764378883,0.999580718477448
RABAC1,-0.338368149309177,8.31798249691781,3.21922078221263,0.0727782668089465,0.999580718477448
RAB40C,-1.05870733306421,4.1798799726143,3.21833003870883,0.0728178826790799,0.999580718477448
KSR1,1.05029501329668,4.23000436888369,3.21652636458907,0.0728981720543505,0.999580718477448
CENPH,0.992020558963378,4.24749218364879,3.20911999458253,0.073228858842447,0.999580718477448
TM2D2,-0.899495475286091,4.96558419840786,3.20860330293813,0.0732519885720991,0.999580718477448
WDR3,-1.09132538540993,4.26074370688089,3.20611807894692,0.0733633493435591,0.999580718477448
PLA2G12A,0.973861976461609,4.52867575170563,3.2027498649344,0.0735145661921556,0.999580718477448
MID1IP1,-0.610129313658361,5.74375950543709,3.19992618585991,0.0736415937603952,0.999580718477448
YWHAB,-0.165107088253894,9.05518001113057,3.19972522674909,0.0736506431915716,0.999580718477448
HDAC10,-0.634561741964876,5.18247432221375,3.18936866589353,0.0741186313519807,0.999580718477448
ZFP1,1.39123406693937,3.84676793751634,3.18210492425843,0.0744487666883518,0.999580718477448
ANKRD27,0.882503999528088,4.58658943148848,3.18093127989742,0.0745022565552315,0.999580718477448
GTF2H2,-1.03259414464353,5.27826531048394,3.18063097417917,0.0745159498806672,0.999580718477448
C1orf43,-0.419184370498266,6.44510116892553,3.17093156397793,0.0749596798694237,0.999580718477448
LINC00649,0.596907939700696,5.44557830706098,3.17079747891828,0.074965833864294,0.999580718477448
COX17,-0.374496185848466,7.69127442960211,3.16254319721875,0.0753457211803189,0.999580718477448
CSNK2B,-0.59787292891326,7.0686789965819,3.16243902345846,0.0753505287715123,0.999580718477448
DNAAF2,0.754943100257944,4.9785396933107,3.16091576162413,0.0754208645579089,0.999580718477448
FGD3,-0.452215122962118,6.25376929856681,3.1577892133343,0.0755654523330235,0.999580718477448
LSM14A,0.331897447640528,7.10173431766576,3.15756071344044,0.0755760310244931,0.999580718477448
COX10,-0.935916608879005,4.42092743040177,3.15235209974344,0.0758176025220482,0.999580718477448
TMEM87A,-0.41039386032905,6.48281297828511,3.15058122793843,0.0758999231295802,0.999580718477448
TCEANC2,1.03576244146605,4.33936057733459,3.138463356249,0.0764658183489248,0.999580718477448
SOCS5,-0.996567313113466,4.29279806857226,3.13783713036613,0.076495185617149,0.999580718477448
SLC11A2,0.864631568041529,4.62945406458649,3.13736920657002,0.0765171371231499,0.999580718477448
CDC16,-0.637406180007256,5.35028793660024,3.13462678779346,0.0766459272896403,0.999580718477448
CHCHD4,-1.3550780123258,4.39719518325745,3.13458749582304,0.0766477742221365,0.999580718477448
C5orf24,-0.601537198145028,5.80913330843347,3.1343855518399,0.0766572674232226,0.999580718477448
MAP4K5,0.674804372579678,5.2058555763517,3.13348092846541,0.0766998084581852,0.999580718477448
SCFD1,0.495517591579927,6.06462798605351,3.13249430177827,0.0767462347479023,0.999580718477448
EED,0.561156713190194,5.59946351358573,3.12673627036951,0.0770177858597643,0.999580718477448
MAD2L2,-0.513076698165967,5.98924557092591,3.12596824115107,0.0770540844778916,0.999580718477448
PFDN4,0.460737236384541,6.02198102541526,3.12455798418753,0.0771207840090215,0.999580718477448
DHRS3,0.832413705224653,4.50707498607263,3.12310990783897,0.0771893368806853,0.999580718477448
METTL23,-0.430676283887616,6.42441195570572,3.12067846306264,0.0773045905417566,0.999580718477448
SELENOM,-0.596347712361671,6.17594763244996,3.11855941815963,0.07740518703578,0.999580718477448
MBOAT1,-1.13108994518599,4.27738729445858,3.11814930315716,0.0774246725084569,0.999580718477448
LRRC8D,0.884839078216802,4.5717912127344,3.11241956895716,0.0776974575543341,0.999580718477448
AGPAT1,-0.786565848922408,4.96769512173244,3.10873144977846,0.0778735910152084,0.999580718477448
SOCS1,-0.645294043272508,7.48477904581581,3.10657312530427,0.0779768653752162,0.999580718477448
MAP2K4,-0.744771890650216,4.85123652731598,3.10526960595824,0.0780393092837121,0.999580718477448
ANXA6,0.290341567113997,7.36691313049523,3.10309514901039,0.0781435944811972,0.999580718477448
RAB11B,0.419998582138336,6.2660227410244,3.10013165695188,0.078285962776868,0.999580718477448
USP19,-0.891848255053558,4.35221686028105,3.09228919779525,0.0786640692306556,0.999580718477448
RALGAPA2,0.749732735011421,4.92430636914509,3.08760702732832,0.0788907466089273,0.999580718477448
PTPN6,0.326074868207933,6.84278701738326,3.08740484350528,0.0789005507414852,0.999580718477448
DDX10,0.689115507777634,5.0585405372701,3.0861044277746,0.0789636408084051,0.999580718477448
TAF10,0.450460454641667,7.08698848788047,3.08275623618397,0.0791263295304,0.999580718477448
XAB2,-0.666303271904494,5.0953535755026,3.07202262892598,0.0796503146304208,0.999580718477448
TMEM44-AS1,1.55224210380657,3.62293985194554,3.07175772704907,0.0796632935870908,0.999580718477448
ATG10,0.991701773834898,4.43080579719666,3.0688672142865,0.0798050634310607,0.999580718477448
AKTIP,-0.515034968744209,6.15288356000591,3.04914745063868,0.0807795368187753,0.999580718477448
SP4,0.67565221019668,5.66201727320334,3.04845771779981,0.0808138520755078,0.999580718477448
ZBTB41,-0.808272562641065,4.74516370467822,3.04505884684116,0.0809831808209608,0.999580718477448
GBE1,-0.917293410526074,3.97501979523478,3.04259351124665,0.0811062410688809,0.999580718477448
UBA1,0.583156042125138,5.68844860827819,3.0412428864212,0.0811737446636032,0.999580718477448
BBIP1,0.567994711128406,5.57737244156376,3.03617420264182,0.0814276160729454,0.999580718477448
MYO1F,0.368160364529081,7.20892374631479,3.03576630181598,0.0814480835038108,0.999580718477448
ICAM1,-0.93877910152832,4.21121309437068,3.0329943140904,0.0815873219346074,0.999580718477448
ZNF44,0.724426940799656,4.94948227245649,3.02952165700889,0.0817621178643884,0.999580718477448
VPS26A,-0.433938853078263,6.11726760139877,3.02825189373577,0.0818261321518392,0.999580718477448
AMIGO2,0.809840532201348,4.87544013430235,3.02704271249466,0.0818871425108549,0.999580718477448
SNX6,-0.324645635793653,7.70380913114352,3.02548447329383,0.0819658373128994,0.999580718477448
USP14,-0.448092512038752,6.20797068886119,3.02428233626851,0.0820266038722686,0.999580718477448
ANXA7,-0.349018523175746,6.79405210812085,3.02364743854244,0.0820587167951979,0.999580718477448
IPMK,1.15009437864767,4.10465386362081,3.02005093896096,0.0822408829072604,0.999580718477448
GOSR1,-0.543422901391192,5.81448607841015,3.01755096123146,0.0823677662833373,0.999580718477448
HOTAIRM1,0.777902337890379,5.00037117744461,3.00990713625178,0.0827570321084763,0.999580718477448
NCOA6,0.803681389883358,5.16870169323439,3.00893957051633,0.0828064473512145,0.999580718477448
RFK,-0.678074779955657,4.96358951654263,3.00779037799276,0.0828651799819231,0.999580718477448
NOP9,1.15752588446857,4.03073121991791,3.00673738863379,0.0829190353792017,0.999580718477448
TET3,1.02896205112576,4.34223022582343,3.00168858093814,0.0831777835004277,0.999580718477448
JADE1,-0.539905047249262,6.01348548615673,3.0012846128601,0.0831985242466641,0.999580718477448
FXR2,0.898443405710434,4.70289154373128,3.0009124383626,0.0832176375735043,0.999580718477448
KCNQ1OT1,-0.748712091022948,4.77416182371683,2.99814439357999,0.0833599416814561,0.999580718477448
DCUN1D4,-1.05826505330322,4.18112908203801,2.9962644440879,0.0834567390223402,0.999580718477448
RANGAP1,0.755580515105344,4.92301967007253,2.9907405876912,0.0837418619200857,0.999580718477448
CCDC28B,0.918934898309186,4.27358379438189,2.98539707470258,0.0840186777953394,0.999580718477448
CREBZF,-0.413640946126613,6.615282866207,2.9838906114065,0.0840968973264788,0.999580718477448
PURA,-0.374254759682291,6.79614912043052,2.98370170679105,0.0841067113016841,0.999580718477448
TTC39C,0.331381731473625,7.31788616477273,2.98351962958946,0.0841161717503984,0.999580718477448
COPS4,-0.609278820095153,5.33122103601686,2.97914132105745,0.0843440085415839,0.999580718477448
ARGLU1,0.188688347315187,8.76962249977196,2.97903179851682,0.0843497163789142,0.999580718477448
AGTPBP1,1.03689075011288,4.74329829061313,2.97703028669841,0.0844541000163337,0.999580718477448
PGRMC2,0.541302912129521,5.79696369343623,2.97030156080962,0.0848060442674637,0.999580718477448
PIK3C2B,-0.882429097264932,4.26877080650458,2.96601346291515,0.0850311591660131,0.999580718477448
PRKCD,-0.878575675975103,4.48707331431587,2.96511263526821,0.0850785325452417,0.999580718477448
ELP5,-0.833520863582727,5.50278712225934,2.9567129519727,0.0855216376663294,0.999580718477448
CTSW,0.541720308176057,8.30021429000766,2.952634474842,0.0857376876512306,0.999580718477448
RAB3GAP2,0.498265822444354,5.93360570538299,2.9508399865877,0.0858329344247898,0.999580718477448
SPPL3,0.614655221132085,5.47669878261617,2.9507047615104,0.0858401164573587,0.999580718477448
EPG5,-0.756729839810293,4.88272026176211,2.95009207217256,0.0858726655722189,0.999580718477448
ATP5F1A,-0.334843004981463,7.29902872733225,2.94935984322923,0.0859115827442359,0.999580718477448
ING2,-0.608752245787339,5.36846916944899,2.94891581696802,0.0859351915514666,0.999580718477448
CCPG1,-0.423731835104953,6.21530941518553,2.94693343099334,0.0860406803709492,0.999580718477448
SELL,1.05422276670195,4.49192132243115,2.94554925745598,0.0861144195480289,0.999580718477448
CPEB2,-0.903307595640884,4.57464437554219,2.94265474062876,0.0862688404799311,0.999580718477448
MIR29B2CHG,1.19914329104327,4.08570454795503,2.94229334478295,0.0862881417897963,0.999580718477448
EIF3I,0.388299841615551,6.96973318298771,2.9378819399826,0.0865241217359514,0.999580718477448
RYR1,1.09055529648905,4.81145727473713,2.93615742510243,0.0866165613002921,0.999580718477448
IQGAP1,-0.232598244614999,8.63694871965993,2.93462955794151,0.0866985492304538,0.999580718477448
IER3,-0.719456366519501,5.25613669234572,2.93316463516932,0.0867772383556625,0.999580718477448
BTBD7,-0.805868342367444,5.69267436091254,2.93066227991304,0.0869118326338895,0.999580718477448
DENND6A,0.702445886219114,5.10061141195574,2.93012704766243,0.0869406505232085,0.999580718477448
LSR,-0.905931212581282,4.20793500227459,2.93010334543922,0.0869419269337181,0.999580718477448
UTP4,-0.866286679712935,4.29371025054873,2.92970144135962,0.086963573333978,0.999580718477448
GPR65,-0.490103814569134,6.82878069474144,2.92805901911786,0.0870520942380766,0.999580718477448
IRF4,-1.10061048941006,5.12833998813094,2.92660566513564,0.0871305063828793,0.999580718477448
LINC00513,-0.723568333096068,5.5473476580649,2.92363836126544,0.0872908375677891,0.999580718477448
PANK3,-0.558906362398686,5.67320010913305,2.91997917266921,0.0874889931798355,0.999580718477448
MRPS14,-0.593272723467622,5.43359780982712,2.91695424306159,0.0876531697043418,0.999580718477448
GIHCG,1.10506945767124,4.21842228013287,2.91520346186799,0.0877483449174861,0.999580718477448
LDLR,-0.487568930556541,6.05152467361897,2.91155855656329,0.0879468470367174,0.999580718477448
TFEB,-0.938335137128149,4.39464255723702,2.91074211530159,0.0879913772153091,0.999580718477448
MTRF1L,1.16670783922793,4.83107987924436,2.90898198984932,0.0880874607565079,0.999580718477448
ATP11C,-0.868063559542168,4.86759703138306,2.90311765606175,0.0884084103547083,0.999580718477448
SORL1,0.72103607140959,5.52979869473406,2.90165421012201,0.0884887008416658,0.999580718477448
ITGAX,-0.880520669374261,4.5264404391214,2.90105901582305,0.0885213781813084,0.999580718477448
PAK1,-0.884340966706813,4.50764233127294,2.90054766942354,0.0885494625512144,0.999580718477448
CCDC137,-0.528729238580098,5.65876962649608,2.89939123192282,0.0886130124946189,0.999580718477448
PMS2,0.897652282284346,4.4575875389052,2.89835680419357,0.0886698994988722,0.999580718477448
TXNDC17,0.46944961535723,6.64245909328084,2.89298998635909,0.0889656768468312,0.999580718477448
ATF5,1.02828989894945,4.24509907237131,2.89061027001227,0.0890971704895672,0.999580718477448
PREX1,-0.270862452077329,7.63317178982895,2.88449054778006,0.0894362907462496,0.999580718477448
NAGLU,0.951719651425111,4.3899676335698,2.88026879776114,0.0896710519669147,0.999580718477448
TPD52,-0.608744862444017,5.40803747340237,2.87667458748799,0.0898714440221953,0.999580718477448
NPEPL1,-0.75741971318984,4.97384807063431,2.87138733531503,0.0901671136643729,0.999580718477448
U2AF1L4,0.696441933514537,5.40413505004601,2.86860884693987,0.0903229130536479,0.999580718477448
USP31,-1.31149091816618,3.8815105455234,2.86364354372036,0.0906020626608981,0.999580718477448
ARHGAP5,-0.694558910601207,4.82042601468245,2.86310268331595,0.0906325263654185,0.999580718477448
APOBR,-0.644799076684308,5.22876993469507,2.86180371144341,0.0907057357603234,0.999580718477448
DHFR,0.860126591685383,4.4770367988973,2.86076366713741,0.0907643983995989,0.999580718477448
MED30,0.502485839382219,5.75864097499621,2.86035828361872,0.0907872747967278,0.999580718477448
PEBP1,-0.345409322040864,7.70997106266869,2.86002638133817,0.0908060091976819,0.999580718477448
BMI1,-0.642611820182436,5.39768662692968,2.85780655031501,0.0909314166868635,0.999580718477448
P4HB,-0.390818702044711,7.20069927613624,2.85730245106612,0.0909599215382917,0.999580718477448
CMSS1,-0.652132990285179,5.11236080738901,2.85665143410843,0.0909967483687771,0.999580718477448
TOMM70,-0.70922021072186,5.26593651002021,2.84958268204919,0.0913976584619056,0.999580718477448
EIF4A2,-0.175352317472908,8.67373290681691,2.84547611812429,0.0916314461037958,0.999580718477448
CLK3,0.560404933220277,5.48287352284693,2.84256150749584,0.0917977696051473,0.999580718477448
ZNF264,-0.518196534077985,5.61987197189054,2.83959043450973,0.0919676527286427,0.999580718477448
EVI2A,-0.380617555176922,7.33117307349999,2.83305170658933,0.0923427351783156,0.999580718477448
KMT5A,0.596704565427835,5.59870029141341,2.8298202075583,0.0925287177791212,0.999580718477448
AP3S2,-0.843080379253745,4.43578251444176,2.82266863876524,0.0929417613156072,0.999580718477448
PARP4,0.480543989585257,5.99738977362422,2.80900876626235,0.0937362779285974,0.999580718477448
XPOT,-0.426517325834897,6.32154970001817,2.80814869416073,0.0937865499687064,0.999580718477448
MRPL34,-0.328455397855804,6.76225628780446,2.8037611618001,0.0940434622494691,0.999580718477448
LAIR1,-0.9061105287672,4.96934564561102,2.80282978562749,0.0940980974927995,0.999580718477448
ZNF121,-0.677496592654095,4.91618436714358,2.80211512296804,0.0941400435673365,0.999580718477448
ZMYND19,0.954385692437139,4.34032600298676,2.80156939738986,0.0941720878254437,0.999580718477448
ZNF234,-0.969762725349428,4.20796731974987,2.80037815873554,0.0942420769573975,0.999580718477448
KIR2DL4,-1.23252225249526,4.89423543336796,2.79911539735633,0.0943163300773989,0.999580718477448
RPS9,-0.195542590512287,10.9868751191297,2.79753811196988,0.094409167317817,0.999580718477448
UBE3B,-0.786342548806229,4.56291935094623,2.79608354884089,0.0944948693971225,0.999580718477448
ITGB3BP,0.633542023608555,4.92017519486569,2.79271852534875,0.0946934594226629,0.999580718477448
SLC44A1,-0.884387304909677,4.33845190676679,2.79109104443578,0.0947896696569732,0.999580718477448
XRN1,0.340924939878716,6.79989317685554,2.78835940540174,0.0949513925852848,0.999580718477448
KIAA0586,-0.606870336843272,5.85432623496433,2.7880049745813,0.094972398176178,0.999580718477448
PLGRKT,0.458896609586686,5.80734839865376,2.78401387495623,0.0952092829985893,0.999580718477448
DPP9,0.721555197602064,5.357313149507,2.78247994187669,0.0953004979952784,0.999580718477448
PSMA7,-0.160401008299523,9.40808441875945,2.78245770485553,0.0953018210143173,0.999580718477448
CFAP97,0.380982791571872,6.81407254782182,2.78058491055426,0.0954133170189852,0.999580718477448
IQCG,-0.845042399433492,4.41551495887657,2.7715155324289,0.0959552718030034,0.999580718477448
CDCA4,-0.913285060153831,5.08001416390839,2.76604993905623,0.0962834953228455,0.999580718477448
PCBP4,-0.736008417639194,4.64607113155881,2.76179480765122,0.0965398741622414,0.999580718477448
RMDN3,-0.666915309292573,4.9469076599017,2.7608491716833,0.0965969512859803,0.999580718477448
CASP6,-0.661923229317263,4.7627850224405,2.75887056278552,0.0967164960584968,0.999580718477448
RSL1D1,-0.360272714930831,7.09169030100688,2.75488155120537,0.0969579970206129,0.999580718477448
SEC63,0.51656625572131,6.02051724256759,2.7537948380958,0.097023902179513,0.999580718477448
SLC16A3,-0.624025711389075,5.15059324577754,2.75275086275572,0.0970872614382043,0.999580718477448
DHX36,0.370791688119787,7.52790426141243,2.73972496093198,0.0978816124144624,0.999580718477448
PPP1R14B,0.476541355545325,7.26581871671153,2.73772375270993,0.0980042777307627,0.999580718477448
TM2D1,0.392729243563086,6.23229283510089,2.73748592041649,0.0980188669541235,0.999580718477448
WDR45,0.597805308087995,5.18209284505798,2.73516391296526,0.0981614291868111,0.999580718477448
TESPA1,0.668270420059509,5.16418603501035,2.73384471053953,0.0982425238269419,0.999580718477448
SPCS2,-0.209342538563976,8.36976712689387,2.73260930472635,0.0983185335527341,0.999580718477448
GPATCH1,-0.843309647570729,4.40081839078892,2.72928070085942,0.0985236491266667,0.999580718477448
ERMP1,-0.843920577916222,4.59568094286892,2.72906445538123,0.0985369907693824,0.999580718477448
TUBB4B,-0.340447121434307,6.72590364401125,2.72712009450745,0.0986570400984216,0.999580718477448
HECW2-AS1,-1.25834940622533,3.98718396828952,2.72680852023051,0.0986762922450319,0.999580718477448
PGM2L1,-0.682230424469822,5.27831032470866,2.72678800390073,0.0986775600910579,0.999580718477448
PEX1,0.838436473839013,4.68922153011665,2.72577721352602,0.0987400458415406,0.999580718477448
RPL5,-0.148098394908,10.9093921179234,2.72112874587445,0.099027964524324,0.999580718477448
COX15,-0.774170407308668,4.59237456226956,2.71957082138825,0.0991246647901524,0.999580718477448
GABPB1-AS1,0.477943022677086,7.22814723120117,2.71831742079429,0.099202538097851,0.999580718477448
BTG2,-0.486827284477548,7.63221549492596,2.71446038913035,0.0994425932791841,0.999580718477448
HSPA5,-0.325713247431722,7.83366181549923,2.71094262311653,0.0996620861823419,0.999580718477448
FRYL,0.499656828883963,6.24434104628698,2.70954972921094,0.0997491426964391,0.999580718477448
SULF2,-1.08771247506645,4.10461816746363,2.70887788826801,0.0997911627491697,0.999580718477448
SBDS,-0.365050662726859,6.84627904912148,2.70764965376427,0.0998680322194424,0.999580718477448
PLEKHA1,0.584685135123678,5.53178269540503,2.70506853460444,0.100029783253065,0.999580718477448
MCRIP2,-0.731417581224966,4.82550597965299,2.69980316449715,0.100360636235423,0.999580718477448
GGA3,0.751345453675366,4.95481580070349,2.69953176706757,0.100377722035431,0.999580718477448
PIK3C2A,-0.636530788353643,5.21037302820002,2.69835062777613,0.100452117566871,0.999580718477448
MTR,-0.600741747594139,5.69634546321108,2.69592191688269,0.10060528230729,0.999580718477448
ERO1A,-0.496331836648906,6.62413458100667,2.69573921019014,0.100616814876158,0.999580718477448
SLAMF7,0.653621008756571,6.28341068901636,2.69547852398076,0.100633272065176,0.999580718477448
HTATSF1,-0.41271517502784,6.50967669820868,2.69280559419034,0.100802184618175,0.999580718477448
SNRNP35,-0.595551648698703,5.46637636401093,2.69212796178362,0.100845055984885,0.999580718477448
PHAX,-0.603060861918416,5.9914190002908,2.69159069253658,0.100879061240597,0.999580718477448
MPG,0.481140151164572,6.15460159487129,2.69064059760474,0.100939226051783,0.999580718477448
WWP1,0.551912132637208,5.81844634420519,2.69016970632843,0.100969059799579,0.999580718477448
SLC25A22,0.767785412401079,4.48273813163987,2.68761996432071,0.101130768491942,0.999580718477448
PLCG2,0.844936278383485,5.81075927788544,2.68549129953434,0.10126598861404,0.999580718477448
LINC00641,1.6592942457874,3.67325280669288,2.68476836524809,0.101311956836848,0.999580718477448
DHX37,-0.886075568619438,4.42208844899969,2.68219938654527,0.101475491574828,0.999580718477448
ARID5A,-0.36243853665829,6.29375541010771,2.68196486679432,0.101490434881897,0.999580718477448
ABCA5,0.628113608500066,5.198277282133,2.68132159108413,0.101531435961796,0.999580718477448
NUP93,0.783783900454628,4.63810612548008,2.67919599828813,0.1016670457421,0.999580718477448
TMLHE,0.95118931176242,4.16741605905421,2.67331716818163,0.102043139137375,0.999580718477448
TMED2,-0.321041241953261,7.10599099355486,2.66341918083558,0.102679797223214,0.999580718477448
DNTTIP1,-0.680607283512971,4.75098328285903,2.66316279441273,0.102696346136866,0.999580718477448
SLC35D1,0.692569936202189,4.86302575823114,2.66280643057899,0.102719353116057,0.999580718477448
ZNF22,-0.421676637193005,6.09543434551766,2.66250880280554,0.102738572395633,0.999580718477448
CLDN15,-1.07428717975542,4.35951515215842,2.66072475175428,0.102853859802946,0.999580718477448
CYLD,-0.223416553620676,7.84952193140626,2.65580732379438,0.103172363115134,0.999580718477448
HENMT1,-0.633244798338419,5.11667183725933,2.65464048181201,0.103248098180841,0.999580718477448
GPR137,1.08838370451844,4.33780058978925,2.65193691338734,0.10342380998172,0.999580718477448
VPS35L,0.786745244617833,4.68987116628382,2.65183869712247,0.103430199465715,0.999580718477448
BCL9L,0.506314654297555,5.86644903974849,2.65116706341324,0.10347390434943,0.999580718477448
HLA-E,-0.170081212356531,10.299050390705,2.65004901699125,0.103546703269355,0.999580718477448
SYPL1,-0.548743619334988,5.92120528269193,2.63586473536079,0.104475164062542,0.999580718477448
RBMX2,-0.507602103189946,5.60905089491361,2.63532381611216,0.104510751048073,0.999580718477448
KLC1,0.468443241034958,6.36115875798469,2.6345277485057,0.104563148355099,0.999580718477448
IRF2BPL,-0.728133171397167,4.83341056726401,2.63255078876545,0.10469339670933,0.999580718477448
CCDC28A,-0.545146300564213,5.54134027657701,2.63061286733126,0.104821245639022,0.999580718477448
PDE6D,0.699854327886659,4.8715507331424,2.62877472715508,0.104942669876054,0.999580718477448
UBE2E3,0.589996325319485,5.17927555861616,2.62581346441029,0.105138609868426,0.999580718477448
ARHGAP9,-0.379029288443236,6.99345568952405,2.62394304836608,0.105262577603297,0.999580718477448
RITA1,-0.988057818740022,4.13970193609354,2.62379777802353,0.10527221255661,0.999580718477448
CSTF3,-0.635995268214375,5.03536291769415,2.6233031630194,0.10530502479793,0.999580718477448
VPS54,0.807193513131571,4.50524980344104,2.62305882151217,0.105321238294035,0.999580718477448
SPNS1,0.645119553573296,5.04370755382423,2.61994643802491,0.105528002830749,0.999580718477448
TRAPPC13,-1.01475200102852,4.48146745728755,2.61432475450286,0.105902596029128,0.999580718477448
TMEM205,-0.526742720131775,5.22689234494797,2.61387509931307,0.105932621097078,0.999580718477448
CCDC47,-0.445972878386449,5.98975364970881,2.60916946859216,0.106247393321129,0.999580718477448
PPT1,0.499022812314231,5.79311210331778,2.60880590733516,0.106271755558507,0.999580718477448
TCF7,0.78809147455844,6.20622645675137,2.60858727423116,0.106286409111338,0.999580718477448
WASHC4,-0.543488116158067,5.78431305041149,2.6074762364653,0.106360908989441,0.999580718477448
CD2,-0.307639659526036,10.3747708355931,2.60534114763482,0.106504236760166,0.999580718477448
ALDH9A1,-0.443404914211017,5.61003432323864,2.60478233458427,0.106541784658137,0.999580718477448
MRPL42,-0.37432649187499,6.31095701960252,2.6046146138406,0.106553057022817,0.999580718477448
MTAP,-0.673486560813111,4.77213430290481,2.60425992228023,0.106576899841951,0.999580718477448
GLB1,0.659926981809655,4.71222633053339,2.59784495970771,0.10700913360638,0.999580718477448
CUL1,0.480493073625013,5.59687825200469,2.59713591612208,0.107057026176378,0.999580718477448
ENTR1,0.606276415439619,5.24680530480309,2.59673867837,0.107083868003945,0.999580718477448
PPME1,-0.844603065581819,4.52268167006983,2.59667413162389,0.107088230201837,0.999580718477448
SRSF2,-0.334757193968517,8.0232244449525,2.59242274011418,0.107375977611175,0.999580718477448
CDK2AP2,-0.300953829840716,7.22330143471757,2.59169369720487,0.107425406687517,0.999580718477448
NOL7,-0.318557747647537,7.57959588853349,2.59097481190174,0.10747417153545,0.999580718477448
HSDL2,-0.632972835417083,4.88209551863415,2.59016802372255,0.107528928123405,0.999580718477448
LYRM4,0.888121353470505,5.10016822693435,2.58942237745798,0.107579562250184,0.999580718477448
ZAP70,0.402112930284901,6.5854679172363,2.58639064094778,0.107785706185351,0.999580718477448
CCDC18,-0.756887740981606,4.5557982884559,2.58499356079005,0.107880847051311,0.999580718477448
MCFD2,0.682842886311326,5.16409276208111,2.58431235295997,0.107927270598788,0.999580718477448
EIF4G3,0.774737399869723,6.03133245750278,2.58152202811517,0.108117657176501,0.999580718477448
GTF2H5,0.531827677736669,6.33975549010261,2.58108602028904,0.108147439715992,0.999580718477448
CASC3,-0.486558826606067,5.89651698972495,2.57867834975901,0.108312063638695,0.999580718477448
STX6,-0.677795623992192,4.9298172942236,2.57766224011308,0.108381622471187,0.999580718477448
RAB2B,-0.706919995643053,4.91203980975023,2.57507697188839,0.108558820997778,0.999580718477448
FBXL15,-0.508999632008378,5.85962954808237,2.57259575533982,0.108729186973842,0.999580718477448
CCNL2,0.426492342920106,6.04095523440556,2.57186726602151,0.10877926246949,0.999580718477448
UNC119B,1.00311282821554,4.0116244862097,2.57089237986649,0.108846314638078,0.999580718477448
GMFG,0.163370036370821,8.79002626219599,2.57072228879419,0.108858018066421,0.999580718477448
VPS51,0.498556035439624,6.04413124684494,2.57060949618575,0.10886577973121,0.999580718477448
ZNF764,-0.800159921130564,4.61373162074192,2.56901571756526,0.108975518388789,0.999580718477448
PRKCA,-0.712490794768359,4.80207089371412,2.56684341214142,0.109125286939222,0.999580718477448
ZBTB22,-0.892095239480019,4.32130594923071,2.56681304319085,0.109127382314326,0.999580718477448
ANKRD44,-0.254008288262778,7.87195388831772,2.5658528602654,0.109193655131754,0.999580718477448
AP1M1,0.505292144314684,5.56960704679579,2.5649497272748,0.109256030671032,0.999580718477448
PLPP5,-0.509364660236709,5.48510081140732,2.56301202326916,0.109389991793298,0.999580718477448
ANKDD1A,1.43254335772386,4.64012668950843,2.56244012211226,0.109429564071584,0.999580718477448
ATG4A,-0.88418730983567,4.32198689622939,2.5585544052507,0.109698850394653,0.999580718477448
WDR37,0.762081906222726,4.5997096426715,2.55720839434603,0.109792300882291,0.999580718477448
STK39,0.565697307169901,5.56371457189386,2.55659599072647,0.109834847643343,0.999580718477448
ELOB,0.165688987464823,8.78543039711825,2.55422876109557,0.109999481543679,0.999580718477448
TFB2M,-0.902380632337128,4.12670039659551,2.55338722580472,0.110058073220304,0.999580718477448
CPQ,-0.74810679353985,4.54843141640511,2.5521128869252,0.110146864075089,0.999580718477448
ANGPT2,0.972861395322932,4.34608975080671,2.55209796727328,0.110147904083375,0.999580718477448
SEC61B,-0.294756608747941,8.61761884678816,2.55146564557691,0.11019199143453,0.999580718477448
CD300A,0.959731072630119,4.80543053634299,2.5498891657881,0.110301992823653,0.999580718477448
CYSLTR1,-0.96212130875706,4.1125575558218,2.54979850435183,0.110308322540981,0.999580718477448
ATL3,-0.513732198488964,5.97162752274246,2.54956956649143,0.110324308093441,0.999580718477448
ZFAS1,-0.269701871176642,9.20669268295421,2.54891415235273,0.110370086378499,0.999580718477448
ENOPH1,-0.54718857268042,5.47091680194693,2.54692451701462,0.110509183166366,0.999580718477448
RASGEF1A,1.08844305879661,3.74744162495969,2.54620672309564,0.110559411955844,0.999580718477448
NOP10,-0.304348477138705,8.38193958676238,2.54469814759947,0.110665058834851,0.999580718477448
ZCCHC7,-0.442606148501939,5.76876929773847,2.54370662578754,0.110734556464395,0.999580718477448
NOP2,0.952369284278763,4.10580048055502,2.54361948390003,0.110740666698124,0.999580718477448
PTMA,-0.134631857742144,11.9991487998583,2.53979182564909,0.111009421586554,0.999580718477448
LYST,0.723711755877939,6.67827624712332,2.53786515457343,0.111144972172021,0.999580718477448
RAE1,-0.679189094449964,4.72063332269253,2.53695367148041,0.111209162850363,0.999580718477448
PRKY,1.74567760457716,4.72184996828509,2.53623216329836,0.111260003581841,0.999580718477448
ELP2,0.52158550576362,5.54634147277617,2.53566846074741,0.111299742412703,0.999580718477448
SEMA4A,0.945299863135159,3.99717291245388,2.53392099187522,0.111423031451505,0.999580718477448
NEK1,0.649879461597861,4.85453741220768,2.53165191512495,0.111583345811892,0.999580718477448
ECPAS,-0.606454465621921,5.24015301489883,2.53092704123259,0.111634612952562,0.999580718477448
BUB3,-0.317670864785461,7.51760626597962,2.52897202290317,0.111773012110843,0.999580718477448
BTD,-0.845986274721666,4.5586794950826,2.52880229947904,0.111785036035758,0.999580718477448
GUF1,-0.819284059463512,4.38417396901001,2.52850089591116,0.111806392248584,0.999580718477448
MFSD12,-0.840576571312772,5.01401945841456,2.52794702200668,0.11184564917957,0.999580718477448
FUOM,-0.577632581547898,5.02579706336293,2.5231425960146,0.112186810026264,0.999580718477448
CHRNB1,-0.693032055467647,4.99267133277134,2.52299461969153,0.112197335953918,0.999580718477448
CENPK,-1.03201043722834,4.71309442875532,2.52295055889026,0.11220047031953,0.999580718477448
ENO2,-0.786784163636122,4.68036432765063,2.52111347200937,0.112331241548366,0.999580718477448
LINC00339,0.974051000031143,4.31523499634398,2.52079846869422,0.112353681603903,0.999580718477448
EBP,-0.333147752380551,6.54719412689798,2.51951306891294,0.112445301488408,0.999580718477448
GCNT1,0.684764907607452,5.05599779730597,2.51849430781843,0.112517974528003,0.999580718477448
NCAPH2,-0.64291739641702,5.0265191474414,2.51843167167327,0.112522444347768,0.999580718477448
INTS6,-0.346837825825066,6.5946779610781,2.5181934689091,0.112539444680446,0.999580718477448
NOP56,-0.363681149456887,6.65226803898437,2.5143279086394,0.112815722351059,0.999580718477448
FBXO25,-0.580206538520935,5.37780395314067,2.51171277116438,0.113003054029875,0.999580718477448
RNF103,-0.782250580923118,4.34324892548647,2.50979513397155,0.113140639057984,0.999580718477448
BUD31,-0.347049653245153,7.19663424909537,2.50640033457487,0.113384659140561,0.999580718477448
CYB561D1,0.962356278928668,4.3283544155581,2.5042153680824,0.113542022514639,0.999580718477448
PARVG,0.320514597056852,6.85190559154625,2.50281830607907,0.113642766408983,0.999580718477448
CDKL1,-1.01986204047345,3.89591257669588,2.50197925544622,0.113703318757445,0.999580718477448
JUN,-0.509292009836512,10.539891883629,2.50026677183099,0.113827015149701,0.999580718477448
CDC73,-0.542570706126539,6.24997513675101,2.49886604896307,0.113928302687836,0.999580718477448
MFSD4B,0.783099783394909,4.69056003295892,2.49562571263979,0.114162995375058,0.999580718477448
ATXN1,0.416050800265979,7.09141122407317,2.49371535048773,0.114301609787164,0.999580718477448
BOP1,-0.772813224094953,4.53382907953261,2.49193528779742,0.114430936825591,0.999580718477448
GAMT,-0.83763004879364,4.1947910337429,2.49166721218753,0.114450427322122,0.999580718477448
LARP4,0.695002279108378,5.67576999983806,2.4914209480638,0.114468335236273,0.999580718477448
TRMO,0.89889614961279,4.42910575435064,2.49066379575854,0.114523413442161,0.999580718477448
NISCH,-0.661660574423094,5.03324123486389,2.48805442182893,0.114713453527772,0.999580718477448
STX5,0.508759658453624,5.43965876687469,2.48732133906809,0.114766906341771,0.999580718477448
TOGARAM1,0.702864739558468,4.96309777078003,2.48329558041238,0.115060935191637,0.999580718477448
HSPD1,-0.363045506526109,7.26843877582462,2.47891859125142,0.11538156022158,0.999580718477448
TRIM66,-0.773433897247693,4.1310487613068,2.47719149507115,0.115508345354568,0.999580718477448
HAVCR2,0.77177968300146,5.32281092408595,2.47427412894994,0.115722856891135,0.999580718477448
SPG11,0.503260511778739,5.91438479107891,2.47347758319737,0.115781502639278,0.999580718477448
PARVB,0.712901100648084,4.81223740033133,2.46952598056382,0.11607292524537,0.999580718477448
SSR3,-0.420488274316052,7.14392995716995,2.46899642382623,0.1161120404668,0.999580718477448
CCDC50,-0.608291378804729,5.22291028301138,2.46257558438645,0.116587469814276,0.999580718477448
MAF1,0.473569129575872,6.71083667478587,2.46150753303697,0.116666761744387,0.999580718477448
RWDD3,0.749481283845718,5.14444908777352,2.46030296831713,0.116756259879961,0.999580718477448
TRIM69,-0.51614800034242,5.52706098505568,2.45883073009587,0.116865748934661,0.999580718477448
TMEM242,-0.489790974769188,5.48333533172916,2.45860560144726,0.116882501548964,0.999580718477448
NAB1,0.714141980468945,4.96771946349894,2.45412075728973,0.117216788062748,0.999580718477448
AACS,-0.899153294466902,4.11601843040123,2.45247007507473,0.117340090684748,0.999580718477448
CEP192,0.685841706528326,4.94653177345772,2.45125908648192,0.117430640228111,0.999580718477448
SELENON,1.00687195061657,4.08705317535053,2.44762713942991,0.117702676127629,0.999580718477448
JAK2,-0.79131150813345,4.65292516426647,2.44639653489129,0.117795007372291,0.999580718477448
REX1BD,-0.239986578016286,7.54869098474473,2.44051781729944,0.118237188981743,0.999580718477448
CCSER2,0.31062063151778,6.92218474964537,2.44043183178689,0.118243670187507,0.999580718477448
LAMP2,-0.515624236236237,5.82752896811221,2.4373762110698,0.118474244528359,0.999580718477448
CEACAM21,-0.757168999894414,4.55738246580178,2.43612920562379,0.118568485244163,0.999580718477448
SNX27,0.544382106425422,5.3684525049142,2.43612220540376,0.118569014510089,0.999580718477448
CRY1,-0.651251102458735,5.01872559558175,2.43326753823902,0.118785065413593,0.999580718477448
CDK4,-0.564752036371277,5.30986031046892,2.43019287517833,0.119018253573691,0.999580718477448
DENND3,-0.789716050190424,4.65388799570106,2.42989839553129,0.119040614018097,0.999580718477448
TASOR2,0.917259400449999,5.01163724291499,2.4281944461464,0.119170089683261,0.999580718477448
NR3C1,-0.258982819394677,7.64477133653516,2.42670424023047,0.119283451646134,0.999580718477448
CYTH1,0.456519014827249,6.88840850430175,2.42353586125801,0.119524871256703,0.999580718477448
FGFR1OP2,-0.282799161480154,7.62277442096671,2.42029343201266,0.119772493232608,0.999580718477448
SLC2A3,-0.479371163610995,7.70635295649977,2.41832185614101,0.119923338633232,0.999580718477448
LYAR,0.414193818396028,7.14349602895609,2.41473146162816,0.120198580491903,0.999580718477448
CASP1,-0.413036064933664,6.04005411524284,2.41330781855793,0.12030791143686,0.999580718477448
KLF9,0.549881666083424,5.73570461827037,2.41230321491801,0.120385127846534,0.999580718477448
SEC23A,-0.6007207102308,5.55583190288234,2.41206515795728,0.120403433556507,0.999580718477448
ATP9B,0.608989419294448,5.0881580555511,2.40954604927355,0.120597332818778,0.999580718477448
DMXL1,-0.549727490957583,5.25400008191775,2.40618616130622,0.120856486471286,0.999580718477448
EPM2AIP1,-0.571432340674853,5.7497863738028,2.40462517709417,0.12097709755863,0.999580718477448
IKBIP,0.631326567307632,5.29555160351988,2.40251233195088,0.121140561204995,0.999580718477448
ALKBH7,0.317220912676507,6.88506801606811,2.39868107379372,0.121437597203253,0.999580718477448
EIF3L,-0.294328348976689,6.97800168361957,2.39784919319707,0.121502199181056,0.999580718477448
ZCCHC9,0.555831936077778,5.38178047503892,2.39738256528592,0.121538453128794,0.999580718477448
ARHGEF3,0.387037132549734,6.74434210821916,2.39697200830888,0.121570360644643,0.999580718477448
DDX19B,0.60656773890766,4.99301222515592,2.39645020404372,0.121610927434758,0.999580718477448
HERC4,-0.432585291435868,6.54351895358812,2.39493640254251,0.12172870029471,0.999580718477448
SHLD3,-0.987263778025253,4.01915061119477,2.39458151630169,0.121756328522293,0.999580718477448
PPP1R16B,0.484111873263644,5.92321226687296,2.39306923246227,0.121874139183378,0.999580718477448
STAG2,-0.321634912597304,7.15522774680223,2.39260147366881,0.12191060433515,0.999580718477448
ZNF699,-0.804627046520837,4.70697697510068,2.39141834868385,0.122002891407004,0.999580718477448
SLC12A9,0.749279296583916,4.79332091258243,2.38721047739669,0.12233174532311,0.999580718477448
RAB37,0.53686837053421,5.44350438687991,2.38295578974924,0.12266525770301,0.999580718477448
CHPT1,-0.694475182717409,5.34211326356401,2.38093973983652,0.122823641914754,0.999580718477448
INO80B,0.876900302049666,4.42287130650701,2.37914771640143,0.122964616682576,0.999580718477448
RPS6KC1,0.754977026959613,4.65089600531097,2.3782085456685,0.123038570976064,0.999580718477448
ERP44,-0.370832811212903,6.34354346100312,2.37564804823527,0.123240446198839,0.999580718477448
SUB1,0.129789249599796,9.11939765821645,2.37556763286914,0.123246792271588,0.999580718477448
PSAP,0.987362976225821,5.53994277904785,2.37489378872625,0.123299983722045,0.999580718477448
MICAL3,-0.795467573069527,4.12396163374558,2.37456893172371,0.123325636162789,0.999580718477448
IRAK1,-0.541794257655775,5.41746125049559,2.37247535689722,0.123491098125494,0.999580718477448
SNX19,0.952576048511817,4.48797408459204,2.37238628398796,0.123498143305884,0.999580718477448
G2E3,0.612137297566728,5.20792858839222,2.36610187100678,0.123996333862909,0.999580718477448
MGAT2,0.545629842657533,5.46676084638024,2.36579663779966,0.124020587662301,0.999580718477448
PLCD1,-0.954500857730622,4.11219424855313,2.36181093140727,0.12433777537741,0.999580718477448
SBNO1,-0.412497364208673,6.60583330199094,2.36173612883701,0.124343736867898,0.999580718477448
ATXN3,-0.485458695195977,5.85892014612418,2.36083482136657,0.124415592724568,0.999580718477448
SPECC1,-0.850234329377394,4.24756033999844,2.36076197603396,0.124421402261099,0.999580718477448
PIBF1,0.635293019464792,5.16267332534575,2.3567922681224,0.124738449073637,0.999580718477448
FLII,0.434615527910922,5.95037530156646,2.35357747718334,0.124995860910999,0.999580718477448
RRAS,0.683990845394493,4.85071125980507,2.35065954611042,0.12523001381139,0.999580718477448
CTPS1,-0.853475317493447,4.37507367623197,2.34830119902923,0.125419618361828,0.999580718477448
CLUH,-0.948894076272327,3.9554705361731,2.34421656927564,0.125748766448591,0.999580718477448
FBXL5,-0.44818726331986,6.03858981840853,2.34219019923929,0.125912411818654,0.999580718477448
ZNF544,0.772927594205319,4.7164944741506,2.3408830025796,0.126018103869734,0.999580718477448
ISG20L2,0.467440420363159,5.5971371661476,2.33803780073368,0.126248490893702,0.999580718477448
PPM1K,-0.421153652588002,6.98778364106758,2.33783455179061,0.126264966660886,0.999580718477448
NENF,-0.355480816286907,6.51072796310199,2.33640113872926,0.126381229907951,0.999580718477448
PRKRA,-0.518559256770295,5.52705456299024,2.3357875477734,0.126431034270903,0.999580718477448
SLFN5,-0.280636357680401,8.54538768048074,2.33267897633812,0.126683688506753,0.999580718477448
CARM1,-1.19707635225019,4.3374155311607,2.33202550711622,0.126736871684534,0.999580718477448
NAGK,0.515318495695012,5.59116856599942,2.33098355699652,0.126821723101302,0.999580718477448
TRAP1,-0.791376193099516,4.51930720461846,2.33083634647828,0.126833716312862,0.999580718477448
DVL2,-0.718468836711263,4.60709576518482,2.32869598186037,0.127008233987453,0.999580718477448
CREB3,-0.587990011201102,5.01233252617465,2.32843326526459,0.127029673358648,0.999580718477448
CHCHD6,1.01738396843116,3.86866804583088,2.32791868381199,0.127071678195899,0.999580718477448
GCLC,-0.66692542651205,4.80100284987168,2.32762630922852,0.127095551363192,0.999580718477448
ENTPD1-AS1,0.803737811833752,4.34970822166758,2.32716230881886,0.12713344848218,0.999580718477448
UBASH3B,0.798932980683546,4.57593330059226,2.32694377902162,0.127151301204072,0.999580718477448
CD82,-0.675561252042838,5.87627049484951,2.3264016885394,0.127195599154856,0.999580718477448
UVSSA,0.727231852798531,4.81248628091465,2.32637392242544,0.127197868577678,0.999580718477448
IREB2,0.536253790210299,5.83863352282534,2.32595990779112,0.127231712804374,0.999580718477448
SNHG15,-0.382892019500999,6.10253527158363,2.32529577394094,0.127286024318305,0.999580718477448
RNF126,-0.471005822475763,5.83938500017589,2.32260809900968,0.127506080495068,0.999580718477448
CCNB1IP1,-0.513760155718963,5.47887859444029,2.319753717431,0.127740249634533,0.999580718477448
PPM1A,0.470737694799288,5.81430368981501,2.31776953567417,0.127903310904081,0.999580718477448
NIPA2,0.48732436876639,5.62194255198396,2.31732825955565,0.1279396067306,0.999580718477448
SYNE3,-0.417694936328457,6.02478879956545,2.31581276298133,0.128064346631061,0.999580718477448
TADA3,0.59738311002622,6.05053513057718,2.31391973793357,0.128220350976088,0.999580718477448
NUDT15,-0.881713942264961,4.34402742852992,2.31122781525455,0.128442557043477,0.999580718477448
CCDC136,-0.831339209265016,4.23288791424068,2.31111282237151,0.128452058732111,0.999580718477448
CCDC174,-0.458606954843258,5.96770742780627,2.30925462290588,0.128605707525252,0.999580718477448
NFKBIE,0.882380967854419,4.21466769486197,2.30591229866855,0.128882589495316,0.999580718477448
VPS29,-0.524399950061647,7.00559380166652,2.30584915582169,0.128887826707467,0.999580718477448
TRNAU1AP,-0.413191982087333,5.94767134266198,2.30338671627564,0.129092252087933,0.999580718477448
NCLN,0.709315760777686,4.61984345219616,2.29936413293537,0.129426974070585,0.999580718477448
HEG1,-0.599829200751778,4.9533372856326,2.29772441947854,0.129563693133056,0.999580718477448
OPTN,-0.308812021223294,7.31560260161593,2.29699236885442,0.12962478336505,0.999580718477448
LPAR2,-0.625207008848347,4.9721503984975,2.29586276648471,0.129719112616574,0.999580718477448
SF3B5,-0.20175231221413,7.89095160928421,2.2951677341926,0.129777190416965,0.999580718477448
TPGS2,-0.639419548346239,5.67540764463453,2.29488172801671,0.129801097880647,0.999580718477448
LMNA,1.39539770547989,6.37671363231901,2.29365986916569,0.12990328924768,0.999580718477448
SLC39A10,-0.315218700508787,7.35044924992496,2.29349652045671,0.129916957872405,0.999580718477448
AARSD1,-0.646447535773201,4.74438495704578,2.29345486959839,0.129920443371955,0.999580718477448
PUS1,0.939236339700221,4.34789153494953,2.29172660863185,0.130065162654119,0.999580718477448
TNFSF8,-0.751937308271132,4.78541626493915,2.28976669838895,0.130229497039556,0.999580718477448
XIST,-0.652055396713876,8.21177068943196,2.28942325448933,0.13025831792439,0.999580718477448
PRPF39,-0.811871355812058,4.83566562149296,2.28642726482444,0.130510035129997,0.999580718477448
ABHD17A,0.253981269054273,7.69341562432242,2.28593330897454,0.130551588401558,0.999580718477448
ZNF549,0.884884874888968,4.01775818732032,2.2835690968326,0.130750678514926,0.999580718477448
LMNB1,0.566832178833652,5.13922465422164,2.28288292763225,0.130808524152265,0.999580718477448
GTPBP3,-0.916490525130883,4.35493631949526,2.28137133816223,0.130936055344993,0.999580718477448
MARCKSL1,0.517395367365883,5.38809532176495,2.28106899904941,0.130961580014894,0.999580718477448
ETS1,0.230234939173511,9.13387777729196,2.2787635389943,0.131156398764022,0.999580718477448
NABP1,-0.657446970150901,6.05083596821344,2.27754517444444,0.131259485035075,0.999580718477448
PYGB,0.912593440068311,4.40361790263417,2.27747462999383,0.131265456594974,0.999580718477448
DTNB,0.926722803492163,4.15693124681267,2.27729901833749,0.131280323368922,0.999580718477448
PI4K2A,0.925083504634589,4.29111712191276,2.27639438064886,0.131356937146759,0.999580718477448
YARS2,-0.601963006420176,4.72603722795953,2.27463020909038,0.131506488417251,0.999580718477448
WBP1L,0.627034367338782,5.07706909092031,2.27383245301923,0.131574177684517,0.999580718477448
SNX29,0.705884396236093,4.54247475476733,2.27288738865741,0.131654416318787,0.999580718477448
ZNF280D,0.494110215166881,5.48569244045637,2.27188395945825,0.131739670072648,0.999580718477448
VAV1,0.509141712400149,5.5045490632791,2.27058550399847,0.131850081436749,0.999580718477448
ZNF124,0.92989251541892,4.22085033708263,2.26849230835583,0.132028289359879,0.999580718477448
CTU2,-0.977881819423954,4.17838253784711,2.26569717164718,0.132266677697101,0.999580718477448
TMEM245,0.627372900432981,5.60702626038394,2.2648889431166,0.132335698485505,0.999580718477448
PPIE,-0.517350584402371,5.93665402929847,2.26401590987037,0.132410298628445,0.999580718477448
A2M-AS1,2.15748745425931,4.60801867415658,2.2635679111145,0.132448598071335,0.999580718477448
MRPL45,-0.830624839403871,4.65949560074632,2.26266932318352,0.13252545570938,0.999580718477448
POGK,-0.59162956570685,5.33466832121592,2.26255407727777,0.132535316475748,0.999580718477448
SLC25A43,-0.922308147236994,4.1857129680218,2.26231573558318,0.132555712266377,0.999580718477448
ASCC3,0.451685326809845,6.08388837776589,2.26122924850544,0.132648731451182,0.999580718477448
CEBPZ,-0.331660601685819,6.69670025031743,2.25836362894163,0.132894420313578,0.999580718477448
VIRMA,0.466876562338304,5.53608652011076,2.25739030209552,0.132977985789059,0.999580718477448
RASGRP2,0.655468776605452,5.15816180421377,2.25673909762108,0.13303392805713,0.999580718477448
UBE2D4,-0.796121117096525,4.31906001605276,2.25629608396784,0.133072000544236,0.999580718477448
IFT57,-0.640782186264125,4.87516435598972,2.25602063410649,0.133095678776279,0.999580718477448
PTPN11,0.439769270250442,5.83053302986957,2.25555979367892,0.133135304085458,0.999580718477448
MYNN,-0.617214045504451,4.88420014010792,2.25458545459034,0.133219125915342,0.999580718477448
ZDHHC14,0.81034219540404,4.36348311373933,2.25141412314674,0.133492362311535,0.999580718477448
PAM16,0.691195134821216,5.05472379091315,2.25080488732411,0.133544924685597,0.999580718477448
ECSIT,0.660176628205984,4.66246942740443,2.24408261510017,0.134126433154308,0.999580718477448
AKIP1,0.762366245368009,4.58150797547774,2.24285898173939,0.134232587477828,0.999580718477448
GPR155,-0.460941854037297,6.05605750664484,2.24135537105404,0.134363159437731,0.999580718477448
SAE1,-0.611242292094638,5.25798170009,2.24108476362191,0.134386673777089,0.999580718477448
TIAM2,0.89605079998541,4.19366803333281,2.24051714062723,0.134436012132102,0.999580718477448
CIPC,1.12091831502322,3.9406776616666,2.24045330502553,0.134441562053033,0.999580718477448
PYHIN1,0.454537982836708,7.06113106323703,2.23844262168211,0.134616503759036,0.999580718477448
ALG3,-0.669042827577025,5.09982940131484,2.23817923888766,0.134639438519948,0.999580718477448
TMEM123,-0.448465091784213,7.42285514182045,2.23645510586516,0.134789679995497,0.999580718477448
BORCS7,0.447474519890177,5.9227402978359,2.23586607166361,0.13484105158285,0.999580718477448
NFAT5,0.474409549957481,6.18588056855179,2.23569661797407,0.134855834246002,0.999580718477448
GZMM,0.507335506182891,7.69280105226129,2.23197502416772,0.1351809531946,0.999580718477448
RUNX1,-0.415237075937286,6.19184652455548,2.23087989953125,0.135276790352287,0.999580718477448
ARHGAP15,-0.372652681770198,6.93994237420989,2.23059023082124,0.135302152713898,0.999580718477448
ABHD13,-0.671468301410762,5.21413644055227,2.2302513554834,0.135331830186089,0.999580718477448
AKNA,0.401894919437446,7.40251509886124,2.22721661456566,0.135597926731871,0.999580718477448
CHN2,0.846897161110799,4.35926390926771,2.2269370849759,0.135622466285503,0.999580718477448
ZSCAN26,-0.89607211105669,4.0759765958404,2.22562530983986,0.135737691798773,0.999580718477448
NME6,0.629915696396132,5.31450341194399,2.22541864613694,0.135755854999062,0.999580718477448
HOXB2,-0.499708353127182,6.06568225073873,2.22404703634577,0.135876471613038,0.999580718477448
MAP7D3,-0.61760119763138,5.63658482371473,2.22356331224431,0.135919037949037,0.999580718477448
PLEKHO1,-0.367132366750777,7.42396023952761,2.22087790589338,0.136155617661586,0.999580718477448
ARHGEF1,0.362336666551976,7.5034203208047,2.21950130513972,0.136277072553145,0.999580718477448
DNAJC19,-0.436781739309633,6.62212013398589,2.21935679749212,0.13628982922456,0.999580718477448
PHF11,-0.414102521737852,6.74404734565036,2.21656280799127,0.136536736698974,0.999580718477448
LAT2,-0.571649021110888,5.18016128571926,2.21583280160145,0.136601330558477,0.999580718477448
PRR13,0.234813948045874,7.78692951217766,2.21539053569015,0.136640480647299,0.999580718477448
POLB,-0.6665547265479,4.52954246154464,2.21451382540716,0.136718125602357,0.999580718477448
LAPTM5,0.189377254724809,8.66108125203988,2.21402336612085,0.136761584185564,0.999580718477448
PFKFB3,-0.81095989537907,4.51483924045016,2.21307095978837,0.136846019145466,0.999580718477448
GALNT3,-1.175425410934,4.4935680920985,2.2117743504591,0.136961063073878,0.999580718477448
POLR3A,0.819658812645046,4.72587480272386,2.20858126588117,0.137244837323657,0.999580718477448
DYNLRB1,-0.331911238724747,7.89602086490038,2.20822179550852,0.13727682523253,0.999580718477448
TMEM9B,0.446650355874575,6.45178850456981,2.20787791969565,0.13730743325877,0.999580718477448
RTCB,-0.4828465321192,5.53607663860769,2.20741053242376,0.137349047171688,0.999580718477448
ZSWIM6,0.897907004283225,4.39794781695129,2.2074012454832,0.137349874179352,0.999580718477448
GCDH,-0.61484488725752,4.87938148497297,2.20477672764866,0.137583812852723,0.999580718477448
ANXA5,-0.306787673521277,8.06590315196444,2.20452708355223,0.137606088343142,0.999580718477448
ABCD4,0.554118954955731,5.13629841457458,2.20365734474472,0.137683725835543,0.999580718477448
SLC3A2,-0.227611599246218,7.40550276301096,2.20098693755827,0.137922407488193,0.999580718477448
CLN5,-0.771039491299017,5.24523543468211,2.20086362477111,0.137933440413503,0.999580718477448
ZNF101,0.49100391173137,5.66227467248351,2.20078342528532,0.137940616477175,0.999580718477448
STX2,-0.624379301576796,5.51244004972398,2.19925593906737,0.13807737232485,0.999580718477448
CUL2,-0.572664457738576,5.51095825456497,2.19846174549999,0.138148536534784,0.999580718477448
SLC35C2,0.525160674810185,5.43822887276734,2.19762635177506,0.138223436891524,0.999580718477448
ZNF511,-0.459843651558178,5.95665533016235,2.19722856232517,0.138259118197808,0.999580718477448
ITGB2-AS1,0.720536470431399,4.80661151161507,2.19665063521103,0.138310976071929,0.999580718477448
MINDY3,-0.689605646936383,4.62954079181812,2.19612942622721,0.138357763286926,0.999580718477448
UCK1,-0.801585795710318,4.30669630142004,2.19577940290496,0.138389193689757,0.999580718477448
SLC30A6,0.890561720034965,4.36950199665195,2.19452555864809,0.138501848574558,0.999580718477448
UROD,-0.643919657658003,4.83937904525554,2.19438745596457,0.138514263054148,0.999580718477448
TMEM187,-0.9311707838303,4.37728212340462,2.19309899639148,0.138630146845669,0.999580718477448
SCAF1,0.790069480652155,4.7113443924102,2.19304000563089,0.138635455065164,0.999580718477448
INTS11,-0.428968547719377,5.79408567272301,2.19298552822658,0.138640357357669,0.999580718477448
SLBP,-0.485693980248511,6.26322873210293,2.19226027357194,0.138705639832552,0.999580718477448
HTT,0.625739692678853,5.50558375003532,2.18910873177039,0.138989720865373,0.999580718477448
TBC1D31,-0.594807675152006,5.16298864939975,2.18709344553733,0.139171721559862,0.999580718477448
ZNF134,-0.809181773025177,4.12827543064459,2.18621127312874,0.139251474765233,0.999580718477448
PIGL,-0.604812926114022,4.35280502379962,2.18252079431894,0.13958567070849,0.999580718477448
DCAF16,-0.541668637668911,5.55478906623479,2.18100529141116,0.139723169616989,0.999580718477448
PFDN6,-0.40669609259881,6.28992798736476,2.17950179354981,0.139859729571937,0.999580718477448
ILRUN,0.717030676237675,4.70311107032388,2.17851504732013,0.139949435353001,0.999580718477448
USP11,-0.953590046494685,5.2913079293663,2.17767242964245,0.140026089439258,0.999580718477448
KLHL28,-0.597653170698167,5.55230399538137,2.17600037907613,0.14017833778773,0.999580718477448
GPX4,-0.165601982812747,8.38674365550731,2.17370832075829,0.14038734298204,0.999580718477448
EIF3C,-0.832756721982567,4.27827574385181,2.1711004954723,0.14062556761986,0.999580718477448
URI1,0.27476538653472,7.0205606922508,2.16948883248982,0.140773019894728,0.999580718477448
OXLD1,-0.442855027996567,5.89063778260409,2.16882136808543,0.140834137570821,0.999580718477448
ZNF559,-0.633373994018973,4.77026647809427,2.16786915479741,0.140921380433083,0.999580718477448
BACH2,-0.95161537555151,4.15296862683147,2.16658552279241,0.141039084359212,0.999580718477448
FAM107B,-0.43758216907219,8.77675045992592,2.16572633172173,0.141117930454128,0.999580718477448
PAIP1,-0.478112810740078,5.58608510331974,2.16547306056885,0.141141182046673,0.999580718477448
MTRES1,-0.895913528862015,4.15285384745435,2.16439152676127,0.141240520854839,0.999580718477448
ITK,0.332500968850108,6.88274890072798,2.16378383048211,0.14129637218909,0.999580718477448
ATR,0.565822155523377,6.08054378839339,2.16045892076895,0.141602393255576,0.999580718477448
CCNI,-0.205040261843896,9.00775484795518,2.15930033896231,0.141709202811432,0.999580718477448
ADGRE5,0.426789425869861,8.33702930602678,2.15616865894687,0.141998365640428,0.999580718477448
TRMT10B,-0.608828524415395,5.15579766249133,2.15525663362244,0.142082701929019,0.999580718477448
ITPR1,0.539559585074961,5.72098669310459,2.15365638172781,0.142230815650347,0.999580718477448
NDRG1,-0.564768586846201,5.5636444771825,2.1528652628397,0.142304102973747,0.999580718477448
VPS13A,0.510525193903852,5.98911134379349,2.15285324164417,0.142305216915444,0.999580718477448
PSPC1,0.450802043173097,5.67107632967693,2.1521699809506,0.142368547252555,0.999580718477448
RDH11,-0.697925494843177,5.86277014638548,2.15175240378773,0.142407267413512,0.999580718477448
ZNF316,0.748261488759359,4.59279549090222,2.15116757585969,0.1424615159387,0.999580718477448
RYK,-0.634037078399049,5.28817628192641,2.14623367801813,0.142920109692252,0.999580718477448
RCBTB1,0.795243346463014,4.28517841923934,2.14598404260608,0.142943356791365,0.999580718477448
TRIB2,-0.487743522923683,5.89601924618628,2.14495095485113,0.14303960750859,0.999580718477448
MAFF,-0.8315404817281,4.53199021032395,2.14459094230365,0.143073166287632,0.999580718477448
TBC1D15,0.4649294234954,5.60671788832149,2.1438065343785,0.143146316010937,0.999580718477448
TMEM50A,-0.241674285639681,8.06865320895903,2.1411190853244,0.143397252522618,0.999580718477448
EPB41L4A-AS1,-0.334901962519389,6.80141323660792,2.14044018480386,0.143460722134016,0.999580718477448
CPNE1,0.371718291513097,7.02109187663036,2.14036868746549,0.143467408176031,0.999580718477448
ZNF785,0.781971023105952,4.26138435205118,2.14015435417429,0.143487453560634,0.999580718477448
PREPL,0.506826419419409,5.49367806886642,2.13968774337344,0.143531103940639,0.999580718477448
ISCA2,0.619090586184085,5.48591986930849,2.13963016802703,0.143536491019196,0.999580718477448
RNF41,-0.767734670041641,5.07801667351643,2.13835788704714,0.143655590997404,0.999580718477448
TIMM44,0.536849255397465,5.31911793546394,2.13733178038783,0.14375172729372,0.999580718477448
ICE1,0.463543906373608,5.74407030147395,2.13711205868296,0.143772322510784,0.999580718477448
IRF9,-0.329674351076844,6.65136325590839,2.13528839037811,0.143943389019488,0.999580718477448
HAX1,-0.28298638873643,6.7410193033865,2.1349890802065,0.14397148725237,0.999580718477448
DFFA,0.574451896094019,5.14986620185382,2.1322780760682,0.144226268681441,0.999580718477448
KLRC1,-0.798332073329035,8.32047457858639,2.12847201817758,0.1445848209948,0.999580718477448
ZNF514,0.794654403241196,4.2332872952629,2.12813527933956,0.144616592019052,0.999580718477448
SWI5,-0.673708270837516,4.62772293803135,2.12810260081029,0.144619675629181,0.999580718477448
RAMAC,1.01132122736431,4.27014011512822,2.12686123582969,0.144736868125696,0.999580718477448
LTV1,-0.638923158932898,5.32139736508828,2.12473323736201,0.144938013248323,0.999580718477448
ABCA2,-0.656772458477477,4.92374620657684,2.12421971917582,0.144986599760992,0.999580718477448
NEPRO,0.539267849964454,5.15761815747919,2.1238321780021,0.145023279111285,0.999580718477448
TMEM219,-0.333862011027267,6.73843702799927,2.12337307395064,0.145066745155321,0.999580718477448
UQCRB,0.196836092663193,9.34547099176559,2.12017867207118,0.145369584438045,0.999580718477448
TTC33,-0.750299491273434,4.47174152030873,2.12013634666243,0.145373601798588,0.999580718477448
MPZL3,0.597209680146472,5.0694917565954,2.11779396012336,0.145596127075521,0.999580718477448
USF1,-0.690512145986429,4.62211984055682,2.11746117844611,0.14562777226484,0.999580718477448
STIMATE,0.895768911199706,4.11730735656864,2.11715735787037,0.145656670228072,0.999580718477448
IFT43,-0.731021324247563,4.57656684806172,2.11627879198492,0.145740271601388,0.999580718477448
RNF213-AS1,1.25920630044814,3.97028068757295,2.11563825903932,0.145801256655275,0.999580718477448
COQ5,-0.643808833474651,4.65458321313856,2.11342299568477,0.14601239348958,0.999580718477448
TCAIM,0.85629877747331,4.26676141349067,2.11314462982662,0.146038948921637,0.999580718477448
SNX2,0.462280106235234,5.71751953583601,2.11259116377333,0.146091764428453,0.999580718477448
CHRM3-AS2,-0.782120302697487,6.42657982282706,2.11127387733597,0.146217555543836,0.999580718477448
SSBP3,-0.609444530939154,5.13044962342887,2.11093963929468,0.146249492229132,0.999580718477448
PHC3,-0.478526000454452,6.67363116832076,2.11044106800853,0.146297145693854,0.999580718477448
WDR54,-0.459226492911838,5.66152950397101,2.10991903089996,0.14634706079007,0.999580718477448
BSG,-0.238806058973642,7.20736861742754,2.10949855068366,0.146387279388833,0.999580718477448
LINC02361,0.863789169608568,4.09334979498071,2.10830652850583,0.146501363140734,0.999580718477448
DGCR2,0.720126410046969,4.42020722590822,2.10784684750674,0.146545384189144,0.999580718477448
ACTR1A,-0.473234246803272,5.47748997203113,2.10631406398266,0.1466922780516,0.999580718477448
RPS5,-0.171802572465586,10.7887915095049,2.10620008270707,0.146703208046978,0.999580718477448
CASP7,0.529495228542018,5.11903772923211,2.1016578745485,0.147139522333463,0.999580718477448
CERS5,0.544093416891234,5.33316296243858,2.10110478757533,0.147192750548915,0.999580718477448
TMEM18,-0.549536108512661,5.60463699637498,2.10088722536558,0.147213694346316,0.999580718477448
MT1F,0.924787412034203,5.5083772075067,2.10070830253822,0.147230921013252,0.999580718477448
NUDT5,-0.29920803189019,6.50375311370774,2.10059530525871,0.147241801548859,0.999580718477448
TOPBP1,0.469346645593897,5.49416054918885,2.0993973507297,0.147357208705288,0.999580718477448
NME1,0.530311369466279,5.32300901867053,2.09775416374622,0.147515674240795,0.999580718477448
CNIH4,-0.464132447412042,6.48787629918482,2.09687209997817,0.147600817968504,0.999580718477448
DERL1,-0.289878688150641,6.61356658276353,2.09657494053651,0.147629514624367,0.999580718477448
GGCT,0.461934974644408,5.5506165697483,2.09445313420083,0.14783460037311,0.999580718477448
NDC80,0.891322559309716,4.20350088259456,2.0935719932748,0.147919862616617,0.999580718477448
FKBP15,-0.517000598691385,5.32451243365647,2.09325493970085,0.147950555398628,0.999580718477448
RAD54L2,0.68555198779997,4.81479620502307,2.09286692403353,0.147988127543419,0.999580718477448
RBM7,-0.510005426443207,5.18075475137075,2.09103163657315,0.148165987267219,0.999580718477448
RBM33,0.461133187466147,6.77451863172898,2.0896578261706,0.148299282722023,0.999580718477448
CSKMT,-0.55533615227047,5.80188360858648,2.08956077020938,0.148308704803193,0.999580718477448
LEPROT,0.399102213774741,5.80624683959997,2.08732805647189,0.148525640872844,0.999580718477448
PDS5B,0.40187325425288,6.06618769483368,2.08438270157685,0.148812367459129,0.999580718477448
STK40,-0.603006852785976,5.03392409576846,2.08407362502177,0.148842491907623,0.999580718477448
ECHDC2,-0.641465498719121,5.46442598179456,2.08206353264964,0.149038575724085,0.999580718477448
CAPG,-0.657728702158142,7.47353376910393,2.08165108373721,0.149078846053336,0.999580718477448
TBCK,0.939545522646504,4.25275387401472,2.07978860227451,0.149260846598484,0.999580718477448
SMAP1,-0.325791356753544,7.07277436519772,2.07825301692539,0.149411091935841,0.999580718477448
CYTOR,0.29200777600103,8.04507745464103,2.07779450803333,0.149455986674677,0.999580718477448
NCOA3,-0.487138443282232,6.74267504653758,2.07747717403563,0.149487067251125,0.999580718477448
PLIN2,-0.422613909603674,5.97488842570247,2.07682855407029,0.149550617629508,0.999580718477448
HSPA1A,-0.948387203924025,6.95135738928653,2.07504342928742,0.149725678035458,0.999580718477448
SRSF10,-0.238559432205977,7.34648936018797,2.07480330198503,0.14974924407998,0.999580718477448
ZNHIT3,-0.308448411699759,6.4883671331145,2.07430076484871,0.149798576544604,0.999580718477448
ATM,0.276137336082454,7.58651681271099,2.07371205382976,0.149856391795948,0.999580718477448
ATP10D,-0.45640670927484,5.64284468535365,2.07264203507718,0.14996153921033,0.999580718477448
LINC02195,1.25564469456642,4.35833127161374,2.06944833608211,0.150275870515144,0.999580718477448
MTHFD2,-0.484371665850943,6.28972617249888,2.06816580008367,0.150402310346216,0.999580718477448
GGA2,0.411786210339417,5.95099299866936,2.06797419988317,0.150421209733017,0.999580718477448
IGFLR1,0.87465160566017,6.10783428452639,2.06756096391236,0.150461980351512,0.999580718477448
YIPF5,-0.388413418262172,6.30141883328673,2.06696556147942,0.150520745828799,0.999580718477448
ZNF605,-0.791634140884959,4.43782882509701,2.06669180410945,0.150547774052246,0.999580718477448
YIF1A,0.344492342071371,6.24700636686638,2.06618099861944,0.150598220854287,0.999580718477448
B9D2,0.71798187986567,4.65503915763829,2.06592281650582,0.150623726019014,0.999580718477448
EIF4ENIF1,0.716696743207614,4.67857674286813,2.06565142085328,0.150650541784411,0.999580718477448
PTRH2,-0.796646366828353,4.22485729158781,2.06344675227781,0.150868578530411,0.999580718477448
EIF4G1,0.442459133949283,6.07003784897512,2.06040404408759,0.151170082195662,0.999580718477448
FKBP8,-0.240552773854116,7.25146688545923,2.05923250800418,0.151286352134176,0.999580718477448
RNASEL,-0.600005492034169,4.77027651036725,2.05670809285954,0.151537233725592,0.999580718477448
HDHD2,0.73729406745947,4.307130642692,2.05554202221292,0.151653279224279,0.999580718477448
PIP5K1A,0.826200990856958,4.7171452115078,2.05548580919953,0.151658875995398,0.999580718477448
ZDHHC11B,-1.23571904088689,3.67925420271702,2.05542332813094,0.15166509711119,0.999580718477448
TMEM165,-0.432925927269373,6.89401075244017,2.05449106760892,0.151757954762377,0.999580718477448
PPP2R5D,-0.725781231722717,4.51234978502694,2.0527295893279,0.151933582278597,0.999580718477448
DOCK11,0.342525571175156,6.35973387131131,2.05141136302317,0.152065166096213,0.999580718477448
SIRT5,0.821817229882962,4.26196945204786,2.04899520063577,0.152306679816555,0.999580718477448
SPOUT1,-0.704095436699761,4.66962654567705,2.04418991122966,0.15278829733329,0.999580718477448
MRPL1,-0.593521884706748,5.82043820620808,2.04144570213735,0.153064113862263,0.999580718477448
DDOST,0.436830930534584,6.25061771084183,2.04008551122019,0.153201033825782,0.999580718477448
SLC35F5,-0.717123100997474,4.71827215994059,2.03668599440777,0.153543844527172,0.999580718477448
ST8SIA4,0.461992249239625,6.68019817744641,2.03638060276277,0.15357468307177,0.999580718477448
THAP2,0.817242530285792,4.39563057146005,2.03568861104311,0.153644586599664,0.999580718477448
BNIP1,0.85796297243471,4.24967977790019,2.03345553939782,0.153870412906229,0.999580718477448
CHPF,-1.05020216792252,4.13088600816492,2.03290950053495,0.153925690033501,0.999580718477448
NHSL2,-0.959902881279564,4.3175560654296,2.03251447878117,0.153965693290836,0.999580718477448
HSD17B7,0.620562992493574,4.999795830905,2.032221846743,0.153995335298032,0.999580718477448
DTNBP1,0.481517062167265,5.24160206843702,2.03179964561365,0.154038113342873,0.999580718477448
YDJC,-0.449458050570095,5.82482877632208,2.02640544988655,0.154585849115778,0.999580718477448
ZFP64,-0.954752615698435,3.88577653099314,2.02587553586814,0.154639776565421,0.999580718477448
LEMD3,-0.585119880714138,5.26163078934418,2.02565193633865,0.154662537890919,0.999580718477448
TACC1,-0.333909844473205,6.90877454385934,2.0251982135475,0.154708736309076,0.999580718477448
SFMBT1,0.844492506521035,4.24477488918597,2.02405897959707,0.154824803053682,0.999580718477448
DOP1A,-1.33827885709137,4.02891168271857,2.02320558144371,0.154911813181747,0.999580718477448
COX7B,0.224708587723142,8.19809010504573,2.01952666072869,0.155287541642719,0.999580718477448
MTMR4,0.553686562003315,5.13663515800162,2.01798328108235,0.155445475043515,0.999580718477448
ABRAXAS2,-0.703561209640677,4.78379506696361,2.01578779580064,0.155670452446564,0.999580718477448
TMEM230,-0.283245230323318,7.02860920245099,2.01560177476138,0.155689531515853,0.999580718477448
HPGD,-0.621615717866641,5.16148303326253,2.01479119720365,0.155772698622692,0.999580718477448
IKZF3,0.21519352904763,8.38209391276762,2.01474034546458,0.155777917808584,0.999580718477448
FBXL6,-0.688855225893568,4.44669005670218,2.01392629471147,0.155861495229498,0.999580718477448
RPL22L1,0.34735708424266,7.10004038190776,2.01368562288138,0.155886214412253,0.999580718477448
S100A6,-0.248841728937871,10.6602978614506,2.01287527852839,0.155969476874661,0.999580718477448
LPCAT3,0.706670332817605,4.59286040864521,2.01270595614318,0.155986881040583,0.999580718477448
CCDC57,0.51751005593588,5.50975670813871,2.01141159594687,0.156119997541211,0.999580718477448
FOXO3,-0.59088360648326,5.42551922431256,2.00850926931066,0.156418952210764,0.999580718477448
SNX5,0.402660246226877,6.26134807534599,2.00816457063162,0.156454501144527,0.999580718477448
RPUSD4,-0.712816604115909,4.4298003898056,2.00795162322017,0.156476467095978,0.999580718477448
ERCC5,0.451869560111251,6.08664103288683,2.00526828667456,0.156753559106652,0.999580718477448
SP3,-0.368133122209402,6.31342817420706,2.00257737294766,0.157031993653678,0.999580718477448
TRAPPC1,0.224939039150906,7.81064520910874,2.00247200627204,0.157042907596973,0.999580718477448
SCAMP1-AS1,-0.667061633777611,4.78679039590562,2.00203760876214,0.15708791185599,0.999580718477448
POP4,0.605386816949901,5.21479223549509,1.99972785180348,0.157327452622045,0.999580718477448
RPL8,-0.127749559625795,11.1407488041489,1.99964814305939,0.15733572648229,0.999580718477448
STAU2,-0.580866778530324,5.09162885134824,1.99906989370728,0.157395764250159,0.999580718477448
CDC37L1,0.522712919692855,5.44388712579325,1.9987050079161,0.157433662569758,0.999580718477448
CROT,0.878693235044238,4.27940288325535,1.99868878470091,0.157435347810729,0.999580718477448
VPS35,-0.320771706663952,6.80601329423891,1.99714179670008,0.157596140653087,0.999580718477448
MAP3K8,-0.726328642535647,4.98489067078996,1.99469529348477,0.157850809791691,0.999580718477448
PHF1,0.529397748172394,6.10659949231703,1.99391444646398,0.15793219068562,0.999580718477448
ZNF33A,-0.33636737557502,6.24342679890444,1.992286372661,0.158102024179057,0.999580718477448
CMTM7,0.360550632566446,6.11101477566117,1.99072051609064,0.158265563453324,0.999580718477448
PHF20,-0.30068315330398,6.82261659989546,1.98943014045163,0.158400475930755,0.999580718477448
VPS26C,0.480745901404395,5.56573705301475,1.98833798606206,0.158514766052553,0.999580718477448
LPIN1,-0.329546924006254,6.50549234033565,1.98622680136319,0.158735960219414,0.999580718477448
C5orf15,-0.595633193840648,4.99907205874415,1.98398256421723,0.158971479878231,0.999580718477448
CARF,-0.6963747691682,4.61123107970375,1.98310740900538,0.159063430106228,0.999580718477448
HDGFL3,-0.828249303580365,5.14542624584276,1.98141564500567,0.159241350931088,0.999580718477448
KIFAP3,-0.520143202110068,5.41525142962649,1.97974561410513,0.159417208362275,0.999580718477448
CHKB,0.497133583585456,5.32935962160036,1.97879170189148,0.159517756350286,0.999580718477448
EXOSC8,-0.411370614096142,5.83869889754942,1.97417501317269,0.160005404339995,0.999580718477448
GSE1,0.54353020447224,5.39818118767728,1.97245617849046,0.160187393659009,0.999580718477448
MMP24OS,0.471733149648676,6.03267127659854,1.97149669865728,0.160289085433264,0.999580718477448
DAZAP2,-0.193276896301118,7.96646218567922,1.97088648650512,0.160353797860243,0.999580718477448
CTDP1,0.604547783807296,4.8213755414702,1.97022227763888,0.160424270425478,0.999580718477448
PSMC3IP,1.06506521369964,3.94371567075936,1.96932104759066,0.16051994737381,0.999580718477448
MLEC,-0.355389153945015,6.58082688810556,1.96897060498019,0.160557168837847,0.999580718477448
TMEM71,-0.554270902144538,5.28570875663665,1.96842121640127,0.160615540692381,0.999580718477448
AZIN2,-0.892945780430506,4.04026642436902,1.96781663411732,0.160679804761952,0.999580718477448
PITHD1,-0.453451030963515,6.33623455645374,1.96528450130188,0.160949276385687,0.999580718477448
VPS13D,0.677958362510331,5.45094766353279,1.96482458767309,0.160998276023552,0.999580718477448
SNRPB2,-0.26479166135677,7.58629351360723,1.96436761758226,0.161046978896656,0.999580718477448
SCMH1,0.806965655138149,4.23455711974323,1.96349064000441,0.161140492300992,0.999580718477448
ZNF324,0.719884097491663,4.20858984650503,1.96254654744351,0.161241231472414,0.999580718477448
AIFM1,-0.679479626539763,4.66579982670659,1.96146947682569,0.161356247733161,0.999580718477448
RLF,0.561781823226494,5.17718254689468,1.96100029086667,0.161406379559539,0.999580718477448
B3GAT3,-0.347349185006151,6.278036341351,1.95695743896682,0.161839089004143,0.999580718477448
MRPS18C,-0.287961305825544,6.61262780091868,1.95694625688284,0.161840287664248,0.999580718477448
TRAK2,-0.544795844667583,5.29828825509477,1.95534707590862,0.162011815715709,0.999580718477448
PAIP2,-0.225449700297032,7.9151960878585,1.9550288119771,0.16204597742303,0.999580718477448
NASP,-0.226019223586662,7.54450571538503,1.95498985846926,0.162050159166021,0.999580718477448
FAM20B,0.767578018196247,4.65134841233514,1.95391478655642,0.162165619052591,0.999580718477448
STAM,-0.58035907113348,4.77468265265832,1.95373743505044,0.162184675153462,0.999580718477448
TRIM38,-0.4158169125971,6.62798826594519,1.95099559276307,0.162479606514341,0.999580718477448
FAM111A-DT,-0.825817035483915,4.02829477523152,1.94991557645943,0.162595948456881,0.999580718477448
KRI1,0.453973352020011,5.51821774256257,1.94880312533985,0.162715883766746,0.999580718477448
ARHGAP1,0.468633255810343,5.48526577444959,1.94869051874291,0.162728029708502,0.999580718477448
NDUFAF7,-0.62797749871923,4.79059240646797,1.94792291836171,0.162810851984799,0.999580718477448
SYTL2,-0.451053394085148,6.48119722188136,1.94475718142043,0.163152936397976,0.999580718477448
DICER1,-0.471312748437377,6.29176477822608,1.94459121027694,0.163170893596765,0.999580718477448
AEN,-0.566254345460612,4.51609153824294,1.94181009544797,0.163472131489662,0.999580718477448
BIN3,0.554602776739487,5.07488939194267,1.94169879343958,0.163484200434237,0.999580718477448
MTCH1,-0.377328814829919,6.92827761744494,1.93964239985128,0.163707367026798,0.999580718477448
FBXW7,0.53716767632998,6.12825512681886,1.93919538432848,0.163755924647731,0.999580718477448
RNASEH1,-0.542360772260126,5.38546745443025,1.93918121274188,0.163757464323097,0.999580718477448
HMCES,-0.481471846600226,5.32626603088067,1.93695563401836,0.163999468201595,0.999580718477448
FUBP3,0.529724430830069,5.04659584288119,1.93643324534441,0.164056330631522,0.999580718477448
BSDC1,0.79501313824267,5.65932898578787,1.9359099419985,0.164113315209889,0.999580718477448
IKZF4,-0.855670984000606,4.00512255015545,1.93485513708,0.164228245853387,0.999580718477448
UQCR11,0.252728078330038,8.91958104191183,1.93456603406829,0.164259762326636,0.999580718477448
DPAGT1,0.70102441413454,4.51278263113662,1.93450840379582,0.164266045698665,0.999580718477448
TRIM73,-0.54823745517695,5.22640762496852,1.93327638841851,0.164400436846344,0.999580718477448
C11orf68,-0.494052439574505,5.21331620704357,1.93031420478205,0.164724073413644,0.999580718477448
SIVA1,-0.260392796297453,7.38633240320298,1.92785407131429,0.164993411598948,0.999580718477448
TANK,-0.267763157088969,7.15116698759309,1.92653993861858,0.165137490617125,0.999580718477448
NFATC1,0.648390315599729,4.50264926482248,1.92624327516611,0.165170036136187,0.999580718477448
KCNA3,-0.732383901965754,4.62123489047053,1.92587048490557,0.165210943560306,0.999580718477448
PIH1D1,0.397748186295115,6.20218953999547,1.92287489008558,0.165540080358907,0.999580718477448
RBM14,-0.521608589274593,5.30874004925571,1.92275875306926,0.165552855844197,0.999580718477448
GTF2E2,-0.410676125270713,5.73365021791527,1.92254318459982,0.165576572132758,0.999580718477448
EIF2S1,-0.352597660222986,6.20525281547032,1.92232388056137,0.165600703386792,0.999580718477448
AMFR,0.539128156725261,5.09571139905992,1.92209436408372,0.165625962681054,0.999580718477448
ARL16,-0.59567688539247,5.54809691423304,1.92156151201817,0.165684622381046,0.999580718477448
CDC42,0.131020705694771,9.2708959362234,1.92133663146206,0.165709385775157,0.999580718477448
PTER,-0.75070803097243,4.53039022092046,1.92097799181701,0.165748887211702,0.999580718477448
COA3,-0.434177091347203,5.74491869502867,1.91970593674174,0.165889081317962,0.999580718477448
GMPR2,-0.478696783898293,5.29077021801528,1.91800135990016,0.166077156714243,0.999580718477448
FBXO5,-0.757792377402771,4.47106338461627,1.91758222632478,0.166123439404564,0.999580718477448
GOLPH3L,0.721894309985896,4.32313137171133,1.91686485209738,0.166202689476375,0.999580718477448
HERC3,-0.542836419088264,4.99144679133564,1.91607986758969,0.166289458197032,0.999580718477448
ZMAT5,-0.521155112175636,5.08504505674351,1.915113743399,0.166396320473405,0.999580718477448
IMPA1,0.493584234216514,5.47592802587157,1.91356561479677,0.166567721749586,0.999580718477448
SETD2,0.33059415196385,6.56593120461619,1.91311362078336,0.166617802439152,0.999580718477448
SIAH2,0.402601267839567,5.79920641560481,1.91248773112665,0.16668717913272,0.999580718477448
MRPL9,-0.450356477649571,5.84024984626748,1.91214689782071,0.166724972682667,0.999580718477448
GBP3,0.421634237608967,5.8656071133745,1.9112178337619,0.166828042455354,0.999580718477448
SLC16A6,-0.618253907506268,4.75634437366021,1.91120516251551,0.166829448699486,0.999580718477448
ZC3H12A,-0.589812549666119,4.69618988982821,1.91074134494967,0.166880932119254,0.999580718477448
RPP25L,0.528893971580099,5.00485161278651,1.91042037256063,0.166916570475814,0.999580718477448
PSTPIP2,0.824905238145055,4.20043749470922,1.90901052888176,0.16707321213732,0.999580718477448
CDC23,-0.691372480130394,4.566431553396,1.90891198750012,0.167084166938138,0.999580718477448
OGFOD1,0.545291746427148,5.04551886942487,1.90766282686109,0.167223106888593,0.999580718477448
TSPAN2,-0.879221472975509,5.17058550657607,1.90655677549933,0.167346239728466,0.999580718477448
SLC25A24,-0.405524097382902,5.99817747853797,1.90404761799212,0.167625960696512,0.999580718477448
FDFT1,-0.48097074979695,6.5255453005603,1.90245316322973,0.167803988882238,0.999580718477448
ABHD11,0.789686668608349,4.14540972683429,1.89852904616541,0.168243058009321,0.999580718477448
CCDC152,1.097767668404,4.22585524192151,1.89770453262015,0.168335480055692,0.999580718477448
COMTD1,-0.51235784165717,6.08664653613093,1.89680024183938,0.168436911475461,0.999580718477448
ZNF569,-0.79170951563346,4.16096561481516,1.89571708982641,0.168558497417955,0.999580718477448
KTI12,-0.622933005649971,4.45751904098534,1.89290758536944,0.168874339070243,0.999580718477448
NUP214,-0.569935591647609,5.49557686001871,1.89258958860799,0.168910130674547,0.999580718477448
ABRAXAS1,-0.616647091966659,4.71367091965475,1.89211869788147,0.168963146987067,0.999580718477448
MACO1,-0.542481399619106,5.4520551081311,1.89099971490828,0.169089206820219,0.999580718477448
TMUB1,0.365712323625387,5.99084060059635,1.89037349175351,0.169159801510922,0.999580718477448
FOXN2,0.57673479141658,5.9144172398621,1.8879629517978,0.169431859506293,0.999580718477448
VMAC,-0.734737414131389,4.24068609281443,1.88703112488913,0.16953716169817,0.999580718477448
LAG3,-0.288609480095891,7.31740647499007,1.88215819057305,0.170089057928049,0.999580718477448
FANCM,-0.925609901727631,3.97883555897701,1.88148305738569,0.170165684299477,0.999580718477448
UBE2D1,-0.451205885570932,5.33880906459814,1.88036141296214,0.170293076485437,0.999580718477448
RAN,-0.272111844815242,8.09977044650556,1.87990656966552,0.170344767083581,0.999580718477448
GIN1,-0.825619692262682,4.20075994002885,1.87640724146088,0.170743050642065,0.999580718477448
ACADS,0.68751374871634,4.57472606913439,1.8749885327898,0.170904828563013,0.999580718477448
PEX13,0.528996520557096,4.97618508398058,1.87434623188774,0.170978129181973,0.999580718477448
SNRPA,-0.379061093767908,5.99498607211198,1.87284951469736,0.171149077582206,0.999580718477448
RRAGA,0.505644514407044,6.13279299237364,1.87233170065062,0.171208265708587,0.999580718477448
NAA10,-0.355435573756294,6.73179632077013,1.8693084991675,0.171554298966867,0.999580718477448
ADD3,0.502921065094491,6.43085885873352,1.86893566694497,0.171597028679277,0.999580718477448
ELL2,-0.841512186423464,3.84259195269305,1.86863779963515,0.171631175569304,0.999580718477448
UQCC3,0.435629349654107,5.64407416574446,1.86833546709686,0.171665842328394,0.999580718477448
COLGALT1,0.594638853682537,5.02886194004041,1.86798419628219,0.171706130667823,0.999580718477448
SFT2D2,0.440829621404074,6.4187049270228,1.86573996831819,0.171963784753965,0.999580718477448
CPD,0.399991367663723,5.73899718790209,1.86536952825083,0.172006356744442,0.999580718477448
TERF1,0.407249970874818,6.29823616472414,1.86372757043618,0.172195200955163,0.999580718477448
SEPTIN9,0.873777331897317,7.03059638720879,1.86364163726377,0.172205090828568,0.999580718477448
GHITM,-0.28582524275532,7.21954945167109,1.86100344038497,0.172509033523465,0.999580718477448
FEZ2,0.471804959729466,5.34205661573037,1.86056110367462,0.172560054825329,0.999580718477448
PRRC1,0.510244751977957,5.2717025995537,1.86021428652409,0.172600070564988,0.999580718477448
PEX3,-0.676472328001353,4.37570426035151,1.85995790173187,0.172629659084903,0.999580718477448
USP37,-0.625112791572308,4.7469577054536,1.85948959121212,0.172683720310047,0.999580718477448
ACAA1,-0.354304387621232,5.95259968709254,1.85823992002589,0.172828076228226,0.999580718477448
GPN1,-0.564312111635703,5.03839632243309,1.85613852608478,0.173071132038437,0.999580718477448
PARP16,-0.800789156350165,4.3078095652826,1.85580903913575,0.17310927749167,0.999580718477448
CHMP7,-0.489955329625641,5.13203696041414,1.85503220288508,0.17319925187924,0.999580718477448
HS3ST3B1,-0.715316427159552,4.36890170783524,1.85249108429582,0.173493944263872,0.999580718477448
FASTKD3,0.863933642406065,4.08157341882398,1.85037399755105,0.17373990249688,0.999580718477448
TOP3B,-0.893167941172661,4.3531208357096,1.84995275769003,0.17378888902002,0.999580718477448
VASP,-0.250274052347768,7.17050189974404,1.84985498353041,0.173800261575278,0.999580718477448
DCTD,-0.487229869669078,5.49043208193467,1.84978649393629,0.173808228420259,0.999580718477448
YTHDF3,0.469791286772475,5.32345201713046,1.84778750965219,0.174040939500927,0.999580718477448
ASB3,0.778719618739725,4.36332939363841,1.84749084394945,0.17407550629299,0.999580718477448
PRPF6,-0.259713434458423,6.870290753673,1.84733482875199,0.174093687989009,0.999580718477448
COQ7,-0.548906206334864,5.14651729684517,1.84649865237551,0.174191171561308,0.999580718477448
CEP89,-0.665149820408001,4.70487062061269,1.84630059331337,0.174214270995882,0.999580718477448
MAP2K1,-0.396875574001912,5.82974747980019,1.84587882233075,0.174263473485516,0.999580718477448
UBE3C,0.458319813953446,5.59328424371568,1.84232626801967,0.174678538996401,0.999580718477448
LUC7L3,-0.312133049235659,7.85563043990316,1.84106722582448,0.174825913360622,0.999580718477448
MLH3,0.536715410681128,5.14397943067006,1.83966846632776,0.174989809989828,0.999580718477448
RPRD1A,0.533568827235492,5.22529852046244,1.83951813913038,0.17500743478615,0.999580718477448
PDPR,0.528359013033772,4.94287139193382,1.83892255658622,0.175077282713845,0.999580718477448
DEAF1,0.658903627954682,4.57764801066997,1.8369850583407,0.175304728313933,0.999580718477448
DNAJC24,0.707343477116767,4.49282438651191,1.83640776146467,0.175372563814062,0.999580718477448
CEPT1,-0.472337759888536,5.21576600645035,1.8355856156377,0.17546922260748,0.999580718477448
SCRN3,-0.996934689199032,3.87636033120499,1.83549063214817,0.175480393668984,0.999580718477448
NRDC,0.336550180230774,6.71215531418488,1.83494567896246,0.175544501761949,0.999580718477448
PSMG1,-0.478508042210215,5.05260411958556,1.83397725114665,0.175658493871562,0.999580718477448
NCF1,-0.54049617483336,6.84810532916669,1.83373481593623,0.175687043888146,0.999580718477448
RPS26,0.940623151693725,10.8460066176585,1.83133836807795,0.175969545893396,0.999580718477448
GPBP1,-0.208790328737202,7.62804352277062,1.83069015827977,0.176046049181917,0.999580718477448
NDUFV1,0.359777068035186,5.95379763030196,1.82907313915088,0.176237060898065,0.999580718477448
RCC2,0.609327325566275,5.61952157986529,1.82876296655418,0.176273727601043,0.999580718477448
ZNF714,0.747838995580374,4.21452182979651,1.82845161800576,0.176310542164958,0.999580718477448
NOC4L,0.644617271503435,4.48963359102295,1.82642538128454,0.176550345760149,0.999580718477448
GMEB1,0.41613704679259,5.49679360603784,1.82332869341186,0.176917563634365,0.999580718477448
C12orf76,-0.429815786927417,5.54091433174467,1.82318230627454,0.176934944616638,0.999580718477448
DIDO1,0.370346357396953,6.17793662447919,1.82028345498458,0.177279540035414,0.999580718477448
SCAMP3,0.409580363938648,5.57805222525649,1.81781139915641,0.177574012900811,0.999580718477448
ABCB8,-0.585109824758216,4.94095327078119,1.81457844639891,0.177959976743332,0.999580718477448
NPAT,0.410033739502127,5.71205678633164,1.81455566660633,0.177962699727337,0.999580718477448
LUC7L,0.663171495795707,6.07174591069539,1.81360058855049,0.17807690834924,0.999580718477448
CNOT7,-0.335562364868541,6.54397611311332,1.8119100117905,0.178279275769581,0.999580718477448
EIF2AK4,-0.562646654598436,4.91495573143053,1.81172840685158,0.178301030251714,0.999580718477448
ZNF217,-0.440010407125523,6.59634158087862,1.81065469796155,0.178429712662971,0.999580718477448
DPH6,0.860333072693347,3.96406067300138,1.80979996591474,0.178532227714349,0.999580718477448
ANTXR2,-0.548017039621077,5.14355793173517,1.80877494619657,0.178655256499293,0.999580718477448
NUTM2A-AS1,0.899834046540808,5.74611419301531,1.80799447026438,0.178748999408299,0.999580718477448
PGM1,-0.543481803033429,4.80607365105294,1.806101816861,0.178976561975556,0.999580718477448
IFRD1,-0.592554504129682,6.01823410422285,1.80462275395552,0.179154629663161,0.999580718477448
PCNX2,0.475913314123714,5.54110850431882,1.80282428725949,0.179371426998482,0.999580718477448
FRMD8,-0.512433109259663,4.998711832873,1.80222977727104,0.1794431592663,0.999580718477448
NPHP3,0.479194298574005,5.60809056768322,1.80175117458694,0.17950093050681,0.999580718477448
TNFRSF9,0.893092235804845,4.88181172390233,1.8006254180478,0.179636903273494,0.999580718477448
TRIOBP,-0.469629152637357,5.27958079222613,1.79904223200083,0.179828327499573,0.999580718477448
UBE2F,0.504666280547757,5.56112761404894,1.79806336533976,0.17994680100605,0.999580718477448
IFT22,0.856835796624404,4.08890908984928,1.79731119580436,0.180037898390369,0.999580718477448
NFYA,-0.80008308105084,4.12353141905995,1.7955247654824,0.180254471876145,0.999580718477448
MON2,0.47968640506264,5.6980209236769,1.79384812450932,0.180458009489797,0.999580718477448
SMARCC2,0.478082355111166,6.29616608584799,1.79375292241317,0.180469574623794,0.999580718477448
TCF3,0.53512192710606,5.15899887478204,1.79287686797242,0.180576037822946,0.999580718477448
SIL1,0.663577375878059,4.87935621826756,1.79204085707512,0.180677702460988,0.999580718477448
ITM2C,0.469597704534531,7.24916076414454,1.79193705929614,0.180690329601232,0.999580718477448
TBCA,-0.177181482582592,8.21285633677918,1.79072480458278,0.180837877655024,0.999580718477448
AGFG2,0.543324003783618,4.99891027296646,1.79059498448194,0.180853686807902,0.999580718477448
XPO6,-0.523358783282836,5.87342492192344,1.78801342605353,0.181168394642035,0.999580718477448
MANEA,-0.655220065573977,4.56261908336078,1.7872206808804,0.181265162321214,0.999580718477448
SNHG21,0.895892798981307,4.13924738987534,1.78690302507364,0.181303954263317,0.999580718477448
ABHD10,0.762058419443323,4.44095752677767,1.78525810700484,0.181504984500438,0.999580718477448
TRIM14,-0.364852233389872,5.93974899545182,1.78387318298323,0.181674440235023,0.999580718477448
BRPF1,0.705336451913636,4.23922201350073,1.78333778122908,0.181739999707578,0.999580718477448
RABGGTB,-0.375862157800378,5.96459426588664,1.7823682766275,0.181858784424138,0.999580718477448
SLC35F2,-0.704060918056685,4.277043481063,1.78213796659122,0.181887015464974,0.999580718477448
KCNK6,0.564144068618025,5.25118372597995,1.78191319469104,0.181914572543796,0.999580718477448
LASP1,0.339381028698984,6.54734007835508,1.77954083120915,0.18220571982777,0.999580718477448
CPOX,0.741344848070049,4.10207500339492,1.77810646488407,0.182382013644613,0.999580718477448
ZFP30,-0.869710415948624,3.89695046338095,1.77748511662002,0.18245844310138,0.999580718477448
NAF1,-0.621194873178369,4.56242671791889,1.77679409965225,0.182543485802958,0.999580718477448
SNHG16,0.747489461660798,5.79623659886437,1.77676017976691,0.182547661468528,0.999580718477448
PINK1,-0.82671587372524,4.55591941017619,1.77577450791626,0.182669049736463,0.999580718477448
CD151,-0.657933026297541,5.43214491278408,1.77350997976845,0.182948287265285,0.999580718477448
ABCD2,0.553950123149794,4.90335213185837,1.77331422941311,0.18297244833985,0.999580718477448
PGRMC1,-0.467559922784866,5.16355046027314,1.77299380832118,0.183012005256296,0.999580718477448
UTP23,-0.416472509354934,5.88366464891227,1.7727428389685,0.183042995076171,0.999580718477448
AGER,0.901047081476236,3.94342370366275,1.77261388343159,0.183058920935418,0.999580718477448
APBA3,0.743089205420343,4.68893208077875,1.77073786228089,0.183290789130967,0.999580718477448
MCM3,-0.496228321412412,5.51167975551085,1.77015820872451,0.183362500675579,0.999580718477448
HEXB,0.319411944903903,5.30837877711498,1.76975246653141,0.183412716219176,0.999580718477448
TMA7,0.174984146938017,9.8699536857071,1.76964340570512,0.183426216545102,0.999580718477448
ATF7IP2,-0.388556168781186,6.16282303927869,1.76918248097749,0.1834832858178,0.999580718477448
KANSL1,0.224459366436599,7.63945104965492,1.76685401387368,0.183771899285185,0.999580718477448
ZNF830,-0.386439688430487,5.83720670755918,1.7666834575783,0.183793060422792,0.999580718477448
CD46,-0.371488232798372,7.33076510265594,1.76633104408502,0.183836793768996,0.999580718477448
NDUFS4,0.456965865613478,5.74739242012619,1.76567841086133,0.183917815266426,0.999580718477448
UTP11,0.522784634703473,5.11210897653199,1.76289777963926,0.18426348274766,0.999580718477448
EPS8,-0.845155801974871,4.32012452165729,1.76108487571694,0.184489255465938,0.999580718477448
RBBP5,-0.489078405101867,5.27944554117622,1.75883802561671,0.184769515961158,0.999580718477448
IFNAR1,-0.377191079062785,6.04041776081199,1.75712419756674,0.184983622289246,0.999580718477448
WSB2,0.426126546349039,5.36827269697732,1.75676638478766,0.185028359713185,0.999580718477448
IER3IP1,0.342008714731898,6.4244577538769,1.75604397814086,0.185118720689039,0.999580718477448
CCP110,0.595523395950313,4.88310448953578,1.75591067058303,0.1851354008315,0.999580718477448
CTSC,0.208580948704224,8.49722774275351,1.7548925357749,0.185262852787694,0.999580718477448
TSPAN4,-0.795353273049607,4.06902477229675,1.75401348790536,0.185372975551067,0.999580718477448
MRPL57,-0.272544219592804,7.40698006404763,1.75145402767622,0.185694045211315,0.999580718477448
SETD7,-0.913774096548915,3.87977152427809,1.75129854744522,0.185713570118676,0.999580718477448
KDM3A,-0.539107317431626,5.0341195619454,1.75043118678132,0.185822535366143,0.999580718477448
SMARCD2,-0.417580584608488,5.55207606755862,1.74997882455259,0.18587939443653,0.999580718477448
TRERF1,0.523506904568127,5.38429496126831,1.74922224097642,0.185974537384502,0.999580718477448
PDCD1,0.498847655839752,5.50975961708632,1.74904104738479,0.185997331489315,0.999580718477448
HNRNPK,0.229428092780621,8.83624335838453,1.74888048510718,0.186017532893023,0.999580718477448
AP1S2,-0.332656729874425,6.44800616068793,1.7475244441707,0.186188247108358,0.999580718477448
ZSWIM7,-0.550567755980047,5.72830708043951,1.74696991753514,0.186258109814296,0.999580718477448
RBM10,-0.530979047274798,5.19165594622521,1.74682005046526,0.186276996226213,0.999580718477448
NELFB,-0.423345663199246,5.68061719845697,1.74552872559292,0.186439822636338,0.999580718477448
ZBTB1,0.413406636761543,6.34596744348888,1.74534980600132,0.186462396103672,0.999580718477448
UBR2,0.50652303130737,6.0881244619917,1.74441903047205,0.186579879059734,0.999580718477448
PTTG1IP,-0.399095172564853,5.81218974205111,1.74403779180225,0.186628024032816,0.999580718477448
RALGPS1,0.89766364450678,4.07869538355617,1.74393198200921,0.186641388851337,0.999580718477448
XPNPEP1,0.553748350471261,4.78942660855588,1.743578180373,0.186686085561306,0.999580718477448
PARK7,0.188672240145777,8.24394016250952,1.74084237953884,0.18703212707908,0.999580718477448
S100A11,-0.414179968419135,9.68402027305278,1.7400591170704,0.187131336392588,0.999580718477448
FOXO1,0.43358853986221,5.55704340021316,1.73644532890735,0.187589858068956,0.999580718477448
TAF8,0.591412288559918,5.20897969135171,1.736114006689,0.187631961980897,0.999580718477448
TMEM109,-0.324530508278483,6.26719119174509,1.73557442083818,0.187700555244729,0.999580718477448
YRDC,-0.531631907719463,4.95711344673414,1.73477337143516,0.187802440103824,0.999580718477448
CRNKL1,-0.425443504912177,5.49272053986317,1.73436878424875,0.187853923693251,0.999580718477448
WNK1,0.254602915748111,7.73264205137257,1.7334401258829,0.187972157290681,0.999580718477448
KNTC1,-0.913372724685492,3.83688660206139,1.73328804771169,0.18799152761184,0.999580718477448
FXYD1,2.20120782175179,3.85344394518138,1.73278254706751,0.188055930337113,0.999580718477448
MSANTD3,-0.614110167239535,4.69630524671068,1.73179312656469,0.188182060638385,0.999580718477448
UCP2,0.395063874233509,7.27742064900154,1.73010768713974,0.188397145496464,0.999580718477448
PRDX2,-0.394264101944636,7.11238468158473,1.72890786412305,0.188550433502227,0.999580718477448
HSPB1,-0.357604355779642,6.9683537865048,1.7288991141239,0.188551551925199,0.999580718477448
TET2,0.548400274168298,5.15678146901332,1.72675360094767,0.188826024239308,0.999580718477448
ZFAND2A,0.587344018356958,5.49375717265174,1.72651705601818,0.188856313543767,0.999580718477448
TRIM24,0.723622607808469,4.75001079762026,1.72583041226778,0.188944269535221,0.999580718477448
ALOX12-AS1,0.60449087073398,4.58339194014552,1.72498425838954,0.189052723682233,0.999580718477448
THUMPD1,0.333955996929827,6.6104768045582,1.72391286443816,0.189190151579968,0.999580718477448
TYK2,0.524794215554726,5.14239850603734,1.72310114674459,0.189294348233355,0.999580718477448
MOSPD3,-0.586663247369755,4.88439891392669,1.72307189033942,0.18929810499812,0.999580718477448
SELPLG,-0.290099524518776,7.23591637533087,1.72218177712291,0.189412444437525,0.999580718477448
ZYG11B,-0.59891932631484,4.64320494175726,1.71896118531521,0.189826818142668,0.999580718477448
NOLC1,0.406439226533049,5.65564229347162,1.71715933303156,0.190059112176625,0.999580718477448
BIN2,0.213907654958714,7.1728549365065,1.71323998225579,0.190565538424732,0.999580718477448
STK16,0.522320437480038,4.87354499047556,1.71194076946097,0.190733759093244,0.999580718477448
UAP1,-0.592776033543955,4.66921087570659,1.71162807032298,0.190774272890719,0.999580718477448
HELB,-0.369840509398306,6.51822032173946,1.71153208418505,0.190786711020416,0.999580718477448
GPR82,-0.52026493373332,5.05657529800893,1.71124389479875,0.190824061022397,0.999580718477448
MGST3,-0.342163597919454,7.49542403043089,1.71048429828404,0.19092254733174,0.999580718477448
TDP2,-0.699614626969299,5.59896049519811,1.70919568584025,0.191089759407655,0.999580718477448
SNRPD1,0.236223699371497,7.22190558808957,1.70894669596879,0.191122088355995,0.999580718477448
GABPB1,0.61524495480013,4.6848373289557,1.70867154640353,0.191157821311218,0.999580718477448
ZNF83,0.529127447536654,5.4948794154774,1.70854349465283,0.191174453715038,0.999580718477448
MEGF9,-0.665139880615864,4.56706802752095,1.70781463725735,0.191269155806309,0.999580718477448
CSTF1,-0.508585907396553,4.90517390718559,1.70744808606798,0.191316803315324,0.999580718477448
RFX1,0.488752560044668,5.56662179866718,1.70535761349344,0.191588805973836,0.999580718477448
PCYT1A,0.408655775873168,5.4915867736532,1.70480518762214,0.191660760447266,0.999580718477448
DDX17,0.185830280005242,8.87851111490055,1.70386150213363,0.191783750164074,0.999580718477448
PDPK1,0.472087206806757,5.40838357065892,1.70267195966718,0.191938913473592,0.999580718477448
UFD1,0.401246213286033,6.57438900272873,1.70255968027463,0.191953566706765,0.999580718477448
LINC01089,-0.566277213634803,4.7777982494991,1.7025516984021,0.191954608445757,0.999580718477448
TRIP12,-0.383950458766192,6.37616359091831,1.70228357795407,0.191989605513254,0.999580718477448
MYO1C,-0.757042783117249,4.6623684170608,1.70141242510601,0.192103366265477,0.999580718477448
SLC35A1,-0.566731045223884,4.7788388934186,1.70056052387605,0.192214689129674,0.999580718477448
ALDOA,0.618242285498797,4.57661608774231,1.70008431346183,0.192276951119394,0.999580718477448
SKIL,-0.2976147368627,6.73270823576839,1.69653622430279,0.192741587130929,0.999580718477448
ESS2,0.735833563019151,4.38945491883651,1.69641732065433,0.192757180718281,0.999580718477448
TWF1,-0.451107479863651,5.2257908479649,1.69595236046659,0.192818171948024,0.999580718477448
VAV3,0.622810787156312,4.91743928519033,1.69584886049663,0.192831751641059,0.999580718477448
LTN1,0.364323019008912,5.83020132548636,1.69581960893906,0.192835589788355,0.999580718477448
TFE3,-0.705925237493751,4.21206625721647,1.69568233417705,0.192853603038644,0.999580718477448
WDR59,0.606161990637797,4.74749528852489,1.69514821224335,0.19292370944215,0.999580718477448
GSTP1,-0.242233902695569,8.0770284718993,1.6933406536048,0.193161182295638,0.999580718477448
LRRC28,0.622489654211927,4.5468124850478,1.69309081211036,0.193194032748688,0.999580718477448
CNOT8,-0.415691012483819,5.89484110737177,1.69297048251583,0.193209856635782,0.999580718477448
TKT,-0.247649852085032,7.06913250917141,1.69230403119426,0.193297525432864,0.999580718477448
EXOC7,-0.606809446967982,5.73619034033996,1.69226635594395,0.193302482837565,0.999580718477448
TMEM135,-0.507968075426443,3.94435290312178,1.69211447978969,0.193322468592675,0.999580718477448
ZFP82,0.873842924570853,3.99685190568833,1.69185786646647,0.193356242455387,0.999580718477448
EPS8L2,-0.43240507890306,5.32413052668974,1.69066573901254,0.193513233370793,0.999580718477448
UBE2Q2,-0.543756599966027,5.5461288325818,1.68975504952725,0.193633262178588,0.999580718477448
APMAP,0.335145036690887,6.5865203410511,1.68865231855156,0.193778718542958,0.999580718477448
RSAD2,-0.618738497687884,4.88558666996975,1.68763328539168,0.193913248268134,0.999580718477448
LIG4,0.828250497119432,4.02073964084458,1.68450794256932,0.194326528288365,0.999580718477448
FAM153CP,-1.00401974266159,3.80583727342815,1.68174830114552,0.194692306318777,0.999580718477448
DCAF1,0.637720625840374,4.85243919471039,1.67933553456222,0.195012767733192,0.999580718477448
SMG6,0.533153080117456,5.97176432393117,1.67811972044811,0.195174484882354,0.999580718477448
PCED1B,-0.48374702807385,5.59276092134769,1.67700202858207,0.195323289125368,0.999580718477448
RBM43,-0.575534975526308,5.20173081858101,1.6738268944155,0.195746736591335,0.999580718477448
WDR41,-0.561735662196232,4.70097741707167,1.66749079776664,0.196594958737019,0.999580718477448
TMEM39A,-0.604267483165298,4.33707297814475,1.66717218967899,0.196637724817885,0.999580718477448
CRYL1,0.618210542756099,4.64044306466416,1.66550017445814,0.196862334626226,0.999580718477448
PMEPA1,-0.622287057107412,4.54720028976528,1.66328227886395,0.197160739261821,0.999580718477448
INTS5,-0.617664265161329,4.40701650377594,1.66300250270423,0.197198419121222,0.999580718477448
MKNK1,-0.432042885003813,5.41452916907938,1.66272901568685,0.197235260126717,0.999580718477448
TUBGCP3,-0.552859224046187,4.83277111256961,1.65974852515846,0.197637280904479,0.999580718477448
BFAR,-0.323866945429101,6.15648931084707,1.65908101029677,0.1977274496854,0.999580718477448
CRY2,-0.782151404717128,4.00957370019058,1.65864738798037,0.197786049803667,0.999580718477448
CCDC85C,0.983348704889605,3.76916140937462,1.65706408865001,0.198000191364295,0.999580718477448
EIF2B4,0.54368125882033,4.9231091038123,1.65701955135602,0.198006218973652,0.999580718477448
ATXN7L3,0.630022496653179,5.02348832988772,1.65621006754165,0.198115810793851,0.999580718477448
PHTF1,-0.556686253952758,4.86315788485122,1.65546594079231,0.198216617033227,0.999580718477448
DMAC2L,0.698375646337763,4.80170837457512,1.65405603495053,0.198407780890824,0.999580718477448
FOXJ2,-0.765323782546533,4.22527288554719,1.65257601761601,0.198608683672199,0.999580718477448
TSR3,-0.293565455573604,6.34478032628935,1.65136835329186,0.198772793185309,0.999580718477448
RBM41,0.5769121377289,4.79647902504399,1.65119139571906,0.198796853317348,0.999580718477448
HPRT1,-0.337083138057025,6.06300002366788,1.6508756695129,0.198839789692321,0.999580718477448
TMOD2,0.904111178966449,3.9808361839726,1.64807418942821,0.199221246995011,0.999580718477448
PDE7A,0.324439983544833,6.86194102907605,1.64650206762271,0.199435687804477,0.999580718477448
RNPEP,0.541402666166008,4.86663880068359,1.64576666437815,0.199536091440096,0.999580718477448
RAB1B,0.350978174706536,6.31417466194618,1.6426067257051,0.19996818988264,0.999580718477448
C14orf28,-0.844964459320004,3.99508318393053,1.64009271906876,0.200312747181548,0.999580718477448
STK26,0.535472790949937,5.60780419767708,1.63865082650875,0.20051068064055,0.999580718477448
HNRNPU,0.157944250598709,8.71470284156208,1.63846591860829,0.20053608019774,0.999580718477448
PSAT1,-0.555586432186799,5.20844369190361,1.6366267638521,0.200788918532953,0.999580718477448
ARPC2,0.137443747973375,9.56551781365636,1.63650906819465,0.200805111531661,0.999580718477448
RPL24,0.128060494045612,11.0272828167974,1.63646519950458,0.200811147539133,0.999580718477448
MAP2K3,0.514107008142666,5.48457132500225,1.63592616643897,0.200885331920169,0.999580718477448
ANAPC11,-0.251475310052253,7.43630280766001,1.63416848032192,0.201127457267357,0.999580718477448
ITGA1,-0.498732562146959,8.04076013387926,1.63336168909529,0.201238709531128,0.999580718477448
EIF5A,0.20971749678847,7.60327126839656,1.63332647738903,0.201243566688032,0.999580718477448
RNF170,0.551022484025911,4.73040531917337,1.63180267315683,0.20145389473976,0.999580718477448
FBXO4,0.621807052496254,4.49807136092746,1.6291874987513,0.201815465723124,0.999580718477448
CD2AP,0.575763635477161,5.49859313786714,1.62817721413054,0.201955350916426,0.999580718477448
C1orf122,-0.387636779799732,5.90749388568758,1.62788687957682,0.201995572081917,0.999580718477448
PLEKHF2,-0.40980849668491,5.34689276670802,1.62731440633541,0.20207490662907,0.999580718477448
GPD1L,-0.659645017662519,4.2401605838159,1.62586404968168,0.202276064300914,0.999580718477448
TAF2,-0.645173525718178,4.98434363791221,1.62532273681297,0.202351202250404,0.999580718477448
METRN,0.524038403290618,5.38557764028457,1.62428605449885,0.202495192617007,0.999580718477448
JMJD1C,-0.303820838375713,7.04349207916517,1.62370726739676,0.20257563593128,0.999580718477448
VKORC1L1,-0.540015308181413,4.93941527766638,1.62204979605046,0.20280620950655,0.999580718477448
SNUPN,0.514206042838282,4.95910061155267,1.62183409370311,0.202836238935037,0.999580718477448
OGT,0.265097142867579,7.20029104672506,1.62174152432505,0.20284912776956,0.999580718477448
IFI44L,-0.953209314562933,5.99738513723204,1.62121352427175,0.202922661940307,0.999580718477448
UNK,0.670415357241578,4.74069369200189,1.6199480483879,0.203099031639511,0.999580718477448
UAP1L1,-0.667771856511202,4.39054066337524,1.61969876403389,0.203133795745848,0.999580718477448
PAAF1,0.59933466586719,4.47039545462315,1.61926431138586,0.203194399366207,0.999580718477448
IDS,-0.211222697116016,8.14060023334027,1.61877174505209,0.203263135271088,0.999580718477448
GMPPA,-0.633833735111723,4.53144160782259,1.61782310268548,0.203395592176376,0.999580718477448
RPL12,-0.165198501189949,11.6677638072668,1.61695694164052,0.203516621209658,0.999580718477448
MPPE1,0.478564186306042,5.5271992389355,1.61502891862823,0.203786329441313,0.999580718477448
FOXK2,0.465736563914707,5.25962091417409,1.61483826715503,0.203813022265352,0.999580718477448
UTP14A,0.562285071100884,4.76499433837573,1.61475237720491,0.203825048933461,0.999580718477448
TRIM4,-0.431817417260334,5.4199609311098,1.61374513699493,0.203966149332548,0.999580718477448
ZMYM6,0.586838534814956,4.96544297189638,1.61338288046846,0.204016924599417,0.999580718477448
SENP7,0.398290246950713,6.42104377218749,1.61316955520868,0.204046832057606,0.999580718477448
EBAG9,-0.373866668471935,5.69854699962651,1.6129708591416,0.204074693202406,0.999580718477448
HSPBP1,0.85760944395212,4.44085572279982,1.61188184656189,0.204227474116136,0.999580718477448
MORC2,-0.634654964194174,4.27130507190697,1.61131733663385,0.204306724007548,0.999580718477448
TAOK3,-0.25395383637212,7.15374682909436,1.61089014876038,0.204366719759193,0.999580718477448
LIN7C,0.435942360797298,5.30060273056096,1.60999369093326,0.204492688964242,0.999580718477448
MYO9A,-0.475709761347592,5.42439880937792,1.60986218083858,0.20451117630852,0.999580718477448
FAAP100,-0.731733967359202,4.14125598728303,1.60835749416603,0.204722841560726,0.999580718477448
GAPVD1,-0.628101894461644,5.59560192674711,1.60806065974455,0.20476462795617,0.999580718477448
WAC-AS1,-0.601391503005409,5.4019516235612,1.6079719208283,0.204777121989597,0.999580718477448
ZMAT2,0.317311122718955,6.84516238450482,1.60746696804434,0.20484823414904,0.999580718477448
KDM5C,0.492101251706924,5.27289937525339,1.6068680525552,0.204932616778332,0.999580718477448
NDUFA13,0.333684656338863,8.84978371199146,1.60611051493818,0.205039406792983,0.999580718477448
POLR2H,0.363129965409652,5.80874897670486,1.60547101341665,0.205129608372472,0.999580718477448
EFCAB2,-0.692363492518854,4.39268661993938,1.60314532468376,0.205458041342903,0.999580718477448
METTL4,-0.464408926813391,5.26872757438003,1.6023987712644,0.205563600899036,0.999580718477448
MRFAP1L1,-0.316791298720672,6.31964154500631,1.60220826258762,0.205590548285208,0.999580718477448
NCBP3,0.380171570733483,6.10203519696429,1.60012171990025,0.205885962102243,0.999580718477448
CLEC2B,-0.156168388316974,8.42688574741765,1.59994402616046,0.205911143220786,0.999580718477448
LMBR1L,0.484668551940715,4.92134052707342,1.59847055824123,0.206120089649299,0.999580718477448
A1BG,-0.320041585838107,6.31886536714578,1.59832200636009,0.206141169068898,0.999580718477448
SLC38A9,0.607785344339417,4.60783284967876,1.59802168137221,0.206183792773311,0.999580718477448
USP42,0.519392956341467,4.86805081842174,1.5973714028128,0.206276119399055,0.999580718477448
CAMKMT,0.820200347172883,3.89929548840916,1.59517791416667,0.206587911482333,0.999580718477448
ARMC10,-0.485772292352631,5.33650505919171,1.59467600079564,0.20665933388364,0.999580718477448
REPS1,-0.605313531895364,4.75862799603707,1.59459476842643,0.206670896012717,0.999580718477448
RBBP8,-0.691701954989009,4.42582861996342,1.5934746469411,0.206830405341512,0.999580718477448
PRXL2C,0.549233108901708,5.40526223943142,1.59320437600649,0.206868914672045,0.999580718477448
ACTR1B,0.426956285697261,5.39787843213109,1.592779788338,0.206929428803049,0.999580718477448
CS,0.490138698470598,5.30131119738584,1.5921152183444,0.207024188280497,0.999580718477448
CKLF,-0.211927313847638,9.62316723537833,1.59105315896379,0.207175731307985,0.999580718477448
ANKRD49,0.325378461024422,6.12679929012499,1.58887107805862,0.207487499434412,0.999580718477448
HNRNPAB,-0.345205948181333,7.31585867841717,1.58835582349173,0.207561198125423,0.999580718477448
FLI1,-0.343586584885045,6.18496258734947,1.58816772072405,0.207588110842684,0.999580718477448
KDM6A,-0.439590709407284,5.20919172455831,1.58734007078649,0.207706575497103,0.999580718477448
SEMA7A,0.860476385764933,3.93749964849491,1.58680715585957,0.207782895919154,0.999580718477448
VEZF1,-0.346323507619543,5.96932141089024,1.58419303615051,0.208157752842505,0.999580718477448
RUBCN,0.603193496659184,4.88557585135434,1.58254799791485,0.208394056415704,0.999580718477448
ITPRIPL2,-0.945406962518112,4.56468503956192,1.58079920268768,0.208645612358565,0.999580718477448
UBE2R2,0.368077597072532,6.10735634614486,1.58044591120855,0.208696475281705,0.999580718477448
CCNT2,-0.487487093323727,5.79839079302167,1.58036369637275,0.208708313750845,0.999580718477448
NDUFAB1,-0.23519661464841,7.05801684134942,1.57717168207538,0.209168560671087,0.999580718477448
ZBTB43,-0.457194815803501,5.27065109196073,1.57682631365013,0.209218430285239,0.999580718477448
LRRFIP1,-0.30154754328195,8.89290892489865,1.57621189586679,0.209307184187324,0.999580718477448
ARHGAP26,-0.460892492598243,5.88267157754344,1.57565976728459,0.209386978312521,0.999580718477448
SPRY2,0.789589933977333,4.85965159754855,1.57467386057097,0.209529552038914,0.999580718477448
NAA50,-0.341482254969856,6.13089951767412,1.57369658922123,0.209670990445012,0.999580718477448
PSMB3,0.246047698853276,7.71888502438925,1.57294927799957,0.209779223497638,0.999580718477448
LPAR6,0.646918701047749,4.5331473826959,1.57184267906722,0.209939613731771,0.999580718477448
AMPD2,-0.737987280061507,4.20751295807012,1.57019884784569,0.21017813853516,0.999580718477448
ATP13A1,0.649023966997717,4.64178163484538,1.56765407693796,0.210548025914005,0.999580718477448
MANBA,0.68915353813095,4.57250971858289,1.56488782237977,0.210950981766456,0.999580718477448
AP4S1,-0.626395803313347,4.44176577534413,1.5645635555709,0.210998277023768,0.999580718477448
PAXIP1,0.710793489617837,4.38152997598828,1.56349328663855,0.211154468103155,0.999580718477448
NPTN,0.479200589904859,5.69815512002456,1.56297735078845,0.211229810834519,0.999580718477448
ZNF250,-0.686363719435082,4.00256251110384,1.56275500034564,0.211262290765019,0.999580718477448
MRPL51,-0.403367024856863,7.47886500334576,1.56263230612485,0.211280215908205,0.999580718477448
ANGEL2,0.458068978734927,5.55050667449458,1.56223102087408,0.211338854701592,0.999580718477448
BTG1,-0.284176275197687,10.2332239669411,1.56132918808721,0.211470707671191,0.999580718477448
MLLT6,0.372469681915631,6.94599329768434,1.55993167706954,0.211675224339397,0.999580718477448
POLR3F,-0.761666418416181,4.00635047158409,1.55848253949456,0.211887544039501,0.999580718477448
FAF1,-0.466639704019701,5.30213506946565,1.55628629594955,0.212209807449902,0.999580718477448
C17orf49,0.604605349820972,7.18905856580232,1.55591846743955,0.212263837209274,0.999580718477448
NRIP1,0.704722344639346,4.74065337922415,1.55591746530148,0.212263984434077,0.999580718477448
MYO5A,0.502148771162016,5.78144329465707,1.55453352698414,0.212467415474857,0.999580718477448
PEMT,0.76904514245877,4.07927568080164,1.55208872848753,0.212827352711952,0.999580718477448
GLYR1,0.547471276295551,5.6090830002075,1.55118830878851,0.212960100033534,0.999580718477448
PARP2,0.853961463022955,4.01615969198707,1.55050011592335,0.213061625410447,0.999580718477448
BCOR,-0.487067530215315,5.20571051891936,1.54965912683129,0.213185770036209,0.999580718477448
RASA1,0.474066959753127,5.08247142760968,1.54854130968265,0.213350912309194,0.999580718477448
ESYT2,-0.349940470394926,5.9419153534808,1.54821221968341,0.213399559827149,0.999580718477448
CIITA,1.02624706899251,3.98630706292406,1.54788092081451,0.213448547179596,0.999580718477448
POLR3C,0.623796967999379,4.44611221786124,1.54777708558918,0.213463903476066,0.999580718477448
ZBTB4,-0.397278347401482,5.45186368255602,1.54736150304672,0.213525377537916,0.999580718477448
FASN,-0.717775365377565,4.37653104720664,1.54677352900959,0.21361238813415,0.999580718477448
C5orf63,0.782618263700587,4.11102849871184,1.5442631945457,0.213984351032274,0.999580718477448
PARP1,-0.239934663048678,7.17310502874104,1.54401590522167,0.214021034173517,0.999580718477448
ISYNA1,-0.689070524266858,4.27393102791976,1.54376870331954,0.214057711816563,0.999580718477448
LINC00299,0.941135346843866,3.97390898091076,1.54273352158746,0.214211384141525,0.999580718477448
RPS6KA1,-0.452461512683837,6.01891734068069,1.54242373071291,0.214257397966972,0.999580718477448
KBTBD7,-0.654627571148741,4.18498151148726,1.54232946050238,0.214271402431486,0.999580718477448
RNPC3,-0.556865088695578,5.47002382290056,1.5413000528098,0.214424398606289,0.999580718477448
ZFYVE21,0.497479455014318,4.89626417333299,1.54052985647621,0.214538954320234,0.999580718477448
OAS2,-0.423986279493489,6.05321418326556,1.53897854772605,0.21476991033182,0.999580718477448
PAICS,-0.565001850353237,4.85926156717046,1.53876614937943,0.214801554815615,0.999580718477448
DMWD,-0.497115449918755,5.03468610690983,1.53864583644067,0.214819482277896,0.999580718477448
PPP1R21,-0.517064601727399,5.07683212167267,1.53857778831797,0.214829622707938,0.999580718477448
UBE2J1,0.444469381360956,5.51892137069722,1.53852563577766,0.214837394787272,0.999580718477448
MAP4,-0.232723839700458,7.1535497072075,1.53847776113881,0.214844529642866,0.999580718477448
VPS13B,0.509522242746763,5.01933284591073,1.53722834790412,0.215030831946695,0.999580718477448
WDR77,-0.592462647667868,4.50139225522611,1.5369775847322,0.215068246853942,0.999580718477448
BABAM1,0.375216624483508,5.74771644404698,1.53599618046876,0.21521475092935,0.999580718477448
XPO4,0.624117713056871,4.77984789114719,1.53459936326053,0.215423472670552,0.999580718477448
CNN2,0.270451401611963,7.33213109988105,1.53449963506144,0.215438383932575,0.999580718477448
NNT-AS1,0.507767889052399,5.19125413689211,1.53434989445098,0.215460775307495,0.999580718477448
SLC15A4,0.611425019250892,4.89003378481081,1.53414994136323,0.215490679493858,0.999580718477448
PRPF8,0.287493691980733,6.7380056817263,1.53328358929391,0.215620304726421,0.999580718477448
ZNF429,0.669950117128403,4.16697672142731,1.53282446654005,0.215689037157183,0.999580718477448
ARL2BP,-0.335377905358662,6.22121634132277,1.53269508159355,0.215708411287364,0.999580718477448
DNAJB9,-0.392060184601648,5.67627154532521,1.53233665329016,0.215762093237237,0.999580718477448
FEM1B,-0.430766189750459,5.32405467503622,1.53086946235819,0.21598200084,0.999580718477448
GRWD1,0.662985157271597,4.87959390274183,1.53043781075457,0.216046749047477,0.999580718477448
ZC3H15,0.299390329965205,7.40826166282295,1.52927846466486,0.216220766631593,0.999580718477448
ZNF66,0.762973888648174,4.12896017832653,1.52896428298094,0.216267953968036,0.999580718477448
AP4E1,0.592736317728334,4.66213982731652,1.52691243517902,0.216576425266516,0.999580718477448
TMEM120B,-0.407843950334116,6.46973793124992,1.52674313401084,0.216601901108881,0.999580718477448
GSKIP,-0.526811287991135,5.0588504045298,1.52511460761921,0.216847138405978,0.999580718477448
LSM1,0.381596425007703,6.2210363540969,1.52409745733817,0.217000477324426,0.999580718477448
GID8,0.419198609672115,5.88086762748858,1.5240027891926,0.217014755444549,0.999580718477448
NIN,0.301341769190495,6.41934084783591,1.52252624676318,0.217237596743996,0.999580718477448
XBP1,-0.356493990079326,7.63448355187698,1.52100434412179,0.217467569294281,0.999580718477448
DHRS7,-0.230122489340809,7.67807386309263,1.51996907409269,0.217624173318153,0.999580718477448
ZC3H7B,0.516872492106398,4.88039664298025,1.51969561046242,0.217665562267399,0.999580718477448
CENPV,0.80076107211918,4.12969549170076,1.51953865219142,0.217689322271671,0.999580718477448
CCDC43,0.583006112121249,5.03678887368295,1.5195368674733,0.217689592456227,0.999580718477448
RBM4,0.238717304678943,7.05092214399461,1.51904365397653,0.217764274287216,0.999580718477448
CDR2,-0.447524419402436,5.35140301615253,1.51897310827312,0.217774958734733,0.999580718477448
PARN,-0.556378671665159,5.03138584719809,1.5187250910999,0.217812526954405,0.999580718477448
ZDHHC7,0.538481309789269,4.78733917604701,1.51500211282008,0.218377392108285,0.999580718477448
POLH,-0.71895151597615,4.19898618753976,1.51491797790037,0.218390177568553,0.999580718477448
PFN1,0.164452627491453,10.5468270637746,1.51405325693335,0.218521635597917,0.999580718477448
MAP3K4,0.441038363742019,5.48730663817203,1.51366455843972,0.218580757710017,0.999580718477448
SYS1,-0.316365864218584,6.07904735767317,1.51285785109032,0.218703521035819,0.999580718477448
METTL25,-0.679920051573058,4.18496664125351,1.51183899462864,0.218858686430615,0.999580718477448
PHGDH,-0.708317601002252,4.60546621646674,1.51150365855586,0.21890978472406,0.999580718477448
CPSF1,0.600900320696467,4.59975581625508,1.50990949833128,0.219152896642842,0.999580718477448
TCF20,0.531564124300133,5.0978511097196,1.50971301784465,0.219182882523818,0.999580718477448
FARSB,-0.579130774751395,4.67016835786319,1.50934457240555,0.21923912604975,0.999580718477448
ZC3H6,-0.401925505652214,5.85186376892521,1.50743200080527,0.219531358808853,0.999580718477448
CCDC112,-0.772928088668757,4.15762115733823,1.50704041343878,0.219591249027332,0.999580718477448
ATG7,-0.597276662889773,4.66440609229858,1.50657612990554,0.219662282834753,0.999580718477448
SNRPF,0.182343138647973,7.44650645311877,1.50631275191875,0.219702590971857,0.999580718477448
ADORA2A,0.621497679577487,4.59579401547264,1.50550406823366,0.21982640949578,0.999580718477448
MGMT,0.304522880641545,6.12535013133041,1.50530933267778,0.21985623813815,0.999580718477448
BBS2,-0.70489403414232,4.32019974562448,1.50367672880793,0.220106502685022,0.999580718477448
YIPF6,0.524676707194753,5.05933368780349,1.50114434242709,0.220495370077918,0.999580718477448
CUL4B,-0.567724622164782,4.75333465437622,1.50055642474674,0.220585766735399,0.999580718477448
SDAD1,-0.369419837307371,5.9438738869225,1.49996924919353,0.220676093493986,0.999580718477448
SLC25A32,-0.583977748890048,4.80132569426071,1.49906899806592,0.220814667352063,0.999580718477448
RABL3,-0.613579969717975,4.46044613098673,1.4977464333315,0.221018435797174,0.999580718477448
SLC41A1,-0.269044281291071,4.28681666107311,1.49740955465973,0.221070374838514,0.999580718477448
BLVRB,0.44702876910845,5.23932458676712,1.49704905308908,0.221125972158521,0.999580718477448
DNAJC5,0.545294790193248,4.79536430478507,1.49700499381855,0.221132768219398,0.999580718477448
GOT2,-0.575381131232238,4.89741036997508,1.49675076315075,0.221171987707297,0.999580718477448
CXXC1,-0.480419475309297,4.99017962188395,1.49542178250797,0.221377141440867,0.999580718477448
ARPC1B,0.225804546196368,8.92199344463922,1.49539308177599,0.221381574460692,0.999580718477448
KIF11,0.893254724220711,4.21099463017672,1.49392344870866,0.221608711073216,0.999580718477448
PTGER2,-0.399479963450322,5.94610984217939,1.49334255960932,0.221698566241456,0.999580718477448
ZNF350,0.56292285409634,4.63817176946296,1.49325924024836,0.221711458118731,0.999580718477448
POFUT2,0.579540987229311,4.43757907025413,1.4930973240457,0.221736513729841,0.999580718477448
COA6-AS1,1.02860259183556,4.07417541786154,1.49286253868181,0.221772851446074,0.999580718477448
JPX,-0.243973725126367,7.05163037640098,1.49270954112873,0.221796534701501,0.999580718477448
ENTPD4,0.437562475153172,5.3754480475712,1.49143136973213,0.221994507507837,0.999580718477448
KCMF1,-0.289326780591806,6.20101487030848,1.4908171161144,0.222089722944689,0.999580718477448
RUFY3,0.546957104048467,5.1414623427995,1.4897220224324,0.222259594638522,0.999580718477448
ALG9,-0.730051235776076,4.1340986345817,1.48918115281283,0.222343552073167,0.999580718477448
ARL4A,-0.411882464974869,5.94552547006852,1.48840074210386,0.222464759600041,0.999580718477448
TRMT2B,0.701027273910188,4.41031503724079,1.48707115542853,0.222671443222382,0.999580718477448
SLC25A37,-0.499956148416083,5.22612815862837,1.48521479279742,0.222960398611197,0.999580718477448
BRAP,0.581848020440935,4.4762605678981,1.48508725443052,0.222980267297873,0.999580718477448
SLC20A2,-0.584709598721265,4.58619154430627,1.48440983958262,0.223085834565278,0.999580718477448
MCMBP,-0.403968221333732,6.00057300510486,1.4837852330749,0.223183225306186,0.999580718477448
POLR2E,-0.276229142236809,6.39666599306472,1.48374420014773,0.223189625080088,0.999580718477448
SLA,0.259884676731338,7.43775440631825,1.48337454793217,0.22324728845947,0.999580718477448
DECR1,-0.285948298573145,6.34210106568105,1.48312550859304,0.223286147062905,0.999580718477448
GDPD5,-0.990962363269748,3.74686938201012,1.48295710782443,0.223312427899346,0.999580718477448
SDCBP,-0.360593633159863,6.63076362808187,1.48294629007249,0.223314116258012,0.999580718477448
CCNY,0.434306736705221,5.69908180537422,1.48275536037921,0.223343917738818,0.999580718477448
ITPKB,0.333057105082217,5.94218535482988,1.48103028184,0.223613394707678,0.999580718477448
PAPSS1,-0.504868530765182,4.93359639998182,1.48051998416217,0.223693183679984,0.999580718477448
CENPT,0.678350293612315,4.99061250900592,1.48047754378614,0.223699821096056,0.999580718477448
VCP,-0.406324745059709,6.71596787907875,1.47851133985162,0.224007582310271,0.999580718477448
SMC2,0.470512732587295,5.24724738756691,1.47759421270622,0.224151309712108,0.999580718477448
TSN,0.434122035678138,5.5709102371741,1.47598522397617,0.224403729250867,0.999580718477448
SEC24B,0.55404070844866,4.7389330229839,1.47522330721768,0.224523378301132,0.999580718477448
RRAGC,-0.393934225269751,5.46761979032505,1.47496343193796,0.224564205804749,0.999580718477448
MRPL2,-0.413870929102156,5.42467875428221,1.47474518446026,0.224598500282643,0.999580718477448
MYC,-0.591892156642307,5.26738778676572,1.47362691046309,0.224774319657842,0.999580718477448
NUB1,-0.241438883868029,7.07920049656186,1.47272926381002,0.224915570586957,0.999580718477448
DDX20,-0.616032763801729,4.40012718220013,1.47253341208935,0.224946403361473,0.999580718477448
TMEM79,-0.775408843816098,3.92276296818394,1.4716580007416,0.225084280641312,0.999580718477448
DSTN,-0.317730904703713,7.74209242031179,1.47156950285794,0.225098224698856,0.999580718477448
GUSB,0.368141539803307,5.58980712472568,1.47117089970469,0.225161042949886,0.999580718477448
MLLT11,0.777816869962865,3.9170175650799,1.47102666787802,0.225183778486532,0.999580718477448
TMEM63A,-0.513651421324811,5.07617405448263,1.47027970290681,0.225301568072662,0.999580718477448
SCYL3,-0.52866665753889,4.66830903153242,1.46927305441265,0.225460424362099,0.999580718477448
CRELD1,0.590971389067088,4.46184968795052,1.46898299611969,0.225506222564804,0.999580718477448
RANBP9,0.485882563802353,5.64783380626765,1.46872389223513,0.22554714272124,0.999580718477448
YBEY,0.519476525123912,4.85855104420255,1.4684412399806,0.225591792024331,0.999580718477448
NOL11,-0.537776548285431,5.21153676705928,1.46825864702122,0.225620641051286,0.999580718477448
TTC27,-0.714363803348192,4.09441358373373,1.46807233781149,0.225650081796447,0.999580718477448
GCSAM,-0.734512613282708,3.98663939999967,1.46762756113857,0.225720384442815,0.999580718477448
WBP11,-0.554124075345668,6.44048455741584,1.46716992998824,0.225792746347101,0.999580718477448
RNF20,0.444026307309828,5.30767213619437,1.46690006929661,0.225835430518587,0.999580718477448
ATP10A,-0.514901323204078,4.98410782809611,1.4666182254399,0.225880020422403,0.999580718477448
PTP4A2,-0.195166722285241,8.54056156114889,1.46504336910558,0.22612936964311,0.999580718477448
TBCC,-0.372332516404823,6.59062759830389,1.46392972522182,0.226305893950729,0.999580718477448
HLA-F-AS1,0.725393843612414,3.91330730560768,1.46334491157874,0.226398659351422,0.999580718477448
OASL,-0.294650433252786,6.28766261851399,1.46311934143358,0.226434452363965,0.999580718477448
RTF2,-0.243147546890867,6.67710904625144,1.46216919194312,0.226585294786103,0.999580718477448
CNPPD1,-0.425279654169263,5.67683316964646,1.46061398574182,0.226832454471222,0.999580718477448
EIF2A,-0.299515299388821,6.21557102237511,1.46014128721788,0.226907641817095,0.999580718477448
SKI,-0.507973651886574,6.04721427218798,1.45826006296267,0.227207165925718,0.999580718477448
DTD2,0.824873162985394,4.21157787826338,1.45578814018502,0.227601462440466,0.999580718477448
LMBRD2,-0.594729301551734,4.42054563696941,1.45383060207912,0.227914293215368,0.999580718477448
PURB,0.388931212652968,5.7001376304409,1.45296293943295,0.228053118248412,0.999580718477448
WDR26,-0.315606872083323,6.25253282667007,1.45293863316879,0.228057008687075,0.999580718477448
TRADD,-0.289759805646121,6.83304359192964,1.45286755403426,0.228068386007111,0.999580718477448
PRPF4B,0.295464437031775,7.78853160932406,1.4521333133619,0.228185952595585,0.999580718477448
RBM4B,-0.655142702371007,4.48016591946832,1.45190768132909,0.228222095429703,0.999580718477448
MSRA,0.560937763151573,4.6905655619494,1.45059550052511,0.228432423453963,0.999580718477448
GCNA,-0.757320299033916,4.01663919724188,1.44917740155083,0.228659991250854,0.999580718477448
GOLIM4,-0.502168466066576,5.84329937551237,1.44656409659352,0.229080073412777,0.999580718477448
NRAS,0.447021202985415,5.20782329529342,1.44626036026518,0.229128958493771,0.999580718477448
NRF1,0.582867166468503,4.59926538418933,1.4455352226004,0.229245717133118,0.999580718477448
MFF,-0.299091918185104,6.12469460229149,1.4452521844523,0.229291310189557,0.999580718477448
SPOPL,-0.534280455622317,4.71588315114553,1.44181249595657,0.229846264284706,0.999580718477448
PSMB8-AS1,-0.311744621150586,6.84387559988146,1.44156876393773,0.229885648978393,0.999580718477448
PATJ,-0.470347581676872,5.21837485877601,1.44090014480169,0.22999373299421,0.999580718477448
STX17,0.472955593538897,5.48426022465167,1.43930251358871,0.230252242246153,0.999580718477448
ANO6,-0.489800156405315,4.91742771468933,1.43396787380833,0.231117969402714,0.999580718477448
ATP6V1G1,-0.170149062057502,8.20404250976191,1.43295449821925,0.231282867411603,0.999580718477448
ARMC7,0.662066309715192,4.17210144643037,1.43242605038308,0.231368913532835,0.999580718477448
MRPL49,-0.44766628779857,5.376218144912,1.43238632617152,0.23137538330826,0.999580718477448
NSUN4,-0.846202907586408,4.1452774472077,1.43218299011541,0.231408503521978,0.999580718477448
CARMIL2,0.543391742369565,4.60740283271645,1.43207499254485,0.231426096936067,0.999580718477448
EHD1,-0.618043022797991,6.08836617401686,1.42998239129219,0.231767312254807,0.999580718477448
EPHA1-AS1,0.537964795935669,4.92435988010106,1.42964046644287,0.23182312350399,0.999580718477448
VAMP7,0.476717646473229,5.16448649317705,1.42958734455402,0.231831795867582,0.999580718477448
RP2,0.682994125944685,4.35185474394299,1.4288999052818,0.231944058435316,0.999580718477448
TRBC2,0.217690355769115,9.86960267650974,1.42624540794591,0.232378168554017,0.999580718477448
THADA,0.474961979224258,5.10250198846722,1.42557666187,0.232487688307676,0.999580718477448
HNRNPF,-0.253967591319851,7.954401703264,1.4246689985059,0.232636434976122,0.999580718477448
NKAP,0.333416727811347,5.97760751949994,1.42457216952097,0.232652309964218,0.999580718477448
TMEM185B,-0.658857502000692,4.32134842387207,1.42318485224599,0.232879902563524,0.999580718477448
GLO1,-0.462080460265284,5.89541945193472,1.42251177933754,0.2329904185987,0.999580718477448
INTS2,0.643227119430345,4.461429242381,1.42240210754035,0.233008432296012,0.999580718477448
RINL,-0.34343446387507,5.6990289926723,1.42046908357151,0.233326209661034,0.999580718477448
CRIP2,-1.53732834563502,5.66812902112772,1.41935670792334,0.233509314803282,0.999580718477448
HM13,-0.305930785751835,6.65244803987323,1.41853486405869,0.233644707840687,0.999580718477448
TRIM21,-0.556516014071536,4.89150087286575,1.41803212284322,0.233727577716757,0.999580718477448
MCTP2,0.558906900100272,4.95539483747992,1.41741029739856,0.233830126118037,0.999580718477448
CCL4,0.650007762882791,10.5853752799838,1.4156750049596,0.234116589844691,0.999580718477448
BEX4,0.609876480148336,5.22517889597891,1.41540850724892,0.234160621115545,0.999580718477448
LZTS2,-0.780484552193923,4.01753465064372,1.41364239663474,0.234452674564537,0.999580718477448
RCOR1,0.684507396552304,4.65006030938474,1.41133162572904,0.234835461549064,0.999580718477448
FDPS,-0.298311908125361,6.77421151662903,1.4102883705937,0.235008527986293,0.999580718477448
CAMSAP1,-0.541534947160185,4.66033939289052,1.40967458702972,0.235110421147255,0.999580718477448
ADAM8,-0.382278130486541,6.15822261503821,1.4094006397613,0.235155915920317,0.999580718477448
BATF,-0.237560011575082,6.86297741008762,1.40907683168878,0.235209704880622,0.999580718477448
TMIGD2,-0.452166167866883,5.75465097928121,1.40830703996077,0.235337637630457,0.999580718477448
ADGRG1,0.794287904591226,4.69738495097275,1.40790226444707,0.23540494161784,0.999580718477448
FTSJ1,-0.560277407576207,4.74492674620361,1.40788655467271,0.235407554227835,0.999580718477448
TMEM216,-0.432503077183558,5.15934183218144,1.40786221010847,0.235411602913687,0.999580718477448
PIKFYVE,-0.504398129364106,5.04435164843486,1.40575295311879,0.235762708635513,0.999580718477448
INTS13,-0.544354905138582,4.60450204222654,1.40566832610349,0.235776808824612,0.999580718477448
KIAA0930,-0.549877550881068,4.91043968693458,1.4047832933046,0.235924330378781,0.999580718477448
TMEM185A,0.539128167485776,5.02572168774571,1.4047763906726,0.235925481382127,0.999580718477448
COG1,-0.517674831673937,4.74533419719497,1.40433390317308,0.235999279689803,0.999580718477448
LYRM7,-0.460636165792168,4.9574157331282,1.40430321605247,0.236004398741173,0.999580718477448
LINC02256,-0.805170101091529,3.99184258619135,1.40328001431748,0.236175160474412,0.999580718477448
ABL1,-0.593904662392347,4.55150264918129,1.40274767782277,0.236264061085704,0.999580718477448
MRPL48,-0.44121413060744,5.15980441955249,1.40141461655794,0.236486861287179,0.999580718477448
F2R,0.44807602962015,5.75569629016382,1.39999941439181,0.236723668687759,0.999580718477448
RTF1,-0.226699243551881,7.71357277227465,1.39798813218697,0.237060713479678,0.999580718477448
EIF2S2,-0.227840983580369,8.43146589245261,1.39762435636746,0.237121736069948,0.999580718477448
SIK3,0.385069069880157,5.88261183322005,1.39727852364126,0.237179766403771,0.999580718477448
HACD4,-0.366166801208733,6.06209175118664,1.39707280310843,0.237214294239795,0.999580718477448
SDR42E2,-0.672671025485862,4.26744399461744,1.39646050804593,0.237317097023572,0.999580718477448
RETREG3,0.355088216775408,5.68257463422462,1.39578036507587,0.237431354636008,0.999580718477448
TWSG1,0.859123468824982,3.92225733934755,1.39548076961185,0.237481705014275,0.999580718477448
LINC00861,0.532997963443646,6.42762576407619,1.39426854629118,0.237685564982152,0.999580718477448
HDDC3,-0.429810060314004,5.39274441753941,1.39426682910193,0.237685853912901,0.999580718477448
TMEM263,-0.449808849363362,5.36005770924864,1.39247794569278,0.237987079313243,0.999580718477448
SNAP29,0.43536607339743,5.30864107167476,1.39149577376518,0.238152661619177,0.999580718477448
TUT4,0.236234750532686,7.03283285289875,1.39106450243303,0.238225412913368,0.999580718477448
LINC02591,0.500678536967427,4.39253604313469,1.39105129156568,0.238227641884328,0.999580718477448
STN1,-0.311727075069874,6.04537758818671,1.3904237645743,0.238333548985126,0.999580718477448
TNRC18,0.49153738312543,5.11109920013794,1.38934572461838,0.238515622138036,0.999580718477448
SCAF11,0.17474980535723,7.93199821617434,1.38892287809449,0.238587083951881,0.999580718477448
B2M,-0.0591703739803265,13.9518261120086,1.38791789099749,0.238757032877556,0.999580718477448
ADARB1,-0.394601190247681,5.58898415427789,1.38619505529814,0.23904871608296,0.999580718477448
ITPR3,-0.455123614169838,5.04725804910133,1.38574138789297,0.239125595810465,0.999580718477448
COG4,-0.454934042689634,4.98425365860523,1.38569907954508,0.239132767030167,0.999580718477448
DDI2,-0.493206108964772,5.16376224624971,1.38550432630103,0.239165780865136,0.999580718477448
MICU2,-0.368510700044424,5.8564123538485,1.38522633749396,0.239212914068788,0.999580718477448
PRKDC,-0.243260214154669,7.02637470811938,1.38417455826248,0.23939134612437,0.999580718477448
FASLG,-0.390484800662356,5.93363640778983,1.38052879953244,0.240011094085246,0.999580718477448
DIS3,-0.371762441095533,5.73936651498199,1.38031745172751,0.240047081166297,0.999580718477448
PRELID3B,0.365883735764936,6.00008849501726,1.37954262493911,0.240179070297236,0.999580718477448
NFXL1,0.679153560684544,4.2283621513778,1.37830951853341,0.240389307787707,0.999580718477448
LIPT1,-0.751927584888815,4.3708044958441,1.37790344891989,0.240458589267026,0.999580718477448
LIMS1,0.328849913877848,6.79024237560919,1.37784090178266,0.240469262890943,0.999580718477448
CALM1,-0.0994137921421669,10.677538775956,1.3775974540798,0.24051081255126,0.999580718477448
GPALPP1,0.411167438838969,5.41743225747477,1.37506894131571,0.240942875060697,0.999580718477448
PCBD1,-0.416486711736252,5.58606438037456,1.37451605435598,0.241037475998943,0.999580718477448
AMD1,0.305066351491338,7.04181578062317,1.37282094605698,0.241327796880543,0.999580718477448
DHX38,-0.362066799695402,5.66200586155221,1.37210534426245,0.241450485580712,0.999580718477448
MIS18BP1,-0.301211151223814,6.77512018807405,1.37164714530999,0.24152908286712,0.999580718477448
EXOSC3,-0.457383706746185,4.98198980804477,1.37083757469549,0.241668028918122,0.999580718477448
SF1,0.165510519444655,8.29484258120917,1.36617600727115,0.242469986657841,0.999580718477448
DHCR24,-0.791105897457518,4.17161160915175,1.36561053956406,0.242567487763578,0.999580718477448
TIGD5,-0.805132726199054,4.45123236605697,1.3653336010555,0.242615256473534,0.999580718477448
FAM114A2,-0.478992675596101,4.90553227765432,1.3635492093098,0.242923318521744,0.999580718477448
FAHD2A,0.525702471609585,4.5734776736616,1.36353654337985,0.24292550690395,0.999580718477448
RPS6KB2,0.436166251101205,5.65668775367315,1.3635224540032,0.242927941253322,0.999580718477448
MSI2,0.300087411377291,6.48785091398877,1.36257719402494,0.243091330315028,0.999580718477448
MAPK7,0.7119596430285,4.20379638314418,1.36252203022038,0.24310086956492,0.999580718477448
LINC-PINT,0.62160069757223,7.5916646214881,1.36239786246843,0.243122343052943,0.999580718477448
HCCS,0.531206114039951,4.5544994460286,1.36019213167858,0.243504186273575,0.999580718477448
LENG8,0.234573864799058,6.86532062319148,1.35828823729889,0.243834365409155,0.999580718477448
KDELR2,0.302681209678013,6.48492127942665,1.35782466388535,0.243914842351592,0.999580718477448
OSBPL3,0.491434796350402,5.17109984942364,1.3571934539114,0.244024473310053,0.999580718477448
GUK1,0.153136620053522,8.68633437587839,1.3568686055246,0.244080917643529,0.999580718477448
FAM227B,0.955593805065808,3.81184866908291,1.35639089600278,0.244163951439406,0.999580718477448
MEMO1,0.512867913080346,4.7885561427599,1.35495012080901,0.244414590723944,0.999580718477448
TLE3,-0.295294739260337,6.18878994204891,1.35406377387253,0.244568936860634,0.999580718477448
HUWE1,0.260078465023999,6.71732125936337,1.35294377001261,0.244764141557753,0.999580718477448
CENPQ,0.6752112139079,4.20469794431268,1.35252713238901,0.24483680556553,0.999580718477448
C19orf53,-0.209985422211754,8.0019949640015,1.35169317190732,0.244982332212983,0.999580718477448
ASH1L,0.209791251345392,7.14114056887099,1.35165503484712,0.244988989679323,0.999580718477448
NRBF2,0.35631327077026,5.87136248821482,1.35140617752475,0.245032437340824,0.999580718477448
RNF13,-0.398682018556483,5.91511164007334,1.35118325617059,0.245071364864761,0.999580718477448
ARID3A,0.6278388155183,4.39664407114761,1.35079517886743,0.245139150674714,0.999580718477448
EIF4E3,-0.382984993114811,6.17181505974613,1.35022292764491,0.245239148081197,0.999580718477448
MOV10,0.589576187845862,4.22567203806642,1.34911328432197,0.245433193455784,0.999580718477448
ZNF808,-0.660212887591038,4.51354775547171,1.34849797011235,0.245540875405966,0.999580718477448
MFAP1,0.383876182751299,5.86567756246628,1.34792189446717,0.245641742790254,0.999580718477448
ALOX5AP,-0.15232271528949,8.7091779914796,1.34765957787575,0.245687689620328,0.999580718477448
ABRACL,0.177628690067489,8.00559123109646,1.34698099951866,0.245806596715629,0.999580718477448
LAS1L,-0.481729600954051,5.00720270050391,1.34649291019494,0.245892167945849,0.999580718477448
KCTD13,0.613770427583905,4.75950535264575,1.3446316477574,0.246218816473766,0.999580718477448
DAPP1,-0.586376279683487,4.73489030684551,1.34423457142286,0.246288571343643,0.999580718477448
PSMC3,-0.261443620204775,6.36485938411454,1.34141114696096,0.246785262865346,0.999580718477448
ERLIN1,-0.944325943699216,4.16926211557489,1.34041452696802,0.246960878785107,0.999580718477448
COG8,-0.590051346006632,4.36302209154733,1.34003221679338,0.247028286797836,0.999580718477448
ARRDC2,-0.379169411017171,5.34444458809886,1.33903375674851,0.247204439040386,0.999580718477448
ACAT1,-0.353953153380386,5.72559842380907,1.33855748276819,0.247288519293337,0.999580718477448
ATP6V1H,-0.380796678717676,5.53624815556812,1.33843151409354,0.247310763347484,0.999580718477448
CREB1,-0.297002185371114,6.32226916833158,1.33812412256218,0.247365054053623,0.999580718477448
ENSA,0.23873818427207,7.26117541212791,1.33581504360498,0.247773344229667,0.999580718477448
GOSR2,0.392720561735694,5.37754542520462,1.33563843282898,0.247804606396722,0.999580718477448
CALHM2,-0.361585255711096,5.59517494470923,1.33483593467525,0.247946718753039,0.999580718477448
DNAJB12,0.444807354564217,5.02714001503269,1.33254885173396,0.248352280158077,0.999580718477448
MED4,0.239215593022758,6.92216062239421,1.33248108732459,0.248364308997457,0.999580718477448
SDHD,-0.414101421513903,6.33971989020569,1.33223573290489,0.248407867753237,0.999580718477448
MLST8,-0.636226622628633,4.32383874965843,1.33184278614471,0.248477648661607,0.999580718477448
CD81,0.340272733562157,8.06763689457813,1.33159177587952,0.248522236539031,0.999580718477448
AKAP13,0.205701726322313,8.49916028242271,1.33122718951184,0.248587016812274,0.999580718477448
BPNT1,0.61144684960629,4.49918711099418,1.33067968768453,0.248684336643292,0.999580718477448
DCAF8,0.400170743795689,5.47703888773403,1.33012026753809,0.248783823194386,0.999580718477448
INTS4,-0.542720016100442,4.5893383970542,1.32979538228725,0.248841622744319,0.999580718477448
ZNF136,-0.528321874709491,4.66516970076441,1.32932230754381,0.24892581575037,0.999580718477448
RHOH,-0.311319724086234,7.29376863774689,1.32570723150726,0.249570343916071,0.999580718477448
CCDC34,-0.549239741374956,4.47796637569796,1.32506831650901,0.249684468019408,0.999580718477448
POLG,-0.353941506263297,5.58672374166831,1.32436467979307,0.249810226871077,0.999580718477448
MTHFR,-0.49470094615576,4.86947925225649,1.3242655579041,0.249827948865398,0.999580718477448
UBL7,0.477512798173953,4.8496738091812,1.32369592588992,0.249929823218059,0.999580718477448
TADA2B,0.533504995424285,5.08497150726754,1.32330360462975,0.250000016517272,0.999580718477448
SNX3,-0.196039765264733,7.52417729176267,1.32299198300579,0.25005578843562,0.999580718477448
NMT2,-0.378457107099524,5.93566317047941,1.32264836638195,0.250117304292572,0.999580718477448
PLCG1,0.46547776153103,5.27067382219372,1.32260506506966,0.250125057613069,0.999580718477448
COPS6,-0.354464198102221,6.71190164627661,1.31774953314918,0.250996338812291,0.999580718477448
ZNF273,-0.651204403255488,4.11028302391752,1.31768255962512,0.251008382622312,0.999580718477448
FASTK,-0.375176164692159,5.54132737023753,1.31705664302655,0.251120975144767,0.999580718477448
CTDSPL2,-0.367654092964379,5.87598994330256,1.31629354859004,0.251258327682979,0.999580718477448
ALMS1,0.596634391794737,4.60753630080126,1.31589191264322,0.25133065685509,0.999580718477448
KIAA1143,-0.410936473161661,5.80813294497607,1.31579694790769,0.25134776244942,0.999580718477448
MBNL1-AS1,-0.700949458381932,4.2774107099667,1.31525261096646,0.25144583913648,0.999580718477448
CRAT,-0.666664353167983,4.08907542683215,1.3144305993788,0.251594035338186,0.999580718477448
PUDP,-0.726951040192224,3.93906358162829,1.31372675671845,0.251721012734596,0.999580718477448
SARAF,-0.181336298835862,8.98658436107233,1.31325656208071,0.251805882498203,0.999580718477448
SLC39A6,-0.454211056791539,5.0881751857974,1.31243180044248,0.251954836250484,0.999580718477448
TSPAN17,0.479615350469073,4.90522401540978,1.3122136292619,0.251994256545365,0.999580718477448
TLNRD1,-0.438617929981497,5.26733788346685,1.31210187946857,0.252014451009472,0.999580718477448
RPL27A,0.152890089728673,11.0944716824857,1.31171125919242,0.252085056179983,0.999580718477448
SLFN12,-0.688575465702125,4.02403753021396,1.31108633436524,0.252198062785858,0.999580718477448
RPSA,0.150353672416567,10.8304887671473,1.31107366225836,0.252200354956221,0.999580718477448
OAS3,-0.536149764024533,4.95353823387145,1.31065870479318,0.252275427908691,0.999580718477448
MRPS31,-0.442986930356472,6.43070456655329,1.31041946198624,0.252318723534495,0.999580718477448
ECH1,-0.268508147087076,7.25402654942528,1.31028464013181,0.252343126186889,0.999580718477448
MPC1,-0.241156900478143,6.47714381609456,1.31026811815409,0.252346116851705,0.999580718477448
ZNF197,0.623307288648036,4.17273826881189,1.30710642601682,0.252919221682031,0.999580718477448
ATG12,-0.30699351211594,6.79590962614365,1.3061933355597,0.253085030969424,0.999580718477448
SNAPC1,0.585772942493343,4.94016482479556,1.30556831699416,0.253198605983707,0.999580718477448
SLC25A4,-0.798300172016991,4.5818329023887,1.30477080223723,0.253343617124479,0.999580718477448
NDE1,-0.399179552244104,5.3346775419636,1.30419813842615,0.253447806911708,0.999580718477448
PLBD2,0.680069935121391,4.12208511332015,1.3031512347556,0.253638415661084,0.999580718477448
TMEM14B,-0.281016191201912,7.33899808516284,1.30282352822575,0.253698117119891,0.999580718477448
TSSC4,-0.288164803171196,6.15601993058797,1.30261242158239,0.253736585610867,0.999580718477448
TNFAIP8L1,0.666262521452337,4.42492334113764,1.30213717092005,0.253823213496755,0.999580718477448
FN3KRP,-0.53797152044072,4.80068512421294,1.30173234602516,0.253897033001847,0.999580718477448
SNX9,0.404131181906908,5.06229719540686,1.30157004620134,0.253926635668716,0.999580718477448
RNF121,-0.551843672195492,4.40409609370933,1.30063790408131,0.254096735966957,0.999580718477448
DHX57,-0.557231195282733,4.5757075453496,1.29841596968331,0.254502767780262,0.999580718477448
VPS4A,-0.352054827195979,5.72609620345589,1.29708989104554,0.254745473438797,0.999580718477448
PUS3,-0.552484847225953,4.31793772301599,1.29700785303484,0.254760497814415,0.999580718477448
ZNF25,-0.704039704238535,4.10673838583045,1.29529437106405,0.255074553171742,0.999580718477448
SUN1,-0.480715096160187,5.33756050916336,1.29407688979702,0.255297988995835,0.999580718477448
REXO1,-0.422242059649762,5.21220151009801,1.29390213138878,0.255330080976125,0.999580718477448
ZNF480,0.793436004022053,5.33357490513763,1.29347903015716,0.255407798295152,0.999580718477448
SAAL1,0.705144174050054,4.31590941481006,1.29333932172059,0.255433467031901,0.999580718477448
CRIPT,-0.354968848959328,5.91242368209008,1.29262832774224,0.255564147771049,0.999580718477448
LIG3,-0.516137538135348,4.75360796590702,1.29219132025858,0.255644510669313,0.999580718477448
SEPSECS,-0.836214803783025,3.82252491618903,1.29213149607538,0.25565551438032,0.999580718477448
MRPS18A,0.570167653042517,5.13915763456892,1.29181787504986,0.255713209555699,0.999580718477448
SUGP2,0.401164502050758,5.98748404008889,1.29161113189744,0.25575125176164,0.999580718477448
OXR1,0.478999402981771,5.16471523607424,1.29127454866235,0.255813200391354,0.999580718477448
ARID1A,0.293932939147724,6.95187712938447,1.29080400343409,0.255899835933962,0.999580718477448
GEMIN7,-0.445839935267767,4.72265437113419,1.28765984080929,0.256479660459774,0.999580718477448
FXYD5,-0.318980582449278,8.5086336652302,1.28635827979718,0.256720159507765,0.999580718477448
PIGU,-0.718034169022839,4.15843511777354,1.28440015669376,0.257082500897243,0.999580718477448
SCCPDH,-0.495538171062769,5.06000667544856,1.28372711278215,0.257207190237167,0.999580718477448
VWA8,-0.572274744761987,4.41188735758139,1.28299193478656,0.257343475980637,0.999580718477448
UBA7,-0.450228329479986,4.53341913160504,1.28228576730268,0.25747446778035,0.999580718477448
TESK1,-0.458014685403329,5.07720257075717,1.28215205221987,0.257499280768981,0.999580718477448
ZFAT,-0.637193652935777,4.25343205703036,1.28111734611544,0.257691387035143,0.999580718477448
YTHDF1,0.463123846741466,5.10627838749986,1.28068089251326,0.257772473240807,0.999580718477448
FAM200A,-0.696630700077062,4.02217674151131,1.27870397346499,0.25814014861872,0.999580718477448
DHRSX,-0.50715906402774,4.72233952805548,1.27838142960924,0.258200198092001,0.999580718477448
FANCL,-0.729878073899056,3.97566158455732,1.27834002566446,0.258207907704881,0.999580718477448
RPN2,-0.293467704217188,6.9982993927604,1.27831670727761,0.258212249825443,0.999580718477448
ZSWIM8,0.42292598859818,5.21299472573555,1.27828275677807,0.25821857191474,0.999580718477448
GCSH,-0.555056031677366,4.72642100642339,1.27542656231349,0.258751123647803,0.999580718477448
POMP,0.164009595781631,8.02434816800342,1.27406231163049,0.259005974143578,0.999580718477448
UNC93B1,-0.45588046567414,4.83306529766431,1.27362622578256,0.259087503145463,0.999580718477448
ADAT1,0.482061715706487,4.75685675774111,1.2732458729778,0.25915863841758,0.999580718477448
TALDO1,-0.229672248740979,6.93875114070647,1.27207730557808,0.259377340258327,0.999580718477448
FAM53C,-0.528997240499905,4.70351577262052,1.27180012363985,0.259429249408504,0.999580718477448
EIPR1,0.449260946819565,4.9858447522512,1.27008955936326,0.259749879297999,0.999580718477448
MRPL54,0.182276343090039,7.31137392882683,1.27004833348174,0.259757612767914,0.999580718477448
NOC3L,-0.408824207636823,5.34406674012428,1.26972321841053,0.259818610353969,0.999580718477448
UQCRC2,-0.243529447424915,6.45030031027501,1.26943696267401,0.259872331887393,0.999580718477448
LINC00426,-0.450696588945119,4.98473009970358,1.26933391207239,0.259891674729926,0.999580718477448
ZNF484,-0.885782740871415,3.94421739043856,1.26901283780648,0.259951952557676,0.999580718477448
HNRNPA2B1,-0.129867819529969,9.54477746471227,1.2688069611969,0.259990612517447,0.999580718477448
PIGH,-0.394853020997851,5.25440244401494,1.26861140984776,0.260027340167509,0.999580718477448
BBC3,0.552702448582028,5.63030961696229,1.26814685046408,0.260114617554353,0.999580718477448
FBXW5,0.336380404376335,6.54055137302791,1.26744596529036,0.260246362419825,0.999580718477448
CNOT3,-0.378773759583926,5.31235320735427,1.26732517808013,0.26026907504623,0.999580718477448
NMUR1,0.707408789334544,4.66074469897587,1.2669471985616,0.260340165545105,0.999580718477448
DESI1,0.387880684291353,5.60525752527574,1.26615330347143,0.260489559866323,0.999580718477448
TVP23C,0.678077994748564,4.19265019036131,1.26565169599101,0.260584006549657,0.999580718477448
MICAL1,-0.543458338394334,5.33819501036874,1.26560867268954,0.260592109296775,0.999580718477448
ANKRD13A,-0.3909065587641,5.40302229797619,1.2654750919089,0.260617269077633,0.999580718477448
ANKRD13D,-0.254042103161536,6.61684304390832,1.26542070170604,0.260627514269378,0.999580718477448
SLC25A12,-0.514694458559173,4.6055562627237,1.26479546006167,0.260745323528857,0.999580718477448
CARD8-AS1,0.50458058986305,4.88398798785714,1.26441046803712,0.260817897294738,0.999580718477448
MYPOP,0.850324684347204,3.80259581473638,1.26438697378558,0.260822326940146,0.999580718477448
PYM1,-0.387437753651584,5.43350406543698,1.26349169787166,0.260991193216952,0.999580718477448
FBXO2,-0.407254933739324,5.08653551248364,1.26241561851958,0.261194341790637,0.999580718477448
BET1,-0.423215932258352,5.07842545756669,1.26218872219867,0.261237201618531,0.999580718477448
NT5C,0.259203508832897,6.80881350297579,1.26119339356598,0.261425318312984,0.999580718477448
MRPS26,-0.395595689012569,6.13111196610464,1.26076055326495,0.261507177327379,0.999580718477448
METTL3,0.527340769577332,4.67800933256438,1.26071495213726,0.261515803289465,0.999580718477448
FAHD2B,-0.556361119242034,4.2398978731025,1.26070260240212,0.261518139440347,0.999580718477448
DCPS,0.425358654601608,5.2831791459812,1.26026347797256,0.261601223699291,0.999580718477448
RUNX3,-0.226542755244452,8.18934860291856,1.2587295718947,0.261891702337305,0.999580718477448
COX8A,0.141833602078302,8.56633690114299,1.25865421760062,0.261905982622525,0.999580718477448
FOXP4,-0.759978690463378,4.36154978460829,1.25781704601581,0.262064698791966,0.999580718477448
CAPRIN1,0.408188609560338,6.37362638714651,1.25744382519102,0.262135494745929,0.999580718477448
TMEM161B,-0.378961514229221,5.3889938082345,1.25586685001302,0.262434891883797,0.999580718477448
TMEM186,-0.552147817286871,4.25396623384631,1.25571368078229,0.262463994474405,0.999580718477448
SNX15,0.672931174200184,4.38975963638661,1.25256252967387,0.263063611818674,0.999580718477448
MBOAT7,0.484862897563705,4.96420717387859,1.25206717065548,0.263158025876826,0.999580718477448
PIK3R2,-0.810935729188615,3.7554808956161,1.25132351886573,0.26329984284463,0.999580718477448
DDX31,0.690644561921278,3.99888752863843,1.25091597713491,0.263377602712474,0.999580718477448
ZNF880,-0.658768587280774,5.04301823721686,1.25003420931236,0.263545943590835,0.999580718477448
C12orf4,-0.690859129707034,4.0858796827981,1.24919122790083,0.263707004596315,0.999580718477448
THOC5,0.503722092986274,4.77007702444778,1.24901299261118,0.263741074092771,0.999580718477448
C21orf91,-0.327010888691952,6.06046013189511,1.2482597431141,0.263885117370597,0.999580718477448
SLC9A1,0.587505572862865,4.26528557446668,1.24726424648566,0.264075635333129,0.999580718477448
GPSM3,0.181048959257489,7.96152098914357,1.24709095719297,0.264108816867826,0.999580718477448
LARP4B,0.375869098262859,5.42368521478578,1.24657019606443,0.264208563694758,0.999580718477448
XRCC5,-0.184523594395502,8.04212718902151,1.24627182373441,0.264265735163517,0.999580718477448
TRIM22,0.31290993279323,7.27559103551772,1.24607691699535,0.264303089771948,0.999580718477448
MACF1,0.231804754444743,7.940585860358,1.24588187165265,0.264340477513632,0.999580718477448
C22orf39,0.318344584396932,5.78866621272769,1.24555383352566,0.264403373126401,0.999580718477448
TRIB1,0.59795936945233,4.68593887327233,1.24531614271491,0.264448957832218,0.999580718477448
HSP90AA1,-0.193885185573478,10.0041454296564,1.24514384324299,0.264482007794573,0.999580718477448
AP2A2,0.457725467327781,5.45707206602149,1.2448237940457,0.264543412288377,0.999580718477448
STK38L,-0.541987929329586,4.53417483093558,1.24325248433606,0.264845140288135,0.999580718477448
SNRPN,-0.277081742523732,6.99784722960172,1.2432031095485,0.264854628327198,0.999580718477448
INPP5F,0.648248705306315,4.23994183073148,1.24186440428817,0.265112039976562,0.999580718477448
ZBTB20,-0.284180272117883,6.59729432271124,1.24124004357319,0.265232200969137,0.999580718477448
ACTR8,-0.628534251886254,4.37103942125529,1.24061886405915,0.26535181696075,0.999580718477448
DDIT3,-0.331326762909109,6.34758435695305,1.23997238613988,0.265476375753853,0.999580718477448
NIP7,0.412122943983489,5.60207883958088,1.23926250030756,0.265613235344908,0.999580718477448
SPSB1,-0.66720090636119,4.10984331594408,1.23682647497638,0.266083547191814,0.999580718477448
FAM89B,0.268596010229705,6.90729386383934,1.23652734435272,0.266141370354118,0.999580718477448
PI4KA,0.388755706560931,5.36891318283319,1.23550421183167,0.266339264320646,0.999580718477448
RAB1A,-0.304513601972186,6.12205478277554,1.23505330738037,0.26642653628097,0.999580718477448
CBX5,-0.392710329281521,6.04775383726221,1.23429403411214,0.266573573104894,0.999580718477448
GTF2B,-0.407635911100207,6.02309550866299,1.23420175829481,0.266591449635776,0.999580718477448
TP53INP1,-0.434815876574212,5.33675662672694,1.23349942469988,0.266727561185958,0.999580718477448
USP38,-0.466442392777857,4.86572301337258,1.23349821238666,0.266727796205878,0.999580718477448
A1BG-AS1,0.703177226279522,4.05594876985138,1.23284062020516,0.266855315531336,0.999580718477448
OARD1,0.291473672241175,6.18479047408797,1.23257622520973,0.266906608033223,0.999580718477448
SEC13,0.42970260315505,5.34093695945958,1.23229087665336,0.266961979298248,0.999580718477448
FADD,-0.451481318115608,4.81423490136652,1.23183387757997,0.267050688790978,0.999580718477448
RAB4A,0.326076223488232,6.02597108966871,1.22932500759497,0.267538348184517,0.999580718477448
ASAP1,0.316020878696899,5.94116940121129,1.22915885636626,0.267570682855517,0.999580718477448
NSA2,0.228032678761776,8.49983624723094,1.22871232348405,0.267657606711172,0.999580718477448
XRN2,-0.245091918311271,7.24893783509004,1.22859897938581,0.267679676323353,0.999580718477448
KDM6B,0.349909749969303,5.5188301008799,1.22779907960083,0.267835492037208,0.999580718477448
TRGV9,0.629346785972786,4.27052885765456,1.22735596162551,0.267921857459828,0.999580718477448
KIF21A,-0.455692917342059,6.16841335788395,1.22651912318514,0.268085055286919,0.999580718477448
CES2,0.611793689241923,4.70181361104264,1.22554613833491,0.268274959913838,0.999580718477448
MAP3K6,-0.658675404217766,3.93929966350759,1.22473062599716,0.268434258757413,0.999580718477448
RNF181,-0.292287230156454,6.74269637559302,1.2246702960856,0.268446048042986,0.999580718477448
FAM91A1,0.397514623852947,5.41272428039575,1.22458185749091,0.268463331315337,0.999580718477448
HMGXB3,0.405290335427815,5.63513366299574,1.22437382465083,0.268503991983872,0.999580718477448
BUD23,0.343696940110819,6.05481413705014,1.2237870968127,0.268618711178628,0.999580718477448
SIRT1,-0.461286930814011,4.8717603469332,1.22236130134896,0.268897743008353,0.999580718477448
DLGAP1-AS1,0.376928927051478,5.41881410556982,1.22192091377592,0.268984001106758,0.999580718477448
ZFPL1,0.469618854179584,5.01112864396495,1.22067221940945,0.269228769030024,0.999580718477448
CDK7,-0.546656313657615,4.46201144305416,1.22057199546882,0.269248426888399,0.999580718477448
SLC25A20,0.485373084321566,5.00233553362396,1.22041498839812,0.26927922575601,0.999580718477448
MSC,-0.496816765374958,4.99480909463812,1.21870812576593,0.269614331913127,0.999580718477448
HDAC1,0.310389254766901,6.64226701358343,1.21799474383074,0.269754543608958,0.999580718477448
MRPS15,-0.260780212814299,6.39854127196092,1.21734198993556,0.269882918979062,0.999580718477448
ANKRD28,-0.437602848240315,7.97508061327154,1.21709804852731,0.269930913878018,0.999580718477448
CSNK1D,0.269643564155793,6.21454438054102,1.21698299172007,0.269953554735687,0.999580718477448
LRIG1,0.71308606836899,3.94725509310229,1.21649239863173,0.270050120188513,0.999580718477448
MUTYH,0.702912618315759,4.09142150749142,1.21489971834321,0.270363911688609,0.999580718477448
MVD,-0.474810876512065,5.34067177707586,1.21413064771756,0.270515597935886,0.999580718477448
RSAD1,-0.441999739834777,4.84741760019696,1.21373591618385,0.270593493408931,0.999580718477448
PALB2,0.746152690732647,3.86729265215063,1.21367553257012,0.270605411854481,0.999580718477448
CD74,0.888070546705488,7.39702987213891,1.21256149097951,0.270825417864113,0.999580718477448
PDCL3,-0.281074361800858,6.19263611326721,1.20880526577517,0.271568865086048,0.999580718477448
JUND,0.339142464254114,10.5453958279417,1.20842675852802,0.271643922304157,0.999580718477448
THEM6,-0.436681345195346,4.81096344210385,1.20789136890359,0.271750133318617,0.999580718477448
STYK1,-0.622113773053881,4.25026258854946,1.20772055923131,0.271784029611869,0.999580718477448
NUCB1,-0.279931036524528,6.31629362596495,1.20771996345508,0.271784147849832,0.999580718477448
TXNRD2,-0.600691935063216,4.28617950143327,1.20679165022845,0.271968459464358,0.999580718477448
DPF3,-0.662178972696787,4.74510188335641,1.20547637811945,0.272229867695002,0.999580718477448
PPM1N,-0.596420679580037,4.24576434467604,1.20540515330392,0.272244032491042,0.999580718477448
FARS2,-0.515984415319891,4.5911763524413,1.20493070445789,0.27233841179968,0.999580718477448
APOBEC3D,0.380409084144003,5.62184674834752,1.20492206570058,0.272340130636474,0.999580718477448
CAMK2N1,-0.629996394668852,4.32647995504631,1.20484188025056,0.272356085628351,0.999580718477448
COMMD8,-0.333393167394692,6.83139973104975,1.20480741420087,0.272362943909839,0.999580718477448
GTF3C2,0.545601948690634,4.62952624559204,1.20372322877035,0.272578792728288,0.999580718477448
RICTOR,0.21251329487434,7.12186336643297,1.20350601524947,0.272622063197065,0.999580718477448
USP28,0.508683749135357,5.27881306641601,1.20335009290087,0.272653129336471,0.999580718477448
ZHX1,-0.468639639890004,4.98535703457291,1.2025980021205,0.272803039030708,0.999580718477448
CCDC6,0.416610912834353,5.35737248816339,1.20227195618404,0.272868059877491,0.999580718477448
CLU,-0.580606838986485,4.80368435815199,1.20226490594197,0.272869466067798,0.999580718477448
ZNF644,-0.281269224273796,6.64899068892805,1.20184045361671,0.272954140991387,0.999580718477448
RXYLT1,-0.439842398231757,5.02766190553091,1.20180509324925,0.272961196594145,0.999580718477448
TGFBR1,-0.461684382236645,5.72968651884967,1.20165203929783,0.272991738728106,0.999580718477448
AHNAK,-0.291499722374341,9.11919940517879,1.20158634379584,0.273004849672675,0.999580718477448
GNL3,0.324379429712876,5.64685863000543,1.20137587330516,0.273046858881197,0.999580718477448
HCST,0.17229696202517,9.92628412135301,1.20086686954116,0.2731484878283,0.999580718477448
CHTOP,-0.312544822871101,5.96608737513172,1.19956978333436,0.273407681693438,0.999580718477448
DERL2,-0.245755161759446,6.28885505891166,1.1994956546339,0.273422503979236,0.999580718477448
FAS,0.453199643544129,5.19386822124923,1.19920214492236,0.273481202136601,0.999580718477448
MX1,-0.604568156918409,6.79259139884645,1.19880641583883,0.273560367862866,0.999580718477448
SLC38A1,-0.193256722261899,7.69196292124297,1.19860209712839,0.2736012531319,0.999580718477448
ATP5MC2,0.145434123638966,9.12987226324984,1.19735250282273,0.273851470457029,0.999580718477448
WRAP73,0.380431070928576,5.27899664137318,1.19535405909542,0.274252233383349,0.999580718477448
TMEM106C,-0.400061877095179,5.22196760078668,1.19454462947152,0.274414763734632,0.999580718477448
LUZP1,0.390342280995526,5.67867567720729,1.19427119963503,0.274469694702435,0.999580718477448
DRG2,0.393970941573694,5.18073049893728,1.19412084560645,0.274499906109581,0.999580718477448
EAPP,0.245144685382666,6.69965120785087,1.1940303341663,0.274518095050452,0.999580718477448
RYBP,-0.412296341314863,5.37976065412515,1.19357492318985,0.27460963619786,0.999580718477448
ARHGAP21,-0.620401693849649,4.78499585510417,1.19267629027233,0.27479038082218,0.999580718477448
ELF1,-0.221134563496676,8.12733022298313,1.19219436449112,0.274887373460424,0.999580718477448
YIPF2,-0.431049017189361,4.84903797775593,1.1917444409608,0.274977964106317,0.999580718477448
ABAT,-0.519147790218412,4.56527319660144,1.19097654389657,0.275132664295537,0.999580718477448
CCDC91,-0.267676809934005,6.50022233068578,1.19059991223841,0.275208580283205,0.999580718477448
BAG6,0.401926559017371,5.47108220970559,1.1887262442873,0.275586638536625,0.999580718477448
CCDC61,-0.567312468161417,4.19247570082553,1.18868676579145,0.275594611302405,0.999580718477448
LENG9,-0.475933774720229,5.00908735431261,1.18776684932147,0.275780472457827,0.999580718477448
PCMTD2,-0.427237636643726,5.15650548381923,1.18691702823393,0.27595231142549,0.999580718477448
LYRM1,-0.480402704865669,5.28765345634241,1.18665272452524,0.276005782666207,0.999580718477448
CDC27,-0.377368554130659,5.42536725928337,1.18572351384581,0.276193874532176,0.999580718477448
BAG4,-0.580784258640011,4.65205419720201,1.18571511384393,0.276195575604678,0.999580718477448
NOM1,0.408451007395965,5.31050877834361,1.1847909499005,0.276382807201686,0.999580718477448
SEC24C,-0.526600905208664,5.08140735919169,1.18459559688027,0.276422405302742,0.999580718477448
ZDHHC5,-0.345470327255895,5.60457467152401,1.18434277431968,0.276473663082852,0.999580718477448
SUPT4H1,-0.258141064973914,6.85589457172278,1.18407816853922,0.27652732261844,0.999580718477448
RNF138,0.4383484625438,5.046344064691,1.1839625842035,0.276550766131994,0.999580718477448
DR1,0.255107283020552,6.70554279499103,1.18319190342879,0.276707144172842,0.999580718477448
IFI44,-0.703037164605022,5.61878276103372,1.18009798075685,0.277336049525809,0.999580718477448
DDX41,-0.453179958248895,4.75016764878196,1.18006779774342,0.277342193716169,0.999580718477448
C8orf76,0.411203704574645,5.13981680225562,1.17963580736707,0.277430150400187,0.999580718477448
GABARAPL1,-0.411045025240443,6.77375073368844,1.17955047922282,0.277447528042358,0.999580718477448
ACTR10,-0.374993771620022,6.17063238681979,1.17939132621176,0.277479944268836,0.999580718477448
MIER3,-0.532655182828185,4.58152029971307,1.17856109102805,0.277649123584327,0.999580718477448
ZC3H4,-0.477247519099993,5.48465796651755,1.17855662550828,0.277650033886627,0.999580718477448
USP15,0.308489776244351,7.43753329254315,1.17792916284239,0.277777980370827,0.999580718477448
KIF3B,0.39476951012999,5.15452343392764,1.17753291784105,0.277858817291051,0.999580718477448
ANKRA2,-0.433985930142006,4.86704219366643,1.17715046513714,0.277936868573467,0.999580718477448
CETN3,0.487122041233626,4.64024135916832,1.17709801855401,0.277947574070417,0.999580718477448
IMP3,-0.218063607203482,6.90844783672762,1.1769859285092,0.27797045584573,0.999580718477448
POGLUT1,0.628128056089067,5.05815877433428,1.17696018941766,0.277975710492983,0.999580718477448
ZNF791,-0.303422813861854,6.60776903831751,1.17651615744473,0.278066379517727,0.999580718477448
NEK4,-0.589641435741114,4.2807028670725,1.17626876849737,0.278116911212656,0.999580718477448
SGCB,0.614839622510488,4.44700289694353,1.17449072578862,0.278480434932156,0.999580718477448
PCCA,-0.599256515652204,4.0456873520067,1.17373378326607,0.278635374711997,0.999580718477448
NTHL1,-0.536352481449096,4.48426561134835,1.1730962828542,0.278765949967303,0.999580718477448
PPAT,0.632209905204267,4.25593939662593,1.17278230394735,0.278830288661458,0.999580718477448
DNAJB2,-0.380790919465134,5.40903892146508,1.17272110879104,0.278842830588792,0.999580718477448
PRRC2B,0.224323762623017,6.99539714725948,1.17244101442292,0.278900244913874,0.999580718477448
PLOD3,-0.544352507232742,5.01557865167905,1.17217305586303,0.278955185562025,0.999580718477448
OIP5-AS1,-0.831905226338457,6.8248797428748,1.17175891194115,0.279040126035662,0.999580718477448
TTC5,-0.47962357479528,4.93120471280095,1.17124802088069,0.279144954166144,0.999580718477448
TMED1,0.45280620161201,4.65942711415799,1.16951291535654,0.279501345883844,0.999580718477448
PRCC,0.416166385193975,5.10477791149229,1.16889730491315,0.279627930531401,0.999580718477448
AP3M2,-0.359422505625616,5.72509941451764,1.16886581780845,0.27963440699806,0.999580718477448
ABCB7,-0.573798596208114,4.60538357840264,1.1686174295737,0.279685503693445,0.999580718477448
KBTBD3,0.532195378814248,4.91225151103711,1.16861678778984,0.279685635732,0.999580718477448
ITGA4,-0.292898788370507,8.16566821824904,1.16795458406697,0.279821917309616,0.999580718477448
CD58,-0.405243384721149,6.34094163322525,1.16696352532308,0.28002603382409,0.999580718477448
OGFRL1,-0.491357937865952,4.75517414813231,1.16671020717256,0.280078236876597,0.999580718477448
PELP1,0.413581968655916,5.10711712205853,1.16670352710866,0.28007961365051,0.999580718477448
PSMA3-AS1,0.291185703385731,7.51144124368693,1.16569904143345,0.280286737298744,0.999580718477448
DNAJC15,0.650855242182007,6.46157745457832,1.16508087031667,0.280414299479388,0.999580718477448
MIA3,0.274599076065908,6.21191850746871,1.16359490888005,0.280721233747427,0.999580718477448
TMBIM6,-0.123620290820954,8.50453487053723,1.16231330684309,0.280986297124655,0.999580718477448
ITPRIPL1,-0.477535057391422,4.92685995407119,1.16141291211452,0.281172707541586,0.999580718477448
SLC2A4RG,0.223710820846115,6.61801815646239,1.16113695840792,0.281229870029821,0.999580718477448
SRP68,-0.369172586028562,5.27223053778201,1.16099792909273,0.281258674847722,0.999580718477448
LIME1,0.512250034623861,7.74918120850441,1.16089922338785,0.281279127472384,0.999580718477448
SNX17,-0.223804236580477,6.49406280125185,1.16036314452135,0.281390240193131,0.999580718477448
NBAS,0.41088085345952,5.01651119821091,1.16002697096629,0.281459946962265,0.999580718477448
JAKMIP1,0.409462947172384,5.3546317761789,1.1595409698969,0.281560759571593,0.999580718477448
DNAJC1,-0.20697172551911,6.79347771934004,1.15952118890957,0.281564863765385,0.999580718477448
MOSMO,-0.492429051588751,4.86616979162519,1.15909401255645,0.281653513509255,0.999580718477448
POC1B-AS1,-0.554814722269201,4.36726471826419,1.15844209156358,0.281788871375529,0.999580718477448
PDXDC1,-0.45375305627583,5.64970091866832,1.15825778927523,0.28182715282825,0.999580718477448
ANKRD10,0.293048723851866,6.23106178366003,1.15706792771177,0.282074457424261,0.999580718477448
DAD1,-0.197926592706243,8.3140185564373,1.15562331531042,0.282375079147598,0.999580718477448
GMNN,-0.505772026164506,4.70631538272719,1.155147600093,0.282474163460503,0.999580718477448
DMAP1,0.40507847892251,5.17444042732499,1.15383039419179,0.282748747173329,0.999580718477448
SMPD1,-0.443545143102336,4.88681124255205,1.15357168637859,0.282802716869408,0.999580718477448
TMEM101,-0.434704991306991,4.99965566784583,1.15309963710922,0.282901225863271,0.999580718477448
CCNYL1,0.681501775840102,4.04959680702788,1.15306384310938,0.282908697258863,0.999580718477448
PCSK7,0.335083388865166,7.56348634175407,1.15232646889294,0.283062667297566,0.999580718477448
RBFA,0.488757392690915,4.83342109005613,1.15170555515966,0.283192401648652,0.999580718477448
HLA-A,-0.114015255526186,11.5911603133273,1.15158950080284,0.283216658512026,0.999580718477448
SF3A1,0.271553306520053,6.17410510018764,1.15149183096383,0.283237074811136,0.999580718477448
LYPLAL1,-0.545532520236918,4.6478528386177,1.14968898421637,0.28361426556923,0.999580718477448
YBX3,0.489156058765041,5.60035224454438,1.14932472408606,0.283690553121939,0.999580718477448
SMURF2,-0.327687601337012,6.16517487273985,1.14911525095921,0.283734435165829,0.999580718477448
MED10,-0.185042381613801,7.23020716834757,1.14826676721186,0.283912270033364,0.999580718477448
LRP5L,-0.738652669414747,3.87216922564053,1.14664378998957,0.284252825548969,0.999580718477448
ATXN7L1,0.528560855782919,4.60113215350388,1.14630228964844,0.284324549768256,0.999580718477448
MPDU1,0.476677729732417,4.93088981513056,1.1461068341219,0.284365610983343,0.999580718477448
ZBTB11,0.457193414562581,5.94497732852145,1.14587630615152,0.284414049861305,0.999580718477448
NDUFA5,-0.235767197904062,6.83335514645629,1.14394700120814,0.284819848544096,0.999580718477448
BMT2,0.61625371493224,4.26671595327482,1.14390239130947,0.284829240206933,0.999580718477448
ETFRF1,-0.486655328601713,5.10599262985315,1.14158131481844,0.285318435572775,0.999580718477448
ELAVL1,-0.283957704953825,5.94630446161321,1.14071118270497,0.285502101192029,0.999580718477448
KCTD17,0.477043148379314,4.81298225489815,1.14060672841461,0.28552415926132,0.999580718477448
HMGA1,0.234689993923686,6.58751495125474,1.14041315836566,0.285565042011314,0.999580718477448
VPS25,0.442087858027646,5.41669710560748,1.14037571118007,0.285572951860429,0.999580718477448
TMA16,-0.449446128428267,5.36790215786247,1.14033729535285,0.285581066601469,0.999580718477448
CA5B,-0.486095836395968,5.52851149612466,1.13790884308945,0.286094633491494,0.999580718477448
MTHFD1L,-0.551597282404171,4.46273121991756,1.13761679545019,0.286156474397268,0.999580718477448
TMEM50B,0.275996388471197,6.15694978486991,1.1375394868219,0.286172847291623,0.999580718477448
XIAP,0.276395765121159,6.46060270176849,1.1372920223254,0.286225264833942,0.999580718477448
UBE2I,0.152221760368474,7.6437967056254,1.13688027410659,0.28631250771409,0.999580718477448
SSU72,-0.170178806414456,7.50391577294453,1.13614358187627,0.286468685312141,0.999580718477448
SEPTIN1,0.555412756244414,7.13242841005977,1.1359884858067,0.286501579219575,0.999580718477448
CWF19L1,-0.64287568246074,4.67261747224962,1.13558007937129,0.286588219988104,0.999580718477448
GBP5,-0.351750713056689,7.20052945627067,1.13467742148393,0.286779831072121,0.999580718477448
HIVEP1,0.568764831504868,4.63149410994096,1.13452758397172,0.286811653473439,0.999580718477448
OBI1,-0.646863037871184,4.78121785982784,1.13433939916117,0.286851626405946,0.999580718477448
GNB2,-0.23431486904768,7.20941003260924,1.13420120723285,0.28688098469861,0.999580718477448
EEFSEC,-0.500069081684925,4.62050579269193,1.1339974040232,0.286924288797779,0.999580718477448
RPS19BP1,-0.181543178275346,7.46355127017846,1.13357701277625,0.287013639751865,0.999580718477448
WDR43,0.334095689691322,5.90278771278025,1.13344760376264,0.287041151767057,0.999580718477448
RPL7L1,-0.345249569084118,6.52865429770513,1.13342018450267,0.28704698145965,0.999580718477448
AKAP7,-0.53927402305446,5.10893494210031,1.13296567155444,0.287143638765327,0.999580718477448
RARS2,-0.38608509963987,5.30380285575993,1.13285886963798,0.28716635739842,0.999580718477448
CAAP1,-0.441273427551232,5.16893108051845,1.13220873579822,0.287304701507296,0.999580718477448
ENTPD1,-0.481975987300507,5.71430251046059,1.13109690444554,0.287541488105554,0.999580718477448
ALG1,0.569451133326618,4.22420450192384,1.13023837212653,0.287724499399808,0.999580718477448
ITGB1BP1,-0.243990341966208,6.74196730058016,1.1293178352592,0.28792089262275,0.999580718477448
FBH1,-0.454032758842561,4.90165232933277,1.12923684409698,0.287938179953123,0.999580718477448
TMEM140,0.523886110282928,4.60937629385182,1.12890607276811,0.288008795846821,0.999580718477448
HIVEP2,-0.403879331076123,5.53817054766782,1.12880536893577,0.288030299336255,0.999580718477448
GPR132,-0.500329448320429,4.777701662787,1.1286583502308,0.288061696199282,0.999580718477448
NPRL2,0.404350212843186,5.11532631615062,1.12824144391717,0.288150753108723,0.999580718477448
EMD,-0.272172660230375,6.0417131661401,1.12782585272793,0.288239563949151,0.999580718477448
TMEM38B,-0.552616370363468,4.19739405615505,1.12680581662611,0.288457690888722,0.999580718477448
PDXP,-1.04376925444087,3.77980438419939,1.12532195080421,0.288775379443192,0.999580718477448
ZNF383,0.54275602216565,4.3986937716142,1.12419233778297,0.289017522764281,0.999580718477448
LSM7,0.199835829003361,7.85511243219157,1.12386603949897,0.289087516025071,0.999580718477448
DUSP10,0.48184246143016,4.81771388481096,1.12305431076209,0.289261731160963,0.999580718477448
AKT3,-0.392904233286791,5.32866167529309,1.12210950611434,0.289464675772234,0.999580718477448
RIN3,-0.383906903117174,5.68757735916502,1.12131305071092,0.289635895771606,0.999580718477448
CAMLG,-0.201389251407512,6.95668141220825,1.120975588141,0.289708481547237,0.999580718477448
GFI1,-0.452300977923834,5.20508395855622,1.1209645642261,0.289710853103045,0.999580718477448
HSP90B1,-0.158748937230802,8.74875292972411,1.11979076239964,0.289963512665496,0.999580718477448
TXNDC12,-0.273231435541528,6.39557267916501,1.11976517115204,0.289969024280448,0.999580718477448
ING3,-0.406738733532977,5.41130775197187,1.11798169156049,0.29035346335688,0.999580718477448
SPEF2,-1.32916523294035,4.22359510121111,1.11791142941774,0.290368622055651,0.999580718477448
SMIM29,0.321863605572319,6.34817285818848,1.11772536144189,0.290408770146033,0.999580718477448
TRAFD1,0.378353181113994,5.3082124033434,1.11750912368796,0.290455436894391,0.999580718477448
ARL17B,-0.499631849304491,4.61566894909099,1.11747850560683,0.290462045422974,0.999580718477448
KLHL21,-0.535265886942858,4.31290682935533,1.11739479982505,0.290480113244028,0.999580718477448
MRPS7,-0.29721805485092,5.89863967630293,1.11722432862193,0.290516913737761,0.999580718477448
ZBTB40,0.497633146971834,4.67671100480118,1.11643739977103,0.290686869190945,0.999580718477448
CCDC186,-0.340922938797826,6.93994461966248,1.11637259771639,0.290700870340367,0.999580718477448
YIF1B,0.443756125096026,4.80443698623709,1.1159347580325,0.290795492640944,0.999580718477448
ATAD5,0.530799740828873,4.37713160468194,1.11536886169928,0.290917847692321,0.999580718477448
SLC35F6,-0.513339492861388,4.89724963846968,1.11515400558956,0.290964319919813,0.999580718477448
SLC46A3,0.472822098811486,4.77743506340341,1.11493861520365,0.291010917214017,0.999580718477448
ARSB,-0.63027639220972,4.23054514890092,1.11338176504516,0.291348007555147,0.999580718477448
JAG2,-0.615876975729285,4.53424603795093,1.11274595662571,0.291485816549167,0.999580718477448
POLD1,-0.812103626397957,3.75292383608856,1.11162958943977,0.291727986131811,0.999580718477448
LYSMD2,-0.250362842112583,6.27414414112585,1.11093087448057,0.291879686588431,0.999580718477448
GAR1,0.332136806981573,5.3771182560688,1.11026388390294,0.292024593231732,0.999580718477448
GPM6B,-0.543751708040832,4.26111388160175,1.10889759040561,0.29232171348834,0.999580718477448
GOLGA8B,-0.315513029883969,5.92031711882117,1.10786298245124,0.292546960888375,0.999580718477448
PPA1,-0.26405185218209,7.36392253295959,1.10535318506633,0.293094298215066,0.999580718477448
SF3A3,-0.293265654544459,5.84859062904863,1.1051599075633,0.293136502487275,0.999580718477448
ARHGEF18,0.804422182135771,3.9738764618233,1.10495781038285,0.29318064094293,0.999580718477448
GTF3C1,0.424428866148872,5.18603196940248,1.10463861648596,0.293250370881345,0.999580718477448
NDUFB11,0.211951337065809,8.04125056117138,1.10365338119036,0.293465735592061,0.999580718477448
GBA2,0.523680368726084,4.52407099138705,1.10229806336817,0.293762328080226,0.999580718477448
TRAF7,0.494367885274412,4.89377130332888,1.10147393374822,0.293942864891998,0.999580718477448
VPS39,-0.513847159565743,4.72960164820796,1.10056323161744,0.294142531742001,0.999580718477448
NAXE,0.327305353136467,5.76007317013922,1.09982327690978,0.294304890902817,0.999580718477448
MIIP,-0.331310042096435,5.58109084279907,1.09893373494154,0.294500224027473,0.999580718477448
PABPC4,-0.339211800722854,6.05225937888299,1.09847055452768,0.294601998798017,0.999580718477448
NMRK1,0.255499548692777,6.4809020333637,1.0983575734477,0.294626830995994,0.999580718477448
CAND1,0.288361633889077,6.16454741256918,1.09726815093723,0.294866413581621,0.999580718477448
NME3,-0.209510967432336,6.85775270632216,1.09671875361189,0.294987330061272,0.999580718477448
MCCC1,-0.560034751579795,4.27628384121927,1.09636046889191,0.295066218914375,0.999580718477448
ZNF562,0.452006062472782,5.02655993460363,1.09554691102279,0.2952454523833,0.999580718477448
TMEM131,-0.41752281686074,5.23877222502265,1.0953906965184,0.295279883680591,0.999580718477448
MAPK1,0.319499774501316,6.91831749485363,1.09472264250375,0.295427187776532,0.999580718477448
SNHG25,0.516557853130666,5.14551239042266,1.09469389119795,0.295433529474598,0.999580718477448
NDRG3,0.442055780806896,5.01231306660544,1.09386117380494,0.295617278324797,0.999580718477448
SLC2A1,-0.447630504207909,5.03164674511199,1.09343635536085,0.295711075916761,0.999580718477448
ANP32E,0.309505370994352,7.42690397317566,1.0932485208003,0.295752560924282,0.999580718477448
PIP4K2B,0.471403132229991,4.88369720888232,1.09205608857854,0.296016094756129,0.999580718477448
TRAPPC8,-0.428752341242684,4.96352585855217,1.09197824109828,0.296033309928643,0.999580718477448
CYC1,-0.28652160702831,6.12336707711511,1.0918374155807,0.296064455310527,0.999580718477448
EXOC4,-0.444718593548717,5.27950251911237,1.09175823033585,0.296081969995609,0.999580718477448
DHX8,0.434390177768,5.25155970338034,1.09156385476753,0.296124968827075,0.999580718477448
KRBOX4,0.586329744506978,4.30531873047772,1.08977157777399,0.296521825383088,0.999580718477448
FBXO22,-0.376512617174031,5.43458000749659,1.08917005393809,0.296655171242149,0.999580718477448
HDAC5,-0.429172459210055,4.93553890789576,1.08860667391272,0.296780131161483,0.999580718477448
DIP2B,-0.569525767057791,4.31667407519037,1.08799897659902,0.296914996565343,0.999580718477448
TTL,0.51269259074828,5.03342233686432,1.08747224119629,0.297031957847938,0.999580718477448
CSE1L,0.448641861271262,4.87277404342648,1.08706095282698,0.297123325304139,0.999580718477448
ZBTB14,0.417368404694868,4.85295460919453,1.08700225836846,0.297136367183139,0.999580718477448
AKR1A1,-0.263993529162411,6.1622041400275,1.08668061436866,0.297207849366526,0.999580718477448
TSPYL2,0.582688509830933,6.36919748272105,1.08652656945927,0.297242092135621,0.999580718477448
PAF1,0.426240032020541,5.13312592099727,1.08640616113321,0.29726886132797,0.999580718477448
M6PR,-0.182207918972061,7.11140551070177,1.08596640155619,0.297366655025292,0.999580718477448
KLRC3,0.544588976933547,6.31498057279276,1.08586276193612,0.297389708409619,0.999580718477448
SEC31B,0.543465975329875,4.42218066166239,1.08580740373445,0.297402023114606,0.999580718477448
TRIM52-AS1,0.546218785004831,4.61261207020208,1.08257592836337,0.298122017168457,0.999580718477448
EHD4,-0.454533546556476,5.0837999092169,1.08153026710385,0.298355476898899,0.999580718477448
SLMAP,0.353678272043615,5.44803345136715,1.0811029047286,0.298450959668826,0.999580718477448
CAMTA1,-0.268543364598704,6.30233038516025,1.08096904957013,0.298480874125904,0.999580718477448
TRAF4,0.692489890575582,4.04831321189223,1.08084421580025,0.298508775922498,0.999580718477448
TXNRD1,-0.329140209192601,5.61769841338499,1.08050093651371,0.298585520117327,0.999580718477448
NCDN,0.723814837044645,3.87172837661742,1.08032683796312,0.298624451627314,0.999580718477448
SLC16A1,-0.49095998520528,4.87832675225379,1.07981411599539,0.298739143231159,0.999580718477448
SAT1,0.256339307355854,8.01399553180496,1.07931206384548,0.298851502975649,0.999580718477448
BAHD1,0.600721418748378,4.30992574058005,1.07926425791405,0.298862204821649,0.999580718477448
ARAP2,0.349965937153954,7.05997622105681,1.07800268121008,0.299144799863432,0.999580718477448
PLSCR3,0.551143375042775,4.85267323882867,1.07768143332595,0.299216814761863,0.999580718477448
C15orf61,-0.345132361544033,6.0385268430231,1.07714131745671,0.299337944094572,0.999580718477448
N4BP2,-0.276551930685526,6.17782316242991,1.07633896837914,0.299517999778576,0.999580718477448
NLRP1,-0.344738529212514,5.4874911816517,1.07599255503481,0.299595781700629,0.999580718477448
SH3GL1,0.416293912790828,5.08319455076546,1.07592490787993,0.299610973888576,0.999580718477448
KLHDC3,-0.379367480683942,5.15695992849024,1.07555650542996,0.299693727060833,0.999580718477448
UBL5,0.105172156722261,9.0579917145678,1.07508268191583,0.299800203916633,0.999580718477448
PPP3R1,0.343295622507585,5.77692986496687,1.07382214827281,0.300083706209504,0.999580718477448
SAMD8,0.431994049090375,5.0796117497285,1.0730650324184,0.300254152476141,0.999580718477448
RUVBL1,0.354049753072404,5.51044264635488,1.07196743944178,0.300501470367961,0.999580718477448
ELK4,-0.247743037956193,6.3464428590236,1.07187992884332,0.300521200205809,0.999580718477448
C2orf74,-0.383483794496086,5.12581162309846,1.07104200469858,0.300710200211869,0.999580718477448
HMBOX1,0.387294501778637,5.29701335550792,1.07103530133253,0.300711712823171,0.999580718477448
REV1,-0.341854639240353,5.42881140839266,1.07077566525744,0.300770307121867,0.999580718477448
MBD2,-0.271472117753549,7.24403967721123,1.07017708136236,0.300905450748287,0.999580718477448
ZNF76,-0.536950506923228,4.52767836312274,1.0692423201047,0.301116650456809,0.999580718477448
CEP83,0.531564092891804,4.34389396124409,1.06883756535862,0.301208159914099,0.999580718477448
SRPK1,-0.249475672737771,6.09738186500317,1.06881374052195,0.301213547497693,0.999580718477448
MRPL28,0.374001362410205,5.8268910825765,1.06811866357153,0.301370782084065,0.999580718477448
PRR34-AS1,0.639916296260106,4.18406432448309,1.06772110819999,0.301460761361629,0.999580718477448
RELT,0.845840046938385,4.26598785969621,1.06608112830954,0.301832306802213,0.999580718477448
TXLNA,-0.331566654385444,5.73382381373763,1.06516282059959,0.302040611882529,0.999580718477448
PPP5C,0.345000074469837,5.55217486034038,1.06502031674709,0.302072953482629,0.999580718477448
TNFRSF4,-0.58006194764342,5.00517034005667,1.06462383350553,0.302162959844271,0.999580718477448
MBNL2,-0.40322390237029,5.47944703044864,1.06426226554606,0.302245070197564,0.999580718477448
ALDH3A2,0.532779682139725,4.57383922574544,1.06357956381697,0.302400187025794,0.999580718477448
EIF5B,-0.202632848224737,7.84060891352395,1.06356371748041,0.302403788695806,0.999580718477448
HSF1,0.511557784759144,5.42979787106539,1.06313332671128,0.302501632201517,0.999580718477448
GOLT1B,-0.337198822047587,5.47888348680657,1.0629510943647,0.302543072568851,0.999580718477448
AP3D1,-0.282826928567966,5.86601427058654,1.06199461784141,0.302760699397016,0.999580718477448
SLC7A6,0.37907928824912,5.29967370485534,1.06041564145806,0.303120405930756,0.999580718477448
CXCL13,1.00000074738661,4.80697369130639,1.05992295344215,0.303232758141205,0.999580718477448
SYMPK,0.38811633397302,5.48635374230358,1.0598712488447,0.303244551938083,0.999580718477448
GALNT11,-0.368399281140894,5.64081337079931,1.05961509501517,0.303302989259505,0.999580718477448
MRPS12,-0.245174572546328,6.36191228151517,1.05797742991978,0.303676939949719,0.999580718477448
THOC3,0.570557247410899,4.97132460616896,1.05793657260954,0.303686277079296,0.999580718477448
RHBDF2,0.568599519863454,4.74117054349186,1.05668750722516,0.30397190541995,0.999580718477448
RPL11,-0.119190246780943,12.1160622770808,1.05632604195205,0.30405462779114,0.999580718477448
SPTAN1,0.232951337680898,6.93706331027961,1.05604217539816,0.304119611876968,0.999580718477448
BRF2,0.625829493852626,3.93043398351915,1.05548068168006,0.304248204601701,0.999580718477448
RBM17,0.218512842025287,6.90744348575333,1.05438105269283,0.304500244298772,0.999580718477448
COG2,-0.400999353463314,5.39845112501665,1.05421530636187,0.30453825748916,0.999580718477448
NOA1,0.478479750580994,4.76380073857297,1.05356936192955,0.304686460593335,0.999580718477448
TUT1,-0.623772099516803,4.09999880486251,1.05313941435224,0.304785157904918,0.999580718477448
OLA1,0.305525970939823,6.08460008467403,1.05268526234597,0.304889456435875,0.999580718477448
LMF1,-0.754883541272821,3.93822608303311,1.05237404493404,0.304960955914446,0.999580718477448
POLK,-0.312025775465133,5.86784227945481,1.05049056418864,0.305394132584703,0.999580718477448
HSPA13,-0.444346639121467,5.16770928733507,1.05006210558518,0.305492783822784,0.999580718477448
SRSF3,-0.154494175667414,8.51189992988001,1.04944523943783,0.305634887788496,0.999580718477448
TYW3,-0.41031381141898,5.51765616777018,1.04874944988261,0.305795275649485,0.999580718477448
USP46,0.734647706006021,4.24529701989135,1.04861329306374,0.305826674186954,0.999580718477448
POLM,0.490152033770154,4.91671329696605,1.04803576224072,0.305959902518642,0.999580718477448
C4orf3,-0.143000968976083,7.66039187296769,1.04781709228947,0.30601036626007,0.999580718477448
TRIM44,0.307634976953557,5.8555373495135,1.04757336406317,0.30606662555489,0.999580718477448
EIF1B,0.163544469715411,7.54067971336035,1.04726683589138,0.306137399862038,0.999580718477448
KCTD10,0.709657315271318,4.28401242214949,1.04697066397708,0.306205803157445,0.999580718477448
LARP7,0.203616778937015,6.84098517751055,1.04649108695327,0.306316607351927,0.999580718477448
DHX29,-0.327389676114523,5.92844923934683,1.04630372808176,0.306359909923795,0.999580718477448
SLC18B1,-0.574505218587826,4.09474070198723,1.04550460776032,0.306544692537488,0.999580718477448
TSGA10,-0.834439887253782,4.06788505543096,1.04490603110971,0.306683197581546,0.999580718477448
POLD3,-0.440175279864283,4.87482352172642,1.04483668400828,0.306699249096751,0.999580718477448
CTNNBIP1,0.420368837404654,4.73165465149373,1.04474839976467,0.306719685497799,0.999580718477448
MZT1,0.26976714651338,5.97462779604096,1.04435924409199,0.30680978990702,0.999580718477448
RBM48,-0.373781709529179,5.22111510915526,1.04381001426405,0.306937016014807,0.999580718477448
RNF146,-0.457140671983717,4.99185887405023,1.04339512735467,0.307033167680742,0.999580718477448
BNIP3L,-0.280861517478743,5.93148816481771,1.04310797966287,0.307099738159614,0.999580718477448
KIF22,-0.352203054172502,5.24963688825,1.04287223357666,0.307154406015419,0.999580718477448
NT5C3B,-0.526709334260522,4.61662632776438,1.04189306697055,0.30738160300916,0.999580718477448
SPATS2L,-0.280714481495897,6.14741142059225,1.04116430727403,0.307550839389056,0.999580718477448
RTCA,0.369521524530296,6.17568278908943,1.04114386420891,0.307555588527574,0.999580718477448
RPS20,0.131664582830849,10.7239004428615,1.03907254240484,0.308037272133934,0.999580718477448
MORF4L2,-0.278735271753432,5.95327410907862,1.03785163952209,0.308321650609604,0.999580718477448
UQCC2,-0.366635875068257,6.11751003033162,1.03688111648036,0.308547952723126,0.999580718477448
MTFP1,0.570470127801747,4.99881807846852,1.03675121876028,0.308578258048016,0.999580718477448
AAK1,-0.256331686158936,7.96398550933997,1.03665381290024,0.308600985512309,0.999580718477448
TSEN34,0.369583861538625,4.90834441014254,1.03460663256677,0.309079152590612,0.999580718477448
RIC8A,0.367272809118461,5.68093281097044,1.03442018179662,0.309122750378539,0.999580718477448
LINC02694,-0.628408358332071,4.61900113145294,1.03335732512794,0.309371430918167,0.999580718477448
SAMD9,-0.243815451243543,7.04580505289105,1.03298085855838,0.309459576584621,0.999580718477448
PEX14,0.58297802644374,4.25840240149131,1.03211510292441,0.309662408058149,0.999580718477448
CHURC1,-0.194668002164448,7.90699027343584,1.03116727602466,0.309884665721667,0.999580718477448
THG1L,0.564169037300807,4.25790322188862,1.03084322628094,0.30996070033935,0.999580718477448
URM1,0.325755170795626,5.61776314863956,1.02699970290888,0.310864394357245,0.999580718477448
SREBF2-AS1,0.803729878965996,4.12346291751135,1.02689610658665,0.310888799496677,0.999580718477448
ADCK2,0.450667324621473,4.56122373064801,1.02688341351907,0.310891789891061,0.999580718477448
ZNF106,-0.224914865691053,6.45218394641115,1.02517941670979,0.311293579498437,0.999580718477448
TMEM106A,-0.68466898323405,4.17971122729665,1.02498955308664,0.311338389786231,0.999580718477448
NDUFAF8,0.259927255627166,6.56412862130671,1.02465841510008,0.311416562777697,0.999580718477448
NPIPB5,-0.337800663733849,5.63496132143861,1.02431144199763,0.311498501467595,0.999580718477448
SIDT2,-0.761897717401673,4.19761661407584,1.02370873252496,0.311640899834973,0.999580718477448
DENND1C,0.374623526352247,5.17023540933081,1.02329078185411,0.311739696225166,0.999580718477448
SDHAF2,-0.399610944335644,6.33281155717016,1.02299044050573,0.311810716994406,0.999580718477448
CASK,0.295226639557128,5.93226499457601,1.02284257475564,0.311845690089287,0.999580718477448
NAA38,0.231532671510806,7.09777395669963,1.02256610745208,0.311911093646391,0.999580718477448
STAU1,0.27894774754326,6.6031745160367,1.02127528359578,0.312216699195833,0.999580718477448
PHPT1,0.273754267534666,7.2680579621498,1.02007188521419,0.312501958380675,0.999580718477448
TMUB2,0.47917112584724,5.33545552245355,1.01970041161311,0.31259008289072,0.999580718477448
ARV1,-0.501326870338285,4.78650382728687,1.01965843101248,0.312600043968091,0.999580718477448
WDR46,-0.321350504643398,5.64218195822938,1.01902306950864,0.312750851922614,0.999580718477448
NF2,0.564109567472241,4.9419877924106,1.0183509447263,0.312910489280087,0.999580718477448
ATXN2,0.296603250547656,6.1689146205407,1.01818674034592,0.312949505869875,0.999580718477448
L3MBTL3,0.535953779878536,4.76058087017933,1.01784166142973,0.313031520739946,0.999580718477448
KLHL8,-0.556306083539837,4.47702725680036,1.01775563278345,0.313051971528213,0.999580718477448
CREBRF,0.229235526927458,7.3780499403386,1.01728824022933,0.313163110887707,0.999580718477448
ANXA1,-0.366526356154327,9.77946334352462,1.01689610295875,0.313256395342345,0.999580718477448
ZBTB21,-0.598290930193312,4.38703229263549,1.01668971986835,0.313305505818853,0.999580718477448
RETREG1,-0.356105541849198,5.43526472602375,1.0158584325924,0.313503418982835,0.999580718477448
MIA2,0.29827455708169,6.19217552291031,1.01584640376425,0.313506284008566,0.999580718477448
LRIF1,-0.379814716336462,5.74133538709222,1.01580693736806,0.313515684353134,0.999580718477448
SNHG8,-0.188230671993643,7.80745771776726,1.01503680989175,0.31369919166961,0.999580718477448
LCP2,-0.171931614351715,7.91437660090129,1.01449300885194,0.313828854048913,0.999580718477448
DDX6,-0.213197253770365,7.73149026201694,1.01291575881487,0.314205325376931,0.999580718477448
PIP4K2C,0.51153764672161,4.627505643426,1.01267276649836,0.314263377286849,0.999580718477448
GLT8D1,-0.379366933110267,5.30657541930991,1.01229405181716,0.314353881807881,0.999580718477448
PPP1R35,0.214133857094257,6.53327914809175,1.01221370143997,0.314373088170541,0.999580718477448
DKC1,-0.370619847991832,5.84556623443124,1.01173333102994,0.314487944382624,0.999580718477448
ADNP2,-0.511607374669477,4.59485544464542,1.01087701603868,0.314692824771562,0.999580718477448
RALA,0.321795887068607,6.27527012321086,1.0106663151599,0.314743263439204,0.999580718477448
ARPC5,-0.249370380069839,8.35631596591368,1.01014393009627,0.314868360287923,0.999580718477448
ZNF584,-0.799267250194003,3.86008111054596,1.01000407034968,0.314901863884059,0.999580718477448
MICU1,-0.380345520354038,5.36861783366865,1.00996503711434,0.314911215181925,0.999580718477448
ZNF444,-0.465206553544853,4.53587337356301,1.00948158831836,0.315027066434001,0.999580718477448
SHLD1,-0.463825496552218,4.70225092908598,1.00945729686822,0.315032888986524,0.999580718477448
COPA,0.325244202350159,6.10011497918522,1.00791258208371,0.315403439580039,0.999580718477448
KLHL15,-0.64510889435083,4.02398740178526,1.00790106571845,0.315406204299808,0.999580718477448
HS2ST1,0.494215777398245,4.3822735920233,1.00782155224081,0.315425293868902,0.999580718477448
B4GALT5,-0.413321067428362,5.29318886347148,1.00722240084695,0.315569186570995,0.999580718477448
ZNF688,0.384822438984275,5.2457003724436,1.00701114211808,0.315619943131769,0.999580718477448
SRSF11,-0.228081767905322,8.10096866900662,1.00682069786769,0.315665708010388,0.999580718477448
PNMA1,-0.370554143379956,5.22149612155245,1.00603452507388,0.315854721953582,0.999580718477448
RNF139,0.445612080985276,5.3808790994604,1.00532943948999,0.316024366737932,0.999580718477448
DGKE,0.338302211509461,5.43166369218374,1.00522933533712,0.316048461637846,0.999580718477448
BCKDK,0.503470037950601,4.55231404301947,1.00502909858552,0.316096665504148,0.999580718477448
CUL5,-0.286711103568583,5.92146049430169,1.0047558143414,0.316162469951195,0.999580718477448
PINX1,0.534297292730439,4.62743655315182,1.00431141659402,0.316269515343898,0.999580718477448
SERBP1,0.174581649899657,8.64829537826605,1.00371582191779,0.316413055129507,0.999580718477448
PLAGL1,0.481145391474342,4.50735911931572,1.00366861047536,0.316424436853814,0.999580718477448
RBM15,0.436645275999143,4.90654692014862,1.00312368631763,0.316555845885592,0.999580718477448
TRMT1L,0.512598549830006,4.38718948609923,1.00253713620131,0.31669737298164,0.999580718477448
ATF4,-0.197976235079407,7.69032107731995,1.00248357125878,0.316710301653669,0.999580718477448
DUS4L,-0.556919483900019,4.08423880018668,1.00174295572465,0.316889130824223,0.999580718477448
ZNF148,-0.270467307190605,6.54068154538986,1.00173639700053,0.316890715086147,0.999580718477448
TOMM20,-0.186460058213963,8.07905833003659,1.00157516910046,0.316929663001996,0.999580718477448
STK17A,-0.147043190502579,8.83522482509617,1.00151461129865,0.316944293605767,0.999580718477448
HIGD1A,0.306315601856,5.91600203721255,1.00115136052449,0.317032072612308,0.999580718477448
UNC50,-0.328169820546424,5.65801247394645,1.00033396312619,0.317229712054717,0.999580718477448
PIGN,0.459337893314019,4.50287934588925,0.999087551886468,0.317531394367772,0.999580718477448
PRF1,0.365822279496022,7.68932302752076,0.99813373377212,0.317762511433781,0.999580718477448
PHLPP2,0.720244551968947,4.05345535955362,0.994828518466832,0.318565099047532,0.999580718477448
MAP1LC3B,-0.208706188237229,7.749347481606,0.994139527500597,0.318732738116251,0.999580718477448
SLC4A7,0.28681146922489,6.70535304079099,0.993855906277098,0.318801779937492,0.999580718477448
C2orf76,0.544857652482326,4.347206909454,0.993723135379568,0.318834107063673,0.999580718477448
C6orf136,-0.619799462254546,4.31243682185612,0.988923953547197,0.320005511919856,0.999580718477448
ITSN2,0.200762136015988,6.93374538326173,0.988190907260588,0.32018493487601,0.999580718477448
ZNF329,-0.620238178574026,3.95841135673321,0.987262496603627,0.320412365886604,0.999580718477448
ABCB1,-0.56583660744367,5.63937427371153,0.986733939857515,0.320541940394911,0.999580718477448
ZNHIT1,-0.169266049789643,7.52494787623434,0.986354966930946,0.320634887211442,0.999580718477448
SMIM27,0.281547774645553,5.95303631382383,0.985775086402071,0.320777177258716,0.999580718477448
RBM15B,-0.378417997828103,5.09683725770628,0.985500355536777,0.320844619244964,0.999580718477448
GIPC1,0.325231234752201,5.57178430743243,0.985278615329211,0.32089906649465,0.999580718477448
ZDHHC13,0.647090283856377,4.57889438931944,0.985122825820802,0.320937327140322,0.999580718477448
LSM4,-0.193997993038411,6.81342250172227,0.984297427726577,0.321140138490928,0.999580718477448
SCAMP1,0.397505475265453,5.44041814642868,0.982486495299343,0.321585700572395,0.999580718477448
RRP1B,-0.266921278979114,6.01309942457095,0.982151896522893,0.321668114421639,0.999580718477448
POLR1D,-0.167129166468656,7.43142967113438,0.980528471271109,0.322068369942907,0.999580718477448
ZNF227,-0.535006664533847,4.05099368762505,0.979396911783177,0.322347744290549,0.999580718477448
MRTO4,-0.389587471943909,5.01503768236731,0.978199072466934,0.322643830957557,0.999580718477448
RAB33A,-0.364493485422722,5.22859735935874,0.978016311398807,0.322689038097349,0.999580718477448
SMAD3,-0.418690785477008,4.81981382792371,0.977638501974689,0.322782518210704,0.999580718477448
NIPAL3,0.344545813653285,5.4848510112332,0.977609779230287,0.322789626443719,0.999580718477448
RBM27,-0.290504436609372,6.535758631023,0.976553484109846,0.323051179238901,0.999580718477448
UBR7,0.675055240287652,4.58930239824082,0.975921982196579,0.323207681141807,0.999580718477448
PPP1R10,-0.314102690342775,7.01726050922824,0.975709672834444,0.323260319164745,0.999580718477448
UEVLD,-0.547692481820335,4.21422736524774,0.974760927032746,0.323495680759005,0.999580718477448
KLHDC10,-0.510842295517311,4.58960649353153,0.974635039438803,0.323526927518724,0.999580718477448
SPCS1,-0.109395601356607,8.19692694451464,0.974507097062874,0.323558688382266,0.999580718477448
MLLT10,-0.348093166418231,5.7201519772743,0.973692733057787,0.323760945489902,0.999580718477448
TMBIM4,0.163305869114121,7.93334755544579,0.97248229627108,0.324061880698426,0.999580718477448
PMS1,0.444443368698929,5.00582357527936,0.970743774643299,0.324494753693038,0.999580718477448
S1PR4,0.310716720747683,6.68568031474248,0.970184710434754,0.324634116974065,0.999580718477448
CHUK,-0.493208532082978,4.44435539483098,0.970073344868943,0.32466188758299,0.999580718477448
EFTUD2,0.390878904827291,4.98706335957659,0.969776389052337,0.324735953149496,0.999580718477448
HLA-DPB1,0.568030625658336,7.1231900163774,0.969287841075095,0.324857853503994,0.999580718477448
TM2D3,-0.305987885844366,6.03070171328704,0.969128292574483,0.324897676453767,0.999580718477448
HADHA,-0.200138422630033,7.22194661780331,0.968654482071058,0.325015976555166,0.999580718477448
TMEM265,-0.682374241604776,4.16614455790622,0.968391265187318,0.325081720657537,0.999580718477448
KEAP1,-0.419827157439843,4.77588466394676,0.968283108974219,0.325108740106346,0.999580718477448
HIC2,0.808676757880664,3.84850427757182,0.967985526490496,0.325183097118272,0.999580718477448
GTPBP8,0.375643449163419,5.09448419093032,0.96788252552623,0.325208839236164,0.999580718477448
LYPLA2,-0.312581072719036,5.69573924371873,0.966679592207303,0.32550967738394,0.999580718477448
MBNL3,-0.443426454828016,4.60846568897347,0.966618052236001,0.325525077637363,0.999580718477448
ZNF525,-0.722363885677128,4.21780578475433,0.965911577345739,0.325701940638145,0.999580718477448
IPO9,-0.362553892377204,5.36620624604116,0.965845379875573,0.325718519410457,0.999580718477448
PLEC,-0.27971493171583,6.90026474246493,0.964907841189344,0.325953440515212,0.999580718477448
FBXO41,0.762266979386655,3.90509516987038,0.964485582195046,0.32605932012974,0.999580718477448
SLFN11,0.364799358640006,5.27681623832692,0.964381996870431,0.326085300656496,0.999580718477448
KMT2B,0.311873652992906,6.15639922986945,0.963248386790502,0.326369803825343,0.999580718477448
GPATCH11,0.414907054510553,5.31805688917885,0.963133972769086,0.326398536679003,0.999580718477448
MFNG,0.264463445450591,6.11060215326128,0.961925597058311,0.326702201385438,0.999580718477448
CAPN1,-0.263357797307881,5.95482611543096,0.961520213494273,0.326804158081082,0.999580718477448
ATXN1L,0.455333519466738,4.57123251337585,0.961477147128736,0.326814992039298,0.999580718477448
MYD88,-0.503731951937477,5.46384423799489,0.960954514665389,0.326946505629273,0.999580718477448
COA4,-0.248011616191645,6.35936988730615,0.960384111184437,0.327090120229131,0.999580718477448
OPA1,0.343533756428023,5.27614430844972,0.960198848145051,0.327136783230416,0.999580718477448
UGGT1,0.389214285673351,5.67107071039587,0.960070785554098,0.32716904406622,0.999580718477448
ATP13A3,-0.414555569302611,5.4521156099917,0.95881198885523,0.327486377939219,0.999580718477448
ZGPAT,0.41433445388956,5.09272872120955,0.958646207483229,0.327528200677412,0.999580718477448
CTDSP2,-0.321953650402212,5.70138474821632,0.95800495066681,0.32769004138803,0.999580718477448
KPNA1,0.315350416838342,5.57902885095487,0.957837296359992,0.327732371554546,0.999580718477448
CWC15,-0.2064128080341,6.85871722687459,0.957400992128948,0.32784256575319,0.999580718477448
GPI,0.229668366949521,6.37615740767436,0.957377267591063,0.327848559096746,0.999580718477448
YPEL2,0.494569336232329,4.97868894586118,0.957114313340234,0.327914996897639,0.999580718477448
AGPAT4,0.569592709181126,4.52955223477413,0.957054641717895,0.327930075966394,0.999580718477448
ALG5,-0.307807171735835,5.66516180189008,0.957003981754477,0.327942878503506,0.999580718477448
FBXO45,-0.588171343186175,4.81872053734426,0.956955856554369,0.327955041081906,0.999580718477448
RRN3,-0.38355949693252,5.23180825896143,0.954686707095406,0.328529198544633,0.999580718477448
MMADHC,-0.2548182594378,6.0140313905788,0.954325203072838,0.328620792233032,0.999580718477448
ZNF718,-0.677997732501047,3.717429235579,0.954180709552613,0.32865741180675,0.999580718477448
ATRN,-0.519464517029397,3.95500353859047,0.953488294968376,0.328832968439422,0.999580718477448
GEMIN6,-0.53637477827509,4.85311191989112,0.953477451981298,0.328835718589425,0.999580718477448
FASTKD1,-0.590084284837771,4.06238294210711,0.953385260148274,0.328859102805337,0.999580718477448
CBL,0.25201654615142,6.39758600613636,0.951630268259947,0.329304673452751,0.999580718477448
C9orf85,-0.481826622759058,4.88467411857084,0.951294139150443,0.329390103969084,0.999580718477448
MAT2B,-0.240347694357613,6.93300783774354,0.950655765920942,0.329552433905188,0.999580718477448
MPC2,-0.207331927303972,6.85649079155603,0.949736707704094,0.32978632515166,0.999580718477448
SLC25A42,0.464231069760228,4.8204289091093,0.949214040430309,0.329919437262829,0.999580718477448
BNIP3,-0.437520865473914,4.86761080033478,0.948947589426542,0.329987324096154,0.999580718477448
SATB1,0.51067020200284,5.69646418954672,0.947883846458179,0.330258531519881,0.999580718477448
CISD2,-0.312096332743667,6.25015434434943,0.947675545307565,0.330311673812897,0.999580718477448
PLAGL2,0.521612244240426,4.42615447019533,0.94665798585358,0.330571439637853,0.999580718477448
MSTO1,-0.688595562626317,4.05416595679116,0.944734927129264,0.331063107094438,0.999580718477448
NCOA1,0.383039129886114,6.03337935799952,0.944466298979059,0.331131864591821,0.999580718477448
PCGF6,0.543907233682928,4.31822816860156,0.94437211641154,0.331155975865956,0.999580718477448
IFT88,-0.451358302292786,4.62343660471816,0.94417084552736,0.331207510196418,0.999580718477448
TSC22D3,0.422721863125387,9.52479825432385,0.942522229095486,0.331630031919433,0.999580718477448
RPS4X,-0.132998525867408,11.6033323871492,0.942509713791349,0.331633242195432,0.999580718477448
ARRDC3,-0.47200064178261,5.99270393272274,0.942201624585429,0.3317122826072,0.999580718477448
TOB2,0.318707265945486,5.63148601741477,0.942150301731177,0.331725451945251,0.999580718477448
ZRANB2,-0.148299502282889,7.62145293272989,0.9419960059678,0.331765048114131,0.999580718477448
FAM174A,-0.578025849484877,4.31263846032384,0.941938493025082,0.33177980899123,0.999580718477448
ZNF561,0.592431554507857,4.45408033668496,0.941336582571893,0.33193434371753,0.999580718477448
ASB8,-0.296599631717617,5.7508140437404,0.940145601974923,0.332240399369295,0.999580718477448
LSS,0.485658538145299,4.39962844677597,0.938894995147439,0.332562182729805,0.999580718477448
PPP2R1A,0.268413243630934,6.09786312893493,0.938038922465306,0.332782691426268,0.999580718477448
NAA35,-0.387695953330084,5.06154680941796,0.938013721388675,0.332789185718398,0.999580718477448
NT5DC1,0.345384870383299,5.35926641807428,0.937715830306338,0.332865964764091,0.999580718477448
TMEM87B,-0.352278049606454,5.15719621327967,0.937675841245484,0.332876273424031,0.999580718477448
SRRM2,0.11985898878665,8.38165055356042,0.936510281211781,0.333176926893314,0.999580718477448
ZNF598,0.431866374691212,4.78508685570245,0.935944955233239,0.333322881917769,0.999580718477448
PRKCSH,0.291993511456824,6.18277133792193,0.935535422375199,0.333428667816888,0.999580718477448
GPAA1,0.343575198172108,5.32031821450548,0.934904035210291,0.333591848449738,0.999580718477448
INTS6L,0.459873844805773,4.58896224116934,0.933665590448943,0.333912231651984,0.999580718477448
RAB39B,-0.507701334237313,4.56062195578926,0.932723949359522,0.334156107434405,0.999580718477448
C9orf72,-0.576841341989265,4.55923248674529,0.932029930748179,0.334336003785804,0.999580718477448
TSHZ1,-0.446950973399279,4.76417702863195,0.930778997222873,0.334660584922885,0.999580718477448
SCYL1,-0.388550441173257,4.98520099539282,0.930630264534567,0.334699204775683,0.999580718477448
LRRC41,0.411605591710256,4.82939978676378,0.93030929296318,0.334782568393922,0.999580718477448
NPEPPS,-0.245236680569902,6.33602444325799,0.930274958378049,0.334791487510268,0.999580718477448
UCHL5,-0.316554233034523,5.45217401928917,0.929897419303115,0.334889582026553,0.999580718477448
COPS5,0.222562404506446,6.26563293636823,0.929304449332465,0.33504372872338,0.999580718477448
MMAA,-0.563169345701681,3.99625570660858,0.929261502836173,0.335054896650714,0.999580718477448
RAB7A,-0.200301276114255,6.85254873116088,0.929074755282439,0.335103464798392,0.999580718477448
TOLLIP,0.372943708047849,5.02367080282426,0.928210467859337,0.335328366010831,0.999580718477448
SAMD9L,-0.372008966034111,6.90429241860641,0.92769197102154,0.33546338397817,0.999580718477448
PSMD3,0.286811962834035,5.75421956745929,0.927605034480822,0.335486029606978,0.999580718477448
SACM1L,0.298168570529577,6.27972431170543,0.927018740183446,0.33563880366506,0.999580718477448
CCDC51,-0.686360418526219,3.91811188665158,0.927001721989705,0.335643239583491,0.999580718477448
BARD1,-0.528609397235081,5.19353454026513,0.926329425586388,0.335818541425746,0.999580718477448
ITCH,0.299076830764013,5.84558210644279,0.926321030806998,0.335820731146023,0.999580718477448
TRIM35,0.497853739356331,4.43107568338879,0.92592372556288,0.335924387340279,0.999580718477448
RPP14,-0.471825330209285,4.46311854635908,0.925827054527884,0.33594961511114,0.999580718477448
ANTKMT,0.596262119963401,6.25082759068438,0.925825216142513,0.335950094890225,0.999580718477448
PML,0.371968812476348,5.1433881995794,0.92546624065244,0.336043797362608,0.999580718477448
ATMIN,0.352164193771834,5.37199225185454,0.924099009080127,0.336401003057879,0.999580718477448
TUBA1C,-0.291177613223281,5.787995186614,0.923958528357378,0.33643773414272,0.999580718477448
SH3PXD2A,-0.58058582046128,4.10679115668324,0.923874102797823,0.336459811232142,0.999580718477448
FBXL16,0.581458818995054,4.00561569856584,0.923134676036289,0.336653252591233,0.999580718477448
POLR2J,-0.223803097202391,7.29196882409272,0.923134142498705,0.336653392223736,0.999580718477448
NECAP1,-0.288390124857865,6.08292872404104,0.922931581710099,0.336706410160803,0.999580718477448
PTPN23,-0.51660621796599,4.41651872600666,0.92281676014407,0.336736468342575,0.999580718477448
SCO1,-0.346139680174341,5.35559516249169,0.922805458772489,0.336739427028916,0.999580718477448
ZNF431,0.442974769170353,5.63219138101774,0.921886626433913,0.336980092907429,0.999580718477448
CCM2,0.245929511066898,6.44125471050284,0.921430695281812,0.337099598615527,0.999580718477448
PANK2,-0.302231254263195,5.60747627548902,0.92058641050258,0.337321047118916,0.999580718477448
GMPS,-0.349194676365404,5.66920131267753,0.919895054044579,0.3375025291546,0.999580718477448
POLI,0.522338525769519,4.54708516916262,0.919458593018225,0.337617168219617,0.999580718477448
CD9,-0.361483997361868,5.31003370722001,0.917928183229173,0.338019552348086,0.999580718477448
ETAA1,0.552311405746237,4.50738058555035,0.917302479530541,0.338184251298652,0.999580718477448
SOAT1,0.410096641398503,5.565386461206,0.917069563716007,0.338245587364588,0.999580718477448
CPSF7,-0.359148069978812,5.2899438992382,0.916935659227068,0.338280856541897,0.999580718477448
TMCO3,-0.506922520227159,4.71186027769549,0.916847315898305,0.338304128043021,0.999580718477448
BOLA2B,0.474268851663448,4.54628036163318,0.916489486903343,0.338398409753643,0.999580718477448
DBP,0.359459747289776,5.30454089114764,0.916260103376114,0.33845886687546,0.999580718477448
RNF125,0.28846514059782,6.84601149316853,0.915822996394972,0.338574112470028,0.999580718477448
CENPL,0.670415127009634,4.18304107956489,0.915152759558541,0.338750926371352,0.999580718477448
PRIM1,-0.48804245745851,4.69517562294129,0.914100137080993,0.339028867138435,0.999580718477448
ULK4,0.522945710786965,4.44750708762002,0.913184828699713,0.339270799766767,0.999580718477448
TNFSF13B,-0.919644174000516,5.06803096465878,0.912792718419167,0.339374512621296,0.999580718477448
SENP6,0.198781523270321,6.78791168890859,0.911713356459893,0.339660223199662,0.999580718477448
TOM1,0.450976275322956,4.60311713533224,0.910982537064365,0.339853857078437,0.999580718477448
KDM1A,0.389717925700375,5.16864920020015,0.910743137397514,0.339917319372277,0.999580718477448
ZNF821,0.505981685552179,4.45150903788164,0.910571498957562,0.339962828698964,0.999580718477448
CSNK2A1,0.260154063813505,6.54430560922867,0.909952934817134,0.340126906803308,0.999580718477448
AP3M1,-0.400209098229429,5.06683575177241,0.909514210467062,0.340243345829501,0.999580718477448
TAX1BP3,0.474919391752293,4.38390726054064,0.908469672360597,0.340520785959489,0.999580718477448
PIEZO1,-0.400506051195412,5.58785663297213,0.908337633425116,0.340555878539422,0.999580718477448
SNRNP27,0.34403656602792,6.23806619272539,0.908243146224596,0.340580993814329,0.999580718477448
TNFSF10,-0.277198926989257,7.0906531054741,0.908025566731876,0.340638837253159,0.999580718477448
UHMK1,-0.2944311476398,6.58131695685543,0.907728560674903,0.340717817566615,0.999580718477448
DNMT1,-0.302923045614255,6.83274523930921,0.907562778748636,0.340761913275145,0.999580718477448
MT1E,0.520691680580802,4.37687704863796,0.907519753536171,0.340773358644613,0.999580718477448
HELZ2,0.418072438869885,5.49800323630283,0.907510943539991,0.34077570230318,0.999580718477448
GFOD2,-1.28334723155761,4.70477201081292,0.906601294670622,0.341017806357976,0.999580718477448
MFSD14B,-0.320341936030164,5.45801293081733,0.905430494807424,0.341329757091509,0.999580718477448
CSTF2T,0.459516811172354,4.82429465113538,0.904833143838172,0.341489064823991,0.999580718477448
TTC21B,-0.510223055807239,4.55135677895353,0.904432682771137,0.341595920018081,0.999580718477448
GNAI3,-0.215543718287535,6.90700725683,0.904114616048,0.341680822001828,0.999580718477448
EHMT1,0.325020881280332,5.76541788035799,0.904033099069562,0.341702586018006,0.999580718477448
DUSP16,-0.361226441561892,5.18649364917569,0.90265902708942,0.342069727473251,0.999580718477448
UVRAG,-0.487077060203781,5.41192965797569,0.901615371011525,0.342348939812523,0.999580718477448
ATP2A2,0.308356152820764,5.69757066359326,0.901579255414347,0.342358607424094,0.999580718477448
FCHSD2,-0.419908096549402,4.84766853136891,0.901145102009142,0.342474852698674,0.999580718477448
NIFK-AS1,-0.396781856840616,5.14273544168746,0.900981930024773,0.342518556025962,0.999580718477448
PSMD12,-0.278761127570402,6.20310026455915,0.900976830309347,0.342519922034443,0.999580718477448
SLC39A9,-0.555799057629404,4.56218538991069,0.900878893286389,0.342546156846424,0.999580718477448
PAG1,-0.241371123211865,7.92811188705768,0.900348564910283,0.342688265286431,0.999580718477448
STT3B,0.25244040950502,6.54592547687329,0.899688043807728,0.342865371832693,0.999580718477448
OSBPL8,-0.17824598222834,7.33757192342465,0.899253155024068,0.342982046677907,0.999580718477448
UBR5,-0.267887587607254,6.15530057496816,0.899095523013395,0.343024350470363,0.999580718477448
WDSUB1,-0.491751508451873,4.21008714673983,0.898965631403264,0.343059214848708,0.999580718477448
PTPA,-0.466941232378258,5.09603179436521,0.89771433315055,0.343395322609053,0.999580718477448
MED21,-0.318737435506832,5.39189034884583,0.897695520164914,0.34340037930496,0.999580718477448
TRGV8,-1.52148629147619,4.00523281993898,0.897641988215435,0.34341476857549,0.999580718477448
RNF11,-0.437018170024723,5.24636260231742,0.897637176705077,0.343416061938794,0.999580718477448
CHMP1A,-0.313838705805696,5.8718787134985,0.897588099911626,0.343429254455657,0.999580718477448
LINC02446,-0.257563308699679,8.36217024060763,0.895544117877817,0.343979313431184,0.999580718477448
RSRP1,-0.168328969106122,8.37949371959127,0.895263446598698,0.344054938210281,0.999580718477448
STAT6,0.39305927689424,5.48760974605813,0.894303295418776,0.344313813753028,0.999580718477448
ZNF213-AS1,-0.459850052945671,4.243755717015,0.893983918781965,0.344399982297508,0.999580718477448
PPIL4,0.363500684044456,5.99287442735897,0.893414101078587,0.344553792839116,0.999580718477448
RAB35,-0.309440200158919,5.58696483841206,0.893039520149763,0.344654953840546,0.999580718477448
OTUB1,0.203221450624793,6.54778137385626,0.893025672182597,0.34465869445434,0.999580718477448
CDC42EP3,-0.243575387252153,7.15592883869788,0.89284681702047,0.344707011756662,0.999580718477448
CRIM1,0.492686632629019,5.75756463797277,0.891800697678214,0.344989802026768,0.999580718477448
CARD19,-0.273966982569597,6.10976188111739,0.891619745096344,0.34503874953231,0.999580718477448
BLOC1S6,-0.274628367807177,6.03609352400699,0.891490762515447,0.345073644936558,0.999580718477448
TPMT,-0.360885156285262,5.06073902161862,0.890876450620803,0.345239908600353,0.999580718477448
DHRS7B,-0.48687966116494,4.15351697501616,0.890508727897552,0.345339484715808,0.999580718477448
TOR1B,0.473072295614445,4.44410069100993,0.890041759985722,0.345465991597248,0.999580718477448
MINDY2,0.401093977170824,5.81462001539589,0.888687233293044,0.345833303287947,0.999580718477448
DDB2,0.315976540333623,5.83633622424091,0.887687049728182,0.346104866029017,0.999580718477448
ATL2,0.482486157323816,4.70763457773718,0.887259709428028,0.346220982508247,0.999580718477448
C11orf21,-0.628699875543801,4.49995824784433,0.887020973096171,0.346285874685032,0.999580718477448
CYREN,-0.502733657617658,4.63654875317942,0.887009793268126,0.346288913936749,0.999580718477448
NXF1,-0.415626105506763,4.9980951837085,0.885822683230611,0.346611837247155,0.999580718477448
TCP11L2,0.482175058269838,4.58032871268091,0.885114434770138,0.346804692776071,0.999580718477448
EHBP1L1,0.267800993490128,6.16608436594232,0.885037284122401,0.346825709625557,0.999580718477448
ITPRID2,0.737042346005625,4.34201824442675,0.883481855310269,0.347249797517103,0.999580718477448
MRPL36,-0.35887933587317,6.27210573420511,0.883396434728855,0.347273107818927,0.999580718477448
C1orf159,-0.603786027814535,4.13854973152206,0.882849755544948,0.347422340605369,0.999580718477448
NME2,0.56814708354,8.4242723049061,0.882744721330056,0.347451022866941,0.999580718477448
PAN3,0.263417117771983,5.89039653954684,0.882605538829587,0.347489035135303,0.999580718477448
ATP6V0B,-0.22694345608337,7.4556451412217,0.882441031388513,0.347533971199438,0.999580718477448
INO80C,0.417955313278568,4.72165063170748,0.881912836149727,0.347678303794655,0.999580718477448
PATL2,0.502954688674752,4.67427392295434,0.88167408495373,0.347743570722333,0.999580718477448
PPA2,-0.348103938789071,5.26043367981854,0.881636946263471,0.347753724744859,0.999580718477448
TMEM14C,-0.193628201564926,6.61460892314354,0.880691879296725,0.348012249289824,0.999580718477448
RBMXL1,-0.41632108807063,4.60060961443782,0.880164008759726,0.348156762680011,0.999580718477448
MAPK6,0.342482779166149,5.39902539722332,0.8797683787746,0.348265126434968,0.999580718477448
RNF111,-0.360103424892405,5.02959637280149,0.879332416646656,0.348384590291048,0.999580718477448
PPP1CC,0.236516270740658,6.77200277320394,0.879310432261946,0.348390616002519,0.999580718477448
TAMM41,0.492546978821962,4.45405755521732,0.878793440360033,0.348532359402143,0.999580718477448
PER2,0.492514465904375,4.4754529113259,0.878788238083963,0.348533786105537,0.999580718477448
SIAH1,-0.505995675927922,4.85842654929748,0.878348087842252,0.348654524287878,0.999580718477448
REL,-0.244412998518449,6.85469888754777,0.877918498700229,0.348772420248193,0.999580718477448
DUT,-0.200269784819561,6.79418839507073,0.877724498178059,0.34882567928931,0.999580718477448
ENY2,-0.171340226080524,7.32467365359575,0.877643370283145,0.348847954640206,0.999580718477448
CISD3,0.251038050861076,6.15698216826775,0.876904603069454,0.349050887532539,0.999580718477448
TPP1,0.302230103768699,5.59136004831508,0.876891626732013,0.349054453452754,0.999580718477448
CDADC1,-0.518466436208657,4.50582419757293,0.876595232912406,0.349135916478219,0.999580718477448
STARD3,-0.319666066435048,5.46959653812767,0.87558609049043,0.349413470398988,0.999580718477448
NUDT4,-0.297589706934476,5.94481877036956,0.875559286377657,0.34942084667579,0.999580718477448
MARK2,0.253370219222437,5.98722330587859,0.874429664097564,0.349731902305138,0.999580718477448
MRPS34,0.216972237603271,7.04842606069947,0.874396608208624,0.349741010329214,0.999580718477448
NBEAL1,-0.376397815697742,5.35292294735899,0.874317896577303,0.349762699365538,0.999580718477448
RER1,-0.171340684061539,7.30582990981794,0.873691527367614,0.349935361013172,0.999580718477448
PTPRN2,0.568836687844852,4.37565919239582,0.87346660792775,0.34999738942575,0.999580718477448
PELO,-0.443087405351359,5.72753039443984,0.873267773130289,0.350052236661717,0.999580718477448
ZBED5,0.299394959538262,5.46172992827966,0.871996456528743,0.350403197440337,0.999580718477448
TTN-AS1,0.483287114158346,4.63500930381575,0.871840241649856,0.350446355299215,0.999580718477448
MYCBP,0.413828712720925,5.39732762083243,0.871304023109842,0.350594552755533,0.999580718477448
PRMT1,-0.248655517825963,6.54149886727759,0.87099040777496,0.350681267783529,0.999580718477448
COP1,0.686364444168448,4.93641454634446,0.870957940478629,0.35069024669962,0.999580718477448
LAMP1,-0.186738394528073,6.81631303191999,0.870628236222028,0.35078144501587,0.999580718477448
BORCS6,-0.333839644676834,5.05996068496013,0.869220314230432,0.351171249061671,0.999580718477448
CDKN3,-0.656820517556464,4.06773773538059,0.869139285309846,0.351193701076063,0.999580718477448
DNAJC3,-0.207063106956886,6.52796806052333,0.868997748444937,0.35123292371398,0.999580718477448
TPD52L2,0.438745632317332,5.09199151277045,0.868304073797276,0.35142524090871,0.999580718477448
ADRM1,0.293128361225401,6.60408110138432,0.868143492609441,0.351469781552968,0.999580718477448
APOL6,-0.194417106268543,7.56564126391794,0.867081438191374,0.351764559050939,0.999580718477448
APOL2,0.316418584403408,5.67417115597417,0.866791953871704,0.351844965060334,0.999580718477448
MYO19,-0.457350996026086,4.77958310991377,0.866583458708782,0.35190289137362,0.999580718477448
PSD4,0.281068039315254,6.0820728258961,0.865908155466785,0.352090600529129,0.999580718477448
RPL10,-0.100113448179268,12.9405212456051,0.864625300208925,0.352447562946601,0.999580718477448
CNBD2,-0.536158925292936,4.48744102003123,0.864611596983101,0.352451378619356,0.999580718477448
ST6GALNAC4,-0.420382777175681,4.65965145487965,0.864505859892723,0.352480823081756,0.999580718477448
ZCCHC4,-0.615964709633967,3.92106854292116,0.863852445432089,0.352662853015175,0.999580718477448
ARFGEF2,-0.570372970704537,4.88955932242094,0.863481506107531,0.352766247384734,0.999580718477448
BORCS8,0.401431701670177,4.97643422698812,0.862813664460962,0.352952503667901,0.999580718477448
PDZD8,0.339144387854841,5.28596741573805,0.862460805792913,0.353050967665672,0.999580718477448
MGAT5,-0.323871225670285,5.63770500271624,0.861751474023045,0.353249017806459,0.999580718477448
LRRC23,0.475924296473039,4.32046349728326,0.861454305434041,0.353332034361465,0.999580718477448
SCAMP2,-0.214605675412118,6.39336689832478,0.861368365516832,0.353356047371978,0.999580718477448
ABHD18,0.379792863156969,4.98838253485307,0.861266018678604,0.353384647652115,0.999580718477448
DDX60,-0.364502037195154,5.7737049923785,0.860741184343929,0.353531359529082,0.999580718477448
MOB3C,-0.468992839593056,4.45648664323933,0.860604707086527,0.353569523936338,0.999580718477448
GTF3C3,-0.409274875787468,4.778955931149,0.85999655186205,0.353739656517811,0.999580718477448
PUM3,-0.294352685359036,6.02714942922648,0.858999308703135,0.354018879488321,0.999580718477448
CHCHD1,-0.262651869833022,6.59113255399114,0.85894161420471,0.354035042872202,0.999580718477448
SLC35B2,-0.407050528348238,4.66253973569581,0.85848451638082,0.354163136645297,0.999580718477448
RPAP3,-0.397205391366027,5.43187040433215,0.858406320304987,0.354185056094025,0.999580718477448
TUBGCP5,-0.512003378995223,4.39463800345404,0.858273123367438,0.354222397322212,0.999580718477448
RCOR3,0.420026442404433,5.75115939214055,0.857550406983794,0.354425101872962,0.999580718477448
UFL1,-0.273176383940579,6.03652259010358,0.857468704314757,0.354448027487811,0.999580718477448
EXOG,-0.325552367855599,5.58299307496177,0.857151358206551,0.354537093454363,0.999580718477448
FEM1C,-0.445865477185764,4.43961072926381,0.856728465884542,0.354655829491251,0.999580718477448
MAP3K20,-0.457915967284239,4.37938470593188,0.856495565672925,0.354721244429234,0.999580718477448
C1orf174,-0.391030403966817,5.30724460753388,0.856483924068936,0.354724514652614,0.999580718477448
MTREX,-0.29888634300308,5.56469505182338,0.856338060006221,0.354765492578418,0.999580718477448
HERC5,-0.4931332173374,5.33092516605637,0.855883686080444,0.354893182421646,0.999580718477448
ATF6B,0.407637432735485,6.2168453482045,0.855294265355198,0.355058917372746,0.999580718477448
TRIAP1,-0.467999098516629,5.39427970252324,0.855013347179733,0.355137944009846,0.999580718477448
B3GALNT2,0.566142971444446,4.32081188873999,0.854133205344267,0.355385697552713,0.999580718477448
DNAJC2,0.267286638123881,6.00162132460095,0.854126393591837,0.355387615934554,0.999580718477448
SRCAP,0.466170787810767,4.72777143988819,0.853570515026554,0.355544214857177,0.999580718477448
CXCR6,-0.331161524073886,7.20341807583072,0.853267170645731,0.35562971116549,0.999580718477448
TRMT2A,0.411029703365386,4.79748025044942,0.852946561994848,0.355720103954178,0.999580718477448
PDS5A,0.218543437382358,6.5650662517579,0.852735303263541,0.355779683702041,0.999580718477448
SLC39A3,0.359199222633213,5.15798836167024,0.852707829784086,0.355787432850339,0.999580718477448
ATP5F1C,-0.194449235469394,7.33288310494793,0.851424455805665,0.356149678254689,0.999580718477448
ENPP4,0.52017638741447,4.46158688367017,0.851342241941346,0.356172901184349,0.999580718477448
NSUN3,0.457260710534481,4.65305023394291,0.850558422728379,0.356394410690258,0.999580718477448
THAP1,-0.311429112738057,5.38961735836046,0.849868331525032,0.356589588804419,0.999580718477448
GOLGA5,-0.43658030819629,4.74918166581288,0.849833210036,0.356599526115828,0.999580718477448
AGPAT3,-0.352752254849358,5.24395262436904,0.849706789467714,0.356635298830319,0.999580718477448
VPS37A,0.358912485457759,5.15853598820964,0.849121430827195,0.356800999569156,0.999580718477448
PTDSS1,-0.306163844355585,5.60959080251349,0.849067168929572,0.356816365136357,0.999580718477448
TMEM183A,-0.277315813313152,5.96618429667701,0.848139927549308,0.357079076318718,0.999580718477448
GABPB2,-0.310464044310993,5.4189658562126,0.848114403534277,0.357086311677919,0.999580718477448
HECTD1,-0.500761023065754,6.12619989515668,0.847453130426381,0.357273834654505,0.999580718477448
GIMAP7,0.20854675185836,8.84727360049698,0.847193863514068,0.357347394122423,0.999580718477448
GON7,0.348295836304371,5.22855899579052,0.847029286927658,0.357394098745061,0.999580718477448
ZNF100,-0.571921738904416,4.03808467031205,0.846948235546968,0.357417103117328,0.999580718477448
TP53BP1,0.329956423764314,5.19368339030303,0.846733508049009,0.357478057883124,0.999580718477448
PIGF,-0.351203126053066,5.29607710415085,0.845184291607811,0.357918257816277,0.999580718477448
PSMB8,0.140303367436393,8.08176382766517,0.845011187919612,0.357967490360017,0.999580718477448
SNAPC2,-0.32389550147044,5.22238551995292,0.844952429929041,0.35798420387723,0.999580718477448
SLC9A9,0.39245611040826,4.87864905093554,0.844579297727151,0.358090365132948,0.999580718477448
ZNF362,-0.451333991406118,3.89279150022308,0.844428989226094,0.358133142196933,0.999580718477448
PCGF1,-0.461302608817815,4.42357094733868,0.844122614212738,0.358220356774252,0.999580718477448
MAPKAPK3,-0.351090217252781,6.01588432280035,0.844083567276179,0.358231474210052,0.999580718477448
RPS16,0.125693318918322,11.2757308820355,0.843452117946953,0.358411326197725,0.999580718477448
JTB,-0.128426670170409,8.0129258181695,0.843125967647767,0.358504270277749,0.999580718477448
TYW1,-0.418589681659027,4.61693837109977,0.841649282232149,0.35892550095153,0.999580718477448
YTHDC1,-0.224369725698064,7.29733980185193,0.841296885299439,0.359026124242428,0.999580718477448
PET100,0.159064976437422,8.03145541503804,0.840754664535135,0.359181025570506,0.999580718477448
BCS1L,-0.534968864822252,4.20485239318946,0.840543989535587,0.359241235892843,0.999580718477448
PRR3,0.517570248470591,4.12308528535763,0.83999249703456,0.359398916680947,0.999580718477448
NR1D2,-0.41826059472587,5.52941849551973,0.839303321029348,0.359596097378375,0.999580718477448
CORO7,0.247136057026996,6.2410254475343,0.839014986306459,0.359678637242827,0.999580718477448
KMT2E,0.144560693962371,8.12816811603977,0.83859236017896,0.359799667052196,0.999580718477448
NOP53,-0.181999278900903,8.63645361783118,0.838325445302537,0.359876133852957,0.999580718477448
TVP23B,0.524293575352328,4.43338349897761,0.837991806727967,0.359971747389941,0.999580718477448
MIF,0.285096755643457,9.45243115527886,0.837463907578442,0.360123103259073,0.999580718477448
MICA,-0.445269144936734,4.44702737756303,0.837459500649706,0.360124367154426,0.999580718477448
CREBL2,-0.343941827035241,5.0996100780409,0.836965344483939,0.360266128586999,0.999580718477448
KLHL24,-0.337359402520121,6.08516743219678,0.836722355771395,0.360335864360149,0.999580718477448
MECR,0.832386040821508,3.86165225199213,0.835897983736622,0.360572591039025,0.999580718477448
ITM2A,0.355127933847323,7.55164647731638,0.835017677895799,0.360825616396017,0.999580718477448
ERLEC1,-0.279872433986818,6.69117999190259,0.834321506696455,0.361025889505176,0.999580718477448
CNPY2,0.201074262657737,6.8324504343233,0.834279705620018,0.361037919631208,0.999580718477448
DHRS4L2,-0.403176741635114,4.99734510387211,0.833781555258632,0.361181327200112,0.999580718477448
LMAN2,-0.257565709803356,7.20902728526022,0.832541261141916,0.361538724715907,0.999580718477448
NCALD,-0.405399469802177,4.76242523278972,0.832537029497628,0.361539944922339,0.999580718477448
DPP4,-0.473579275155248,6.05463033580989,0.832527115298239,0.361542803731635,0.999580718477448
HGSNAT,0.404326951910042,5.10140276463496,0.831838633980096,0.361741407113871,0.999580718477448
NDUFS8,-0.16896913360852,7.05343794549332,0.8314707623845,0.361847587250737,0.999580718477448
PRKAR1A,-0.297472239381695,7.12906692169619,0.830786577125554,0.362045180619626,0.999580718477448
AIMP1,-0.18621635324872,7.15119374636857,0.829959486558652,0.362284244148877,0.999580718477448
SYTL1,0.316754234846868,6.59296224229757,0.829877084683965,0.362308073654128,0.999580718477448
HSD17B11,0.213776466089401,6.27513713728479,0.82975212866843,0.362344213370918,0.999580718477448
GIT2,0.307331985789858,6.18050964289222,0.8292276925058,0.362495944855465,0.999580718477448
NUSAP1,0.891947495743016,4.72238756231251,0.829133025145534,0.36252334365931,0.999580718477448
ZNF680,0.444355850784536,4.44925138344322,0.828522210750649,0.362700195508348,0.999580718477448
ALKBH4,0.560182421424948,4.2031618983657,0.827810765787989,0.362906333717145,0.999580718477448
PIN1,0.208731090216949,7.13829081322801,0.82780955398019,0.362906684971519,0.999580718477448
ADK,-0.31695085124812,5.21814733934791,0.82780921420589,0.362906783458516,0.999580718477448
CAMK1D,0.40360094713603,4.82132740087031,0.826042084100499,0.363419504153435,0.999580718477448
SC5D,-0.411913934877688,5.01082106677582,0.825689996622078,0.363521779583455,0.999580718477448
IL15RA,-0.425810638159197,4.36166987736647,0.824296928172936,0.363926832984542,0.999580718477448
DLAT,0.471651166522514,4.32299129094484,0.824204316261884,0.363953783279446,0.999580718477448
RPS13,0.113856028562682,11.2920900047785,0.824036397329515,0.364002655148503,0.999580718477448
TGIF1,0.324305153809372,5.28082814859224,0.823025693017604,0.364297006977344,0.999580718477448
SERTAD3,-0.393239799047607,4.82991293399838,0.822890819577463,0.36433631167712,0.999580718477448
RHBDD1,-0.49099908439241,4.37148018421567,0.822750663253475,0.364377162131889,0.999580718477448
ULK3,-0.414854528388022,4.47643980673799,0.822101487165183,0.364566456026527,0.999580718477448
TAX1BP1,-0.127500392761399,8.1183760063417,0.821645655212781,0.364699453916795,0.999580718477448
TRAV4,1.13911983923422,3.93995260036246,0.820582702087195,0.365009852525046,0.999580718477448
RMND5B,0.505765090880543,4.22200494480615,0.820379461204123,0.365069243663678,0.999580718477448
NPC1,0.388405665226848,4.91137121691965,0.820370391889957,0.365071894214716,0.999580718477448
CALM3,0.213122313331112,7.25136325794163,0.820144548675019,0.365137906591738,0.999580718477448
OTULIN,-0.279750009624251,6.67473813493716,0.819931037263723,0.365200329684261,0.999580718477448
IFI6,-0.320810466265766,7.19317200480197,0.819436191639465,0.365345061712005,0.999580718477448
STARD7,-0.241066888944862,6.03006000056702,0.819246955557703,0.365400430339271,0.999580718477448
ACSL6,0.756610963989536,3.91660140322875,0.818661448077087,0.365571817811343,0.999580718477448
DCAF4,-0.657797051937843,4.14990917983189,0.818459864549204,0.36563085035369,0.999580718477448
MRPS17,0.405265601815858,4.94970140622208,0.81808397131122,0.365740963778683,0.999580718477448
TBC1D2B,0.278594835551797,6.32918909648567,0.817602061394824,0.365882200818896,0.999580718477448
LY75,-0.388947328359577,5.45850928879319,0.816595473275019,0.366177453521753,0.999580718477448
GPR68,-0.26836567694818,5.61603152328739,0.816572286479357,0.366184258573984,0.999580718477448
NANS,-0.401359865277243,5.16203322315863,0.815954103975738,0.366365752619198,0.999580718477448
CLCC1,-0.404961773647415,4.54897015226468,0.815742862146692,0.366427800361588,0.999580718477448
SACS,-0.360399688405954,5.4903559668194,0.815545199623264,0.366485872687484,0.999580718477448
MPRIP,0.327745941229227,6.10384187693621,0.815425835912677,0.36652094737582,0.999580718477448
TM9SF3,0.177892536439474,6.97921592981811,0.814717472562616,0.366729193875955,0.999580718477448
STX11,0.387822727484187,5.13073926269241,0.81447597474596,0.366800227588932,0.999580718477448
IL4R,-0.339242804808693,5.52323233419601,0.814404403194029,0.366821283181217,0.999580718477448
TAF11,0.3303166694469,5.90911345535263,0.814233859520586,0.366871462089514,0.999580718477448
SSH1,0.353357941499043,5.17426697028835,0.814026636163227,0.36693244605917,0.999580718477448
RPL23,0.153157892435681,10.0915533013229,0.813659302278284,0.36704058372707,0.999580718477448
IFIT3,1.72561546934276,4.42955755878194,0.813583234149763,0.367062982593386,0.999580718477448
ASB1,0.355238615979583,5.07170147012694,0.813371309938756,0.367125395381719,0.999580718477448
PER1,-0.480729202915036,4.48856667170742,0.811641879547047,0.367635273351873,0.999580718477448
IKZF5,0.390164818142924,4.89580548842883,0.811533632983507,0.367667219786712,0.999580718477448
DDX11,0.44561301482731,4.72107751199843,0.810949718163768,0.367839615140764,0.999580718477448
OSGEPL1,-0.533320996447311,4.09373202507298,0.810948466318909,0.367839984856914,0.999580718477448
ARFIP2,0.354538133609125,4.78174663132113,0.810896049079148,0.367855466072992,0.999580718477448
CSNK1G2,-0.221986754162169,6.42360188406223,0.810704596637919,0.367912018463302,0.999580718477448
THOC7,-0.207456007952957,6.69329898309022,0.810384094035795,0.368006717545729,0.999580718477448
PSMG3,0.324483436997709,5.57674555202041,0.810179102182538,0.368067304380972,0.999580718477448
QTRT2,0.464750542736391,4.45067534274039,0.810134569170142,0.368080468271668,0.999580718477448
PRPSAP2,0.331426032911609,5.29515933343143,0.809986230634216,0.368124321641651,0.999580718477448
LRRC57,0.376692687880412,4.97781762006943,0.80990471534651,0.368148423127405,0.999580718477448
MTHFD2L,-0.527751626393723,4.155465775006,0.808381236463234,0.368599271794796,0.999580718477448
RIPK3,-0.50225811436858,4.29905924481391,0.807704564843231,0.368799768180867,0.999580718477448
SAFB2,-0.214626016042857,6.25673744405245,0.806766045824658,0.369078100848766,0.999580718477448
TNRC6A,0.234796820142708,6.14498366570506,0.806624571948483,0.369120082536402,0.999580718477448
KDM5B,0.237905135341718,6.48166054700749,0.80637620181118,0.369193801262476,0.999580718477448
TENT2,0.305172994621862,5.91710414452309,0.805483019227175,0.369459076305587,0.999580718477448
SHISA5,0.1801636082024,7.06333491542648,0.805435620971549,0.369473160997448,0.999580718477448
ZMPSTE24,-0.327483939969403,5.4901404019994,0.80534052934979,0.36950142033158,0.999580718477448
TAF5,-0.585718376601948,3.93694416315002,0.804671599987772,0.369700297954098,0.999580718477448
MREG,-0.517540761727723,4.32457386420509,0.804560907810423,0.36973322193918,0.999580718477448
CENPJ,-0.5212397273251,4.13152574863883,0.804454990163006,0.369764729627517,0.999580718477448
DHPS,-0.218220203113211,6.15564959119532,0.80393251027332,0.369920208310802,0.999580718477448
MAN2A2,-0.370304572019564,4.95217508731675,0.802851920033772,0.370242057883424,0.999580718477448
VAMP5,0.310497374096831,6.56082382352323,0.802107130698161,0.37046411788607,0.999580718477448
SNX14,-0.339270622950831,5.61112588300426,0.801904624534155,0.370524527516009,0.999580718477448
IRF3,0.174028782801398,6.97996181824913,0.80146686702903,0.37065516197312,0.999580718477448
P2RX5,0.433884479346547,4.88357507088192,0.801406042203681,0.370673318244901,0.999580718477448
WDR86-AS1,0.9312962156376,4.90535151021151,0.801121546008021,0.370758257128863,0.999580718477448
DHX58,-0.717247139321445,4.52818406937152,0.800822461710876,0.37084758071526,0.999580718477448
STAMBP,0.319809631819361,5.56885924741966,0.800146283086399,0.371049636886179,0.999580718477448
HDGFL2,-0.345560163078916,5.32957402306865,0.79986968463379,0.371132334528437,0.999580718477448
GMIP,0.460569751113496,5.0026438084423,0.799789846071381,0.371156209516688,0.999580718477448
IPO11,0.595687129957497,4.05871533650887,0.799480063206879,0.371248867544322,0.999580718477448
PWWP3A,-0.432269695752747,5.42058126160123,0.799181266747084,0.371338270078849,0.999580718477448
SCO2,0.491085664687873,5.13875147990632,0.798066073779435,0.371672211367359,0.999580718477448
YWHAH,-0.288899824983884,7.53731597164331,0.79740813222476,0.371869426888641,0.999580718477448
CYBA,0.111352894391868,9.7741236118605,0.797350787469611,0.371886622693058,0.999580718477448
CCT4,0.167112787941576,7.09046442119451,0.797234069518698,0.371921625997868,0.999580718477448
SLC35D2,0.306355801631965,5.98296836583191,0.797075676576164,0.371969134852436,0.999580718477448
FYTTD1,-0.260268863736998,6.26178053934991,0.796242517024565,0.372219174964354,0.999580718477448
DDX55,-0.416640989371764,5.07710488965439,0.796101983499797,0.372261373742849,0.999580718477448
PIK3R1,0.211203559611769,7.33853182324783,0.795890803523982,0.372324798502862,0.999580718477448
KIAA2013,-0.272949944045962,5.67314164981906,0.795877142639372,0.372328901866449,0.999580718477448
LRPPRC,0.444926027640237,5.96509366127459,0.795866077560714,0.372332225565863,0.999580718477448
CD3G,-0.103420524324957,9.72842105977603,0.79546193566109,0.372453649094751,0.999580718477448
TBC1D20,-0.220473938853708,6.18084045712461,0.795080192388802,0.372568393879445,0.999580718477448
GNPAT,-0.289625111180921,5.55550349642022,0.794864061666674,0.372633380599333,0.999580718477448
ARF4,-0.364145834411667,6.40439278161264,0.794768848456926,0.3726620145747,0.999580718477448
SRP14,0.122009574995963,9.67188921032367,0.79470689131389,0.372680648929474,0.999580718477448
SNAPC4,-0.323095491806571,3.94823640916534,0.794448426590666,0.372758399363746,0.999580718477448
MYL6,0.0900269729361807,10.2715632180325,0.794210409541693,0.372830018877684,0.999580718477448
ARL6IP5,-0.150612343571643,8.91746297582935,0.793659864582274,0.372995752083838,0.999580718477448
LSM5,-0.194715769825045,6.69849620441865,0.793415533376361,0.373069337322488,0.999580718477448
RPAP2,-0.286670777643109,6.23224395924126,0.793411402483363,0.373070581598366,0.999580718477448
RAB11FIP4,-0.474440510554819,4.91989643030434,0.792978232562183,0.373201089968143,0.999580718477448
DOK2,0.16863079805073,7.07593882598274,0.792224607067658,0.373428299755127,0.999580718477448
VAPA,-0.190666172482105,7.4746725262239,0.791324138452529,0.373700035228092,0.999580718477448
SCAF4,0.304231167789524,5.29841521427448,0.791082739977608,0.373772929409457,0.999580718477448
DDX19A,-0.334177770458103,5.16153904169001,0.790758824784057,0.37387077215479,0.999580718477448
EIF5,-0.162734356622873,7.518845863094,0.790098779360062,0.374070258463734,0.999580718477448
OCIAD1,-0.152538043974926,7.18779881463108,0.790073262801586,0.374077973357962,0.999580718477448
NOL12,-0.303369535130833,5.3791187240029,0.789868591364764,0.374139863537751,0.999580718477448
UNG,-0.473568246059084,4.48655511263855,0.789624883104025,0.37421357670519,0.999580718477448
MADD,-0.388899862948885,4.90905399294279,0.788786906234744,0.374467190621526,0.999580718477448
IL18R1,0.579495535465992,5.18504464388147,0.788715627123011,0.37448877438379,0.999580718477448
AGL,0.362388865515244,5.11842271209641,0.787375623230803,0.374894860909223,0.999580718477448
MRPL35,-0.311369044714873,5.41500636616807,0.78723050941538,0.374938874537124,0.999580718477448
GTPBP4,0.281847930994472,5.89167444596135,0.787024916625329,0.375001244104981,0.999580718477448
UBL3,0.239807331252551,6.36470856668224,0.786635166759752,0.375119520371273,0.999580718477448
ATP1A1,-0.168319778096325,7.13055073281367,0.786466468787713,0.375170730892404,0.999580718477448
PSMD5,-0.427218168139279,4.64973667836057,0.786419130125569,0.375185102938174,0.999580718477448
ANKLE2,0.217262582140482,6.17467193253249,0.78627942177246,0.375227522982544,0.999580718477448
YWHAQ,0.370567379889216,7.53454607879963,0.785672064962281,0.375412014732235,0.999580718477448
ZNF583,-0.522635561540453,3.99962098528464,0.785540966725487,0.375451854068226,0.999580718477448
SH2D2A,0.204343797576797,6.33937473066053,0.785348572135578,0.37551033145171,0.999580718477448
PACC1,-0.685364488779356,4.12007256212167,0.785294300890474,0.3755268292406,0.999580718477448
CSNK2A2,-0.350719148843897,6.12761884901151,0.785186500888271,0.375559602129928,0.999580718477448
ASF1A,-0.26446552237225,5.91298821319163,0.784563759645465,0.375749003866471,0.999580718477448
RGCC,0.349475815331901,7.61623057110518,0.783171272552858,0.37617300333865,0.999580718477448
RAB11FIP2,-0.355388477697587,4.9054494756326,0.783007253741364,0.376222989803065,0.999580718477448
FKBP2,-0.229821810035855,5.77092620949896,0.782634492289002,0.376336627513504,0.999580718477448
PACSIN2,0.441421607412371,4.63117546588181,0.78262511308558,0.376339487420616,0.999580718477448
PTRHD1,0.344492297106752,5.60850911124516,0.782392913835025,0.376410299367333,0.999580718477448
ZNF146,-0.28130682355966,5.55008662140553,0.782276293589108,0.376445871176066,0.999580718477448
GOLGA3,-0.261168471544337,5.84207111032308,0.780930993129303,0.37685656016926,0.999580718477448
VKORC1,-0.24677150913943,6.54925537237261,0.78074157861762,0.376914434619324,0.999580718477448
PTGES2,-0.346236510953315,4.95231503865591,0.780219655069356,0.377073969883078,0.999580718477448
OS9,-0.27174614283449,6.15464979203392,0.780029962898292,0.377131976225216,0.999580718477448
EFR3A,0.297769801732173,5.89561209030263,0.779978947940091,0.377147578331927,0.999580718477448
LYRM2,0.275980404969813,6.53646885429405,0.779605366490483,0.377261859909594,0.999580718477448
PPP2R3C,0.28010181545552,5.96863355594416,0.779395194692675,0.377326174577807,0.999580718477448
FAHD1,-0.464024828290382,4.30548891999331,0.778686329339815,0.377543208286633,0.999580718477448
RRP9,0.435172130779358,4.43767352837128,0.777901228362438,0.377783788264929,0.999580718477448
KLC2,0.472939215753984,4.43112109526722,0.777769468993306,0.377824184690194,0.999580718477448
KRR1,0.276506890710964,6.57972425660633,0.777335096659888,0.377957403054099,0.999580718477448
NELFA,0.330176335814736,5.11927043214802,0.776774441775491,0.378129449051631,0.999580718477448
SEC61G,-0.119005813487065,8.29457921590924,0.776252307633616,0.378289773576497,0.999580718477448
AP1B1,0.4466183460749,4.81420633791138,0.775079201765646,0.378650332575036,0.999580718477448
ARL17A,0.326539213075053,5.47270567969326,0.77485343761534,0.378719777711516,0.999580718477448
ATP5F1D,-0.162795838395104,8.48173181009698,0.773741273602701,0.379062142056547,0.999580718477448
EDEM1,-0.277988793226753,5.8667769410633,0.773298458066254,0.379198578215005,0.999580718477448
ZNF345,-0.482389433316218,4.39222963483015,0.772920150602841,0.379315193634348,0.999580718477448
ACSL3,0.326026462531694,5.38729609656545,0.772903635728943,0.379320285590411,0.999580718477448
GIMAP1,0.274484132564017,7.15134950040397,0.772870211173604,0.379330591526894,0.999580718477448
EPC1,0.146831603540188,7.60945303974659,0.771015513366095,0.379903078380278,0.999580718477448
APIP,-0.352083477240569,5.3829130164606,0.770949935222765,0.379923342609426,0.999580718477448
PHF2,-0.369516547503042,4.87128265022232,0.770652809769992,0.380015176142866,0.999580718477448
CCDC115,-0.223039485099206,6.05915893159918,0.770593801031097,0.380033417897302,0.999580718477448
EZH2,0.500265603784446,5.41208694281096,0.770585772972817,0.38003589975863,0.999580718477448
MYO9B,0.26874733106269,6.6340761875421,0.769951751216246,0.380231978885026,0.999580718477448
DUSP7,-0.56147952256175,4.34351487806423,0.768854127729689,0.38057177065705,0.999580718477448
SSH2,0.25361694543631,6.10100168984745,0.768083988319818,0.380810439269619,0.999580718477448
WDR48,0.475156068253933,5.23761258046895,0.767423960124546,0.381015152483901,0.999580718477448
RUFY1,-0.353819676216094,5.2959189763037,0.766622419740763,0.381263966179974,0.999580718477448
HMGB1,0.110236328337586,10.3690696941222,0.766446128952948,0.381318721093023,0.999580718477448
POLD4,0.198872926247928,7.26907813501748,0.765783175139745,0.381524730375263,0.999580718477448
YME1L1,-0.176781393375911,7.21903844429973,0.765573995611453,0.381589764455751,0.999580718477448
RAD17,-0.317794845994504,5.21258207457943,0.765488132407936,0.381616463934717,0.999580718477448
CDK5RAP2,0.333049946791778,5.52173488184622,0.765370897848454,0.381652922721478,0.999580718477448
TNFSF12,-0.337173338884471,6.62708978046505,0.764988773977507,0.381771793687331,0.999580718477448
HNRNPC,-0.108709961163625,8.70873988026527,0.76463534598148,0.381881784605282,0.999580718477448
TTLL3,-0.49089313420539,4.45358121079509,0.764499715140261,0.381924006417205,0.999580718477448
UQCRQ,-0.180342004774941,7.7105428275558,0.76385107298637,0.382126019803382,0.999580718477448
SEPTIN7,0.610488083673884,9.39337285912973,0.76330334235675,0.382296723113783,0.999580718477448
SRP9,-0.129733460150916,7.48669427704598,0.762989149640826,0.382394691779729,0.999580718477448
HOMER1,-0.567806310728588,3.96876520575974,0.762613805744421,0.382511774668813,0.999580718477448
KANSL3,0.453475666541069,4.8480161716082,0.762584384452925,0.3825209543451,0.999580718477448
OSBP,0.269181318703473,5.7158985411694,0.762489563527284,0.382550541349984,0.999580718477448
IDH3A,-0.348211567727655,5.00543641307846,0.761230958940181,0.38294357155212,0.999580718477448
FAM24B,-0.505257073904272,4.38914254962057,0.760977724460009,0.383022719397982,0.999580718477448
SUPT5H,0.230776723278875,6.2896210580359,0.760887122351458,0.38305104250869,0.999580718477448
NDUFV2-AS1,-0.692990862682373,4.06827998888822,0.760693198004596,0.383111675148525,0.999580718477448
BST2,-0.22179171937433,7.79751590998231,0.760166819063555,0.38327632209516,0.999580718477448
LPGAT1,0.265140622503864,6.07533083366377,0.760105988412311,0.383295355883836,0.999580718477448
DENND1B,-0.269826434778167,6.1300478115309,0.759327527629644,0.383539053105278,0.999580718477448
RBM5,0.281575398588826,6.71374009416304,0.758327876588089,0.383852316462724,0.999580718477448
RREB1,0.378099773476792,4.93016290078273,0.757614863639525,0.384075977178474,0.999580718477448
SHKBP1,-0.252833160501721,5.84747607201019,0.757593877074363,0.384082563129479,0.999580718477448
DHX9,-0.189476938577571,6.56050790017563,0.757584018232578,0.384085657061719,0.999580718477448
CLSTN1,-0.244788875320242,5.96910494955467,0.757421865797225,0.384136549318144,0.999580718477448
ATP6V1F,-0.180066042746654,7.5258471866926,0.75711306208864,0.384233495204953,0.999580718477448
SUPT16H,-0.224810039034369,6.7645719665544,0.756745798415675,0.384348839258925,0.999580718477448
SCAI,-0.416435244684667,4.8710979354121,0.756139090026027,0.38453949186528,0.999580718477448
FAM228B,-0.40141171018323,4.79851526081614,0.755967880785864,0.38459331711812,0.999580718477448
TPI1,-0.156949001801059,7.99636728029133,0.755958541155836,0.384596253645689,0.999580718477448
TBC1D4,-0.482795081828943,5.03458214759526,0.75592788133817,0.384605893801768,0.999580718477448
LIAS,-0.448528597523192,4.99142891835254,0.755260598867796,0.384815787923486,0.999580718477448
SELENOH,0.157193437415658,7.84191743626128,0.754635069417969,0.385012696454215,0.999580718477448
APOL3,-0.289301281048204,5.43122434923133,0.7531534795154,0.38547965344313,0.999580718477448
ZFP14,-0.303794828727337,5.37932820376136,0.752936385186009,0.385548143333783,0.999580718477448
DDX39A,-0.206424554958288,6.30471759414007,0.752168190572942,0.385790635857772,0.999580718477448
PPP1R12A,-0.117993629372566,7.93520658691378,0.750072014020033,0.38645343166537,0.999580718477448
TNRC6C,0.346411231529173,6.28326169759152,0.748639442777328,0.386907333390862,0.999580718477448
MROH1,-0.368401159308347,4.64385906704815,0.748474158721209,0.386959751530667,0.999580718477448
ASCC1,-0.625019717852425,4.36497397230043,0.747756613527361,0.387187430995192,0.999580718477448
E2F4,-0.367728461965161,5.81569454382721,0.746869948626685,0.387469036569665,0.999580718477448
PPP4R3B,0.204588283880326,6.42710134357803,0.74678963586319,0.387494558398397,0.999580718477448
HOOK3,-0.230215586607212,6.32643394425309,0.746707120462464,0.387520782679116,0.999580718477448
ARPC3,0.109273895694836,9.42276637414652,0.74663355057992,0.387544166112382,0.999580718477448
EMC7,-0.17272617794893,6.90136877937204,0.745865807759609,0.387788305424255,0.999580718477448
PIK3R5,0.370807068097235,5.34974768943443,0.745851398743422,0.387792889533992,0.999580718477448
PITRM1,-0.417138351487026,4.53513055891599,0.74553833144082,0.387892508406582,0.999580718477448
MPHOSPH10,0.24245512508428,6.3378454049756,0.745221652287134,0.387993313730956,0.999580718477448
NINJ1,-0.387243862025839,5.09065373623796,0.744132496574018,0.388340299388994,0.999580718477448
ARRB2,-0.222219364215125,6.85266719589317,0.744040807087865,0.388369530241708,0.999580718477448
PATZ1,0.578121335341437,4.29042864038752,0.743712795565964,0.388474126913803,0.999580718477448
PPOX,0.469043301486704,4.46875374134721,0.74279984911806,0.388765460153039,0.999580718477448
PHKB,0.289691014173668,5.96667254059254,0.742774163310514,0.38877366134528,0.999580718477448
TRMT13,-0.348840128180044,5.67127230384576,0.742546017238963,0.388846516692182,0.999580718477448
NCOA2,-0.317427211936054,5.98616067618405,0.742409056287391,0.38889026267956,0.999580718477448
BICDL1,0.44190637077845,5.82248006158126,0.742332083224158,0.388914851332776,0.999580718477448
DNMT3A,0.361862323115524,5.39496890853937,0.742118719558128,0.388983020882882,0.999580718477448
ZNF419,-0.536402477257429,3.92027868488802,0.74209414691661,0.388990872921883,0.999580718477448
PPAN,-0.300640716911426,5.27334744603518,0.74208161539239,0.388994877381866,0.999580718477448
TXNIP,-0.30423822261865,10.7610918413876,0.742025088451028,0.389012941349609,0.999580718477448
SQOR,-0.233724222770411,5.99367641278846,0.741785023334032,0.38908967084212,0.999580718477448
WDR7,-0.436241159436999,4.47996834247241,0.741586004632687,0.389153297497425,0.999580718477448
AP1AR,-0.423301085123961,4.83191153925969,0.74126019780892,0.389257490657181,0.999580718477448
HAUS6,-0.443545568272839,5.48615261392149,0.741185392316282,0.389281419113663,0.999580718477448
ABCF3,-0.422185599382671,4.61618089739673,0.740976628458206,0.389348208713692,0.999580718477448
TBC1D9B,0.354222489613778,5.15327931492674,0.740959250018804,0.389353769317945,0.999580718477448
ARL14EP,-0.290287996777942,6.15636274052923,0.740871692888177,0.389381786825944,0.999580718477448
RASSF1,-0.189517412031801,6.69923668559935,0.740633327565785,0.389458076228271,0.999580718477448
C21orf58,-0.584988788903612,3.86487298039935,0.739923391458808,0.389685419665172,0.999580718477448
VHL,0.28109456831261,5.43613929198007,0.739659260392171,0.389770051019565,0.999580718477448
PKN2,0.240732925089101,6.10173018589662,0.739614716813523,0.38978432600682,0.999580718477448
METTL26,-0.208745074322726,7.08864668163024,0.739394718460298,0.389854840374241,0.999580718477448
VPS16,-0.468034066421124,4.66198592351826,0.739095751388158,0.389950695225539,0.999580718477448
TAOK2,0.381538695038297,4.60350387642407,0.737796729154281,0.390367579693838,0.999580718477448
MED8,-0.334389801560665,5.4982518271782,0.737331219119168,0.390517127240436,0.999580718477448
BLOC1S2,-0.198776291270803,6.38899852606607,0.737087812111419,0.390595355679994,0.999580718477448
MCM5,-0.357800725093432,4.97955391109471,0.736051917630118,0.390928532318987,0.999580718477448
HELLS,0.387225178968386,5.19172105282351,0.735825778868405,0.391001319872583,0.999580718477448
EFCAB14,0.185341911097781,6.69793544993091,0.735754454471557,0.391024281168996,0.999580718477448
ERAP2,-0.302159966291468,6.60072008882873,0.735338654639492,0.391158177104829,0.999580718477448
COQ8B,0.492369964523908,4.51225340687548,0.735022274198629,0.391260102008186,0.999580718477448
ARMCX3,-0.297909974054644,5.76303179594469,0.734967946979401,0.391277607856318,0.999580718477448
MIR762HG,0.489899099387432,4.21475981115791,0.734954061379558,0.39128208239028,0.999580718477448
MINCR,-0.478124840832579,4.36538627776704,0.734741440984815,0.391350606932263,0.999580718477448
CIR1,0.284038032401392,6.76738131427399,0.734337535569827,0.391480827310058,0.999580718477448
TMOD3,-0.180417510300779,7.43091721763214,0.73424851057106,0.391509537603913,0.999580718477448
MAPRE2,0.262720618510344,5.90844250847049,0.733674521740973,0.39169471976923,0.999580718477448
FAM120A,0.224568375500127,6.59939580392329,0.733511249531679,0.391747418130421,0.999580718477448
USP32,0.377609996365396,4.67461846300189,0.732950035368074,0.391928635318789,0.999580718477448
PGM2,-0.417834361774904,4.72148706356892,0.73161109681077,0.392361467288194,0.999580718477448
CYB5R3,-0.267688444592933,5.92340110508149,0.730630204718541,0.392678990868054,0.999580718477448
FAM98C,-0.318864061288288,5.59022833537701,0.730190481779838,0.392821452904342,0.999580718477448
LINC00847,0.337037200962487,4.93130170706409,0.729909390136054,0.392912560249463,0.999580718477448
WDR82,0.190123578713654,6.91191870523109,0.72974512649623,0.392965815384891,0.999580718477448
ZMIZ1,-0.318891409335533,5.31184894782186,0.729304557337303,0.393108701430389,0.999580718477448
CCR6,-0.369554954780733,5.35178316461466,0.728740085602158,0.393291880851,0.999580718477448
CYB5B,0.233484560910227,5.94317375440488,0.72862199493718,0.393330218530493,0.999580718477448
PHF5A,0.269383001942143,5.66213829885116,0.728565396038367,0.393348595048834,0.999580718477448
SNRPA1,-0.20736448793672,6.28849478356145,0.728539867378243,0.393356884092504,0.999580718477448
ATE1,0.348583765791272,5.14622628486631,0.728275095429529,0.393442869185815,0.999580718477448
COA5,0.362662042530184,5.59953207292326,0.727889836319585,0.393568030929345,0.999580718477448
TMEM238,0.300949331062412,6.34359873872417,0.727600385267175,0.393662104517935,0.999580718477448
MYADM,0.423116230199439,7.69323759547954,0.72705226239029,0.393840336833571,0.999580718477448
IVNS1ABP,-0.351939230656796,8.078631442728,0.725361504519574,0.394390849865353,0.999580718477448
GPR171,-0.269711190047397,7.69563371908429,0.725163010194876,0.394455552493966,0.999580718477448
SRM,0.191142648314934,6.37499769477921,0.724938189592072,0.394528855077327,0.999580718477448
EIF5A2,-0.365963699314648,5.33784869856631,0.724341169777414,0.394723608125423,0.999580718477448
TMED8,0.627156828857822,4.6315330384085,0.723701839795677,0.394932316631641,0.999580718477448
LRRC8A,0.465641896811576,4.48231399979899,0.723209826890011,0.395093041885831,0.999580718477448
GSR,0.439171523344552,5.46962197769101,0.723001426563487,0.395161148172261,0.999580718477448
CCDC117,-0.359690845158174,5.02486885130982,0.722532203534772,0.395314554569945,0.999580718477448
CD247,0.223027682518801,8.04008136371189,0.722228837863939,0.395413781728129,0.999580718477448
SLC25A25,0.37938670103127,4.55318779014805,0.721888417446886,0.395525171778581,0.999580718477448
ABCD3,-0.400504523924538,4.70653814128032,0.721298928460003,0.395718167349816,0.999580718477448
WDR1,0.227930953896284,7.20506968902245,0.721118457428489,0.395777279752717,0.999580718477448
N4BP2L1,-0.225304546201237,5.88665765618876,0.720286332837365,0.396050002857844,0.999580718477448
DNAJC9,-0.288498592140254,5.68400776569718,0.71975774511221,0.396223384637955,0.999580718477448
DNAJC4,0.323684757773173,5.5237332804676,0.719668758824646,0.396252583750919,0.999580718477448
CXCR3,-0.193093913316295,7.24192569521791,0.719611751560709,0.396271291203074,0.999580718477448
GLOD4,-0.263027069559059,6.40450112380225,0.718201883108023,0.396734358181149,0.999580718477448
PRPF31,-0.267703756919759,5.96909181071952,0.717687273696246,0.396903574661521,0.999580718477448
NDUFC2,0.159710025502172,7.84327199130919,0.717508841826165,0.396962271867457,0.999580718477448
COMMD5,-0.268957755212668,5.39875766227942,0.716322257080611,0.397352931605397,0.999580718477448
TOR1A,0.289841417315085,5.71846287888586,0.716179534305192,0.397399957693627,0.999580718477448
RPUSD1,-0.399034077821304,4.54158328777966,0.715984781839421,0.397464140151006,0.999580718477448
ELP6,-0.280052979267241,5.29913963517134,0.715921851551872,0.397484882605316,0.999580718477448
SCYL2,0.339191883096279,5.12617964944065,0.715281704891202,0.397695970296992,0.999580718477448
CD3E,-0.0702239040286254,9.48666516707745,0.715086829790811,0.397760262329089,0.999580718477448
BCDIN3D,0.449785398293279,4.277769869968,0.715054478629739,0.397770936885594,0.999580718477448
TLE4,-0.184661530734745,7.085706545861,0.714960016601932,0.397802107851306,0.999580718477448
TOMM40,0.270659719232167,5.52165794720255,0.714353884972278,0.398002205706291,0.999580718477448
TRAF3IP1,-0.509019897223361,4.16066875080552,0.714166657939229,0.398064043036089,0.999580718477448
CSDE1,-0.16621748962531,7.71948196421562,0.714018140696467,0.39811310518261,0.999580718477448
PSMA1,-0.147687468826524,7.27664724599879,0.713250212133362,0.398366927263621,0.999580718477448
RABGEF1,0.48626559400951,4.43559313875135,0.71185732038613,0.398827915254702,0.999580718477448
TPRKB,-0.264623021960565,5.89909048257102,0.711425220823401,0.398971078784996,0.999580718477448
PRAG1,0.493313951621775,4.09672270960047,0.711423129314483,0.398971771926143,0.999580718477448
TMEM30A,-0.250941763882581,5.97366887841579,0.711312780736311,0.399008344714308,0.999580718477448
TRIM26,0.361279672712373,5.09791011760172,0.711164276947685,0.399057570933211,0.999580718477448
KIAA1191,-0.392480828369287,5.05081166198095,0.710894818706523,0.399146913743831,0.999580718477448
ULK1,0.460296546417631,4.35253674087358,0.710100981539821,0.399410290511776,0.999580718477448
FBXO28,-0.335921042196801,4.81044621078126,0.709894340504617,0.399478890516304,0.999580718477448
RPS6KA5,-0.208848960877873,6.51742736967683,0.709791233494672,0.399513126023751,0.999580718477448
UBE2D3,-0.103571891579178,8.34505852985425,0.709619102694397,0.399570289568519,0.999580718477448
TMED9,-0.161038677249989,6.99351992324494,0.708452389408832,0.399958060319767,0.999580718477448
AFTPH,-0.266534567917708,5.79559674752218,0.7081356831301,0.400063415490526,0.999580718477448
ELMO1,0.285203006413848,5.42197477527503,0.707122926854191,0.400400588186351,0.999580718477448
HCFC1R1,-0.289482620295069,5.35771704907711,0.706885756722151,0.400479607814402,0.999580718477448
TSPAN5,-0.252050401473143,5.52656413857348,0.706833500816498,0.400497021321113,0.999580718477448
TMSB10,0.131037947786292,11.6757963019139,0.706764915163932,0.400519878141532,0.999580718477448
DUSP5,-0.404161606192555,5.68667447082511,0.706543579357575,0.400593653314814,0.999580718477448
SCML4,-0.351416107333922,6.60638768045892,0.705589343454619,0.400911943087306,0.999580718477448
ZCCHC17,0.223656254888568,6.04336489827286,0.705197973197364,0.401042592610241,0.999580718477448
RNF135,0.531506320160229,4.05478054041552,0.705081051690506,0.401081636029569,0.999580718477448
MIEF1,-0.33284062725114,4.99684136454185,0.704881003276389,0.401148450692336,0.999580718477448
GSPT1,0.161660554451579,6.85518656757678,0.704332144994894,0.401331848264347,0.999580718477448
COMMD2,-0.258644773180584,6.02414023513193,0.704308818684348,0.401339645303421,0.999580718477448
GLRX2,-0.298670771534236,5.23697362043461,0.704117309873567,0.401403667248442,0.999580718477448
NME7,-0.412150374654359,4.84502414105205,0.703947303777259,0.401460513207117,0.999580718477448
GLA,0.524428059899581,4.13538568358095,0.703709954103515,0.401539896808655,0.999580718477448
THAP4,-0.395683584683579,4.62563998775152,0.703264363889611,0.401688989836988,0.999580718477448
CLTB,0.172934066290769,6.78145381169361,0.702782510725097,0.401850306893923,0.999580718477448
MAST3,0.315190751693812,5.01431824034798,0.702573462127015,0.401920322453985,0.999580718477448
SLC1A5,-0.255645504773232,6.49887523978141,0.702475015206439,0.401953300912019,0.999580718477448
NUDT19,0.448403765372057,4.79636056191627,0.701499999433558,0.402280131283676,0.999580718477448
DVL1,-0.451951614441824,4.28127069218642,0.701403558093166,0.402312479927281,0.999580718477448
RMC1,0.389585447215356,4.75856640113698,0.701331628443143,0.402336609249769,0.999580718477448
CDC37,-0.13355321284236,7.31262447683911,0.700900433721922,0.402481300793178,0.999580718477448
MRPL3,-0.248556280853218,5.69323803785803,0.699944204685895,0.402802442914374,0.999580718477448
ARHGEF19,0.495734903669059,3.92717107821302,0.699942584211172,0.402802987454754,0.999580718477448
CDKAL1,-0.400719534714288,4.68724091101416,0.699884604701563,0.402822471453069,0.999580718477448
PLEKHM1,-0.362433429162839,5.02272159851369,0.699129344138255,0.403076401951866,0.999580718477448
NDUFAF5,0.524371025921568,4.10769848683821,0.698986064232235,0.403124601214,0.999580718477448
TUBGCP4,0.503232501445477,4.8032241692542,0.698744675191385,0.403205823305832,0.999580718477448
TMEM131L,-0.346551073940602,4.79763752514522,0.698465959913458,0.403299634504259,0.999580718477448
NDUFAF2,-0.255307074609742,5.82960975389615,0.697962760390652,0.40346908411973,0.999580718477448
PSMC4,-0.227572814046486,6.39166425118433,0.697904085421669,0.40348884933821,0.999580718477448
UBE2G2,0.209696317475696,6.65283163345227,0.696969053669188,0.403804014119284,0.999580718477448
QSER1,0.497391354899425,4.19543225997811,0.69691944199003,0.403820746411972,0.999580718477448
WIPI1,0.369997304470441,4.97024736505684,0.696791261181875,0.403863982016448,0.999580718477448
ATP11B,0.288212790717874,6.27640910937417,0.69623784279125,0.404050728467152,0.999580718477448
RALB,-0.335736391581413,5.01746180018719,0.696186741289921,0.404067978594432,0.999580718477448
MAP3K5,0.310613706286583,5.25885837330027,0.696174736393555,0.404072031194549,0.999580718477448
CDKN2C,0.473549201717263,4.21112444906236,0.696002398752244,0.404130215284966,0.999580718477448
ULK2,0.485120338798898,4.30264416324312,0.695154332154864,0.404416714938371,0.999580718477448
PRIM2,0.370791144217871,4.77421974086066,0.695130337457721,0.40442482530019,0.999580718477448
XRCC1,0.440254794091635,5.14576513667489,0.694942225304786,0.404488416639623,0.999580718477448
CNOT11,0.336387126898037,5.30230189766836,0.69485883716106,0.404516610680006,0.999580718477448
MRPL21,0.272184405979298,6.05529575198008,0.694246360185336,0.404723780791367,0.999580718477448
SNRNP25,-0.360353062265203,4.89965192156856,0.694101805063202,0.404772699092646,0.999580718477448
RBAK,0.518469852990902,4.11245319331196,0.693692195757629,0.404911360167937,0.999580718477448
LRRFIP2,0.317476349238921,5.46247695130861,0.693096493899745,0.40511314114476,0.999580718477448
GPR183,0.379310413785827,7.17820811960469,0.692955909742066,0.405160782367008,0.999580718477448
NUP188,-0.365309170932415,4.76370210680155,0.692914132949508,0.405174941282049,0.999580718477448
BCCIP,0.300033705586048,5.52550861221326,0.691783408095477,0.405558439168592,0.999580718477448
TMEM127,0.33754077101551,5.06203598937429,0.691314576266768,0.405717604226618,0.999580718477448
CLPTM1,0.333035924909354,5.26348296927173,0.690842977137089,0.405877800881594,0.999580718477448
LNX2,-0.468844550680652,4.16201360489752,0.690682383869861,0.405932373621349,0.999580718477448
BTN3A1,0.227322521123641,6.6134694823107,0.690542296614503,0.405979986776531,0.999580718477448
OTUD4,0.268517194606866,5.51756852600389,0.690217477814481,0.406090418302976,0.999580718477448
SLC38A2,-0.143852256049094,7.82577478059617,0.689721186567848,0.406259231681605,0.999580718477448
ST6GALNAC6,0.363326488289835,4.73047928408732,0.688118190566843,0.406805192298341,0.999580718477448
EIF4E,-0.305168590707012,6.1979537082546,0.687853614360535,0.406895406901666,0.999580718477448
PBRM1,0.263330471843078,6.53571494162588,0.687749112585413,0.40693104775137,0.999580718477448
ADCY3,-0.303824008226356,5.0951902886524,0.687537030261284,0.407003393532552,0.999580718477448
LSM6,0.230038383215084,6.6845923551562,0.687491656149918,0.407018874050039,0.999580718477448
GSDMD,-0.175141542076498,6.69665078182087,0.687470055331287,0.407026244014621,0.999580718477448
CNTRL,-0.343676517793037,6.71126249655196,0.687376746545558,0.407058082203371,0.999580718477448
NCBP2AS2,0.478384618173221,5.8586138829797,0.687358547787195,0.407064292284771,0.999580718477448
BANF1,0.158124945892844,7.26698807311749,0.687167553231793,0.407129474975147,0.999580718477448
NLRC5,0.223062172906441,6.45339817971475,0.687105123985109,0.407150784165168,0.999580718477448
SH3BP1,0.222488690097859,6.37910171355181,0.686644965047435,0.407307902203314,0.999580718477448
SCAND1,0.155777820039198,7.28178726788187,0.686499909364915,0.40735744885618,0.999580718477448
EIF2D,0.462195678664657,4.65771162558008,0.686394752985358,0.407393372628662,0.999580718477448
MKI67,-1.15751919269114,4.45457423603512,0.6862630139786,0.407438384170527,0.999580718477448
MZB1,-0.423307815972881,4.59011170132415,0.686249024444106,0.407443164431915,0.999580718477448
CDK9,-0.30433300323535,5.4639742281175,0.684789393731267,0.407942376112978,0.999580718477448
SLC17A5,-0.437193348721792,4.61986459434478,0.684625272044139,0.407998563811321,0.999580718477448
ZNF226,0.410302712656942,5.03999809769583,0.684451943434368,0.408057915854944,0.999580718477448
RBM23,0.260289932085684,6.30606488034479,0.684023636960736,0.4082046329895,0.999580718477448
RXRB,-0.453612371297944,4.9531919003676,0.683907983837521,0.408244263434294,0.999580718477448
TXNL1,0.178222028217216,6.58883645973061,0.683886014951354,0.408251792072178,0.999580718477448
THRAP3,0.189161872499717,7.6214886184126,0.683755581148725,0.408296495339863,0.999580718477448
ENOX2,-0.517665546685155,4.13320319795213,0.683480794739673,0.408390695731915,0.999580718477448
OAS1,-0.480302904345828,5.21739063948332,0.683203075687818,0.408485933868798,0.999580718477448
DDX3X,0.22559809764437,8.41516184211003,0.683191396791056,0.408489939624319,0.999580718477448
SAP30BP,-0.210628105530211,6.15836714639235,0.681737323019483,0.408989124438191,0.999580718477448
ZNF586,0.451837744715534,4.17088595408257,0.681624679860244,0.409027832296708,0.999580718477448
CDK11B,0.239117861924485,5.81274630364985,0.681268812106704,0.409150155393344,0.999580718477448
PRIMPOL,0.489808150921905,4.25034660226669,0.681035550634576,0.409230363947502,0.999580718477448
KCTD2,0.458226462072491,4.14138560345123,0.681006246206078,0.40924044210853,0.999580718477448
RSPRY1,-0.290912309766641,5.12792428108765,0.680661859886391,0.409358908208641,0.999580718477448
IFI16,0.18702404841685,8.40766015369934,0.680220943738986,0.409510653331174,0.999580718477448
MRPS5,-0.206058061986481,6.76962551859385,0.679699622159284,0.409690177328113,0.999580718477448
EPHA1,-0.561115446866178,4.28610680120088,0.678704288709362,0.4100332549711,0.999580718477448
FLT3LG,-0.274109246570578,7.04675527685382,0.678439522642384,0.410124587280395,0.999580718477448
NECAP2,-0.326523026237781,6.41394341822206,0.678400509501831,0.410138047576604,0.999580718477448
TXNDC9,0.277206406137808,5.85890983251275,0.677964904712876,0.410288383877839,0.999580718477448
AGPS,-0.313787958273445,5.08340417800309,0.677644261927314,0.410399096184097,0.999580718477448
XRCC6,-0.1399438390849,7.24246435771151,0.677251138788215,0.41053489465966,0.999580718477448
TRMT5,-0.560290131420707,3.75037944888192,0.677022401681796,0.410613938878327,0.999580718477448
SDHA,-0.275559634314785,6.10230024402496,0.676454763511622,0.410810193226543,0.999580718477448
AP4B1,-0.412592028220158,4.38698232325579,0.676443347662149,0.410814141540745,0.999580718477448
CFAP20,0.340790076330883,5.3556701560448,0.676005928240485,0.410965470598356,0.999580718477448
COMMD1,0.249360411253583,5.59944021257002,0.675855982923313,0.411017364373282,0.999580718477448
XRRA1,-0.319142973745256,5.13083059184006,0.675502138841363,0.411139862637296,0.999580718477448
ZNF765,0.493014557717422,4.08720715600964,0.675090936666454,0.41128228540966,0.999580718477448
POC1B,-0.283060362001645,5.71423663534728,0.674983096174506,0.411319648750941,0.999580718477448
ERC1,0.469024099084844,4.68417815141297,0.674462450502748,0.411500106471831,0.999580718477448
CALR,-0.266363595729853,8.19824302088317,0.673985746285226,0.411665436230799,0.999580718477448
ZUP1,-0.397037470214823,4.48558575481571,0.673768309455076,0.411740879815036,0.999580718477448
RPL18A,-0.0757478496820602,11.9020568449633,0.67266024691029,0.412125658598583,0.999580718477448
GATAD1,-0.273926659766757,5.97967210526899,0.67220324587819,0.412284508318655,0.999580718477448
TENT4B,0.288281739087409,5.35976714682509,0.671889472638995,0.41239362555116,0.999580718477448
FBXO11,0.250750202205677,5.90882870433506,0.671677106577832,0.412467501775912,0.999580718477448
AXIN1,0.291106819065872,5.17135945241957,0.671571184634427,0.412504356360982,0.999580718477448
SGF29,0.352706183253486,5.50072770511199,0.670078166431127,0.413024355990136,0.999580718477448
NDUFB6,-0.171306493008909,6.58126761916483,0.669911745737433,0.413082378174187,0.999580718477448
NEMF,0.230083716673199,6.54424765543918,0.669299791224503,0.413295838214682,0.999580718477448
RPL35A,-0.0932132244760878,11.4903130820067,0.668859053412852,0.413449675922051,0.999580718477448
EGR2,-0.657069977038872,4.0912766081882,0.668087879633042,0.413719054523525,0.999580718477448
ROCK1,-0.161375614622451,7.93071486296768,0.667767327226613,0.41383110295468,0.999580718477448
DDX24,-0.133821621251024,8.87789199798575,0.667527246613039,0.413915052017159,0.999580718477448
PSMD6,-0.235016213523738,6.03148412850386,0.667081176932092,0.414071096198675,0.999580718477448
CHMP1B,0.208922808579925,6.03090675886051,0.666799527183365,0.41416966777081,0.999580718477448
PMPCB,0.243381549035957,5.93934525471844,0.666603916864883,0.414238147746886,0.999580718477448
MYBL1,0.341355165422777,5.47441513313811,0.666569326822724,0.414250258897772,0.999580718477448
SNHG3,0.325231416446316,5.88347057037598,0.666464969144201,0.414286801246048,0.999580718477448
UBE2D2,-0.105131705550765,7.91912262386102,0.666390114862884,0.414313015490227,0.999580718477448
ARHGAP18,-0.192649195077313,6.69630645245586,0.666183144783876,0.414385509943809,0.999580718477448
RBL2,-0.15565979655217,7.24459852965084,0.665449229841062,0.414642726251362,0.999580718477448
BLMH,-0.374891463184406,4.85601304672314,0.665077188323567,0.414773206464105,0.999580718477448
STX18,-0.37562052949563,4.83929089965773,0.664753844865135,0.414886656946343,0.999580718477448
PGAM1,0.197597167438195,6.80708252158514,0.664481390361733,0.41498228784867,0.999580718477448
PRADC1,0.414127749748465,4.57297731129658,0.664317832372348,0.415039712002303,0.999580718477448
SYNE2,0.151030352817758,8.69705051940882,0.663722762487822,0.415248736506569,0.999580718477448
ZNF142,-0.475587063209048,4.01950341586265,0.663595990487384,0.415293286638059,0.999580718477448
PPP2R5C,0.149247081097152,8.53768913254232,0.663286225041071,0.415402173992742,0.999580718477448
NPIPB4,0.403630306313537,4.50191663347303,0.663175034988781,0.415441269334322,0.999580718477448
THAP9-AS1,-0.377723888961975,5.162546272629,0.66248461846077,0.415684147558632,0.999580718477448
COQ9,-0.343936488985464,4.94438262796573,0.662407614160459,0.415711249563539,0.999580718477448
PHF10,-0.299827047124299,5.68837452280737,0.662265804942845,0.415761166799064,0.999580718477448
ZNF649,0.566598074878235,3.98885985905804,0.661483731823813,0.416036618375468,0.999580718477448
DTYMK,-0.277186531086394,5.32236272199856,0.661418475079827,0.416059614482001,0.999580718477448
MYDGF,-0.240180101445103,6.91497554180609,0.661083607168438,0.416177649693127,0.999580718477448
SETDB2,0.454388698202057,5.1580009247954,0.660485253189963,0.416388682924975,0.999580718477448
GYG1,0.230279761460182,6.61080485627678,0.660226932650632,0.416479838956429,0.999580718477448
CLASRP,-0.385108312917843,4.91553995544573,0.660049981903923,0.416542298341678,0.999580718477448
LBH,0.194734024150523,7.36526032576926,0.659996723804506,0.416561099899254,0.999580718477448
SIMC1,-0.437531352331722,4.26189737470986,0.65896503858923,0.416925561490281,0.999580718477448
ISY1,-0.253238903841144,5.62434084242377,0.658818834198302,0.416977249144227,0.999580718477448
SIGMAR1,-0.285129470947735,5.01938518020221,0.658589363985852,0.417058392959802,0.999580718477448
MED6,0.236206213650754,6.13322199819285,0.65847309350778,0.417099516746497,0.999580718477448
NDST2,0.411647682805704,4.77740034216366,0.658397204129013,0.417126361361798,0.999580718477448
XPC,0.223534556674459,6.54462252967572,0.658193829715694,0.417198314356983,0.999580718477448
TRPS1,0.239202917304488,5.93556976577466,0.657431981397664,0.417468016970783,0.999580718477448
HNRNPH3,-0.136080094532769,7.37757853915462,0.657409273820721,0.417476059675451,0.999580718477448
MCRIP1,-0.184171201611762,6.70460967767918,0.656253671788598,0.417885661903088,0.999580718477448
C2orf49,-0.271172372891962,5.62460413051012,0.655851132373099,0.418028481976355,0.999580718477448
CCDC159,-0.457372957172446,4.54616619347478,0.65572076060826,0.418074753142999,0.999580718477448
RPS18,-0.0982648674031434,12.5199845347327,0.65454516269461,0.418492337192125,0.999580718477448
NDUFA12,-0.145788639981532,7.26732607140736,0.654408684397534,0.418540855833851,0.999580718477448
MXD4,0.177671491448367,7.05000840257672,0.654285729574879,0.418584573988014,0.999580718477448
PCBP2,0.116600966068825,8.25269485678805,0.653740881546142,0.418778383455305,0.999580718477448
NSUN2,0.323571073439985,4.80973678180873,0.653491805440556,0.41886702752744,0.999580718477448
CSGALNACT2,-0.259885256936779,6.17004940479325,0.653236666624308,0.418957858232422,0.999580718477448
GNG5,-0.183553119467905,8.16175811458683,0.653060617744474,0.419020549621633,0.999580718477448
HLA-DPA1,0.455564797127722,6.57843455045652,0.652681523636604,0.419155593295117,0.999580718477448
C18orf21,0.432408876739557,4.83623376451129,0.652606887325518,0.419182188424073,0.999580718477448
ATRAID,-0.163622687974083,7.00349581601433,0.651697704284321,0.419506359190854,0.999580718477448
PDHB,-0.243306436832396,5.95922523205992,0.651507392747218,0.41957426236906,0.999580718477448
SLC35E2B,0.361768468939614,4.94319757032178,0.651134447764452,0.419707376691853,0.999580718477448
EIF2AK2,-0.257631731744174,7.04260594484099,0.651064184757967,0.419732462538047,0.999580718477448
LINC00662,-0.305006830959688,5.14662742426963,0.650182436214806,0.420047461403484,0.999580718477448
RBM42,0.227085826696241,5.86823249696626,0.649754793079863,0.420200361054865,0.999580718477448
SHMT2,0.304334053382375,5.3317549220863,0.649263907550574,0.420375974774087,0.999580718477448
ZNF263,0.410672174662398,4.49005142452117,0.649054409014605,0.420450955967079,0.999580718477448
CPNE7,0.209982950180354,6.05851177998831,0.64876418923984,0.420554860909965,0.999580718477448
RPP30,0.284149951898963,5.24089370623608,0.648630939198688,0.420602580136823,0.999580718477448
RGS19,0.215295810746126,6.52631117259801,0.648529579870791,0.420638884139577,0.999580718477448
ZBTB38,0.223631785238478,6.77569417233933,0.648088142152481,0.420797049019099,0.999580718477448
CD48,-0.157489991184936,9.55552280864999,0.64731606112384,0.421073895240234,0.999580718477448
IDH1,0.470004734098175,4.95676751442785,0.647028286152967,0.421177152719523,0.999580718477448
NIFK,0.218258821039739,6.7843778254384,0.646221077501687,0.421466991839498,0.999580718477448
TMED3,0.25647592227408,5.44079413497822,0.644782479198528,0.421984279434252,0.999580718477448
YIPF1,-0.358906067050105,4.70731286225051,0.644227134904565,0.422184222742893,0.999580718477448
ZNF706,0.122458918731762,7.51341480500309,0.644119003716448,0.422223170222126,0.999580718477448
RBM12,-0.295782606086096,5.29213679708782,0.643444459540131,0.422466253864484,0.999580718477448
XCL1,-0.358556670333885,7.39514190380086,0.643385956653511,0.422487346257899,0.999580718477448
FBXO32,-0.639884695698669,4.88641184816349,0.642635869168384,0.422757919469633,0.999580718477448
SCOC,0.295378061425056,5.16741017821716,0.64176149281025,0.423073654039326,0.999580718477448
CLPTM1L,-0.208648663425933,6.08540215881515,0.64162025711715,0.423124686933367,0.999580718477448
GNPNAT1,-0.509393089041619,4.30864581700756,0.64113573887135,0.423299828698605,0.999580718477448
FBXO48,-0.363014116174359,4.14249752839068,0.641028854838628,0.423338479344302,0.999580718477448
LAX1,0.239579438506888,5.54290841900342,0.640371886140187,0.423576163898772,0.999580718477448
CBLB,0.291408295587499,6.79233357603479,0.639995787498734,0.423712322578451,0.999580718477448
SRFBP1,-0.298079784048307,5.54656951290891,0.638977192676759,0.424081413335763,0.999580718477448
IL2RB,-0.215303545755267,7.73916399808447,0.638533616001938,0.424242295355396,0.999580718477448
RPS27L,-0.157553524166235,8.09244011139363,0.637971750514268,0.424446211356108,0.999580718477448
PSME4,0.34102281189256,5.96727041231198,0.637473790942185,0.424627057170437,0.999580718477448
MED1,-0.276458584307772,5.87559799698748,0.637436228030843,0.424640703722782,0.999580718477448
ZNF581,0.319489090952252,5.05238590816291,0.63696574664106,0.424811684729678,0.999580718477448
NCL,-0.116427900843676,9.19168194865987,0.636490450042647,0.424984520657867,0.999580718477448
ABHD17B,0.400532593699902,4.85223674839423,0.635746158496655,0.425255385663424,0.999580718477448
DPP7,-0.162356134863113,7.22230834344981,0.635466486813517,0.42535723173979,0.999580718477448
NIBAN1,0.450370346192756,6.8900743362187,0.635155712200298,0.425470447355201,0.999580718477448
THOC2,0.246252970509104,6.77886267534334,0.634863096886122,0.425577088918493,0.999580718477448
TRAPPC5,0.208833726819875,6.9413507635556,0.634575403937921,0.425681975738331,0.999580718477448
GALK1,-0.306850733860074,4.8770986140126,0.634378698439033,0.425753712813903,0.999580718477448
TTF2,0.329182749566472,5.1663506760366,0.634139223211419,0.425841072240408,0.999580718477448
MAN1B1,0.354395168288299,5.12562532222035,0.634035554032703,0.425878898625504,0.999580718477448
NUTF2,-0.187399787063646,6.36672513836272,0.633850221378348,0.425946534638286,0.999580718477448
POLE4,-0.164222065622368,6.80346980080816,0.633731471012114,0.425989880347128,0.999580718477448
BPHL,0.503939212484535,4.03681167099272,0.633285102474153,0.426152871084929,0.999580718477448
C2CD2L,-0.423649235309661,4.27195728611464,0.633185451489252,0.426189271288959,0.999580718477448
CANT1,-0.331006626977127,5.00803844424557,0.633131692158049,0.426208910274067,0.999580718477448
CENPX,-0.200159902337703,6.56639781196636,0.632788767075937,0.426334217335144,0.999580718477448
HOOK2,0.265660546883713,4.28581066836383,0.632237667565273,0.426535708869788,0.999580718477448
STRBP,-0.43565494162812,5.50839778001517,0.631781703283885,0.426702525703352,0.999580718477448
CIB1,0.14319213327571,8.47082934733776,0.631614207748852,0.426763829461322,0.999580718477448
CDKN2A,-0.349799811302838,4.71267425545678,0.631227389802499,0.426905456430929,0.999580718477448
C15orf40,0.255080248138959,5.75636665617868,0.631072509048336,0.42696218329498,0.999580718477448
DOCK8,-0.165085068765611,8.15189193621608,0.630324084960268,0.427236462339645,0.999580718477448
SPATA33,-0.316595421656506,4.78778330870073,0.630272167006926,0.427255498840506,0.999580718477448
RETREG2,-0.243174296921292,5.79252945812692,0.630050754747648,0.427336697337362,0.999580718477448
GANAB,-0.333569631439227,5.73865963121681,0.629562757363839,0.427515742715742,0.999580718477448
YEATS4,0.375798759453956,5.08859517051683,0.629465770539479,0.427551340480821,0.999580718477448
SRSF8,0.209986711402401,6.27263468666036,0.629332968692832,0.427600090937956,0.999580718477448
SLC7A5,0.249201602351353,5.80812633557714,0.628634376864101,0.427856676277204,0.999580718477448
SP1,-0.270215614923792,5.31224200521745,0.628623709901273,0.427860595938712,0.999580718477448
MEI1,-0.279595464894051,5.52588841490287,0.627069816963603,0.428432165727234,0.999580718477448
NUDT16L1,-0.20124167641282,6.30364496587611,0.626275825352614,0.428724665349429,0.999580718477448
SLAIN1,0.506733383927473,4.02706207635492,0.626117313234978,0.428783095948071,0.999580718477448
NBPF26,0.537276148495574,3.95529299985529,0.62560850668282,0.428970733070203,0.999580718477448
SAR1B,-0.200735693934349,6.20223696591768,0.624997480187602,0.429196230738058,0.999580718477448
ZSCAN25,0.455294076020964,4.03763272789288,0.624930156499261,0.429221087317282,0.999580718477448
ST8SIA1,-0.338138388575851,5.13151130696197,0.624926413948337,0.429222469168355,0.999580718477448
ASH2L,-0.337563668826796,4.85728475913202,0.624859167219832,0.429247299626041,0.999580718477448
NAMPT,0.19372973706429,6.21634014862359,0.624287306448743,0.429458543609512,0.999580718477448
HLA-B,-0.115574978903076,11.9798695552768,0.6242280482489,0.429480442430926,0.999580718477448
PIGG,-0.382771264472988,4.51365416386943,0.623986450444939,0.42956974218657,0.999580718477448
DPY19L1,-0.407811796043953,4.31066211792943,0.623829076486761,0.429627926094982,0.999580718477448
KAT2B,0.269539104927488,5.53235557771162,0.623323008953971,0.429815108932844,0.999580718477448
UQCRFS1,0.267693489797758,6.75687739620299,0.62316824849743,0.429872375925902,0.999580718477448
DHDDS,-0.336324542802193,4.89597868596303,0.622868685688516,0.429983257852605,0.999580718477448
UBA6,-0.214321318893866,5.96093646244376,0.622293574281081,0.430196254277704,0.999580718477448
USP30-AS1,0.394983205134258,4.44982455161387,0.622123209569674,0.43025938066588,0.999580718477448
PIP4K2A,0.17098757255839,7.48524340070734,0.621949210779702,0.430323868087852,0.999580718477448
STYX,0.274154926478262,5.4996149902581,0.621483339539502,0.430496601314779,0.999580718477448
CASD1,0.267609493740758,5.42249442662187,0.62147342220951,0.430500279550025,0.999580718477448
HIKESHI,-0.21211209467739,6.17765927398012,0.620742093425156,0.430771653058302,0.999580718477448
NDUFS7,0.14356073613205,7.36703812638173,0.620516256543094,0.430855506507449,0.999580718477448
RWDD4,-0.284672277146894,5.2843141064442,0.620080974837105,0.431017196802004,0.999580718477448
PLAAT4,0.529168366493437,8.25813511499043,0.619775220612208,0.431130827637855,0.999580718477448
ZNF333,0.450262253783898,4.16223390701588,0.619076853980199,0.431390539741276,0.999580718477448
TASP1,0.518163569071909,4.14844823423092,0.618959023003297,0.431434382703582,0.999580718477448
NAAA,-0.255380185843848,5.97361444328599,0.617923105357964,0.431820121592294,0.999580718477448
SREBF2,-0.272811089946193,5.67087480335073,0.617881079019364,0.431835781747205,0.999580718477448
TUSC2,0.224405642138026,5.92317975048829,0.617834569558798,0.431853113439545,0.999580718477448
OFD1,-0.239487416912574,6.69572694567655,0.617758969153835,0.43188128808811,0.999580718477448
TRAPPC2L,-0.186260699721258,6.3621248615714,0.617445535635302,0.431998127792223,0.999580718477448
MAPKAPK2,-0.229197212583297,5.98153519615868,0.616937990920856,0.432187428762523,0.999580718477448
ANO9,0.390113035325164,4.44482748883203,0.616926695625535,0.432191643045854,0.999580718477448
FBXL4,0.419104763803267,4.59849607952079,0.616528616258703,0.432340206613985,0.999580718477448
SP140L,0.244107358385365,6.3562451902162,0.615283256439026,0.432805477128395,0.999580718477448
WASL,0.369796079727915,4.66545577798349,0.615132166365711,0.432861976609154,0.999580718477448
ARID3B,-0.312206770709887,5.24362919028774,0.614633702942484,0.433048454360043,0.999580718477448
LONP1,0.327969472988526,5.17145062539216,0.61424451593863,0.433194136133847,0.999580718477448
SERPINB8,-0.597295811378857,3.94616190441324,0.613961550002662,0.433300103667688,0.999580718477448
MRPL16,0.244450633190579,5.73525924182377,0.613470464134537,0.433484103341373,0.999580718477448
MIB1,-0.281928004097045,5.65045795418385,0.61336465117277,0.433523764820413,0.999580718477448
PTAR1,0.220814821858072,6.03156333336248,0.61297946577765,0.433668189059128,0.999580718477448
PRMT6,-0.422194546232633,3.89978969020361,0.612973792139541,0.433670316921598,0.999580718477448
NBPF19,0.314294389856193,5.04867067711353,0.612459610834307,0.43386322337758,0.999580718477448
PLD3,-0.276213152232267,5.74397799582242,0.612237048183147,0.433946763159188,0.999580718477448
MOCS2,0.275562200160021,5.38291764123623,0.612204153547765,0.4339591123687,0.999580718477448
DNAJC13,-0.287328292522484,5.24674506844816,0.611504269370597,0.434221987702706,0.999580718477448
TIPARP,0.43862610912671,5.44248510795168,0.610562389847505,0.434576138985132,0.999580718477448
TMEM181,-0.301227191514803,5.75331627353572,0.610386985754168,0.434642140372829,0.999580718477448
ZFP36L1,-0.142212293733304,8.63444606477094,0.609963414232048,0.434801585661886,0.999580718477448
RRP1,-0.326842638409149,4.7586646708067,0.609958395387283,0.434803475442986,0.999580718477448
TMED10,0.171401970712969,7.19365150237835,0.609793283469694,0.434865653180954,0.999580718477448
RPL7,0.104141354105725,10.0146070582352,0.60876534498296,0.435253058619081,0.999580718477448
TUBA4A,-0.173841833929076,7.37539008535921,0.608338729727375,0.435413994247935,0.999580718477448
MISP3,-0.491455208921538,3.84726564641522,0.607803154154042,0.435616162423027,0.999580718477448
TOMM22,0.179111617205814,6.42551780070554,0.607155610805695,0.435860787340835,0.999580718477448
NAIP,-0.334515907141507,4.77608506903616,0.606904924655003,0.435955546301817,0.999580718477448
PLEKHF1,-0.236009977026542,6.4257687070538,0.605493749355166,0.436489555702457,0.999580718477448
SLC35B3,0.416203209226696,4.47047605568006,0.605335137571855,0.436549639178521,0.999580718477448
KPNB1,0.160616091660921,7.32560728925641,0.605100749574556,0.436638450459212,0.999580718477448
HMOX2,-0.163067509247381,6.7951999948336,0.605032676917007,0.436664248847422,0.999580718477448
ZNF552,-0.437347841710104,4.19024169881172,0.604792956915478,0.436755117230122,0.999580718477448
DTWD1,-0.301398812855808,5.24486678858225,0.604664253627876,0.436803915486353,0.999580718477448
TUBD1,0.374595961780322,4.69692704298992,0.604400927753943,0.436903782292386,0.999580718477448
TMEM128,-0.520107873656704,4.82729926242252,0.60427893208127,0.436950061200025,0.999580718477448
RPS2,-0.115036979198432,11.8742555423522,0.602552674467361,0.437605719291683,0.999580718477448
IFNGR1,0.296251918555193,5.72876001315014,0.602071568945808,0.437788718496687,0.999580718477448
USP12,0.290939310861982,5.25990651424587,0.60188712308687,0.437858907653853,0.999580718477448
GOLGA4,0.173111460098474,7.25409368271705,0.601464726964506,0.438019711493464,0.999580718477448
FAM241A,-0.349060940279874,4.92925483323979,0.600932560213725,0.438222433173181,0.999580718477448
SUPT6H,0.260626320103069,6.04851951261553,0.599945021274783,0.438599003723511,0.999580718477448
SEC11C,-0.147889196639667,7.42697099420368,0.599620629348225,0.438722809785645,0.999580718477448
NSD3,-0.124632567262834,7.56631656805944,0.599531378903604,0.438756882133257,0.999580718477448
NT5C3A,-0.342563250207158,6.04478307864255,0.599361271890533,0.438821833608474,0.999580718477448
NGLY1,0.224801866757395,5.83571883893385,0.599280941215833,0.438852511165335,0.999580718477448
CHMP2A,-0.134402694185509,7.13016994995357,0.599240906307464,0.43886780136191,0.999580718477448
COA6,-0.243075638442061,6.09848545850235,0.599131440073952,0.438909613052306,0.999580718477448
ZDHHC6,0.271989565288268,5.20537885054878,0.599058931659167,0.438937311708203,0.999580718477448
STX16,-0.238080471586834,6.49392297281651,0.598860351182321,0.439013184384542,0.999580718477448
CCDC102A,-0.457949755794384,4.37229606362012,0.598758585699247,0.439052074247393,0.999580718477448
EEF1A1,-0.0825766538524039,12.4758629771654,0.598665946745271,0.439087480985141,0.999580718477448
SPRY1,-0.508389701926576,6.39687912313402,0.598586408902754,0.439117883954199,0.999580718477448
UFM1,-0.133022006868103,7.28804714813763,0.598490453504714,0.439154566755064,0.999580718477448
OGA,-0.19665377046417,7.23831780728526,0.597673074952724,0.439467233186252,0.999580718477448
OBSCN,0.450003106630001,4.30637241318147,0.597642925537116,0.439478772575146,0.999580718477448
PTPN4,-0.157611479634328,7.07018760016207,0.597382778009715,0.439578360774397,0.999580718477448
GABARAPL2,-0.137284544927461,7.51313975894681,0.59705801518056,0.439702733259139,0.999580718477448
MKNK2,-0.220234492314963,5.83928394574314,0.596842398955749,0.439785336362191,0.999580718477448
DPF2,-0.216131046262269,6.01984393297601,0.596820216501989,0.439793835866152,0.999580718477448
SREK1,0.265213070658435,6.37827707064707,0.596332994296418,0.439980585207938,0.999580718477448
TMEM199,0.340336868310757,4.90542014837276,0.595961732176841,0.440122969521142,0.999580718477448
LAMTOR1,0.154588524395871,7.08078385904041,0.59437601452721,0.440731912585078,0.999580718477448
AGPAT2,0.317610945315694,5.739142248195,0.594179919126484,0.440807306594669,0.999580718477448
NDUFB7,0.179570390146519,7.63456245074055,0.594049801094712,0.440857344824996,0.999580718477448
KTN1,-0.119738986960846,8.45832762050791,0.593826213643704,0.440943348089244,0.999580718477448
RAD51D,0.315427026688139,4.90786613292815,0.593754984484765,0.440970751917267,0.999580718477448
ABTB1,-0.216793823128214,5.74502902105508,0.593427643791038,0.441096722629752,0.999580718477448
DHX40,-0.280868898336321,5.17356116181104,0.593042808004988,0.441244890032044,0.999580718477448
IQSEC1,-0.250851062186511,5.44762782067244,0.592309907375798,0.441527279408382,0.999580718477448
HPCAL1,0.257705529297783,5.60079142874312,0.592286166636773,0.441536431455948,0.999580718477448
TSC2,0.280902113924579,5.35960294263141,0.591908241438855,0.441682160844931,0.999580718477448
RC3H2,0.214710691981339,6.22405412481952,0.59145456988932,0.441857196158661,0.999580718477448
POLR2I,0.170208993518661,6.99106955926819,0.591039771292008,0.442017327051625,0.999580718477448
C14orf119,-0.289367153006653,6.05598342030871,0.590841327532303,0.44209396687744,0.999580718477448
S100PBP,0.293023440480008,6.1976473724574,0.590697918045507,0.442149364978358,0.999580718477448
TUFM,0.159838719583974,6.99716751293664,0.590634638501847,0.442173812833485,0.999580718477448
NDEL1,-0.288391493833645,5.27808284880878,0.59047897272912,0.442233962687656,0.999580718477448
MPND,0.331022788816434,4.49652806226925,0.590455911351208,0.442242874765365,0.999580718477448
MRPS24,0.390524082382576,6.268909146294,0.590367826707116,0.442276917655408,0.999580718477448
TAF4,0.51489017538454,4.56096381106903,0.589350345562176,0.442670446061786,0.999580718477448
STAT1,0.234466168415858,6.89447800459499,0.589250748588844,0.442708995921074,0.999580718477448
TPP2,0.218608343605843,5.7812941683358,0.588981163965198,0.442813366932073,0.999580718477448
TTC19,-0.181530358827847,6.40976214874542,0.588872084393051,0.442855608410184,0.999580718477448
SFMBT2,0.212234080010335,6.27327390592646,0.588757170909974,0.442900115816673,0.999580718477448
AKAP8L,0.378060422799931,5.88544337224085,0.588036454417074,0.443179415637373,0.999580718477448
RLIM,0.281402451794067,5.41688930804137,0.588029621434008,0.443182064929171,0.999580718477448
LUC7L2,0.222617066211618,6.64782206622247,0.58796150137931,0.443208477849197,0.999580718477448
TMED5,-0.256767753921559,6.3846698726807,0.587624015462252,0.44333937073299,0.999580718477448
CPEB4,0.26026462536885,5.45514037875594,0.587567045376706,0.443361472293951,0.999580718477448
PUS7,0.649054996635218,4.06446033412904,0.587180896470237,0.443511323726198,0.999580718477448
ZNF337,0.432825344826459,4.1991341429003,0.587115922922158,0.443536545466394,0.999580718477448
CREM,-0.321755481961839,6.1920093815763,0.586809146428829,0.443655661346672,0.999580718477448
MCRS1,0.277588205047792,5.17547207186084,0.586756793381049,0.443675994043361,0.999580718477448
APOOL,0.407973261405593,4.2607763888953,0.586170367065725,0.443903846683352,0.999580718477448
CDYL2,-0.411851365343331,4.52790559955799,0.585907696406355,0.444005964519656,0.999580718477448
CDK2AP1,0.585096188380943,4.29225119141239,0.585687557991705,0.444091575162989,0.999580718477448
UBALD1,0.398954197897602,4.26526744428433,0.58553772171191,0.444149860278138,0.999580718477448
MTERF3,-0.435301766963026,4.22972532510365,0.585238064909657,0.444266459855912,0.999580718477448
DYNC1I2,-0.16481820524843,6.94740999716584,0.585142627300753,0.444303605557953,0.999580718477448
KIF1B,0.38035536358785,4.74862297313282,0.584930591651014,0.444386150096976,0.999580718477448
GYPC,-0.11164604008025,7.91984927051826,0.584918949025807,0.444390683206126,0.999580718477448
MKRN2,-0.31134423872583,4.93067115134712,0.584546090334221,0.44453589526003,0.999580718477448
TRGV4,0.605397554690688,3.846585116937,0.582921364751208,0.445169512055655,0.999580718477448
RTRAF,0.21699034890123,7.37724965239619,0.582860935984567,0.445193105256262,0.999580718477448
PTK2B,0.191670517913122,6.48696878193593,0.582501632376447,0.445333428134579,0.999580718477448
SERPINB9,0.361445155881062,6.05265568389146,0.58248469603911,0.445340044162985,0.999580718477448
NDUFA11,0.104882022891237,8.11189411279246,0.581941964751227,0.44555213790361,0.999580718477448
STAG3,-0.556656593613344,4.08632291147317,0.581643603006786,0.445668801227504,0.999580718477448
NUDC,-0.136154334850423,7.15611714283193,0.580589602400154,0.446081308381593,0.999580718477448
CORO1A,0.0518689771713344,9.49267362138458,0.580556159281978,0.446094406793914,0.999580718477448
RPS24,-0.107149674041546,12.1972087045732,0.580545525366068,0.446098571824012,0.999580718477448
RNH1,-0.16921576131547,7.07890691041058,0.58043346079983,0.446142468284949,0.999580718477448
PHF14,0.206647852498171,6.4685563809107,0.580428358611055,0.446144467006762,0.999580718477448
CIAO2B,0.379294093756424,7.50506535251636,0.5795106133933,0.446504208804705,0.999580718477448
ARMT1,-0.475275397369179,4.65068477842063,0.579343107385933,0.446569917099748,0.999580718477448
TSPOAP1-AS1,0.401275128447882,4.39333114392261,0.579264527686512,0.446600747063106,0.999580718477448
CRLF3,0.195092711003139,6.00508772388788,0.579181907182488,0.446633165957663,0.999580718477448
PELI1,0.444386369109561,4.43249127690999,0.579151291651019,0.446645179903943,0.999580718477448
SNRK,-0.280392994860782,5.89365661512099,0.578827516254679,0.446772264424942,0.999580718477448
STX4,-0.234182127690563,6.01074412355063,0.578812386089814,0.446778204512199,0.999580718477448
DGCR8,0.290329914083246,5.22025692505405,0.578032924921593,0.447084386089185,0.999580718477448
NQO2,-0.307666816012519,4.98680951077193,0.577787905013871,0.447180700113319,0.999580718477448
MED16,0.321153732665683,5.03820892925139,0.57778447556122,0.447182048413587,0.999580718477448
ADCK5,-0.424472449802585,4.09451064666529,0.577467845070697,0.447306559909731,0.999580718477448
TOR1AIP1,0.346037444807143,5.95502578328345,0.577268808775363,0.447384856334365,0.999580718477448
GPATCH2L,0.311980893615615,6.31858706384391,0.577084330041329,0.447457445153549,0.999580718477448
RIOK2,-0.356977988688487,4.60193153902857,0.576996154976591,0.447492146802021,0.999580718477448
RANBP3,-0.295414570298527,5.0546864308706,0.576558342076368,0.447664511761998,0.999580718477448
HADHB,0.199632807797679,5.89524513556875,0.576115856184329,0.447838821322222,0.999580718477448
MAP3K10,0.381555125228384,4.13463435712619,0.576027872022897,0.447873493715286,0.999580718477448
TRAF2,-0.457828713212497,4.57212218151882,0.575980452620392,0.447892182265765,0.999580718477448
ZRANB1,-0.288564635456924,5.13085527671259,0.575693186939366,0.448005423012291,0.999580718477448
SMG9,0.408891047957527,4.23143299854303,0.57568574288088,0.448008358067822,0.999580718477448
DNAJC21,-0.144761662275906,6.95936002381171,0.574657318457684,0.448414134585414,0.999580718477448
GLRX5,0.171670069276209,6.33329190836043,0.574027507765571,0.44866291592661,0.999580718477448
EMC10,0.204488810982185,6.39981908751132,0.573558469976453,0.44884833001505,0.999580718477448
POP5,-0.266092946416269,5.93226049172255,0.573287066372304,0.448955672351122,0.999580718477448
PPCS,0.157161653339898,6.61535415619086,0.573183652377406,0.448996583946864,0.999580718477448
ZNHIT6,0.239164866172976,5.79612076469254,0.572719968804943,0.449180093144338,0.999580718477448
MCTP1,0.632034685117224,3.74651369999696,0.572680250254569,0.449195817743139,0.999580718477448
ZMYND8,0.259187308234263,5.75828629396484,0.572646216372984,0.449209292460293,0.999580718477448
STUB1,-0.135859035204945,7.12571515730126,0.572554160547704,0.449245742419595,0.999580718477448
CRTAM,0.367694213349679,5.74348671238385,0.572534917062544,0.449253362555024,0.999580718477448
NSF,-0.337498745027245,5.00874707905622,0.572421276846173,0.449298366505874,0.999580718477448
POGLUT3,-0.802853301282,3.68549011603283,0.572150534706147,0.449405614479964,0.999580718477448
DTD1,-0.23191968353089,5.75750529770012,0.571848430777079,0.449525332773432,0.999580718477448
CHD9,-0.214709362356642,6.69445317312823,0.571571311064879,0.449635193994936,0.999580718477448
TRIP11,0.25199435840256,6.28729619125663,0.57113105137678,0.449809816454907,0.999580718477448
PTPN9,-0.272559979038476,5.46390125621547,0.571079865367652,0.449830125486056,0.999580718477448
PLAAT3,0.349558063575734,6.20083159587867,0.570845779435,0.449923021797037,0.999580718477448
ANKRD36,0.263075272590789,5.33747774895634,0.570784981085337,0.449947154337258,0.999580718477448
TMEM203,0.250377468266823,5.71298090691599,0.570427707440597,0.450089006892358,0.999580718477448
DIMT1,0.348343630304141,5.0486220179911,0.570154885903396,0.450197375418933,0.999580718477448
UBP1,-0.261986929007193,5.38514221561034,0.5699305097239,0.45028653128547,0.999580718477448
PPP2R2D,-0.336132972460671,5.57466626536705,0.569883334107942,0.450305280020168,0.999580718477448
APC,0.261197322184238,5.55462770935885,0.569411780900355,0.450492753684355,0.999580718477448
SMIM26,0.141401340671199,7.04010590437487,0.569219478482425,0.450569241620282,0.999580718477448
FUNDC2,0.223782162969568,6.09551341181871,0.569200354666705,0.450576849191457,0.999580718477448
TRAV17,-0.565022672173801,4.00614149955727,0.568628298749225,0.450804509309647,0.999580718477448
PATL1,0.331913440439168,5.09338247204196,0.56858493488933,0.450821774075226,0.999580718477448
DDX39B,-0.183189853971454,7.00387013626547,0.56849040813397,0.450859412271905,0.999580718477448
MTA3,-0.395385988225964,4.21412519947646,0.568366592495531,0.450908719996914,0.999580718477448
PPIH,-0.244176711670783,5.35873055315124,0.567403515478709,0.451292538803408,0.999580718477448
FBXO34,-0.324436079900768,5.38306401256647,0.56716132832906,0.451389138928636,0.999580718477448
TRIM65,-0.321521566953212,4.55458048778125,0.566621128687328,0.451604722489557,0.999580718477448
PSENEN,-0.167734915017289,6.48521414352119,0.565913262047118,0.451887462638448,0.999580718477448
CHMP5,-0.231818888384707,6.99888748111832,0.565780540558551,0.451940505842127,0.999580718477448
MVP,0.335210491489426,5.93930153326534,0.56554037153013,0.452036516081754,0.999580718477448
ZDHHC20,-0.382901153394483,5.95155180448461,0.565444719549905,0.452074762911586,0.999580718477448
ARL13B,0.503001442812315,4.59840058544213,0.564878884048721,0.452301118151077,0.999580718477448
ELOVL1,0.215374721331715,5.80358386357385,0.564628915750182,0.452401171270477,0.999580718477448
SPSB2,-0.333513985007011,4.66138803100521,0.56453547605353,0.452438580643611,0.999580718477448
C6orf47,0.254897355588437,5.17198576129637,0.563762679062608,0.452748162264017,0.999580718477448
RABIF,-0.46052494998334,5.55363236294426,0.562898309363131,0.453094821163776,0.999580718477448
JRK,-0.431554497377284,4.07829134469996,0.56271549631468,0.453168192357468,0.999580718477448
ZNF275,0.580294307934523,3.9206802389806,0.562613120992968,0.453209288367624,0.999580718477448
ZNF207,0.174076967569368,7.51791489835607,0.562420331048168,0.453286694928405,0.999580718477448
APAF1,-0.31912184918727,4.97057562053759,0.562111437837501,0.453410761014701,0.999580718477448
MAP7D1,0.252221518920741,6.08203608708284,0.560770873807849,0.453949812468919,0.999580718477448
BIN1,0.235121248364179,6.98006778851909,0.560217173014387,0.45417275350109,0.999580718477448
ARMCX6,0.326556589278476,5.66912714874269,0.559946066154659,0.454281974146463,0.999580718477448
SPOP,-0.195482759273343,6.11949596952557,0.559878920445357,0.454309031467831,0.999580718477448
ACOT7,-0.417036030501413,5.58719760877374,0.55984904024189,0.454321072935778,0.999580718477448
RPL23A,0.11284845742341,11.4345550907992,0.55969577299164,0.454382846214977,0.999580718477448
PRDM4,0.439256015626418,4.46167644616364,0.559283060941278,0.454549252492287,0.999580718477448
MTMR3,0.331533061053651,4.68655489872148,0.558527229867131,0.454854253364411,0.999580718477448
LTBP3,0.257102053120333,5.21710987037482,0.558363827175175,0.454920233614878,0.999580718477448
ZDHHC3,0.240212592219268,5.39557986117463,0.558265253102593,0.454960044041816,0.999580718477448
LTB,-0.281108090716191,9.51487347629583,0.558004818303704,0.455065250392887,0.999580718477448
SF3B3,0.297055271792487,5.52611254678255,0.557753163265154,0.455166946379281,0.999580718477448
B4GALT7,-0.35744413477907,4.47395268323363,0.557251844695077,0.455369640117601,0.999580718477448
SEC62,-0.0973994363983421,8.20897347501926,0.556668441036138,0.455605701431112,0.999580718477448
STAT5A,0.265162991850953,5.49852401803015,0.556230977832298,0.455782837551397,0.999580718477448
SMARCA5,0.187692135374575,7.40385619172857,0.556217288459688,0.455788382354907,0.999580718477448
LYL1,0.229322037440275,3.9364003062476,0.556118104813574,0.455828559305855,0.999580718477448
THRA,-0.349002819256875,4.46016449139861,0.556059182548035,0.455852429963012,0.999580718477448
RBM22,-0.188621145370387,6.19421652725251,0.556052835439415,0.455855001428495,0.999580718477448
IK,0.117736541669625,8.02488190378008,0.555873647869275,0.455927606845638,0.999580718477448
RAB6A,0.171955808682802,6.37314548884274,0.555323743668065,0.4561505374998,0.999580718477448
ZFP62,0.39859308207288,4.57612774277975,0.555139109384104,0.456225426567213,0.999580718477448
PGD,-0.396310111102815,4.63972225569095,0.554314338266343,0.456560196644397,0.999580718477448
PICALM,-0.205337847982692,6.08548524970699,0.554200293428668,0.456606517282556,0.999580718477448
ATG16L1,-0.294430388866527,5.02335072035497,0.553958103309652,0.456704910190964,0.999580718477448
COPRS,0.330039440414149,4.62151930152015,0.552807135077886,0.457172963395126,0.999580718477448
ABHD14A,-0.253344740225961,5.74882500189219,0.552660550795528,0.457232627731593,0.999580718477448
MDM2,0.244691799662635,5.91965045179537,0.552216448196246,0.45741346624545,0.999580718477448
L3MBTL2,-0.296559359057864,4.98120752670338,0.552154633690556,0.457438646051747,0.999580718477448
GNB5,0.282784891056437,5.83895836895051,0.552080429251515,0.457468875720273,0.999580718477448
CFAP36,-0.298574613311697,5.3043794927582,0.551908765493337,0.457538820799512,0.999580718477448
ABHD12,0.423686619831451,4.63079400860895,0.551904982240938,0.457540362490826,0.999580718477448
BOD1,-0.284884913513153,5.02692563417381,0.551760918038587,0.457599075363411,0.999580718477448
TEX261,0.305944323258725,4.89541473592169,0.551722965275065,0.457614544861764,0.999580718477448
NDUFS1,0.247332993251779,5.79054577301289,0.551586150927154,0.457670317070122,0.999580718477448
TRAPPC3,-0.20740656734369,6.09363402760721,0.55057724356808,0.458081928625772,0.999580718477448
CENPB,-0.306809160128861,5.41632800494294,0.550498085677594,0.458114248006092,0.999580718477448
ATP5F1B,-0.115160739218674,7.5960851349731,0.549651740678238,0.458460027613065,0.999580718477448
SEC22C,-0.25619576080775,5.81769218985385,0.549580647846842,0.458489091819986,0.999580718477448
ZNF460,-0.441448305921692,4.12265845948774,0.549090371481753,0.458689606194734,0.999580718477448
CYB5A,0.465996164211133,5.4112708363418,0.549037100207251,0.458711401557285,0.999580718477448
SLC37A3,0.42445752205843,4.40455359543703,0.548932615522736,0.458754155086645,0.999580718477448
SESN1,-0.289671191356573,4.88734682143577,0.548603535000167,0.458888850981129,0.999580718477448
MFHAS1,-0.295853144566531,5.82905918332514,0.548180229178703,0.459062206242047,0.999580718477448
TMEM63B,0.486859010275701,4.12059916778694,0.547032197730991,0.45953287847266,0.999580718477448
EIF3D,-0.106672172754996,7.4879364529049,0.546758775316633,0.459645089404538,0.999580718477448
LZIC,-0.224222166505273,5.95832544177002,0.546686491191245,0.459674761632629,0.999580718477448
SMDT1,0.209509982000425,7.67623367842247,0.54657115413376,0.45972211313138,0.999580718477448
RPS10,0.173681525643751,9.29182681317935,0.545493861100058,0.460164768048364,0.999580718477448
ARHGAP19,-0.399019897446109,4.29218997471981,0.54538815077025,0.460208240345789,0.999580718477448
PGGT1B,-0.262815687931828,5.26009218810949,0.545216747082456,0.460278742207135,0.999580718477448
HIF1AN,-0.304853468943192,4.90814032583303,0.544477179626897,0.460583137976483,0.999580718477448
ZNF700,0.431253559736956,4.07211989437047,0.544213274483877,0.460691834999681,0.999580718477448
TBCCD1,0.444982614155553,4.14688396808553,0.54395102765673,0.460799889319909,0.999580718477448
MRPL20,0.146716716716522,7.46141353017331,0.543868760061132,0.460833794562699,0.999580718477448
RGP1,-0.3444301137866,4.72437354382939,0.543319625561956,0.461060212813842,0.999580718477448
IRAK4,-0.20591647430933,5.82807892546169,0.542894909645165,0.461235452135396,0.999580718477448
POLR3D,-0.352026647489002,5.38501861267095,0.542742594541087,0.461298323664567,0.999580718477448
BRAT1,0.324668088409432,4.77131601360658,0.542370368988768,0.461452025529479,0.999580718477448
MED14,-0.334045972930151,4.99050014950671,0.542358653892526,0.461456864325747,0.999580718477448
SLC25A45,-0.249153364634058,5.49812948182726,0.541406486285855,0.461850416787551,0.999580718477448
PTPRE,-0.20582118667063,6.08497509224684,0.540990995275789,0.462022315849533,0.999580718477448
FAM234A,-0.52286206153153,4.06532773081856,0.540766692660224,0.462115157758386,0.999580718477448
HACE1,0.522903151151437,3.95921968215461,0.540713974097107,0.462136982995821,0.999580718477448
ZSCAN18,-0.412642065779138,4.39267034103703,0.540435827432786,0.462252161554677,0.999580718477448
FHL3,0.397080484333655,4.11420399967855,0.540295219057166,0.462310403860402,0.999580718477448
MXD1,-0.431928550446757,4.93170179828316,0.538896831230195,0.462890275240418,0.999580718477448
ACP2,-0.331928314751455,4.21371309896756,0.538892974358745,0.462891876175238,0.999580718477448
UCK2,0.323115033000169,4.0495056711546,0.538862582574582,0.462904491699461,0.999580718477448
HECA,-0.204617407426304,6.40136446674345,0.538464945484979,0.463069599933427,0.999580718477448
HDAC6,-0.388719434622327,4.46255836414109,0.537922818263471,0.463294855019561,0.999580718477448
BRAF,-0.219176156013574,5.90319402001928,0.537473202998521,0.463481803643542,0.999580718477448
FANCA,0.422466769737503,4.1823288542897,0.537201262622633,0.463594933959382,0.999580718477448
MRTFA,0.460091916790589,4.37682028727702,0.537107841304072,0.463633808457929,0.999580718477448
ADAM17,0.199761490597841,5.91811397561403,0.536385644692562,0.463934504536709,0.999580718477448
SLC4A1AP,-0.234795072689554,5.3954241916204,0.536061229611564,0.464069680281774,0.999580718477448
ATG16L2,-0.331578195257631,4.86541779691237,0.535262054463725,0.464402945014873,0.999580718477448
UPP1,-0.161902141461607,6.92000533412337,0.535193344284545,0.46443161573745,0.999580718477448
KCTD20,-0.249069509979725,5.57102282754169,0.534949878583383,0.464533229510693,0.999580718477448
ATAD1,-0.2031858937891,5.81382068089418,0.534892224588457,0.464557297399493,0.999580718477448
MAFG,-0.313381258487235,4.88324871234321,0.53478715609943,0.464601163777418,0.999580718477448
TM7SF3,0.298309533631518,5.36765884783074,0.534174290364655,0.46485716874634,0.999580718477448
NOP58,0.187106246670746,6.66685676099944,0.533428306818832,0.465169083602645,0.999580718477448
LCP1,0.0817969184452425,9.53411679929457,0.533029872082321,0.465335816435354,0.999580718477448
COQ4,-0.272044953962172,5.69824082976626,0.532848606248203,0.465411702300158,0.999580718477448
LY9,-0.196259762011606,6.22287303610424,0.532479908962825,0.465566116296631,0.999580718477448
MLH1,0.337256292571222,4.82556759280194,0.532411318520378,0.465594851676827,0.999580718477448
ZNFX1,-0.254658678925926,5.55422354206654,0.531367592644966,0.466032462015472,0.999580718477448
HDAC4,0.388893345755125,4.48390249965027,0.531147526977732,0.466124814522029,0.999580718477448
CCS,0.262075981522545,5.72622362091287,0.531082162322225,0.466152251021446,0.999580718477448
RPL37,0.0928314359920803,11.7587370967645,0.530093762570175,0.46656744242526,0.999580718477448
MED13L,0.188909369655041,6.19371163964634,0.529831492191352,0.466677712271647,0.999580718477448
C9orf78,-0.107649723995382,7.77308170569503,0.529817098806384,0.466683765083696,0.999580718477448
SH2D3A,-0.305801551971913,4.93398911842397,0.529802410041441,0.466689942240781,0.999580718477448
SUPT7L,0.354255738818196,4.90083709962694,0.529553644767917,0.466794576938478,0.999580718477448
MAD1L1,0.338454148604903,6.03953889082531,0.529094462613234,0.466987815150084,0.999580718477448
ITGA2,0.404833379842777,4.26223673968383,0.528992891314122,0.467030576847377,0.999580718477448
TRNT1,0.278491323736329,5.03889547535862,0.528684862578816,0.467160295884114,0.999580718477448
SECISBP2,-0.231461263726489,6.42633272190573,0.52855068799456,0.467216818408858,0.999580718477448
CLNS1A,0.164425744235531,6.26505620346695,0.527994901091561,0.467451066625607,0.999580718477448
CRYZ,-0.418581365041021,4.7007735179536,0.527955106274028,0.467467846224976,0.999580718477448
ZFP91,0.211664281864756,6.15558153992004,0.527628610844573,0.467605550457829,0.999580718477448
ETFDH,0.346400355137551,4.82321898102231,0.526684404650023,0.46800414982668,0.999580718477448
AIMP2,0.409007476364008,4.35100725644294,0.526401406115376,0.46812372472944,0.999580718477448
CRIP1,0.370648519807751,11.2502221988865,0.526370481678622,0.468136794154019,0.999580718477448
CYB5R1,-0.263107809880335,5.0576249159865,0.525909660293236,0.468331618017658,0.999580718477448
RNASEK,0.276934969459687,8.95405693530894,0.52562624726967,0.468451502716987,0.999580718477448
ACADSB,0.377116747651606,4.35215293931027,0.525270461054106,0.468602071352362,0.999580718477448
CSGALNACT1,-0.495969211524808,4.35462362536976,0.52497413543712,0.468727535656176,0.999580718477448
DGKZ,0.214797614491029,6.77786852443493,0.524948929545911,0.468738210325599,0.999580718477448
LSP1,0.132847532515899,8.67477804783838,0.524745865592082,0.468824221963596,0.999580718477448
APOBEC3H,0.241577159135897,5.99473260188106,0.524715392766607,0.468837131503796,0.999580718477448
PRPF38A,-0.196485703796366,6.00492091966226,0.524694348415235,0.468846047088852,0.999580718477448
RALGAPB,0.25371515864347,5.38469867344622,0.524622423576972,0.468876520602342,0.999580718477448
IMMT,-0.223840129148399,6.15979836487046,0.524258357281772,0.469030819100791,0.999580718477448
SLC25A39,-0.201054316387454,5.78976526505807,0.523928298907336,0.469170774963059,0.999580718477448
CCNC,-0.250503651022305,5.50513881788613,0.523639295338146,0.469293377382836,0.999580718477448
CHP1,-0.245912834934158,5.33027997755985,0.523539073272369,0.469335906085672,0.999580718477448
ZNF211,0.437887643844547,4.14629611550778,0.522808802226772,0.469645980090051,0.999580718477448
HYLS1,-0.468772627151019,3.8948316893431,0.522535323361426,0.469762184443992,0.999580718477448
CEP128,-0.47966395105125,4.13325764224417,0.522051887946438,0.469967715084183,0.999580718477448
TAF12,-0.202978142123357,6.06714916269212,0.521768192802393,0.470088394395338,0.999580718477448
MAD2L1,-0.381403898048487,4.8309572885829,0.521338722350357,0.470271179187661,0.999580718477448
ADAP1,0.328590432806841,4.88510273382557,0.521254089670498,0.470307212792995,0.999580718477448
PPCDC,-0.395488040746308,4.16132701799093,0.520341495974632,0.470696045884939,0.999580718477448
CDK19,0.311859728218894,4.92086646590261,0.519338200804571,0.471124123272397,0.999580718477448
FBXO3,-0.248401461614925,5.71418173651977,0.51897864308515,0.471277689219138,0.999580718477448
PRDM2,-0.228145400853208,6.94643185331436,0.518660619503617,0.47141358342671,0.999580718477448
GTDC1,0.30974904580251,5.10974329260709,0.518604001447416,0.471437783443158,0.999580718477448
MSANTD2,-0.0999813309250742,4.07221946185875,0.518492867039488,0.471485290987396,0.999580718477448
AUP1,-0.1855724760818,6.26259119881887,0.518480128684026,0.471490736851395,0.999580718477448
NIT1,0.360014882278126,4.74254952250938,0.518399657974351,0.471525141798855,0.999580718477448
CLEC16A,-0.54676237285851,4.05613056568758,0.517932758896,0.471724842776949,0.999580718477448
GCH1,0.350053224301966,5.09059819289512,0.51719066611162,0.472042530290939,0.999580718477448
TPM1,-0.28402825629345,5.09107715869394,0.516864061932726,0.472182458082776,0.999580718477448
PEX26,-0.287879383332735,5.46795192680554,0.516610532488242,0.472291124535997,0.999580718477448
RANBP10,0.436797911206078,4.32484284793862,0.516314683738991,0.472417980805935,0.999580718477448
CAT,0.244850875214763,5.62821917338102,0.51591277344877,0.472590403261334,0.999580718477448
LIPA,-0.28902904473559,5.02255454867359,0.51548006336378,0.472776152903045,0.999580718477448
TRMT6,-0.267658284251371,5.24602235520429,0.515409511989187,0.472806449723717,0.999580718477448
WHAMM,0.215853655169684,5.60156334423933,0.515146572924001,0.472919391122473,0.999580718477448
NUP133,0.357318100535682,4.43237187234267,0.51422018259533,0.473317655987449,0.999580718477448
ASB2,0.367661939903499,4.55765839696843,0.513924694544762,0.473444803662485,0.999580718477448
ARHGAP4,-0.307796655190916,6.23735005689015,0.513597671080223,0.47358558546502,0.999580718477448
PLIN3,-0.316671318544988,4.75809572496304,0.513566779333392,0.47359888769884,0.999580718477448
TNFAIP3,0.430297358591993,8.60515651385537,0.513281574890026,0.473721727628139,0.999580718477448
SRRT,-0.236070641798538,5.58299687898401,0.513194309838518,0.47375932373151,0.999580718477448
OSBPL7,0.39553421372303,4.43717007439132,0.512971727651511,0.473855239959704,0.999580718477448
NDUFB9,-0.124278077140785,7.32567085751175,0.512934183260951,0.473871421879255,0.999580718477448
ZNF267,-0.220643984245363,5.60888080727614,0.512877531966394,0.47389584071667,0.999580718477448
KIF21B,0.247045685747299,5.6058311026544,0.5125917776561,0.474019042674792,0.999580718477448
FADS3,-0.394522855220659,4.19833011881854,0.512319544715281,0.47413646326674,0.999580718477448
LSM3,-0.145459378620323,6.88536386066934,0.512172944087189,0.474199715177312,0.999580718477448
TRMT112,0.114964003232167,8.2278371887585,0.511985518881069,0.474280601090335,0.999580718477448
BCLAF3,-0.321028108676701,4.76085587573418,0.511919125456462,0.474309259450977,0.999580718477448
PDLIM7,0.405937775019286,4.44058504172559,0.510783871232054,0.474799720987698,0.999580718477448
GABARAP,0.288428473140977,8.35414793638543,0.509714130307675,0.475262633071197,0.999580718477448
TTC17,0.297184451780354,5.9455520869214,0.509713022419616,0.475263112870872,0.999580718477448
TMEM9,-0.391294342418119,4.41120370151452,0.509091052079581,0.4755325976148,0.999580718477448
TANGO2,0.349478104270834,4.70672546047474,0.508827559986564,0.47564683730571,0.999580718477448
FANCD2,0.638390103005001,4.07342087071108,0.508764737121096,0.475674081390307,0.999580718477448
DDX23,-0.206317397476116,6.13136206719496,0.50869604840176,0.47570387219554,0.999580718477448
EML2,0.403399737508541,5.30043829506178,0.508482156792642,0.475796658007235,0.999580718477448
MOB1A,0.116510299631055,7.47123159223653,0.508389758641294,0.475836749271758,0.999580718477448
NR2C2AP,-0.246767809999809,5.13488416049754,0.508253632020384,0.47589582419346,0.999580718477448
EID2,0.311844303539959,4.79896037615288,0.508243528258801,0.475900209402408,0.999580718477448
DHRS4,-0.369058734389751,4.3987741514074,0.508154665694718,0.475938780138807,0.999580718477448
HEXIM1,-0.252375963361767,5.65495276730765,0.508122875984142,0.475952579676637,0.999580718477448
HPS4,-0.313274409051697,5.27992644255821,0.508005961056172,0.476003336666236,0.999580718477448
PSMC1,-0.205803751075165,6.26241494753752,0.507888123404207,0.4760545031568,0.999580718477448
FMC1,0.212874107857507,6.06033886480881,0.507867237317928,0.476063573074219,0.999580718477448
CNOT9,-0.222558413748737,5.52766176533854,0.507475088343552,0.476233918517628,0.999580718477448
STXBP5,-0.311790582995358,4.82694088601054,0.507366465092835,0.476281120878163,0.999580718477448
PACS1,0.198354706926718,6.03241461860914,0.507327977816688,0.476297847396439,0.999580718477448
TRGV10,-0.478217357705863,4.61868319690941,0.50720696110567,0.476350447327489,0.999580718477448
STARD4,-0.279085609499797,4.97432808383844,0.506977761118902,0.476450095059068,0.999580718477448
HTRA2,-0.26584090608876,5.11618358232398,0.506704443758581,0.476568967786871,0.999580718477448
TNPO2,0.493401961925663,4.3064367177219,0.506264357529269,0.476760474116415,0.999580718477448
CDC26,-0.153571505007764,6.76051805005694,0.506123337371651,0.476821866463138,0.999580718477448
SH2B1,0.353937853514484,4.8210058339236,0.506091339730418,0.476835798252545,0.999580718477448
TCEANC,-0.488435107297518,4.06654264064001,0.506080819914427,0.476840378730711,0.999580718477448
ZNF557,-0.378819366848189,4.24657704899377,0.505658582675576,0.477024286072889,0.999580718477448
FBXO21,-0.463803270136381,5.30254580074417,0.50563940717827,0.477032640791811,0.999580718477448
KPNA5,-0.274341204768547,5.48157821725883,0.505515477540847,0.47708664239523,0.999580718477448
FAM219B,-0.329672126112079,5.41550352825439,0.50489476260006,0.477357265283276,0.999580718477448
MTO1,0.316732883414713,4.97954269142001,0.503875725612978,0.477802094230868,0.999580718477448
GOT1,-0.300762151774395,4.84393960614754,0.503859888012077,0.477809012981071,0.999580718477448
GNB1L,-0.423353068681814,4.25871187998399,0.503168552740556,0.478111186375402,0.999580718477448
FAM215B,0.281606107678148,5.48524838616786,0.502933383068676,0.478214047024132,0.999580718477448
EIF3H,-0.127283343259575,7.97751886548516,0.50265934088411,0.478333955694255,0.999580718477448
DNAJB11,-0.283672792658289,5.96778810564816,0.502517271217528,0.478396138394184,0.999580718477448
RNASEH2C,0.248959313033546,6.41957834592335,0.50250124422873,0.478403154101566,0.999580718477448
PRKAG1,0.228938101911061,5.60671626669224,0.50240337524162,0.478445999245282,0.999580718477448
KMT2C,-0.137022302763975,7.11232023215133,0.502337137503529,0.47847500039968,0.999580718477448
C5orf22,-0.412637606700998,4.02912757608256,0.502288021621279,0.478496506872896,0.999580718477448
UBE2A,0.247627302569883,6.62147553852003,0.501903683057231,0.478664852559933,0.999580718477448
POLRMT,0.291560617665326,4.75286087333682,0.50156880004914,0.478811614961509,0.999580718477448
RUNDC1,-0.846743577517115,4.74528761198506,0.501521976504163,0.478832141231578,0.999580718477448
SNRNP40,-0.21689060482551,5.70577278434232,0.501345406637023,0.478909557986005,0.999580718477448
MED23,0.278747559809753,5.29227227937684,0.501190020408536,0.478977703743903,0.999580718477448
ANKRD17,-0.247614119395101,5.88383544040068,0.501119192517388,0.479008771091317,0.999580718477448
STAT5B,0.312853778661918,5.83407452343997,0.501024594113908,0.479050270076162,0.999580718477448
DDX1,-0.230263382466435,5.70797820959256,0.500937570398502,0.479088451345682,0.999580718477448
SNRPE,-0.129558693630148,6.92033804482518,0.500543302281585,0.47926149712077,0.999580718477448
ZC3H8,-0.315045321196348,6.00182556875684,0.500528916998672,0.479267812809699,0.999580718477448
NUP43,0.441643157503723,4.36382474643687,0.500455608109677,0.479300000328953,0.999580718477448
TAPBPL,-0.315732790458352,5.05384486356545,0.50040119271927,0.479323894622486,0.999580718477448
MTIF2,-0.332086899536744,4.74415845271078,0.500353276438533,0.479344936711794,0.999580718477448
SEPTIN2,0.385078752041048,6.73430455768692,0.500201859478075,0.479411440316021,0.999580718477448
SPRYD3,-0.28557142785219,5.00486026206251,0.500086945643179,0.479461921519677,0.999580718477448
WASHC1,-0.276767093287331,5.43618601818647,0.499272718993607,0.479819857553941,0.999580718477448
FBXO31,0.351722379690227,4.43568339710696,0.499160398989551,0.479869268046996,0.999580718477448
SYNRG,-0.200946382695741,7.45163859117361,0.499107793765409,0.479892412383259,0.999580718477448
MSL3,0.23308453529099,6.07296682763671,0.498931455281117,0.479970008077764,0.999580718477448
TMEM134,0.189665953597249,6.34798880423655,0.498835661386865,0.48001216968046,0.999580718477448
TXNL4B,0.358627004927305,4.22710052744922,0.498518839998669,0.480151654966956,0.999580718477448
SMPD4,0.325152402628969,4.68044782117223,0.498445056108144,0.480184148947798,0.999580718477448
ANKFY1,0.2747539760507,5.13544577986049,0.497860980430867,0.480441499602222,0.999580718477448
MAPK3,-0.333544123545673,4.94836689389934,0.496829493683588,0.480896537609888,0.999580718477448
LARP1,0.188889834146193,6.63540411130123,0.496685580388192,0.48096008083072,0.999580718477448
CCDC69,-0.154264037691731,6.55009008688634,0.496644125054618,0.480978387501179,0.999580718477448
CASP4,0.125871271918756,7.17367860684592,0.496417282595629,0.48107858135682,0.999580718477448
ZFYVE28,0.25080613651463,6.30584753072445,0.496204609620445,0.481172547823442,0.999580718477448
QRICH1,-0.340921972777578,5.37042641457753,0.496098846603454,0.481219288895011,0.999580718477448
SNHG7,-0.232283476481936,7.16761693363198,0.49592710171083,0.481295205981379,0.999580718477448
LRRC37B,0.430386891818209,4.55318397063105,0.495821425975077,0.481341928025403,0.999580718477448
ANP32A,0.126178390526773,7.33302700809388,0.495618639386176,0.481431606213873,0.999580718477448
CCL4L2,-0.942268768345206,8.11748534544824,0.494326778662448,0.48200354994704,0.999580718477448
SIPA1L3,0.452740380986948,3.83999986253362,0.494002341111327,0.482147363203389,0.999580718477448
ADAM10,0.212608726207206,6.2379699706302,0.493932341169947,0.482178401292748,0.999580718477448
ADA,0.223159491005238,5.56079144499474,0.493533931289014,0.482355119482105,0.999580718477448
EIF4A3,-0.21409322774267,6.04445900999864,0.493423232269569,0.482404239913726,0.999580718477448
MICOS13,0.377652515123147,7.14430481278418,0.493145672666621,0.482527437516678,0.999580718477448
NADSYN1,0.317047594708151,5.05326839328224,0.492997960879183,0.482593021976611,0.999580718477448
LMBR1,-0.334145358756231,4.51591598312284,0.492985717612729,0.482598458680558,0.999580718477448
IFT27,0.285865925878291,5.09675534957013,0.492910372728034,0.482631918296873,0.999580718477448
TMX3,-0.229769641253436,5.73638723382857,0.492757833705689,0.482699670447312,0.999580718477448
TMEM254,0.391357912927568,4.08685036051599,0.492525700191461,0.482802805549003,0.999580718477448
THAP12,-0.198827266971328,5.89006500347918,0.492103647598957,0.482990413175402,0.999580718477448
STX7,0.229474180088338,5.48639250939576,0.491752122794969,0.483146761973334,0.999580718477448
VRK2,-0.357592555995049,4.48665084198569,0.491210734085666,0.483387720273725,0.999580718477448
KLF13,0.134892757080988,7.2750894944637,0.491111216708164,0.483432034463401,0.999580718477448
CALCOCO1,0.241184928616877,5.4976904279345,0.490710979274745,0.483610324210035,0.999580718477448
TBC1D10A,-0.243139235736623,5.3519559588434,0.490577461194041,0.483669825278673,0.999580718477448
LY96,-0.425416683986125,4.20059145187538,0.490559288817821,0.483677924559217,0.999580718477448
ELOF1,0.267913235050628,6.10291466557885,0.490377455992951,0.483758978287596,0.999580718477448
SSR4,-0.0984992029446163,9.07812417807332,0.490318264027446,0.483785368506963,0.999580718477448
EAF1,0.311992460845879,4.69407443328007,0.489854919447335,0.483992028689453,0.999580718477448
MRPS9,-0.310226377675604,5.04086926226495,0.489344357740967,0.484219917273474,0.999580718477448
FAIM,-0.307072462623421,4.62779561227893,0.489107304415303,0.484325785927957,0.999580718477448
FAM76B,0.2577911764066,5.70307969937725,0.489041840873515,0.484355028854166,0.999580718477448
HNRNPLL,0.200269147140694,5.5368799838538,0.489025585829054,0.484362290524118,0.999580718477448
LZTR1,-0.34583823979409,4.39725393115056,0.488968878443005,0.484387625009948,0.999580718477448
TTC31,0.368701481060069,4.74078010499577,0.488910257798896,0.484413816558813,0.999580718477448
NFE2L1,-0.245239594449071,5.31667803043511,0.488888876671854,0.484423370171736,0.999580718477448
CCDC85B,0.12412372126239,7.68027457668217,0.488831858721731,0.484448848713659,0.999580718477448
PNPT1,-0.238713770919016,5.35341205360298,0.488153839770703,0.4847519920008,0.999580718477448
LINC00685,-0.281926526510724,5.17165060681575,0.488070978853543,0.484789060722944,0.999580718477448
RASGRP1,0.172644878722234,7.78277014534479,0.487152996340669,0.485200043627225,0.999580718477448
NUDT22,-0.196028314955051,5.89498831299,0.486923495852938,0.485302881512674,0.999580718477448
ZNF184,0.212282554388343,3.90887040094735,0.486243207155747,0.485607926928875,0.999580718477448
EEF1B2,-0.119186832139846,10.011443051793,0.485951210734598,0.485738957118569,0.999580718477448
CLOCK,-0.284741894154501,4.87448030821472,0.485938126995846,0.485744829671969,0.999580718477448
COX11,0.216263023775216,5.83545454759304,0.48577181337172,0.485819488729663,0.999580718477448
RNF34,0.220588193868951,5.59253781223301,0.485738827632748,0.485834298457354,0.999580718477448
GRK6,0.192159892916108,6.35584667042525,0.485541071610962,0.485923101369506,0.999580718477448
SAP30,-0.256161873059301,5.46466026704874,0.485347994212688,0.486009829255139,0.999580718477448
SURF6,-0.369549013758132,5.04934185784584,0.48483556308685,0.486240131032765,0.999580718477448
TAF1D,-0.156860987674947,7.55258704346221,0.484363141911553,0.486452611304209,0.999580718477448
ANKRD54,0.333866712499146,4.48516260785426,0.483501448189639,0.486840570624194,0.999580718477448
PREB,-0.280295153519326,4.84451779785695,0.483017199122699,0.487058818651956,0.999580718477448
GLS,-0.131508253742836,7.51062773029667,0.482734061380048,0.487186502241319,0.999580718477448
RMND1,-1.36543124031145,4.88813086836119,0.482167101676062,0.487442344956385,0.999580718477448
NCOA5,-0.370016206903129,4.35701077335583,0.482073966548446,0.487484393854747,0.999580718477448
MBTPS1,0.177667005314084,6.24601554361585,0.481983166711625,0.487525394205574,0.999580718477448
NR1H2,-0.199155296150137,5.94635655053613,0.481656487835128,0.487672952269367,0.999580718477448
CDK13,-0.162806254240853,6.99941163702146,0.481093900159806,0.487927242196271,0.999580718477448
THAP5,-0.284894624147539,5.54367307649795,0.480791925353399,0.488063825808274,0.999580718477448
BTRC,0.469820133688351,4.25747486587049,0.480641395330943,0.488131934464327,0.999580718477448
TIMM29,0.250108536136449,5.22603400077486,0.480533764673004,0.488180642601826,0.999580718477448
TLE5,0.448363821794553,8.33533043176231,0.480288919987764,0.488291476887965,0.999580718477448
ARCN1,0.189253344233862,6.2881422552925,0.480275182684714,0.488297696616702,0.999580718477448
TRGV2,-0.436328323222948,4.32651049581972,0.480025768781847,0.488410644656053,0.999580718477448
PCNX4,0.213278761298347,5.95034748351573,0.479775174441311,0.488524171006799,0.999580718477448
OXSR1,-0.255279494410677,5.46488321600305,0.479629562933395,0.488590157308686,0.999580718477448
ADI1,0.332480435544264,5.38504815319688,0.479118922628018,0.488821679719802,0.999580718477448
GMDS-DT,-0.368963402500522,4.31914660551205,0.479005518767421,0.488873121371578,0.999580718477448
TMEM154,0.23812486955227,5.44715672359049,0.4783364095798,0.48917682254838,0.999580718477448
TAPT1,-0.348716803828783,4.46035834411949,0.478209434867139,0.489234490398833,0.999580718477448
LEO1,-0.206915379020694,5.63876313382339,0.477827167332509,0.489408172424763,0.999580718477448
FLOT2,-0.278068497228615,5.99589310596499,0.477718827242933,0.489457415069332,0.999580718477448
IMP4,-0.211785608994569,5.79345272392811,0.477670311998713,0.489479468851366,0.999580718477448
UBE2Q1,0.251653356791102,5.85670344009595,0.477393765198409,0.489605211524359,0.999580718477448
SRD5A1,-0.379248705448845,4.07115676103218,0.476478895671702,0.490021576017169,0.999580718477448
KIAA2026,-0.204185273028658,6.4354247289253,0.476470753757797,0.490025284116835,0.999580718477448
TNIP2,-0.186832281939984,5.99451259767066,0.47643363063192,0.490042191821771,0.999580718477448
FECH,0.382675684799949,4.20492927236342,0.476306549296805,0.490100078301919,0.999580718477448
HMGN1,0.113608537114529,8.81520325488792,0.476278364229415,0.490112918351444,0.999580718477448
HGH1,-0.488846033186504,4.32878518561403,0.476086733395167,0.490200232976787,0.999580718477448
DNAJA4,-0.408048001418505,4.15769158565175,0.476042035254809,0.490220602957011,0.999580718477448
ZNF622,-0.225969981137896,5.62694066251619,0.475913276019234,0.490279289420521,0.999580718477448
PSMD1,-0.186017506796315,5.9553431823052,0.47570375378478,0.490374811457562,0.999580718477448
IL7R,-0.375448556102081,8.20718389157036,0.475584461919446,0.49042921097288,0.999580718477448
RRP8,-0.285765689266278,5.07171764373252,0.475221353532875,0.490594857757431,0.999580718477448
LIMK1,-0.260200413442007,4.99658504177657,0.474918374216086,0.490733145664675,0.999580718477448
PSTK,-0.412016922550542,3.96181148224471,0.474870673644823,0.490754923415767,0.999580718477448
LINC00539,0.418422516682318,4.05870396465684,0.474839850659413,0.490768996543485,0.999580718477448
KYAT3,0.28994307805914,5.01339917243341,0.474680443030531,0.490841789471055,0.999580718477448
MTG2,-0.344951931099344,4.51144708544516,0.474522095154418,0.490914116313702,0.999580718477448
EIF2B1,0.223510358411205,5.8816901571477,0.473725429973028,0.491278270601203,0.999580718477448
EHBP1,-0.36095432658264,4.42097562911838,0.473308356950245,0.491469093968076,0.999580718477448
ENO1,0.182874055792526,8.35563668877488,0.472644060647482,0.491773285284029,0.999580718477448
THUMPD2,0.315479551993086,4.70450834890467,0.472626426329089,0.491781364593674,0.999580718477448
SAMM50,-0.226881831979107,5.49841944181618,0.472009113581178,0.492064331534936,0.999580718477448
ZEB1,0.203910444759135,5.8910071289722,0.47198554188881,0.492075141844809,0.999580718477448
EIF3A,0.130738813256813,7.86613024601606,0.471971640266689,0.492081517510643,0.999580718477448
SSBP4,-0.163996833262766,7.39866791952115,0.471825885931525,0.492148372775632,0.999580718477448
MTCH2,-0.238420675539662,5.54086244418214,0.471732961987947,0.49219100348908,0.999580718477448
SRGAP2C,-0.377997061235218,4.88424299836897,0.471436618191607,0.492326998408062,0.999580718477448
SEC24A,-0.316333725115383,4.70069701195072,0.471253555923591,0.492411038811737,0.999580718477448
PNKD,-0.165790668027183,6.24015066779406,0.470971344876989,0.492540643592654,0.999580718477448
PTRH1,0.267889670067673,5.00275225478526,0.470583243053948,0.492718971788894,0.999580718477448
C12orf57,-0.144510804470527,8.84902140598861,0.469932822670629,0.49301807487846,0.999580718477448
PLCB2,0.34271061931583,5.15353104630918,0.469000419100743,0.49344738223107,0.999580718477448
SRGAP2B,-0.552476527697606,4.46114531037942,0.468986134710356,0.493453964079425,0.999580718477448
SLC39A8,-0.276534760144758,4.9628462204681,0.468935596284998,0.493477251957197,0.999580718477448
PRPS2,0.342034026752092,4.87502963477313,0.46893181149062,0.493478996047518,0.999580718477448
SOCS4,-0.26505879639458,5.41228838140325,0.468561723464191,0.49364958814218,0.999580718477448
SPTSSA,0.312034087946644,4.99250972935386,0.468058045109778,0.493881917725551,0.999580718477448
GTPBP1,-0.281283910272772,4.93060421220974,0.467587984316404,0.494098906289447,0.999580718477448
MOSPD1,-0.366659489813237,4.1921727158754,0.46723988891463,0.494259696604911,0.999580718477448
TOGARAM2,-0.316540826483143,4.52534129083565,0.466715170456228,0.494502237824832,0.999580718477448
FCMR,0.420381961512661,5.39609326634626,0.466682514255929,0.494517339147573,0.999580718477448
TBC1D17,0.292264316000084,4.63771519475852,0.466615234168977,0.494548454160341,0.999580718477448
TTC3,-0.148782074896207,7.41956422500491,0.466301563942922,0.494693560623987,0.999580718477448
SMIM10L1,-0.202816266497459,5.98237671335236,0.465999898881545,0.4948331809208,0.999580718477448
SLC52A2,-0.189816312272953,5.94663598469669,0.465686140759783,0.4949784685805,0.999580718477448
TARBP1,0.317210084072933,4.79273874007199,0.465103575004084,0.495248419647281,0.999580718477448
CGAS,0.186449452512502,6.07067720038209,0.465014858176817,0.495289551248341,0.999580718477448
GALE,-0.43378193952301,4.01778906680654,0.464730709257524,0.495421329329261,0.999580718477448
DEF6,-0.167923379692604,6.75060498534962,0.464677095334714,0.495446200161659,0.999580718477448
SRSF7,0.173210435836862,8.86005220499787,0.464458309455829,0.495547714001648,0.999580718477448
PYCR2,-0.212766040503761,5.87025121836344,0.464349116407837,0.495598391273745,0.999580718477448
CTC1,0.364092600585913,4.73558488456169,0.464124571779884,0.495702631462026,0.999580718477448
ITGB7,-0.258478075159791,6.47217618777066,0.463775593822412,0.495864710542512,0.999580718477448
ZNF568,-0.309393770450843,4.59287033386514,0.463526320101536,0.495980537716763,0.999580718477448
PDXK,-0.244343418013079,5.59992743929085,0.463459890188158,0.496011412638425,0.999580718477448
RAB11FIP3,0.432282177675687,3.90944994908788,0.463259884779076,0.49610438958338,0.999580718477448
LDLRAD4,0.184777059589536,6.63272729003928,0.463225464290195,0.496120393672145,0.999580718477448
CHCHD7,0.218688505520412,6.46056398774634,0.463033896958383,0.496209480373764,0.999580718477448
RAB5C,-0.154643228691244,6.68177059173741,0.462748677674966,0.496342169058205,0.999580718477448
PTPN7,-0.188818900175089,7.73811921825356,0.46274785894501,0.496342550030888,0.999580718477448
CCDC88B,0.19842359988078,5.99072534818457,0.462595621433898,0.496413397993274,0.999580718477448
MALAT1,-0.0917079205675127,16.1652074067937,0.462315076289753,0.49654400215686,0.999580718477448
C17orf67,-0.321477970657196,4.77720934067117,0.462286417122341,0.496557347323655,0.999580718477448
CSF1,-0.383878868502586,6.09759236941793,0.462175385819135,0.496609054860641,0.999580718477448
PRR12,0.275367584156812,5.2988864514047,0.462003384147462,0.496689174374441,0.999580718477448
ACTR3,0.107721217739023,8.50151197662382,0.461564780724117,0.496893577475791,0.999580718477448
LRSAM1,-0.418620377217193,4.14190957018218,0.461504737986953,0.496921570340263,0.999580718477448
TIMM23B,0.343625131662599,4.48065349859249,0.459644163789294,0.497790320649311,0.999580718477448
HINT3,-0.306707585694262,4.68572577409941,0.45915725579969,0.498018094340667,0.999580718477448
PIAS3,-0.394528016927489,4.12681036957591,0.459133988990653,0.498028982875935,0.999580718477448
TTPAL,0.40142277279879,4.34109064042511,0.459094664346187,0.498047387164707,0.999580718477448
MRPL44,-0.246791333854387,5.23249845264275,0.459063002936041,0.49806220582638,0.999580718477448
TMEM167A,-0.229987837482693,6.85690712826472,0.458536190695194,0.498308882093411,0.999580718477448
PFKL,-0.291848536578357,5.60366742996067,0.458451712029504,0.498348457885,0.999580718477448
VTA1,0.247177769649541,5.40781505154836,0.458293469396713,0.498422604256785,0.999580718477448
GORAB,0.383139627187941,4.13594568938131,0.458265711811094,0.498435612311262,0.999580718477448
IVD,-0.314887905743557,5.20761668121438,0.458160779487168,0.498484792002336,0.999580718477448
ARHGAP31,-0.403513803637551,3.86623065448589,0.458123025815366,0.498502488405518,0.999580718477448
FAF2,-0.253076453027368,5.58670750278672,0.458004386947032,0.498558105314836,0.999580718477448
UBE2O,0.33145617789099,4.45292804950913,0.457661044952703,0.49871912036771,0.999580718477448
CTSO,0.454873050286484,4.04855423635236,0.457596419969816,0.498749437006451,0.999580718477448
TAF6,-0.290182925243119,4.90506178225825,0.457507068853596,0.498791358219611,0.999580718477448
TCFL5,-0.509475887425544,3.87650380860149,0.457256118091242,0.498909129690217,0.999580718477448
CHCHD2,-0.0579164141448623,9.16424510095985,0.457180504259732,0.498944624578139,0.999580718477448
KDM2B,0.270353788389218,5.1346961305521,0.456693339801909,0.49917341348591,0.999580718477448
ETHE1,-0.200747594628803,6.03863197814477,0.456600218663899,0.499217166558161,0.999580718477448
ARL8A,0.194355553583028,6.0160164376687,0.456597335610255,0.499218521267898,0.999580718477448
RBMS1,-0.126460036191518,7.28811635972801,0.456487807858307,0.499269991560895,0.999580718477448
FH,-0.301377844735572,4.77218423626825,0.456465544708284,0.499280454765837,0.999580718477448
TELO2,-0.302231826365825,4.17320861217053,0.456376782867442,0.499322174629799,0.999580718477448
TESC,-0.265819893754159,5.75234798679483,0.45601440953142,0.499492558764243,0.999580718477448
ZNF736,-0.435429034127891,4.10050751027507,0.455409153310391,0.499777363808164,0.999580718477448
TIPIN,-0.377764764919705,4.17591735188648,0.455154230562918,0.499897400883557,0.999580718477448
MTMR12,-0.387090294021936,4.86630981554111,0.455068410787016,0.499937822386355,0.999580718477448
ELMOD3,-0.268527013583922,4.96660335507846,0.455022206760098,0.499959586988875,0.999580718477448
MED13,-0.208477479458583,6.36297988714395,0.454721555586851,0.500101249278718,0.999580718477448
PEX19,0.321380533380373,4.57737272674555,0.454540778974808,0.500186461287872,0.999580718477448
CCNG1,0.29217766140763,5.2867933353243,0.454070226549021,0.500408379485928,0.999580718477448
LIMA1,0.312192917306329,5.17279958290898,0.453866172732502,0.500504665705081,0.999580718477448
ALG12,-0.329059728484123,4.44612036835898,0.453836805812951,0.500518525569384,0.999580718477448
DCUN1D5,-0.207365836523715,5.63914789222164,0.453490565342374,0.500681984660591,0.999580718477448
JPT1,0.205578742464725,7.40980740975647,0.453187109231589,0.500825319980691,0.999580718477448
ARIH2,-0.16712924655477,6.5173519298127,0.452890087685944,0.500965683530594,0.999580718477448
FAM50B,-0.316266322479716,4.51800306494319,0.452737723993344,0.501037712033686,0.999580718477448
OTUD6B-AS1,-0.181286147939803,6.5542226104526,0.452652917122329,0.501077811312695,0.999580718477448
ZNF236,0.306423284090075,4.99509644398418,0.45264758719058,0.501080331649473,0.999580718477448
LYSMD3,-0.304882408578804,4.97437230070423,0.451952233975153,0.501409324642539,0.999580718477448
TENT4A,-0.271011894045597,4.95749349262121,0.451638060127475,0.501558090494993,0.999580718477448
PPP1R11,0.247268474687618,5.94962658350753,0.450751416054288,0.501978334713439,0.999580718477448
SMNDC1,0.169488297508161,6.44400882165415,0.450616984462739,0.502042103831489,0.999580718477448
WASHC2C,0.27409233860556,5.0403636380394,0.45039284621274,0.502148456987218,0.999580718477448
JMJD4,-0.39800233385645,4.15855678199541,0.450232266723388,0.502224675238978,0.999580718477448
MGME1,0.406354379722446,5.06226959306216,0.450188797074054,0.502245311280961,0.999580718477448
MAP3K3,-0.303533717045455,5.45271376531047,0.45004428192021,0.502313926334564,0.999580718477448
EMB,-0.157704193471423,7.82710637133455,0.449363904655842,0.502637180758806,0.999580718477448
SEPTIN6,0.33804817111758,7.75064689172857,0.449233371483526,0.502699238998056,0.999580718477448
DPYSL2,-0.345269644958251,5.82360129107417,0.449160476836699,0.502733900345591,0.999580718477448
METTL15,0.323628923378854,4.79673414758726,0.449147787030793,0.502739934754907,0.999580718477448
FAM13A-AS1,0.532235762658882,3.9012601468851,0.448999726746504,0.502810351294843,0.999580718477448
ST3GAL5,0.198028287030611,5.91754459191849,0.448943741469783,0.502836981923695,0.999580718477448
HMGB3,-0.638866831085297,4.1198106522192,0.448917937476207,0.502849256971089,0.999580718477448
SRPRB,0.295443712864211,5.5676271898788,0.448698340160746,0.50295374084968,0.999580718477448
STIM1,0.395220190483532,5.44384692548099,0.448581880451485,0.503009167132967,0.999580718477448
PDCD10,0.224281826912359,7.23787846183182,0.448347849738427,0.503120580117074,0.999580718477448
STK19,0.306458051699005,4.77982002357715,0.448160059485987,0.503210010263221,0.999580718477448
SERPINB6,-0.243578099686926,5.80580267666005,0.447725965438707,0.50341683998188,0.999580718477448
PNPLA8,-0.192193284812283,5.88411814622665,0.447547721921799,0.503501808450955,0.999580718477448
CFL1,0.0531275729001577,10.2849319994061,0.447260170425038,0.503638935543631,0.999580718477448
LRPAP1,0.134290032714663,6.84461608139663,0.447222027770867,0.503657129743133,0.999580718477448
ATG3,-0.155443334293144,6.44746910218686,0.447193413591565,0.503670779558943,0.999580718477448
AOAH,0.262186871698415,6.27820738423377,0.447056748241549,0.503735981720265,0.999580718477448
MICAL2,-0.29009495689356,4.92888329121498,0.44699258208226,0.503766599958319,0.999580718477448
CMIP,0.15494300808493,6.52475589869152,0.446849037318515,0.503835106889491,0.999580718477448
P4HA1,0.264850256987528,5.07929093203872,0.44667598256296,0.503917718673208,0.999580718477448
ZNF335,-0.255136348996988,5.48318499384925,0.44662950976371,0.503939907507299,0.999580718477448
CLSTN3,0.377253300721694,5.59142899079969,0.446590651463165,0.50395846201609,0.999580718477448
ATPAF1,-0.257820766824675,5.05804378677792,0.446584878929456,0.503961218451574,0.999580718477448
GPATCH2,0.318614891560974,5.51967286939152,0.446508411568384,0.503997734719222,0.999580718477448
METTL5,-0.176358247407721,6.29854574300945,0.446337305413628,0.504079461237246,0.999580718477448
ANAPC10,-0.303832762778359,5.15167424833427,0.446104745941943,0.504190576424723,0.999580718477448
PANK4,0.365150365747375,4.35761532054181,0.445692002643851,0.504387885274857,0.999580718477448
MAGT1,0.228686432731872,5.53284522449004,0.445612673899079,0.504425822920737,0.999580718477448
ZNF609,-0.205813749209349,5.61365168536904,0.445605827373162,0.504429097386124,0.999580718477448
FAM50A,0.225221023477304,6.6464751653298,0.444833425183148,0.504798745295357,0.999580718477448
KAT7,0.253126276173216,5.7041057366019,0.444591069932267,0.504914824633238,0.999580718477448
COMMD4,-0.221456007954221,5.34225509148108,0.444214471428228,0.505095292321482,0.999580718477448
NELFCD,0.176866550675013,5.93023233695325,0.443865759424353,0.505262495213682,0.999580718477448
C1orf56,0.12374664821874,7.25134395983869,0.443701104496283,0.505341478083905,0.999580718477448
GNAI2,-0.0737368563678837,8.29991831100636,0.443661096547939,0.505360672581765,0.999580718477448
DOCK9,0.326317784390005,4.90044054373439,0.443563481843123,0.505407510150457,0.999580718477448
RCN1,0.400159675502765,4.09548610078294,0.443445548450876,0.50546410697347,0.999580718477448
MCM7,-0.270875109405461,5.06775316175679,0.443414776814889,0.505478876222058,0.999580718477448
APOLD1,-0.335285181715073,4.43241006252001,0.443308554741895,0.505529864577783,0.999580718477448
RANBP6,-0.276281874510517,4.88561289147603,0.443247540974703,0.50555915618416,0.999580718477448
LMO4,-0.169619744984001,7.03304382856573,0.443100057462493,0.505629972370209,0.999580718477448
PSME1,0.072996392176293,9.39311604527898,0.442978493162716,0.505688355886754,0.999580718477448
CMTM3,-0.136048312791969,7.06154377100661,0.442525815977804,0.50590586424039,0.999580718477448
CCNG2,0.371060514210161,4.6221581713389,0.441952757882779,0.506181445097805,0.999580718477448
PGP,0.157746492262344,6.39217996177879,0.441445019619833,0.506425829303661,0.999580718477448
NUMA1,-0.184724181443284,6.20980670190055,0.441053489667718,0.506614418591716,0.999580718477448
DALRD3,-0.295940251757429,5.56188570459499,0.441013469779456,0.506633701873828,0.999580718477448
TRAF3IP2-AS1,0.416090703387746,4.12849314569237,0.44075174071642,0.506759845147981,0.999580718477448
MZF1-AS1,-0.347732326113201,4.54250669085217,0.440594396067095,0.506835705150238,0.999580718477448
CEP164,0.252095190068976,5.28830735525213,0.440573699825832,0.506845684805735,0.999580718477448
NR4A2,0.723150801679021,6.10007839286715,0.439992450502263,0.507126099203051,0.999580718477448
DUSP18,-0.335073270821949,4.4181210562793,0.439980755580912,0.507131743966772,0.999580718477448
CUL3,0.160349951692638,6.5336865020645,0.439879383073475,0.507180677754232,0.999580718477448
GNLY,0.478303357808368,10.5804055081062,0.438889284402443,0.507659038194697,0.999580718477448
MAP2K6,-0.355534850897863,4.6062228408705,0.438787613052998,0.50770820406834,0.999580718477448
FAM8A1,0.301091179968056,4.67089654273475,0.438618262969536,0.507790115983382,0.999580718477448
VAMP2,-0.095224653661902,8.2081402848807,0.438345244623074,0.507922218484079,0.999580718477448
NOSIP,0.267295511365696,6.60313626446101,0.437869252192691,0.508152673483653,0.999580718477448
EIF3G,-0.0948448748380537,8.05775635102748,0.437748841643474,0.50821099962045,0.999580718477448
LYSMD4,-0.451339062743125,3.84018837448814,0.437609622560355,0.508278450874634,0.999580718477448
EEF1D,0.0965515529369168,9.95893678590486,0.436509317378855,0.508812088957293,0.999580718477448
HSBP1,0.189677442885505,6.29719520687768,0.436285615515702,0.508920700518352,0.999580718477448
CCDC146,-0.409088110532679,4.65320156828395,0.436089663901539,0.509015871663501,0.999580718477448
ZNF777,-0.356937307570817,4.14470408126146,0.435743993517036,0.509183834150188,0.999580718477448
ATP1B3,-0.141801029376476,6.93101678417877,0.435502559996497,0.509301204313081,0.999580718477448
TRPM7,0.160847332141423,6.20246163976547,0.43544522906574,0.509329081955378,0.999580718477448
SRPK2,0.217728754954353,6.24599291291072,0.435387955917392,0.509356934130958,0.999580718477448
SLX4IP,0.409248883029212,4.00423639264187,0.43521505486139,0.509441032603726,0.999580718477448
SMS,-0.178556039454743,5.98387746036586,0.434930430237896,0.50957952526458,0.999580718477448
VAC14,-0.376034376160132,4.22791324964575,0.434542728494472,0.509768277843321,0.999580718477448
CEP350,0.178093983469859,7.25353156796179,0.434506973423831,0.509785691281331,0.999580718477448
AUH,0.324389160484176,4.58435460608959,0.434181329313061,0.509944333831133,0.999580718477448
ACAP3,-0.313547798056902,4.66839241984073,0.433997491155784,0.510033931108739,0.999580718477448
MR1,0.349626212612974,5.6858216701676,0.433938329337668,0.510062770615959,0.999580718477448
OSTF1,-0.133750267817744,7.69616620990717,0.433895495296831,0.5100836526098,0.999580718477448
CPSF6,0.200820081402941,5.81276982850736,0.433690743773582,0.510183491306387,0.999580718477448
CCR2,0.263891276573121,5.18736312989011,0.433329032632258,0.510359947531575,0.999580718477448
SNHG19,0.397191384749209,4.2712427813901,0.433074019635034,0.51048441586732,0.999580718477448
ZNF317,-0.324214443403316,4.58091949683836,0.433069475928903,0.510486634063942,0.999580718477448
ERCC6,-0.308747461603414,4.8119676702514,0.433015838783714,0.510512820498038,0.999580718477448
KIZ,-0.336343043725964,4.76429997751323,0.432790883808424,0.510622672107468,0.999580718477448
GALNT1,-0.168010902325529,6.33548137869318,0.432347666388692,0.510839226923791,0.999580718477448
SMG7,-0.241961534399003,5.5233825703601,0.432226673391146,0.510898371396503,0.999580718477448
ZFP90,0.279580199356057,5.36724006201256,0.432222192338793,0.510900562077213,0.999580718477448
PSMA5,-0.148875426698605,7.48915056078919,0.432211787863171,0.510905648642447,0.999580718477448
PRPF3,-0.279642502701643,5.3857206527893,0.432181848240807,0.510920286086728,0.999580718477448
SLC27A2,0.346673401288974,4.63481522831279,0.432092753285431,0.510963848795947,0.999580718477448
XPNPEP3,0.323712791734306,4.70045298025058,0.431962852164231,0.51102737508312,0.999580718477448
IL16,-0.136372885723563,6.78208085129228,0.431934967244598,0.511041013587829,0.999580718477448
TEFM,-0.322514977414841,4.85051557669435,0.431930180374106,0.511043354907956,0.999580718477448
ATAD2B,-0.21362260606286,5.50216650048797,0.431613686747383,0.511198197258828,0.999580718477448
CLIC1,-0.0981868052297689,9.33010226547653,0.43092396635147,0.511535920005059,0.999580718477448
MDM4,0.162211721488484,7.60717099312002,0.430717043478239,0.511637315556984,0.999580718477448
NCMAP-DT,0.00969637204609714,3.87649051286104,0.430600676209421,0.511694352709006,0.999580718477448
PRKRIP1,0.219904105542499,5.37782982894796,0.430563354699769,0.511712648097197,0.999580718477448
CLYBL,0.364225245529527,4.24376601667378,0.429476119329548,0.512246120504317,0.999580718477448
SYNJ1,-0.337679952687028,4.5038442038427,0.429059037727361,0.512451025620232,0.999580718477448
DDX50,-0.306663879444632,5.89814417059573,0.428833867962016,0.512561706873203,0.999580718477448
SETD1B,0.277080707872227,4.97216524437311,0.428723165446527,0.512616137454925,0.999580718477448
NAPB,-0.905760199444747,4.50479264404574,0.428721582668324,0.512616915753386,0.999580718477448
TBC1D19,-0.306519765705842,4.52609298087874,0.428667761779099,0.512643382284695,0.999580718477448
INO80E,0.208121563066807,5.47161586260958,0.428407294757706,0.512771501020339,0.999580718477448
YIPF3,-0.211576293656017,6.04363912600306,0.427809728309187,0.513065642852551,0.999580718477448
SFSWAP,0.187700478765802,6.24069900539866,0.427718836695794,0.51311040838825,0.999580718477448
FCF1,0.285403441832958,4.86769454600312,0.427440344633038,0.513247612360037,0.999580718477448
P3H1,0.328766075568099,4.3998458955646,0.42740306848824,0.513265981944182,0.999580718477448
EXOSC6,0.320547431267657,6.42133497277525,0.42738345641779,0.513275647178939,0.999580718477448
PHF3,0.141137824716088,7.25021038184082,0.427219778988736,0.513356323154817,0.999580718477448
MAZ,0.146147561832997,7.27148705925169,0.427088057828639,0.513421264027792,0.999580718477448
POLE3,-0.159358986089064,6.30154715255079,0.426826824038721,0.513550099217142,0.999580718477448
MTPN,-0.133292645498532,7.59163732988251,0.426638318370001,0.513643101324073,0.999580718477448
HABP4,0.250936617300663,5.2372728073569,0.426585952428882,0.513668942051103,0.999580718477448
TIGIT,0.286864759841399,6.96854295386931,0.426012041629942,0.513952294968916,0.999580718477448
TCP11L1,-0.806681976820951,3.97858419325953,0.425966215621061,0.513974932052742,0.999580718477448
FRA10AC1,-0.243650271084788,5.51914305954861,0.425814101275396,0.514050085787328,0.999580718477448
TCOF1,0.326422174628108,5.58504849742911,0.425809868086215,0.514052177513861,0.999580718477448
ETV6,-0.276571115267734,5.05931417324936,0.425632335302731,0.514139914331944,0.999580718477448
S100A4,-0.178329873096993,10.9049638075349,0.425155944272593,0.514375476069539,0.999580718477448
RNF2,0.290753189118256,4.87907749335801,0.425130200950667,0.51438821076181,0.999580718477448
RBM26,0.130549597127823,6.84353504950269,0.425103083065189,0.51440162601671,0.999580718477448
ZDHHC2,0.260548971585966,5.71897768736734,0.425058644533394,0.514423611137391,0.999580718477448
MESD,-0.164078304199058,6.79694463741747,0.425040762061958,0.514432458613057,0.999580718477448
UBXN2A,-0.229451544479334,5.52698011329141,0.424791756547293,0.514555683369767,0.999580718477448
SP140,0.155557062042469,6.32552039291127,0.424495835727603,0.514702191921552,0.999580718477448
HCLS1,-0.0967570083666274,7.83356699596571,0.424470813633864,0.514714583539435,0.999580718477448
DCP1A,0.262019569899411,5.35478728145955,0.424099154172755,0.514898700640456,0.999580718477448
NFIC,0.360537318805754,5.52685905289675,0.423854316655735,0.515020053956133,0.999580718477448
CHD4,-0.127177325867317,7.25608502520988,0.423303165896305,0.515293413646649,0.999580718477448
BTAF1,-0.332941104838135,5.06675629754699,0.423072132397465,0.515408076964444,0.999580718477448
SLC30A5,-0.228684709831497,5.20836940494847,0.423017166815986,0.51543536327458,0.999580718477448
AP2B1,0.141806926728081,7.03829048888842,0.422290972060065,0.51579610180814,0.999580718477448
METRNL,-0.21145418241844,6.2638964124457,0.421987911068484,0.515946778381267,0.999580718477448
CYP4V2,-0.444964034612922,4.62197076294716,0.42179168716903,0.516044378479216,0.999580718477448
TSPO,-0.120945397535194,7.80256954468926,0.421777641582613,0.51605136587226,0.999580718477448
IFI27L2,-0.131034665457241,7.40580013836434,0.421620087773796,0.516129757018373,0.999580718477448
RBBP4,-0.137728933642805,6.94108302330842,0.421085771085869,0.516395762262488,0.999580718477448
RRAS2,-0.239461152948791,5.2243526295268,0.421080352758304,0.516398460961259,0.999580718477448
KANSL1-AS1,-0.377508491273223,5.65321775995285,0.420442468523643,0.516716343626495,0.999580718477448
C1orf35,-0.171656753905692,6.11358309894584,0.42043171388414,0.516721706019717,0.999580718477448
NKTR,-0.112561160950516,7.91891245599549,0.419762875903825,0.517055388286892,0.999580718477448
PPP6C,0.213028103631545,5.78632810420824,0.419723945943408,0.517074822007773,0.999580718477448
MSN,-0.088156688736816,8.59184446981457,0.419641062731538,0.517116201323882,0.999580718477448
UBE2G1,0.158272660321629,6.08498426625997,0.41935616163675,0.517258482013628,0.999580718477448
ERLIN2,-0.416382948242837,4.37571251352518,0.419149859541832,0.517361552892409,0.999580718477448
PRKD2,0.18843604691011,5.63493891437995,0.418988596143023,0.517442146995181,0.999580718477448
AGPAT5,-0.326443167465789,4.819457833479,0.41877876426125,0.517547046971488,0.999580718477448
MRPL13,0.178861448505606,5.90510393996538,0.418696865622065,0.517588000176902,0.999580718477448
TCEAL8,0.22288014511401,5.31604796217353,0.418636567136195,0.517618155912904,0.999580718477448
ZNF398,-0.405996662601666,4.14287137979839,0.418247685337816,0.517812712726391,0.999580718477448
PMAIP1,0.208215174727667,6.18793254193436,0.41759050709439,0.518141789477666,0.999580718477448
RNF214,-0.227670680488857,5.35106216048529,0.417400072913866,0.518237216468801,0.999580718477448
ZFYVE19,-0.330682869553183,4.34366952342052,0.416820663357036,0.518527749755257,0.999580718477448
CBR4,0.299625290303339,4.97529586527187,0.416711868250122,0.51858233477934,0.999580718477448
SEC24D,-0.28828449271283,4.72374909227891,0.416637851906666,0.518619476262933,0.999580718477448
BABAM2,0.246673369217986,5.07512014851044,0.416531200261762,0.518673002396995,0.999580718477448
DNPEP,-0.200360015908381,5.47509383627599,0.416471386677992,0.518703025778612,0.999580718477448
NDUFAF6,0.308187695420914,4.14514850161197,0.416180895886676,0.518848880848844,0.999580718477448
ANKRD13C,-0.262785761923424,4.97086629818347,0.415954940415975,0.51896238266648,0.999580718477448
IKZF2,0.280873898391499,6.24935409498734,0.415598400337249,0.519141568478799,0.999580718477448
PTPRJ,0.19521209147222,5.75622908145918,0.414883737850988,0.519501063187596,0.999580718477448
ELP4,-0.26283972836501,4.88121192559947,0.414878328734561,0.519503785790686,0.999580718477448
PHACTR4,-0.186246118239936,6.14151055563497,0.414280514889475,0.519804841885597,0.999580718477448
NXPE3,0.235485072429897,5.40626797234651,0.41411579495051,0.51988784801725,0.999580718477448
TRIM41,0.251143243635,5.06759575452474,0.414028833747294,0.519931679165621,0.999580718477448
RBL1,0.26762115026037,5.09965458758865,0.413790350032214,0.520051915777267,0.999580718477448
ACLY,-0.222676050903887,5.57558353680475,0.413560547509555,0.520167821934535,0.999580718477448
ZNF322,0.274876271387733,4.79126051560919,0.413109652058253,0.520395373706479,0.999580718477448
C2CD5,0.246300932547131,5.00162054990019,0.413053159541432,0.520423895949704,0.999580718477448
TBRG4,-0.234311451257146,5.03530713350492,0.413049880695003,0.520425551475802,0.999580718477448
TNFRSF10B,-0.373754574366913,4.16754661575385,0.41288013702515,0.520511269631171,0.999580718477448
MLF2,-0.138951666382312,6.46057177854917,0.412731292937686,0.520586454281352,0.999580718477448
AKAP11,-0.208972868301043,5.58631121461919,0.4124309086738,0.520738243784806,0.999580718477448
CCAR2,0.272219273310551,4.88420451233173,0.412299919892979,0.520804459189701,0.999580718477448
RAD51-AS1,0.504170997834826,4.48915333886857,0.411516856269532,0.521200611408569,0.999580718477448
ERCC3,0.335096407075243,4.77745299077092,0.411391222170527,0.521264219274134,0.999580718477448
INTS7,0.431682708460704,4.15848173395992,0.410753912998915,0.521587096754919,0.999580718477448
OAT,0.247403823963288,5.09351812938356,0.410609690062223,0.52166021289449,0.999580718477448
TTC13,-0.296627339374928,4.77480087977515,0.410550422596737,0.521690264741571,0.999580718477448
MAGOHB,-0.245216269765361,5.83579125914713,0.410045227064316,0.521946550779171,0.999580718477448
TP53I13,-0.194872155770258,5.97515991077666,0.409841971881313,0.522049725077157,0.999580718477448
SAP18,-0.105137907119804,8.14325570073872,0.409801850621896,0.522070095279298,0.999580718477448
SPATS2,-0.334714348211274,4.15736149942559,0.409763899004929,0.522089365213293,0.999580718477448
FIGNL1,-0.263849371796813,4.20939269989911,0.409740507014126,0.522101243123598,0.999580718477448
CEP152,0.331718553122474,4.34973012864069,0.409668437861562,0.522137841172536,0.999580718477448
MPV17,0.241343324448448,5.33711055651437,0.409096615941902,0.522428383868985,0.999580718477448
CREBBP,-0.171370212738854,6.22349964093903,0.408937269308775,0.522509398864169,0.999580718477448
MIS18A,0.36748696128586,4.24054703114198,0.40887110239327,0.522543045973708,0.999580718477448
RAB30-DT,0.39209439069139,4.59914306700786,0.408603710375836,0.522679058879494,0.999580718477448
HSPE1,-0.131302322872189,7.8200346404083,0.408175517684127,0.522896996052903,0.999580718477448
NSUN5,-0.225148159749209,5.64509440690789,0.407904584056336,0.523034976268188,0.999580718477448
KDSR,0.324513521909204,6.00181396237389,0.407835617623727,0.523070109574828,0.999580718477448
IP6K1,0.240595771754164,5.13536012271207,0.407712584280834,0.523132796367683,0.999580718477448
TUG1,0.409826757121724,5.29414112445006,0.407506869498118,0.523237639979693,0.999580718477448
EXOSC5,0.2453624529798,4.97387984069398,0.407487670040711,0.523247426983601,0.999580718477448
BTLA,-0.414387293803746,3.83104929983458,0.40739992645986,0.523292158772668,0.999580718477448
PMVK,-0.189014082622793,6.1764740566991,0.407038237548592,0.52347661983859,0.999580718477448
BLOC1S3,-0.363485599054166,4.15408363225966,0.406898566855997,0.52354788264862,0.999580718477448
MTOR,-0.281223076103026,4.85533685392517,0.40680942137949,0.5235933754691,0.999580718477448
DTX2,-0.318445686089381,4.39599351003326,0.406016104608808,0.523998530924024,0.999580718477448
CLN8,0.316118300339771,4.42575507876385,0.40590951168935,0.524053011488235,0.999580718477448
MOSPD2,-0.288172023875488,4.84891761184453,0.405371668081063,0.524328061502356,0.999580718477448
RARA,0.236068374653957,5.32076438031974,0.405348022330395,0.524340159682225,0.999580718477448
TTC14,-0.132896179888296,7.05890804186067,0.405301882177016,0.524363768390988,0.999580718477448
FCHO1,-0.324963381388787,4.58823047565401,0.405229296079314,0.524400912619803,0.999580718477448
NDUFS5,0.101311408951771,8.4759131364379,0.405200724378413,0.524415534798173,0.999580718477448
ZNF169,0.423953043557847,4.19387675367231,0.405012320382379,0.524511972710043,0.999580718477448
COPZ1,0.148402672049874,6.36062826088001,0.404870420075185,0.524584627696865,0.999580718477448
UBR4,0.252452131652467,5.58377883419917,0.40476936154829,0.524636382014417,0.999580718477448
ATP5MC1,0.17640221108766,6.77731672631297,0.404562374765417,0.524742412883402,0.999580718477448
PCK2,-0.348904598145637,4.52047932967386,0.404162936956141,0.52494713628985,0.999580718477448
STMN1,-0.33170024589511,6.4424845876954,0.402956484300338,0.525566341684588,0.999580718477448
RNF216,-0.218523009267755,6.11747927552733,0.402573943469527,0.525762950300876,0.999580718477448
THAP6,-0.300914916604398,5.0688836142878,0.402334127396085,0.525886271697209,0.999580718477448
SNRPB,-0.113477986475334,8.14403269892722,0.402196364450976,0.525957137292843,0.999580718477448
PSMG4,-0.182614146880041,5.95752526705964,0.40167378003138,0.526226110802467,0.999580718477448
SH2B3,0.279875499610981,4.8212577653294,0.401544391602954,0.526292744733635,0.999580718477448
KIF3A,-0.192571876833845,5.88699285350752,0.401531452615403,0.526299409028821,0.999580718477448
GNPDA1,0.329025248074752,4.59004065407806,0.401289459650283,0.526424076542959,0.999580718477448
PKN1,0.134428473844028,6.61044132778105,0.400797996935186,0.526677425583972,0.999580718477448
ZC3H7A,0.191147020006289,5.67687879151086,0.400516750948119,0.526822505800713,0.999580718477448
PPP1R37,-0.303973704973428,4.35656387797484,0.40048089012185,0.526841009668782,0.999580718477448
WAPL,-0.215868212002464,6.48107036841451,0.400463199403854,0.526850138349618,0.999580718477448
C16orf87,0.222387420354696,5.41826546830877,0.400290397208153,0.526939321776762,0.999580718477448
C11orf54,0.282864003183685,5.22694525688399,0.400095713967456,0.527039830335409,0.999580718477448
TMEM102,-0.290609427436116,4.46285284723238,0.399912825966121,0.527134280592872,0.999580718477448
MCM6,-0.266370785102408,5.25039657647166,0.399401927619607,0.527398288040689,0.999580718477448
EIF1AD,-0.270481695459329,4.80509372329214,0.399359305163342,0.527420323933412,0.999580718477448
YY1AP1,0.258061281999775,5.28978796526952,0.399274147146041,0.527464355722479,0.999580718477448
CEP85L,-0.202977345101263,6.3015931382999,0.399083242614221,0.527563088664637,0.999580718477448
ZNF143,-0.236398008405327,5.2606078422826,0.398885362673083,0.527665464061305,0.999580718477448
CWC27,-0.232692823269308,5.53574149256063,0.398648296336177,0.527788159758227,0.999580718477448
VAMP8,0.12115814980499,8.06395624165669,0.398286767012975,0.527975370607664,0.999580718477448
USP48,0.179113843300376,6.2033507540001,0.398281843344959,0.527977921052261,0.999580718477448
EP400,0.203439019309972,5.56752583195594,0.398223613878741,0.528008085405224,0.999580718477448
UBASH3A,-0.178025920294879,5.74076140032488,0.39763845661369,0.528311383144825,0.999580718477448
PAX8-AS1,0.413973209741374,4.40849989060671,0.397583371622101,0.52833995076692,0.999580718477448
COX5B,-0.0871525588639251,8.50799364076461,0.397005544002266,0.528639784679475,0.999580718477448
SNX18,0.378223421298527,5.04390312855907,0.396826008822295,0.528733007295166,0.999580718477448
USP33,-0.197849085947454,6.26644400893877,0.396712316768744,0.528792056478244,0.999580718477448
KIAA0040,-0.177825930767314,6.42865165144821,0.396162221926456,0.529077930818899,0.999580718477448
DARS2,0.447422477496604,4.0868505272839,0.396023500777417,0.529150065441803,0.999580718477448
GZMA,0.182449284125665,10.3627901647565,0.395769105836717,0.529282395965116,0.999580718477448
ZNF248,0.316228530689203,4.35058827894243,0.395647502079623,0.529345672474315,0.999580718477448
HCP5,-0.305781341171736,5.65935251827257,0.395600680779808,0.529370039554208,0.999580718477448
ELOVL5,-0.184200191177017,6.47045661102957,0.395499785524581,0.529422555035016,0.999580718477448
RPLP1,-0.0708733800765421,13.2853268782367,0.395478706951312,0.529433527508486,0.999580718477448
UBE2E1,-0.356421123901591,5.01670076922853,0.395416599770448,0.529465859839356,0.999580718477448
FTO,0.28798977136226,4.57614573346986,0.395386642316761,0.529481456634527,0.999580718477448
IER5L,-0.377095611559354,5.66327223636636,0.395283366884925,0.529535231402603,0.999580718477448
DCTN3,-0.123638756830252,7.03644313194391,0.395063712608664,0.529649636391027,0.999580718477448
NUP42,-0.36974466465439,4.76900031074721,0.394328123778177,0.530033084682214,0.999580718477448
PCF11,-0.170186667757566,6.68411856491971,0.393911663179884,0.530250398718674,0.999580718477448
CKS2,-0.314484102237505,5.3842232435073,0.393871171519088,0.53027153628399,0.999580718477448
PSMC2,-0.242075072699202,5.61764782793121,0.39340257302972,0.530516265561667,0.999580718477448
MBLAC2,-0.499741815801365,3.83644289483701,0.393365565925084,0.53053560146759,0.999580718477448
MTX1,0.231902307559734,5.10777134312622,0.393271261694908,0.530584880377593,0.999580718477448
CLN3,0.360009527890492,5.44590784322183,0.39322989492981,0.5306064992811,0.999580718477448
ECE1,-0.281333123612777,4.76963340357098,0.393094793065419,0.530677116617772,0.999580718477448
ZNF655,0.17466467346848,6.40674099913127,0.393084840583191,0.53068231941872,0.999580718477448
UBE2S,0.180607569953955,6.61380858142732,0.392291874551196,0.531097148807259,0.999580718477448
ATP5PD,0.127025954317501,7.57793686598608,0.392056536912779,0.531220374822155,0.999580718477448
BCAT2,0.275686701426967,4.47459127454083,0.391854249047634,0.531326336675866,0.999580718477448
ELF4,0.326976591247196,4.41032951893414,0.391811319219178,0.531348828953009,0.999580718477448
CDC40,0.148638621686644,6.7174261693107,0.391783809312845,0.531363243153273,0.999580718477448
B3GALT4,-0.252491942252144,5.00883989920661,0.391747383723631,0.531382329934058,0.999580718477448
VPS26B,0.195573738636352,5.54813116992254,0.391733249121494,0.531389736709714,0.999580718477448
FNBP4,0.155453177968203,7.0782426734603,0.39156508003269,0.531477874488702,0.999580718477448
SAT2,0.184047322092287,6.35985596904135,0.390511140602907,0.532030846892355,0.999580718477448
MRPL17,-0.241498591107712,5.1971263707398,0.390503000030861,0.53203512205859,0.999580718477448
PDE4B,-0.135762903124284,7.11379818689927,0.390239919876262,0.532173316650384,0.999580718477448
DVL3,0.241967443385054,4.97764386520795,0.389868328141038,0.532368622168607,0.999580718477448
PRR5,0.199510607882772,5.79239809486657,0.389819977456247,0.532394044396113,0.999580718477448
MAPKAPK5,-0.219787505259967,5.37426046269704,0.389576093263139,0.53252230927774,0.999580718477448
PRRC2C,0.0905920185242859,9.04462104180334,0.389395478248561,0.532617335256173,0.999580718477448
ARFGEF1,-0.235720452253001,6.26377452836611,0.389273833865737,0.532681352599713,0.999580718477448
CALU,-0.209382885222064,5.58145181829439,0.388657062650105,0.5330061525256,0.999580718477448
KDM4C,0.204107067010464,5.53871590473287,0.388636997440709,0.533016725141513,0.999580718477448
RASAL3,-0.107860842817834,7.25308422948565,0.388576528533399,0.533048589275787,0.999580718477448
RCHY1,-0.307786720352765,5.16775666956857,0.388299156988456,0.533194794539272,0.999580718477448
SLC35E3,-0.212473715592571,5.44399089397464,0.388227670191249,0.533232487681493,0.999580718477448
ZNF891,-0.307745231295824,4.39140973149552,0.388090436993935,0.533304860705963,0.999580718477448
AUTS2,-0.378089103586823,5.58454083969146,0.387558117616173,0.533585759521179,0.999580718477448
PPIL1,0.298041053221381,4.37696692147564,0.38701701678644,0.533871566675603,0.999580718477448
SLC36A4,0.366587237614357,4.82920324590623,0.386702557793637,0.53403778992462,0.999580718477448
TP53BP2,0.261046044922652,5.00500391528763,0.386649772393331,0.534065701511071,0.999580718477448
HIPK2,0.261201192710623,4.87035001149782,0.386645623733456,0.534067895329607,0.999580718477448
TAB3,0.262232734105564,4.73434653333179,0.385744443941725,0.534544828005831,0.999580718477448
HYOU1,0.237259333338032,5.55364179925771,0.385433899658681,0.534709356671781,0.999580718477448
IMPACT,0.380608885288404,4.27886080042703,0.38514295114296,0.534863586694358,0.999580718477448
PHYKPL,-0.20352318870428,6.34653798937979,0.385118966864626,0.534876304212933,0.999580718477448
ATP6V0E1,-0.0730197827102357,8.58554064930377,0.384759110799111,0.53506718159926,0.999580718477448
ABHD2,-0.243013102300883,5.0999747597252,0.384745300330824,0.535074509507658,0.999580718477448
TYMP,0.282027900282674,7.40640437789146,0.384685595983722,0.53510619104947,0.999580718477448
CYSTM1,-0.215682081924762,5.73987604901051,0.384411767942039,0.535251538910988,0.999580718477448
PDSS2,-0.372944237938237,4.48534819635223,0.38418550932948,0.535371691014807,0.999580718477448
SUGT1,-0.169177073795641,6.6782320085186,0.383970264883904,0.535486039632554,0.999580718477448
TCF12,-0.243692801428459,5.2619584552176,0.38390394708115,0.535521279905891,0.999580718477448
MTA1,0.229383912663441,5.11500915681252,0.383734031519674,0.535611589681029,0.999580718477448
ZDHHC4,0.263307536171383,4.97072087277711,0.383666151792541,0.535647675352132,0.999580718477448
FDX1,0.162716329472202,6.43740540745329,0.383641832286227,0.535660604965958,0.999580718477448
PHIP,-0.131152324456443,7.12841080519846,0.383578166144606,0.535694456143832,0.999580718477448
SLC25A15,0.559210397087487,3.95214504692355,0.383526138150542,0.535722122224862,0.999580718477448
GPAT4,-0.231792904323685,4.95505422924147,0.383287327568414,0.535849143965036,0.999580718477448
RAPGEF6,0.181929887914876,6.63804715640732,0.38305581139703,0.535972338123735,0.999580718477448
REPIN1,0.306204185955542,4.7324122018137,0.382968661760208,0.536018725442797,0.999580718477448
XPR1,-0.299525562193088,4.55905420011157,0.382366479889512,0.53633944965658,0.999580718477448
RNF185,0.359479848441561,4.09552040436559,0.381999178169108,0.536535247323435,0.999580718477448
TMEM107,0.237141754265902,5.5823686871837,0.381579497788145,0.536759125806368,0.999580718477448
COMMD3,-0.178363193385978,6.04097653797584,0.381353866833949,0.536879558946004,0.999580718477448
RACK1,0.0680500960020184,10.5230569717112,0.381007832222638,0.5370643545833,0.999580718477448
AFF1,-0.252229564668403,5.64097180241599,0.380459169469354,0.537357599036257,0.999580718477448
CSNK1E,-0.225104474993048,5.41459490063209,0.38045871764785,0.537357840642112,0.999580718477448
TMEM184C,0.377956452373444,4.26157041963197,0.380434738030596,0.537370663724392,0.999580718477448
PITPNA,-0.263910581499875,5.27314861101714,0.380325488420734,0.537429091932606,0.999580718477448
FBXL20,-0.262311466030516,5.35760387564258,0.380089686156738,0.537555241749644,0.999580718477448
WDR75,-0.266045495501587,4.85140701745262,0.380062969419974,0.537569538111784,0.999580718477448
RBPJ,-0.205340120917632,8.69073586262647,0.379939932527648,0.537635385192676,0.999580718477448
SFT2D1,0.176526359009594,6.4025044131327,0.379812985019445,0.537703340586417,0.999580718477448
PIAS2,0.337884998670637,4.73845326226121,0.379622660086795,0.537805251474606,0.999580718477448
ILK,-0.20818429234823,6.10883994775418,0.379209780705949,0.538026451997557,0.999580718477448
EGLN1,0.266291317431914,5.23512235368782,0.378842655357985,0.538223279295281,0.999580718477448
C8orf33,0.205188287095587,5.56682202073148,0.378627301414751,0.538338798432319,0.999580718477448
RTP4,-0.285793087039759,4.64663577979183,0.378558707588905,0.538375602716381,0.999580718477448
LSM10,-0.125551389855287,6.7934958738624,0.378292303844995,0.538518586288924,0.999580718477448
PSMF1,-0.135060197430446,6.37916432273134,0.378046155731461,0.538650760000504,0.999580718477448
ALG2,0.239093065746295,4.94150938488202,0.378012037477056,0.538669085097398,0.999580718477448
TMEM250,0.210662721475384,5.59890742686021,0.377956963078381,0.538698668256088,0.999580718477448
FBXO42,0.284742314869097,4.99467592801325,0.377826496286234,0.538768760217322,0.999580718477448
RCE1,-0.258835297207381,4.87237474160264,0.377587866032835,0.538897005051998,0.999580718477448
DYNLL1,-0.0942179425927769,8.84453052871356,0.37752897794328,0.538928661317569,0.999580718477448
PLXND1,-0.354287151901937,4.45890247928131,0.377416220245971,0.538989285572828,0.999580718477448
SETX,-0.136850820130361,7.09345410984484,0.377312822207431,0.539044888565838,0.999580718477448
AK6,-0.204537181374977,5.59590426667566,0.377311250518497,0.539045733833129,0.999580718477448
KATNAL1,0.278772438809127,4.64164842134816,0.376314712827547,0.53958216881445,0.999580718477448
MEA1,-0.185364421272195,6.01622854751737,0.376170289723424,0.539659992679534,0.999580718477448
SLC25A13,-0.358459993316626,4.33336278561887,0.375599907188126,0.539967550205785,0.999580718477448
LCK,-0.0883567777684877,8.41683837267464,0.375336418885961,0.540109734942749,0.999580718477448
EVA1C,-0.388170505320881,4.09989668583341,0.375235517781736,0.54016420182421,0.999580718477448
FAM149B1,-0.429832110923547,3.8665215469872,0.374887444728994,0.54035217058795,0.999580718477448
ERBIN,0.15157485680056,6.62455504807301,0.374819125889074,0.540389078674661,0.999580718477448
TGFB1,-0.137882850027516,7.89959017427807,0.37463934661192,0.540486223459577,0.999580718477448
SH3GLB1,-0.172655736120939,7.31055377978051,0.374494141870597,0.540564709084905,0.999580718477448
ZFP36,0.239095088084289,8.12320669549144,0.374382398072861,0.540625122744253,0.999580718477448
CNOT6L,0.134950866825709,7.40218716376457,0.374348066741518,0.540643686274914,0.999580718477448
CCDC22,0.259857557163434,4.76942395892566,0.374341570403479,0.540647199086234,0.999580718477448
ATP6V1E2,-0.382505122958506,4.02825786337131,0.374305528153485,0.540666689230763,0.999580718477448
NORAD,0.145053715509978,6.44807118331263,0.373720153244308,0.54098341623972,0.999580718477448
PIK3IP1,-0.186176504279276,6.53438640983268,0.373586248794103,0.541055915397849,0.999580718477448
IFT80,-0.287038941874927,4.87832747653117,0.372795965222197,0.541484158164805,0.999580718477448
C19orf25,0.145534956308445,6.16298518009249,0.372690986884979,0.54154109122314,0.999580718477448
BCKDHB,0.460743021971632,3.96572015108622,0.372685408759402,0.541544116724267,0.999580718477448
TEP1,0.277091990248358,4.48609311166481,0.37261283014138,0.541583485234723,0.999580718477448
NCOA4,0.169346692019692,5.88857844452277,0.372527394295083,0.541629834581122,0.999580718477448
ERICH1,0.14108936812977,6.83784861721095,0.37227913867277,0.541764555824941,0.999580718477448
EYA3,0.269453405108817,4.63634973658634,0.372155201148965,0.541831836253616,0.999580718477448
ZNF675,0.256803395308023,4.85425428205141,0.372070518200305,0.541877815877908,0.999580718477448
CD37,0.0788923459157161,8.60812470248251,0.371887113768866,0.541977422134237,0.999580718477448
TCHP,-0.233246878282749,5.25078665114106,0.371688345333154,0.542085410578587,0.999580718477448
EIF2B5,-0.204993124955356,5.28253866753531,0.371567423684614,0.542151125200065,0.999580718477448
NCK1,-0.130541696003894,6.67540028704327,0.371397051475166,0.542243738520624,0.999580718477448
BRIX1,-0.184501627368975,5.73998275239198,0.371202697114526,0.542349423974147,0.999580718477448
CCDC14,-0.246402870900811,5.67946242369239,0.370759634736409,0.542590493046977,0.999580718477448
FLVCR1-DT,-0.397340876622856,3.9512499017301,0.370753251757415,0.542593967451556,0.999580718477448
SLC2A6,0.477610173563078,3.9226344181426,0.370726955044244,0.542608281799229,0.999580718477448
CERS6,0.379241794779071,4.28193809514595,0.370700567838236,0.542622646105258,0.999580718477448
COMMD9,-0.252646652775312,5.03287761974975,0.370508370259451,0.542727293138101,0.999580718477448
UBA52,0.0700772576570312,11.0238675699531,0.370284566910762,0.54284919565226,0.999580718477448
ZNF251,-0.363336253789799,4.03395677781852,0.370149728129505,0.542922664797868,0.999580718477448
UBAP2,0.197261641877866,5.51634594945938,0.37004169309454,0.542981542709289,0.999580718477448
SZRD1,0.17161833130214,6.25713323226793,0.369700293760493,0.543167679039707,0.999580718477448
PPIL3,0.259670173131254,5.16425928061695,0.369535867728985,0.543257368723748,0.999580718477448
RFLNB,-0.146022058831004,7.14861196410532,0.36946767839264,0.543294572067599,0.999580718477448
EMC2,-0.214708296191139,5.37043409516622,0.369067172189638,0.543513178749045,0.999580718477448
SCAMP4,0.224187887946535,5.05276302961001,0.368987493722521,0.543556688690867,0.999580718477448
PILRB,-0.274890930062682,5.5329365043857,0.368860409829754,0.543626098577184,0.999580718477448
PEA15,-0.27882001363054,4.64232049491005,0.368624326431416,0.543755084588456,0.999580718477448
ARHGAP30,-0.104220010975416,7.6813632292451,0.368560911352416,0.543789741544605,0.999580718477448
RAB33B,-0.3449139096898,4.6839640335469,0.368406873254855,0.543873941856561,0.999580718477448
COPB2,0.172346999358197,5.73151110502327,0.368294296622818,0.543935493736808,0.999580718477448
ARL15,0.554058746699328,3.91518832084729,0.367688077356804,0.544267168836118,0.999580718477448
SMPD3,-0.444015782582882,4.65866533343809,0.367449638502414,0.544397726142692,0.999580718477448
PLSCR1,-0.198326881865965,6.28443055217294,0.366951202579811,0.544670832172948,0.999580718477448
C7orf50,-0.267381484104939,5.97650251872989,0.366930470155696,0.54468219749998,0.999580718477448
EIF4B,-0.186966011898379,7.5781791219268,0.36610753763043,0.545133676487387,0.999580718477448
BRI3BP,0.272222157173945,4.82771926981825,0.365494431993493,0.545470490626354,0.999580718477448
NFE2L2,-0.168783567402306,6.64309540244558,0.36549363431566,0.54547092908781,0.999580718477448
FTSJ3,0.241673892674157,5.02591083244823,0.365479658147168,0.54547861150734,0.999580718477448
INTS10,-0.201623904392899,5.56042465274574,0.365460839424685,0.545488956098546,0.999580718477448
RABGAP1L,-0.145354493855908,6.81328509883687,0.365449581453849,0.545495144742755,0.999580718477448
IRF2BP2,0.142511030390211,7.12913365509602,0.365341286126938,0.545554682656941,0.999580718477448
HNRNPL,0.147478346252033,6.56448229208974,0.365146769365406,0.545661653102977,0.999580718477448
LACTB,-0.260106667029888,4.94088649657396,0.364695813210448,0.545909796748542,0.999580718477448
PRH1,-0.27998145486066,5.5494375077795,0.364570099384888,0.545979009499412,0.999580718477448
MHENCR,0.262469727378539,5.3451026474871,0.364429517898333,0.546056427048775,0.999580718477448
EIF1AY,0.348283297184597,5.66858304207433,0.36442120543565,0.546061005319984,0.999580718477448
SNTB2,-0.209565067897366,6.07725291363707,0.363846387563285,0.546377771807097,0.999580718477448
NVL,0.235886304812957,4.96696489825324,0.363577250199044,0.546526203399073,0.999580718477448
ABT1,-0.182761977040997,5.77951282579631,0.362995138321024,0.546847499555378,0.999580718477448
ZNF181,-0.407284531573141,3.97370039495027,0.36290128741288,0.546899333351026,0.999580718477448
TMEM69,-0.350651453170639,4.14310509916603,0.362791586427958,0.546959932714184,0.999580718477448
STX12,-0.206004002463745,5.53266345549453,0.362789075461421,0.5469613199306,0.999580718477448
MMP25-AS1,-0.296194307243603,5.34384982461361,0.362724239183642,0.546997141848786,0.999580718477448
RPL3,0.0658465911029306,11.2717683826707,0.362320253891454,0.547220441273744,0.999580718477448
RANGRF,-0.177151553637557,5.80340996891164,0.362258874104501,0.547254383267694,0.999580718477448
GSAP,0.372292333702429,4.13519961158822,0.362200989006404,0.547286396346429,0.999580718477448
APH1A,-0.127580023557767,6.47092370656511,0.362161402552371,0.547308291453382,0.999580718477448
DDX21,-0.104717035101253,7.74539961049367,0.362094576948728,0.547345256121913,0.999580718477448
TRIB3,-0.243777981922077,5.63192725748336,0.362053434768807,0.547368016282412,0.999580718477448
CDPF1,-0.329108909372549,4.15059491446285,0.362015708073681,0.547388888519444,0.999580718477448
CYBC1,-0.143295154085481,6.53977061085301,0.361797793263779,0.547509478555336,0.999580718477448
NEAT1,0.156006096643308,9.8906496129228,0.361098100036507,0.547897010489574,0.999580718477448
CUL4A,0.204563967500564,5.59187721480166,0.360759180272996,0.548084908267798,0.999580718477448
OGFR,-0.167130525829508,6.17995498692004,0.360746105966003,0.548092159094779,0.999580718477448
PIAS4,-0.240564053842003,4.9435104042885,0.360052693720641,0.548476972216218,0.999580718477448
PLAA,0.29669060442609,4.56593602388982,0.360031728437654,0.548488614868094,0.999580718477448
GOLGA2,0.206834436451465,5.71362317845796,0.359521429499544,0.548772141481216,0.999580718477448
NDUFA2,0.115543787273146,7.27641175596165,0.359514452342379,0.54877601994695,0.999580718477448
ELK3,0.345270332026963,5.49175318896471,0.359419821659856,0.548828628353308,0.999580718477448
SHC1,-0.349069434407682,4.9786241634413,0.358932483881254,0.549099705134099,0.999580718477448
CHROMR,0.356806999193824,3.83116619928401,0.358920069479554,0.549106613787135,0.999580718477448
SLC25A46,0.313736467696932,5.19446141101096,0.358527508278696,0.549325159096734,0.999580718477448
DCTPP1,-0.186879694395379,5.69043723444291,0.358335001245102,0.549432390349145,0.999580718477448
ZFHX2-AS1,0.458245963876792,3.7534996851662,0.358067978838328,0.54958119332693,0.999580718477448
LINC00205,-0.576294819062965,3.70255888484213,0.357978134893392,0.549631277402568,0.999580718477448
ZCCHC8,0.19205109632589,5.75010284866329,0.357534141528943,0.549878909688585,0.999580718477448
SMYD3,0.339479249243861,4.45825762154686,0.357425910502034,0.5499393059637,0.999580718477448
FKBP5,0.250892921572716,5.52721029097959,0.35742454417249,0.549940068497365,0.999580718477448
NBEAL2,0.180769819508363,5.76415941166406,0.357208110377592,0.550060882830549,0.999580718477448
MPHOSPH9,0.176713955608188,5.96310464744639,0.356192932360534,0.550628223615595,0.999580718477448
DUS1L,0.141251317996812,6.15714632289574,0.356078545089344,0.55069221862323,0.999580718477448
TBC1D22A,-0.258932080596507,5.33861582647324,0.356075512717922,0.550693915300875,0.999580718477448
TRIM37,-0.259010364979109,5.06323913712476,0.356037243098893,0.55071532882564,0.999580718477448
PAFAH1B3,0.225041961359845,5.38917402110526,0.35595883269786,0.550759207747477,0.999580718477448
SLC6A6,-0.23936764961721,5.71079685139495,0.355783074492081,0.550857586885665,0.999580718477448
PPP4R1,0.28908875283221,4.97630314712181,0.355096835079472,0.55124201917658,0.999580718477448
RNGTT,0.267744762228471,5.24985820743539,0.355002895003652,0.551294683704899,0.999580718477448
PGPEP1,0.261967463857884,4.94115915394464,0.354430363080299,0.551615859868769,0.999580718477448
SNX10,-0.182225370561222,5.80380306236436,0.354130994437634,0.55178393814311,0.999580718477448
PCED1B-AS1,0.397026929977478,8.92987743198859,0.354129040389019,0.551785035545,0.999580718477448
ILF3-DT,-0.178524374683573,6.32699067768142,0.354103630230387,0.551799306369866,0.999580718477448
PDE3B,-0.271738998356946,5.99914129227783,0.353932412459042,0.551895483582824,0.999580718477448
IFFO1,-0.316188089241112,4.42410097630196,0.353853820739095,0.551939641022906,0.999580718477448
PIGB,-0.330042116835297,4.10446150814207,0.353577863353999,0.552094742674573,0.999580718477448
INPPL1,0.34460349343664,4.97350224301485,0.353421178468608,0.552182843770959,0.999580718477448
MAP3K1,0.204252944545776,5.90423884801321,0.353370611503543,0.552211282308652,0.999580718477448
SENP1,-0.262539627081155,4.94355387396731,0.353341873006229,0.552227445882986,0.999580718477448
PARP15,-0.240513218152028,5.69543110181504,0.353128974467536,0.552347215463949,0.999580718477448
SPAST,-0.238870810615069,5.20701951646055,0.353102888819992,0.552361893734269,0.999580718477448
RPP38,0.20572952910934,5.33276185593141,0.352998594735677,0.552420586852623,0.999580718477448
DAGLB,0.456976487160358,3.85499422981762,0.352988333541754,0.552426362132987,0.999580718477448
CAMK2G,0.211668405868704,5.1097927333537,0.352898339133509,0.552477018311951,0.999580718477448
DENND4A,-0.211355316956123,6.44351296378602,0.352091408444549,0.552931615450002,0.999580718477448
PAPOLG,-0.243244136202115,5.32373142913072,0.351912254400558,0.553032640249711,0.999580718477448
EI24,0.218951802201878,5.24913245423863,0.351828916295563,0.553079646377747,0.999580718477448
PLXNC1,0.306870978134768,4.62504517666144,0.351759717065228,0.553118683316724,0.999580718477448
CCT3,-0.127970624918785,7.20219825791317,0.351677405468697,0.553165124014138,0.999580718477448
RASSF7,-0.172786908571758,5.89718149733814,0.351534229895758,0.553245922037994,0.999580718477448
IKZF1,0.0803729086754752,8.168806709617,0.351508468967036,0.553260462018938,0.999580718477448
GON4L,0.138208867592592,6.50314994194075,0.351478083198392,0.553277613277212,0.999580718477448
EIF2B2,-0.253015662083306,4.63426485663587,0.351260174924754,0.553400641047907,0.999580718477448
CSTB,0.0734162966813484,8.23627652039281,0.351077305087867,0.553503926439483,0.999580718477448
SPIN2B,0.328825790789583,4.12007803370624,0.350290144001953,0.55394893253591,0.999580718477448
RASSF5,0.209603492714402,6.87267836145231,0.350223470687377,0.55398665599603,0.999580718477448
SOD2,-0.157956330977664,6.14099130484448,0.350111483612694,0.554050028689019,0.999580718477448
GNAS,-0.0821292206652688,9.41967488110258,0.350080257708246,0.554067701647039,0.999580718477448
CEP290,0.174982804369502,5.78662590063546,0.349716041694473,0.554273915995636,0.999580718477448
NDUFA9,-0.170172837918582,5.98565236353934,0.349047296007821,0.554652928728385,0.999580718477448
KPNA6,0.219057903346631,5.81854266312476,0.348845234471796,0.554767543798846,0.999580718477448
FRG1,0.117646879305274,6.78896191005633,0.348695244745954,0.554852651209042,0.999580718477448
MTURN,0.333360993445755,4.13073224774244,0.348625547876313,0.554892207119613,0.999580718477448
GZMB,0.3128584125014,8.83235517943326,0.348397849537539,0.555021472700179,0.999580718477448
PTPRC,0.0792710520369015,10.7592737820124,0.348003794741082,0.555245314383,0.999580718477448
SENP2,-0.235745540783146,4.97423027978156,0.34780811592514,0.555356532652473,0.999580718477448
HSF2,-0.281796928250183,4.50552288096595,0.347765352278028,0.555380843906834,0.999580718477448
WTAP,-0.110927610542873,7.11420153496103,0.347749526098323,0.555389841645509,0.999580718477448
TMEM42,-0.226216449187289,5.13132487932522,0.347680223220388,0.555429246014387,0.999580718477448
RPS15,-0.0593335028775901,11.8545857368326,0.347461443234812,0.555553675112145,0.999580718477448
RANBP1,-0.112630397407351,7.10051103617539,0.347411402638548,0.555582142656693,0.999580718477448
CCDC93,-0.30158292427924,5.25879705038626,0.347253099081225,0.555672218004616,0.999580718477448
CRYZL1,-0.243703979309592,5.26957492044609,0.347213395827264,0.55569481365129,0.999580718477448
IDE,-0.294582005573492,4.24471122544659,0.346764213200833,0.555950570723724,0.999580718477448
TNFAIP8L2,-0.367974949017688,4.01807158460704,0.346702411592831,0.555985776982354,0.999580718477448
SPAG9,0.15657169706962,6.51152778988569,0.346535430899182,0.55608092129984,0.999580718477448
CMTR1,0.251927753416148,4.9415785545804,0.346389139471274,0.556164302402818,0.999580718477448
BMPR2,-0.245684899805752,5.06546913556448,0.346226594759447,0.556256975128758,0.999580718477448
PPP3CA,-0.117109070314514,6.9557602213165,0.345661498470068,0.55657938537966,0.999580718477448
NAPG,0.21693278465168,5.47465166867142,0.345523773874545,0.556658016569367,0.999580718477448
TTC38,0.306393513166616,4.53148138785405,0.345395209408069,0.556731436991952,0.999580718477448
SLC39A13,-0.236224894028223,4.79188818104269,0.345300039038124,0.556785798601201,0.999580718477448
LTA,-0.208318720419781,5.46678246670772,0.34520419615432,0.556840554538757,0.999580718477448
RIC1,-0.303631808188508,4.26924920194346,0.345120954219595,0.556888119733732,0.999580718477448
EPC2,-0.200551788654065,5.49756194396998,0.345108353176427,0.556895320756272,0.999580718477448
USP7,0.179561417541423,6.33336958398751,0.34459439592032,0.557189178811942,0.999580718477448
EWSR1,0.134137441265542,6.73919186313121,0.344275151632342,0.557371856985077,0.999580718477448
CASP8,0.162016414124844,7.08692423932686,0.344250419840547,0.557386013778479,0.999580718477448
SYNCRIP,-0.18295292030481,6.93366334221524,0.343597665670558,0.557759905937175,0.999580718477448
ACOX1,-0.288311781441556,4.54130159518013,0.343569390617915,0.557776112432394,0.999580718477448
MTHFS,-0.188468682595897,5.59119564481983,0.343563254033024,0.557779629875166,0.999580718477448
TIMM10B,-0.191068482862014,5.394742719857,0.343454653958018,0.557841885577959,0.999580718477448
CYTH2,0.192341091373636,5.61883389047913,0.343292761349613,0.557934716126755,0.999580718477448
GPR34,-0.346662890091404,4.34271845891086,0.343125195217706,0.558030830892446,0.999580718477448
SUPT20H,-0.150026069818874,6.07933983811494,0.342994921122319,0.558105576987852,0.999580718477448
DNAJC30,0.350365034325184,4.35992439784501,0.342531501783576,0.558371623189689,0.999580718477448
DYNLL2,0.212366013181165,5.87550765970746,0.342219840100855,0.558550682171561,0.999580718477448
LY6E,-0.132972564699196,8.66072272625026,0.342126839944593,0.55860413475057,0.999580718477448
LRRCC1,0.370170994218341,3.94736973029094,0.34205627012212,0.55864470182394,0.999580718477448
ABCC1,0.254296852968879,4.91262275509854,0.341962029173825,0.558698885006306,0.999580718477448
VBP1,0.143323513596186,6.22766320802118,0.341809896797195,0.558786373611051,0.999580718477448
CEP170,0.275450757310169,4.8838945420638,0.341654830553987,0.558875576319204,0.999580718477448
LNPK,-0.242504834926058,5.65771768539467,0.34112400212671,0.559181144046036,0.999580718477448
MCUB,-0.229424389216089,6.32665003253469,0.341080088122071,0.559206437118012,0.999580718477448
MIATNB,-0.308587388437777,4.76895880191081,0.340338644278594,0.559633815229281,0.999580718477448
BAK1,0.192235614805116,5.37973011291903,0.340242021460067,0.559689555857152,0.999580718477448
CINP,0.226086323978556,5.26395297185385,0.340214726391164,0.559705303999925,0.999580718477448
ZNF512,-0.272732864774155,4.84664279641249,0.339813366941895,0.559936969861301,0.999580718477448
GRINA,0.503755375526253,4.26877580443801,0.339800154746041,0.559944599095739,0.999580718477448
MYSM1,0.168642661643645,6.02902790067154,0.339756463574639,0.559969829488257,0.999580718477448
CCDC88C,0.176702339800091,6.79190588957814,0.339719220554557,0.559991337975203,0.999580718477448
BCAP31,0.11928335939046,7.12514153821222,0.339555177849505,0.560086094273366,0.999580718477448
CNOT2,0.162174555820402,6.46816524986572,0.339389629299301,0.560181751485209,0.999580718477448
DCAF7,0.150139147174171,6.39546798345468,0.338964502412635,0.560427541401457,0.999580718477448
DIS3L2,-0.242776943856403,4.91530433827754,0.3388736371652,0.5604801025125,0.999580718477448
WDR33,-0.173142817711971,6.48638308712774,0.338692573091564,0.560584867380246,0.999580718477448
RGS10,-0.0928867664141095,8.08221045297712,0.338654221757787,0.560607062526051,0.999580718477448
NIPSNAP3A,0.294750573276424,4.80624189868506,0.33854287115893,0.56067151422055,0.999580718477448
IFITM3,-0.346287395859274,4.70654807450463,0.338372944873059,0.560769897909212,0.999580718477448
LRP8,0.383798081364477,4.34091461432649,0.338229163138486,0.560853170288107,0.999580718477448
SLC25A28,-0.203732553876306,5.28474057155826,0.338101524770547,0.560927112951602,0.999580718477448
PRKCB,0.213429099648774,6.28933267918943,0.338099310851675,0.560928395670052,0.999580718477448
SGPL1,0.267054777352435,4.84283363638554,0.337822265913147,0.56108895660469,0.999580718477448
PIK3R4,0.330919149525237,4.28820662333564,0.337448201253019,0.561305884961782,0.999580718477448
DHTKD1,0.380602640033518,4.09572831401893,0.336897719325112,0.56162541421898,0.999580718477448
EDEM2,-0.218578390872256,5.21664989575772,0.336784216655927,0.561691340655586,0.999580718477448
HMGN4,0.174420446984434,6.25294126679304,0.3363739508117,0.561929761747282,0.999580718477448
CDK6,0.135585890634926,7.36474094054341,0.336354581632275,0.561941022716975,0.999580718477448
IFRD2,0.224788272413095,4.99128549769947,0.336345291459088,0.561946424047329,0.999580718477448
SIKE1,-0.207545906110716,5.7304104578688,0.336335142787453,0.561952324624796,0.999580718477448
NAE1,-0.167764476803447,5.69491665448191,0.336309199048428,0.561967409212785,0.999580718477448
LONP2,0.175074006288259,6.25164270827304,0.33622374374996,0.562017101380517,0.999580718477448
PIGBOS1,0.192639704822818,5.48722498909935,0.335946498673552,0.562178377223194,0.999580718477448
MZF1,-0.287711806836084,4.41023527484652,0.335749952154957,0.562292763884172,0.999580718477448
SLC39A1,0.257980109345286,5.01673219402179,0.33557965505123,0.562391910008817,0.999580718477448
PAFAH1B1,0.122422111532688,6.97075581261609,0.335158107386496,0.562637477555981,0.999580718477448
MZT2B,-0.0734934225079031,8.33381621302288,0.334828361370009,0.562829710919797,0.999580718477448
DNASE2,0.258425028167445,5.47521784171698,0.334706537408479,0.562900763089823,0.999580718477448
MFSD6,0.200494139786659,5.56365447778591,0.334520320618909,0.563009404861686,0.999580718477448
PHF13,0.412487696988597,3.95525380225273,0.3344274981147,0.563063574026326,0.999580718477448
BRD8,-0.230169263751316,5.28363135565683,0.334316896185042,0.563128131970545,0.999580718477448
ZNF354B,0.39395718564868,4.00572225638322,0.334273686308098,0.563153357289472,0.999580718477448
STK11,-0.188841085868686,5.59030819367222,0.334004367961413,0.56331063060664,0.999580718477448
RIPOR2,0.131896145688441,6.85143651570479,0.333930117723318,0.563354005249946,0.999580718477448
SLC8B1,-0.272396860855492,4.53006420955579,0.333411420806851,0.563657191153467,0.999580718477448
SLC25A53,0.245649294842546,4.74459296214058,0.333083698670778,0.563848911666358,0.999580718477448
TOX,0.232943940826007,6.1261057756056,0.3330286752579,0.563881113203687,0.999580718477448
FAR1,-0.203442297370926,5.7110633135009,0.332938573782261,0.563933851252431,0.999580718477448
NTPCR,-0.2434030609754,5.05236682506077,0.332625644040357,0.564117088694797,0.999580718477448
CYCS,-0.0966247409443583,7.73874683505415,0.33261197956463,0.564125092608145,0.999580718477448
F8A1,-0.200041733720191,5.28513926434176,0.332486248986262,0.564198749088296,0.999580718477448
DIAPH1,-0.122089532186737,7.74564396860247,0.33211317827328,0.564417413595134,0.999580718477448
GKAP1,-0.340493187923404,4.17133248804686,0.332016703206229,0.564473986262761,0.999580718477448
TMX2,-0.239233170209228,5.65791066524303,0.331930708197127,0.564524422687842,0.999580718477448
HMGCR,-0.249494950720384,5.08762358378495,0.331909613783711,0.564536795976812,0.999580718477448
WWOX,0.361456567422717,3.92728380324495,0.331762809292387,0.56462292116932,0.999580718477448
TAP2,0.143473787787738,6.11712543056342,0.331566892692677,0.564737898302245,0.999580718477448
SLC26A11,-0.259871121559437,4.91169916935614,0.331443405553769,0.564810392162945,0.999580718477448
LAGE3,-0.17747175643315,5.9275168012502,0.331411108574132,0.564829355263586,0.999580718477448
ANXA2,-0.111378311184331,8.23451855263109,0.330874459006012,0.565144628064624,0.999580718477448
MTLN,0.346834867425339,5.80934525240196,0.330714708836698,0.565238544385413,0.999580718477448
GAS5,0.388028449252628,8.97070196799872,0.330698782603474,0.56524790899234,0.999580718477448
ZBTB7B,0.328191059876273,4.78989150149877,0.330697768532108,0.565248505275305,0.999580718477448
BDH1,0.401115330640448,4.15185936058704,0.330465503072993,0.5653851114881,0.999580718477448
ALG6,0.315517725062735,4.29398678887168,0.330453999455186,0.565391878965299,0.999580718477448
GPATCH8,0.123412272320613,6.67980336720157,0.330453195129065,0.565392352149145,0.999580718477448
MEF2D,0.185902370897638,5.76610948984602,0.330295840826393,0.565484938188463,0.999580718477448
ERICH6-AS1,0.410236420607161,3.84512288043847,0.330176366791493,0.565555255371526,0.999580718477448
SAFB,0.150969864255749,6.22785941545894,0.330080621072687,0.565611619323252,0.999580718477448
HCG18,-0.153638718820641,6.17198851542788,0.329812048016235,0.56576978197164,0.999580718477448
NDUFA1,0.0843134273890055,8.2872266682647,0.329791629709453,0.565781809813096,0.999580718477448
ZNF200,0.26586135460307,4.34026061836506,0.329695074599686,0.565838694378668,0.999580718477448
SLC35C1,-0.29094769056014,4.39141778002212,0.329484332565682,0.565962889611924,0.999580718477448
PAGR1,0.235409047121597,5.10992668458483,0.329116610497,0.566179723379834,0.999580718477448
BOD1L1,-0.105540755306964,7.50779387879687,0.328988382406871,0.566255373183536,0.999580718477448
ELMO2,-0.27157687317696,4.58321359258169,0.328942512749689,0.566282439333189,0.999580718477448
MIB2,0.181138693125126,5.86028681553906,0.328647424310265,0.566456621132852,0.999580718477448
ACVR1B,-0.359970521921358,3.89900316494465,0.328405739389199,0.566599357859156,0.999580718477448
DUS3L,-0.296377664283255,4.3718991526956,0.328342391426187,0.566636782080557,0.999580718477448
ARSG,0.363256426494904,5.05442175075332,0.328020201782307,0.566827197047943,0.999580718477448
ZNF638,-0.169437060885059,6.71456318795042,0.327997281425947,0.566840747772866,0.999580718477448
TCEA1,-0.112663073700856,7.85111754254581,0.327866736330483,0.5669179392218,0.999580718477448
NOC2L,-0.179780943742846,5.92112479608399,0.327670201076571,0.567034189213719,0.999580718477448
ANKRD36B,0.274738578457079,4.87536011937424,0.327588447159657,0.567082560033685,0.999580718477448
MAL,0.298080246549464,4.59586458904799,0.327144765516616,0.567345210160063,0.999580718477448
CTBP1,-0.148115176951717,6.26995205422565,0.32696751180637,0.567450206682391,0.999580718477448
CRADD,0.325372741319338,4.15588553106105,0.326491543266901,0.567732334391125,0.999580718477448
DPY30,-0.148792700118855,6.54080643140777,0.326400787879894,0.567786160106451,0.999580718477448
TNFRSF14-AS1,-0.309923487933606,4.46879331817589,0.326039644721678,0.568000447302794,0.999580718477448
SMCHD1,0.0994803480762381,7.92943604845656,0.325869968784977,0.568101180227595,0.999580718477448
PBDC1,0.167735074103636,6.30180911716312,0.325712954833705,0.568194426986698,0.999580718477448
FAM118A,0.267810220006453,5.60501276880828,0.325683411830706,0.568211975186658,0.999580718477448
CACYBP,-0.159493721005266,6.92171442132287,0.325425887629857,0.568364986266241,0.999580718477448
SDR39U1,-0.245002932894652,5.00684018829318,0.325396602465597,0.56838239147746,0.999580718477448
DYRK4,-0.310615956207558,4.39155428089803,0.325163248505088,0.568521119112111,0.999580718477448
HDAC8,0.244062526634954,4.99225647446565,0.325044638440778,0.568591657424713,0.999580718477448
NPC2,0.237143900795127,5.88938903954349,0.32489680571679,0.568679598553398,0.999580718477448
FAM217B,-0.253768095307114,5.59852397774218,0.324722782317322,0.56878315368149,0.999580718477448
COPS2,-0.165683708986979,6.09120674169889,0.324497128439559,0.56891748701792,0.999580718477448
VPS50,0.277446793001539,4.4229276213758,0.324143640505372,0.569128045276723,0.999580718477448
ERCC6L2,-0.21341013836492,5.28844398405122,0.323848171056685,0.569304160980921,0.999580718477448
COL18A1,0.354249443748298,4.13030253697673,0.323818948358054,0.569321585062442,0.999580718477448
STAT3,0.12409123444554,7.43740223687229,0.323734688469909,0.569371830985254,0.999580718477448
STARD10,0.312181185275322,4.40708933772486,0.323717787519671,0.569381910415399,0.999580718477448
MRPL19,0.210333622600557,5.39514134810176,0.323396428832801,0.569573629400252,0.999580718477448
TAF1B,-0.258004480082404,5.20064749004706,0.323386185255931,0.569579742676142,0.999580718477448
HAT1,0.269109889032462,5.76678802443399,0.323368996183982,0.569590001249849,0.999580718477448
DPP3,-0.324558999906979,4.37269485377307,0.323207929644264,0.569686144566013,0.999580718477448
ESCO1,0.158707147883357,6.28750361225391,0.323122843864415,0.569736946489877,0.999580718477448
RAD23B,-0.200635789559423,6.10480307230039,0.323118006091566,0.569739835231002,0.999580718477448
EBPL,-0.25033666941468,5.26417536633668,0.322712436688551,0.56998211149508,0.999580718477448
NUP50,-0.161490456358561,6.1942691873425,0.32259957575673,0.570049567398191,0.999580718477448
FNDC3A,-0.175564422106619,5.54089115928633,0.322548781718747,0.570079931603033,0.999580718477448
CHMP3,0.1643239218563,6.55104099878409,0.322423751827436,0.570154686785619,0.999580718477448
USP3,-0.191871484868452,6.32662134080206,0.322213801604754,0.570280258833363,0.999580718477448
ATP5IF1,0.107129309232934,8.43707714951782,0.322198849356827,0.57028920389443,0.999580718477448
SEM1,0.0774932258454386,7.87371944122274,0.322182455765756,0.570299011542736,0.999580718477448
TFB1M,0.245192741518519,4.70848224977935,0.322134931741161,0.570327445183936,0.999580718477448
IRS2,0.345183028884852,4.35481331975883,0.322092738879174,0.570352691512566,0.999580718477448
RAD23A,-0.106921337953431,7.11622922320115,0.321630816486559,0.570629228366039,0.999580718477448
VTI1B,0.153915960633692,6.09087376615908,0.321441172009768,0.570742837910393,0.999580718477448
PSMD11,-0.153802984202185,6.20068171715696,0.321218024821588,0.570876574514556,0.999580718477448
SLC12A6,-0.263331893391246,5.40851969345641,0.320920047263908,0.571055254195876,0.999580718477448
MFN2,-0.256583634404415,4.61765915796545,0.320853273046568,0.571095309809432,0.999580718477448
UBR1,0.205932114605606,5.38302683773021,0.320744267177586,0.57116071060541,0.999580718477448
UTP3,-0.158292873050929,5.84682368058236,0.320564256342806,0.571268744745784,0.999580718477448
PSMD9,0.134480628224241,6.69898662975467,0.320528233413569,0.571290368844313,0.999580718477448
PCNX1,0.151666796558792,6.50512823640726,0.320486888251395,0.571315189788259,0.999580718477448
MANBAL,-1.04847029737484,4.34604440898277,0.32036567384342,0.571387971215097,0.999580718477448
STK4,-0.0782399567462254,8.99432124059656,0.320137928517324,0.571524766762541,0.999580718477448
NUBP1,-0.215399378608401,5.13647284591563,0.320044307668898,0.571581018886476,0.999580718477448
STK10,0.124109523871765,7.29895403402178,0.319956005681574,0.571634085124224,0.999580718477448
SIGIRR,0.167108879065929,6.92878920536023,0.319810876954739,0.571721323137826,0.999580718477448
CHAC2,-0.408985146601488,3.92453310206289,0.319777659138774,0.571741294301,0.999580718477448
PTPN2,0.107346715236979,6.96635666228718,0.319646441708137,0.571820198025862,0.999580718477448
MBD1,0.201678809633388,5.2440071492618,0.319428112706314,0.57195153109689,0.999580718477448
ROMO1,-0.131020773812866,7.51144273819373,0.319349186793302,0.571999022563129,0.999580718477448
ORAI2,-0.267995136853472,5.48458162067149,0.319336392560466,0.57200672186509,0.999580718477448
FIP1L1,0.164345986674362,6.21538421291108,0.319035509238788,0.572187845849566,0.999580718477448
CCNQ,-0.161210234833907,5.55699026724261,0.318741505493056,0.572364937363362,0.999580718477448
WIZ,0.345473473090787,4.19524997543988,0.318733020190461,0.572370050036914,0.999580718477448
MED25,-0.396838214362847,4.95162042109473,0.318677720100112,0.572403372356456,0.999580718477448
NDUFB4,-0.0951945654942488,7.68080460221295,0.318620769864321,0.572437692993594,0.999580718477448
NSFL1C,-0.198694189370869,5.48580989314306,0.318291131063818,0.572636426865516,0.999580718477448
MYLIP,-0.274417331905808,4.55696532148353,0.318196322539276,0.572693610503603,0.999580718477448
SGSM2,-0.185416041386847,4.71508840566477,0.317966414010181,0.572832326182144,0.999580718477448
LRIG2,-0.220604232866932,4.86914499892336,0.317782434412865,0.572943378183061,0.999580718477448
MAP2K7,-0.306114584739231,5.14130075363126,0.317677293978612,0.573006861067617,0.999580718477448
NUDT18,-0.336106332119895,4.01124823835426,0.31767547590064,0.573007958929114,0.999580718477448
MCTS1,0.14646373340932,6.36162169548511,0.317639889905388,0.5730294486617,0.999580718477448
USP25,-0.174222567203869,5.86376860979903,0.317607549268958,0.57304897995717,0.999580718477448
SCP2,-0.102220202214723,6.95202707092025,0.317406351859948,0.57317051739581,0.999580718477448
RORA,-0.10760488381353,7.75869826932388,0.317178078670977,0.573308471982043,0.999580718477448
ABHD14B,0.167608847032214,5.59801035613596,0.317125635215694,0.573340174888856,0.999580718477448
SPOCK2,-0.17004822689509,7.42067213013604,0.316744314031093,0.573570793517227,0.999580718477448
OSBPL11,-0.23522839205615,4.91396821172134,0.31655353695674,0.573686241887484,0.999580718477448
GART,-0.176940133502157,5.45796234896267,0.31654983457623,0.573688482828762,0.999580718477448
TATDN3,0.270050130225049,4.60952979135442,0.315839182205368,0.574118939490971,0.999580718477448
CIRBP,0.113995779802798,8.81188526415604,0.315780929897811,0.574154252354863,0.999580718477448
TMEM68,-0.26574683052089,4.885128051923,0.31572128014696,0.574190416797785,0.999580718477448
APBB1IP,-0.0845219531819946,8.05698522537142,0.315590532096977,0.574269702434857,0.999580718477448
SPPL2B,0.281127740207181,4.66712116291417,0.315364390676258,0.574406885645128,0.999580718477448
SRGAP2,-0.278893143630355,4.96869026398694,0.315162760234642,0.574529254433563,0.999580718477448
ABHD15,-0.22176193073806,5.07306341448994,0.315127866776836,0.574550436372543,0.999580718477448
ZNF445,0.286722751797771,4.92227391129386,0.314882964873741,0.574699146542088,0.999580718477448
POLR2G,0.114514941852979,6.86099222961408,0.314831032858569,0.574730690649086,0.999580718477448
POR,0.292730179678669,5.30172007636232,0.314634823039116,0.574849901649504,0.999580718477448
RNF44,0.201508598407612,6.04518494120742,0.314524762765984,0.574916792252186,0.999580718477448
TTF1,0.203273507055743,6.05093125713112,0.314516774949475,0.574921647553248,0.999580718477448
SGK1,-0.285156117042413,4.6750836214723,0.314289688426408,0.575059713361757,0.999580718477448
PCCB,-1.18809466825792,4.17115057851713,0.314235231781109,0.575092832076241,0.999580718477448
NCOR1,0.115884717267395,7.9498569150189,0.314082259746463,0.575185884744503,0.999580718477448
C1orf131,0.155815879997456,6.07714493206643,0.313827455864801,0.575340947708749,0.999580718477448
TNFRSF25,-0.23916157117376,6.14530113892999,0.313686635345814,0.575426680663056,0.999580718477448
EEF1G,0.294830302626482,8.92388480075252,0.313471179697865,0.575557901178987,0.999580718477448
USPL1,0.311936809294723,4.63538292836898,0.313162857909328,0.575745783700365,0.999580718477448
DHX30,0.170213611154393,5.82149247720232,0.313098831394437,0.57578481486459,0.999580718477448
WAC,-0.100649801421679,7.39777482262463,0.312995184708965,0.575848009965723,0.999580718477448
PM20D2,0.291962509299219,4.81291802880961,0.3127920119347,0.575971927642684,0.999580718477448
UFSP2,0.197264107368291,5.55336154491898,0.312654299325491,0.576055950372182,0.999580718477448
BCL2L13,0.213896951849343,5.08369907877698,0.312042577088457,0.576429474901803,0.999580718477448
RAB11FIP1,-0.204250670970528,7.36229716433321,0.311743714597469,0.576612138429914,0.999580718477448
RNF113A,-0.193318404082098,6.08571928394229,0.311595770907548,0.576702603509591,0.999580718477448
PRPF18,0.209719673707942,5.43588087462098,0.311570553021058,0.576718026633134,0.999580718477448
NACC1,-0.229476268481324,4.76166887766835,0.31128903165822,0.576890259185498,0.999580718477448
NMRAL1,-0.24006431331709,5.3380128713167,0.311277923387872,0.576897057231884,0.999580718477448
MAP4K2,0.261119085778283,5.15648955209697,0.311105106740325,0.577002838165228,0.999580718477448
REEP3,-0.17910358816643,5.62353345211702,0.311035837699038,0.577045248505259,0.999580718477448
SEC23IP,-0.2059740632956,5.31525637087123,0.309473944418995,0.578003173568634,0.999580718477448
HDAC2,-0.192644368111298,5.76715853136461,0.309104122618672,0.578230452446906,0.999580718477448
DCTN2,-0.145402707378609,6.44591298045612,0.30902948345593,0.578276344516386,0.999580718477448
NPM3,-0.260414586637734,4.66401873623418,0.308822353807699,0.57840373669262,0.999580718477448
PSMC6,0.139935708585208,6.35157648524768,0.308806968941026,0.578413201169087,0.999580718477448
BTN3A3,-0.187140900078341,5.47199718920447,0.308664899210227,0.578500614341188,0.999580718477448
HRAS,-0.219223303196114,5.77224379127236,0.3086599185079,0.578503679363156,0.999580718477448
GINM1,0.187727231976396,5.63768783531733,0.30861337126148,0.578532325147651,0.999580718477448
G3BP1,-0.113745783021686,7.0729234132904,0.307977167917182,0.578924136655372,0.999580718477448
RALY,-0.105515806314589,6.92783818457788,0.307738123039051,0.579071491394742,0.999580718477448
ITPK1,0.231760141251252,4.95677547953645,0.307619180126546,0.579144839413086,0.999580718477448
PARP14,0.150407740620008,7.14726944499135,0.307570853403261,0.579174646144818,0.999580718477448
SNRNP70,-0.179809907211574,7.05475480832293,0.307548278194229,0.579188571026557,0.999580718477448
CACUL1,0.185122348138149,5.45747112833633,0.30753984903153,0.579193770489454,0.999580718477448
CDKN2D,-0.191083638235992,6.87710843973784,0.307477103957725,0.579232477224346,0.999580718477448
ABI3,-0.237520655261207,6.13434754768194,0.307247448976799,0.57937419286746,0.999580718477448
TCP1,-0.142924331475836,6.54987601953189,0.307149738581439,0.579434509057284,0.999580718477448
RPL19,-0.056355761121944,11.7664312396369,0.306725127135953,0.579696765550361,0.999580718477448
PHF19,0.224854436637791,5.63721283586407,0.306551627506625,0.579803993917054,0.999580718477448
TRMT1,-0.246663719105104,4.52165832957329,0.306368127382289,0.579917446060671,0.999580718477448
LPAR5,0.318110466618568,4.36850145689925,0.306161333044699,0.580045353463953,0.999580718477448
JAGN1,0.164771158913427,5.65504542863535,0.306148888035932,0.580053052808919,0.999580718477448
PMPCA,0.193256869866566,5.35019540901929,0.305795400292991,0.580271830228533,0.999580718477448
NDUFB3,-0.1043471337165,7.20177240468024,0.305721983527061,0.580317289372583,0.999580718477448
DPP8,0.256820182915573,5.79816247791654,0.305653421583434,0.580359748881043,0.999580718477448
USP9X,0.148232211195318,6.15375421273473,0.305539781229959,0.580430138550399,0.999580718477448
ZNF626,-0.253078286387476,4.45460466644416,0.305260805007041,0.580603010971353,0.999580718477448
RAD1,0.227467484303022,5.04457050070055,0.305237699858868,0.58061733309723,0.999580718477448
ZNF506,-0.193274708462798,5.63005240343022,0.304459075559654,0.581100390998955,0.999580718477448
ERAP1,0.203378246343073,5.389737030167,0.304320968730707,0.581186156486996,0.999580718477448
SPCS3,-0.106488294526532,7.57221317338823,0.303998358837108,0.581386598855115,0.999580718477448
RPL31,0.0699399538166388,9.77713357260718,0.303751533701352,0.581540048683729,0.999580718477448
SLC7A1,-0.257775464118859,5.05476960772847,0.303405987513694,0.581755009454814,0.999580718477448
JARID2,-0.218509938685814,5.81630802513715,0.303205737493416,0.581879655989253,0.999580718477448
MRPL33,0.100510493886088,7.41177164281072,0.303052056195929,0.58197535199596,0.999580718477448
E4F1,0.239822953069444,4.78493433810937,0.303049066574257,0.581977213920857,0.999580718477448
RIPK1,0.235950347188547,5.26921145014398,0.302954231803787,0.58203628286346,0.999580718477448
EXOSC1,0.147556714282446,6.05776021320021,0.302887308028652,0.582077974367477,0.999580718477448
CC2D1B,0.228308405883962,4.78670968820955,0.302797648044196,0.582133839254187,0.999580718477448
SUZ12,0.110814422662847,6.94980717527549,0.302696688023833,0.582196757809228,0.999580718477448
PI4KB,0.317653474753887,5.08224782767427,0.302358509163348,0.582407611404104,0.999580718477448
ZNF507,-0.212948080581361,5.08492516573256,0.302292650930395,0.582448691696641,0.999580718477448
DNTTIP2,-0.12377184650309,6.34900327409428,0.302088493485975,0.582576075728189,0.999580718477448
GRB2,-0.100252605781096,7.20284587788511,0.301841560819646,0.58273022427215,0.999580718477448
NKIRAS2,-0.239249333193125,4.70543268924001,0.301710895118404,0.582811825986773,0.999580718477448
BCAP29,0.197175229207496,5.80048077494134,0.301541294450802,0.582917777191352,0.999580718477448
AMZ2,-0.166108655211675,5.75997335678056,0.301208749175325,0.583125634110744,0.999580718477448
PISD,-0.270477820183151,4.60213675990189,0.301177651528141,0.583145079280728,0.999580718477448
MTERF2,0.556134641550232,4.1940594852806,0.301167865614012,0.583151198623622,0.999580718477448
RRP36,0.173170194750811,5.97003567573875,0.300984362747061,0.583265970881971,0.999580718477448
CEP57,0.144658995388283,6.35694060596961,0.300982383863555,0.583267208826921,0.999580718477448
RPUSD3,0.225774740278438,4.93949006189186,0.300940366433458,0.583293495234581,0.999580718477448
SMAP2,0.167911927707517,6.93805810850379,0.300801821527934,0.583380186844807,0.999580718477448
HMGCS1,-0.26152228476411,5.63526923112454,0.300396727855526,0.583633814898132,0.999580718477448
PPWD1,-0.224399253035999,5.85022182753033,0.300149307580533,0.583788833476856,0.999580718477448
TPRN,-0.327377154250931,4.03459246883632,0.298344073424733,0.584922405042862,0.999580718477448
RRBP1,0.240384803202505,5.86410481261759,0.298228826832682,0.584994923627214,0.999580718477448
EFHD2,-0.108734039906025,7.35362111374134,0.298139641943694,0.585051055446811,0.999580718477448
NAALADL1,-0.275875396248518,4.5981397083285,0.298123832580941,0.58506100679314,0.999580718477448
PSMB5,-0.224198103298719,5.55986935220921,0.29747345237619,0.585470691685709,0.999580718477448
SGSM3,-0.227573434106161,5.20713069537535,0.296969759888249,0.585788375104241,0.999580718477448
MAP3K7,-0.227432486743593,5.0268646777593,0.296852261590129,0.585862532605216,0.999580718477448
DEPDC5,0.358007389450004,4.52379829948869,0.296020102749841,0.586388284108934,0.999580718477448
UTP6,-0.186834066643293,5.53997125664847,0.295976488601459,0.586415865593897,0.999580718477448
CNPY4,0.265195791769264,4.45859454154805,0.295713102834383,0.586582486132364,0.999580718477448
MTMR2,-0.315995580323671,4.17716493753352,0.295691700287923,0.586596029826205,0.999580718477448
RPS29,0.0795680545776927,12.5480732432626,0.295626341148955,0.58663739351683,0.999580718477448
FLAD1,0.198276405400792,5.33004554940115,0.295515738311751,0.586707403981546,0.999580718477448
COG5,0.249316641790074,5.07123488654919,0.295438264152891,0.586756454441003,0.999580718477448
GLCCI1,-0.20787540673591,5.80331241600422,0.295349904692847,0.58681240677575,0.999580718477448
APOBEC3C,0.156359428952942,7.74039874854177,0.29534024216697,0.586818526086422,0.999580718477448
MLKL,0.238430241939696,4.71530535357289,0.295220093642479,0.586894627390155,0.999580718477448
GRAMD1B,0.256105168748282,5.00097142433632,0.294688604562381,0.587231509959412,0.999580718477448
PEPD,-0.195034149873855,5.21170855335669,0.294605479858265,0.587284233837165,0.999580718477448
CCT6A,-0.111194199106509,6.88245083274943,0.294517987816527,0.587339738208396,0.999580718477448
RNF8,-0.207790058462635,5.1057935620929,0.294466403299056,0.587372468085612,0.999580718477448
CBFB,0.121916835808672,6.62399196703827,0.294457918246911,0.587377852124504,0.999580718477448
GGPS1,-0.194902082891817,5.4273937896645,0.294270122627674,0.58749704020673,0.999580718477448
GTF2H2C,0.315875189951942,4.1920057683601,0.294210834412098,0.587534678829922,0.999580718477448
CAPZB,0.0952467913193068,7.96430380578169,0.293820801118134,0.587782410599231,0.999580718477448
MPI,-0.325519790690713,3.94955360883794,0.293683648111521,0.587869574635894,0.999580718477448
BAX,-0.152118972029422,7.31996545783027,0.293563718337012,0.587945814475146,0.999580718477448
CTDNEP1,0.102967587645791,6.92186778986722,0.293375446030268,0.588065540581632,0.999580718477448
PABPC1,-0.0874091059588662,9.25249202164201,0.293210079947187,0.588170741158931,0.999580718477448
SRSF9,0.0840542221370756,7.65887218882487,0.293171968383947,0.588194991947859,0.999580718477448
GTF2H4,-0.438635887317491,3.71886440034844,0.29294065578806,0.588342222333291,0.999580718477448
HBS1L,0.222568269663581,5.49648752710232,0.29284983061364,0.588400053073984,0.999580718477448
LRRC75A,-0.160405086036512,5.8447973600624,0.292735821973674,0.588472661740843,0.999580718477448
RPL32,-0.0556355446942873,12.2436052589535,0.29249443254961,0.588626455729706,0.999580718477448
HEATR6,-0.299032618349419,4.37313514588494,0.292278793112994,0.588763913272136,0.999580718477448
ST6GAL1,-0.160555093750436,5.68098782353482,0.292218517660357,0.588802347069572,0.999580718477448
GSTK1,-0.0680376717309508,8.51125049102,0.292184180598953,0.588824243905588,0.999580718477448
PLPP1,-0.335998374987275,4.60454773000214,0.292043695625555,0.588913848869177,0.999580718477448
RNF24,-0.239117407225558,4.83574108304071,0.291470201639842,0.589279927330333,0.999580718477448
ENGASE,0.329173952627785,4.14398259600369,0.291401462380053,0.589323836877418,0.999580718477448
UBE2K,-0.13908390699871,6.97672349620626,0.291361755315545,0.589349204167001,0.999580718477448
TRAM1,-0.132092449069615,7.60142605983203,0.290505673677069,0.589896664821611,0.999580718477448
PPIL2,-0.189469577575469,5.55385524085027,0.290341943099426,0.590001488411372,0.999580718477448
SLC25A11,-0.178911894462711,5.91830040990039,0.290187644618676,0.590100308295322,0.999580718477448
EXTL3,-0.28315296100322,4.20178705552727,0.290049687198889,0.590188691313683,0.999580718477448
VMP1,-0.194527289480203,7.29338657456152,0.289477112644709,0.590555803741549,0.999580718477448
AKR7A2,-0.216037137848251,5.6289178634631,0.289238240100058,0.590709097893761,0.999580718477448
RAB18,-0.143066722390671,6.25287381425284,0.289196173383468,0.590736102254419,0.999580718477448
RHOF,-0.145794566634733,7.19641891778614,0.289033972449285,0.590840249434359,0.999580718477448
LRP12,-0.337484044544853,4.10875789199544,0.289000064572281,0.590862026016048,0.999580718477448
ATP5MC3,-0.0926429924284825,8.0969167302946,0.28891411900171,0.590917230029408,0.999580718477448
TRAM2,0.371959090011174,3.81248735548763,0.288876575264099,0.59094134820601,0.999580718477448
TMEM64,0.31421865266795,4.09553526585326,0.288833811836875,0.590968821983184,0.999580718477448
SELENOT,0.0936903008940451,7.18184757046841,0.287058941732531,0.592111423243107,0.999580718477448
KDM7A,-0.20026405520262,5.22802540461515,0.2869749992433,0.59216557507833,0.999580718477448
SEPTIN11,0.297289919823495,7.15508638615646,0.286792988627134,0.59228302630729,0.999580718477448
TGFBRAP1,-0.267400440630005,4.49127584128441,0.286608619883437,0.592402048137673,0.999580718477448
SLC38A5,-0.266808118756737,4.35494909319184,0.286552968596961,0.592437984284163,0.999580718477448
COX6B1,0.0603655728414573,8.85080506423261,0.286170243622427,0.592685245995486,0.999580718477448
MRPL22,0.224535626832627,5.99248826149309,0.286127135872412,0.592713109333443,0.999580718477448
ATP8A1,0.223531414078277,5.8133377377903,0.286109650601123,0.592724411969208,0.999580718477448
RIOK1,0.185038456564051,5.39350497339505,0.285955370680176,0.59282415914515,0.999580718477448
SRA1,0.206759668570109,5.69002058063989,0.28587682175198,0.592874956972341,0.999580718477448
WDR70,-0.274330757887495,5.22998018437971,0.285104018491907,0.593375210206999,0.999580718477448
RRP7A,-0.159725607756112,6.01756082554469,0.285061010084599,0.59340307611857,0.999580718477448
PLEKHA2,0.214249384751233,6.48526664345089,0.28496128199421,0.593467702116859,0.999580718477448
CNOT1,0.132072100307751,6.61456485276291,0.284533935259171,0.593744796863994,0.999580718477448
RDX,-0.192053218799464,5.992785477321,0.284180271078743,0.593974317514674,0.999580718477448
RHOT2,-0.157230416225911,5.67062999290067,0.284111094468011,0.594019233131168,0.999580718477448
GLI4,-0.243038581700945,4.85664546909431,0.283813148123892,0.594212766718956,0.999580718477448
JAML,0.133190291279993,7.48177840660564,0.283536913572279,0.594392313769515,0.999580718477448
MTIF3,0.142246731355469,6.59939180715962,0.283318269266671,0.59453450789811,0.999580718477448
SRPRA,0.134345886287896,6.76231976070154,0.283106036483703,0.594672599689567,0.999580718477448
ZNF426,-0.219444934617284,4.65128774188283,0.28307231125361,0.594694549527798,0.999580718477448
AIDA,-0.169619768038465,5.8607571395214,0.282974489632709,0.594758225560888,0.999580718477448
CCDC25,-0.157605138961605,6.00999539933272,0.282888183860061,0.594814417190518,0.999580718477448
NUMB,0.165481981367331,5.64381244447789,0.282383541913239,0.595143197828565,0.999580718477448
KANSL2,-0.20525881941928,5.25926090584409,0.281905170678002,0.595455210777582,0.999580718477448
INSIG2,-0.257120416216933,5.13448719342126,0.281527426247944,0.595701830759201,0.999580718477448
DIPK2A,0.311548999536926,4.3188767304095,0.281183501310178,0.595926555308682,0.999580718477448
RAB30,-0.381926724597412,3.96821019288616,0.281097604547218,0.595982708730023,0.999580718477448
ZNF160,0.20088309277201,5.21343519290314,0.281020857965487,0.596032889687621,0.999580718477448
QTRT1,0.252795346334823,4.61467431507667,0.280832143679767,0.596156318366757,0.999580718477448
PITPNM1,0.23180098615799,5.3071133323206,0.280631798108374,0.596287412637146,0.999580718477448
PTEN,-0.112007174207898,6.549876098181,0.280456196970962,0.596402364907006,0.999580718477448
XYLT1,0.274178710426306,4.44410640111017,0.28025285514573,0.596535534414728,0.999580718477448
COMMD6,0.0851054055781477,9.14729548367761,0.280226867168283,0.596552558519364,0.999580718477448
RESF1,0.28885967406281,8.6267519754015,0.280068204624161,0.596656516495736,0.999580718477448
AAMP,0.161712519123427,5.55344871183179,0.280015911819891,0.59669078775068,0.999580718477448
FAM76A,-0.224217452699396,5.6714528501376,0.27996904049713,0.59672150939819,0.999580718477448
CGRRF1,-0.243339278047762,5.03231633878663,0.279849228840233,0.596800054500703,0.999580718477448
SNW1,-0.141378218983606,7.10648671047602,0.279770744622704,0.596851518179506,0.999580718477448
INPP4A,-0.166835069721775,6.28045298572167,0.279441229427878,0.597067688781849,0.999580718477448
PRDX5,0.0917320087470738,7.81538791230643,0.278923333934932,0.597407771580261,0.999580718477448
TCTA,-0.232526858966764,4.87389330567986,0.278799254248906,0.597489310072241,0.999580718477448
CIAO3,-0.0734206814710866,3.83925852079509,0.278428920612129,0.59773281145891,0.999580718477448
NUFIP1,0.28353841859857,4.44749429871119,0.278219267148529,0.597870754375982,0.999580718477448
NGRN,-0.185696041595322,5.8775753697141,0.277992602374617,0.598019964758374,0.999580718477448
ACSL4,-0.18679551134526,5.42375110092585,0.276866167709335,0.598762636823533,0.999580718477448
MSL1,0.175075818118781,5.93181533483205,0.276791390069503,0.598812006876889,0.999580718477448
REST,-0.112056579375359,7.31557268575821,0.276742867234352,0.598844047412122,0.999580718477448
TTC1,-0.129442513377875,6.57528726293351,0.276577447278783,0.598953304261322,0.999580718477448
HEBP2,-0.103340744117595,7.03000919716172,0.276345028498534,0.599106883098811,0.999580718477448
NSMCE4A,0.151045281025718,5.57120967368723,0.276274239266669,0.59915367593598,0.999580718477448
PIP4P1,-0.228709672011379,5.06432253082132,0.276256204142449,0.599165598670262,0.999580718477448
NUS1,-0.207479299405485,5.19789820421975,0.276241021969566,0.59917563574877,0.999580718477448
ORAI3,-0.253453035222529,4.35238614878175,0.275708043734465,0.599528216005446,0.999580718477448
ATP6AP2,-0.0997005843676241,6.9702414264122,0.275658884011882,0.59956075845406,0.999580718477448
VPS53,0.187873704437402,5.46451286751141,0.2747982209501,0.600131095427404,0.999580718477448
CAPN7,0.169284325191504,5.52557651089516,0.274437482605914,0.600370485154716,0.999580718477448
DDX42,0.155952803086486,6.24432570020245,0.274432925533748,0.600373510557582,0.999580718477448
MZT2A,-0.139075362496982,7.46929104112208,0.27430318358854,0.600459658604614,0.999580718477448
SIN3B,0.243823727885279,4.88648533556006,0.274165456664779,0.600551137052765,0.999580718477448
CRTAP,0.200436684081111,5.0923009794884,0.274021244131315,0.600646954635904,0.999580718477448
ANKRD40,-0.258340234979699,5.22001521836474,0.273790830770981,0.600800112391066,0.999580718477448
BCAS2,0.155282058031994,6.14045348052704,0.273772204862851,0.60081249677929,0.999580718477448
GPCPD1,-0.16059014039223,5.73333546831004,0.273751657493333,0.600826159371977,0.999580718477448
KLF10,-0.236916633021202,5.30004306284623,0.273597022117931,0.600929002258282,0.999580718477448
TSC1,-0.2176255374963,4.70081292109219,0.273567598368754,0.600948575214545,0.999580718477448
ZNF43,-0.236555691295647,4.6532091641627,0.273510825503065,0.600986344850777,0.999580718477448
BECN1,-0.167086806851145,5.83135354977553,0.272757709663296,0.601487847838235,0.999580718477448
RERE,-0.252572880733017,5.14744282375627,0.272470294075365,0.601679471416181,0.999580718477448
CEBPZOS,0.249866304813463,6.08267438316661,0.272257298512475,0.601821561213848,0.999580718477448
ATAD2,-0.262076315391261,5.58152326594206,0.271400021404427,0.602394168658151,0.999580718477448
ZNF708,-0.182420882108617,5.14280912775546,0.271286796838432,0.602469881513,0.999580718477448
BAZ2B,-0.21164212688046,5.45116236681317,0.271220226297395,0.602514406368347,0.999580718477448
DCAF10,0.220410292059985,5.27398746371492,0.27107655227469,0.602610524580254,0.999580718477448
ATG5,-0.153924397410655,5.86460165884538,0.27088916591959,0.602735935093969,0.999580718477448
SNRPC,-0.106298033618396,6.55273810124228,0.270247816158454,0.603165583578134,0.999580718477448
LIN7B,0.2960133715146,4.40501232228775,0.270124136452019,0.603248512682272,0.999580718477448
PPP3CC,0.172153965015463,5.48961142365668,0.269910225563191,0.603392000087828,0.999580718477448
TINF2,0.16428753893252,5.82624052949706,0.269854478003955,0.603429406363756,0.999580718477448
MOAP1,0.225323404528538,5.49685640298512,0.269697472830604,0.60353478226199,0.999580718477448
ZNF414,0.223073477339046,4.68239410683529,0.269680234730744,0.603546354191217,0.999580718477448
KHDRBS1,-0.113805370191867,7.61030640710775,0.269661259697058,0.603559092666346,0.999580718477448
GNB1,0.102108319540847,7.54414188156516,0.26960045355565,0.603599917377387,0.999580718477448
SRP54,-0.130880909767949,6.3332510083202,0.269383802385786,0.603745422606442,0.999580718477448
ZNF593,-0.209128372743549,5.40265044302277,0.269320816456338,0.603787738561431,0.999580718477448
LIN54,-0.231487463160326,4.54697729683226,0.26879746862304,0.604139583437489,0.999580718477448
RBM18,-0.186440719697229,5.24293532667869,0.268575040496689,0.604289252685629,0.999580718477448
INF2,0.330262209058706,3.91099190199133,0.268544062024514,0.60431010396918,0.999580718477448
PHC1,-0.270091175619523,4.88779403408324,0.26849700074073,0.604341783343457,0.999580718477448
ARMC1,-0.190793596998221,5.35605124488505,0.268317832875116,0.604462422698568,0.999580718477448
CHCHD5,0.161142546976141,6.36067014036218,0.26789241066437,0.604749077634441,0.999580718477448
CHST12,-0.167355307180059,7.07954820746184,0.267506419995719,0.605009412901283,0.999580718477448
ICAM2,0.239545167014135,5.16610767724403,0.26707215686274,0.605302590755026,0.999580718477448
GLRX3,0.1424403969247,5.94724520828781,0.267007050717636,0.605346570964943,0.999580718477448
RTN3,-0.122081033470851,6.31028786682625,0.266773024467206,0.605504715444391,0.999580718477448
IL6ST,-0.245839732333409,5.05064900188623,0.266572404089331,0.605640355695256,0.999580718477448
RNF149,-0.104501526956466,7.12302516645393,0.266473744163225,0.605707083785691,0.999580718477448
PHYH,-0.227667477921909,4.84564772153013,0.266395018206032,0.605760340870839,0.999580718477448
THAP7,-0.177378651187206,5.51223511210957,0.266113461787844,0.605950891714483,0.999580718477448
TRIM11,-0.213865871880707,5.37397634851954,0.266094463423908,0.605963753961817,0.999580718477448
MIGA2,-0.286028410709787,4.26644120504107,0.265737856324904,0.60620529156584,0.999580718477448
ZBTB44,0.168268702789354,6.05496156044436,0.265637898892493,0.606273031676337,0.999580718477448
MRPL11,0.189655253281823,5.97991184787625,0.265584892177518,0.606308960320051,0.999580718477448
ANKRD11,0.0918544975087534,8.29873972172187,0.265407943478886,0.606428931325479,0.999580718477448
RBM8A,-0.0911155760320898,7.91494888599137,0.265252383968166,0.606534442295172,0.999580718477448
RGS1,0.247540764423635,7.5745318079151,0.265201537984829,0.606568937964801,0.999580718477448
PLA2G6,-0.31270790874942,4.15898763062378,0.265120225428246,0.606624111905323,0.999580718477448
EPN2,0.305308718139658,4.08713944995283,0.264986701843027,0.606714736418103,0.999580718477448
MSRB1,-0.264837565713324,4.37774242719252,0.264973687302997,0.606723571131471,0.999580718477448
NDUFAF3,-0.129599267323427,6.48017877099484,0.264804115111945,0.606838707606535,0.999580718477448
RPL15,-0.0383533590385962,11.1863742271745,0.264732656444743,0.606887240724214,0.999580718477448
RAP2B,-0.204856830166287,5.96895118693878,0.264495034353567,0.607048687896937,0.999580718477448
GPN2,0.287159514833204,4.63508482967413,0.264080973738434,0.607330231647884,0.999580718477448
MRPS16,0.141559958027104,6.09346948496159,0.263766188482108,0.607544459087279,0.999580718477448
PRMT3,0.328917881696682,3.96154985229228,0.26352621031366,0.607707885034699,0.999580718477448
MRPS28,-0.185363867480128,5.12730886083743,0.262785565691292,0.60821286011593,0.999580718477448
HNRNPA0,-0.116125693482613,7.32096667549857,0.262589308101965,0.608346820082733,0.999580718477448
TLK1,0.141969923941428,6.74852352789422,0.262496471289854,0.608410209928073,0.999580718477448
GSTO1,-0.113747968892136,6.94091574935689,0.262388444535745,0.60848398942535,0.999580718477448
FUS,-0.121746850286906,8.54106643893343,0.261980601703412,0.60876270854896,0.999580718477448
COG6,-0.363693711650383,4.34658758416454,0.261789107095044,0.608893670115179,0.999580718477448
SMC3,0.1264532248701,7.31864116594577,0.261569749158651,0.609043761468066,0.999580718477448
INO80D,-0.135703354237223,6.25606425817522,0.261481935313579,0.609103868618826,0.999580718477448
LINC01138,0.292263850953541,6.159541238083,0.261446593518308,0.609128063096972,0.999580718477448
CLCN3,0.19739309624034,5.08748692350733,0.261351646058044,0.609193072961682,0.999580718477448
FUBP1,0.114164412058366,6.64267465664822,0.261161358886632,0.609323406114732,0.999580718477448
TIA1,0.152372292846347,6.07837166936887,0.261036222866359,0.609409148013356,0.999580718477448
TLN1,0.107290936809891,8.23600110783263,0.260745316025409,0.609608574552537,0.999580718477448
ZNF420,-0.241578507241135,4.39720328915166,0.260728403268756,0.609620173136241,0.999580718477448
ZMAT3,0.184073046014197,5.33549754290698,0.260719256211203,0.609626446285975,0.999580718477448
TRIM25,-0.20437117542239,5.14990398978201,0.260624378969501,0.609691522295219,0.999580718477448
LLPH,-0.166979940478537,6.4796852225999,0.26019622457579,0.609985377952313,0.999580718477448
MCEE,-0.255196045745273,4.6384127364394,0.260194935417793,0.609986263201431,0.999580718477448
TMEM160,-0.0905682203368106,7.37179888103996,0.260168284055421,0.610004564987032,0.999580718477448
USP16,0.0964425960876769,7.27252758356605,0.260000906789669,0.61011953182168,0.999580718477448
YBX1,0.059301035717815,9.06732614699695,0.259899088286104,0.610189490958863,0.999580718477448
ZNF326,0.252854588106618,5.4708443806438,0.259742374554236,0.610297202160006,0.999580718477448
PDHA1,-0.197175646492865,5.54195081207489,0.259295375884006,0.610604654683695,0.999580718477448
NADK,0.316729917998603,4.58630489363478,0.259130483378542,0.610718154533443,0.999580718477448
FOS,0.22099011964163,9.97063200069116,0.259008858164316,0.610801901509953,0.999580718477448
SERTAD1,-0.172621606273309,5.34378513796878,0.258973835689233,0.610826021382997,0.999580718477448
UBQLN2,0.212325652471985,5.19997302892855,0.258970001122787,0.610828662362065,0.999580718477448
PRPS1,-0.17697814265075,5.52680984106657,0.258441855417474,0.611192647303885,0.999580718477448
B3GNTL1,-0.300269869297205,4.00978437949325,0.258238517894993,0.611332907279895,0.999580718477448
TTC22,0.273723473379489,4.1866908556397,0.258099922554884,0.611428548637826,0.999580718477448
MPHOSPH8,0.105169697126562,8.33328243870274,0.25776249629005,0.611661533648052,0.999580718477448
NAA16,-0.185910314606812,5.21012846157801,0.257609983260106,0.611766903301232,0.999580718477448
TEDC1,-0.258919562795905,4.49470529939573,0.257578006884295,0.611789000418113,0.999580718477448
DNAJA3,0.196254951525908,5.27033884053282,0.257509524358714,0.611836330733298,0.999580718477448
TET1,0.393218866492557,3.87478748407465,0.257399567367932,0.611912341845653,0.999580718477448
INIP,0.19092361618776,5.0906844242594,0.257191164496667,0.612056462695241,0.999580718477448
UBXN7,-0.247456662097928,5.90786741215352,0.25716043765228,0.612077718030563,0.999580718477448
VEGFB,0.199693260798884,6.18953553297019,0.256869552914598,0.612279017065681,0.999580718477448
DPM1,-0.237534719680207,5.56157996647212,0.256832865251456,0.61230441595803,0.999580718477448
RP9,-0.1633067818058,5.49261586380555,0.256771993839687,0.612346562304975,0.999580718477448
UBE4B,0.229411730503855,5.00669561321223,0.256435135310932,0.612579911089285,0.999580718477448
CNP,0.188883945874767,5.0874621253297,0.256082214472475,0.612824593215986,0.999580718477448
NAPEPLD,0.253260178110425,4.31188607458727,0.256019411016776,0.612868157421779,0.999580718477448
MRPL43,-0.11901538880133,6.48755286736532,0.255634927502959,0.613135004423983,0.999580718477448
TMEM161A,-0.261048957589065,4.36826771172338,0.255161721906699,0.613463774233322,0.999580718477448
ABCC10,0.269298298395908,4.32505001306067,0.255056656012167,0.613536822938702,0.999580718477448
RFX7,-0.28610108107422,4.75652623361665,0.254974549774047,0.613593921729453,0.999580718477448
LITAF,0.135077296173682,6.99122469370333,0.254973849441486,0.613594408808359,0.999580718477448
PREP,0.224279867807979,4.80184114696768,0.254804671499596,0.61371209609282,0.999580718477448
DDX51,0.259074151812464,4.5852995973369,0.254554712040529,0.613886068153376,0.999580718477448
EML4,-0.0877576639233334,7.86447890507146,0.254256275762305,0.614093920537063,0.999580718477448
ACTR6,0.161079618067365,6.2793167587341,0.254247244559579,0.614100212897687,0.999580718477448
YAF2,-0.141403389318534,6.0851787084007,0.254013766054026,0.614262934362917,0.999580718477448
SOS1,-0.141617659681183,6.47387180434893,0.253992797550596,0.61427755282633,0.999580718477448
LDB1,0.228494415867285,4.61846040204824,0.253465718601854,0.614645261541643,0.999580718477448
ACYP2,0.218081052665739,5.37475156310715,0.253192437910194,0.61483610039609,0.999580718477448
TUT7,0.16441884060215,6.28156844484511,0.252926054167089,0.615022247197854,0.999580718477448
NFKB2,-0.271569238144631,5.29616614114288,0.252501410534721,0.615319238832574,0.999580718477448
CRTC3,-0.178758451293648,5.5737465034788,0.25230282985304,0.615458231583227,0.999580718477448
MRPS36,0.139821611864165,6.68891618620996,0.252302168329015,0.615458694718778,0.999580718477448
STAT4,0.15569780970523,6.69967833045754,0.252152270618582,0.615563658302445,0.999580718477448
SUCO,-0.180375203175921,5.6330687296,0.25207889138898,0.615615055231286,0.999580718477448
TPGS1,0.141559478335543,5.74184403837706,0.25198407978212,0.615681477886714,0.999580718477448
IPCEF1,-0.217409879742475,5.74551538775071,0.251895896318548,0.615743271073745,0.999580718477448
ACSS1,0.209900080693093,5.15038371593137,0.251878197991648,0.615755674531834,0.999580718477448
NIPSNAP1,0.19765456750178,4.86407256664821,0.2516552740572,0.615911952282244,0.999580718477448
PGAM5,0.220908362982358,4.70549733838201,0.251451468633711,0.616054903092619,0.999580718477448
HAUS8,-0.265876983101626,4.355672529715,0.251430005137774,0.616069961985492,0.999580718477448
IL10RA,-0.104411194508093,7.25255592430336,0.251290314511397,0.616167989264626,0.999580718477448
WDR89,-0.250162147943069,4.48050631604663,0.251174885555914,0.616249016752137,0.999580718477448
ARFIP1,0.230265823397522,4.8128015723788,0.251157975425606,0.616260889086684,0.999580718477448
COX7A2L,-0.0705734283456307,7.56092999206335,0.250742618336853,0.616552661827709,0.999580718477448
ZNF600,-0.21402659869516,4.7214611232443,0.250595803915452,0.616655865740837,0.999580718477448
SPTLC2,0.187150806148768,5.32093323902614,0.250326287379584,0.616845422153331,0.999580718477448
INO80,0.179905241376492,5.41366571323099,0.250076858476856,0.617020964241,0.999580718477448
SMARCA4,0.197556026002503,5.85714479513544,0.250018142589516,0.61706230298826,0.999580718477448
BORCS5,0.291456040737426,5.58149163751955,0.249874971270049,0.617163127775448,0.999580718477448
RHOG,-0.0955855177868889,7.02019332672956,0.249778076833456,0.617231383722502,0.999580718477448
CLTA,-0.14893206580339,7.00992517094308,0.24926394067017,0.617593836914838,0.999580718477448
BAZ1A,0.101537837386671,6.95509040202139,0.249093419512546,0.617714153207734,0.999580718477448
MGAT4A,-0.129687726310892,6.80143021995538,0.248840062308817,0.61789301197437,0.999580718477448
MBD3,0.167535064575893,5.36305241502229,0.24853064308347,0.618111602303395,0.999580718477448
JAK3,0.195509512777492,6.57943295157184,0.247909948916117,0.618550606663721,0.999580718477448
SLC25A1,-0.155901611623928,5.56112991468456,0.247890235509049,0.618564560788129,0.999580718477448
TOMM5,0.126235591714223,7.23083550117492,0.247805064646034,0.618624856896024,0.999580718477448
PPP1R8,0.202623383707223,5.07600347077172,0.247730356898849,0.618677756360904,0.999580718477448
HCFC1,0.264529011690385,5.24532314538291,0.247574066801981,0.618788455293304,0.999580718477448
CYP3A5,-0.285799678252071,4.05762708342651,0.247560220761589,0.618798264426569,0.999580718477448
DIP2A,0.147926463599589,6.2826539098819,0.247271756622371,0.619002702763135,0.999580718477448
DTX3L,0.174660157962163,5.98959036421086,0.247226433633109,0.619034837281716,0.999580718477448
TBL1XR1,-0.0943769954653745,7.23040344074523,0.247148959232902,0.619089776027264,0.999580718477448
MRPL10,0.17911340081616,5.34327524016879,0.246576162946054,0.619496291618793,0.999580718477448
DNAJA1,-0.123088520511373,7.86204830537466,0.246235287839474,0.619738491353188,0.999580718477448
WDR5,-0.27876444424976,4.51512565448938,0.246221555732488,0.619748252713213,0.999580718477448
ARSA,-0.225360931708636,4.76882895141358,0.246151910583786,0.619797764641945,0.999580718477448
SCLY,0.283852302968486,4.10627281660604,0.246014784021352,0.619895275780447,0.999580718477448
PEX6,0.247738981371446,4.29937604264278,0.245901423611658,0.619975912301835,0.999580718477448
SAP30L,-0.201465950989537,5.11093417632621,0.245664510378685,0.620144510300706,0.999580718477448
BCLAF1,0.136803816807722,7.78098989726109,0.245451248838251,0.620296363332258,0.999580718477448
XRCC4,-0.261418379872144,4.31688834839938,0.245376830480398,0.620349372314508,0.999580718477448
SREBF1,-0.285110646231925,4.22411533259354,0.245237856606511,0.620448391681808,0.999580718477448
SGTB,-0.211236729584604,4.95304331151701,0.245198986879608,0.620476092749297,0.999580718477448
CD27-AS1,0.502528387048096,3.71660918703361,0.245138501308574,0.620519204095496,0.999580718477448
CASP3,-0.214996234178068,5.90344850807292,0.245018811062989,0.620604533345521,0.999580718477448
TMEM192,0.203193292883411,4.87047123983502,0.244919573073089,0.620675301506227,0.999580718477448
KDM5A,-0.10303293891924,7.34870775723325,0.244801139466605,0.620759781725939,0.999580718477448
AGGF1,-0.179849138598878,5.4325419657709,0.244716435307097,0.620820217900005,0.999580718477448
MSH6,0.243418941761153,4.86993868093747,0.244675441888951,0.620849471260985,0.999580718477448
MAPKAP1,0.172630551561844,5.65774994889345,0.244658907160058,0.620861271491444,0.999580718477448
TRBC1,0.123877107338303,9.08916285506088,0.244607956658122,0.62089763611989,0.999580718477448
TMEM138,0.172750645235257,5.33317306422535,0.244225934588572,0.621170444958257,0.999580718477448
ARHGAP12,-0.254477924608715,4.22261439447114,0.244095268308428,0.621263817031932,0.999580718477448
HUS1,-0.246734258906086,5.23633952200752,0.244025868871876,0.621313421423049,0.999580718477448
RHNO1,-0.171403953679354,5.12639321300348,0.243987907063767,0.621340558963903,0.999580718477448
RDH13,0.241207220037626,4.53590671994414,0.243879680983737,0.621417940342346,0.999580718477448
SNRNP48,-0.201076457465967,4.99670778509541,0.243865824536195,0.621427849210098,0.999580718477448
RPRD1B,-0.254651170202702,4.44185638801099,0.243689514747167,0.621553960477707,0.999580718477448
CCDC127,-0.236207219369691,4.87534672920408,0.243599061818644,0.621618681876949,0.999580718477448
TMEM35B,0.23084960595791,6.31138246923957,0.243531112077445,0.621667311496227,0.999580718477448
RBM19,-0.239625504859926,4.47877330244483,0.243201993721728,0.621902971227936,0.999580718477448
UPK3BL1,0.40078504681918,4.92367879819468,0.243033299189099,0.622023838999014,0.999580718477448
GADD45A,-0.191810591397931,5.16711118705697,0.242700255219342,0.622262614500025,0.999580718477448
C1orf216,0.216500192417784,4.38299539642865,0.242501133393105,0.62240547193637,0.999580718477448
SRBD1,-0.215084067479762,4.65688707183736,0.242203161771339,0.622619384089086,0.999580718477448
YWHAE,-0.120851778534412,7.61507427148499,0.242157056816838,0.622652497177309,0.999580718477448
CCDC18-AS1,0.327836810697111,5.69849327368844,0.241833868435712,0.622884724638855,0.999580718477448
RPS21,-0.073453075521383,11.5327927480586,0.241679168784463,0.622995952490644,0.999580718477448
YIPF4,0.150662321694742,6.7086774632803,0.24166634397978,0.62300517540988,0.999580718477448
TULP3,0.347614013406344,4.03279870009906,0.241587598475501,0.62306181166128,0.999580718477448
TMEM41B,0.143708282970615,5.89713172450733,0.241393538780569,0.623201434454728,0.999580718477448
IARS2,-0.202903998199913,5.73682794643068,0.241172311002114,0.6233606892513,0.999580718477448
COA1,-0.192541662426019,6.20837258217956,0.240975911299261,0.623502147096293,0.999580718477448
TRIM59,-0.191020511987428,6.29882295569511,0.240852553299378,0.623591032878722,0.999580718477448
RPP40,0.295855222670354,3.91291970873233,0.240656060805971,0.623732674168902,0.999580718477448
OST4,0.0786076816973047,9.23982305206939,0.240245778720418,0.624028656776343,0.999580718477448
FASTKD5,-0.367643627775296,4.25567806043517,0.240188249951602,0.6240701837997,0.999580718477448
FAM193B,0.321443949916302,4.36269536509068,0.239687708786926,0.624431758942579,0.999580718477448
PRPF19,-0.202149437192391,5.05788704484432,0.239670519581926,0.624444184191649,0.999580718477448
ZNF793,0.322658050030629,4.0707991594623,0.23941912740707,0.624625966638955,0.999580718477448
H6PD,0.217429359238055,5.11480865280557,0.239413252907816,0.624630215921368,0.999580718477448
PTGER4,0.160023973381151,7.12107480807003,0.23937178706343,0.62466021181925,0.999580718477448
DELE1,0.280537261027994,4.91182883110972,0.239350691988307,0.624675472981054,0.999580718477448
ZNF224,-0.151158259179774,5.58608938392234,0.239274286102724,0.624730755541902,0.999580718477448
FAM78A,-0.198318193382761,5.78870233765882,0.23924420388272,0.624752524172029,0.999580718477448
MCUR1,0.24723986569213,5.40230912437142,0.23909363172236,0.624861509369112,0.999580718477448
CSPP1,0.209103220367497,5.28148808533867,0.239063482350042,0.624883336807902,0.999580718477448
TMCO4,0.251184615429145,4.39103191665922,0.238920260556085,0.62498704932873,0.999580718477448
SEC11A,0.118237250658357,7.82656562389861,0.238770268097563,0.625095706048063,0.999580718477448
BTBD2,-0.241920211762713,4.82443256131915,0.238747606996832,0.625112125755092,0.999580718477448
KLHL2,-0.237724790233331,4.35430206217578,0.238715149623769,0.625135645294935,0.999580718477448
GNE,-0.283987981045987,4.27950996324311,0.238685946773307,0.625156808207467,0.999580718477448
FMNL1,0.0895010863222112,7.59714659900013,0.238605894970807,0.62521482889514,0.999580718477448
NDUFA6,-0.0782447583490177,7.38890188553526,0.238483854553754,0.625303305682893,0.999580718477448
NDFIP2,0.187416191069748,5.49365848939514,0.238109267682932,0.625575048659603,0.999580718477448
SUSD6,-0.149223837467544,5.8451161880393,0.237994348344962,0.625658469613101,0.999580718477448
WIPF2,-0.156302412300521,5.98719235504438,0.237993477705555,0.625659101713028,0.999580718477448
ATP6V1D,0.133632807922816,6.08477983800884,0.237985279783722,0.625665053622462,0.999580718477448
CLCN7,-0.220191989338485,4.71763282714853,0.237755554277834,0.625831892083657,0.999580718477448
QKI,-0.129601736569027,6.24691930005435,0.237581023491543,0.625958712007129,0.999580718477448
SSNA1,-0.125322898304232,7.33692600368061,0.237555665284374,0.625977142927192,0.999580718477448
ST3GAL1,-0.153750954223678,6.44633399432596,0.23736944268463,0.626112531046445,0.999580718477448
SEPHS1,0.207555330384636,4.95385351672457,0.23732508552548,0.626144789412949,0.999580718477448
UFC1,0.114704710475336,7.53631460767329,0.237318716087991,0.626149421838416,0.999580718477448
NFYC,0.166935339429331,5.43824577571606,0.237302621896812,0.62616112731857,0.999580718477448
SYNJ2BP,0.205930751016952,5.00614168685639,0.237286376935668,0.626172942953427,0.999580718477448
ZFYVE1,-0.286500140014756,4.10322332560602,0.237166185629594,0.626260378633331,0.999580718477448
UBR3,0.184024932128847,5.07354976269127,0.236260634814652,0.626920023261703,0.999580718477448
SERPINB1,0.12317056462489,7.21554013866211,0.235546001246112,0.627441699247546,0.999580718477448
TTC9C,-0.170886665442682,5.09253616886342,0.235459478596683,0.627504926327529,0.999580718477448
YJU2,0.200435325762439,4.88639221246459,0.23541991127865,0.627533845226675,0.999580718477448
LINC00892,-0.413156654538811,7.07195041732775,0.235225275042499,0.627676144377958,0.999580718477448
ELAC2,0.207728000509927,4.57792704394295,0.23507329157772,0.627787310528098,0.999580718477448
NPM1,-0.0393985123704372,9.34004831624633,0.235019455442194,0.627826698851532,0.999580718477448
CHD8,0.141796590216366,6.2588292142803,0.234959633657537,0.627870473012541,0.999580718477448
ALAS1,0.207999536697101,4.78796096022939,0.234796913154852,0.627989577399692,0.999580718477448
ZNF800,-0.147307067023103,6.24275987149155,0.234601084303499,0.628132983258614,0.999580718477448
PRPF38B,0.068855518370723,8.27320208764513,0.234300087841187,0.628353547713076,0.999580718477448
MTDH,-0.0969230205520499,8.38544952539767,0.234089185806422,0.628508196905573,0.999580718477448
PSEN1,0.18412298871918,5.32868671815729,0.23396788038491,0.628597186089862,0.999580718477448
ATAD3A,0.350213174636163,4.18915964596402,0.233670268559082,0.628815633620834,0.999580718477448
FAM32A,0.16109161453621,6.24828781374261,0.233514335257372,0.628930157423649,0.999580718477448
TRMU,-0.19716931160928,4.99852198160469,0.233449404036824,0.628977859480833,0.999580718477448
THEMIS,0.190091157747032,6.61467746337627,0.23315728002205,0.629192571172887,0.999580718477448
TOX2,-0.238193437269054,4.72950245936669,0.233028499838142,0.62928727752755,0.999580718477448
COQ10A,-0.247680966230045,4.57275851464576,0.232939482343443,0.629352760828606,0.999580718477448
FBXO7,-0.121628466872027,6.28068777612727,0.232920010574164,0.629367086762808,0.999580718477448
SNHG17,0.261333577887688,5.00484131516246,0.232801200586135,0.629454514647898,0.999580718477448
PIM3,0.139694381713663,6.14424124225537,0.232519782476416,0.6296617096266,0.999580718477448
CAPNS1,0.100271684041241,7.00949838050835,0.232485524503847,0.629686942717771,0.999580718477448
CAP1,0.071825104946681,8.31258244925893,0.232471539202722,0.629697244405681,0.999580718477448
DBN1,-0.330105682903813,4.97931003615381,0.232412954673638,0.629740402403135,0.999580718477448
PLEKHA3,-0.193236853431789,6.02081827401131,0.232242302878557,0.629866156227607,0.999580718477448
UBA3,-0.165680093499334,5.43361492588686,0.232149157998811,0.62993481899094,0.999580718477448
CD53,0.104969074421072,8.33504623956306,0.231827601992036,0.630171988017149,0.999580718477448
CCT2,-0.119708531177339,6.41773741760295,0.231786134892879,0.630202587518527,0.999580718477448
ERH,0.0874386725740619,7.42479125364544,0.231647499578374,0.630304914107824,0.999580718477448
SRGAP3,-0.33358073296766,5.86897983150048,0.231621557770492,0.63032406591925,0.999580718477448
SNHG6,0.271852786081027,8.76541446993168,0.231587872956705,0.630348936057158,0.999580718477448
FMNL3,0.144180623205935,5.68961182597336,0.231556842605049,0.630371848326509,0.999580718477448
PPHLN1,0.125232034847355,6.75364322699732,0.231551320973113,0.630375925601179,0.999580718477448
JUNB,0.163773020232957,9.19717810229916,0.231461830281562,0.630442015525211,0.999580718477448
RPIA,0.16416869499877,5.46638166787248,0.231410611358561,0.630479848379474,0.999580718477448
WWC3,0.216268707309596,5.15251607950003,0.231274120851362,0.630580692266197,0.999580718477448
KLC4,-0.333105817743313,3.90416481023921,0.230833295170136,0.630906639923926,0.999580718477448
CCDC124,-0.162637012508184,5.8195595440935,0.230380604385196,0.631241759596076,0.999580718477448
CCT7,-0.103958727318625,6.70594211666836,0.23034277131784,0.631269785142501,0.999580718477448
PAN2,0.502962038897573,4.05669301007931,0.230331638397997,0.631278032598615,0.999580718477448
PIF1,-0.234624504718836,4.43903350607983,0.230210793264085,0.631367572508155,0.999580718477448
TOR1AIP2,-0.15925207278151,5.91022960528595,0.2301307237733,0.631426915729107,0.999580718477448
CHERP,-0.185384674053691,5.06698598716907,0.229987121625076,0.631533377774952,0.999580718477448
PSMB10,0.181885865839655,7.24963716184336,0.229943340242619,0.631565844025247,0.999580718477448
NUDCD3,0.143064651685338,5.85998190025052,0.229636306391813,0.631793633016831,0.999580718477448
POGZ,-0.154083291558117,5.61496639751546,0.229415031180084,0.631957913642839,0.999580718477448
BIVM,-0.230542257300233,4.43971810572993,0.229396368674738,0.631971773638492,0.999580718477448
UBE2L6,-0.118758486933231,6.94356871315989,0.229382134937637,0.631982345007443,0.999580718477448
SESN2,-0.261506172376071,4.51828625569617,0.229176303687632,0.632135260572226,0.999580718477448
TMEM70,-0.168212815432361,5.4250191766787,0.229122090379846,0.632175550611171,0.999580718477448
BBX,-0.105552146109844,7.04796979351163,0.229038658003919,0.632237567013152,0.999580718477448
SPICE1,-0.270986883571567,4.29914502641575,0.228836079439279,0.632388204168717,0.999580718477448
SMIM30,0.143422027505319,5.71053109871369,0.228561157096102,0.632592767167318,0.999580718477448
HEATR5B,-0.192136349519303,5.02339003378327,0.228531421446369,0.632614901794688,0.999580718477448
EIF2B3,-0.231254811486864,4.64276703367011,0.228422545186301,0.632695962222076,0.999580718477448
MIR22HG,-0.270182673986115,4.2418249575285,0.228362790731286,0.632740460626639,0.999580718477448
IL2RG,-0.11516181285053,9.03296283051535,0.228122089739051,0.632919780138065,0.999580718477448
DCTN1,0.164779350513887,5.56049514709501,0.227758910881457,0.6331905643037,0.999580718477448
PHF20L1,-0.099193864235522,6.9526961332543,0.227595830544708,0.633312242349723,0.999580718477448
PSMD4,-0.10435533262851,6.65134005356282,0.227583654657234,0.633321329210302,0.999580718477448
ZDHHC12,-0.138035334101271,5.94396773736196,0.22752146944039,0.633367742670208,0.999580718477448
PYGO2,0.249127115217337,5.17876250654237,0.227328034427451,0.633512167426017,0.999580718477448
TP53RK,-0.162728567203638,5.32424896486549,0.227290850619024,0.633539938685632,0.999580718477448
NIT2,-0.18115426515207,5.32846374600523,0.227246629802949,0.633572969264682,0.999580718477448
CEP250,0.179665045251598,5.24667239666148,0.227229058651991,0.633586095067465,0.999580718477448
BUD13,-0.22700818583625,4.67889326509052,0.227221588592628,0.633591675455534,0.999580718477448
CDKN2AIPNL,-0.204588364083006,4.79545864626106,0.226799168634933,0.633907420843468,0.999580718477448
ARHGDIB,-0.0520881785615424,9.55163110980187,0.226609415365722,0.63404937276026,0.999580718477448
TTC28-AS1,-0.336979033429099,5.4264093957728,0.22653032184127,0.634108563108878,0.999580718477448
GDF11,-0.186114487649584,5.0182649018494,0.226366349056285,0.634231313998844,0.999580718477448
PRKCZ,-0.226760016337415,4.46752928028658,0.226361337289276,0.634235066692606,0.999580718477448
ABHD3,0.144417353596628,5.72651339137758,0.226171001787591,0.634377623181844,0.999580718477448
KATNB1,-0.270900102520807,4.25943101425222,0.226166714761927,0.63438083490278,0.999580718477448
RFWD3,-0.215252582913988,4.68281471037443,0.226070172981259,0.634453171218197,0.999580718477448
NUP210,0.140025886190293,5.93063225505897,0.225972339526069,0.634526494674117,0.999580718477448
TRAF5,-0.122375641030041,6.55798510189792,0.225938337884836,0.634551982516039,0.999580718477448
PIK3AP1,-0.184999963591856,5.42094928991189,0.225849636459778,0.634618484725401,0.999580718477448
ZC3H14,-0.188943429680044,5.11467260026945,0.225846487890895,0.634620845599334,0.999580718477448
GAPDH,-0.0810851251512847,9.95060709438641,0.225770701599826,0.634677678101053,0.999580718477448
ISG20,0.142260031838727,7.80286547096455,0.225762974080812,0.634683473661331,0.999580718477448
GTF3A,-0.0709614603203863,8.17314044073997,0.225749936166704,0.634693252239271,0.999580718477448
LPCAT4,-0.176912699395815,5.38306209031194,0.225724021495966,0.634712689553021,0.999580718477448
PTOV1,0.184058588378719,5.05474321480017,0.225678125751844,0.634747117038532,0.999580718477448
NUP153,0.18059417983699,5.41366872007869,0.225231129324124,0.635082644254448,0.999580718477448
ALG13,-0.149140842282529,5.7662567052937,0.225101367845028,0.635180123011427,0.999580718477448
MALT1,0.171381350270959,5.811884809885,0.224990111370339,0.635263727944789,0.999580718477448
SNRPD2,0.0759758584653537,8.56868514515332,0.224302319267091,0.635781139996822,0.999580718477448
NDUFB10,-0.0664433487495431,7.7077835713726,0.224204120792912,0.635855091924093,0.999580718477448
ABCC4,-0.300340214758489,4.01582238587353,0.224185376153182,0.63586921050916,0.999580718477448
SAMD10,0.24519112758216,4.55964299533882,0.224165116426097,0.635884471080474,0.999580718477448
UBAC1,-0.147982070824927,5.44194571427079,0.223856168861047,0.636117289455464,0.999580718477448
C17orf80,0.321532498574628,4.19028901479797,0.223771222378723,0.636181338346061,0.999580718477448
CARD8,-0.125612349973999,6.58909243203474,0.223616071578792,0.636298359077733,0.999580718477448
FNIP1,0.137980737755546,5.75689493211324,0.223285659570358,0.636547734221647,0.999580718477448
COMMD7,-0.0936416364148263,7.11679003537299,0.222762994900187,0.636942671438245,0.999580718477448
TCEA2,-0.178201446474125,5.06380776735201,0.222749437947138,0.636952922912933,0.999580718477448
CNOT6,-0.192787806011351,5.21538987023852,0.222706992151306,0.636985021972703,0.999580718477448
RPS6,-0.0501847601178704,11.5898555735794,0.222635174310575,0.637039341763504,0.999580718477448
KATNBL1,0.145180298628292,5.88685052553453,0.222511361895618,0.637133013073277,0.999580718477448
PIK3C3,-0.168709135217326,5.19661330050326,0.222425220972509,0.637198202498859,0.999580718477448
NPLOC4,0.172673137433761,5.39967879680738,0.222268439982235,0.637316890278314,0.999580718477448
STX8,-0.17803511029655,6.00561685988521,0.22198701997457,0.637530061831162,0.999580718477448
MAP3K11,-0.211697183873265,4.92789377290856,0.221951003895443,0.637557355402417,0.999580718477448
SLC39A4,-0.208461192360804,4.67329426353865,0.221807452511892,0.637666167872618,0.999580718477448
ARL3,-0.14195788841292,5.93184945868616,0.22167781726986,0.637764468830733,0.999580718477448
CCDC97,-0.181284415514475,5.08033540564355,0.221512572746265,0.637889822830307,0.999580718477448
RB1,-0.184014904709535,5.47754624068443,0.22131128650121,0.638042595152145,0.999580718477448
CMTR2,-0.211166374613574,5.07438717322139,0.221273605285784,0.638071203885533,0.999580718477448
PTPN22,-0.0944817615098238,8.09102969012001,0.221238666565645,0.638097733090617,0.999580718477448
SELENOO,0.247261821556826,4.48956085277031,0.221103634889904,0.638200287605609,0.999580718477448
GEMIN2,0.319938536823685,4.10372923941333,0.221088706665542,0.638211627713475,0.999580718477448
C11orf24,0.285476927661934,3.99125194583972,0.22070551808577,0.638502874037601,0.999580718477448
MICB,-0.423991145926295,4.67235209528182,0.220469581434282,0.638682353607103,0.999580718477448
N4BP2L2,-0.0673528130873658,9.14567532962568,0.220456567387686,0.638692256943813,0.999580718477448
NNT,-0.280855927576148,5.69549954483343,0.220427465807692,0.638714403748277,0.999580718477448
TMEM267,-0.18990094343244,4.61956458580345,0.220226231768512,0.638867595169251,0.999580718477448
TM9SF4,0.181423327498849,4.89356720936187,0.220043508547612,0.63900676904384,0.999580718477448
RAB8B,-0.125523453687523,7.35738107678438,0.220013463659077,0.639029659931249,0.999580718477448
BRD2,0.108872821631923,7.47155028938392,0.219776476995335,0.639210284472553,0.999580718477448
VOPP1,-0.12822730106324,6.30911760147222,0.219557812889436,0.639377049474532,0.999580718477448
METTL14,0.177668188988517,5.55013039410018,0.219470053284502,0.639444008147409,0.999580718477448
ARF1,-0.0915618478916345,8.04521320338823,0.219332214312187,0.639549209255402,0.999580718477448
AASDHPPT,-0.123627659257574,6.07385938530195,0.219168243455352,0.639674407180318,0.999580718477448
IL27RA,-0.120677024744237,6.35951051666309,0.219165788258975,0.639676282249044,0.999580718477448
HIRA,-0.234035716168801,4.37597967476797,0.219163500862614,0.63967802917801,0.999580718477448
RELA,-0.14514427136412,5.75592949462638,0.219139078283977,0.639696681867881,0.999580718477448
USP1,0.222545576841559,6.52814887832251,0.219093229110168,0.63973170249466,0.999580718477448
DOP1B,-0.394494934781276,4.11820609481298,0.219077370684552,0.639743816555425,0.999580718477448
ME2,0.132029778942189,6.31373281831313,0.219047374512682,0.639766731732422,0.999580718477448
SPAG7,0.118211990411579,6.47300869095288,0.219020534056856,0.639787237763558,0.999580718477448
AAGAB,0.176147108144689,5.16185773997927,0.218973223056979,0.639823386961248,0.999580718477448
VEZT,-0.148686023238051,5.4878704713401,0.218770659138777,0.639978215025997,0.999580718477448
BZW1,-0.0665175327295343,7.79010744319938,0.21872201988397,0.640015405046512,0.999580718477448
IPO7,-0.137609642093668,5.8678940202914,0.218701065247783,0.640031428706876,0.999580718477448
AQP3,-0.213356894962259,6.07860144085512,0.218567741838278,0.640133400809549,0.999580718477448
ZNF277,-0.155594080342518,5.50250611548813,0.218524488303096,0.640166491318278,0.999580718477448
GORASP2,0.159101568831226,5.62947260381125,0.218468694009237,0.6402091818523,0.999580718477448
RNMT,0.10942036060067,7.03143491774885,0.218364152899969,0.640289188487164,0.999580718477448
SMCR8,0.18865402292248,4.79432771373753,0.217882562953267,0.640658056997808,0.999580718477448
BCL2A1,-0.21477204087888,4.83286803795651,0.217828473962641,0.640699516867836,0.999580718477448
MYL6B,-0.2804341280324,4.02557270298042,0.217617680054216,0.640861152810278,0.999580718477448
NDUFV2,-0.0994153799863401,7.53558533965852,0.217357496880726,0.641060791736928,0.999580718477448
TPT1-AS1,0.256335622862791,4.28143465431572,0.217301243813402,0.641103973919689,0.999580718477448
STXBP4,-0.271919784174018,4.03031061620111,0.217172874625323,0.641202540906437,0.999580718477448
PLCXD1,-0.268214969684668,4.12824479322179,0.21696791667409,0.641359989329265,0.999580718477448
ZNF75A,0.193651053573863,5.32389231866411,0.2167439750718,0.641532124465002,0.999580718477448
SMARCA2,0.0909696394864526,7.20034057695824,0.216692388418787,0.641571792436151,0.999580718477448
ZKSCAN1,-0.219899492211283,6.00689594022403,0.216526764394539,0.641699189203868,0.999580718477448
GPKOW,-0.231641137634771,4.50244922004914,0.216220385925658,0.641935009566828,0.999580718477448
NKAPD1,0.147310825888228,5.48932938063531,0.2161068800017,0.64202242697914,0.999580718477448
VDAC1,0.132977082430673,7.37652477277215,0.21606839620677,0.642052071890926,0.999580718477448
SLC7A6OS,-0.185251602505114,5.58453354801276,0.215575716121968,0.642431878115815,0.999580718477448
LTC4S,-0.889455613635446,4.15535058611304,0.215387246789698,0.642577308310072,0.999580718477448
ARHGEF6,0.124539347847201,6.17387673427693,0.21502253990829,0.642858949939919,0.999580718477448
LSM8,0.0677216282714954,7.707015174969,0.215020884298331,0.642860229131424,0.999580718477448
NDUFAF1,-0.215326974260221,4.59028380681212,0.214991022348985,0.642883302713831,0.999580718477448
GOLGA7,0.129114081426926,6.4473763540882,0.214932879234768,0.642928234032481,0.999580718477448
UMAD1,-0.209963469265577,4.82843539796767,0.214753113790451,0.643067198294332,0.999580718477448
HEXA,-0.156634078913355,5.83777065103524,0.214619329595966,0.643170663487499,0.999580718477448
AZI2,0.146343607928621,5.72295778735068,0.214481782009774,0.64327708003441,0.999580718477448
MDH1,-0.0981824545727028,6.81411910927198,0.214369812096159,0.643363738486336,0.999580718477448
CD320,-0.14332654973895,5.92865162502518,0.214343261055248,0.643384291538371,0.999580718477448
TRIM27,0.132697096997708,5.79963445127325,0.214219936033029,0.6434797772033,0.999580718477448
RPL9,0.0562425880957466,11.2830866828129,0.214143565255318,0.643538924795892,0.999580718477448
ZNF529,-0.19767455127891,4.70786507805668,0.214135590759181,0.643545101617064,0.999580718477448
FRS2,0.293035536196749,4.15246202034416,0.214058811704193,0.64360457966666,0.999580718477448
TIMM21,-0.245070333370792,4.36876857266612,0.214024585474991,0.643631097703028,0.999580718477448
GTF3C5,0.184094384408926,4.85685124651599,0.213931811773859,0.643702990505377,0.999580718477448
TMEM218,-0.205793482542035,4.65039204688629,0.2136420541192,0.643927653317865,0.999580718477448
ZSCAN32,-0.245985206997617,4.35194099699429,0.213441309988854,0.644083408182087,0.999580718477448
DEGS2,0.276659824244791,4.29884128355036,0.213439257554718,0.644085001099029,0.999580718477448
PGBD2,-0.241463943620374,4.22963027427732,0.213396769930469,0.644117978304058,0.999580718477448
PDHX,-0.270331874891916,4.2357134045084,0.213381986204992,0.644129453778282,0.999580718477448
ARHGAP17,0.200177257072976,4.90020385889758,0.213169628806588,0.644294343819626,0.999580718477448
BNIP2,0.119200053727675,6.45988435342057,0.212960646624653,0.644456710396924,0.999580718477448
ZNF430,-0.119511699031483,6.11254448122416,0.21274853407731,0.644621607924409,0.999580718477448
GDI2,0.0889711350424189,7.16659328559733,0.212700783024428,0.644658743617019,0.999580718477448
AHCTF1,0.182535438618958,5.65530103851301,0.211207572935271,0.645822562781882,0.999580718477448
PDE4A,-0.162843236818901,5.5912453722195,0.211196609180142,0.645831126420556,0.999580718477448
COX18,-0.221490216827418,4.49279405258646,0.211084483942122,0.645918721364767,0.999580718477448
SMAD5,-0.189423246228998,5.17472936160434,0.211010583145072,0.645976469858388,0.999580718477448
DAPK3,0.234320942150757,4.47835265283149,0.210961864734001,0.646014546712147,0.999580718477448
ITFG2,0.203403866492172,5.44386168754353,0.21090143605891,0.646061783356505,0.999580718477448
EEF2,0.0500889389403378,9.02561222287434,0.210859404973069,0.646094643574884,0.999580718477448
ADAT2,0.303847014295974,4.15532080547164,0.210847436225881,0.64610400155667,0.999580718477448
RSU1,-0.161453112044466,5.89875657000665,0.21055352498605,0.646333902365915,0.999580718477448
CKAP2,-0.173299308408262,5.56887126759626,0.210522688499333,0.646358034283442,0.999580718477448
SRGN,0.0794965813412787,9.45846339076858,0.210350730681087,0.646492643718145,0.999580718477448
FAM13B,0.171967184744868,5.8403863203204,0.21020297029111,0.646608364492875,0.999580718477448
PLXDC1,-0.249292089682528,4.37371461081844,0.210201400330568,0.646609594295357,0.999580718477448
ARL4C,0.0975943253076536,8.84355999661139,0.210135084644977,0.646661546661373,0.999580718477448
LRRC42,-0.332168509576645,3.99889708176633,0.20977605735419,0.646942984572809,0.999580718477448
DHX33,-0.240260785348623,4.30704229022924,0.209693334257558,0.647007871678207,0.999580718477448
SERP1,0.110314217234346,8.1681737830617,0.209387975991877,0.647247525553223,0.999580718477448
AK2,0.154349252369112,5.36969120649379,0.209265989322676,0.647343323248523,0.999580718477448
ZSCAN30,0.286874903109501,3.71869580059893,0.209263326456291,0.647345414808169,0.999580718477448
HINT1,0.0613619224077663,9.48813256822457,0.208863075407267,0.647659976844103,0.999580718477448
LIX1L,-0.152615855776892,5.9273024617743,0.208608083915252,0.64786056772378,0.999580718477448
BCL3,0.203784698514847,4.68568898795278,0.20836380389532,0.648052871360083,0.999580718477448
ATP6V1A,0.197609279063752,4.71876835634772,0.208236472218083,0.648153164205347,0.999580718477448
TBC1D5,0.151806001705884,5.68102556867977,0.208225370939866,0.648161909887148,0.999580718477448
KCTD18,-0.220855997691797,4.47507223571882,0.208006068502964,0.648334735992756,0.999580718477448
ARHGAP25,0.112814925203108,6.36062412152159,0.207944240410786,0.64838348086699,0.999580718477448
ARL5A,0.133114083666956,5.90104610154857,0.207938513244955,0.648387996571029,0.999580718477448
TATDN2,0.147573508002432,5.51736999175253,0.207930230223159,0.648394527626202,0.999580718477448
ELK1,0.189044831116796,4.74786749529973,0.207709793307032,0.648568397038205,0.999580718477448
AP5M1,0.186300955338908,5.18009042550359,0.207703915645848,0.648573034562831,0.999580718477448
DROSHA,0.251163025664883,4.45753225580981,0.207687033453251,0.64858635519697,0.999580718477448
RTKN2,0.836402150973703,4.49889415982266,0.207623750242371,0.648636293660038,0.999580718477448
ASNSD1,-0.167258593070518,5.10898770746621,0.207124684434406,0.649030442137945,0.999580718477448
PIAS1,0.122910289598651,6.20461656058539,0.207042013259629,0.649095788890477,0.999580718477448
ACBD6,0.178403113541122,5.37549783015555,0.206870035585416,0.649231777703082,0.999580718477448
DNAJA2,0.0890897573688254,6.8085390454207,0.206722604411913,0.649348411051192,0.999580718477448
NR4A1,0.634998761141481,4.3054127451155,0.206584072327212,0.649458050041562,0.999580718477448
RPRD2,0.1383728726667,5.82125751079463,0.206495631589015,0.649528068240914,0.999580718477448
STRIP1,0.189160620598835,4.82494058411904,0.206452780127901,0.649562000087508,0.999580718477448
ZNF337-AS1,-0.31391808770135,4.04614598919588,0.206249951993531,0.649722666824263,0.999580718477448
SRSF1,0.117526813556745,6.7514620004668,0.206216058174256,0.64974952450844,0.999580718477448
LY6G5C,0.278275862004374,3.90009208991097,0.20613061672125,0.64981724069173,0.999580718477448
KBTBD2,-0.138069047894156,5.71997865991367,0.206109226257089,0.649834196243146,0.999580718477448
FAAP20,0.100392484114918,6.58297529883128,0.206060292448548,0.649872988532496,0.999580718477448
GTPBP6,-0.178933511011039,6.1879066405459,0.205914508876328,0.649988591434674,0.999580718477448
USP5,-0.180376765645981,4.82436594645429,0.205858702311323,0.650032857773466,0.999580718477448
BAD,0.203375905711316,5.69619824269186,0.205588894052635,0.650246974556436,0.999580718477448
BAG1,-0.123003785970149,6.28533240152927,0.205507882419274,0.650311297535997,0.999580718477448
SNRPG,0.0760987715767504,7.68502413888112,0.205478177723707,0.650334886799377,0.999580718477448
THYN1,-0.132797181841997,6.05627293687796,0.205410200572391,0.650388876939987,0.999580718477448
NAXD,0.220333633058052,4.41670338829213,0.20535513186563,0.650432622579669,0.999580718477448
RDH10,0.299170854960106,4.01440164637836,0.205227152947487,0.65053431415978,0.999580718477448
GPR108,-0.121942449921841,6.15929561214501,0.205202497920624,0.650553909343816,0.999580718477448
EXOC1,-0.169089178320273,5.5046418115335,0.205104103946563,0.650632124486753,0.999580718477448
TRAPPC10,-0.116701476570006,6.496700709148,0.205077040988243,0.650653641284329,0.999580718477448
NSRP1,0.111053224332281,6.76226245128634,0.204765252128485,0.650901657025427,0.999580718477448
KAT6A,0.11235599571536,6.81402941768278,0.20455694884857,0.651067480856486,0.999580718477448
RBM34,-0.236971213418788,4.33894853883388,0.20441095215943,0.651183764958058,0.999580718477448
PRPSAP1,0.14073163245776,5.71511777268419,0.204391930431644,0.651198919152046,0.999580718477448
BRWD1,-0.146799241739882,6.59472755950993,0.204133627251336,0.651404787759744,0.999580718477448
EMC1,-0.207951581241321,4.67497763304565,0.204070686711836,0.65145497536934,0.999580718477448
CIZ1,-0.156481419233146,5.18244764233421,0.204052199802608,0.651469718255715,0.999580718477448
TMEM260,0.260611475111324,4.74979670211504,0.203860966449881,0.651622269672578,0.999580718477448
RPS28,0.0688959586502757,11.9817000580698,0.203661662731134,0.651781350707867,0.999580718477448
TAF7,0.0819744301089637,7.42889595095587,0.20339118740392,0.651997389700936,0.999580718477448
WWP2,-0.182825117936411,4.94958206850107,0.203240069291844,0.652118168799655,0.999580718477448
DCXR,0.106170566798186,6.6400241940745,0.203008853607026,0.652303069411348,0.999580718477448
MBIP,-0.206077684786226,4.95985693311378,0.202807916967775,0.652463859110232,0.999580718477448
HPS5,-0.213653083491294,4.60466147214656,0.202721516827332,0.652533026044316,0.999580718477448
NIPBL,-0.108826768059792,7.16923279673215,0.202698914046616,0.652551123443089,0.999580718477448
TMEM191C,-0.313108010145893,3.84830100470273,0.202673734450794,0.652571285452875,0.999580718477448
ZHX2,0.21281631988438,4.6660587540594,0.202636666530003,0.652600969519558,0.999580718477448
CELF1,-0.0963826346627459,6.8980100038288,0.202274321972847,0.652891307881503,0.999580718477448
NAT10,-0.233228774891285,4.73455139964592,0.202218812073609,0.652935814299528,0.999580718477448
NFKBID,-0.276791252443951,4.80745639987744,0.202134760313966,0.653003218832321,0.999580718477448
RPS6KB1,0.189903822428509,5.3719659235652,0.20189227831157,0.653197769489584,0.999580718477448
APOBEC3G,-0.0881726407799511,8.50230319416459,0.201666228222065,0.653379262834745,0.999580718477448
SDCCAG8,-0.202953244915742,5.5435621041343,0.201642719104257,0.653398145085258,0.999580718477448
WDR20,-0.175724856447462,5.1938913104065,0.20152446276165,0.653493147272697,0.999580718477448
SCAF8,-0.14521858343622,5.48647845645975,0.200985388600484,0.653926641663487,0.999580718477448
SMPD2,0.316240505307317,3.95201107571294,0.200883581043842,0.654008588176191,0.999580718477448
SF3A2,-0.136091213650935,5.83882374607006,0.200880061842824,0.654011421282611,0.999580718477448
TARDBP,-0.161503882734972,6.26667888367105,0.200697702618031,0.654158269011155,0.999580718477448
UTP20,-0.216723277260342,4.5788718135441,0.200458372169773,0.654351115344565,0.999580718477448
SPG21,0.163755922542838,5.52756864551612,0.200450499661951,0.65435746115659,0.999580718477448
IL12RB1,-0.219444223406608,5.42421029546734,0.200164992029869,0.654587702162175,0.999580718477448
KIAA0319L,0.169343080635926,5.07662060252398,0.200063939977714,0.654669240463761,0.999580718477448
TMEM80,-0.225740784369799,5.24661406818248,0.200049480610904,0.654680909661975,0.999580718477448
TIMM17A,-0.150999467262426,5.58429051744595,0.200039136391494,0.654689258107547,0.999580718477448
CSNK1A1,-0.0772425570264689,7.7401595857883,0.199826854163911,0.654860640651515,0.999580718477448
BCKDHA,0.318057727846151,4.70497941241733,0.199753637327529,0.654919776384782,0.999580718477448
SLFN12L,0.134892714408853,6.70382055271845,0.199647268303272,0.655005711629584,0.999580718477448
DPH5,0.177803658633014,4.80492069428749,0.199377134105236,0.655224075814064,0.999580718477448
SMC6,-0.20555227813412,5.57410826342926,0.19891921925678,0.655594638964478,0.999580718477448
TXLNG,-0.157640992363392,5.2572367474809,0.198812498374103,0.655681075269081,0.999580718477448
PCBP1-AS1,0.214377944460179,4.61435091670903,0.198755985130138,0.655726858230173,0.999580718477448
ATP2B4,-0.15441145120842,7.41418880520421,0.19866207752878,0.655802952665032,0.999580718477448
CAMK2D,-0.154950734764808,5.73955163945162,0.19833938252494,0.656064600658369,0.999580718477448
LCLAT1,-0.302535403515466,4.15022178919603,0.19822408747927,0.656158146186205,0.999580718477448
MX2,0.172792512472443,5.45424921576526,0.19815793169697,0.656211836911532,0.999580718477448
TSC22D2,0.220523186911712,5.35818152791726,0.198113239911191,0.65624811395936,0.999580718477448
METTL18,-0.204148044334027,4.78316169801711,0.198102034950677,0.65625720997629,0.999580718477448
APOBEC3F,-0.173550403265151,5.18544656979848,0.198086826549812,0.656269556418419,0.999580718477448
LRRC58,-0.17698537701453,5.62062809564249,0.197981774869335,0.656354854696211,0.999580718477448
DBNL,0.0905808821197473,6.56234316884996,0.197955803176645,0.656375946978834,0.999580718477448
LANCL1,0.241296591313856,4.50231697004134,0.197934310331767,0.656393403126898,0.999580718477448
TRIM52,-0.134402033439444,6.0575241545811,0.197826306619286,0.656481139222177,0.999580718477448
PRDX4,0.202181743694293,5.15083789625995,0.197797943677639,0.656504184424539,0.999580718477448
BCL11B,0.0999979601327332,8.67906823452225,0.197652286448534,0.656622563716073,0.999580718477448
HMGXB4,-0.165983760942892,5.58926333333571,0.197461312839234,0.656777851943066,0.999580718477448
ZNF570,0.260464476847357,4.34322271930483,0.197269338740115,0.656934044363462,0.999580718477448
SF3B1,0.065147187170477,7.79623440471213,0.19716904329953,0.65701568212172,0.999580718477448
GBP4,0.207283861244295,6.15801605211465,0.197129077886341,0.657048219806183,0.999580718477448
ITGB1,-0.111394312560412,9.08595717830547,0.196719171504398,0.657382171630971,0.999580718477448
REEP4,-0.202927281825826,4.52294129339787,0.196605326048338,0.657474995701038,0.999580718477448
CNOT4,-0.102052425741318,6.47487275738086,0.19658751389205,0.657489521779656,0.999580718477448
ATP6V0A2,0.150412376383305,5.56633250165697,0.19639694134704,0.657644985830975,0.999580718477448
MAP2K5,0.260108857929177,4.22811428072572,0.196363696912499,0.65767211500625,0.999580718477448
LINC00294,-0.267137087174997,4.09399650213414,0.19599615133323,0.657972234436621,0.999580718477448
ZCCHC2,0.135115727503348,5.82155186279442,0.195888314642664,0.658060352365291,0.999580718477448
MRPS30,0.140892196974062,5.56152413527833,0.19584924887819,0.658092281813786,0.999580718477448
RNF114,-0.113739827269455,6.10821369389755,0.195655062454451,0.658251051880581,0.999580718477448
TRDMT1,0.189181876873972,4.99156352440015,0.195605728304136,0.658291403312667,0.999580718477448
UBN1,-0.113703474017836,6.1201249549279,0.195284355342999,0.658554409982221,0.999580718477448
SERINC1,0.0861983965290898,6.94907798652255,0.194950170826544,0.658828175920353,0.999580718477448
DGLUCY,0.168146933842039,5.55054610454539,0.194730423402326,0.659008347154822,0.999580718477448
VSIR,0.1196094807666,6.13282140516063,0.194595014222301,0.659119429826579,0.999580718477448
DCTN5,0.179702859128476,5.34405495511598,0.194458501314852,0.659231464684283,0.999580718477448
C12orf75,-0.114353669795061,7.98591039176198,0.194443908516542,0.659243443635161,0.999580718477448
SDF2L1,-0.135264853379861,6.9306640423954,0.194436417863457,0.659249592778495,0.999580718477448
RTN4,0.102176310064582,6.96526995129693,0.194367500917087,0.659306173948776,0.999580718477448
LGALS8,0.174078097549462,5.68647116238661,0.194251465106666,0.659401467024552,0.999580718477448
SNAPC3,0.210768707882727,4.70003395138665,0.194213053350046,0.659433019726485,0.999580718477448
DNAJC16,-0.242079468762957,4.63052205704833,0.194055431421482,0.659562534683361,0.999580718477448
SIRT2,0.132116385385716,5.63230889069943,0.193950342777553,0.659648918933976,0.999580718477448
ITGA5,0.274083113150981,4.51401297896352,0.193838759855541,0.659740672157623,0.999580718477448
CHM,-0.158779699191721,5.29292190337209,0.193738630187998,0.65982303435875,0.999580718477448
SNAI3,-0.238981415733509,4.61084528199122,0.193654116300241,0.659892571490254,0.999580718477448
GOLGA7B,-0.294707646302466,3.79411586273001,0.193627548469868,0.659914434961364,0.999580718477448
GOPC,0.110616713171374,6.09431311290589,0.193189983450993,0.660274778287766,0.999580718477448
NUDT8,0.271264283210487,4.11983143444215,0.193184467900663,0.660279323557299,0.999580718477448
CTSL,-0.375087041257621,4.69442409311524,0.192973898783306,0.660452907849284,0.999580718477448
EIF3B,0.174202405555394,6.20208562705693,0.192729900180321,0.660654191366249,0.999580718477448
PIGP,-0.159194335830051,5.28732804927548,0.192523917895776,0.660824232140725,0.999580718477448
DIAPH2,-0.196104927074852,5.04020033713158,0.192461014951638,0.660876180874191,0.999580718477448
ATP5MG,-0.0376168345185039,9.59136773276596,0.192447405541395,0.660887421610567,0.999580718477448
RAP1GDS1,-0.146056544907665,5.62939965272743,0.192294323995046,0.66101389246861,0.999580718477448
WDR27,0.231068578969997,4.26686514994382,0.192243439552659,0.661055944785572,0.999580718477448
NAP1L1,-0.0831280487603322,8.92672136635302,0.192220009214386,0.661075310499197,0.999580718477448
AAMDC,0.199580863573852,4.44947309549867,0.192206957194513,0.661086098904164,0.999580718477448
PDIA4,-0.113163147231182,6.11044846046515,0.192174741413033,0.661112729364355,0.999580718477448
BRD1,-0.134591064041491,5.9953258934072,0.192062131297732,0.661205836928362,0.999580718477448
ALDH18A1,-0.236690914200249,4.36601933277582,0.191885137483382,0.661352243587046,0.999580718477448
RBBP6,0.102850982572278,6.82233620975409,0.191813218981709,0.661411756499928,0.999580718477448
ADIPOR2,0.170745423479853,5.26534617789507,0.191773155950342,0.661444914621814,0.999580718477448
CCL28,-0.223320156574715,4.57945685020249,0.191733968323637,0.661477352209685,0.999580718477448
RPL36AL,-0.0682239635355804,9.95319338774828,0.191599284349307,0.661588867101755,0.999580718477448
ZSCAN16-AS1,-0.182817173637473,5.34172914217809,0.191457969810514,0.661705922152878,0.999580718477448
GGA1,-0.206946315918048,6.38853432865796,0.191455241874419,0.661708182290095,0.999580718477448
SLC9A8,0.223915919034199,4.32122129429844,0.191411237491796,0.661744643252218,0.999580718477448
ACAD8,0.221292396994424,4.61821499546308,0.190825353380491,0.662230569086986,0.999580718477448
SMARCC1,-0.109286949326328,6.4169570711328,0.190749248445018,0.662293754848261,0.999580718477448
PARG,0.187707855935906,4.80651434571055,0.190507787433022,0.662494326113763,0.999580718477448
C6orf62,-0.103602379951158,7.43745224364053,0.190274863173881,0.662687949710056,0.999580718477448
RAF1,-0.112973139624836,5.98915695146473,0.190185554134409,0.662762227296022,0.999580718477448
ZSCAN29,-0.214995191898072,4.21506450965486,0.190177086120342,0.662769271150236,0.999580718477448
RNF187,-0.144459772308366,6.32502027540558,0.189981691997671,0.6629318555417,0.999580718477448
AGO1,0.19537629096626,4.84181620700418,0.189933990634078,0.662971562208074,0.999580718477448
ASXL1,0.127346845212943,6.4496149759999,0.189846884233303,0.663044084981844,0.999580718477448
CNDP2,-0.144920361444761,5.91437885042964,0.189578367182495,0.663267770709485,0.999580718477448
TTI2,-0.226002293233667,4.54672497365534,0.18953046206455,0.663307697445719,0.999580718477448
SNRNP200,-0.106995797598037,7.06438388866673,0.189057421535706,0.663702277837002,0.999580718477448
DDX18,-0.0969040065561519,7.85200344123827,0.189009788190406,0.663742043068587,0.999580718477448
POU2F1,-0.184218517578846,5.14161579538904,0.188768747734819,0.663943359677062,0.999580718477448
PEX16,-0.146732321680039,5.65103885268767,0.188730308344036,0.663975478319902,0.999580718477448
SFT2D3,0.21084799048427,4.62652915605594,0.188724309759449,0.663980490883142,0.999580718477448
TBPL1,0.212543629491958,5.38963704285095,0.188360995738019,0.664284261636798,0.999580718477448
CYFIP2,0.0943725658720263,7.31510710279551,0.188342121413765,0.664300052171898,0.999580718477448
MCL1,0.0754184684589552,8.43745350828866,0.187810865920707,0.664744894465259,0.999580718477448
HPF1,-0.15848955118895,5.7418514106513,0.187590953512869,0.664929254973744,0.999580718477448
SH3GLB2,-0.15238004836683,5.3544965807927,0.187585278961606,0.664934013853007,0.999580718477448
SGPP1,-0.257798174182028,4.5224996874308,0.187580255825374,0.664938226503927,0.999580718477448
ARL8B,-0.148801125002736,5.74441218215722,0.187555331192339,0.664959130526967,0.999580718477448
ACIN1,0.118102351009528,6.4540417727654,0.187424603609763,0.66506879737404,0.999580718477448
TRIM5,0.211669255593152,4.63117279725915,0.187402991894562,0.665086931729824,0.999580718477448
ST3GAL3,0.244863140294103,4.19687280107442,0.187399084348161,0.66509021067832,0.999580718477448
FZR1,0.199988697270063,4.54193060103358,0.187318470213825,0.665157865663012,0.999580718477448
VIM,-0.0940984025358268,10.501952350009,0.187209984801747,0.665248938757212,0.999580718477448
CDK12,-0.119136882311486,6.39540460210571,0.187195405541168,0.665261180379264,0.999580718477448
C16orf54,-0.102430392559284,6.79792694247586,0.186936408690638,0.665478744066532,0.999580718477448
CTSZ,-0.196645742411892,4.8819844389794,0.186680520041762,0.665693872541283,0.999580718477448
BICD2,0.157048058601478,5.36150935514733,0.186518201982091,0.665830425875113,0.999580718477448
TNPO3,-0.133389729867517,5.58687018087875,0.186336433004594,0.665983426389798,0.999580718477448
TSG101,-0.126313476561492,6.03272645515199,0.186294459140392,0.666018769657836,0.999580718477448
MAP1S,0.184790009854827,4.76342717754731,0.186270005598278,0.66603936246024,0.999580718477448
PSMA4,0.103588500081597,7.40608195078737,0.186225767514724,0.666076620283644,0.999580718477448
TOE1,-0.219888154259362,4.58403915245579,0.186165847549981,0.666127093939436,0.999580718477448
LIMD1,0.222758170666211,4.86265009497464,0.186125135517475,0.666161393267352,0.999580718477448
TRUB1,0.265398372652145,4.16153966437932,0.186028894700019,0.666242492528437,0.999580718477448
CDK5RAP3,-0.129045924851018,5.67652306395897,0.185802471480819,0.666433390783411,0.999580718477448
CRYBG1,0.116743827586961,5.99625722575388,0.185725413495801,0.666498390113345,0.999580718477448
NMT1,-0.117976574960632,6.60301345477996,0.185645854689607,0.666565515693269,0.999580718477448
PLEKHM2,0.165287256731674,5.17238812743581,0.185585923420514,0.66661609233496,0.999580718477448
NUTM2B-AS1,-0.127755002643208,6.59267952246365,0.185569127580239,0.666630268261841,0.999580718477448
SCRIB,0.264885712599592,4.31998276080482,0.185530834763622,0.66666259078495,0.999580718477448
FBXL17,0.199472005402044,4.76714157133645,0.185435054861342,0.666743454810724,0.999580718477448
TOMM7,-0.0869013267908773,9.56771067041585,0.185330561328122,0.666831703729145,0.999580718477448
LYRM9,0.237798409550491,4.19733545034111,0.185297631356026,0.666859520502769,0.999580718477448
BRK1,-0.0849927008854822,7.8166786969906,0.184802601246799,0.667278038354585,0.999580718477448
SNAPIN,0.142146795784087,5.32581169709811,0.184576997644875,0.667468992804206,0.999580718477448
TXNDC15,0.186688521610451,5.80730503880318,0.184390241533862,0.667627170734553,0.999580718477448
PPIB,-0.0496322587658776,8.90732384089093,0.184237896290783,0.66775627376587,0.999580718477448
UHRF2,-0.169868243033012,5.85623064075342,0.184225776435545,0.667766547296569,0.999580718477448
STAM2,-0.191689940557502,4.70084037049726,0.184075213513131,0.667894207018681,0.999580718477448
BTF3L4,-0.149735338023605,6.33339559635919,0.183810593305807,0.668118723842865,0.999580718477448
PAM,0.28668637901189,4.22972853739564,0.183783837042183,0.668141435823586,0.999580718477448
RPL41,0.0553448744388587,12.9601951350542,0.183754868229041,0.668166028127545,0.999580718477448
ATP6V1E1,-0.107812367957964,6.83361189762133,0.183586997823522,0.668308582441957,0.999580718477448
SYCE1L,0.262251537569248,4.06247735977172,0.183145900557758,0.668683527008494,0.999580718477448
TRA2A,0.107511233073442,7.59027268898991,0.183097773976064,0.668724468212718,0.999580718477448
CHMP4A,0.15433297344025,7.53862272918038,0.183040735849335,0.668772998697601,0.999580718477448
FCHSD1,-0.2300873628958,4.48493694172735,0.182829710700307,0.668952625755028,0.999580718477448
HELZ,-0.0843484731408366,7.02699482742572,0.182776584000237,0.668997867138228,0.999580718477448
TSNAX,0.141337702306327,6.17462648590601,0.182580177141043,0.669165189910502,0.999580718477448
TMSB4X,0.0384096002553944,13.5739185209852,0.182488190958928,0.669243591300906,0.999580718477448
TM9SF1,0.245327292380534,4.75282887804413,0.182036407647026,0.669628993481238,0.999580718477448
RTTN,-0.251415680816615,4.128000898877,0.181826118833152,0.669808577099856,0.999580718477448
ZCCHC3,0.191066123904184,5.22088605547963,0.181715019115128,0.669903504211638,0.999580718477448
MRPS25,0.15697733541501,5.42191936145143,0.181447647915425,0.670132095269638,0.999580718477448
IFITM2,0.131244278379418,9.27916759717277,0.181308107401872,0.670251475531802,0.999580718477448
KIAA0825,-0.225655648327072,4.30367547768644,0.181252500148736,0.67029906399519,0.999580718477448
SLC35E1,-0.13184902239749,5.84474017401654,0.181198152551298,0.670345582783307,0.999580718477448
NUDCD2,-0.114024412218877,5.99812106877511,0.180695180227183,0.670776493118623,0.999580718477448
TSEN54,-0.14208378185835,6.20952907859616,0.180687271485199,0.670783274408975,0.999580718477448
SLF2,-0.132652955636649,5.95118613072017,0.18058231738282,0.670873283098332,0.999580718477448
CASP8AP2,0.1290587832404,5.80406876548439,0.180500682582448,0.670943314495724,0.999580718477448
RABL6,0.109624468974562,6.29377247133094,0.18044232195089,0.670993391327555,0.999580718477448
GTF3C6,-0.133929666403285,6.83296970784504,0.180433139171745,0.671001271558975,0.999580718477448
TUBG1,0.289717892326102,3.87450464819509,0.180209385127377,0.671193360007842,0.999580718477448
IDH3G,-0.125709338565798,6.2227997793305,0.180200704026605,0.671200815397778,0.999580718477448
MED22,-0.316027663573911,4.10883667547045,0.18010316445206,0.671284597637704,0.999580718477448
MAPK14,0.153376143045292,5.35671947364942,0.180006147546353,0.671367957490563,0.999580718477448
NR2C1,-0.208050243491228,4.51781215930005,0.179837256833437,0.67151313674824,0.999580718477448
EIF4G2,0.080951712789886,8.150152531121,0.179195854555486,0.672065223062358,0.999580718477448
GLIPR2,-0.0732231786407633,7.30190300719092,0.178976360473804,0.672254419912112,0.999580718477448
MYL12B,-0.0448725448707019,9.70271991008925,0.178936443576317,0.672288841693062,0.999580718477448
ZFX,-0.144445598768383,6.19143920297031,0.17891204905672,0.672309880195923,0.999580718477448
CSAD,-0.186859238501297,4.81505889829661,0.178817147233655,0.672391742219492,0.999580718477448
DUSP23,-0.13149783576203,6.11660349101486,0.178804311191547,0.672402816516205,0.999580718477448
SMARCAD1,0.163092663441447,5.18889081126836,0.178417925020458,0.672736390795163,0.999580718477448
URB1,0.235805167163255,4.31083257666635,0.178359118191302,0.672787197122511,0.999580718477448
TRMT61A,0.279767342219797,4.14389192042228,0.178253356971037,0.672878594671344,0.999580718477448
BLVRA,0.206431804330172,4.8913488246637,0.178199529604901,0.672925123888554,0.999580718477448
CCDC32,0.128422609742279,5.50138089158432,0.178173670497742,0.672947479849528,0.999580718477448
CXXC5,0.231549548170435,4.64216635492674,0.178166799635854,0.672953420233714,0.999580718477448
NAGPA,-0.21892695479728,4.3720295469512,0.17813142814602,0.672984003720488,0.999580718477448
EIF3F,0.0516793761443101,8.02081653809651,0.17809799637318,0.673012913345499,0.999580718477448
ZCRB1,0.0878913958379121,7.02907984341183,0.177927338686748,0.673160536853022,0.999580718477448
ZNF28,0.323523147484104,3.99355889377054,0.177367151841128,0.673645700527683,0.999580718477448
MYBBP1A,-0.24512874342743,4.2407843940812,0.177321323083515,0.673685431555334,0.999580718477448
GTPBP10,0.22640302611665,4.96056546888424,0.177190233765923,0.673799112211778,0.999580718477448
UNKL,-0.265303538694359,4.74604038153948,0.177113632390604,0.673865563841195,0.999580718477448
ZKSCAN8,-0.229362744029697,4.30707312504232,0.176996000349101,0.673967642479801,0.999580718477448
INTS9,-0.208555079307529,3.91485305710691,0.176541879034621,0.674362094502272,0.999580718477448
SUMF2,-0.131033416521082,6.39710644568587,0.176526755020911,0.674375241561444,0.999580718477448
POLR1E,-0.208896710033311,4.77566946753961,0.176522674832494,0.674378788516375,0.999580718477448
PRKAB1,0.358992453372385,4.3432277517924,0.176359098184482,0.674521027328307,0.999580718477448
DDB1,-0.116203442645992,5.91026696953017,0.176322944406504,0.674552475478941,0.999580718477448
RAB22A,0.100444069109954,6.16605664701204,0.17606872834916,0.674773710978895,0.999580718477448
FLVCR1,0.224632394358628,4.54666289257289,0.175951988811654,0.674875368323983,0.999580718477448
RCN2,0.102685576517272,6.3740559491219,0.17583596756903,0.674976439474006,0.999580718477448
TNRC6B,0.0579915577507609,8.04445945157513,0.175823707942757,0.674987121657781,0.999580718477448
PRR14,-0.14630937296768,5.12824404805905,0.17579082384465,0.67501577673142,0.999580718477448
MED26,0.257484151227453,4.17686674925152,0.175733476872892,0.675065756197511,0.999580718477448
SEC61A1,0.128979694895081,5.8051215136526,0.175605889159227,0.675176986811152,0.999580718477448
TOMM6,0.209562180214079,7.6498733783293,0.175208943240097,0.675523347243828,0.999580718477448
MATR3,0.217177326236395,5.25190580212054,0.174924837251419,0.675771530908789,0.999580718477448
IRF7,-0.182576657638921,6.31478941140523,0.174676375619098,0.675988771258827,0.999580718477448
CLASP1,-0.185678183042512,5.0452217221839,0.174650381224124,0.676011509725784,0.999580718477448
FAM200B,0.107118127214973,6.15241540065889,0.1746238629605,0.676034708492501,0.999580718477448
UIMC1,-0.132690437980487,5.64149685740965,0.174441370488542,0.676194413105353,0.999580718477448
PFDN2,-0.0702732702392576,7.42479285137093,0.17433279224531,0.676289479725554,0.999580718477448
MXI1,-0.174524943144536,4.87841667892483,0.174157572052732,0.676442968629439,0.999580718477448
PIK3CD,-0.0932481907369968,6.50627828160834,0.174089682989131,0.676502462273137,0.999580718477448
CDC42SE1,0.0825370605587304,7.65600618074278,0.174010319415789,0.676572028714822,0.999580718477448
DSN1,-0.263370456124967,4.10403500580246,0.173960868369553,0.676615384635675,0.999580718477448
YWHAG,-0.125295341546359,5.74333112831313,0.17391531069048,0.676655333472049,0.999580718477448
TRIM34,-0.352377174411679,3.90204365919796,0.17368452988478,0.676857796076082,0.999580718477448
DIS3L,0.18173414595115,4.7640488856823,0.173668693774257,0.676871694787061,0.999580718477448
PPP1R3F,-0.315297002765309,4.06806592887774,0.173642663927835,0.67689454174201,0.999580718477448
SLC35A4,-0.175703198205555,4.88498066328716,0.173387630862631,0.677118496120259,0.999580718477448
P2RX7,0.479256881715147,4.28943186211894,0.173384329348325,0.6771213965742,0.999580718477448
METTL17,-0.156745528305065,5.52160536659301,0.173295765072639,0.677199214361311,0.999580718477448
ITGB2,0.106763136377105,8.01918520487424,0.173214445747652,0.677270686856736,0.999580718477448
SH3BP5,-0.118228705304608,5.82821513583206,0.173063226177906,0.677403647837,0.999580718477448
KLHDC2,0.119258461646494,5.76254382166445,0.172958766094347,0.677495534975357,0.999580718477448
TXK,-0.267240625537353,4.52768127801554,0.172893749020183,0.677552742948196,0.999580718477448
RNF40,0.223750845693648,4.63311336950409,0.172850744870852,0.677590588867423,0.999580718477448
RFNG,0.137762494485365,5.29490238741989,0.172684034068721,0.677737355379629,0.999580718477448
BIRC6,0.116310074214294,7.07835765209472,0.172496256262027,0.677902768088953,0.999580718477448
ITPRIP,-0.322673470805738,4.05252712889463,0.172454020492394,0.67793998794831,0.999580718477448
UTP15,0.282149685230397,3.97897780218433,0.172340336779616,0.678040197166164,0.999580718477448
PBX4,-0.168566508626367,4.84957317503746,0.172328892911369,0.678050286782912,0.999580718477448
PHKG2,-0.150467895124998,5.03455366445607,0.172312762157721,0.67806450931252,0.999580718477448
GUCD1,-0.176057145031248,5.018374446111,0.172282307508198,0.678091363388047,0.999580718477448
C18orf32,0.150094438865404,7.11785455849489,0.171799419097654,0.678517533474865,0.999580718477448
KBTBD6,-0.236511477831607,4.0770038729437,0.171741693916919,0.678568525411343,0.999580718477448
TMEM209,-0.16614148586338,5.1516100625903,0.171543779565686,0.67874343068778,0.999580718477448
LMNB2,-0.179656958285521,4.59490942088932,0.171532255003688,0.678753619071526,0.999580718477448
HINFP,0.286222522876923,4.56713985385661,0.171314590818149,0.678946122231037,0.999580718477448
COX20,-0.0770376370558488,7.0939166647127,0.17116273417792,0.679080509753745,0.999580718477448
HAUS3,-0.132474975265296,5.50399782788619,0.170900948135561,0.679312344758794,0.999580718477448
ZBP1,0.157063441326933,5.56329792782397,0.170771264636219,0.67942726813443,0.999580718477448
TES,0.106361826980756,7.11460915819502,0.170722091089976,0.679470858277574,0.999580718477448
C2orf69,0.20128969134821,4.61856497015386,0.170660957444504,0.679525060761581,0.999580718477448
ATP5PF,-0.0583302113546492,8.27242363320994,0.170626107984839,0.67955596417318,0.999580718477448
LCORL,-0.186239961783791,5.00730134563361,0.170593864383793,0.679584560081342,0.999580718477448
ELOA,0.267602675270207,5.35071573769633,0.170513347590862,0.679655981889254,0.999580718477448
CMC4,-0.210565710747406,4.74342556004868,0.170499181304992,0.679668550027021,0.999580718477448
TMEM175,-0.216835059450104,4.58818321424258,0.170353031273567,0.679798248054288,0.999580718477448
WARS2,0.282804160844168,4.11640992570854,0.170352950659924,0.679798319611277,0.999580718477448
TOP2B,0.110927261634192,6.33299428700535,0.170058269046082,0.680060027333488,0.999580718477448
LMTK2,-0.236582331345636,4.1292887863354,0.169882165092533,0.680216552512809,0.999580718477448
MARK3,-0.0990532421781116,6.36868971322926,0.169810317700769,0.680280439360892,0.999580718477448
GTPBP2,0.247405163200762,4.1998547791878,0.169726635000973,0.68035487012387,0.999580718477448
MFN1,0.196781367137998,5.10991134955063,0.169690449745879,0.680387061393947,0.999580718477448
DOCK10,-0.106440391553079,7.15864332169396,0.169210132858643,0.680814743638991,0.999580718477448
ZBED4,0.191419153128258,4.82559255712239,0.169087916197729,0.68092368066007,0.999580718477448
GOLGA8A,0.246438153176577,5.59680451611246,0.168776025392958,0.681201891247357,0.999580718477448
FBXW4,-0.141812601642306,5.55855192645997,0.168656945226708,0.681308191531794,0.999580718477448
TMEM147,0.0940519807487239,6.83202876515676,0.168596747930263,0.681361945043374,0.999580718477448
NFKBIB,-0.129300296091694,5.30730819893946,0.168583840453769,0.681373472306516,0.999580718477448
GPR107,0.200208906482324,4.72979968880025,0.168223432801629,0.68169554953539,0.999580718477448
ZNF490,-0.279768027216695,4.19383531433198,0.167534785823531,0.682312079450779,0.999580718477448
NUP160,0.134689911787818,5.3064829313197,0.167449421031688,0.682388607605043,0.999580718477448
DYRK1B,-0.155974395902758,4.43033923018748,0.167387188286293,0.682444412607987,0.999580718477448
SNHG30,-0.25072605210338,4.42086506366745,0.16721741731776,0.682596710297557,0.999580718477448
C10orf88,0.337192071960871,3.91724794403394,0.167086480971406,0.682714231976205,0.999580718477448
SMCO4,-0.196173261410701,5.03686006952917,0.167083422617162,0.68271697763868,0.999580718477448
TRPC4AP,0.123753419210564,5.45262583021313,0.167055574425439,0.682741979929433,0.999580718477448
STAT2,0.129365456579459,5.51943863987855,0.166913132373265,0.682869903395374,0.999580718477448
WDR18,0.176962765513301,5.00183729439543,0.166912166919847,0.68287077066102,0.999580718477448
SMC4,0.149507859854173,6.33459696927771,0.166855784091533,0.682921424365428,0.999580718477448
LINC01871,-0.12584282289176,8.64364086746516,0.166706033137034,0.683056007455428,0.999580718477448
FOXN3,-0.0967249232946273,7.15936694622871,0.16668610930612,0.68307391857113,0.999580718477448
PPM1F,0.196382662889425,4.46174071260174,0.166652488121631,0.683104146159103,0.999580718477448
COG7,0.293225224718318,4.19642947331728,0.166598969161553,0.683152270454671,0.999580718477448
PSMB9,-0.0431157670042995,8.57551964082539,0.166332345399612,0.683392153234826,0.999580718477448
NDUFS6,0.0773963808451751,7.68531051066962,0.166017857298622,0.683675388220674,0.999580718477448
PIK3CA,-0.185683930883431,5.0879723636615,0.165987527441654,0.683702720499093,0.999580718477448
ATP11A,-0.188305344153932,4.71729865515298,0.165916650960437,0.683766603427538,0.999580718477448
LDHB,0.0838904331567836,8.18695230524115,0.165860214269852,0.683817482752335,0.999580718477448
HAUS2,0.15714871951522,5.01221091559511,0.165742258376945,0.683923856032788,0.999580718477448
SUMO1,0.0828182888994613,7.08076701943622,0.165701186773084,0.683960904990536,0.999580718477448
CIAPIN1,-0.194573903339737,4.70291405618132,0.16561992638606,0.684034222324619,0.999580718477448
PSMD7,0.0871886881233342,6.93334459941922,0.165001404375113,0.684592973237685,0.999580718477448
DAZAP1,-0.103487320102536,6.24284292135598,0.164517425701549,0.685031033893223,0.999580718477448
ASXL2,0.105409243111873,6.41581187696671,0.164407993989887,0.685130187135529,0.999580718477448
ATP5ME,0.0736117418228322,8.51584406108206,0.164338173149604,0.685193470072545,0.999580718477448
PPIP5K2,0.135442703856949,5.88011879963835,0.164139319638354,0.685373789097623,0.999580718477448
POLR1B,-0.232024291138005,4.05305768813849,0.163884250200596,0.685605270600492,0.999580718477448
ALKBH6,0.201266983951169,4.57327876680146,0.163701615654507,0.685771144575034,0.999580718477448
DDAH2,0.134844216516633,5.94582039204874,0.163528087258397,0.685928847867633,0.999580718477448
CCDC167,0.177766844094055,7.47651955535659,0.163332582727397,0.686106639833814,0.999580718477448
EPS15L1,-0.255219655775855,4.83815996285921,0.163330084334028,0.686108912675478,0.999580718477448
CDK10,0.181096602569862,5.13017363482498,0.163328527361564,0.686110329096721,0.999580718477448
ZNF527,0.232606708846821,3.85049064313497,0.163185821744426,0.686240185737009,0.999580718477448
SLC20A1,0.144585030146096,6.18454144367904,0.163022997918542,0.686388429869148,0.999580718477448
STK32C,-0.233425706521919,4.53977020010656,0.162988687847234,0.686419678704245,0.999580718477448
RETSAT,0.22398595901079,4.14197343954576,0.162900180495779,0.686500306858052,0.999580718477448
SYNJ2,0.214939586795878,4.38398246022144,0.162852580702019,0.686543679704677,0.999580718477448
ARFGAP3,0.107289180533975,6.35816844776694,0.16281727443773,0.686575855470798,0.999580718477448
ZNF281,-0.133445962702761,5.30565874859568,0.162796956983021,0.686594373278045,0.999580718477448
MPLKIP,-0.0943135987246274,6.38835698622698,0.162770737448864,0.686618272365586,0.999580718477448
ETFB,-0.125512924722109,6.74597960035093,0.162638564201416,0.686738782282438,0.999580718477448
RGS2,0.216611296076526,5.85657401659156,0.162535879289097,0.686832445298152,0.999580718477448
HOXB4,-0.206513565065355,4.77561514582683,0.162518436551405,0.686848358934202,0.999580718477448
HPS3,0.131438386774439,5.68350710907618,0.162486103204701,0.686877860433656,0.999580718477448
HEBP1,0.177417638175335,4.68606328177226,0.162312036198103,0.687036740812122,0.999580718477448
ST13,-0.0637892247458935,7.90271556641642,0.1622992966998,0.687048372729867,0.999580718477448
KLHL42,-0.173745708210567,4.89448760161433,0.162224175496878,0.687116973636484,0.999580718477448
CPNE3,-0.126332061892441,6.38158127350915,0.161882646722841,0.687429091692044,0.999580718477448
CCNT1,-0.171409021333546,5.55964416433152,0.161805871228436,0.687499308326173,0.999580718477448
TSFM,-0.176183926948619,5.01073165697849,0.161659046445639,0.687633643918172,0.999580718477448
APPBP2,-0.152034274919172,5.19428998669304,0.16165815255858,0.687634461986522,0.999580718477448
IAH1,-0.101642515682275,6.76394136460241,0.161627855936612,0.687662190429605,0.999580718477448
PLEKHJ1,0.0946487896188746,6.51352441567627,0.161408896194846,0.687862679234206,0.999580718477448
SUMO4,0.2020811086562,4.6639263340467,0.161363712735096,0.687904070777559,0.999580718477448
TMX1,-0.105570911915466,6.31306511583778,0.161229271465716,0.688027269195626,0.999580718477448
STAG1,0.139389580622672,5.91329426228366,0.161133520643521,0.68811504908538,0.999580718477448
ITGA6,-0.226683640548261,4.29465333768253,0.161066619644185,0.688176398775444,0.999580718477448
SMAD7,-0.0987059767592557,6.55339132254948,0.160918098186861,0.688312649117797,0.999580718477448
NUP54,-0.152747202656921,5.50825284859949,0.160373481789332,0.688812893809217,0.999580718477448
TNFAIP1,-0.260741658166656,4.07128532236919,0.160330071814222,0.688852809419117,0.999580718477448
TFRC,0.145928228702682,5.96675722487535,0.160329313530927,0.68885350671873,0.999580718477448
DHRS1,0.186643239628373,4.76864530416312,0.160224864666137,0.688949573744591,0.999580718477448
TWF2,0.144235533071204,6.90619743982097,0.160160855128472,0.68900846458386,0.999580718477448
ETV3,-0.170207017650519,4.78802307530384,0.159988816548051,0.689166813316612,0.999580718477448
SVIP,-0.138681765944387,6.44765018816079,0.159987252513981,0.689168253346689,0.999580718477448
VPS33A,0.136299623770064,5.42747017634883,0.159926509552196,0.689224186637673,0.999580718477448
CFAP298,-0.119694041183856,6.31461583417663,0.159900131217894,0.689248480153819,0.999580718477448
PRR7,0.253129257038599,4.28149758120325,0.159871189421338,0.689275137202508,0.999580718477448
UNC45A,0.187749888292345,5.31299136262998,0.159765911512549,0.689372127785785,0.999580718477448
ARHGDIA,0.0636266315293067,7.72648698585064,0.159402052179329,0.689707630311444,0.999580718477448
DMAC2,0.17136349793793,4.79583895951301,0.159358818359349,0.689747524271708,0.999580718477448
MEAF6,-0.0701503053088212,7.20624739619016,0.159344222344791,0.689760994144835,0.999580718477448
TMPO,-0.0921274342160385,6.91120784269788,0.159260761056755,0.689838029798465,0.999580718477448
LRWD1,0.202268919275217,4.38914803507051,0.159131179532029,0.689957681302123,0.999580718477448
SDF2,0.167651302775727,6.12188695779756,0.158906180237388,0.69016557279275,0.999580718477448
ANKRD26,-0.192437047795667,4.71643021033685,0.158792668463038,0.6902705184445,0.999580718477448
RNF14,0.193727526471934,4.94932644773047,0.158748566438495,0.690311304051033,0.999580718477448
DUSP4,0.143589857368311,6.23837354270178,0.158412293562664,0.690622505688461,0.999580718477448
PFDN1,0.105780579291324,6.26926643185559,0.158409212100045,0.69062535917733,0.999580718477448
HK1,0.134933564066052,5.73536797998242,0.158316073223663,0.69071162259973,0.999580718477448
TRAPPC2,0.112954304234271,5.98318282210695,0.158282827083792,0.690742421648404,0.999580718477448
RNF19B,-0.186094843380108,4.62362179399481,0.158239724558085,0.690782357178713,0.999580718477448
FGD5-AS1,-0.120978360741712,5.90003486772309,0.158170618085926,0.690846399142051,0.999580718477448
ZNF330,0.142842743133686,5.23474936813602,0.158121879076596,0.690891576028453,0.999580718477448
FAM174C,0.220112708998476,6.58471295489003,0.157872125668032,0.691123202659687,0.999580718477448
TSPYL1,-0.133455335987893,6.26282350737149,0.15770764580493,0.691275860670443,0.999580718477448
NFKBIZ,-0.160397892946338,6.11310803749088,0.157518169616784,0.691451832693979,0.999580718477448
MRPL15,-0.190837954136334,5.08364464306372,0.157392159384358,0.691568929885387,0.999580718477448
CAMK4,-0.140931911222412,6.85970604472748,0.15725244369964,0.691698826547643,0.999580718477448
CAST,-0.0928901766703043,8.737301269285,0.157096805009669,0.691843605822042,0.999580718477448
TRMT61B,0.233468935694496,4.27260478652829,0.157037469074872,0.691898823545511,0.999580718477448
ATP6V0C,0.194973500879757,7.68260471705007,0.156826475230758,0.692095271185919,0.999580718477448
STOML2,0.129268296858828,6.00718664629386,0.15682300967352,0.692098499098693,0.999580718477448
KLF16,0.221275733573317,4.67187186343569,0.156736737373011,0.692178868730271,0.999580718477448
STX1A,-0.244557974006758,4.07434999099167,0.156616601146022,0.692290827983064,0.999580718477448
SET,0.0454655526777569,9.26501685374686,0.156497689154504,0.692401695246645,0.999580718477448
FLCN,0.168701572639595,4.80148166351609,0.156349897969451,0.692539555860692,0.999580718477448
RPL39L,-0.223721101463675,5.23897438622585,0.156221976952953,0.69265894229091,0.999580718477448
CTSD,-0.110380390381369,7.23044052117328,0.156199349762957,0.692680065730489,0.999580718477448
TUBGCP2,0.131499840327089,6.00224919212726,0.156167789023966,0.692709531970835,0.999580718477448
FRAT1,0.216346782453933,4.16607111530043,0.156108817925688,0.692764598734621,0.999580718477448
NIPSNAP2,0.12759820254402,5.57674585163489,0.155879538915963,0.692978812065725,0.999580718477448
CRTC2,-0.182851013290779,4.70352029600993,0.15579158127873,0.693061038428538,0.999580718477448
PDP1,-0.166060964723165,4.94824233982221,0.155727585913986,0.693120880750237,0.999580718477448
MIOS,0.170899199758875,4.66807561390059,0.155553909876913,0.693283357555837,0.999580718477448
RAB29,0.129528129022837,6.10440654801955,0.155529440329028,0.693306257645344,0.999580718477448
CHPF2,0.191832009203722,4.70587322291889,0.155527494320532,0.693308078927674,0.999580718477448
PPP2R5B,-0.273470743433306,4.00412517764319,0.155453455108756,0.693377382501941,0.999580718477448
ACTR5,0.289022892182443,4.15915297378327,0.155447472427639,0.693382983356183,0.999580718477448
TMEM204,-0.236407339558322,4.77047386080786,0.155388232969148,0.693438448754724,0.999580718477448
KRTCAP2,0.0864701568837238,8.57429819066875,0.155062330772696,0.693743806858119,0.999580718477448
HIPK3,-0.126003497583305,5.66310053005372,0.155033863321025,0.693770497386516,0.999580718477448
GSK3A,-0.125948056217881,5.7562253026096,0.154991358355289,0.693810354483287,0.999580718477448
EXOSC7,-0.127946491298741,5.36371352041215,0.154911868681105,0.693884909250729,0.999580718477448
METTL2B,-0.158424235473695,4.93243195121842,0.154835939227189,0.693956145456874,0.999580718477448
HELQ,-0.184826665036237,4.75038209859713,0.154647942262431,0.694132609050988,0.999580718477448
LST1,0.191374111215719,4.91378936388985,0.154569759312313,0.694206032040288,0.999580718477448
WASHC5,-0.163038884136684,4.83041233750861,0.154418399056745,0.694348238082472,0.999580718477448
MRM3,0.200440215544201,4.41000333249395,0.154390087983547,0.694374845843264,0.999580718477448
POM121C,-0.159848036135348,5.31189366147366,0.154358645414485,0.694404399996968,0.999580718477448
KCTD9,-0.132250016483191,5.41165620774243,0.154089171937772,0.694657831727028,0.999580718477448
GNPDA2,0.200705827661058,4.40984051538791,0.154088768983232,0.694658210885135,0.999580718477448
CCDC9,0.199834790789007,4.3096560005204,0.153841869516192,0.694890637394187,0.999580718477448
USF2,0.0793410858200754,6.68532002041104,0.153775201368367,0.694953434429491,0.999580718477448
RPS4Y1,0.170488130687695,8.32945600039853,0.153662336717316,0.695059781360527,0.999580718477448
TIMM17B,-0.0987755599608343,6.12335379446976,0.153435608078591,0.695273553097635,0.999580718477448
DGAT1,-0.164510127987075,4.96570072854552,0.153422572834019,0.695285848951443,0.999580718477448
SYNGAP1,0.224512839119069,4.38037818800412,0.153222585858828,0.695474567752903,0.999580718477448
MRPL47,-0.110449007360358,6.13336681533182,0.153158536203453,0.695535038586406,0.999580718477448
POLR2L,0.0588793995131952,8.24932550965592,0.152807409209544,0.6958668054333,0.999580718477448
KIAA0753,0.228239944622038,4.06356175754441,0.152769573708994,0.695902581008888,0.999580718477448
TCEAL4,0.177131174834191,4.84393020907429,0.152664922612892,0.696001561061504,0.999580718477448
HMGN2,0.072568939840332,8.50373537936424,0.152630959348043,0.696033692261389,0.999580718477448
MAGED2,-0.0984875204065793,6.29895294594698,0.152547013231741,0.696113127793257,0.999580718477448
CARD11,0.135999691642689,5.51803364356227,0.152541247702401,0.696118584454142,0.999580718477448
MTA2,0.20354498668307,4.81044521664601,0.152537385991668,0.696122239353433,0.999580718477448
MAFK,-0.236473810421168,4.38859786858809,0.152436221269134,0.696218005265228,0.999580718477448
PRDM8,0.274150028736475,3.94246367766549,0.152423612740096,0.696229943487112,0.999580718477448
UBE2N,-0.0918156764611272,6.90719423522125,0.152338665006095,0.696310389980371,0.999580718477448
FMR1,0.166623349473458,5.84964465686369,0.152201234161705,0.696440593340326,0.999580718477448
IL12RB2,-0.252030172060041,4.16474252655932,0.152196870426057,0.696444728696501,0.999580718477448
FANCF,0.156621310357317,4.80758218958508,0.152150745686292,0.696488443639776,0.999580718477448
RUVBL2,0.216240289100693,4.71439007436014,0.152133907828567,0.696504403702292,0.999580718477448
C6orf226,0.150550387210166,5.18693590347986,0.151996808755756,0.696634393383294,0.999580718477448
BAZ2A,-0.103275008241191,6.30432398831152,0.151860296817528,0.696763893495394,0.999580718477448
MTF2,0.108688596122252,6.10235272823466,0.151812609036488,0.696809147632722,0.999580718477448
FBXW11,-0.128814778055945,5.89614894350836,0.151786480485237,0.696833946241057,0.999580718477448
EXT2,-0.181532078774713,4.45839707918533,0.151694852365946,0.696920929922248,0.999580718477448
RECK,0.27149669995202,3.99906487602515,0.151693350928724,0.69692235550667,0.999580718477448
CDC14B,-0.25251820843231,3.88907512798028,0.151626999783176,0.696985362699158,0.999580718477448
CRK,-0.131718596297177,5.49957385664593,0.151334260159095,0.697263538585608,0.999580718477448
MEN1,0.162591908004086,4.25640872371855,0.150980565910552,0.697600050159203,0.999580718477448
GRHPR,0.133012964986029,5.65202166062842,0.150660712381082,0.697904755879019,0.999580718477448
PDLIM2,-0.110073208502632,6.37809987497865,0.150556940915727,0.698003692829194,0.999580718477448
TLK2,0.12049466379046,5.66822601316551,0.150498413814352,0.698059510567304,0.999580718477448
SHOC2,-0.0927792159959272,6.58824149452924,0.150430357360822,0.698124432224725,0.999580718477448
CEBPG,0.107198173026002,6.23269596968255,0.150130802983018,0.69841038963257,0.999580718477448
GNPTG,-0.157790155888716,5.32593175011185,0.150090077378687,0.698449292005009,0.999580718477448
INSIG1,0.11358380807409,5.78249150868658,0.1500005173257,0.698534863928939,0.999580718477448
RASGEF1B,0.194796643658969,4.65624055998716,0.149969999914033,0.698564029104121,0.999580718477448
POC5,0.174608770312816,4.51971032303617,0.149917066355121,0.698614625253643,0.999580718477448
TMC8,0.118114496552877,6.64807698230637,0.149853803426227,0.698675108130249,0.999580718477448
TBCE,0.171720298327282,5.03934336449281,0.149740582794928,0.698783390003785,0.999580718477448
RNF4,-0.125000433088128,5.98402570461057,0.149735862045402,0.698787905853138,0.999580718477448
TTC9,-0.24654317067606,4.5055711276256,0.149688480439231,0.698833235434333,0.999580718477448
MEX3C,0.143342280979477,5.41717818372121,0.149508149648939,0.699005831845563,0.999580718477448
VAMP3,0.159391825170761,4.94358274377162,0.149406081477135,0.699103575350995,0.999580718477448
UBAP2L,0.14654708553899,5.42152044296492,0.149219494511387,0.699282355802305,0.999580718477448
SIPA1L1,-0.190186890847513,5.70512459940074,0.149192008226777,0.699308702956081,0.999580718477448
NUP62,0.142067437305028,5.47044594182116,0.148931122756959,0.699558915372212,0.999580718477448
ZNF37A,0.160984565095702,5.41570585875968,0.148913266796358,0.699576050033635,0.999580718477448
EIF6,0.122499987755935,6.7147003222879,0.148709091445026,0.699772061595729,0.999580718477448
ANXA11,0.0573184340439165,7.30368220395785,0.148684642736983,0.699795543102258,0.999580718477448
NTMT1,0.125105137680808,5.59928664048489,0.148630841344431,0.699847223898953,0.999580718477448
CRACR2A,-0.187964680715942,5.24872021715737,0.148576584909105,0.699899352684588,0.999580718477448
BCL2L1,0.11137708407653,5.78140433766737,0.148534843404943,0.69993946474934,0.999580718477448
PNPLA2,-0.110584011144942,5.70176060678307,0.148269598345578,0.700194506971673,0.999580718477448
THEMIS2,-0.238034220454082,4.44000912661415,0.148092474113891,0.700364963896734,0.999580718477448
ZMYND11,-0.118256099915326,5.79823515510464,0.147980794078372,0.700472500241424,0.999580718477448
ANAPC16,-0.0704047521163543,8.22546313710929,0.147737514455134,0.700706914769881,0.999580718477448
EP300,0.0907307436194396,6.61883159297934,0.147732656564028,0.700711597894895,0.999580718477448
NUDT9,-0.208387127068839,4.58941134060522,0.14741261090974,0.701020324577712,0.999580718477448
HMGCL,-0.227754412357771,4.82064514413896,0.147374502546427,0.7010571107847,0.999580718477448
HMGN3,-0.079073257244658,6.9173870056544,0.14735863904243,0.701072425518603,0.999580718477448
RPL27,0.048428042568605,10.3387476117106,0.147258479113933,0.70116914243481,0.999580718477448
HIPK1,0.136946196332208,6.9892969183591,0.14718391746249,0.701241165522667,0.999580718477448
PES1,-0.188196966380275,4.3269126507781,0.147013006131566,0.701406336923239,0.999580718477448
HNRNPD,0.0691185558427207,7.83295296888185,0.146921736477987,0.701494586463456,0.999580718477448
APEX1,0.171061131831321,6.418403254793,0.14688220641932,0.701532818229152,0.999580718477448
PRUNE1,-0.260164779583327,3.88207762595712,0.146870765810909,0.701543884192466,0.999580718477448
ELF2,-0.0941435917889932,6.40399718751176,0.146797673867796,0.701614594266398,0.999580718477448
IGSF8,-0.167021227957139,4.97488430931631,0.14679647197034,0.701615757165952,0.999580718477448
RNF167,-0.0779069539285784,6.69499937358784,0.146680539888631,0.701727953276402,0.999580718477448
PCIF1,-0.146881569388823,5.35410805276705,0.146639030648897,0.701768137220038,0.999580718477448
SLC5A3,0.145954864011686,6.30888093887218,0.146602704626265,0.701803308786114,0.999580718477448
SNRPD3,-0.0747035536936656,7.10189908408513,0.146145570117151,0.702246343039406,0.999580718477448
GXYLT1,0.208226315429202,4.80190175762257,0.146126393061467,0.702264945928189,0.999580718477448
SNX1,0.115720843673005,5.78916905611257,0.14608565582536,0.702304468122149,0.999580718477448
IST1,-0.104621701096737,6.28375949762879,0.145531645725708,0.702842582222767,0.999580718477448
MRPL18,0.0910731744536786,6.10096115950143,0.145522699935107,0.702851280954226,0.999580718477448
CUL9,-0.14104213389043,4.21195019139309,0.145138801621538,0.703224865966457,0.999580718477448
SEMA4D,0.108258278392333,7.31236130802589,0.145047198979459,0.703314091323923,0.999580718477448
CENPE,0.358776775112304,4.1225311472171,0.144981048002938,0.703378545603833,0.999580718477448
JKAMP,-0.146111835394317,5.58495052647261,0.144823221357854,0.703532392209187,0.999580718477448
ZDHHC24,0.147145426756758,5.44636258839089,0.144694852900912,0.703657594285171,0.999580718477448
STARD9,0.187924974336607,4.71720576296153,0.144634307050755,0.703716668754711,0.999580718477448
CYB561D2,0.0963107080812188,6.10963668691413,0.144271394577912,0.704071058754436,0.999580718477448
RANBP2,-0.103483046780141,6.40890527576835,0.144242232177126,0.704099558448925,0.999580718477448
FGL2,-0.230198812069095,4.27357755003761,0.144189219674049,0.704151374703929,0.999580718477448
NGDN,-0.136405439532269,5.63947987415846,0.144019734978789,0.704317108068234,0.999580718477448
FBXW2,0.1595292493772,5.55556665717067,0.143832868827445,0.704499967535186,0.999580718477448
NBR1,-0.133905972259406,5.89071135796227,0.143815352328149,0.704517115418703,0.999580718477448
DGUOK,0.0973422336550384,6.97015604123711,0.143728435910676,0.704602220447147,0.999580718477448
ZNF92,0.237353129573682,4.7361032198809,0.143641846883298,0.704687034178601,0.999580718477448
PSME2,-0.0753023755757439,8.34275674760973,0.143105020477162,0.705213507849883,0.999580718477448
HNRNPDL,-0.064460081522199,8.25224331233469,0.143093311285288,0.705225003799411,0.999580718477448
RNFT1,-0.202379629714958,4.82099271961121,0.142830668004233,0.705483005351123,0.999580718477448
CABIN1,0.108537845595681,6.19909996611424,0.142589736183854,0.70571991766434,0.999580718477448
BBS7,0.203375745499707,4.58047078657994,0.142481751762116,0.705826174785267,0.999580718477448
RNF7,-0.0779997464091873,7.44545572153377,0.142149767027577,0.706153137544461,0.999580718477448
RAB10,-0.0882950399499332,6.40856601849163,0.142086836546648,0.706215165221604,0.999580718477448
KIF20B,0.17905435241289,6.05784403222551,0.14188451519064,0.70641469042351,0.999580718477448
PDIA3,-0.093152641749062,7.94162288078054,0.141761253561754,0.706536328172558,0.999580718477448
MANF,-0.173286172146098,6.84753535491219,0.141549883162977,0.706745054544607,0.999580718477448
FTH1,0.054671311353382,10.0343505457749,0.141530967180092,0.706763742578701,0.999580718477448
NUP88,-0.0986705587560592,4.916066349951,0.14142208634987,0.706871339059336,0.999580718477448
ARHGAP27,0.180199133856941,4.6183590423213,0.14135118765882,0.70694142685261,0.999580718477448
SHLD2,0.170961045675598,5.35372833991988,0.141327289235193,0.706965056460899,0.999580718477448
SNHG32,-0.279597050931023,7.41633767013062,0.14124780156115,0.70704366644686,0.999580718477448
AHSA1,0.0897930647408165,6.31416205107609,0.141193920006447,0.707096967407818,0.999580718477448
RPL26L1,-0.155854137415419,5.59793463216984,0.141126500444068,0.707163676848596,0.999580718477448
GABPA,-0.186092802638522,5.13036880176015,0.141105211879736,0.707184744960386,0.999580718477448
SH3BGRL3,0.0478814902805904,11.2015954111747,0.140963151920293,0.707325380275952,0.999580718477448
JAKMIP2,-0.158735825898138,5.02751427145796,0.140954461294662,0.707333986371924,0.999580718477448
TXN2,0.0947284042849079,6.21963410341279,0.140930712421707,0.707357505794624,0.999580718477448
GHDC,-0.22899599982362,4.54380777543822,0.140922091597137,0.707366043888232,0.999580718477448
GSK3B,0.134892855136679,5.44229001659136,0.140847666142124,0.707439767501836,0.999580718477448
EIF2S3,-0.114801596402882,7.54572057895829,0.140696173544889,0.707589900184073,0.999580718477448
ASCC2,-0.148734722266017,5.52117045554971,0.140662666849355,0.707623118547576,0.999580718477448
SCAP,-0.162819414237342,4.7958947809084,0.140430133401626,0.707853775426606,0.999580718477448
LEF1,-0.225580423324024,5.00909780219758,0.140330672194786,0.707952500471209,0.999580718477448
SFR1,-0.231164337836752,4.2747262233271,0.140324420044963,0.707958707678337,0.999580718477448
LINC00467,-0.309815211366745,3.8750635308861,0.140285647738875,0.707997204796677,0.999580718477448
RIC8B,-0.176369255644953,4.45199333091225,0.140264296630408,0.708018406955048,0.999580718477448
VMA21,-0.109288741025687,6.36650245953685,0.140213302560348,0.70806905272557,0.999580718477448
GAS7,0.262814092402655,4.58123351342996,0.140161407579281,0.708120604035748,0.999580718477448
SMIM7,0.0818442714282501,6.61884873418713,0.139828545075511,0.708451521187179,0.999580718477448
FTX,-0.114301984894106,6.88460240645157,0.139491225708079,0.708787327480278,0.999580718477448
RELB,0.145459547616155,5.18525492389732,0.139468371019771,0.708810096380827,0.999580718477448
CHST11,0.109147709621783,6.31063212029336,0.139210448895069,0.70906719785256,0.999580718477448
PNP,0.148441239273069,5.89258968295864,0.13886809969032,0.709408877207622,0.999580718477448
ESF1,-0.117789777940529,6.2646969929463,0.138803979451692,0.709472925304217,0.999580718477448
IGF2R,0.1224117307358,6.16315590923438,0.13868272352985,0.709594090868257,0.999580718477448
TIGD1,0.208852222217275,3.97902080958496,0.138508566693218,0.709768223499658,0.999580718477448
HGS,0.183964536415902,5.29980210881135,0.138408442601108,0.709868390106901,0.999580718477448
ZC3H3,0.205213936466835,4.36110357439859,0.138373144530934,0.709903712998629,0.999580718477448
RPL7A,-0.0400666509326301,11.264727127367,0.138255635629765,0.710021341501785,0.999580718477448
NMD3,0.151897058921216,4.97838045100473,0.138075688566282,0.710201582050729,0.999580718477448
MRPL30,-0.184500928642017,4.55519835129925,0.138053964582795,0.710223350505818,0.999580718477448
GMPPB,-0.129781718207699,4.42227487815923,0.138051565522614,0.710225754596673,0.999580718477448
MYEF2,0.220838360007525,4.59490009892239,0.137858849221352,0.710418952720619,0.999580718477448
ZNF107,-0.175456105995524,4.68546955802555,0.137775536274384,0.710502521535852,0.999580718477448
RNF166,-0.0914268558269125,6.62548370921949,0.137584223841284,0.710694530384786,0.999580718477448
RRM1,0.194873247426935,4.88239931157122,0.137567250539215,0.710711572805816,0.999580718477448
ERI3,-0.167478936893964,4.83387834946123,0.137422908142362,0.710856551351782,0.999580718477448
PTBP2,0.177464056827699,4.99959688428557,0.137387362284027,0.710892267156902,0.999580718477448
DLST,-0.136958869672666,5.16155109091371,0.137365513737043,0.710914222770852,0.999580718477448
TFDP1,0.156562566214929,5.35528477327418,0.137310781915827,0.710969231520675,0.999580718477448
TSPAN31,-0.14332182742533,5.1815828518217,0.137299442900636,0.710980629467401,0.999580718477448
DENND10,-0.271226700967365,4.79010274979055,0.137130519177491,0.711150494549656,0.999580718477448
PRR14L,-0.132979538964507,5.7112964001748,0.136907139502124,0.711375301831088,0.999580718477448
EVI2B,0.0534074820457338,8.01287444842452,0.136873608973023,0.711409064646218,0.999580718477448
CYP51A1,-0.166139679497468,6.10035456943792,0.136817120061984,0.711465955523702,0.999580718477448
ZNF548,-0.202543244632291,4.31736143988139,0.136799367146995,0.711483837522988,0.999580718477448
IFNG,-0.160561051653793,8.62465418150486,0.136662630129484,0.711621613002632,0.999580718477448
ECHDC1,-0.121867503390737,5.9625695197498,0.136547825985167,0.711737349552973,0.999580718477448
UBE2J2,-0.149382867352239,5.93999919351273,0.136435971673713,0.711850165508867,0.999580718477448
IKBKE,0.20733078365487,4.44961954568417,0.136375837409671,0.711910838487748,0.999580718477448
RASA3,0.156358748769967,4.92443238701969,0.136355003785674,0.711931862295906,0.999580718477448
SNAP47,-0.116900101436989,5.40717483875738,0.136241388973227,0.712046546393152,0.999580718477448
SMG5,0.179634785372319,4.73836820354957,0.136209252061633,0.712078995618467,0.999580718477448
CCNL1,0.0992551466486181,8.13599862421888,0.13620705080808,0.712081218423451,0.999580718477448
QRSL1,-0.204763757368486,4.52055125747445,0.136205916649088,0.712082363694424,0.999580718477448
NF1,-0.159390871409534,5.35535155017659,0.136158897430509,0.712129848354982,0.999580718477448
MRPL41,-0.0583617015108121,7.76980113521446,0.13614393026617,0.712144965633397,0.999580718477448
RNF145,-0.100789307279086,6.12132820571483,0.136130729672046,0.712158299407224,0.999580718477448
UBE2V1,0.114007183353925,7.4559991924221,0.135777314277705,0.712515553784377,0.999580718477448
ESRRA,-0.128778716143606,5.24407506826419,0.135764387823881,0.712528630658077,0.999580718477448
KIAA1586,0.18688694523824,4.55527197587691,0.135752435273082,0.712540722925014,0.999580718477448
SLC25A19,-0.784150342734701,4.34640846313826,0.135636919346422,0.712657620314262,0.999580718477448
TCIRG1,0.113835233464067,5.88020288807394,0.135470647674884,0.712825979725747,0.999580718477448
KLHL5,0.219039713690787,4.42348183150106,0.135288464336854,0.713010585341434,0.999580718477448
CSRP1,-0.164020025484547,5.21803512597321,0.135222968317036,0.71307698666835,0.999580718477448
GALNT4,0.20365121646067,4.6249398896389,0.135220956822096,0.713079026255734,0.999580718477448
IPO5,0.160161276701532,5.34475980784124,0.135181599870705,0.713118936329816,0.999580718477448
AKAP8,0.159703673702635,4.96172570382591,0.134939179897307,0.713364908811244,0.999580718477448
MTHFD1,0.337797662937923,4.72411673331278,0.134867982553239,0.713437197139807,0.999580718477448
PIP5K1C,0.184224423115856,4.52067972045674,0.134469421911364,0.713842265508616,0.999580718477448
TBL3,-0.182025726576458,4.40642855471909,0.134431853183662,0.713880482767704,0.999580718477448
ZFAND2B,-0.0991615468710622,6.11781718709436,0.134367524569205,0.713945935926913,0.999580718477448
FAM168B,0.143534370288415,5.19618640812216,0.134159850367769,0.714157361918417,0.999580718477448
CGGBP1,-0.0687065957035467,7.0743298449809,0.134114608368602,0.7142034458645,0.999580718477448
ATG13,0.152103525964716,4.98757390437096,0.133932060424497,0.714389480596506,0.999580718477448
JOSD2,0.0983520120402542,6.18959593845202,0.133750601924829,0.714574547606907,0.999580718477448
POLR2J3,0.164426968938074,7.30863306672511,0.133746113639074,0.714579126950699,0.999580718477448
ITPR2,0.132965755985956,5.76814849092099,0.133586390215294,0.714742147576159,0.999580718477448
CMTM8,0.233481958312319,4.2571564618692,0.13339312195691,0.714939553294107,0.999580718477448
MAP3K12,0.188001335732163,4.98221464173629,0.133178812770073,0.71515863998633,0.999580718477448
ANAPC5,0.0762328228281983,6.77646618307446,0.133117588572569,0.715221265709647,0.999580718477448
RPLP2,0.0466402797346065,11.7274833154498,0.133066262513736,0.715273779284865,0.999580718477448
METTL2A,-0.181468748653861,4.53817008558056,0.132834358707836,0.715511191749126,0.999580718477448
RAB2A,0.0771028061096051,7.30222028699806,0.132748285338334,0.715599369447803,0.999580718477448
LINC00963,-0.23125596771096,5.19069095414002,0.13254913150082,0.715803516430164,0.999580718477448
ZNF32,-0.120386790276036,5.48451085310932,0.132493005042523,0.715861081449943,0.999580718477448
YLPM1,0.138901974817855,5.43082716527918,0.132433549992919,0.7159220754381,0.999580718477448
SART1,-0.143446322934808,5.43119027883517,0.13231418380163,0.716044578139799,0.999580718477448
PDE4D,0.132196168650746,6.46974817218977,0.132184771505951,0.71617746163095,0.999580718477448
ZNRF1,0.144090465535519,6.08471370764161,0.132023493166443,0.716343169022876,0.999580718477448
REEP5,0.0479241962730647,7.89758785958061,0.132001250124917,0.716366031895666,0.999580718477448
CCDC141,0.284851646637196,4.38034880745788,0.131813184912188,0.716559425005713,0.999580718477448
POLR3GL,-0.0648347312982428,7.12468668624566,0.131683994205135,0.71669236618446,0.999580718477448
FBL,0.0745730874685799,6.58520010049159,0.131526562193015,0.716854468327492,0.999580718477448
ADA2,-0.151555725941562,5.46021153266359,0.13137794186053,0.717007598158802,0.999580718477448
WDR55,0.148817986981726,5.02890116696893,0.131353302842097,0.717032994252605,0.999580718477448
TARS2,-0.181634249499165,4.4650986208035,0.131216881017442,0.71717365665613,0.999580718477448
NFX1,-0.12502495131477,5.39873913128277,0.131167965237252,0.71722411309589,0.999580718477448
USP18,0.336927810829643,4.71369279844587,0.131052864617743,0.717342880941221,0.999580718477448
AKIRIN2,-0.084268179916047,6.53756381982182,0.131023262911016,0.717373435325089,0.999580718477448
BCAS4,-0.155778889863916,5.92984032569446,0.130924664837689,0.717475234763513,0.999580718477448
SLC35B1,0.128657211431042,5.29631083961974,0.130846201898006,0.717556276283533,0.999580718477448
ZBED1,-0.195211506307003,4.86597941962015,0.130748800592333,0.717656916789741,0.999580718477448
DAP3,-0.0854979184209599,6.24706950739736,0.130728486005372,0.717677912305138,0.999580718477448
DUSP1,-0.152905135920772,8.82896604244555,0.130643862384666,0.717765392292346,0.999580718477448
MAD2L1BP,0.171572120620063,4.61651874191201,0.130456094841023,0.717959612158835,0.999580718477448
AQR,0.123067637063584,5.65295458909756,0.130452108028843,0.717963737683853,0.999580718477448
YY1,-0.0929640038127265,7.60434481834358,0.130387468563706,0.718030636091567,0.999580718477448
RPS15A,0.0508588640389791,12.3286253277091,0.13028729181725,0.71813435074034,0.999580718477448
TBX21,0.149461238490422,5.33196787338614,0.129990116949585,0.718442286213541,0.999580718477448
NTAN1,-0.161842253955732,5.75617741118795,0.12977154279519,0.718669028814127,0.999580718477448
GIGYF1,0.126038691676397,5.55496368923579,0.129603053356268,0.718843962245421,0.999580718477448
NOL4L,0.145714421800975,4.95836454824531,0.12920217552486,0.719260688921764,0.999580718477448
COX7A2,0.0401305939102131,8.69040069649131,0.129189005951991,0.719274391536383,0.999580718477448
MED19,-0.12425145122406,5.81967091205798,0.128993832210416,0.719477557501023,0.999580718477448
MRPL27,-0.108126822720787,5.91085216891412,0.128956764198932,0.719516163025365,0.999580718477448
EMG1,-0.113146813118278,5.53411207854497,0.128921264489701,0.719553141069683,0.999580718477448
RAP1A,-0.0621853373023779,7.33847109269446,0.128558720514938,0.719931112175452,0.999580718477448
TDP1,0.153354180945672,4.68262439233406,0.128267675833198,0.720234976984523,0.999580718477448
TMEM129,-0.191438714403752,4.77966099454139,0.128103747490167,0.720406297414653,0.999580718477448
NAA30,-0.156216968297368,4.83109989607065,0.12804197537733,0.720470887119576,0.999580718477448
CIAO1,0.142680870962755,6.07633422893158,0.128037790173767,0.720475263857185,0.999580718477448
SLX4,0.320684621407866,4.11121943777651,0.127940520849741,0.72057700740872,0.999580718477448
DYNC2H1,-0.212799779776546,4.06732812249278,0.127927782068827,0.720590335382817,0.999580718477448
GTF2F1,0.0919607291142636,6.30132365633312,0.127879975678601,0.72064035958696,0.999580718477448
GCLM,-0.108004577069719,5.84229084662878,0.127871360447775,0.720649375613417,0.999580718477448
EIF4H,-0.0912856280700011,6.75013328970611,0.127800570687395,0.720723471612345,0.999580718477448
SP100,-0.0686156786463722,8.36206580647111,0.127736704128881,0.720790340922879,0.999580718477448
ZBTB7A,0.0559140374196431,7.2829649708798,0.127613071832745,0.720919839507714,0.999580718477448
EDF1,-0.0772559596874596,8.63254350992093,0.127568856324102,0.720966170191261,0.999580718477448
PDCD4-AS1,0.250895115502159,3.8296423343303,0.127554627915593,0.720981081181653,0.999580718477448
MAP4K4,0.0979366566641609,6.20157269331033,0.127401946442244,0.721141146322487,0.999580718477448
ADD1,0.0960884756237988,6.69463967124036,0.127387199704415,0.721156611937015,0.999580718477448
EMC6,0.0866273503560702,6.50321175883977,0.127252190703551,0.721298249318795,0.999580718477448
SURF2,0.107186624644499,5.77859748514939,0.12722133982977,0.72133062672943,0.999580718477448
NIPBL-DT,0.269945193973715,3.81003990475051,0.127080376419862,0.721478621501785,0.999580718477448
NOL10,0.154266543934731,4.81813170035204,0.126996809463638,0.721566400524002,0.999580718477448
IMPDH2,-0.115536222014232,5.32603026024435,0.126857277066312,0.721713038413283,0.999580718477448
SLU7,0.0900973321456878,6.35508042253045,0.126815147093133,0.721757331656879,0.999580718477448
THUMPD3,-0.135400510556544,5.22974467635387,0.126800203172278,0.721773044903175,0.999580718477448
CHCHD3,-0.112405431225477,5.50000119797373,0.126705161185514,0.721873004157133,0.999580718477448
ATOX1,-0.155994225758092,6.18761671600383,0.126703178284565,0.721875090098861,0.999580718477448
SIT1,-0.0737191326704779,6.66740738910399,0.126683054273869,0.721896260887469,0.999580718477448
CAB39,-0.0883173259364949,6.69249855362871,0.126553605830917,0.722032488078139,0.999580718477448
RNPS1,-0.0863060291657171,7.02601082424473,0.126319188421881,0.722279380981814,0.999580718477448
PCLAF,-0.274289974294976,4.14097150154575,0.126234792811189,0.722368331221101,0.999580718477448
LATS1,0.12657499645182,5.53453680873788,0.125840923666964,0.722783899977982,0.999580718477448
C17orf75,-0.140722813178195,4.92063951725729,0.125708923881771,0.722923335875825,0.999580718477448
WDTC1,-0.157971026574541,4.78059338293315,0.125690249583579,0.722943068830217,0.999580718477448
ZSWIM9,-0.201758892361602,4.42377072470127,0.125563092225823,0.723077478701563,0.999580718477448
PPP4R2,0.0932792268991041,6.51681386443901,0.125485359449911,0.723159682755104,0.999580718477448
AKAP1,0.161803719797096,4.56882729626218,0.12540520911422,0.72324447344133,0.999580718477448
MRPS22,0.118615257324901,5.33364889331371,0.125396048738886,0.723254166103515,0.999580718477448
PRKCQ,0.13343948739664,5.90180368476025,0.125260057643633,0.723398106192565,0.999580718477448
GIMAP5,-0.122391824945604,6.45867898089345,0.125012570597956,0.723660285197179,0.999580718477448
DGCR6L,-0.0846431006542292,6.13382777397081,0.124996840904626,0.723676958541298,0.999580718477448
ID2,-0.0825150178675962,9.21092816917356,0.124983340879503,0.723691269396825,0.999580718477448
DRAP1,-0.0515119263428933,8.51517440016184,0.124958828867426,0.723717255857436,0.999580718477448
KIAA1328,-0.185610273615741,4.70003752557206,0.124867168951777,0.723814454723057,0.999580718477448
MRPS35,-0.111927236136498,5.52048785118233,0.124645976295881,0.72404917929324,0.999580718477448
R3HDM4,-0.104397141552337,6.13269172073604,0.124461638318664,0.724244973526534,0.999580718477448
KMT5B,0.105413297171768,5.90263961919399,0.124421310157294,0.724287829739654,0.999580718477448
PVT1,-0.135606108935082,5.32749959536238,0.124272213657136,0.724446340496525,0.999580718477448
MOB1B,-0.155589422014672,4.70768384414457,0.124108576912952,0.724620432697127,0.999580718477448
MAPRE1,0.117938806798688,6.43316942323031,0.124055801018228,0.724676608183992,0.999580718477448
RAB3IP,-0.146807936902584,4.96747494106937,0.123783806655933,0.724966336429965,0.999580718477448
ANXA4,-0.182347436504196,5.08192540905933,0.123729603508735,0.725024116328684,0.999580718477448
EPN1,0.121050900280726,5.42610316659611,0.123638660331599,0.725121092612017,0.999580718477448
FAM120AOS,0.110928000267359,5.78852766243457,0.123600094411642,0.725162229068646,0.999580718477448
TRIM28,0.0891228241103475,6.07277325089977,0.123490568083495,0.725279094995774,0.999580718477448
HERC2,0.143568369398097,5.97312083741669,0.123395046599361,0.725381065126535,0.999580718477448
RPL17,0.106467974574942,11.6078723660118,0.123343728173829,0.725435866364052,0.999580718477448
TPM3,0.0717682910979811,9.7070221725167,0.123319911469061,0.725461303780804,0.999580718477448
DBF4,0.109594553450642,5.74611590812894,0.123260677566997,0.725524580480524,0.999580718477448
CASZ1,0.242344881705922,4.21152558780063,0.123144253976667,0.725648999934675,0.999580718477448
ZBTB33,0.169502330401941,4.56458346807197,0.123139768289748,0.725653795015757,0.999580718477448
HIBADH,-0.191794223902829,4.35663443431482,0.122988313443233,0.72581575385697,0.999580718477448
DDX46,0.0553627580949334,8.03362605728791,0.122822445023497,0.725993254442555,0.999580718477448
COPS9,0.0637616924724908,8.02757504242888,0.122786660922274,0.726031565688538,0.999580718477448
PAPOLA,0.0574292554471147,7.67927803099149,0.122588969913323,0.726243331079649,0.999580718477448
SYT11,-0.15000170462619,5.18380243968662,0.122505343282421,0.726332969104169,0.999580718477448
FEN1,-0.174567208991727,4.01367711366656,0.122399905594582,0.726446035006266,0.999580718477448
SLC2A8,-0.162909727270922,4.34727460208502,0.122188546567317,0.726672850167463,0.999580718477448
FAM177A1,-0.0665231533775713,7.05486054902891,0.121880597252524,0.727003713386067,0.999580718477448
MMUT,0.170703659044194,4.04641476670976,0.121868573539903,0.727016641267132,0.999580718477448
USP24,0.129951149426866,5.40815408353614,0.121681355750509,0.727218029972446,0.999580718477448
FDX2,-0.149984660606118,4.6425206079335,0.121520934509446,0.727390732135793,0.999580718477448
SS18L2,0.0889487925594226,6.91829742035723,0.121451475463736,0.727465548225497,0.999580718477448
F11R,0.226614943881067,4.07380126281375,0.121412466584035,0.727507576194731,0.999580718477448
ACADM,0.0974886160902492,5.92969117803568,0.121361207368475,0.727562814126586,0.999580718477448
TTC4,-0.191947874126705,4.38784210981896,0.121240790262222,0.727692629432498,0.999580718477448
ACP1,-0.0824378824184224,6.840069834493,0.121152507693575,0.72778784812431,0.999580718477448
RSBN1,0.0833541640450919,6.71397018841829,0.121131753028696,0.727810239073726,0.999580718477448
DBR1,-0.195625168356168,4.61905493409388,0.12105729285091,0.727890587347071,0.999580718477448
NR2C2,0.139128672910009,5.25648898639659,0.121022376107272,0.727928274746858,0.999580718477448
GGNBP2,-0.0815454239584628,7.1057951981326,0.120954192124271,0.728001886728107,0.999580718477448
CDKN1A,-0.209816883104631,4.39396969839,0.120813447818533,0.728153909008633,0.999580718477448
PCGF5,0.0935178941421292,6.38419869070539,0.120801172778947,0.728167172363381,0.999580718477448
UBE2T,0.182617400532236,4.2131564547747,0.12074897785641,0.728223578154277,0.999580718477448
ATAD3B,0.184102624517711,4.51083159326146,0.120671315830851,0.728307530922501,0.999580718477448
CENPM,0.235891847876349,4.59706477415311,0.120663966524972,0.728315477101283,0.999580718477448
UBE3A,0.0800971182075533,6.68890640499039,0.120623498918463,0.728359236137612,0.999580718477448
WDR45B,0.10069137464521,6.00447077530925,0.120609132705412,0.728374772803953,0.999580718477448
C8orf82,-0.12103504641785,5.18715568484912,0.120490471958339,0.72850314082619,0.999580718477448
YKT6,0.161309952430708,4.78101817835332,0.120226332134081,0.728789143649146,0.999580718477448
MTRNR2L12,-0.107027638758965,7.57550003698976,0.120175051223821,0.728844709895759,0.999580718477448
HNRNPR,-0.0514130381527806,7.71422061132474,0.120166244576674,0.728854253814564,0.999580718477448
EMP3,-0.0774092005754735,9.49645664721939,0.120110996066904,0.728914136538481,0.999580718477448
CLEC2D,-0.0643584927344861,8.47940003033425,0.119875173945484,0.729169912889719,0.999580718477448
PYCARD,-0.0846929656572964,6.82351624587092,0.119748210881136,0.72930773569911,0.999580718477448
UBXN4,0.0504672707272822,8.15203134983571,0.119538035912758,0.729536067844229,0.999580718477448
NMB,-0.209643350140105,3.95222495665557,0.119499679353726,0.7295777622991,0.999580718477448
MED31,0.11890423695107,5.70101413890317,0.118895680132153,0.730235313347323,0.999580718477448
NUGGC,-0.173950452138439,4.63478466085198,0.118876041413923,0.730256724614232,0.999580718477448
CEP63,0.147964283107302,5.20153998180647,0.118853759552131,0.730281019985591,0.999580718477448
SIRT7,0.083019446909947,6.28276815491566,0.118436220275662,0.730736762399402,0.999580718477448
PPP1R12B,0.14038306013514,4.8205615265028,0.118403298640924,0.730772734421189,0.999580718477448
FBXO33,0.134430902689164,5.23735936749397,0.118386235506552,0.730791380758067,0.999580718477448
HACL1,-0.1729316479068,4.73857773416163,0.118365805840488,0.730813707967159,0.999580718477448
PI4K2B,0.178934056094747,4.48417352109638,0.118334453782381,0.730847976250472,0.999580718477448
MRPL39,-0.150914346568558,4.78750981283381,0.118241435791562,0.730949676234695,0.999580718477448
ZMYM2,-0.133124138344574,6.36807030878961,0.118171433506804,0.731026241805674,0.999580718477448
SOCS3,-0.238548681412975,5.29538433664709,0.118169520225369,0.731028334828845,0.999580718477448
IP6K2,-0.121094210125982,5.86300469522152,0.118131262148353,0.731070191008949,0.999580718477448
CAPN10,-0.152194755228946,5.28209453655028,0.11812746745627,0.73107434299807,0.999580718477448
PHF12,0.118167569846195,5.60665700753475,0.118063181964819,0.731144692756795,0.999580718477448
LINC00667,0.142357528819332,5.56209773224018,0.117883132647794,0.731341840782137,0.999580718477448
PDLIM5,0.132270270771624,5.252891924132,0.117850975440595,0.731377069567598,0.999580718477448
PRPF40A,0.0641752091600627,7.43984838528293,0.117835039094432,0.731394530105891,0.999580718477448
MTMR10,-0.18358382463749,4.33838164408293,0.117366557661816,0.731908409091584,0.999580718477448
MBD6,-0.14378364730101,5.41176057460295,0.117363225743489,0.731912067985766,0.999580718477448
SRRM1,-0.0462290122503213,8.58270976137734,0.11723574837681,0.732052098876159,0.999580718477448
RPS25,-0.0460603282400513,11.4846273555731,0.116880619364727,0.732442648839774,0.999580718477448
VPS28,-0.0633298054874314,7.92305995817633,0.116658580246488,0.732687171167057,0.999580718477448
ENOSF1,0.157133983846317,5.20107533713001,0.116580608664725,0.732773099627432,0.999580718477448
GET3,0.190462622390362,5.39284242555966,0.116444002332095,0.732923723807095,0.999580718477448
PPIG,-0.0694975393010209,7.75617802377471,0.116211272790421,0.733180562209082,0.999580718477448
SLK,-0.106698848347614,6.62878667283059,0.116121832399839,0.733279344243131,0.999580718477448
DENND11,-0.305274828222758,4.06617869759831,0.116070099017353,0.733336500326459,0.999580718477448
CDK5,-0.282402791706462,4.14324237476409,0.115935655359935,0.733485102895934,0.999580718477448
AP3S1,-0.1159498886373,6.1474464903944,0.115838222493531,0.733592856990208,0.999580718477448
RAD50,-0.179231595850317,5.51655547175278,0.115771745477279,0.73366640505176,0.999580718477448
HEIH,-0.234508656008618,4.80528507646569,0.115692483106008,0.733754129224344,0.999580718477448
ARRDC1-AS1,-0.194650328471864,4.48190350300103,0.115600032281325,0.733856492177598,0.999580718477448
ZBTB16,-0.110607591015396,4.22296002072368,0.115200902115769,0.73429894005609,0.999580718477448
XKR8,-0.187532195049059,4.14070457477163,0.115098155828171,0.734412975729391,0.999580718477448
MEPCE,0.17961055461331,4.74573540537061,0.115053454453159,0.734462606445958,0.999580718477448
HDHD3,0.147290040370036,4.59613665368686,0.11476424598784,0.734783966787507,0.999580718477448
ZNF672,-0.169985707024079,4.60272951476829,0.114727883783127,0.734824403382947,0.999580718477448
ZNF623,0.224403667549033,4.16872440399485,0.114655725223599,0.734904668478087,0.999580718477448
CCDC66,-0.0745912208588131,6.48065542028208,0.114512343238592,0.735064242068251,0.999580718477448
TGFBR3,0.187435580418564,4.75909980633174,0.114504783288366,0.735072658825479,0.999580718477448
GOLGA1,-0.137177489894445,4.64230760909956,0.114405031612942,0.73518374486902,0.999580718477448
JMJD6,-0.100069830877655,5.69690468549564,0.114319197441308,0.735279375228493,0.999580718477448
HAUS4,0.192875113197121,4.20320524970704,0.114242859228163,0.735364459480005,0.999580718477448
TMEM14A,-0.112947375078202,5.49640246434002,0.114223584748971,0.73538594723661,0.999580718477448
KCTD7,-0.134559017377265,5.15741631216855,0.114222271274723,0.735387411609871,0.999580718477448
PRKX,-0.103031113659567,6.52555290934023,0.114176696338959,0.735438228251513,0.999580718477448
C9orf40,-0.199699444598037,4.35546523245462,0.114079649348213,0.735546474561255,0.999580718477448
ILKAP,-0.105871649509177,5.74004046061999,0.113743844819233,0.735921427588597,0.999580718477448
KRCC1,-0.1107309332432,5.98718087587857,0.113735948874298,0.735930251465828,0.999580718477448
MTX3,0.214010617285473,4.67943842664624,0.113702298869523,0.73596785984794,0.999580718477448
ACAA2,-0.088251502803581,6.62395859228043,0.113495700816578,0.736198896762106,0.999580718477448
G6PD,-0.128622027592424,5.18946394046375,0.113327901546816,0.736386717689566,0.999580718477448
GRPEL1,-0.123051380964112,5.54029363007031,0.113220042046194,0.73650752863681,0.999580718477448
NAP1L4,-0.0563381800145964,7.45690637695208,0.113192021678929,0.736538924088,0.999580718477448
PRKCI,-0.197598340888938,4.4179765760784,0.113070553018034,0.73667507382758,0.999580718477448
SLC25A5,0.0473414871457289,7.72422095418911,0.113040466531217,0.736708809237131,0.999580718477448
AASDH,0.152256051889081,5.00993357633541,0.112947078608467,0.73681355518975,0.999580718477448
RPL10A,-0.0409746574677409,11.114800428455,0.112780767391929,0.737000212918771,0.999580718477448
KLHL36,0.0989359035366541,5.71593062325629,0.112621807391442,0.737178763282099,0.999580718477448
ZNF468,-0.203554897730138,4.0503739261862,0.112591873715921,0.737212401692281,0.999580718477448
YES1,-0.221590434075193,4.20444424313315,0.112556291252282,0.737252394484067,0.999580718477448
TSTD1,0.0700474496547788,7.80058441000256,0.112468847827877,0.737350706118406,0.999580718477448
AKR1B1,0.112425296972768,5.75302518631614,0.112358171566592,0.73747519914429,0.999580718477448
ELMOD2,0.133848939579998,4.98865245995426,0.11230439106901,0.737535718194149,0.999580718477448
TSPAN32,0.188726986021135,4.48502317050569,0.112159566450437,0.737698769134951,0.999580718477448
PHF6,0.108298204229292,5.42752406296412,0.112152159687971,0.737707111192007,0.999580718477448
PROSER1,0.133888826830783,4.90486153935743,0.112008096610037,0.737869426910804,0.999580718477448
MIER1,0.0715680997097799,7.64818000982566,0.11197447522955,0.737907324788877,0.999580718477448
TGIF2,-0.173369411224801,4.39961592230364,0.111898471574806,0.73799301910999,0.999580718477448
KLRC4,0.122563642006446,6.00712018941781,0.111890083672019,0.738002478474963,0.999580718477448
ASB7,0.169481240477859,4.60401407443088,0.111884756161411,0.738008486721086,0.999580718477448
MED29,0.13396251086477,5.46485052867113,0.111436503883631,0.738514586295515,0.999580718477448
TMF1,-0.066300960636679,7.00694902697327,0.111371182132217,0.738588432260153,0.999580718477448
ATP13A2,0.0781251990012485,4.73557502524986,0.111266863963909,0.738706413435845,0.999580718477448
ZBTB24,0.121493088404283,5.2713674002801,0.111250101726334,0.738725376827668,0.999580718477448
NONO,0.0722156829881563,7.15869853922725,0.111242918515389,0.7387335037969,0.999580718477448
NUP37,0.131270721991713,4.92619485739685,0.111108195238065,0.738885981592337,0.999580718477448
RPL37A,-0.0365007557390065,11.3842003552467,0.110956682685023,0.739057584001895,0.999580718477448
SEL1L3,-0.106100237761386,6.34088073799077,0.110889175911499,0.739134083775446,0.999580718477448
RAB8A,0.0680474376041025,6.75504005999008,0.110828192457158,0.739203213459807,0.999580718477448
ZBTB2,-0.198821912443245,4.72459773011248,0.110810940967134,0.739222773254434,0.999580718477448
GALNT10,0.11698101744196,5.52078597979106,0.110704197124887,0.7393438373892,0.999580718477448
CRLS1,0.127102176880763,5.07282480335715,0.110560933061848,0.739506423074881,0.999580718477448
NCOA7,-0.100576092387673,6.83062988087826,0.110461344601623,0.739619511688308,0.999580718477448
SMYD4,-0.15122165546189,4.66527494815853,0.110348829941914,0.739747346898324,0.999580718477448
SLTM,0.0539946599195371,7.64297994955078,0.110225991722057,0.739886994030242,0.999580718477448
IFI35,0.0935445460174594,6.10345076591709,0.110127093207874,0.739999488388536,0.999580718477448
RPLP0,0.0504483281752348,10.3671491160659,0.110101273632797,0.74002886667998,0.999580718477448
NFYB,0.099164290110208,6.00267104918447,0.110092110602142,0.740039293572026,0.999580718477448
RAB5B,-0.121194308026192,5.66153506633665,0.110072628742763,0.740061464174899,0.999580718477448
TMEM41A,-0.16344811198741,4.40377916852403,0.110063568295914,0.740071775820231,0.999580718477448
SFXN3,0.127886449222278,5.67226095212678,0.110032576696428,0.740107050753628,0.999580718477448
SSBP1,-0.0458721828535426,7.72969660759831,0.110011761927147,0.740130745417668,0.999580718477448
GLG1,0.0749617485404459,7.00508907542072,0.10993855462116,0.740214101327744,0.999580718477448
PEF1,-0.110227845989304,5.48027213890176,0.109920705051294,0.740234430023804,0.999580718477448
CD7,-0.131902850394369,8.98256342256646,0.109859976187376,0.740303607240254,0.999580718477448
TEN1,-0.386601168198139,4.642073852868,0.109793552254013,0.740379296104314,0.999580718477448
HECTD4,-0.160166732334405,5.31355387862515,0.109787505557247,0.740386187466994,0.999580718477448
EID1,0.0519174782764346,7.7713045458286,0.10977248344828,0.740403308933034,0.999580718477448
HSPA8,-0.090730257500617,8.94931652025625,0.109740279631406,0.740440017652048,0.999580718477448
DNM1L,-0.0896888480086451,5.75600473983965,0.109636478683133,0.740558379724695,0.999580718477448
CRELD2,0.120288413076268,5.85820551380972,0.109519477884646,0.740691867873624,0.999580718477448
CCR1,-0.181860165863974,4.12972103584886,0.109466155724361,0.740752730253163,0.999580718477448
MLLT1,0.150065188747661,4.59146031924479,0.109387070534053,0.740843029072429,0.999580718477448
MIGA1,0.112638543179225,5.52605427825195,0.109307166240701,0.740934299921851,0.999580718477448
NOTCH1,0.12695994421154,5.54715994245276,0.109300646508924,0.740941748732108,0.999580718477448
GATAD2B,0.0937611509215849,5.90820284639432,0.109267603736914,0.740979503973802,0.999580718477448
PSMC5,0.0770985132239514,6.84949058795596,0.109184488926307,0.74107450039675,0.999580718477448
SLC35A3,0.12456783926107,5.90334175093197,0.109171733898837,0.741089082358337,0.999580718477448
KHK,-0.31748590886035,3.89723053607206,0.109091856889632,0.741180421841689,0.999580718477448
KMT2E-AS1,-0.111240729661424,5.88080536220788,0.109072495850642,0.74120256680347,0.999580718477448
SLC44A2,-0.115055857527691,5.35542165479869,0.108935758012895,0.741359028264399,0.999580718477448
KLHL18,-0.159860070026065,4.80052050263147,0.108922898132867,0.74137374870698,0.999580718477448
RNF220,0.115846235025958,5.63118898646759,0.108918265723791,0.741379051567321,0.999580718477448
MOB3A,-0.104487288477052,6.09118132088588,0.108834387413649,0.741475091273591,0.999580718477448
TFIP11,0.131798153521211,4.92033135757939,0.108808086374841,0.741505214113137,0.999580718477448
DEXI,0.125195384554284,5.35151920391661,0.108589270729173,0.741755982476877,0.999580718477448
BRMS1,-0.0863673865737122,5.95586769859279,0.108537706791203,0.74181511684884,0.999580718477448
NDFIP1,0.0922980232452905,7.14337664264582,0.108234620804889,0.742163015990697,0.999580718477448
PPM1D,-0.180510863969042,4.2225344714678,0.108148351527369,0.742262139395236,0.999580718477448
ARRDC1,-0.0948397222051831,5.60843897022935,0.107871859778956,0.742580123963618,0.999580718477448
PNKP,-0.091260242996427,5.89838479460847,0.107828735881469,0.742629760103997,0.999580718477448
TBC1D25,0.184624794594183,4.28504922147535,0.107727948691634,0.742745810304587,0.999580718477448
PDK2,-0.168815678608984,4.37150390851143,0.107515540442718,0.74299058229677,0.999580718477448
SPTLC1,0.105678531703544,5.47711676474056,0.107153240976688,0.743408702460315,0.999580718477448
GDE1,0.122128766930506,5.25705807833165,0.107071489747213,0.74350315755932,0.999580718477448
DYNC1LI2,-0.0888656234540532,6.13203744036922,0.107060613820115,0.743515726577725,0.999580718477448
RNF5,-0.104718246340789,5.97728106305923,0.106956070095452,0.743636581032959,0.999580718477448
RPS19,0.0492339688681009,12.2504946657876,0.106774847202196,0.743846233004583,0.999580718477448
SMAD4,-0.100883310729555,5.73518704920725,0.106765964399314,0.743856514345144,0.999580718477448
PFKP,0.0922871607405875,5.95179462006337,0.106673884795887,0.743963119161124,0.999580718477448
RHEB,-0.0825963885265901,6.67470603437264,0.106524359241197,0.744136340343065,0.999580718477448
DLD,-0.144261602826079,5.25626158714312,0.106457397286755,0.7442139575102,0.999580718477448
FBXO44,-0.122077250757793,5.05035474634539,0.10635445323479,0.744333335064876,0.999580718477448
METAP1,0.127416371488235,5.04414890678056,0.10627356717317,0.744427178245761,0.999580718477448
PEX11B,-0.166431195255585,4.65430800891984,0.106200452426977,0.744512039228482,0.999580718477448
NAA15,0.0972924777245971,5.76871097741197,0.106192491339495,0.744521281253653,0.999580718477448
TTLL1,-0.352472938205416,3.91102311072184,0.106059272039222,0.744675992412415,0.999580718477448
ARMC8,0.092011394271289,5.66164927712174,0.105879924396994,0.744884443482776,0.999580718477448
PARD6B,-0.140545308493428,4.06946038284876,0.105611140111561,0.745197210299259,0.999580718477448
KATNA1,-0.119644185740472,5.45187606666879,0.105525651268586,0.745296780336134,0.999580718477448
ATP6V0D1,0.0945605822213389,6.15748335817877,0.105426972621625,0.745411768173609,0.999580718477448
PTPN12,0.112680626669242,5.28177484621041,0.105312230465836,0.745545549254694,0.999580718477448
KIAA0232,-0.135099945518218,5.49518354058513,0.105281233252375,0.745581703589905,0.999580718477448
KCNN4,-0.152789063034243,4.32179958794503,0.10524600003778,0.745622805829716,0.999580718477448
LNPEP,-0.0913552376234735,7.41958818843645,0.104792369625885,0.746152680979641,0.999580718477448
KPNA2,-0.203089142523357,5.15663658844036,0.104738738771282,0.746215409635078,0.999580718477448
PDK3,0.135782219494698,4.79678917936776,0.104726534442086,0.746229686753379,0.999580718477448
RNF38,0.106920522507699,5.60383814612557,0.104674894043029,0.746290107956061,0.999580718477448
CEP162,-0.0988204460702333,4.43302464973393,0.104450159517866,0.746553247689736,0.999580718477448
DLG1,-0.138585417991854,6.04551570848018,0.104097407901204,0.746966912820691,0.999580718477448
SRP72,-0.0921166946335094,6.83683714294212,0.103724807694833,0.747404695269617,0.999580718477448
MAT2A,0.0989297975473366,6.13000283527896,0.103424014356673,0.747758742554556,0.999580718477448
CMAS,-0.125803978169504,5.31889856846787,0.102926433936902,0.748345666408588,0.999580718477448
CEP97,0.138530329208157,4.84233994355623,0.102742393736126,0.748563148431085,0.999580718477448
ATXN7L3B,-0.0868713891922284,6.33110484626532,0.102558649072792,0.748780495600909,0.999580718477448
LINC01550,-0.151609836182194,4.82457984544932,0.102500964312705,0.748848773795221,0.999580718477448
COPB1,-0.104346265282239,6.8291226154229,0.102473184994423,0.748881662162718,0.999580718477448
ZNF827,0.145125277577576,4.95248578164277,0.102406949060571,0.748960099750783,0.999580718477448
VCPIP1,0.114925791620143,5.67631513820621,0.102365840135359,0.74900879562224,0.999580718477448
SCNM1,0.101739126578143,5.79320218549538,0.102356457214787,0.749019911738735,0.999580718477448
TFAM,-0.130964702905788,6.10832764961082,0.102032825403487,0.749403668525722,0.999580718477448
UBTF,0.0648707959503645,6.73729203625818,0.101954600537486,0.749496526787079,0.999580718477448
BLCAP,0.103712160569788,5.83084209502385,0.101854189495052,0.749615779107961,0.999580718477448
HEMK1,-0.163472329772689,5.24405273577806,0.101839064162149,0.749633748193222,0.999580718477448
TAF5L,-0.16119278169806,4.60673656173766,0.101836170956934,0.749637185524833,0.999580718477448
ARL6IP4,-0.0510472744321449,8.14913528252004,0.101748812988605,0.749740998292532,0.999580718477448
PIK3CB,0.156885320714442,4.52258294938596,0.101700122498986,0.74979888146291,0.999580718477448
RNPEPL1,0.0690160981547403,7.13539238403183,0.101635930667955,0.749875215935108,0.999580718477448
NOP16,-0.135750700569989,4.77947334406374,0.101553232971371,0.749973596028822,0.999580718477448
BCL7C,-0.0686298570698384,6.96235174876086,0.101427699589081,0.750123019327522,0.999580718477448
SND1,0.111137385580017,5.74995768387286,0.101399232036483,0.750156918627641,0.999580718477448
RPP21,-0.0950185889103684,5.91516083584783,0.101376545923699,0.75018393711385,0.999580718477448
FUT11,-0.127906092292617,4.8614719780678,0.10137306860395,0.750188078792627,0.999580718477448
VPS36,0.0974610790887787,6.64232305437715,0.101260147693775,0.750322616341453,0.999580718477448
MRPL46,0.134441857712738,5.10080773729135,0.100908781821715,0.750741773991933,0.999580718477448
FAM136A,-0.0850261701287312,5.8717285101886,0.10090859823033,0.750741993214894,0.999580718477448
MIEN1,-0.0958047301130286,6.57592184465694,0.100900879750659,0.750751209902406,0.999580718477448
DUSP14,-0.20646002814862,4.22078279090513,0.100874653351648,0.750782529918539,0.999580718477448
TUBA1A,-0.104302272163354,7.95964775180323,0.100719433725944,0.750967987689305,0.999580718477448
CTU1,-0.147122677951567,4.98817659837558,0.100714061763735,0.750974408972206,0.999580718477448
G6PC3,0.238275463212949,4.06915411364394,0.100709480256274,0.750979885547518,0.999580718477448
MRFAP1,-0.0860641724643784,6.97223203471695,0.100706210699004,0.750983793946861,0.999580718477448
SETD4,0.134198075533571,4.69767323713901,0.100636359774023,0.751067309802693,0.999580718477448
ITFG1,0.111310132195314,5.20911753061824,0.100524924271884,0.751200611490223,0.999580718477448
RFC1,-0.0941074698588035,6.92844248062069,0.100454508640681,0.751284886201733,0.999580718477448
SPDL1,0.239728065939417,3.84251151410901,0.100440655050242,0.751301470257596,0.999580718477448
ABCC5,-0.220995190474331,4.16399508231585,0.100194951485715,0.751595809975297,0.999580718477448
DOCK2,-0.0698346087408195,6.98518670809886,0.100180359978335,0.751613302304611,0.999580718477448
CHD7,-0.183026770717924,5.0991580329074,0.1001580812001,0.751640012853945,0.999580718477448
SH2D3C,0.116340935961968,5.16596775575558,0.100141476911446,0.751659922250407,0.999580718477448
PDAP1,0.0653052676449571,6.88734748919238,0.10007309766473,0.751741931628227,0.999580718477448
RGS3,0.135326549633465,4.87233150853967,0.0999660912054425,0.751870329715123,0.999580718477448
SPRYD7,0.203262126173076,4.67971649773035,0.0998552051467847,0.752003462746567,0.999580718477448
S100A10,-0.110180248637004,10.1091445632058,0.099710567429744,0.752177241246938,0.999580718477448
SLC16A7,0.0882016068361727,6.21828191337227,0.0995730658662168,0.752342574406761,0.999580718477448
RNF115,0.077322679323132,6.4744614042709,0.0995510452084343,0.752369063909231,0.999580718477448
TMEM115,-0.10785114318466,4.51077697700172,0.0994660329983059,0.75247135862584,0.999580718477448
DHX15,-0.113259213640295,5.75957962479546,0.099408927843454,0.752540099927876,0.999580718477448
MRPS33,0.0861851360114189,6.23870157170518,0.0993314800765166,0.752633363687493,0.999580718477448
HSDL1,0.195734610966127,4.40022988049893,0.0991605531136814,0.752839338038756,0.999580718477448
CEP44,-0.176534980435891,4.75201399618797,0.0991465696655425,0.752856197327976,0.999580718477448
YPEL5,0.137679248522361,7.42050166632069,0.0991457411157697,0.752857196318607,0.999580718477448
ZNF84,0.167872902193492,4.72718101656389,0.0990133400549205,0.753016892567692,0.999580718477448
GATAD2A,0.0814564166344788,6.22736219797119,0.098933954540608,0.753112700109219,0.999580718477448
MRPS11,-0.084197072411959,5.89040433539805,0.0987075892813092,0.753386124427931,0.999580718477448
MRTFB,-0.258295683861384,3.7583295313931,0.0986847602073286,0.753413718551179,0.999580718477448
CSRNP1,-0.142413902785442,5.41460439992815,0.0986476993792422,0.753458522451315,0.999580718477448
BZW2,0.138327151130954,5.20057616204895,0.0985440517514071,0.753583874158312,0.999580718477448
SLC43A1,-0.160940039931013,3.99704741764567,0.0984229817965705,0.753730388207123,0.999580718477448
ANKRD44-IT1,0.135826885831587,3.91841124078522,0.0984083611118649,0.753748088276,0.999580718477448
RPF2,0.101153212820044,5.51655340754414,0.0984001593945125,0.753758018057688,0.999580718477448
ACER3,0.188003978878845,4.45427273069297,0.0982527174408077,0.753936602945935,0.999580718477448
ARHGAP35,0.092813291236965,5.79373166848624,0.0982169259557271,0.753979976562454,0.999580718477448
ERV3-1,-0.117227055434469,4.90443589826074,0.0980716267137627,0.754156145444683,0.999580718477448
RELL2,-0.19358979015853,4.10804345152104,0.0980336675136302,0.754202192895991,0.999580718477448
BCL6,-0.158578705253384,4.83889991635787,0.0980234828520032,0.754214549345271,0.999580718477448
ISG15,0.0888484290157289,8.28095927765038,0.0979875026876353,0.754258207600967,0.999580718477448
TRMT10C,0.12334529155707,5.78902721230341,0.0979315059350121,0.754326171453215,0.999580718477448
WDR44,-0.125614351268978,5.05515297957664,0.097784565468114,0.754504616157769,0.999580718477448
MARF1,-0.104078454417047,5.41883090586505,0.0977518359811587,0.754544382931545,0.999580718477448
LRRC14,-0.15788799636364,4.5905460959632,0.0975545163010842,0.75478428402271,0.999580718477448
MRPL40,-0.12621083244741,5.50234868794813,0.0974473260227633,0.754914717498194,0.999580718477448
SF3B2,0.0489184517258257,7.51528041281059,0.0970907163558401,0.755349222119662,0.999580718477448
TMEM214,0.154184597307873,4.63319413694699,0.0968822293916283,0.755603654927462,0.999580718477448
COMMD10,0.121604872561349,4.97069531877871,0.0967165660705849,0.755806040906446,0.999580718477448
ARPC1A,0.094225593187953,5.63413941148378,0.0966356525673415,0.755904959640196,0.999580718477448
BLM,-0.147645402951524,4.36127164230304,0.0965528933007374,0.756006181856241,0.999580718477448
ANKRD52,0.179891651930135,4.30827702399302,0.0963509432192007,0.756253385267541,0.999580718477448
CTNNBL1,-0.0946486288083531,5.72199186694362,0.0963352532453037,0.756272602964692,0.999580718477448
OGFOD3,-0.140576360618666,4.78908860407753,0.0962596850111961,0.756365185950363,0.999580718477448
TNKS2,0.13139721088833,6.27292222085059,0.0958969016210425,0.756810208370253,0.999580718477448
C1orf52,0.098947677013778,5.48558762149769,0.0956712270242974,0.757087506503172,0.999580718477448
FAM110A,-0.127466009946503,4.92380550541364,0.095630100200804,0.757138079764891,0.999580718477448
ANKRD46,0.17945636334673,4.32035094566336,0.0955968977268213,0.757178917222758,0.999580718477448
PDCD7,-0.107687522324514,6.51971555137387,0.0955916681933022,0.757185350007546,0.999580718477448
MBTD1,-0.158767378436755,4.64252715121023,0.0955354439297658,0.757254522963182,0.999580718477448
TRAC,0.0649372599186571,9.93699811580023,0.0955005187069666,0.757297502845221,0.999580718477448
BCAS3,0.179353496658019,4.25898362422565,0.0954525696400061,0.757356524232937,0.999580718477448
ANAPC1,-0.122943420370159,5.17053432704997,0.0953724087347574,0.757455232043098,0.999580718477448
ATN1,-0.153131791194426,4.4474396941192,0.0953581420338825,0.757472804406731,0.999580718477448
INPP5D,0.0755351213765933,6.53877354230097,0.0951237617672405,0.757761698075274,0.999580718477448
SGTA,-0.123747046433411,4.93405816056514,0.0951058591985454,0.757783780533781,0.999580718477448
MAGOH,-0.0822611879670106,7.22906400856278,0.095055319007761,0.757846133128015,0.999580718477448
STX10,-0.0906029542370012,6.21824280938521,0.0948019119118744,0.758159041282003,0.999580718477448
NFRKB,0.150513053372124,4.3582098749517,0.0946738146678232,0.75831739053543,0.999580718477448
CASP2,0.140386282016902,5.75649463908941,0.0945487369676954,0.758472120330798,0.999580718477448
MYCBP2,0.0680245960571642,7.86319436436316,0.0944303045237689,0.758618732769598,0.999580718477448
SSRP1,0.082444894771842,5.82998015880287,0.094355921949079,0.758710865495925,0.999580718477448
TAB2,0.0759649142649638,6.38266333374931,0.0943237731742848,0.758750698335869,0.999580718477448
ODC1,0.0878713863107095,6.4000501353142,0.0942475959607378,0.758845112771711,0.999580718477448
TMEM120A,-0.127480029309324,5.06930556883201,0.0939767444299235,0.759181146126621,0.999580718477448
DHCR7,0.146946268505239,4.40150262900909,0.0939611497057129,0.759200509922106,0.999580718477448
ATP8B2,-0.082286297707007,5.97866958172114,0.0938558463445851,0.75933130996878,0.999580718477448
FLOT1,-0.14034990348042,5.97473991240717,0.0936390599365673,0.759600838939531,0.999580718477448
WIPI2,-0.0964698685914546,5.7376313600248,0.0935647460870808,0.759693311333128,0.999580718477448
ARPP19,0.0631712122369932,6.89259053029078,0.0935355021114344,0.7597297120675,0.999580718477448
MAN1C1,0.173248199842571,4.70763552608217,0.0931746707670467,0.760179361185697,0.999580718477448
GPS1,0.101843720940239,5.49267627229952,0.0931686383522017,0.760186886547666,0.999580718477448
CD101,-0.16945463974298,4.95622762880105,0.0931313280327863,0.76023343662244,0.999580718477448
TPRG1L,-0.126933272690487,5.13763062084583,0.0930405160088892,0.760346780503853,0.999580718477448
ALDOC,0.226912363994764,4.00788711433139,0.0928235587787967,0.760617813151344,0.999580718477448
RABL2B,-0.128759006757885,5.02491219878815,0.0926477029413597,0.760837754206941,0.999580718477448
SYNGR2,-0.0868494157592983,6.30831773404759,0.092623665760863,0.760867834970153,0.999580718477448
ADRB2,-0.161287615106476,4.72482604828501,0.0924985228205539,0.761024511094713,0.999580718477448
SRRD,-0.170082711070071,4.38703531131306,0.0924641080188664,0.76106761794364,0.999580718477448
NAA25,0.120357945378611,4.95447362107092,0.092434367069627,0.761104877538587,0.999580718477448
FNDC3B,0.125843964427569,5.12621101572054,0.0923000271345114,0.761273260857742,0.999580718477448
SENP5,0.0999720123934595,5.61824940318307,0.0922966223783899,0.761277530159374,0.999580718477448
ERI1,-0.180112391086618,4.75770415467109,0.0922295479168671,0.761361653906171,0.999580718477448
CEP135,0.113158514991298,5.37752333714122,0.0920936717795158,0.76153217009771,0.999580718477448
EIF2AK3,-0.150814306993061,4.10375122006873,0.0920904313351087,0.761536238332712,0.999580718477448
HMBS,0.197020777110696,3.84350677876417,0.0920875407750259,0.761539867369343,0.999580718477448
TIMMDC1,0.0987651466452573,5.76582513191082,0.0920814109470545,0.761547563443652,0.999580718477448
ATG101,-0.0942102249114917,5.63320652141275,0.0920270122854037,0.761615873892095,0.999580718477448
AP4M1,0.158274003102468,4.2978422484228,0.0918350225823943,0.761857138970731,0.999580718477448
SERTAD2,0.126873774719082,4.93309492282039,0.0917867383522291,0.761917858979522,0.999580718477448
STRN,-0.101439947574986,5.65874840326213,0.0916899274224257,0.762039656465872,0.999580718477448
ARMH3,0.165707243253723,4.57268632808549,0.091594520451185,0.762159756332335,0.999580718477448
ZNF780A,-0.132489003227152,4.61086679356528,0.0915739502717301,0.762185659359507,0.999580718477448
ABI2,-0.115876263361018,5.23138148979505,0.0915683873669728,0.762192665000611,0.999580718477448
GRAMD4,0.155586068668456,4.2641238861784,0.091533112673913,0.762237093573713,0.999580718477448
RAB5IF,-0.0868603235453396,7.2681114762582,0.0915047972969543,0.762272763630448,0.999580718477448
TRIR,-0.0328446776660319,8.64195514775113,0.0914401162849536,0.762354267591524,0.999580718477448
MCOLN2,-0.107477167436884,5.4238357264204,0.0913309149523549,0.762491942637037,0.999580718477448
PIGQ,-0.205971048372289,4.08526176308579,0.0912985855569115,0.762532718995377,0.999580718477448
HERC1,0.0921059936903648,6.82587588157917,0.0912176205742483,0.762634872939815,0.999580718477448
MAN2C1,0.278163318993388,4.62410285067293,0.0911352016782114,0.762738912119142,0.999580718477448
SPHK2,0.149732791528003,4.3829623585968,0.0911291081387375,0.762746606165149,0.999580718477448
SPN,0.0524769925372993,7.26026007041912,0.0907875069285122,0.763178380813442,0.999580718477448
CBLL1,0.125276900374346,5.5087021271994,0.0907775755671238,0.763190947029003,0.999580718477448
APBB1,-0.146437869173098,4.53500055185487,0.0906753949609378,0.76332028037388,0.999580718477448
RBM25,0.0468373928299364,8.06220468585232,0.0905997523395623,0.763416074926187,0.999580718477448
BRD7,-0.0548842973717779,7.19799877674105,0.0905946112172726,0.763422587276109,0.999580718477448
NDUFA7,0.097893845119488,6.36764288215431,0.090591617407334,0.763426379680599,0.999580718477448
UBXN1,-0.0459109970142951,8.01770833991585,0.0905045328189571,0.763536723879658,0.999580718477448
AK9,-0.189475453835995,4.38452716628274,0.0904476871023761,0.763608783873296,0.999580718477448
PPP3CB,-0.0895305169066298,5.67144388020585,0.0904308027972363,0.763630191876553,0.999580718477448
ZFR,0.107797504766651,6.36200874353874,0.090064131188484,0.764095641934661,0.999580718477448
RWDD2B,-0.152333710425773,4.23032669293657,0.0900368368996034,0.764130330362014,0.999580718477448
SWT1,-0.247404044920148,3.99604137095823,0.0900081133818169,0.76416684139224,0.999580718477448
PPP4R3A,-0.0664078927498513,7.02037689045423,0.0897776567115258,0.764460009545911,0.999580718477448
SLC9A6,-0.180751228845903,4.06165502362689,0.0897063276877539,0.764550831590803,0.999580718477448
CBX1,-0.103842671330872,5.588919477244,0.0895230544113126,0.764784370948393,0.999580718477448
SUMO3,0.0745563768977652,6.396527666172,0.089380201533972,0.764966584551626,0.999580718477448
STK25,0.112472533236399,5.46354970561199,0.0893552401040534,0.764998439964055,0.999580718477448
GMFB,0.115415026492594,5.03747839816185,0.0892671822818514,0.765110856797445,0.999580718477448
ATRX,-0.0467053008638883,7.86061675484725,0.0892103839868188,0.765183398976272,0.999580718477448
CERS2,-0.0804874930267803,6.13048528637866,0.0892061525347518,0.765188804348522,0.999580718477448
SPPL2A,-0.0986118929092414,6.7849975667613,0.0891982117972496,0.765198948440038,0.999580718477448
TBL1X,-0.154889865350754,5.13914352314706,0.08916406367684,0.765242577406977,0.999580718477448
SLC27A4,-0.285449643191231,4.13195209000383,0.0890829188052642,0.765346287766404,0.999580718477448
G3BP2,-0.096723154371789,7.75929168975587,0.0890476876357909,0.765391332349045,0.999580718477448
ZNF668,-0.155933677760123,4.27607761192393,0.0889790991397046,0.765479053569057,0.999580718477448
RSBN1L,-0.0510587886309571,7.4832835373111,0.0889016658689519,0.765578131065892,0.999580718477448
ORMDL3,-0.110379936329269,5.59834777792856,0.0888888804438412,0.765594494804788,0.999580718477448
NDUFC1,-0.0876545129196436,7.02363658359188,0.0887808298935262,0.765732837147961,0.999580718477448
FBF1,0.276287970648071,3.88979839705583,0.0887583733627118,0.765761600832865,0.999580718477448
HNRNPA3,-0.0516244412322988,8.5614550006476,0.0887228270335978,0.765807138824014,0.999580718477448
MAPK8,-0.141738096745339,4.89013139152735,0.0887202878184557,0.765810392163208,0.999580718477448
MANEA-DT,-0.216391013729923,4.42712124530263,0.088704818191049,0.765830213534415,0.999580718477448
CLIC5,0.165141698827651,4.20867898822809,0.088654897850061,0.765894189747944,0.999580718477448
MAVS,-0.131683173161689,5.45105775221831,0.0886099571700001,0.765951800971696,0.999580718477448
TBC1D23,0.12020375860946,4.91910766093753,0.0884687241701814,0.766132956699795,0.999580718477448
SLC38A6,-0.194808178867793,4.11965691228461,0.0884625503718848,0.76614087925234,0.999580718477448
FERMT3,0.0735878580711264,7.0270175590687,0.0881470428331426,0.76654615694532,0.999580718477448
RPF1,-0.11958267556802,5.83498706174183,0.0878976963437523,0.766867007723464,0.999580718477448
CHMP6,0.130871948193557,4.72060098955124,0.0875075725032151,0.76737000095043,0.999580718477448
GPATCH4,0.0907323928998181,5.65200107836689,0.0874770511152967,0.767409404077219,0.999580718477448
C3orf38,-0.170530404677698,5.28708032466898,0.0874510142971765,0.767443023531091,0.999580718477448
PHACTR2,-0.14542130254236,6.0518555343939,0.0873965870151281,0.767513319114578,0.999580718477448
CHMP4B,0.0776393830210897,6.11596604708328,0.0873730334322342,0.767543747135252,0.999580718477448
RBM3,-0.041799835311987,8.21470760367065,0.0873699638014607,0.767547713008536,0.999580718477448
MAPKAPK5-AS1,0.11179098573808,6.00119030961115,0.0872219595186721,0.767739020173545,0.999580718477448
PRKAR2A,-0.110113332234777,6.11400083374196,0.0872088435201803,0.76775598214188,0.999580718477448
PSMB2,-0.103418644074842,6.88992527196313,0.0871416712483129,0.767842872907841,0.999580718477448
NEMP2,-0.0972722046301842,4.37991621263447,0.0869741638498962,0.768059711005664,0.999580718477448
GMDS,0.160903536247075,4.1696841390487,0.0869399142162965,0.768104075051481,0.999580718477448
MCM3AP,0.157594194480508,5.18454330993076,0.0869021175345459,0.768153044666182,0.999580718477448
ZNF738,0.153424200223196,4.72553821086311,0.0867147495651732,0.768395970840814,0.999580718477448
MITD1,-0.0766252267927763,6.57732850803725,0.0865202109475529,0.768648495878247,0.999580718477448
NSUN6,0.11766219194611,5.15224062752871,0.0864677475497935,0.7687166499202,0.999580718477448
SNHG29,0.168601720516541,8.56517607023946,0.0864603765009058,0.768726227286716,0.999580718477448
AAR2,-0.154736975249035,4.15197556675983,0.0862928609064335,0.768944003688956,0.999580718477448
TAF13,0.128844553822811,4.76052057105004,0.0862641824922044,0.768981309691045,0.999580718477448
ALKBH8,-0.172756562512021,4.19594446918455,0.0862579613861669,0.768989403238,0.999580718477448
CXorf38,-0.092901891592341,5.92850921656074,0.0861061995336616,0.769186940960232,0.999580718477448
GNL3L,-0.100628860618569,5.67510662712489,0.0860957699564224,0.769200523347847,0.999580718477448
NFKBIL1,0.14300811432907,4.31786542730898,0.0860804722631041,0.769220447075831,0.999580718477448
RFFL,0.0833042933259227,5.7557697323913,0.0859552776845014,0.76938357290045,0.999580718477448
ARIH2OS,-0.153244355558239,4.31188426743506,0.0859014297557259,0.769453775262371,0.999580718477448
RASA2,-0.0920656208256467,6.48344941699084,0.0854792732585228,0.770004976909826,0.999580718477448
ZNF566,0.145352990545893,4.37965893069792,0.085202483998426,0.770367177672565,0.999580718477448
CFLAR,0.0463037551176909,8.05409752325333,0.0851951442909433,0.770376790947328,0.999580718477448
DYM,0.127793573733203,5.01396543806894,0.0851658709538423,0.770415136542002,0.999580718477448
ACTB,0.0358025186894975,11.8853623132039,0.0851175380175402,0.770478464253517,0.999580718477448
ARMC6,0.168060279206677,4.38710108628679,0.0850821494259222,0.770524844149452,0.999580718477448
LTO1,0.163724639499597,4.21237427133233,0.0849538541936283,0.770693074265583,0.999580718477448
TP53TG1,0.119850179958038,4.9732684009249,0.0849325657671169,0.770721002540526,0.999580718477448
CERT1,0.156685783240135,5.73970220184812,0.0848988673741431,0.770765219207807,0.999580718477448
NBDY,0.0897044110666462,6.25555384962728,0.0847981963877178,0.770897369345332,0.999580718477448
DRG1,0.111147623272149,4.87573374892337,0.0847169047018657,0.771004142516706,0.999580718477448
RNF157,0.0983485279375209,5.5556093073791,0.0845827754279176,0.771180437163644,0.999580718477448
ARFRP1,0.0839787628049602,5.72407994129677,0.0845788508688585,0.771185597743664,0.999580718477448
MAML2,-0.104261985823886,5.41251489053701,0.084495937834939,0.77129465420355,0.999580718477448
SLC43A3,-0.145845372965086,4.48329265260849,0.084448619120062,0.771356919059112,0.999580718477448
SEH1L,0.152545680310683,4.46269043518739,0.0844181992939497,0.771396957314953,0.999580718477448
EBLN2,-0.14978140557626,4.23066490410602,0.0844154867762583,0.771400527882122,0.999580718477448
RRM2B,-0.149425898395929,4.42178379597763,0.0844015427432936,0.771418883806577,0.999580718477448
USO1,0.145317927731631,5.80848382636023,0.0843199643771868,0.771526306528357,0.999580718477448
RFC4,-0.144876138783022,4.85479543399598,0.084286276699979,0.771570683035881,0.999580718477448
SNX12,-0.231982467237224,4.0208577990164,0.0842517192322028,0.771616215304012,0.999580718477448
DEK,0.0472118834159029,8.91869588933649,0.0842366065907862,0.771636130617492,0.999580718477448
NDUFB1,0.0716892318779468,7.78835566933926,0.0842019164592838,0.771681852312219,0.999580718477448
MIS12,-0.120851577948902,5.08049725151051,0.0841232415403823,0.771785583939976,0.999580718477448
EXOC2,0.10688682191206,5.4205192713077,0.0840939686620814,0.771824193186654,0.999580718477448
USP36,0.10711812248557,5.82867702457412,0.0840872056274549,0.771833114277162,0.999580718477448
AGO3,-0.0699002386678642,6.32915622101354,0.0840248765308473,0.771915350641674,0.999580718477448
ZNF528,-0.145336121170927,4.30010670296189,0.0839244458837083,0.77204792738644,0.999580718477448
RBIS,0.189926710733009,6.65836322910421,0.0836412530787811,0.772422228972129,0.999580718477448
RALBP1,-0.0691772069138848,7.15925676748071,0.0836061433534905,0.772468682014144,0.999580718477448
VRK1,0.121895555252587,5.04073283764247,0.0835768349978654,0.772507467463537,0.999580718477448
SLC41A3,0.170060199329112,4.78396671845002,0.08346342177731,0.772657623236291,0.999580718477448
PRDX6,0.0914744312099194,7.37312506074744,0.0834109776026661,0.77272709515743,0.999580718477448
PDE12,0.116994736026997,5.1986489871083,0.0833534690000679,0.772803303046542,0.999580718477448
C1GALT1C1,-0.105018066344751,5.1355899866585,0.0832900871470628,0.772887326910095,0.999580718477448
AMMECR1L,-0.0535030345038943,4.12370721265569,0.0832342158062307,0.772961422985456,0.999580718477448
PYROXD1,-0.0994578933947099,5.71575848959034,0.083115876118196,0.773118453031645,0.999580718477448
SDF4,-0.0774460313269423,6.67601013238869,0.0830077076803217,0.773262092358465,0.999580718477448
TPK1,0.254372821480291,4.10002534324445,0.0828544858670925,0.773465732668206,0.999580718477448
UNC119,-0.116093660404426,4.87677033079535,0.0827654561189704,0.77358415182221,0.999580718477448
WDR73,-0.125235449387176,5.44612539171435,0.0826676853602528,0.773714276939978,0.999580718477448
CHIC1,-0.169194225552756,4.10371288203228,0.0825209708580097,0.773909698696635,0.999580718477448
LCOR,0.0831718302026689,6.26582745540176,0.0824691014363879,0.773978833064909,0.999580718477448
SEC16A,0.100612372817189,5.51903681470764,0.0823463845012249,0.774142490588059,0.999580718477448
ATF2,0.097818543158452,5.74314526293169,0.0823401103868822,0.774150861405891,0.999580718477448
NSMCE2,0.109417469753015,5.11899272691519,0.0823162179367003,0.774182741471528,0.999580718477448
ACADVL,0.085483935276778,5.88486289278268,0.0823045328737013,0.774198334855107,0.999580718477448
IPO8,0.112511988868639,5.10961849472534,0.0822917601385864,0.774215381076682,0.999580718477448
THOC6,0.11203745851529,4.88815630731635,0.0822865816260787,0.774222292617635,0.999580718477448
TM9SF2,0.0752305987431746,6.20185815940313,0.0822598273307582,0.774258004190464,0.999580718477448
PMM2,0.111885275300049,5.22452790639571,0.0822043750919921,0.774332041731987,0.999580718477448
KAT5,-0.164132006828923,5.11465059920106,0.0818917612143295,0.774749937368009,0.999580718477448
TPRA1,-0.209725101512313,4.35318414969953,0.0816704821786125,0.775046260369886,0.999580718477448
UPF3B,-0.0922040674385221,5.54734475625455,0.0816552857144473,0.775066626447295,0.999580718477448
GLMN,-0.124549971365685,4.97083723383403,0.0813221410502507,0.775513618073812,0.999580718477448
TIMM23,-0.135362059300824,4.55091470853559,0.0810182138408901,0.775922272042968,0.999580718477448
ASB6,-0.146455671221537,4.48004082369525,0.0809439959711673,0.776022189619079,0.999580718477448
NCAPD3,0.153791648662298,4.93274360681866,0.0808823278362603,0.776105249486148,0.999580718477448
EGR1,-0.254813428074813,5.11082503233391,0.0805721013250853,0.776523608865872,0.999580718477448
TAGAP,-0.0865530717441514,6.62175657222495,0.0805265459313596,0.776585116335739,0.999580718477448
TRAPPC6A,0.0708085883900889,6.4811579043134,0.0805097547594134,0.776607791993117,0.999580718477448
UBE2W,-0.0839246001562499,5.95829482205856,0.080358043183435,0.776812786997057,0.999580718477448
PPP2R2B,-0.0981443431807382,5.85709784680351,0.0803196705096028,0.776864669861604,0.999580718477448
ITGAV,-0.159464647299031,4.10136241720298,0.0803026492070496,0.776887688284358,0.999580718477448
WSB1,0.0891851417995339,7.14524165271425,0.0801572428681787,0.777084433187807,0.999580718477448
MLYCD,0.142922819095114,4.57253923777048,0.0800021457328368,0.777294502981064,0.999580718477448
TGOLN2,-0.0395129534630585,7.66875431175536,0.0797244477585388,0.777671178364717,0.999580718477448
TOR3A,-0.0959024957518396,5.22857738127834,0.079678539365565,0.777733517671949,0.999580718477448
SMC1A,-0.0890260515945639,6.65662343193771,0.0796193164342949,0.77781396552545,0.999580718477448
AATF,0.0648910827039111,6.28964751211069,0.0794680093465692,0.778019646399917,0.999580718477448
GLE1,-0.128360899527115,4.66786413924389,0.0794124527273112,0.778095220921509,0.999580718477448
MTFR1L,-0.134054480089195,4.35003414355005,0.0793732113435288,0.778148618775259,0.999580718477448
PTTG1,0.075442973128442,6.59209306596086,0.0792504565715664,0.778315749825355,0.999580718477448
SELENOK,-0.0461829649728395,7.77522963137627,0.0791871422611603,0.778402007090462,0.999580718477448
FIS1,-0.0517344600921632,7.08438524319192,0.0791695304759497,0.778426007403334,0.999580718477448
DDA1,-0.0775814616223654,5.85543289368017,0.0789832931986645,0.778679977191707,0.999580718477448
VPS72,-0.0951691231719398,5.19847932635487,0.078931253678471,0.778751000668804,0.999580718477448
GRAMD1A,0.0892093609108386,5.92530527525454,0.0788433001371036,0.778871097010171,0.999580718477448
RAP2C,-0.0851888127666084,5.84777505877625,0.0788249931134999,0.778896103458045,0.999580718477448
ATG14,0.129645467559806,4.5273786480376,0.0788168713671436,0.778907198346919,0.999580718477448
SIN3A,-0.0812075002385072,5.80428776044644,0.0786943062614274,0.779074706015636,0.999580718477448
SP110,-0.0721871394231519,7.38749141856259,0.078685628035192,0.779086571734175,0.999580718477448
ZNF253,-0.0625980951875891,4.03836893109689,0.0785289199858941,0.779300959849615,0.999580718477448
POMC,0.14643454612263,4.91313305785981,0.0784290865603801,0.779437659632137,0.999580718477448
TRIM8,0.0780949376653793,6.07460837740859,0.0783488027836752,0.779547658578001,0.999580718477448
ESYT1,0.0716211408736784,6.22688390515364,0.0782816183247332,0.779639756516365,0.999580718477448
TMEM94,0.178184324983097,4.18809553267016,0.078135771151441,0.779839833812997,0.999580718477448
WDR81,-0.174128262717153,4.07029468370766,0.0781168784840558,0.779865766035066,0.999580718477448
KDM4A-AS1,0.204693279287376,3.82096928476283,0.0780104729346736,0.780011882299505,0.999580718477448
TBC1D10B,-0.111974467376362,5.06251738896117,0.0777418013193412,0.780381301303966,0.999580718477448
IMPDH1,0.108123168850516,5.23477817618074,0.0777417168587817,0.780381417543921,0.999580718477448
ATG4D,0.122328881557679,4.87642523812314,0.0777101969311751,0.780424802010665,0.999580718477448
CYB561,-0.200850238447011,4.05880054079338,0.0776648660694086,0.780487212667293,0.999580718477448
SLC25A44,0.164755167139186,4.29805023929878,0.0776477673488198,0.780510758954293,0.999580718477448
TTC39B,0.122090413746359,5.36759944779789,0.0776167031144937,0.780553544004955,0.999580718477448
SDHAF3,0.112845135530447,5.25819800343435,0.0774054853032489,0.780844701152376,0.999580718477448
TAP1,0.0752493793759765,7.40038711907284,0.0773721468180106,0.780890696304829,0.999580718477448
LAP3,0.0846055542036246,6.25714645738921,0.0771575599592698,0.781187005041104,0.999580718477448
GBF1,0.113366337354184,4.9992217484289,0.0769374477453759,0.78149140485667,0.999580718477448
FBXL12,-0.123813794169894,4.53699136032022,0.076851466833701,0.781610437805369,0.999580718477448
IBTK,-0.129040773168989,5.65239900706392,0.0768063702850164,0.781672898646569,0.999580718477448
SLC35A5,-0.15628910863985,4.14251002638903,0.076687094144261,0.781838196948286,0.999580718477448
ZNF433-AS1,0.0595774420044305,4.60013784236193,0.0766338279639678,0.781912060350269,0.999580718477448
SMAD2,0.0710853268501944,6.32851607712042,0.0765240127188607,0.78206442675138,0.999580718477448
ALG8,0.139246832261594,4.71141558121734,0.0763165054844013,0.782352660421862,0.999580718477448
ZC2HC1A,-0.250340183597557,4.26049497621666,0.0761593722756153,0.782571203811333,0.999580718477448
CLN6,0.137495819317794,4.24112013332197,0.0761405744344792,0.782597364393671,0.999580718477448
EEA1,0.0966853829249924,5.93382592257757,0.0761226210094215,0.782622353063644,0.999580718477448
CBX4,0.109765051950105,5.76420166220333,0.0760111434039317,0.78277758540449,0.999580718477448
NCKAP1L,0.0685978027049929,6.73117437503224,0.0759873979200112,0.782810666763902,0.999580718477448
NEIL2,-0.122690610394586,4.06788281017088,0.0759789462067158,0.782822442730795,0.999580718477448
DNAJB1,-0.0807988814064368,6.73107993336477,0.0759769438218445,0.782825232803038,0.999580718477448
AFF4,-0.0885258228063073,6.12713275852751,0.0759383115355057,0.782879069796103,0.999580718477448
MTG1,0.132814449945394,5.06450120487757,0.0759374386446972,0.782880286405218,0.999580718477448
TMEM106B,-0.103934722546973,5.88482647709008,0.075917104776579,0.782908629271929,0.999580718477448
BAG5,-0.0749998919845686,6.2195310150807,0.0758435319373483,0.783011214734584,0.999580718477448
KAT6B,-0.078791278804792,6.60915832186786,0.0758084215195662,0.783060189420315,0.999580718477448
LLGL2,-0.0934036037917675,5.34658933835789,0.0757061910018972,0.783202857856151,0.999580718477448
HSPA14,0.112734659190534,5.18491782541785,0.0756673961449099,0.783257025381209,0.999580718477448
AVL9,0.107372333842975,5.3563448916532,0.0756327793329987,0.783305371900368,0.999580718477448
CCZ1B,0.170617021843988,4.97579791162377,0.0755146949887386,0.783470380411237,0.999580718477448
TEX10,0.16599241106716,4.29032227666238,0.0754856811077556,0.783510945013209,0.999580718477448
RCL1,0.177207375820894,4.11615404690064,0.0753919401075733,0.783642062593208,0.999580718477448
LDLRAP1,-0.14357258747599,4.52546720230787,0.0753334924915219,0.783723858919514,0.999580718477448
CLPB,-0.175109224972336,4.36835739046939,0.0753069202950343,0.783761057485415,0.999580718477448
BAZ1B,0.053623494104266,6.92630633535121,0.0752740445396078,0.783807090206644,0.999580718477448
CNNM3,0.130313842217517,4.691295566644,0.0749711738319725,0.784231680020531,0.999580718477448
VPS33B,0.149362976400612,4.04891315358074,0.074956008879207,0.784252963753378,0.999580718477448
P2RX4,-0.109086710665771,4.98560280404657,0.0747897230044785,0.784486494910245,0.999580718477448
TAF9,-0.101591211405145,6.1456608313436,0.0747767224607614,0.784504764572693,0.999580718477448
TOP1,-0.0549385318801436,7.46522848630677,0.0747442621520253,0.784550388493395,0.999580718477448
STIP1,0.0776812906632631,6.42855229299758,0.0746629749320444,0.78466468681406,0.999580718477448
ASAH1,0.14455717192971,5.57581797842975,0.0746020875541795,0.784750344633155,0.999580718477448
ZNF592,-0.127134608120766,4.86457680437411,0.0744493718562147,0.784965354124629,0.999580718477448
RABGGTA,-0.0423963445378459,4.28394146404221,0.0744173859797073,0.785010417265097,0.999580718477448
TBCD,-0.0979494035704226,6.5393195422699,0.0743764458402811,0.785068110758435,0.999580718477448
TNIK,0.080669808760751,5.80846656522417,0.074285826786725,0.785195873264489,0.999580718477448
MRPL38,-0.116823380678591,5.56176024241924,0.0741493756153595,0.785388411850592,0.999580718477448
CALM2,-0.0296676287400626,9.20902497828571,0.0740756048169722,0.78549258493852,0.999580718477448
PPP2R5A,-0.0881495788080656,6.22807742635203,0.0739683354718483,0.78564416139098,0.999580718477448
DENND4C,-0.106076151112857,5.33233679096633,0.0737598897283682,0.785939042587444,0.999580718477448
SRSF5,0.0676348231512379,9.01115033849924,0.0737298694963613,0.785981548043463,0.999580718477448
DCAF15,-0.122963319542204,5.21029693593936,0.0736817334122151,0.786049723017571,0.999580718477448
TJAP1,-0.163434299176402,4.3054305364641,0.0736142705067966,0.786145310753206,0.999580718477448
BDH2,0.145556802081928,4.63618895750484,0.0736108063387384,0.786150220378663,0.999580718477448
RPL38,0.0445322695300536,11.00127596969,0.0735313891327341,0.786262809209033,0.999580718477448
SFPQ,0.0488245142266603,7.65225272733058,0.0734764629728169,0.786340715560848,0.999580718477448
RPL36A,-0.0633749506832721,10.6433006736219,0.0733909446350527,0.786462075595864,0.999580718477448
MED27,-0.122470689393273,4.97443004016059,0.073313468073497,0.786572088999196,0.999580718477448
PYURF,-0.0660736146715892,6.81383562037742,0.0731433135223085,0.786813920362582,0.999580718477448
RPS8,-0.0315881191450959,11.9699631630613,0.0731200696135783,0.786846979085633,0.999580718477448
MKLN1,-0.0913523628677628,5.97593465053771,0.0731104087795753,0.786860720896312,0.999580718477448
ZDBF2,-0.170841813900485,3.97844318834463,0.0730401554514284,0.786960680295218,0.999580718477448
SPRTN,0.108953343814641,4.9758059091731,0.0730300716201393,0.786975032228583,0.999580718477448
TADA1,0.194132959347597,4.037674089973,0.0728319151903314,0.787257276743969,0.999580718477448
PRKAG2,-0.0961499839222978,5.71261839712992,0.0727528721352968,0.787369976800095,0.999580718477448
FAM3A,0.106695573548035,4.7759190550328,0.0727323622307692,0.787399230674056,0.999580718477448
GTF3C4,-0.148464452694173,4.32059385164179,0.0724415078727709,0.787814561903757,0.999580718477448
AGK,0.122101054509593,4.68527745158433,0.0723366018097877,0.787964583971773,0.999580718477448
SINHCAF,-0.0902598065759985,6.17940313195388,0.0723036754823774,0.788011694678308,0.999580718477448
RAB5A,-0.0800270170942525,5.98309693634214,0.0722718812460155,0.788057196515964,0.999580718477448
RPL36,-0.0297048720028886,11.2837681768941,0.072264357458991,0.788067965639532,0.999580718477448
THOC1,-0.103180239927503,5.56121868939014,0.072219629198262,0.788131999557049,0.999580718477448
PNISR,-0.0274040939580762,8.78459253167635,0.0721659772960299,0.78820883680071,0.999580718477448
ZNF721,0.0773913689053588,5.9394814347087,0.0721384801983351,0.788248228470598,0.999580718477448
UPF3A,0.0614835911947641,6.94429891662744,0.0721353419500623,0.788252724760058,0.999580718477448
TIMM9,0.103098986095236,5.30581138116665,0.0720711255226441,0.788344753150867,0.999580718477448
GALNS,-0.135618593148672,4.46178887245067,0.0719983261697852,0.788449134883948,0.999580718477448
EDEM3,0.100104382143678,5.36625559651173,0.0717686277864669,0.788778854141536,0.999580718477448
OAZ2,-0.0991373003856375,4.85453189655879,0.0717146141300553,0.788856469838882,0.999580718477448
WDR11,0.0844205087042711,5.64926511817659,0.0717048976138432,0.788870435450111,0.999580718477448
RNF6,-0.104264004889968,5.47557339818514,0.0716120374552265,0.789003955139777,0.999580718477448
API5,0.109420017307071,5.62331267275503,0.0714506020497616,0.789236297276782,0.999580718477448
ADIPOR1,-0.104940047294485,5.49341257329244,0.0714189000091317,0.789281956725126,0.999580718477448
USP10,-0.132284173944296,5.71566422664006,0.0713197624106634,0.78942481158537,0.999580718477448
ST7L,-0.128487817052725,4.5959916821213,0.0711549820942032,0.78966249152592,0.999580718477448
RPL35,-0.037315993404179,11.0333159404608,0.0710648775758358,0.789792583411396,0.999580718477448
ZSCAN16,0.157199748819498,4.16733366750583,0.0710214041697448,0.789855381415413,0.999580718477448
EXOSC10,-0.0966871703984149,5.27131770974307,0.0709335927642645,0.789982289153475,0.999580718477448
UQCRC1,0.0973600525996681,5.78157611255903,0.0708893355729714,0.790046282889415,0.999580718477448
RRAGB,-0.147760588878944,4.34200075652796,0.0708731302113321,0.790069720400913,0.999580718477448
CFL2,-0.0997623837985238,4.16312566712622,0.0708459748738139,0.790109001091449,0.999580718477448
EXOSC4,0.134514745417317,4.57564911979359,0.0708180106358611,0.790149460297401,0.999580718477448
DGKD,-0.0866737681592343,5.91470321650381,0.0707809859566666,0.79020304148905,0.999580718477448
JADE2,0.0657408691983209,6.00400782292705,0.0706931817000012,0.790330169636931,0.999580718477448
GFER,-0.0936413208971,5.44598025482893,0.0706596642695683,0.790378720428477,0.999580718477448
TRRAP,-0.0878323143725968,5.34916326390856,0.0704234831356683,0.790721184447076,0.999580718477448
RO60,0.154954890267529,6.08748263867317,0.07037993523676,0.790784396244404,0.999580718477448
MAN2B2,0.10227522889101,5.30961559988468,0.07034775517306,0.790831120551657,0.999580718477448
ENDOG,0.0928990981238648,5.28029940405004,0.0703333281022989,0.790852071858612,0.999580718477448
AZIN1,0.0904724081899206,5.99140345300812,0.0703237671558377,0.790865957740852,0.999580718477448
COPE,-0.0483065189045173,7.87160162173331,0.0702320775780745,0.790999174832766,0.999580718477448
GPS2,-0.0604413168721948,7.18569305416497,0.0702218228535614,0.791014079853044,0.999580718477448
PGGHG,0.140571697457284,4.95333831024534,0.0702045815461396,0.791039142346065,0.999580718477448
NAPRT,0.11312764600794,5.39580408383589,0.070088635634356,0.7912077704912,0.999580718477448
MSL2,0.0901708810543498,5.37892729354752,0.0700565469614256,0.791254465629556,0.999580718477448
XPO5,0.231297926979681,4.25941197722785,0.0699930896777925,0.791346841780767,0.999580718477448
AP5Z1,0.178115206485472,4.94512984557705,0.0697939396271785,0.791637040157378,0.999580718477448
WBP2,-0.0793824616967269,6.29008185882432,0.0696779831578187,0.791806214197401,0.999580718477448
CD55,0.123188685494454,5.9353530981299,0.0696720104790973,0.791814932079833,0.999580718477448
ST3GAL2,0.105804369183873,4.8088631244141,0.0696171658395794,0.791895003483808,0.999580718477448
ERO1B,-0.119642417757588,5.15810609997207,0.0695060057469839,0.792057397176932,0.999580718477448
CD8B,0.076506127395305,8.41207953915499,0.0694949779005327,0.792073515319678,0.999580718477448
R3HCC1L,-0.129232744337194,4.99730270309429,0.0693739378510205,0.792250515690509,0.999580718477448
SNF8,0.0616495528265823,6.48495123754195,0.0693082071040418,0.792346704853691,0.999580718477448
ORMDL1,0.0484287028152773,7.62651428925499,0.0692098526142289,0.792490726136615,0.999580718477448
TSR2,-0.0764621439342781,5.82035461243484,0.0691930140958537,0.79251539388424,0.999580718477448
APEH,0.0880795525533041,5.32209187159626,0.0691155612286192,0.792628900549442,0.999580718477448
KDM1B,-0.136249997391544,4.45251507191664,0.0690762117134174,0.792686593052121,0.999580718477448
MAP9,-0.118425213355978,4.68061073519172,0.0690085925875881,0.792785774242801,0.999580718477448
ZNF451,-0.0963920695960932,6.21219693600945,0.0689814060497191,0.792825665074561,0.999580718477448
MRNIP,0.0910217555302278,5.30436217197683,0.0689594897347288,0.792857829021376,0.999580718477448
DDRGK1,0.0796940446355515,6.24390425682897,0.0688781301456256,0.792977278543865,0.999580718477448
CXCR4,-0.0720059717280052,8.6876114176838,0.0687525241451823,0.793161837384061,0.999580718477448
ARID2,-0.0696893520943495,6.06420826336321,0.0687186447483335,0.793211648833806,0.999580718477448
TUBE1,-0.112577444896651,4.6805057730362,0.06871143336949,0.793222253114073,0.999580718477448
FAM204A,-0.0535643410918959,7.10347816967801,0.0686979718762597,0.793242049733526,0.999580718477448
CTSH,0.262408135536084,5.66051116964168,0.0686450282335258,0.793319929349187,0.999580718477448
LYPLA1,-0.062415799815689,6.25899614320415,0.0685931819750048,0.793396225832488,0.999580718477448
TNKS,-0.107274101514232,4.82878139093761,0.0683696832699603,0.793725477706589,0.999580718477448
CIAO2A,0.160862175237482,5.40915351615735,0.0683428247728841,0.793765083550878,0.999580718477448
SARNP,-0.0783213426120272,6.61984547698935,0.06818609923541,0.793996358787033,0.999580718477448
APEX2,-0.139577805897109,4.31813397785514,0.0681217682356348,0.794091372322127,0.999580718477448
SOD1,-0.0304594109703263,8.45488617151783,0.0680420857249899,0.794209125699521,0.999580718477448
MED24,-0.121142478427807,4.59950395033553,0.0678974581731469,0.794423041965985,0.999580718477448
ARAP1,0.0944013132313161,4.98389150699578,0.0678937030188855,0.794428599392862,0.999580718477448
TIMM22,0.0997824623656899,5.03210517860549,0.0677938527356172,0.794576432701496,0.999580718477448
ZDHHC18,0.0802600824191192,5.67883790654508,0.0677880246531615,0.794585065056939,0.999580718477448
SLFN13,-0.0939561228271372,5.22001698086467,0.0677099506617331,0.794700743798801,0.999580718477448
OPA3,-0.128801278444691,4.47910252858736,0.0676534412525829,0.794784515692371,0.999580718477448
EFL1,0.154315992307284,4.31272739645748,0.0675592008139905,0.794924304761957,0.999580718477448
OCIAD2,-0.0405376821421938,7.51177167177328,0.0674797699069893,0.795042207360109,0.999580718477448
PXMP2,-0.146711527558354,4.46713442213776,0.0674764425162699,0.795047147960626,0.999580718477448
FBRS,-0.0694452307280146,5.88950944173181,0.0673987780696077,0.79516250320933,0.999580718477448
JAZF1,0.122180134377446,5.17141670738748,0.0671160075132473,0.79558310365823,0.999580718477448
MTMR6,0.0907617631031939,5.30364097163718,0.0671052425194478,0.795599134462862,0.999580718477448
TK2,-0.1352692112334,4.6218836569454,0.0670423440747268,0.795692827790107,0.999580718477448
MRPL52,0.061263017725622,6.93630915617047,0.0670193435971225,0.795727100939625,0.999580718477448
TIFA,-0.100464434913468,4.8422280004656,0.066968700361195,0.795802586855548,0.999580718477448
PSMB4,0.0788256238033004,6.97003123737039,0.066954568042858,0.795823657116865,0.999580718477448
VDAC2,0.0551353403858216,7.12192900767624,0.0669510995867331,0.7958288286959,0.999580718477448
CTNNB1,0.0622626553077473,6.98645533941038,0.0669438317756121,0.795839665698311,0.999580718477448
TULP4,0.121868443247358,5.43362153037212,0.0667186458704308,0.796175750950713,0.999580718477448
ZXDC,0.116878642337803,4.84562148771298,0.0666764993791134,0.796238720892077,0.999580718477448
C2CD3,-0.1244330147035,4.33798107827843,0.0666522828439717,0.796274911770623,0.999580718477448
INTS6-AS1,-0.165662091667853,4.05328289290167,0.0665788089575772,0.796384759205006,0.999580718477448
MSH2,-0.111742197522254,4.73304189921927,0.066573543269155,0.796392634176076,0.999580718477448
RUSC1,-0.115939794683312,4.65530795597364,0.0664517486847238,0.796574873854851,0.999580718477448
PUM2,0.0649749735102217,6.40205929468517,0.0663148959015079,0.796779857547863,0.999580718477448
USP4,-0.077694645663072,5.62624731035222,0.0660620446189757,0.797159182680303,0.999580718477448
ANKIB1,-0.0872784567582769,5.60989386092749,0.0659389599095555,0.797344113277712,0.999580718477448
MRPL12,-0.0886733071763357,5.45830518579014,0.0658848169852391,0.797425519447619,0.999580718477448
ISCA1,0.0963510663618534,5.75577398796676,0.0658361431630894,0.797498733029874,0.999580718477448
EXOSC2,0.119021284923804,4.4296916326852,0.0657663793327785,0.797603719836851,0.999580718477448
PIGM,0.13239171035833,4.21073645753513,0.0656968612818201,0.797708395822807,0.999580718477448
SS18,-0.0734006974637199,6.21815889537292,0.0656910765998298,0.797717108698947,0.999580718477448
TSTD3,0.192353024890201,3.97919260870534,0.0656235881903555,0.797818789825315,0.999580718477448
BCAT1,-0.232937340941446,4.02727190868679,0.0653479068960259,0.7982347235854,0.999580718477448
AKAP17A,0.0953418640233188,5.84987418766156,0.0652016216194902,0.79845581091958,0.999580718477448
PRDM1,-0.109632063545672,6.96478307722015,0.0651657775723695,0.798510023882833,0.999580718477448
SLC27A3,0.0994675199871813,5.08448814843565,0.0650987440921664,0.798611452494457,0.999580718477448
MTMR9,0.0922808517417036,5.42603000519777,0.0650681104193644,0.798657822937395,0.999580718477448
MARK4,0.114150493466111,4.64939398849497,0.064906988959093,0.798901905409876,0.999580718477448
IWS1,-0.110519303322863,6.02343269892452,0.0648376679117781,0.799007018936525,0.999580718477448
STK38,0.110308436106007,5.92871630485604,0.0647057276099865,0.799207249312093,0.999580718477448
SLAIN2,0.0651417390870484,6.22080853375861,0.0646711210494484,0.799259803618474,0.999580718477448
EIF4EBP1,-0.0802490315593933,5.59076704922055,0.0645279825863767,0.799477336102052,0.999580718477448
PQBP1,-0.0853356034001868,5.89215046303552,0.0645108133712906,0.799503445998272,0.999580718477448
LAPTM4A,-0.0670154225704083,6.4414134836975,0.0644679904493462,0.799568584610097,0.999580718477448
CBY1,0.0361851723686203,4.06833677536967,0.0644316160384211,0.799623932382221,0.999580718477448
RFX3,-0.122792007771318,4.64265922136285,0.0644076524578967,0.799660404762163,0.999580718477448
NUDT16,-0.107449948568169,4.52672582044699,0.0643502683324755,0.799747772310882,0.999580718477448
NUP85,0.104718465646826,4.64118175895999,0.0642093112969198,0.799962556094464,0.999580718477448
ZNF639,0.248503950745423,5.13594615499154,0.0641794367242081,0.800008109794319,0.999580718477448
PHF21A,0.0894456350866225,5.53885744496305,0.0641565510034923,0.800043014302874,0.999580718477448
PCBP1,-0.0468084943816505,8.25469757781523,0.0641301110932773,0.80008334778726,0.999580718477448
RING1,0.122316268391639,5.03935036490367,0.0640922004515261,0.800141195053966,0.999580718477448
NSL1,-0.0690728819628084,5.97207614357805,0.0638040844774785,0.800581422952308,0.999580718477448
OGG1,-0.0967235223305476,5.02485032523269,0.0637074883156856,0.800729254039902,0.999580718477448
TIPRL,0.0891206375428751,6.35075744386981,0.0636911824939102,0.800754220281699,0.999580718477448
STK24,-0.0649073905650555,6.60959686206322,0.0636351663458861,0.8008400138814,0.999580718477448
RAPGEF1,-0.0721681578562374,6.34276055394682,0.0636128839331658,0.800874152498895,0.999580718477448
PKD1,-0.102752321640556,4.87072210729674,0.0634768396180059,0.801082722439965,0.999580718477448
TMEM208,0.0677942579537136,6.28371527925789,0.0634481958181219,0.801126666617459,0.999580718477448
RIT1,-0.0935481149739966,5.11286838092259,0.0634435020672814,0.801133868588994,0.999580718477448
KRAS,0.080494890688163,7.24082315797164,0.06341148401693,0.801183003828169,0.999580718477448
SASH3,-0.0601660270317434,6.30884190277893,0.0633823399467524,0.801227740096656,0.999580718477448
AHI1,-0.1540962968843,5.47461054272331,0.063221520685687,0.801474795242,0.999580718477448
THAP3,-0.157269838453069,4.7020185496551,0.0631239796676226,0.801624803339584,0.999580718477448
STK35,0.141262098405288,4.13406126464334,0.0630353842433049,0.801761160848893,0.999580718477448
S1PR2,0.160041584442767,4.16930623443794,0.0630212879975538,0.801782865818328,0.999580718477448
PARP6,0.108479837115818,4.79352714018946,0.0630152343089812,0.801792187895456,0.999580718477448
SON,-0.0256196604620944,9.16182948413589,0.0628256242959253,0.802084409705408,0.999580718477448
ARPC4,0.0470146907656465,7.97883986630661,0.0627431454313125,0.802211670164738,0.999580718477448
MMS19,0.133661687400612,4.43031148929854,0.0626892616067858,0.802294858025936,0.999580718477448
SMU1,-0.0729743352194805,6.21189563938008,0.0626352189354424,0.802378329290538,0.999580718477448
COX5A,0.0436111522216053,7.73581112314137,0.0625762617056616,0.802469434960475,0.999580718477448
TMEM234,0.20379967078703,4.0120213831306,0.062571475010972,0.802476833764917,0.999580718477448
ARHGEF2,0.0937045604205245,5.28922228471281,0.0624311126934121,0.802693925945093,0.999580718477448
EXOC6,-0.0931789114667838,5.27171095894324,0.0623793947338101,0.802773981183069,0.999580718477448
SNHG1,0.138254496808518,5.67564328440099,0.0623637899416334,0.802798143068508,0.999580718477448
NDUFV3,-0.0775609462938356,5.90015028758786,0.0622525743573679,0.802970438264481,0.999580718477448
RECQL,0.0664454646855333,6.56614700866956,0.0622493416717891,0.802975448785499,0.999580718477448
COX14,0.0564215855908571,7.3172372668832,0.0622228608619651,0.803016498084368,0.999580718477448
RAP1B,-0.0333897724885376,8.3472956037782,0.0621695984001418,0.803099091141831,0.999580718477448
CNEP1R1,0.137480286234887,4.99414500455743,0.0620563099933627,0.803274890316842,0.999580718477448
ZNF669,-0.0986864220008408,4.22533969236732,0.0620144910112472,0.803339827421182,0.999580718477448
ACTN4,0.0324818220919206,8.22988971827931,0.0619737673597616,0.803403086031636,0.999580718477448
SNAP23,0.0765458900919971,5.67957560915567,0.0618369886030727,0.803615714795674,0.999580718477448
HS1BP3,-0.120980205537594,4.41548907425084,0.0618092564856703,0.803658856064108,0.999580718477448
ZNF567,0.12768491005251,4.84144713234747,0.0616644599862397,0.803884274771694,0.999580718477448
CLCN6,-0.143754653172409,4.08654968961891,0.0616477932305521,0.803910239546451,0.999580718477448
CPTP,-0.145482107817801,4.60492789211855,0.0616110820553217,0.803967444230833,0.999580718477448
TRAF3,0.0901526863058365,5.30519074970923,0.0615893305128292,0.804001346809276,0.999580718477448
SGK3,0.106010832214754,5.47602637370113,0.0615751769540811,0.804023410365442,0.999580718477448
ZNF131,-0.0646847016511803,6.37357758292579,0.0615490464796817,0.804064151448095,0.999580718477448
C12orf43,-0.122113071849415,4.63628753514043,0.0614302157627513,0.80424954114242,0.999580718477448
TSPAN3,-0.134520166613351,5.61955460344782,0.0614013458523317,0.804294610280144,0.999580718477448
LINC01934,0.0858506414837093,6.27870574880203,0.0612758064192409,0.804490722177042,0.999580718477448
RIF1,-0.0745957966771104,6.71800790768961,0.0612100716967987,0.804593494972152,0.999580718477448
CLIC3,-0.083801773001228,6.46633758735767,0.0611316905958717,0.804716116293576,0.999580718477448
GID4,0.160861819621808,4.16504429224228,0.061041347735654,0.804857554413317,0.999580718477448
AAAS,-0.147912863136625,4.32459284404512,0.060804049900467,0.805229590693732,0.999580718477448
POLD2,-0.0873053171562833,5.29171538193689,0.0607817196306613,0.805264639776332,0.999580718477448
IRF2,0.0446488768540745,7.39571234835373,0.060719205543168,0.805362796801335,0.999580718477448
BRCC3,-0.104756517888717,4.7313723319475,0.0606878833688711,0.805411997734434,0.999580718477448
HAGH,0.0548370003454864,6.46720746490619,0.0606532535959108,0.805466409928202,0.999580718477448
DCAF13,0.0684279116159297,5.71351723778785,0.0606228023655007,0.805514270182271,0.999580718477448
VCL,0.151873830747431,4.28463268473557,0.0606130701865473,0.80552956895388,0.999580718477448
EID3,-0.1341053971216,4.46724487529187,0.060298406501758,0.806024917064976,0.999580718477448
NEDD9,-0.0717857254751314,6.46340863490283,0.0602943156538531,0.806031365950369,0.999580718477448
AP1S1,0.0894526117087871,5.29278771651596,0.0602503040256659,0.80610076134107,0.999580718477448
ZNF75D,-0.129159382847663,4.29519915731036,0.0601801630073844,0.806211411844004,0.999580718477448
TOX4,0.0520450625910973,6.46258868893555,0.0601495344188021,0.806259751216488,0.999580718477448
EHMT2,-0.0835985533795787,5.1035071565896,0.060149298315018,0.806260123896435,0.999580718477448
RPS7,-0.0223011737166324,11.5846847770596,0.0601032337879008,0.806332849665312,0.999580718477448
DDX54,-0.0902818723703189,5.38389708165682,0.0600709092493599,0.806383900652279,0.999580718477448
INTS1,-0.087404504837646,5.26507243179855,0.0600392768070108,0.806433872691845,0.999580718477448
RPN1,-0.0828240285693749,6.13654623798623,0.0599826659676435,0.806523339743869,0.999580718477448
SEC14L1,-0.0988178586149433,5.78661571283536,0.0599709934588546,0.806541792392832,0.999580718477448
PAXX,0.0561120033193293,7.80231400766801,0.0598887007824498,0.806671939971808,0.999580718477448
TCF25,0.0481813280738923,7.88182856499785,0.0597635352202701,0.806870073737584,0.999580718477448
CARD16,0.0535659333985677,7.07330906134744,0.0597272946568843,0.806927482630064,0.999580718477448
WDFY1,0.0887176284859251,5.31664913697839,0.0596622457377887,0.807030573325658,0.999580718477448
TMEM126A,0.0746371685816489,5.65950105588698,0.0595800576384544,0.807160911694252,0.999580718477448
DDHD1,-0.0702406285893957,6.51197270189662,0.059550638932393,0.807207588630514,0.999580718477448
ZFC3H1,0.0594928353478836,6.47198798158221,0.0595157874489374,0.807262901247245,0.999580718477448
TMEM167B,-0.0972061016191298,5.1090470417314,0.0594456526528191,0.807374263867625,0.999580718477448
ZFYVE27,-0.087145639936133,5.12107588437896,0.0594306175859174,0.807398146160348,0.999580718477448
ZZEF1,-0.0716084316449763,5.9121231436427,0.0594255110663191,0.807406258285391,0.999580718477448
MECP2,0.0563153664589861,6.80566475333887,0.05938777667573,0.807466213907583,0.999580718477448
BRF1,0.139529675366567,4.39347862848434,0.0592190147892708,0.80773460444618,0.999580718477448
BTN3A2,0.099856017224914,7.35576370011578,0.059183532459123,0.807791085304142,0.999580718477448
FAM133B,0.0542405839696146,7.6324830259696,0.0591104449440802,0.807907482725423,0.999580718477448
RNF31,0.33892082159611,4.17460008553347,0.0591071644074752,0.807912709015991,0.999580718477448
PARP12,0.123400304147599,5.29569626149425,0.059076548053401,0.807961491969608,0.999580718477448
CNTROB,0.17069034387539,3.91268182340987,0.0589743169970074,0.808124480167464,0.999580718477448
STARD3NL,0.0825188427670708,5.74147905768099,0.0588588181149961,0.80830880150441,0.999580718477448
RPS27A,0.029851610124635,12.3261875920508,0.0587448329346518,0.808490895007477,0.999580718477448
KDM2A,-0.0619158556211808,6.74672778731,0.0587362617541247,0.808504595190412,0.999580718477448
PXMP4,-0.13730776476815,4.29175549960185,0.0587205007257161,0.808529790395483,0.999580718477448
CZIB,0.119918247954416,5.0975661288596,0.0586332271453323,0.808669368701735,0.999580718477448
SYF2,-0.0450587710102021,7.99947415404468,0.0585357580613213,0.808825382924631,0.999580718477448
RFX5,0.112168187820573,4.68622281050516,0.0584652323868387,0.808938355841551,0.999580718477448
TRIM13,-0.0757514275588858,5.67931703510456,0.0583989798152516,0.809044549524575,0.999580718477448
METTL6,0.128022989847008,4.43590424161837,0.0582455992663,0.809290642175566,0.999580718477448
KNOP1,-0.0874336213463082,5.55143530782482,0.0580100299671003,0.809669271891181,0.999580718477448
AKT1,-0.0580866139680284,6.18469597957635,0.0580087640392648,0.809671308807835,0.999580718477448
BLZF1,-0.089030351822138,4.99463696163825,0.0580001980319853,0.80968509239381,0.999580718477448
PSTPIP1,0.0679993397001501,6.75466184352531,0.0579590690121528,0.80975128821623,0.999580718477448
NEU1,-0.105144562211642,6.07549610142448,0.0578671259010211,0.809899357586851,0.999580718477448
TKFC,0.223523138764945,3.93647727323804,0.0578422332529156,0.809939467242902,0.999580718477448
BLOC1S1,-0.0536421767929049,8.06842058057656,0.0578085056737248,0.809993827238602,0.999580718477448
DLEU1,0.177557857293003,4.32082166163867,0.0577090005916414,0.810154301103143,0.999580718477448
COPS7B,0.11780252549517,4.98201207415135,0.0576921464204983,0.810181496655336,0.999580718477448
DAP,0.089588399666969,5.23451983185491,0.0574523198025219,0.81056893223807,0.999580718477448
HDDC2,0.076088294378506,6.02466018082258,0.0573761345400357,0.810692187070661,0.999580718477448
BTBD9,0.118011243056268,4.01994077348781,0.0571907000905876,0.810992550626863,0.999580718477448
FUCA2,-0.141934372445581,4.32179898653732,0.0571395456327135,0.811075500312455,0.999580718477448
DBT,-0.113579371966425,4.89297452318684,0.0571273809095185,0.811095231837287,0.999580718477448
CYB5R4,0.0816685800188275,5.34588264030461,0.0570322183294785,0.811249664931197,0.999580718477448
TIMM50,0.104310638048278,4.78870481283385,0.0570056974754021,0.811292728143961,0.999580718477448
CHAMP1,-0.114376525961164,4.63821591443449,0.0569030529716343,0.811459496934682,0.999580718477448
ZCCHC10,-0.0731442318283782,5.83127007296455,0.0568957192498285,0.811471418277103,0.999580718477448
PACRGL,-0.149505297802734,3.82273764439568,0.05687594208759,0.811503571120885,0.999580718477448
CETN2,0.112727233176357,4.69143091277891,0.0568443848936031,0.811554887661296,0.999580718477448
CWC22,-0.085017406706607,5.87931029583998,0.0566956204153026,0.811797003108928,0.999580718477448
SRSF4,-0.0514729395893064,7.30825242961673,0.0566271282307689,0.811908587562581,0.999580718477448
ZNF513,-0.157744921319401,4.05002783695743,0.0566253489815631,0.811911487187062,0.999580718477448
MAN2B1,0.128776760919321,4.87811125665877,0.0565722954368004,0.811997970139928,0.999580718477448
CAD,-0.122307470838984,4.38252124806795,0.056486105188382,0.812138560858374,0.999580718477448
C3orf62,0.146346510289755,4.46050144890825,0.0564442300220662,0.812206907165269,0.999580718477448
PCED1A,-0.133269967407479,4.31275511038527,0.0564062971551458,0.812268842195086,0.999580718477448
SH3KBP1,0.0717002074581161,7.46218135948838,0.0563774822605456,0.812315904526465,0.999580718477448
MT2A,0.0992146904872598,7.73752957647546,0.0562810619059402,0.812473476877873,0.999580718477448
CD3D,-0.0437433999925058,10.0638023462883,0.0561143656196066,0.812746232437763,0.999580718477448
POLR2B,-0.0660768915363534,6.54873829585962,0.0560803370443885,0.812801964007207,0.999580718477448
CYTIP,-0.0638463925864201,7.7888564259853,0.056030411918476,0.812883763073581,0.999580718477448
GNL1,-0.0966536726585984,5.33608251153676,0.0559781099935925,0.812969497657541,0.999580718477448
ALKBH5,-0.0655734277251236,6.06156683329532,0.0559509565393821,0.813014024937525,0.999580718477448
NABP2,-0.0952316817162169,4.93346922689303,0.0559219662187118,0.813061576976771,0.999580718477448
NDUFB5,0.0522691341544785,6.57542758400513,0.0558895504173247,0.813114763154535,0.999580718477448
ABCF2,-0.111912491686175,4.65529456165394,0.0558301357960644,0.813212289903699,0.999580718477448
AREL1,-0.123517876385216,4.45361973558988,0.0557869702371701,0.813283178828308,0.999580718477448
LRRC8C,0.0879638612863196,5.15694559362424,0.0557838917613189,0.813288235581627,0.999580718477448
MTPAP,-0.112727360871375,4.3338864604942,0.0557405622702039,0.813359424926116,0.999580718477448
GADD45GIP1,0.0435132976397343,7.26811623232301,0.055653374469502,0.813502761032072,0.999580718477448
ARL2,-0.0623314527072387,5.98522760394192,0.0555768680154998,0.813628634747498,0.999580718477448
PDCD6IP,-0.0654805344526362,6.69753544499192,0.0555497477791871,0.813673276791694,0.999580718477448
FAM162A,-0.0728914850245863,6.39255535148037,0.0555036747997928,0.813749142920661,0.999580718477448
EOGT,-0.0311279036175875,4.05382336311079,0.0552978809596372,0.814088420041572,0.999580718477448
BANP,-0.100308858951289,5.0166327752666,0.0552937091840517,0.814095304624273,0.999580718477448
ZNF276,0.0801736720088649,6.39254063674612,0.0552729767036588,0.814129523013139,0.999580718477448
EZR,0.0838831616603575,8.65684386275848,0.0551071546305959,0.814403451820939,0.999580718477448
SLC25A14,0.175303631114601,3.74062819274231,0.0550666505335382,0.814470428387864,0.999580718477448
PIDD1,-0.13821790838288,4.18183212242306,0.0550461179329407,0.814504390511765,0.999580718477448
FARP1,0.17826697765194,4.0789444754681,0.0549426047517141,0.814675709229908,0.999580718477448
TRAPPC12,-0.0836406925286163,5.15535591460569,0.0549237555521884,0.814706923775697,0.999580718477448
PARP9,-0.0770855179119742,6.11410427649087,0.054569074642524,0.815295337230001,0.999580718477448
OLMALINC,0.167038143434377,3.81149449409216,0.0544052120424095,0.815567865326267,0.999580718477448
ANKH,-0.0714770129752056,5.68413627242979,0.0543758856111403,0.815616685217634,0.999580718477448
COIL,0.0715424861116703,5.74357443638296,0.0542646723794906,0.815801948814219,0.999580718477448
MAP3K14,-0.101557043605158,4.73749852151462,0.0542332008540125,0.815854411708153,0.999580718477448
HDHD5,-0.0870201006481028,4.65756232654703,0.0542159116498877,0.815883239564747,0.999580718477448
PPP1R18,-0.0342064468963272,7.75240945043076,0.0542146513333162,0.815885341194244,0.999580718477448
KLF12,0.0713878712301176,5.84456503678394,0.0541026329863925,0.816072239344017,0.999580718477448
SERINC3,-0.052572666343857,6.43578092565639,0.0540917484357051,0.816090410650798,0.999580718477448
ZNF26,-0.0871983303927445,4.90312343127529,0.0540467688044028,0.81616552272742,0.999580718477448
GOLGB1,-0.0475494537496408,7.11449246611018,0.0540194770428482,0.816211113658285,0.999580718477448
KPNA4,-0.0721889906991252,6.72124607032018,0.0539169856016049,0.816382434252335,0.999580718477448
TRMT11,0.0961780018338976,5.01894355947806,0.0538680815402728,0.816464240804543,0.999580718477448
BYSL,-0.121112342486398,3.97555923725289,0.0538399944314332,0.816511242520639,0.999580718477448
SF3B6,0.0575841301598238,7.4801731836399,0.053728076314675,0.816698657704627,0.999580718477448
MGA,0.100963388147933,5.72233577098555,0.0536767652773058,0.81678465060746,0.999580718477448
MAU2,0.113392226750847,4.99411804860984,0.0536690839913838,0.816797527510914,0.999580718477448
PTS,0.099368705586158,4.83433543034006,0.0533957461260961,0.81725638454797,0.999580718477448
PIGC,-0.0773657165235003,5.52884034442954,0.0533773631877104,0.817287288662804,0.999580718477448
ZNF428,-0.0578789106579361,6.46393518257115,0.0533712058343934,0.817297641229305,0.999580718477448
FKBP3,0.055406710531027,6.6143991330742,0.0533457024994952,0.817340527549345,0.999580718477448
GATA3,-0.0699265187438784,6.68445843865104,0.0532834737603807,0.817445216522821,0.999580718477448
TMEM65,-0.0912938729293848,5.85792677537485,0.053220627837133,0.817551009171718,0.999580718477448
HLCS,-0.115972965225464,4.16761278389137,0.0530420896426396,0.817851913596502,0.999580718477448
PARP8,-0.0654851719856191,7.15514538319557,0.0530041723450143,0.817915887218425,0.999580718477448
PAFAH1B2,0.0757055920887072,5.91062126938098,0.053003314873326,0.817917334213212,0.999580718477448
PDCD4,0.0442930712097526,8.09093115338624,0.0529698088545541,0.817973885715055,0.999580718477448
DUSP6,-0.105800805425234,5.98026175004387,0.0529621794885546,0.817986765201073,0.999580718477448
FOXK1,0.0896443922106387,5.14904303316826,0.0528898938905309,0.818108842367667,0.999580718477448
C11orf58,-0.0303051170514741,8.27598030322427,0.0528783739581682,0.818128305541152,0.999580718477448
ZNF195,-0.0929768638609165,4.93021923631914,0.0528540138284654,0.81816946985633,0.999580718477448
UBQLN1,-0.086685144595966,6.0991198474162,0.0527806549066661,0.818293493833649,0.999580718477448
NSMAF,-0.0888365719058063,5.17898070527804,0.0527730914641911,0.818306286097061,0.999580718477448
MSC-AS1,0.11832421723387,4.49002794153884,0.0526359960182052,0.818538326982704,0.999580718477448
CYB561A3,-0.0881271580537506,5.03835429867476,0.052602457618594,0.818595140811144,0.999580718477448
UBXN2B,0.108646574230905,4.81291176864168,0.0524853646639976,0.818793645119256,0.999580718477448
NUDT3,0.0713023415530501,5.88440458849068,0.0524415082626017,0.818868053595507,0.999580718477448
CLTC,-0.0840908011033768,6.5932599140137,0.0524281814918961,0.818890670799577,0.999580718477448
RFXANK,-0.0689020137546675,5.47273235592619,0.0524047199344375,0.818930495362181,0.999580718477448
DDX49,-0.0828631468501775,5.25771973795985,0.0523687149717373,0.818991629840901,0.999580718477448
NOL9,-0.0981875937788443,4.96482440398614,0.0523304119193639,0.819056690635368,0.999580718477448
ANKRD36C,0.0732160639133467,5.95220931412625,0.0522929263048813,0.819120387210876,0.999580718477448
WASF2,0.0488966735137892,7.56888061323963,0.0522773877303528,0.819146797822348,0.999580718477448
ARID1B,0.0652191479493663,7.63971356806551,0.0521250546484176,0.819405934407554,0.999580718477448
HIP1R,0.270443707494547,4.21932675238552,0.0520247346922513,0.819576808150211,0.999580718477448
DISC1,-0.534820849412383,3.86321553279772,0.0519856079573921,0.819643499212626,0.999580718477448
EIF4E2,0.0600767378826763,6.19896087146852,0.0519801801382975,0.819652752951949,0.999580718477448
DANCR,0.122514173818937,6.28679193209498,0.0518854433973459,0.819814348937551,0.999580718477448
SMIM8,-0.0915213785897707,4.83045706475054,0.0516981417476883,0.82013429364898,0.999580718477448
RFXAP,0.0998851609646773,4.76545526984365,0.0516306882715387,0.820249665505711,0.999580718477448
SLC33A1,-0.0790166818343146,5.3799406351386,0.0515280731477406,0.820425329645332,0.999580718477448
IFT74,0.196754263816507,4.34229764091402,0.0514777548245817,0.820511535472358,0.999580718477448
UBALD2,-0.0427718888518817,8.06077907879082,0.0514764845492213,0.820513712293296,0.999580718477448
FBRSL1,0.0935390134041905,5.10494880874556,0.0514722011566207,0.820521052782952,0.999580718477448
HP1BP3,-0.0366941917425049,8.36323253963862,0.0513012262874639,0.820814316676332,0.999580718477448
TIMM8A,-0.126904574104371,4.0799193621651,0.051224872651396,0.820945447857199,0.999580718477448
ZNRD2,-0.156535494186382,5.11584799277131,0.0510854113555084,0.821185226789146,0.999580718477448
TCEAL3,-0.121936747642637,4.22204467002953,0.0509978444428967,0.821335958399076,0.999580718477448
ZNF266,0.127635345446105,4.53497564006722,0.0508378146739403,0.821611774347771,0.999580718477448
TBC1D22B,-0.0104235656910881,3.91445805583151,0.0507358033825458,0.821787831912045,0.999580718477448
AGO2,0.0496427260589004,6.84270500306577,0.0507346944217115,0.821789746848456,0.999580718477448
SNHG9,0.0765854477924436,6.31140805637168,0.0507337695848715,0.82179134385922,0.999580718477448
UBAC2,0.0728529866689946,6.23212597085708,0.050685030258629,0.821875528712282,0.999580718477448
EBLN3P,-0.0568409395212234,6.30437454048068,0.0506152857659732,0.821996068679083,0.999580718477448
AGA,-0.077897896341603,5.40568395711151,0.0505575292800966,0.822095955738333,0.999580718477448
RAB28,-0.0983703486861333,4.85700485934654,0.0505464131219355,0.822115187475511,0.999580718477448
RFTN1,0.0697186138702695,5.61469932847936,0.050523427366004,0.822154961501104,0.999580718477448
TIMM13,-0.0672099124027902,6.14537862205473,0.0505032475357261,0.822189888053114,0.999580718477448
SNHG10,0.118399146460338,4.36709000602257,0.0504951892459093,0.822203837110304,0.999580718477448
KHNYN,0.122643991300151,4.93498262771268,0.0504213206236095,0.822331759661166,0.999580718477448
DEDD2,-0.107232975186873,5.84025766278814,0.0503838407915147,0.822396703288522,0.999580718477448
UTRN,0.0874360791297969,7.21434829132572,0.0501921738699629,0.822729213756164,0.999580718477448
RABGAP1,0.0912327060137644,5.25016794817102,0.0501511163481556,0.822800528446761,0.999580718477448
WDR83OS,0.0460135746514723,8.02061535212017,0.0500093364513941,0.82304702843866,0.999580718477448
MIDN,-0.0649173966519885,6.66474784181265,0.0499591265599033,0.823134411833933,0.999580718477448
FANCI,-0.151238648395859,3.8242304851632,0.0499361586193334,0.823174399737311,0.999580718477448
SHFL,0.118854037519778,6.22954913083598,0.0496537632967176,0.823666850120584,0.999580718477448
MED9,0.148613853196981,4.09487246944581,0.0496306716493038,0.823707183046582,0.999580718477448
MMGT1,-0.0881311364332049,5.20111854019196,0.0496231985690212,0.823720237979202,0.999580718477448
SLC25A36,-0.0812749780371337,5.81917076796643,0.0496229171922806,0.823720729544243,0.999580718477448
ZFAND3,0.0882790394113223,4.9704768767829,0.0496221531034262,0.823722064414511,0.999580718477448
SUCLG1,0.0577997793449959,6.29720587369358,0.0496030609787148,0.823755422035143,0.999580718477448
ATG2B,0.107018621781376,4.51176735454032,0.0495300863067154,0.823882984985048,0.999580718477448
POM121,0.0814335439101689,5.32808115986122,0.0494783326387704,0.823973512468735,0.999580718477448
ACYP1,-0.081678031350287,5.79983234846186,0.0494400096794543,0.824040578988861,0.999580718477448
CD69,0.0922431984546198,9.33338799396638,0.0493001469286494,0.824285575420961,0.999580718477448
NDUFB2,-0.0306330082055857,8.5255673236833,0.049283940139933,0.824313988283798,0.999580718477448
DCK,0.0589877587987814,6.31943707609741,0.0491225693995201,0.824597162522312,0.999580718477448
TMED7,0.0698972964883545,5.47886305131331,0.0490297670860596,0.824760233562316,0.999580718477448
TRAF6,0.127421433530432,4.44196391721031,0.0489038829184114,0.824981694578085,0.999580718477448
LINC01588,0.155745708384913,4.84670245460224,0.0488109563624342,0.825145366974507,0.999580718477448
RHBDD2,-0.0817289816582058,5.65655845235122,0.0488061510780948,0.825153835007562,0.999580718477448
IRGQ,0.249511719088035,4.08402681340828,0.0487957198885187,0.82517221870411,0.999580718477448
TXNDC5,-0.14202916436202,3.83352338717865,0.04877394511273,0.825210600726953,0.999580718477448
RGPD5,0.15747178574976,4.40062992448186,0.0486721736564277,0.825390110774935,0.999580718477448
PPRC1,-0.124212089583323,4.25528686797622,0.0486481369055927,0.825432536831546,0.999580718477448
LINC00623,0.0606644594400268,7.01062002873657,0.0486241727578385,0.825474845682905,0.999580718477448
ECD,-0.0938764345630361,4.7803025910805,0.0485804813536124,0.825552011273978,0.999580718477448
INTS3,0.107684658914584,4.70953245805303,0.0483211359319551,0.826010805114621,0.999580718477448
METTL9,-0.0458007192160346,6.9968961913325,0.0482763923075371,0.826090089065955,0.999580718477448
RPE,-0.102913939262407,4.63718297349524,0.0482142082954873,0.826200340687872,0.999580718477448
NAPA,0.0779232499148412,6.3038928515791,0.0481859419008384,0.826250481356161,0.999580718477448
FAM222B,-0.105631675109092,4.54899529306716,0.0481552230632349,0.826304989801004,0.999580718477448
DDX52,0.0628738750271082,5.90384557783205,0.0480703839309324,0.826455625682473,0.999580718477448
RBM12B,0.11143689451837,5.31373789076659,0.0479926033483125,0.826593851237388,0.999580718477448
MED28,0.0559513774111881,6.01564492404934,0.047784159400198,0.82696486132058,0.999580718477448
MIR4435-2HG,0.117608693183614,5.68813070214452,0.0476851274976724,0.827141425646606,0.999580718477448
SUGP1,-0.100601046402751,4.5840676170873,0.0476325423927069,0.827235257897123,0.999580718477448
TBC1D7,-0.113689796567574,4.43627353626165,0.0475292870930453,0.827419663463077,0.999580718477448
UBC,0.0336535670347818,10.1340996376815,0.0475122939707262,0.827450031898257,0.999580718477448
WDR12,0.14650133906399,4.32223033153544,0.0474334889089878,0.827590938963135,0.999580718477448
RSRC2,0.0443494356481516,7.86127017529996,0.0474116643128362,0.82762998401732,0.999580718477448
CHD2,-0.0437766548470409,7.46145647122938,0.0473514537743327,0.827737751850712,0.999580718477448
COX6A1,-0.0308305826414584,8.72195777443136,0.0470037456627068,0.828361505705986,0.999580718477448
MLXIP,-0.0880996073946608,5.31313512582113,0.0469532200688132,0.828452344376084,0.999580718477448
FBXO8,-0.110865314826843,4.51726927747809,0.0469364277831605,0.828482546124447,0.999580718477448
UBN2,-0.0969597679626252,4.86848820980977,0.0468958097648944,0.828555623015488,0.999580718477448
MORC3,-0.0580969978904708,6.30300523819542,0.0468674965868772,0.828606581559401,0.999580718477448
UBE2Z,0.0613248396112473,6.0582465807106,0.0467834760545056,0.828757898086959,0.999580718477448
PLXNA3,0.129225672265736,4.96601364748815,0.0467718783361164,0.828778796131768,0.999580718477448
ANAPC4,0.0814582576631648,5.00046561900061,0.0465493993932089,0.829180209403415,0.999580718477448
PPP1R15B,0.0848314099241694,6.17327160616362,0.0464731869072317,0.829317948498484,0.999580718477448
ENTPD3-AS1,0.130819021871566,4.27664352459873,0.0464507450454796,0.829358530276676,0.999580718477448
DDT,0.0544901240781544,7.42357895428787,0.0462759351453919,0.829674992052062,0.999580718477448
STYXL1,0.120881456925828,4.66556605508985,0.0462185590205806,0.82977899745356,0.999580718477448
DTHD1,0.329090373636922,5.13235359732427,0.0461911408855151,0.829828722013054,0.999580718477448
AP1G1,-0.0743791230215219,5.57488004781252,0.0461703320405089,0.829866470504224,0.999580718477448
CD47,0.0500846823645125,7.3553261087244,0.0460678738959768,0.830052465628614,0.999580718477448
SAR1A,-0.0609313715342857,6.5648767655883,0.0460033427584587,0.830169721869072,0.999580718477448
KHDC4,-0.0787425106629734,5.71712935207929,0.0459282898487352,0.830306204943989,0.999580718477448
RAB14,0.0393092891446379,7.0413162883239,0.0459126366499585,0.830334684848939,0.999580718477448
ECI1,-0.0563101699794612,6.00768275568653,0.0458406814313577,0.830465667723045,0.999580718477448
ITM2B,0.0286060170330182,9.5879697032706,0.0457596498333395,0.830613301458813,0.999580718477448
TNFRSF10A,-0.103834446068671,4.82098575072231,0.0457386721154922,0.83065154362088,0.999580718477448
PRELID1,-0.0300148464923063,8.25005039367601,0.0457010843741248,0.830720088628208,0.999580718477448
APTX,-0.0835213596769986,5.02132436736491,0.0456509707613515,0.830811521678606,0.999580718477448
SAMD1,0.086399342222643,5.42134407543531,0.0455735187674691,0.830952937308553,0.999580718477448
PTBP3,-0.0377114180088849,7.45283551962089,0.0454905499653098,0.831104565253631,0.999580718477448
ELAC1,0.117153744202399,4.02715909926305,0.0453411087569737,0.831378038622722,0.999580718477448
MAPK8IP3,0.123271088234493,4.28292945337539,0.0453107999859217,0.831433560291972,0.999580718477448
MBNL1,0.027650993102826,9.08655885081865,0.0453021914006415,0.831449333623655,0.999580718477448
LSM2,-0.047784500192238,6.93465079535131,0.0451856569817899,0.831663011543427,0.999580718477448
MVB12A,0.0854573286194403,5.15721171477938,0.0451799201504386,0.831673538051202,0.999580718477448
ICAM3,0.033486990103726,7.59986988239069,0.0450861934821027,0.831845616076091,0.999580718477448
ICMT,-0.103279637446869,4.64754998860464,0.044963584573928,0.832071003063484,0.999580718477448
SZT2,0.101073294436364,5.01706706094864,0.0449120361484781,0.832165858322303,0.999580718477448
ELP1,0.112510662174635,4.23812165748211,0.0448209626424827,0.832333583572936,0.999580718477448
SPINDOC,0.130956580475484,4.07856718795808,0.0447862430398267,0.832397571696148,0.999580718477448
MFSD10,-0.0611726460013942,6.95980496684648,0.0446465614612936,0.832655266621388,0.999580718477448
CHMP2B,0.0936080342546614,5.99856689872087,0.0446318330287951,0.832682463253681,0.999580718477448
IDH3B,0.059088596099522,6.14708424434352,0.044572132383923,0.832792750891058,0.999580718477448
ZC3H10,-0.135688885035562,3.93044164671912,0.0445674637598126,0.832801378698277,0.999580718477448
MXRA7,-0.0889535326411841,5.30040394389843,0.0445238807047588,0.832881944738834,0.999580718477448
RNASEH2B,-0.0656424834050695,6.95012473569604,0.04444955505355,0.83301943548754,0.999580718477448
MFSD1,0.0929999207025901,4.93264421474253,0.0444468944998171,0.833024359317888,0.999580718477448
CNST,0.0923259366817734,5.07268482677457,0.0444300340791912,0.833055566119629,0.999580718477448
DHRS12,-0.097994667117409,4.70342739991713,0.0442067645256046,0.83346939831365,0.999580718477448
CD59,0.111110887946134,5.34826740372227,0.0442036056637143,0.83347526111344,0.999580718477448
IDH2,0.0420161482407341,6.925086719853,0.044183436049126,0.833512700770824,0.999580718477448
HSD17B12,-0.0783388927864849,5.34517135460307,0.0441242041606582,0.833622701014731,0.999580718477448
HEATR3,0.119696599034711,4.18935169592514,0.0440381523390929,0.833782646315054,0.999580718477448
GLTP,0.0648952088560769,6.07466044102857,0.0440297951888748,0.833798188514556,0.999580718477448
ZNF3,-0.112530841256814,4.39799170120162,0.044025496483556,0.833806183626092,0.999580718477448
LDHA,0.0491355756663914,8.14652855491521,0.0439463905266528,0.833953384679201,0.999580718477448
QDPR,-0.113374833512831,4.60174190050103,0.0438938267995965,0.834051272216838,0.999580718477448
POLR3E,-0.0336710205767591,4.92040259967668,0.0437619254243433,0.834297177127196,0.999580718477448
TADA2A,-0.0865019430442531,4.6941145579251,0.0437175410569646,0.834380010259997,0.999580718477448
CAPRIN2,-0.0844292955020241,4.92164304901898,0.0435962053774226,0.834606679410594,0.999580718477448
MICOS10,0.0980491025906196,7.57595299747756,0.0435374432422861,0.834716572223728,0.999580718477448
PSMG2,-0.0487367483107911,6.5056888861974,0.043462412105761,0.834857002734549,0.999580718477448
SOCS7,0.143433497845012,4.19223704608007,0.043426188907679,0.834924844423565,0.999580718477448
PNN,-0.0368017558587132,8.05164977046022,0.0433527168623282,0.835062539448502,0.999580718477448
PHF8,0.105090196663619,4.71316188022269,0.0433218927376533,0.835120343635867,0.999580718477448
PPIA,0.0163175930623573,9.59853666350028,0.0432268182920588,0.835298771108395,0.999580718477448
SAC3D1,-0.149495648536407,4.70664506079654,0.0431966619307662,0.835355408705862,0.999580718477448
PGS1,0.0767733164101716,5.00552794855199,0.0430832180792322,0.835568656053392,0.999580718477448
NELFE,-0.065297030117476,5.67113758985841,0.0430366637365864,0.835656251840369,0.999580718477448
NEDD8,0.0245191234932901,8.29058517389397,0.042958960419071,0.835802567105222,0.999580718477448
CDK17,0.0760081507579423,5.3524445956489,0.0429416906545903,0.83583510479456,0.999580718477448
ADCY7,-0.0619191474565489,5.83375204896841,0.0427784475175361,0.836143006306411,0.999580718477448
KMT2A,-0.0419879975696502,8.38361154519527,0.0427295212414442,0.836235408022911,0.999580718477448
TNFRSF1A,0.0589703607968851,5.99037723047061,0.0425823452405467,0.836513696284496,0.999580718477448
RNF25,0.140686857499242,4.07532322946466,0.0424900610917289,0.836688447925404,0.999580718477448
DOK1,0.091682164052703,4.75925038055338,0.0424505020184061,0.836763418581759,0.999580718477448
PNRC1,0.0372305667994748,9.15668228314142,0.0424084495429522,0.83684315456774,0.999580718477448
CCL20,0.166791402077522,4.79875421893369,0.0422694355961184,0.837107033550999,0.999580718477448
SLC4A2,0.10440682499915,4.48756611591114,0.0422145469430948,0.837211348785709,0.999580718477448
MRPS6,-0.0543949006599088,7.35717626834519,0.0421626215596724,0.837310097440589,0.999580718477448
HDAC3,-0.076924401372883,5.18340472015115,0.0420758340987213,0.837475286330054,0.999580718477448
RHOT1,-0.0853004909833152,5.27634573050378,0.0420745579944253,0.83747771655598,0.999580718477448
U2AF2,0.0776163130649519,5.9124694024481,0.0420147839609122,0.837591593890528,0.999580718477448
SUPV3L1,-0.0914647634956181,4.90770115557132,0.0419736739863854,0.837669962754257,0.999580718477448
C6orf120,-0.0978017515608464,4.37604767884751,0.0419583032174433,0.837699274665305,0.999580718477448
UBE2M,0.0417738798245907,6.91666942054891,0.0419486600774714,0.837717666897895,0.999580718477448
RGL2,-0.0851218712916773,4.68638677950216,0.0419430296814909,0.837728406695767,0.999580718477448
VPS4B,-0.0525210566130218,7.06952943118862,0.041926377248334,0.837760175068807,0.999580718477448
PPP2R5E,0.0620975250688901,6.5804356379536,0.0418498635441207,0.837906227238738,0.999580718477448
CCT8,-0.0452203365938064,7.06941184309727,0.0417422808577861,0.838111820514152,0.999580718477448
MTF1,-0.093491521234636,4.64577303004712,0.0416863019155151,0.838218906884997,0.999580718477448
ZC3H13,0.0514242827197042,7.20280970691836,0.0416687994022293,0.838252404140441,0.999580718477448
FRMD4B,-0.06009650997236,5.88452521493407,0.0415447200652022,0.838490084290885,0.999580718477448
TIMM10,-0.0572562010869704,5.8871855479072,0.0415372652863883,0.838504376056377,0.999580718477448
ABCE1,-0.0568393699275886,6.08001415532702,0.0414880872094265,0.838598690215777,0.999580718477448
GK,-0.121766098405742,3.98281861684641,0.0413767721965712,0.838812386400505,0.999580718477448
ARIH1,0.0537961841962757,6.21426764939861,0.0412669981502338,0.839023417684094,0.999580718477448
LONRF1,0.172592352175808,4.08688331223913,0.0412319421189693,0.839090871485192,0.999580718477448
AP2S1,0.0393572363668959,7.00003848016375,0.0411641273265726,0.839221443543708,0.999580718477448
CCNDBP1,-0.0636682875207473,7.0032664993085,0.0410982659439867,0.839348361697702,0.999580718477448
FAM98A,-0.084561176270522,4.78085903139828,0.0410774376746765,0.839388520839411,0.999580718477448
RBM38,0.056503961394741,6.17049960933345,0.0410587446439781,0.83942457203786,0.999580718477448
RCC1L,0.0966186316835351,4.72744450766551,0.0410546439662189,0.839432481707981,0.999580718477448
PTCD3,-0.0755241445614339,5.75907129078366,0.0409697033272547,0.839596413646757,0.999580718477448
ZMYM5,0.0691304445117377,5.93410116355757,0.0409656860926049,0.839604171123474,0.999580718477448
ZNF783,-0.168119406102408,4.20242881378657,0.0409598096676689,0.839615519500872,0.999580718477448
GAK,0.0684197752363329,5.93331502206075,0.0409187177569432,0.839694898670918,0.999580718477448
BRD9,0.0607443107457746,6.43841067235233,0.040911003865741,0.839709804580666,0.999580718477448
R3HDM2,0.0754191657095974,6.68421857012799,0.0409011572149502,0.839728833846169,0.999580718477448
SGMS1,0.0707687937541492,5.31714692322627,0.0408520681198219,0.839823737169114,0.999580718477448
EDRF1,-0.135797663308423,4.94131749049814,0.0407780915678764,0.839966867273956,0.999580718477448
SLC38A10,0.0751496040747573,5.43393845790924,0.0407682479040901,0.839985923013999,0.999580718477448
MAP2K2,-0.0397795874069488,7.53855263765175,0.0407139734710551,0.840091032553622,0.999580718477448
STIM2,-0.0527736648709289,6.45233032609118,0.0406482769914689,0.840218359970257,0.999580718477448
CCDC107,-0.0605990111080601,7.48262900268958,0.0405631042503281,0.840383594149415,0.999580718477448
EEF2KMT,-0.112402060914232,4.30494556885029,0.040229846017489,0.841031852594213,0.999580718477448
TGDS,-0.0923302722493463,4.69174556751102,0.040195480346835,0.841098859785272,0.999580718477448
YEATS2,-0.0925108811478586,4.72896649798704,0.0399161871953755,0.841644542413519,0.999580718477448
ERF,0.145321916883335,4.26383987083248,0.0399053510245224,0.841665754058457,0.999580718477448
CCZ1,-0.0734409543837883,5.75963401779104,0.0399013576526404,0.841673571780335,0.999580718477448
RAB27A,0.033930897930401,7.46382149104006,0.0398945555865815,0.841686888947566,0.999580718477448
NFIA,0.125495908364962,3.98712138013067,0.0398775741251605,0.841720140611815,0.999580718477448
BACH1,-0.0916603999436056,5.01873794688941,0.0398479440598862,0.841778177339324,0.999580718477448
VPS45,0.0757430940286077,5.12418277266256,0.0396855682988786,0.842096623614278,0.999580718477448
FKBP11,-0.0458913381055112,7.28150421256735,0.03947714935682,0.842506362617629,0.999580718477448
SH3BP2,-0.0557322866812446,5.90830862730991,0.0393676197260691,0.842722141972325,0.999580718477448
PCMTD1,-0.0449813744977213,6.58757430078927,0.0393612096214095,0.842734779886843,0.999580718477448
SPEN,-0.0493816282298189,6.41187796465008,0.0392950348518859,0.84286531006895,0.999580718477448
CDKN2AIP,-0.0640640458622448,5.73681312452871,0.0392121018559717,0.843029057353612,0.999580718477448
RASA4,0.110747244104648,4.27654632400341,0.0390345533806045,0.843380224504615,0.999580718477448
GFM1,-0.0730701457878834,5.32792649839653,0.0389883197820726,0.843471804493272,0.999580718477448
SSR2,0.0309227159001468,8.42102227949646,0.0389355391896142,0.843576421827313,0.999580718477448
SELENOW,0.0426348890547109,7.65555078448589,0.0389268158521965,0.843593719599382,0.999580718477448
PDCD11,-0.0736399329382444,5.20183961526654,0.0389121208703251,0.843622863281261,0.999580718477448
NCBP2,-0.0443277283299861,6.29115425003005,0.0388817172216287,0.843683179182294,0.999580718477448
HLA-F,-0.0374541723601988,8.2505819697354,0.0387073848930832,0.844029500147503,0.999580718477448
ZNF292,0.0437919330215347,7.18336300269411,0.0385740667956718,0.844294891014914,0.999580718477448
PUF60,0.0472400034429013,6.71482658021141,0.0383711017158603,0.844699841461317,0.999580718477448
CAPZA2,-0.0441010693279445,6.88320342790599,0.0383479327848271,0.844746138140208,0.999580718477448
GNGT2,-0.101775632749066,4.28418156336363,0.0383274141307268,0.844787151102914,0.999580718477448
FAR2,0.145843381267135,4.25243219068966,0.0382939651924836,0.844854033736783,0.999580718477448
ECI2,0.0682089096261643,5.9443898952074,0.0382699403130307,0.844902091264673,0.999580718477448
CD4,0.0713025222909526,5.52024702233041,0.0382109819300958,0.845020093515561,0.999580718477448
CBX6,-0.0528362045607089,6.15537405058953,0.0381904928106085,0.845061123590225,0.999580718477448
ZNF621,-0.0862602955796676,4.95336850157879,0.0381787280467627,0.845084688046117,0.999580718477448
TMTC3,-0.0954853297167865,4.02523879240836,0.0381765862187962,0.845088978466441,0.999580718477448
NT5C2,-0.0836079989757464,5.08221475111141,0.0381698951388589,0.84510238256324,0.999580718477448
TMEM179B,0.05261388753531,6.41280115029444,0.0381243158827562,0.845193722979088,0.999580718477448
BLOC1S5,-0.0776549335476323,5.01310523432321,0.0380705392533791,0.845301563777413,0.999580718477448
TNFRSF1B,-0.0364008549991668,6.98591638121261,0.0380395945625907,0.84536365445864,0.999580718477448
FOSL2,-0.109042871986051,5.38660935640709,0.0380103192014474,0.845422419758389,0.999580718477448
APRT,-0.0262977659420787,8.4496646543,0.0379901549654953,0.845462909689765,0.999580718477448
TAF1,0.0814616055182976,5.71975394271434,0.037966217882774,0.845510990006789,0.999580718477448
UBE2L3,-0.0331421370460673,7.61700466898389,0.0379016988494083,0.845640662130084,0.999580718477448
FNTA,0.053180209102928,6.50683502058515,0.0378629241502697,0.845718647698553,0.999580718477448
TAPBP,0.0279828722696976,8.23468959860976,0.0377608780100687,0.845924086154961,0.999580718477448
ARID5B,-0.0481403063030891,6.89466541909444,0.0377273059636831,0.845991736088598,0.999580718477448
ZNF790-AS1,-0.466937292111463,3.75910863314721,0.0376776197916477,0.846091914417408,0.999580718477448
CCL3L1,-0.231533749858399,5.92223543537936,0.0375331747594139,0.846383537490715,0.999580718477448
SNTB1,0.0706268104332184,5.08327859473693,0.0374665765391544,0.846518190115899,0.999580718477448
TMED4,-0.0390332000444251,7.13295642555923,0.0374477496563959,0.846556278042085,0.999580718477448
MUS81,-0.0661550492201262,5.53561005881671,0.03734712447711,0.846760017508047,0.999580718477448
ANKRD39,0.0650422092405687,5.37236499696464,0.037244423310085,0.846968254107938,0.999580718477448
PJA1,-0.147644139709451,4.03663342423556,0.0372334782351924,0.846990463862091,0.999580718477448
CBX7,-0.0680506973234336,5.49059223555947,0.0370095491647202,0.847445606347408,0.999580718477448
PTGDR,0.102424978236098,5.59023110807369,0.0369981696336552,0.847468773658788,0.999580718477448
ARHGEF12,0.144228376609462,5.14847290342943,0.0369904536158447,0.847484484614338,0.999580718477448
ERN1,-0.054559940801901,6.45641644988615,0.0369660769250437,0.8475341303357,0.999580718477448
RPL34,0.0224915669464514,12.2412971725075,0.0369392077563475,0.847588871923432,0.999580718477448
LENG1,0.046929837128463,6.22591566687288,0.0368601202985355,0.847750119753628,0.999580718477448
CDK5RAP1,-0.0622744289532151,5.1611997338074,0.0368087302728739,0.84785499270363,0.999580718477448
CASP10,0.147304595884809,4.36034000795256,0.0365761448372766,0.848330587612712,0.999580718477448
TRG-AS1,-0.0689045766511265,7.8773404360584,0.0364448828770065,0.84859968656154,0.999580718477448
PCNP,-0.0450874213797731,7.19811188155992,0.036434758458558,0.848620463388913,0.999580718477448
ATXN7,-0.0518677319945806,6.35902588326675,0.0364062886968481,0.848678903656769,0.999580718477448
LINC00324,0.0980910265528031,4.49707471408542,0.0363938712290999,0.848704400579178,0.999580718477448
GRK2,-0.0302402803999261,7.25378317539757,0.0362356204920746,0.849029734179811,0.999580718477448
RMDN1,0.0727549861909588,5.17961670182371,0.0362344426663572,0.84903215832395,0.999580718477448
EXOC3,0.0656585967189189,5.30150322641396,0.0361831353033804,0.8491377963188,0.999580718477448
FOSB,0.0934186140595063,8.68991787444677,0.0361605310659865,0.849184361367072,0.999580718477448
PACS2,-0.0845526881365099,4.78363992283252,0.0361490776350557,0.849207961353028,0.999580718477448
CAPN15,0.0879745763936553,4.88758760572927,0.0361186495712058,0.849270677710286,0.999580718477448
ENDOV,0.0826517702768288,4.79045314231201,0.0361088840057366,0.849290811663883,0.999580718477448
ATXN10,0.0838510865647808,5.59212721784686,0.0361017356248325,0.849305551479332,0.999580718477448
GIMAP6,0.0749129220681542,6.04084607801089,0.0360908191044889,0.84932806403921,0.999580718477448
KANTR,0.102804202790082,4.30105649926556,0.0360625918449902,0.849386291975433,0.999580718477448
TPR,0.0473076776717994,7.91282313283477,0.0359627286530024,0.849592482149171,0.999580718477448
POLG2,0.0937663767199762,4.79466047450311,0.0359131513435003,0.849694955899928,0.999580718477448
SHISAL2A,0.107082780803282,4.86440087674884,0.0359125627138504,0.849696173007162,0.999580718477448
SREK1IP1,-0.0529826732201523,6.74519545094803,0.0357923475630706,0.849944958307038,0.999580718477448
MMS22L,0.089332085141079,4.74501120990004,0.0357721762547936,0.84998674521364,0.999580718477448
OXCT1,-0.0775637326325915,5.35708373172875,0.0357393450982144,0.850054784380063,0.999580718477448
CFDP1,-0.044151172986545,7.10200276757649,0.0357366363524996,0.850060399419763,0.999580718477448
ADPGK,-0.0498342472183948,5.95337916591461,0.0353761255400684,0.850809689605152,0.999580718477448
SMYD2,-0.0732894041065912,5.04886447135493,0.0353183211268071,0.850930198164972,0.999580718477448
TFG,-0.0579770306352539,5.73610878167428,0.0353026389525191,0.850962909401441,0.999580718477448
PKIA,0.441417459284263,4.25187635716254,0.0352836814063666,0.851002462736281,0.999580718477448
ACD,0.0974251676907772,4.8614815718308,0.035279350882826,0.851011499554912,0.999580718477448
MRPS18B,-0.0502030895895375,5.95040988082494,0.0352694326776621,0.851032198759195,0.999580718477448
TTBK2,-0.0927896068476066,4.76501721990837,0.0352337484983698,0.851106696250541,0.999580718477448
PNRC2,-0.0380230510723211,7.12541833417276,0.0352311642808862,0.85111209281084,0.999580718477448
ZFAND6,0.0607594822932998,6.60977653110458,0.0351813686621174,0.851216119864321,0.999580718477448
RBX1,0.0382678239413951,8.05934396077466,0.0351799012879663,0.851219186482568,0.999580718477448
KLF3,0.101475748254042,5.24093135031481,0.0351794926855273,0.851220040419505,0.999580718477448
BTG3,0.0608617425390486,6.34097389753656,0.0351635595677884,0.851253342995469,0.999580718477448
EZH1,-0.0721976961000275,5.65352428742622,0.0351499984940551,0.851281693801323,0.999580718477448
TSEN15,0.0586408914924277,5.69411824287182,0.0351288002006411,0.851326022336411,0.999580718477448
PRKAR1B,-0.0962013669036929,4.38459104218773,0.0350719868974103,0.851444895055372,0.999580718477448
PPP2CA,0.0480170471527691,6.31726413953247,0.0350304831526174,0.851531797987082,0.999580718477448
TXNDC11,0.0638512224505061,5.13468160645243,0.0349487384679481,0.851703115677594,0.999580718477448
RBSN,-0.0946355536772538,4.35170200302534,0.0348403568607587,0.851930578144804,0.999580718477448
SUCLA2,-0.0879439723096149,5.11047158219471,0.0347037681631797,0.852217761431009,0.999580718477448
MRPL37,-0.071763891921575,5.02730853444902,0.0346428744476945,0.852345981393148,0.999580718477448
RHOQ,-0.0821389394421822,4.92592519358103,0.0345978523478099,0.852440856506761,0.999580718477448
ZNF564,-0.08858709042757,4.27025734363256,0.0345115058077825,0.852622993518565,0.999580718477448
HIBCH,0.0707771936489402,5.16085636079758,0.0344867041151176,0.852675353091439,0.999580718477448
SNX13,-0.0849169441896225,5.23702211755596,0.0343853830571135,0.852889457488194,0.999580718477448
USF3,0.0848997994912297,5.49651330096154,0.034292048450828,0.853086974399874,0.999580718477448
TTC7A,-0.0729354746763182,4.94820133581783,0.0341545757957942,0.853378404290541,0.999580718477448
SNX11,0.0989412479266199,4.21723058052701,0.034052443574458,0.853595308483398,0.999580718477448
ATF1,-0.0730924812450247,5.39404376568001,0.0339611699506186,0.853789436424483,0.999580718477448
TDRD3,0.0697341208833732,5.30488341945661,0.0339305183524559,0.853854689148701,0.999580718477448
ASB16-AS1,-0.105953246609231,4.49858451443472,0.033860589624112,0.854003671238303,0.999580718477448
LMF2,-0.0659458758018563,5.83406953207622,0.0337348495692726,0.854271959160853,0.999580718477448
TXN,0.0463387090389586,8.55268011087768,0.0336728399013175,0.854404457702746,0.999580718477448
PHC2,0.0752663442866032,5.05496766011561,0.0336640285298842,0.854423295542934,0.999580718477448
HAUS1,-0.070826932521689,5.09774917475202,0.0336616236483405,0.854428437384359,0.999580718477448
ARHGEF7,-0.0750390343096934,5.10889247698959,0.0334814013006799,0.854814309764086,0.999580718477448
GALT,0.0733542959630496,4.78453345985188,0.0334296465695676,0.85492531960061,0.999580718477448
BLOC1S4,0.067420727349741,6.23314595305453,0.0333752838460644,0.855042019046913,0.999580718477448
CTNNA1,-0.0690264011501106,5.10338392610824,0.0332957812043073,0.855212862872254,0.999580718477448
STMP1,0.036390444350368,6.90900985714161,0.0332947287082099,0.855215126001802,0.999580718477448
MCF2L2,0.0966752384467106,4.11213351636282,0.033121131043945,0.855588911467782,0.999580718477448
WDR74,-0.0745693452367067,5.55284617243938,0.0331181124633115,0.855595419929111,0.999580718477448
CFAP410,0.0310278074671921,4.29937692352995,0.0331041731387689,0.855625478942337,0.999580718477448
POU2F2,-0.0794988280618854,5.46926808525485,0.032803568387143,0.8562753063167,0.999580718477448
NUP58,0.0719834188310579,5.58851019220539,0.0327863690022632,0.856312579633226,0.999580718477448
GTF2A2,0.0441462621995361,7.0184949018403,0.0327475733234657,0.856396692034861,0.999580718477448
IQGAP2,-0.0351018164926769,7.15823707877094,0.032660106368545,0.856586516965572,0.999580718477448
CWF19L2,0.0603880273728999,6.42897643894762,0.0325730193726539,0.856775778249109,0.999580718477448
DHRS13,-0.103259119476896,4.28636184986281,0.0325323705721061,0.856864207433675,0.999580718477448
VPS13C,0.030331582122104,7.52441304575619,0.0325212205800982,0.856888473583768,0.999580718477448
ZNF787,0.0564541810138548,5.47165539789019,0.0325063126628944,0.856920924960337,0.999580718477448
SMIM20,0.0588428735400614,5.42998610728156,0.0325017327357369,0.85693089603393,0.999580718477448
MRPS10,-0.0596393439072368,6.07008265273516,0.0324046437420158,0.857142441823113,0.999580718477448
KDM3B,-0.0669345339062956,5.37730375506006,0.0323932663901374,0.857167253174089,0.999580718477448
MRPL58,-0.0751536446851332,5.17465213976825,0.0323082698317414,0.857352753349316,0.999580718477448
ARHGEF9,-0.0626123028434536,5.2724380513649,0.0322986071971165,0.857373857440072,0.999580718477448
SNX4,-0.0964894292894503,5.05822976446611,0.0322783540642035,0.857418102738118,0.999580718477448
VPS41,0.0729017789434424,5.32082883145023,0.032265034970969,0.857447207639552,0.999580718477448
TMEM168,0.0774484685173934,5.22082786321292,0.0321989511910807,0.857591705804281,0.999580718477448
EEF1E1,0.0522577815549406,5.94734713989918,0.0321753557303559,0.85764333649061,0.999580718477448
ACAP1,0.0301191448922076,8.18792650713598,0.0320110512099223,0.858003404432271,0.999580718477448
DPM3,0.0452772206546343,6.24013531737445,0.031958930906324,0.858117823517173,0.999580718477448
CD200R1,-0.0717108083688991,5.18031370024282,0.0319583004929136,0.858119208045367,0.999580718477448
FBXO9,-0.0505963622745118,5.97600495402468,0.0319505801317712,0.858136164820333,0.999580718477448
NARF,-0.0463501682193345,5.85116171384751,0.0318497483408642,0.858357823219855,0.999580718477448
RUFY2,-0.0694654363915578,5.18799122744689,0.0317761699322787,0.858519799119278,0.999580718477448
BHLHE40,-0.070767214096376,7.12400027613308,0.0316509762987067,0.858795846368218,0.999580718477448
NKRF,0.114328288597966,3.98763677225242,0.0313439224733667,0.859475282467576,0.999580718477448
NEK7,0.0520891664445868,5.74880239505192,0.0313218374503759,0.859524283352427,0.999580718477448
FAM117A,-0.0677771872318568,5.5458945186682,0.0312984044953222,0.859576294430272,0.999580718477448
ORAI1,0.0610633555785837,6.85204917408738,0.0312777925389636,0.859622060706407,0.999580718477448
BET1L,0.0795880177243166,4.77903868328513,0.0312762911465505,0.859625394968415,0.999580718477448
ODF2L,0.0530096278252762,7.18657416507448,0.0312515750965474,0.859680295741034,0.999580718477448
NXT1,-0.0600666999663079,5.80935177862276,0.0312028656376278,0.859788557688744,0.999580718477448
HOPX,0.0572216300530324,8.67606730686508,0.0311906006026277,0.859815831762868,0.999580718477448
ILVBL,0.0846081978630198,4.52525458004331,0.0311579195380709,0.859888532496643,0.999580718477448
MAN1A2,-0.0579102779239825,6.25109059975346,0.0311218579077419,0.859968799116096,0.999580718477448
UBB,0.02108759707334,9.27963141103873,0.031115621830283,0.859982684350564,0.999580718477448
SUMO2,-0.0276677605383693,8.72489089718559,0.0311027491602331,0.860011351143652,0.999580718477448
EPS15,-0.0384012153573356,7.04699629682577,0.0310784196426503,0.860065548474,0.999580718477448
RHOA,-0.0331835590015116,8.77919752608717,0.0306881476297161,0.860937940589817,0.999580718477448
UCHL3,0.0733669727999689,5.21811126588451,0.0306715971076645,0.860975062724594,0.999580718477448
CMC2,0.0345500139032655,6.85630883649876,0.0304713121941438,0.86142511435431,0.999580718477448
PSMD13,0.036923364832587,6.66929322473418,0.0304096432972791,0.861563994609121,0.999580718477448
TBC1D10C,0.0288305781615041,7.9468130575912,0.0303096604889017,0.861789467658753,0.999580718477448
MRPL32,-0.0640135952031318,5.86238950469563,0.0302765929959641,0.86186412305965,0.999580718477448
DNAJC27,-0.0769044411091725,4.42590851404659,0.0302746823963762,0.861868437841316,0.999580718477448
PHF23,0.102781731259929,5.1128272296921,0.0302371506892065,0.861953225620631,0.999580718477448
NDUFS2,0.0436178712526005,6.20283845045709,0.0302191033901842,0.861994015527254,0.999580718477448
PCNA,-0.0651468532440143,5.29224309943847,0.0301435781547994,0.862164851443273,0.999580718477448
NUP205,0.0845062109817895,4.39391693840917,0.030131253755485,0.862192749796357,0.999580718477448
IFITM1,0.0474534643704937,6.82032657544654,0.0301094497232484,0.862242121295852,0.999580718477448
PUS7L,0.0526823113714405,5.95445791777298,0.030020691091746,0.862443290327034,0.999580718477448
CHRAC1,0.057276958451402,6.09206761112093,0.0299055964248449,0.862704605945399,0.999580718477448
SH3YL1,-0.0712130314267622,4.98725140980829,0.0298237018235259,0.862890858272838,0.999580718477448
TATDN1,0.0625959406132293,5.6735699735738,0.0298162684195393,0.86290777704197,0.999580718477448
CARHSP1,-0.0458512191128971,6.18763815544231,0.0296977778860299,0.863177760741029,0.999580718477448
LRBA,-0.0433667895522562,6.00676283910221,0.0296559780977486,0.863273134921141,0.999580718477448
ACOT8,-0.0670089219900462,4.78561411630098,0.0296300202777822,0.863332397469934,0.999580718477448
TRGC2,0.0450797733334033,8.13341710482105,0.0296070597725766,0.863384839332255,0.999580718477448
COASY,0.12930611085984,4.95956601199445,0.0295329512904772,0.863554246321009,0.999580718477448
MPHOSPH6,-0.0551237993449862,5.48849872191883,0.0295303051934717,0.86356029916415,0.999580718477448
KXD1,0.0541933790881592,5.91066701797555,0.0294996045020834,0.863630546213067,0.999580718477448
ZNF182,0.124023093381585,4.15461049358105,0.0294820457096812,0.86367073985894,0.999580718477448
METAP2,-0.0623679014698108,7.04825291300541,0.0293578215099011,0.863955452807376,0.999580718477448
KLF6,-0.0565757010002422,10.4810533555141,0.0293094830739484,0.864066408581059,0.999580718477448
SYTL3,0.0781729818033742,6.39925367586628,0.029299465423593,0.864089414817781,0.999580718477448
NOL8,0.050164235689636,5.95474674670685,0.0292634395914231,0.864172184142803,0.999580718477448
SLC66A2,0.0555295048866032,4.68011312128817,0.0292501322284906,0.864202771061809,0.999580718477448
EVA1B,0.08134094300294,4.82422499629152,0.0292191946869398,0.864273908562857,0.999580718477448
PPP6R2,0.0506646922872338,6.31512980801015,0.0291465233594543,0.864441160959327,0.999580718477448
HSCB,-0.0760008319676059,4.63402969704763,0.0291461166568894,0.864442097585026,0.999580718477448
MRE11,0.0663869457267816,5.3274199611315,0.0290834747588367,0.86458644066473,0.999580718477448
OSGIN2,0.0963408859520897,4.50230762604031,0.0290550729409134,0.864651938479961,0.999580718477448
ISCU,-0.0292568210823219,7.68620432988941,0.0290506965727602,0.864662033810212,0.999580718477448
ZNF260,0.0877435543535105,4.2457052151999,0.028991654627486,0.864798307310822,0.999580718477448
PRKAB2,-0.0398915104623044,4.44120014389253,0.0289579125219159,0.864876250894493,0.999580718477448
ABL2,-0.0792381915651307,4.31710482539779,0.0289504223681085,0.864893559335182,0.999580718477448
GATD1,0.0609280065885983,4.77098083368684,0.0288933317991988,0.865025561467493,0.999580718477448
PMF1,-0.0641645146733857,6.20451027292166,0.0288740763813156,0.865070113196165,0.999580718477448
HSD17B8,0.0772264867675789,4.44239775253112,0.028788550123636,0.865268182330898,0.999580718477448
MON1B,-0.0726291685243659,5.45956002778499,0.0287673613399679,0.865317299923941,0.999580718477448
ENDOD1,0.100784483227645,4.85092933055652,0.0287544432608549,0.865347254377715,0.999580718477448
TMEM256,-0.0566181611438723,6.1523928178485,0.0287152620826294,0.865438150090951,0.999580718477448
MLLT3,0.0588773727148847,5.69774810694444,0.0287130671547313,0.865443243951248,0.999580718477448
TEX264,0.0492689873389099,6.5707227579338,0.0286982803763802,0.865477565462472,0.999580718477448
RPL18,-0.0208401811873205,11.3809827382105,0.028669691429533,0.865543948915361,0.999580718477448
TAGLN2,-0.0698219983806894,9.14272900567965,0.0286116169623138,0.865678902570311,0.999580718477448
WDR36,0.0748211788039266,4.74066205548188,0.0286085830818834,0.865685956582962,0.999580718477448
ADO,-0.0887092270081416,4.63308885176309,0.028344562274679,0.86630130620919,0.999580718477448
SASS6,0.0963360583559195,4.58444782412293,0.0283106162615105,0.866380637184714,0.999580718477448
AP1G2,-0.0521502657723184,5.40898665333673,0.0282793695389669,0.866453703226262,0.999580718477448
ING1,-0.0569586226270149,5.30546843379875,0.0282292402344044,0.866571010281043,0.999580718477448
PRDX3,-0.0433813700363388,5.91086756387773,0.028165525531815,0.866720263055173,0.999580718477448
DEF8,0.0739247359309307,4.6085974805527,0.0280846127338741,0.866910053052206,0.999580718477448
RMND5A,-0.0615578180619396,5.36391482446094,0.0280665795792139,0.86695239011719,0.999580718477448
EDC3,-0.173052249114712,4.00598056369008,0.0279985859899607,0.86711214691977,0.999580718477448
RWDD1,-0.0306144638810692,7.92045092989181,0.0279393237804833,0.867251551314969,0.999580718477448
RBM6,-0.0524510819186477,6.83165257693822,0.027930269502102,0.867272863363149,0.999580718477448
CD244,0.0864622918645179,4.89947501982654,0.0279214343683964,0.867293663009756,0.999580718477448
ANKS3,-0.0884376516370344,4.87377163194224,0.0279031248666914,0.867336777957971,0.999580718477448
SLC37A1,0.0796494140579057,4.72996339446659,0.0279003146245778,0.867343396762206,0.999580718477448
LSG1,-0.0639629046712884,5.32693439515083,0.0278508817322996,0.867459879326735,0.999580718477448
COA8,-0.0941822419387601,5.96708813148103,0.0278264717946168,0.867517437547564,0.999580718477448
RAVER1,-0.102373117996016,4.53897236603492,0.0277557078580948,0.867684444515852,0.999580718477448
MRPS27,0.0783351356946312,4.87332245713635,0.027751165933589,0.86769517118805,0.999580718477448
ZNF766,-0.0865372629255861,5.21553022941504,0.0276902577559,0.867839105412915,0.999580718477448
HOXB-AS1,0.0857793300067641,4.55230360892496,0.0276551672933589,0.86792210276977,0.999580718477448
TRAF1,-0.060058500206805,5.36373995298157,0.027650761778224,0.867932526691709,0.999580718477448
LGALS3,-0.0684030489603559,7.82181018675367,0.0276286616906347,0.867984830754885,0.999580718477448
CCL3,-0.0995059261001376,7.83949688108323,0.0275920462740782,0.86807153544091,0.999580718477448
CMTM6,-0.0495807642860773,7.25825162231002,0.0275095424891756,0.86826711993478,0.999580718477448
TACC3,-0.0564427949223032,4.82370606121745,0.02748007705598,0.868337044074249,0.999580718477448
GCHFR,0.0607172761055202,6.27467867473983,0.0274306323448972,0.868454467452358,0.999580718477448
CWC25,0.0537691171705173,6.32424353874666,0.0274288118419168,0.868458792933948,0.999580718477448
BRPF3,-0.101330670980133,4.28541817997343,0.0273877380563476,0.868556422721871,0.999580718477448
RDH5,0.113869084659974,4.08846502423447,0.0273658027084416,0.868608592465768,0.999580718477448
EIF3E,0.0196376774311426,8.35794328371622,0.0273573925802104,0.868628600317629,0.999580718477448
DCAF6,-0.0649053374445585,4.9687202703407,0.0273265733989785,0.868701946740757,0.999580718477448
OCEL1,-0.0670127461307315,4.7842379586277,0.027290450120427,0.868787970469947,0.999580718477448
VTI1A,0.0655472392763153,5.25730702952669,0.0271810676337534,0.86904881045751,0.999580718477448
PPP6R3,-0.04865466903008,6.25846207113091,0.0271758406600622,0.869061288494781,0.999580718477448
RAB11A,-0.0413156497136638,7.00862978029724,0.0271410536321266,0.869144364875011,0.999580718477448
ZNF141,0.0716345481872053,4.80915054021522,0.0270604728815194,0.869337013484801,0.999580718477448
UBXN6,0.0591546898556722,5.08773561985301,0.0270584373783898,0.8693418836807,0.999580718477448
STAMBPL1,0.0642110981550316,5.22956259173768,0.0269286303108185,0.869652852812515,0.999580718477448
HMG20B,-0.0653621774795757,5.3632893527113,0.0269210285134243,0.869671087705745,0.999580718477448
CUTA,-0.0282035345919859,7.85050827050432,0.0268688071200174,0.869796425863116,0.999580718477448
CYTH4,0.0432396358955455,6.23225799603105,0.0268275348778024,0.869895573142871,0.999580718477448
AKAP10,-0.0688220747628228,5.28798736239456,0.0267898743747335,0.869986112385863,0.999580718477448
SMUG1,-0.0812775895401569,4.57018093559014,0.0267825012915033,0.870003845589512,0.999580718477448
APH1B,-0.0767820411289965,4.75689425599471,0.026647144762876,0.870329841706781,0.999580718477448
SLA2,0.0411127898102173,6.27374924785557,0.0266176046491626,0.870401099792727,0.999580718477448
PPP1R12C,-0.0585434129883742,5.11778936202869,0.0265747792172064,0.870504477485432,0.999580718477448
GIT1,-0.0637412578185954,5.15262478537003,0.0265424542691246,0.870582564364588,0.999580718477448
CNPY3,0.0537611260440781,6.37587969386371,0.0265370280854658,0.870595677096505,0.999580718477448
DYNC1LI1,-0.0457625764001679,6.32889829516483,0.0265195770995321,0.870637857891544,0.999580718477448
KIF2A,0.034772557325169,7.09250495535987,0.0264087575185439,0.870906053136803,0.999580718477448
DPYD,0.070433173092564,5.14867881498415,0.0263849743901279,0.870963686089164,0.999580718477448
MEF2A,-0.0585830502291626,5.58618236182351,0.026365408582059,0.87101111932489,0.999580718477448
ZNF8,0.0978969510252474,3.87974205738032,0.026328050299905,0.871101736916605,0.999580718477448
ACO2,0.0577444204173746,5.36399329160963,0.0262467535855038,0.871299161450914,0.999580718477448
UBIAD1,0.0922040048382736,4.66340656368815,0.0260519229896214,0.871773577511502,0.999580718477448
SKA2,0.0375385950573442,6.25075266153063,0.0259840858560807,0.871939189174719,0.999580718477448
NLRC3,0.0444990788168446,6.07631076682658,0.0259784265493988,0.871953015331108,0.999580718477448
AKT2,-0.0492266613871172,5.7396992935627,0.0259711542418426,0.871970784451281,0.999580718477448
BRD3,-0.0545424602100851,5.65780341905038,0.025942482612221,0.872040865449534,0.999580718477448
PIGX,-0.0676028987367214,5.00056539849747,0.0258812219439388,0.872190735880567,0.999580718477448
TBCB,-0.0406089306919207,7.39960784676745,0.0258616454916769,0.87223866681597,0.999580718477448
PIGS,-0.063982032318393,5.09836173505566,0.0258425271097416,0.872285494178659,0.999580718477448
RPL22,-0.0199562484964474,10.7044723578072,0.0258009743765886,0.872387332148355,0.999580718477448
PSMA2,-0.0401032397894247,7.40165883190801,0.0257875027067396,0.872420366744129,0.999580718477448
NUP98,-0.0508928899076697,5.66330996793013,0.0257632227424942,0.872479927291348,0.999580718477448
ZNRF2,-0.0546115673882181,5.4553780676435,0.0257583515243667,0.872491880216367,0.999580718477448
TSPAN14,-0.038778079018607,6.66958592595354,0.0257529767224352,0.872505070173471,0.999580718477448
ZNF678,-0.118807351847343,4.44369619181657,0.0257001402593673,0.872634807983844,0.999580718477448
ZDHHC17,0.0752128809520262,5.26655811840355,0.0256924764690609,0.872653637468335,0.999580718477448
KIF5B,0.0354211643699459,7.4197945687425,0.0256668708763144,0.87271656981014,0.999580718477448
ABLIM1,-0.0563017740613628,5.7500301845282,0.0256665235612967,0.872717423647555,0.999580718477448
SCARB2,0.0689599500207478,4.66892233575201,0.0256538619893121,0.872748554835987,0.999580718477448
C1D,0.041890128397422,6.36516100636777,0.0255431344557842,0.873021138649544,0.999580718477448
PECR,0.00587242635500529,4.16595094335068,0.0255307396394944,0.873051689301666,0.999580718477448
PLRG1,0.0605190312439811,5.41334452179618,0.0254967046642296,0.873135617593566,0.999580718477448
ZNF518A,-0.049982410215902,5.80610264816987,0.0254913934957433,0.873148719810145,0.999580718477448
MBD4,-0.0351423520170574,6.318384248286,0.0254155403376761,0.873335996288075,0.999580718477448
SELENOI,0.0830224828137128,4.51932270794804,0.0254061342979348,0.873359239144309,0.999580718477448
BTBD10,0.109087604995764,4.60166618582634,0.0254013277263567,0.873371118157854,0.999580718477448
UBE2V2,-0.0430884098219171,6.15985796084301,0.0253241041146364,0.873562127663638,0.999580718477448
SLC39A7,0.0580314842028064,5.24014265138806,0.0252900485826739,0.873646457529574,0.999580718477448
NUCKS1,-0.020359351748684,8.31131918574492,0.0252886068396609,0.873650028923629,0.999580718477448
ZMAT1,-0.0778229675162627,4.49330645662666,0.0252777907825639,0.873676825101556,0.999580718477448
TMEM43,-0.0502144655678281,6.10093189380354,0.0252608399808096,0.873718831593746,0.999580718477448
SLC25A16,-0.0811581711933221,4.54691853323892,0.0252595702396086,0.873721978774289,0.999580718477448
HLA-C,0.0235011167747681,11.2256978159464,0.0252547267071801,0.873733984698553,0.999580718477448
PIN4,0.0377258500269986,6.34864267451227,0.0252065570087048,0.873853449820346,0.999580718477448
EIF1,0.0222162799794467,11.5147465698841,0.025200374333803,0.873868791873488,0.999580718477448
PLEKHB2,0.0533483594772479,5.92606147259816,0.0251823060543472,0.873913638626574,0.999580718477448
KCTD5,0.0621166243213116,4.78235554733799,0.0250701869324246,0.874192295734491,0.999580718477448
HIP1,0.0746886050232964,5.22101564654111,0.0250152826809256,0.874328985900006,0.999580718477448
ARAF,0.0688577898122707,5.02243429598376,0.0250110543189521,0.874339519245512,0.999580718477448
SAP130,0.137061992521966,4.14325702588973,0.0250081736226058,0.874346695920604,0.999580718477448
IRF2BP1,0.0708060988159032,4.47274069619185,0.024997780250013,0.874372592438824,0.999580718477448
CUEDC2,0.0469189063441694,5.51089070560324,0.0248903125346009,0.874640687216904,0.999580718477448
SMARCB1,0.0533907973202948,5.60751744882259,0.024862410246115,0.874710390726558,0.999580718477448
TASOR,-0.102691205870477,6.19483575549212,0.024849239323979,0.874743307312826,0.999580718477448
HADH,-0.0786486823979506,4.78749966477681,0.0248300149956755,0.874791368539999,0.999580718477448
PAQR3,0.11569007658499,3.96429377292549,0.0247487882308803,0.874994647953008,0.999580718477448
ZNF407,-0.06657823037618,4.79681657068555,0.0246980832437069,0.875121716412154,0.999580718477448
ZMYM4,-0.0651003659613689,4.9300262845683,0.0246735704647065,0.875183194213992,0.999580718477448
WDR76,-0.0661921308052451,4.78454283118862,0.0246316767737937,0.875288335650919,0.999580718477448
ZYX,-0.0406333404582982,6.74417731413098,0.0245911957822358,0.875390018676429,0.999580718477448
TTYH3,0.112917486015053,4.12146247745523,0.0244294245160424,0.875797225739176,0.999580718477448
CERS4,-0.0794935933683757,4.50321352510179,0.0244058118797881,0.875856778333815,0.999580718477448
PITPNA-AS1,0.0565294900737275,5.28457497796013,0.0243631688079109,0.875964401737818,0.999580718477448
PLCXD2,0.301815800352427,4.16811603001172,0.0243300245789504,0.87604811843473,0.999580718477448
CAMTA2,0.0612200822874373,5.21453929747088,0.0242598524542181,0.876225554266433,0.999580718477448
CEP68,-0.0683561619503918,4.45201966688174,0.0242559434397958,0.876235446246237,0.999580718477448
PSME3,0.059240831439833,5.17944659215087,0.0242242436262679,0.87631569457227,0.999580718477448
NUP107,0.0658189077733504,5.38750769423951,0.0242063554361778,0.8763610024027,0.999580718477448
ZNF274,-0.0666523971663436,5.0851172274034,0.0241814073327724,0.876424220469029,0.999580718477448
PHKG1,0.0756620598031114,4.80532164197448,0.0241085781358406,0.87660895970976,0.999580718477448
MAP3K2,0.0360888367666092,6.51090256474105,0.0241019246159651,0.876625851329814,0.999580718477448
LMBRD1,-0.0512311368144443,5.800985307337,0.0240901647002509,0.876655712650319,0.999580718477448
ARID4A,-0.0471636482319011,6.65630567603219,0.0240507315843441,0.876755897552556,0.999580718477448
DESI2,-0.0554357154006625,5.24186709063089,0.0240222422264242,0.876828330772768,0.999580718477448
FASTKD2,-0.0806572948277925,4.84271257984552,0.0239686522497298,0.876964700739062,0.999580718477448
TRIT1,-0.10658061968997,4.00736185453035,0.0239553997419915,0.876998448353694,0.999580718477448
TYW5,0.0684554913689568,4.90083124444056,0.0238752078660838,0.877202861818916,0.999580718477448
TSC22D4,0.0309792522361521,6.75931454820233,0.0238491812865584,0.877269280519838,0.999580718477448
NOP14,0.0534528679291899,5.44488356199329,0.0236758993043456,0.877712437713168,0.999580718477448
RSF1,0.0321152982234212,7.49408538332747,0.0236648595395543,0.877740727346733,0.999580718477448
GTF2H3,-0.0611711337730119,4.91436891224229,0.0236609096601379,0.877750850637959,0.999580718477448
XYLT2,-0.0758879708440667,4.10139536119764,0.0236603332234253,0.877752328081134,0.999580718477448
LINS1,-0.0505454958113433,5.45693139800373,0.0235354403670822,0.878072871804665,0.999580718477448
HLTF,0.056280309915047,5.6254957061115,0.0235274261448293,0.878093470393739,0.999580718477448
ATXN2L,-0.039912180360899,6.25548911236088,0.0235238867329119,0.878102568725489,0.999580718477448
WDR47,0.1058847904293,4.14845364116776,0.0235102142660537,0.878137721439531,0.999580718477448
MKRN1,-0.057823906675612,5.71669349160002,0.0234789186423576,0.87821822372374,0.999580718477448
POU5F2,-0.075056419213545,4.45840820641519,0.0234780003704067,0.878220586639848,0.999580718477448
NSMCE1,-0.0554581242422057,5.90575532701613,0.0234002833113625,0.878420741424638,0.999580718477448
LINC00944,0.0770976959051857,4.09420945784699,0.0233683192078287,0.878503161419874,0.999580718477448
PRKACB,-0.029133148055907,7.2563942455887,0.0233050464729541,0.878666481549345,0.999580718477448
HECTD3,0.106475699122393,4.37055273938665,0.0232459459688847,0.878819237330555,0.999580718477448
SETD3,0.0557668896916015,5.37377149335975,0.0232284460769092,0.87886450703798,0.999580718477448
NACA,0.0124971748204468,10.8643991913396,0.0232118613690773,0.878907425402133,0.999580718477448
MRPS21,-0.0361796256107344,7.47662792438812,0.0231778557068303,0.878995475282213,0.999580718477448
APLP2,-0.0824651349777205,5.67511110163536,0.0231277810329171,0.879125252588975,0.999580718477448
EMC3,0.0499338241756077,6.26281434799708,0.0230558993178054,0.879311798197354,0.999580718477448
ZFYVE16,0.0607061928919426,5.21542273895829,0.0229037833089887,0.879707549241966,0.999580718477448
ZC3H12D,-0.0530913918498579,4.6240218018706,0.0228566629510372,0.879830411983022,0.999580718477448
PPP4C,0.0336634251516696,6.74559512675102,0.0228497655901023,0.879848407190648,0.999580718477448
ERGIC3,-0.043090938507024,5.87540305404667,0.0228024538707494,0.879971918372935,0.999580718477448
KRT10,-0.029332185479509,8.02917522212996,0.0227889785585145,0.880007120771831,0.999580718477448
TECR,0.0326729551400182,6.7655261279131,0.0227715257569781,0.880052729639657,0.999580718477448
ACBD5,-0.0529390478801651,5.92557882476245,0.0226557673590229,0.880355691036147,0.999580718477448
HNRNPH2,0.0505678967553484,5.73576619346754,0.0226195263930027,0.880450703050026,0.999580718477448
GAB3,-0.0461788860281119,6.50521088754116,0.0225044745981684,0.880752848281067,0.999580718477448
IPP,0.0818237051601723,4.65886166086246,0.0224922270675663,0.880785058806255,0.999580718477448
RBMX,-0.0357298473244923,7.20313480626907,0.0224399756244953,0.880922578887672,0.999580718477448
DSTYK,0.0878692799337466,4.77842625073041,0.0224379082420789,0.880928023376895,0.999580718477448
REV3L,-0.047945119830433,5.65401402517143,0.0224294028633771,0.880950425144781,0.999580718477448
ATF6,-0.0552291248405042,5.32826513821911,0.0222774254700049,0.881351443064221,0.999580718477448
PPP1R7,-0.0334671041964268,6.85745352992906,0.0222494641876505,0.881425375760534,0.999580718477448
SUDS3,-0.0519970839507879,6.00962975365175,0.0222173538671893,0.881510337575656,0.999580718477448
TMEM222,0.0658936941536848,5.36868471957687,0.0221279148355649,0.881747318835739,0.999580718477448
DCAF17,0.0940729181988276,4.46042300631686,0.022114398285856,0.881783175381875,0.999580718477448
UBA2,0.0345103699654653,6.48658244123367,0.0221105852978747,0.881793292457438,0.999580718477448
TMEM126B,-0.0471099381482209,6.32969722363191,0.0221033508484911,0.881812490214454,0.999580718477448
ZNF7,-0.0621421466697814,4.88836344886407,0.0220927799964219,0.88184054741929,0.999580718477448
EXOC5,-0.0462294198357477,5.59178280748145,0.0220907772407433,0.881845863915734,0.999580718477448
RRS1,0.0582785860483623,5.04482049143014,0.022086599192841,0.881856955715502,0.999580718477448
EXOC8,-0.0743561497762896,4.54361894199505,0.0220386570760098,0.881984308332978,0.999580718477448
EEF1AKMT2,0.063498967687149,5.10869401763705,0.0220259671409089,0.882018041349424,0.999580718477448
PDK1,-0.0616966835481632,4.78816808878575,0.0219761120473017,0.882150664886447,0.999580718477448
GPR18,0.0907256716520441,5.2178789769479,0.0219572676873199,0.882200834314793,0.999580718477448
FEM1A,-0.09796055701111,4.41769328875625,0.0218625784694044,0.882453259536748,0.999580718477448
PSMD14,0.047365080095146,6.15658320802553,0.0218591066470974,0.882462525425582,0.999580718477448
HERPUD2,-0.0308574887604952,6.66462320051051,0.0218387175648047,0.882516956689228,0.999580718477448
CAMKK2,-0.0761399504750598,4.31443981965646,0.0217667249095896,0.882709358278724,0.999580718477448
ERCC4,-0.0657604815920705,4.7039138348131,0.021761585010367,0.882723107171962,0.999580718477448
TOPORS,-0.0534669425463443,5.58529926279982,0.0217423314979648,0.882774623806923,0.999580718477448
SUN2,-0.033238889154289,7.58363420165153,0.0217384196025794,0.882785093716111,0.999580718477448
MAPK13,-0.0656921414086436,5.03106264009581,0.0217362069566125,0.882791016131523,0.999580718477448
ILF3,0.0297277773830128,6.76783064372066,0.0216913880349985,0.882911045782824,0.999580718477448
RTL8C,0.0714488850328402,4.84607934397725,0.0216292073872335,0.883077781920301,0.999580718477448
CBX3,0.0296211151635874,7.94613802453132,0.0216059915064708,0.883140097596417,0.999580718477448
TMEM60,-0.0698422061838525,5.3292514148,0.021441810818505,0.883581768294626,0.999580718477448
TSR1,-0.0599140225799047,4.81469332503359,0.0214410792137425,0.883583740279656,0.999580718477448
GNPTAB,-0.0403245360853406,7.2834494528658,0.0214268384547065,0.883622132010188,0.999580718477448
UBA5,0.0938640977018045,4.75672556191346,0.0213134896192635,0.883928175478854,0.999580718477448
TPM4,0.0331429042636345,7.65845820833943,0.0212044557839022,0.884223353660165,0.999580718477448
TMEM156,0.0524775437755027,5.34507902235666,0.0211503703102061,0.884370062310887,0.999580718477448
FBXO30,-0.103765710711644,4.19960589799063,0.021116918667639,0.884460896895955,0.999580718477448
CTSS,-0.0641920559374483,6.22297631352503,0.0210908495351898,0.884531735960678,0.999580718477448
PDE6B,0.480694368840132,4.06921092247138,0.020992153451056,0.884800333990619,0.999580718477448
WHRN,0.0923852545292196,4.23783533881482,0.0209626276082169,0.88488081278887,0.999580718477448
CARS2,-0.0470452941460274,5.47534984717385,0.0209572170270871,0.88489556672016,0.999580718477448
AP3B1,0.0441310416763531,5.97485869064485,0.0208587783974039,0.885164335979434,0.999580718477448
TRGC1,0.0386274300181709,6.43071424990224,0.0208467924029385,0.885197105793819,0.999580718477448
VDAC3,-0.0481005662034098,6.35695421973245,0.0208234989559841,0.885260817799626,0.999580718477448
ZFPM1,0.0616221343327949,5.56996382291424,0.0207944446976391,0.885340337725142,0.999580718477448
KIF16B,-0.0704302974805902,4.27420993285968,0.0207258890924198,0.885528195750003,0.999580718477448
WDR6,-0.0522636856916771,5.4833412751955,0.0207037643135504,0.885588890370546,0.999580718477448
PPP1R2,0.0301946310204783,7.64544076455221,0.0206771815329265,0.885661858364702,0.999580718477448
EIF4EBP2,-0.0386678554118542,6.34489633778779,0.020675537622461,0.88566637236282,0.999580718477448
UXT,0.0316049852679729,7.84879714969199,0.0205636482975358,0.885974039841782,0.999580718477448
SPATA13,0.0485222823757408,6.38860980077824,0.0203935859308242,0.886443309035807,0.999580718477448
PCGF3,-0.0683393304732707,4.55262991390631,0.0202478651370113,0.886847001002483,0.999580718477448
CPSF4,-0.0772718582673579,4.43680264453628,0.0202224545017078,0.886917547958946,0.999580718477448
MOB4,-0.0373171595951654,6.09323802563153,0.0201237704813408,0.887191951832944,0.999580718477448
VIM-AS1,0.0595688765271221,4.97675139040264,0.0201098370090271,0.887230750931318,0.999580718477448
GDAP2,0.0804660411148885,4.75359040248633,0.0201032327121258,0.887249146023233,0.999580718477448
SNAPC5,0.0417869179966206,5.60165260306014,0.0200742811185393,0.88732982192307,0.999580718477448
TMEM19,-0.0731486940625461,4.61859391421634,0.020058428055524,0.887374022879383,0.999580718477448
EIF3K,0.0161537085978018,8.70640304375219,0.0200545836233612,0.887384744474831,0.999580718477448
UTP25,-0.0710429110328522,4.78577552206105,0.020039147518947,0.887427804216596,0.999580718477448
ZNF780B,0.0741069361356874,4.33939543958885,0.020015616870289,0.887493476633617,0.999580718477448
ZC3H18,0.0391777931599815,6.06956563543626,0.0198944760268986,0.887832197234295,0.999580718477448
RPL13A,0.0194028699256907,11.8028686468987,0.0198645512143543,0.887916031560223,0.999580718477448
NCBP1,0.0564900960467356,4.8435918730963,0.0198166284007391,0.888050421523628,0.999580718477448
DCTN4,-0.0597245692678765,4.71599386487427,0.0198162770426347,0.888051407448892,0.999580718477448
SFXN1,-0.0680779485465492,6.45898180168708,0.0198037805979983,0.888086478783587,0.999580718477448
RGS14,-0.0404777683889954,5.97141958508829,0.0197453367204288,0.88825065181511,0.999580718477448
NFIL3,0.113003492681038,4.56552129317402,0.0196673340072877,0.888470153510554,0.999580718477448
DPH7,0.0555476462832448,5.15221630011967,0.0196582394193126,0.888495774791761,0.999580718477448
CDC123,0.0374107941121789,6.16962110112965,0.0196056797641333,0.88864396442396,0.999580718477448
RPL21,-0.0171195747685514,11.7264430674547,0.0195661305480002,0.8887556052788,0.999580718477448
RPS12,-0.0185666903510065,12.7492247687086,0.0195658114647319,0.888756506465344,0.999580718477448
KIF13B,0.0619778564981492,4.97392310730394,0.0195003412082961,0.888941572783544,0.999580718477448
LRRC59,-0.0535120886526706,5.15113661074901,0.019465600030939,0.889039905125044,0.999580718477448
TAF3,-0.0407818344385266,6.26724706857236,0.0194018100869702,0.889220691066657,0.999580718477448
EIF4A1,-0.0282678380591862,8.38799117691119,0.0193795586407841,0.889283824749477,0.999580718477448
SLIRP,-0.0458771852680982,6.4329527260361,0.0193621813554419,0.88933315474944,0.999580718477448
PPP2R1B,-0.0583853033345663,4.53582526118072,0.0193456064083621,0.889380228131716,0.999580718477448
PPM1B,-0.0399444343281746,6.15514541941149,0.0192827376320661,0.889558964591609,0.999580718477448
NDUFS3,-0.0356730037541169,5.95787548367651,0.0192639587321173,0.889612410749333,0.999580718477448
NUDT21,0.0338804675923291,6.17690467665321,0.0192615857726706,0.889619166259152,0.999580718477448
ZNF814,-0.0566605877612773,4.4698174956411,0.0192140423217086,0.88975460582478,0.999580718477448
HSD17B10,0.0372494188075036,6.3308061968587,0.0192023029866206,0.889788074578686,0.999580718477448
CHSY1,0.0625521073855158,5.21136265476944,0.0192012712556817,0.889791016534053,0.999580718477448
SIRT6,0.0738623871765772,4.37519322283265,0.0191989092434071,0.889797752057224,0.999580718477448
BRCA2,0.0641269309969073,4.2891604124756,0.0191820073573492,0.88984596186699,0.999580718477448
SPIN1,-0.0513066374416642,5.35290670552057,0.0191263805320574,0.890004781151777,0.999580718477448
PRMT7,-0.0552577105417714,4.83529552710764,0.0191059522494577,0.890063164703956,0.999580718477448
SETD1A,-0.0693643853111284,4.35238398140334,0.0190833288789154,0.890127858897212,0.999580718477448
EEF2K,0.0817486529936961,4.44390607242781,0.0190774469051007,0.890144685494491,0.999580718477448
BRWD3,0.0895360666602396,5.07089859240369,0.0190473250215426,0.890230896805942,0.999580718477448
RAB12,0.0899621280154023,4.14151587169161,0.0190088021783161,0.890341253648617,0.999580718477448
POMGNT1,-0.0566223862083843,4.87979214716931,0.0190019348029695,0.890360938663256,0.999580718477448
SLC25A40,-0.0825958284487645,4.30469509201368,0.0189977103047951,0.890373049793142,0.999580718477448
ITPKC,0.0967026861712037,3.79903996739199,0.0189710938999506,0.890449387412844,0.999580718477448
PPM1M,-0.0393746010886506,5.94008014251217,0.0188834046770152,0.890701272717762,0.999580718477448
CDK11A,0.0364396875627358,6.29227660414875,0.0188766015473778,0.890720839438335,0.999580718477448
ANKHD1,0.037055123930054,6.39585388247491,0.0188146975231316,0.890899049106106,0.999580718477448
TBP,0.0619294164775258,4.58538289025941,0.0188086423700309,0.890916496743153,0.999580718477448
BOLA1,-0.0691888910550267,4.61351972039922,0.018806642210297,0.890922260737422,0.999580718477448
EIF3J,-0.0307630656219768,7.16715259591423,0.018802086031263,0.890935391749658,0.999580718477448
MCM9,-0.0626985292745811,4.64488681958249,0.0187716097007353,0.89102326694543,0.999580718477448
TP53,0.0669560600043865,5.41645543234158,0.0187454225660524,0.891098832778377,0.999580718477448
GATC,0.0562432589688369,5.00633629271947,0.0187015501515475,0.891225552019929,0.999580718477448
NUP35,0.896233274599736,4.05780307669145,0.0186106375579023,0.891488623011538,0.999580718477448
AP2M1,-0.0321167608670076,7.28988601681138,0.0186089550603707,0.891493497764658,0.999580718477448
ATP23,0.0536332974489111,4.22012523898281,0.0184795309690236,0.891869157348951,0.999580718477448
CHFR,-0.0444520100029827,5.71521901422633,0.0184598523896291,0.891926392569321,0.999580718477448
MOB2,0.0471419574240394,5.83213332649881,0.0184470299672785,0.891963703351529,0.999580718477448
APPL1,-0.0468324771881038,6.3159733621453,0.0183527441043641,0.892238463627349,0.999580718477448
DNAJC17,0.0483733725166658,5.08617571750091,0.0182721191336697,0.892473985041289,0.999580718477448
ZWILCH,-0.091678721879809,3.88938365483282,0.0182367379758102,0.892577507395269,0.999580718477448
PAXIP1-AS2,-0.0757845267874119,4.33157558107481,0.0181826902147453,0.892735844296805,0.999580718477448
HEATR5A,0.134760425759337,3.99806455681549,0.0181793460054625,0.892745649271038,0.999580718477448
ARMC5,-0.104671202948543,3.94444953286243,0.0181627874314927,0.892794211319856,0.999580718477448
PCID2,-0.0383403568419019,6.27095501621071,0.0181531803579507,0.892822396733674,0.999580718477448
TERF2IP,0.0207205551052309,7.84621215929496,0.018088457724744,0.893012479446496,0.999580718477448
SNIP1,-0.0670796660360796,4.76551234196481,0.0180193242968834,0.893215898953573,0.999580718477448
TRAPPC6B,0.0411551705456723,5.51201601025305,0.0180192315408707,0.893216172147228,0.999580718477448
ZNHIT2,-0.114949003547441,4.06968582265191,0.0179921388063438,0.893295998856659,0.999580718477448
AHCY,-0.0594865117882269,4.70691513652437,0.0179653396375912,0.893375020811605,0.999580718477448
HCG11,-0.0265166628643061,4.26503940390743,0.0179148875629824,0.893523950391077,0.999580718477448
CEP104,-0.0459355635926848,5.32867151024215,0.0179145251703243,0.893525020910324,0.999580718477448
ANXA2R,-0.0458840965356774,6.84259703595452,0.0178016368034939,0.893859034839006,0.999580718477448
SLC25A38,0.0434723208140992,5.55259744612429,0.0177984993899223,0.893868333186438,0.999580718477448
PSMA3,0.0419993544897955,6.75594332175374,0.017754015066977,0.894000261165138,0.999580718477448
MIF4GD,-0.0510435512919632,5.34840533175432,0.0177420612729868,0.894035741419486,0.999580718477448
ALG11,-0.0899787583098481,4.11988987227599,0.01774135081601,0.894037850521552,0.999580718477448
SERGEF,-0.0617418960454551,4.69360473727501,0.0177336591898492,0.894060687062426,0.999580718477448
BAP1,0.0567812068605622,4.57122115777482,0.0177259290456355,0.89408364304268,0.999580718477448
SIK2,-0.073306561794161,3.90297713185872,0.0176337669816338,0.894357727392144,0.999580718477448
CLPP,-0.030675803804442,6.37527511723169,0.0176073108642774,0.894436540846018,0.999580718477448
ABR,-0.0450945822061732,5.46155571040598,0.0174131848384267,0.89501669989246,0.999580718477448
ZNF770,-0.0569004969829654,5.42712535487257,0.0173373129994907,0.895244341913719,0.999580718477448
GPX7,0.0594021816440368,4.49726415598833,0.0171761036546236,0.895729714508087,0.999580718477448
CCND3,0.0293296425874183,7.21495887702307,0.0171638917044064,0.895766576734485,0.999580718477448
TPST2,0.0357135294549696,6.42689584846413,0.017040898736262,0.896138581797755,0.999580718477448
GNA13,0.0331293698065684,6.2856644668468,0.0169817342245366,0.896318017390628,0.999580718477448
TAOK1,0.0366167942083668,6.48589599398643,0.0169268252510708,0.896484831310226,0.999580718477448
SMARCE1,0.0286040328411246,6.71853648472389,0.0168212190013426,0.896806439255417,0.999580718477448
UTP18,0.0400283239217499,5.34289901515009,0.016780141352724,0.896931812270373,0.999580718477448
ZNF24,0.0429299771658896,6.16833901932322,0.0167733666888896,0.896952504191946,0.999580718477448
PLCL2,0.059213498491923,5.15601227226587,0.0167620145623975,0.896987186629245,0.999580718477448
SVBP,-0.0367984548874469,5.94302060397906,0.0167505177228851,0.897022323359084,0.999580718477448
CEP120,0.0608267523925178,4.98406161453748,0.0167485364308693,0.897028379837408,0.999580718477448
KRT86,-0.426519224921006,4.29778872857658,0.0167460636001593,0.897035939378315,0.999580718477448
GFM2,0.0748193836758679,4.29281360853491,0.01668832368936,0.897212614158277,0.999580718477448
PTMS,0.0334912020185246,8.03525244127117,0.0166732108138543,0.897258908401388,0.999580718477448
ABHD16A,0.0534104737539025,4.89125040114587,0.0166422046992532,0.89735395414366,0.999580718477448
DDHD2,-0.0577663686312834,4.87792371932532,0.0166174595423101,0.897429872230317,0.999580718477448
ZBTB8OS,0.0260519497515817,6.66761168357552,0.016593204625214,0.897504342050457,0.999580718477448
RPA1,-0.0489268072229424,5.38543114071275,0.016501999559102,0.897784865160083,0.999580718477448
ACBD3,0.0457051940637509,6.08918459588459,0.0164604263510491,0.897912994992004,0.999580718477448
SUCLG2,-0.0561359866797088,5.49853655708345,0.0163753835041955,0.898175612848942,0.999580718477448
TIMM8B,-0.0310910387168989,6.3596509723919,0.0163533594578666,0.898243737463746,0.999580718477448
ACOT9,0.0802867361827924,4.89707404588599,0.0163097993788703,0.898378614610806,0.999580718477448
SLC25A6,-0.0306407138243031,8.78280333660647,0.0162643948923105,0.8985193976706,0.999580718477448
GEMIN8,-0.130438934504374,4.03397742889272,0.0162060115306346,0.898700717393615,0.999580718477448
PBX2,0.0650484706893144,4.8961909406102,0.0161732926656324,0.898802476680608,0.999580718477448
MFSD5,-0.0130926117521517,4.46144548560774,0.0160017274400426,0.899337783921108,0.999580718477448
NRBP2,0.020599510848554,3.95516995456874,0.0159557494319893,0.899481736466528,0.999580718477448
AKAP9,0.0392428767037899,7.87027745151448,0.0159317675024049,0.899556905111909,0.999580718477448
DNASE1,-0.0701708158050923,5.51439819027725,0.0158626095883712,0.899773995211397,0.999580718477448
MBP,0.018481066358051,8.17467528663565,0.0158263520921711,0.899888001381318,0.999580718477448
LIG1,-0.0738981060974634,4.85986197657284,0.0158085545435576,0.899944011600737,0.999580718477448
ZNF397,-0.0470333784185508,5.0936886797847,0.0157719840324457,0.900059202345926,0.999580718477448
CLUAP1,0.060494152518349,4.74077819034719,0.0157029046613921,0.900277161070863,0.999580718477448
TNFRSF18,-0.0585104936844903,6.07972962426157,0.0155945981347525,0.900619871580107,0.999580718477448
PPP2R3B,0.131089661751705,4.24269367162982,0.0154531034029421,0.901069424460308,0.999580718477448
SLC27A5,0.0779225312252107,4.38965896100466,0.0153667072491377,0.901344947995443,0.999580718477448
PASK,-0.0813364041426204,4.66596194181819,0.0153639360167759,0.901353798655152,0.999580718477448
CDC34,0.0485319012468933,5.54537112923786,0.0153456721241323,0.901412149485154,0.999580718477448
SLC25A17,-0.0866751177654907,4.32780919031002,0.0153363402461082,0.901441977266084,0.999580718477448
TRAPPC11,-0.0554743094153338,4.84929168165714,0.0153017953125598,0.901552474609036,0.999580718477448
PARL,-0.0349060419738728,5.78275025915154,0.0152641522176049,0.901673026182385,0.999580718477448
TRBV28,0.175428855119224,4.91055052682298,0.0151464926740701,0.902050805723729,0.999580718477448
SLC25A26,0.0487001244175557,5.12655558516701,0.0151285722343184,0.902108474950795,0.999580718477448
CHML,0.0867150763278942,4.31406331565368,0.0150950465497335,0.902216456130236,0.999580718477448
TFDP2,-0.0593429522358568,5.48000734349929,0.0150245435634311,0.902443933477621,0.999580718477448
TDG,0.0415103782205562,6.08051083129251,0.0150232027944366,0.902448264701942,0.999580718477448
ZC3HAV1,0.0263714470756934,7.55558049955417,0.0150124247345058,0.902483089309661,0.999580718477448
CHID1,0.0611178718604651,5.08980235637245,0.0149994917830956,0.90252489326282,0.999580718477448
SYNC,-0.0506368227606817,5.44372867658568,0.0148782431275345,0.902917705609353,0.999580718477448
VPS8,-0.0511251624047019,5.41745017914339,0.0147874219159725,0.903213006607971,0.999580718477448
ZNF585A,0.0439398209494752,5.63354610341519,0.0147339096886672,0.903387430134181,0.999580718477448
BISPR,0.0511516131653668,4.9779486075402,0.0147165146225188,0.903444198690524,0.999580718477448
FUT8,-0.0383201374727034,5.70601914995371,0.0146653200764142,0.903611469199825,0.999580718477448
B4GALT4,-0.0554536540670304,4.44367269939871,0.0145450773534268,0.904005513076988,0.999580718477448
METTL21A,-0.0733287764990808,4.6196999495551,0.0145125180624444,0.904112496218571,0.999580718477448
LPXN,0.030681416227151,6.55800140010517,0.0145065019948394,0.904132277102863,0.999580718477448
IQCB1,0.0451464205000876,5.10371494260802,0.0144471730067206,0.904327574647052,0.999580718477448
ATP2C1,0.0453772389153877,4.93733882347338,0.0144299725628709,0.904384270632673,0.999580718477448
ABCF1,0.0306134917563512,7.09984211229167,0.0143926226941637,0.904507501163743,0.999580718477448
TMC6,-0.0253217124920108,6.98893740887936,0.0143814791511439,0.904544299092076,0.999580718477448
RALGDS,0.0281255436280161,6.74806066353275,0.0143742580332402,0.904568152208934,0.999580718477448
SGO2,-0.0974877587872468,3.94946661300495,0.0143526806642988,0.9046394637662,0.999580718477448
DXO,0.0751281290418425,4.36630825962645,0.0142720902435762,0.904906290915463,0.999580718477448
ALAD,0.0923165271290923,4.19865194492139,0.0142293348677036,0.905048160117144,0.999580718477448
SPNS3,0.0422574531009743,5.23381128743317,0.014194005985134,0.905165550214531,0.999580718477448
RBM28,0.0430163090097819,5.81843776635012,0.0141541818571902,0.905298054806789,0.999580718477448
CCDC82,-0.0342551562252342,6.46362294364038,0.0141523408701021,0.905304184788851,0.999580718477448
ARL5B,-0.043226526796639,4.38194924431426,0.0141286439913024,0.905383125024019,0.999580718477448
PCYT2,-0.0523642167085786,5.16925041160234,0.0140677728485077,0.905586210294686,0.999580718477448
TAF15,0.0303599179214018,6.85691743741722,0.0140527966294055,0.905636243929753,0.999580718477448
AGAP2,-0.0392027259519569,5.47561021506854,0.0140310109570976,0.905709075371701,0.999580718477448
CRCP,-0.0362253068531127,5.63861586781501,0.0140307053815905,0.90571009734542,0.999580718477448
CDK16,-0.0537900294739997,4.43025014836393,0.0140121127722725,0.90577230013951,0.999580718477448
FAM210A,-0.0471013883976198,4.86900456412909,0.0139963277687318,0.905825142757102,0.999580718477448
GLIPR1,-0.0228838648216533,7.47683722667771,0.0139606028665771,0.905944848799132,0.999580718477448
GPD2,0.0704656711281951,4.08208463097821,0.0139603578195757,0.905945670431988,0.999580718477448
RBCK1,-0.0346455014611455,7.0021339283688,0.0139383566325382,0.906019469359503,0.999580718477448
FKBP1A,-0.0254625871157854,7.45595830771383,0.0138993679003949,0.906150395080711,0.999580718477448
FAM210B,0.0539205863542691,4.80023487738254,0.0138904876564485,0.906180241317184,0.999580718477448
ZRSR2,0.0285284032203789,6.26329721851319,0.0138795607226152,0.906216979694698,0.999580718477448
TRPV2,0.05366180068499,5.89474742732988,0.0138420585791739,0.906343180498318,0.999580718477448
CTDSP1,-0.028525243103876,6.42629647914134,0.0138178413765448,0.906424767438038,0.999580718477448
DMTF1,0.0312740632150983,6.26564469047486,0.0138168311214404,0.906428172527759,0.999580718477448
CIC,-0.050457407722537,5.13748487553256,0.0137963500506011,0.906497231716025,0.999580718477448
ACAP2,0.0375354518077326,7.03325198852663,0.0137867511872578,0.906529615570199,0.999580718477448
OTUD6B,0.0636955563315919,4.76495356524598,0.01377836949362,0.906557902385675,0.999580718477448
WASHC2A,0.0666235368395225,4.83833418817563,0.0137643610388984,0.906605198057401,0.999580718477448
GALNT7,-0.0559054248945834,4.53448575721104,0.0137565566503834,0.906631557999247,0.999580718477448
ALYREF,-0.0316161617174404,5.90552389482235,0.0137517444302588,0.906647815432886,0.999580718477448
FBXL8,0.146148413923374,4.35706466429182,0.0137045548787835,0.906807391973105,0.999580718477448
RPL13,-0.0151024789726595,12.9430346474107,0.0136403585084821,0.907024926714978,0.999580718477448
ZFP36L2,-0.027238839277292,9.65530237516013,0.01359816556573,0.907168183711129,0.999580718477448
MED7,-0.0561353875545231,5.13990865798771,0.0135201145077808,0.907433784224937,0.999580718477448
INPP4B,0.0461834781674162,6.24342638691806,0.013518414193868,0.907439578871788,0.999580718477448
MAGED1,0.345952902800125,4.10130229875665,0.0135096875985061,0.907469324804861,0.999580718477448
ARRB1,-0.0635071085680341,3.96711130188993,0.0134660932496875,0.907618068830456,0.999580718477448
SHPRH,-0.0561726934499753,5.98053778282794,0.0134460394124645,0.907686574509319,0.999580718477448
UQCR10,-0.0158842432644462,8.3174365061966,0.0133842685275347,0.90789791527902,0.999580718477448
POLR2C,0.0372580866364518,5.82805241622703,0.0133290373585027,0.908087300181459,0.999580718477448
TACO1,0.0492429462934144,4.54727371138394,0.013256093453613,0.908338031531949,0.999580718477448
ITPA,-0.0464930667907084,6.23313647888159,0.0132350448319656,0.908410512203954,0.999580718477448
AEBP2,0.037433629377449,5.72701891068517,0.0132308530722014,0.908424953448918,0.999580718477448
LAMTOR4,-0.0153705531961944,7.85203326509186,0.0131984826893623,0.90853655245552,0.999580718477448
GCN1,-0.0559844590210298,4.65459387243219,0.0131961742533999,0.908544516233082,0.999580718477448
DENND4B,0.0492294460091389,5.2571889900221,0.0131877551228694,0.908573567024989,0.999580718477448
COX19,-0.0326656248650006,6.16428163814097,0.013184567148695,0.908584569802557,0.999580718477448
RNF169,0.0338782952287037,6.11483176111405,0.0131608618397951,0.908666427150673,0.999580718477448
RPS23,0.0145828877017422,11.8544005947772,0.0131501751157597,0.908703354148474,0.999580718477448
NFATC2IP,-0.0302619831792591,6.5566308441693,0.0130919546664767,0.908904797131148,0.999580718477448
ZNF587,0.0693549221810723,4.41274051613141,0.0130182437951163,0.90916048909574,0.999580718477448
JMJD7,-0.0527165775121776,4.03199034989446,0.0129586373225887,0.909367791751482,0.999580718477448
ANKAR,0.0896440189155968,4.25865683609351,0.0129305316337014,0.909465706796307,0.999580718477448
COPS8,0.0427911259523355,5.43152180810921,0.0128815097425949,0.909636748352403,0.999580718477448
LIN37,-0.0912662090260877,4.30595801974844,0.0128752869739754,0.909658483684787,0.999580718477448
OSGEP,-0.0417121151194545,5.51207776682704,0.012865597657143,0.909692337819148,0.999580718477448
COMT,-0.0299039160073999,6.05348108401242,0.0128480832258848,0.909753565410628,0.999580718477448
MRPS2,0.047119254219868,5.01583539968922,0.0127920371708772,0.909949777834693,0.999580718477448
SART3,0.0428458891747979,5.66754035408448,0.0127680921109601,0.910033740141297,0.999580718477448
ABI1,0.0267789745352073,6.39226297785152,0.0126976004340156,0.910281380073971,0.999580718477448
DGKH,-0.0562432331397089,5.41441034199427,0.0126859001163204,0.910322551033989,0.999580718477448
NSD2,-0.0507357379624122,5.19944307867569,0.0126459714432414,0.910463196606693,0.999580718477448
PPP1CB,-0.0308495299758064,7.67392094140685,0.0125247202023111,0.910891678109234,0.999580718477448
SPAG16,0.0649113482153393,4.35230455828524,0.012510239060699,0.910942992160275,0.999580718477448
ANAPC13,-0.0391685250070946,5.53578941545049,0.012494494718851,0.910998816503737,0.999580718477448
CCDC90B,-0.0263107321662615,6.43571451884242,0.0124590381079335,0.911124664724648,0.999580718477448
SAMD4B,0.0508909891710654,5.30430655249189,0.0124371984067118,0.911202271899385,0.999580718477448
CSNK1G1,0.0379797103331375,5.43849888579423,0.0124342686426582,0.911212688034957,0.999580718477448
CEP295,-0.0646607017042399,4.74442908268711,0.0124185340461036,0.911268650218648,0.999580718477448
GLUD1,0.0396175991104642,6.17692885966403,0.0124044449464016,0.911318790440723,0.999580718477448
BRD4,0.0340893839276622,7.20979565611978,0.0123714971450379,0.911436157574044,0.999580718477448
DYNC1H1,0.0180848268529833,7.29650506926138,0.012348201207395,0.911519238210873,0.999580718477448
SMARCD1,0.0346775982934368,5.92595158275445,0.012270384083628,0.911797335214744,0.999580718477448
CNIH1,0.0279113461312525,6.0806642076456,0.012264638240735,0.911817904619718,0.999580718477448
CD70,0.0701782304281724,4.85449643510498,0.0122510590582614,0.911866535801286,0.999580718477448
KIN,0.0377919687905825,5.97231000642379,0.0122365136796141,0.911918657497464,0.999580718477448
EVL,0.0210256822227207,9.2253823340697,0.0122008378472369,0.91204663068141,0.999580718477448
DPH3,0.0320853227345116,5.62551790111512,0.0121751905846565,0.912138747318528,0.999580718477448
RASSF3,0.0410989611161767,5.42624788027207,0.0121691174856799,0.912160574293923,0.999580718477448
MDC1,-0.0558594405896216,4.49599566649012,0.0121635201624652,0.912180696193412,0.999580718477448
PDCD2,-0.0273741626312366,6.53353970199041,0.0121457533848286,0.912244597306564,0.999580718477448
PECAM1,0.0752757821984913,5.32886863257026,0.0121072951297059,0.912383080914047,0.999580718477448
ZFYVE26,0.0660918334043643,3.90180458447774,0.0119979373725876,0.912778086220308,0.999580718477448
PAK2,0.0189512196272328,8.23360608589294,0.0119660128989079,0.912893742135383,0.999580718477448
ATP6V1C1,0.042275800633004,4.88576676263799,0.0118024600903741,0.913488724907862,0.999580718477448
MTMR1,-0.0343421981876665,4.29047120463957,0.0117928342618283,0.913523871940789,0.999580718477448
TNK2,0.0345417562422386,5.38111734082445,0.0117800961533625,0.913570405239103,0.999580718477448
FYB1,0.0179675729866281,9.32642912662087,0.0117577421099266,0.913652127867847,0.999580718477448
ING4,-0.0402882574015051,5.83336211115849,0.0117508405888529,0.913677374546452,0.999580718477448
GDI1,-0.0333902022438653,5.66881720022758,0.0117442082203034,0.913701643698409,0.999580718477448
UPF2,0.0323163602665962,7.24084249725138,0.0117269164211162,0.913764950443056,0.999580718477448
NOB1,-0.0411638073238586,5.29470259933395,0.0116972753824722,0.913873578750249,0.999580718477448
CISD1,-0.0366991838583698,5.26933354710093,0.011585409496333,0.914284803815687,0.999580718477448
FOXJ3,-0.0362283075770741,5.78694614783259,0.0115766343960999,0.914317146341265,0.999580718477448
ZBTB25,0.0309838756959724,5.84611080320419,0.0115700587956233,0.914341390263846,0.999580718477448
NPRL3,0.0439165165721034,4.91606911925536,0.0115514193078621,0.914410151059394,0.999580718477448
ETFA,-0.0321719317168434,5.87696808258063,0.011550868360473,0.914412184349748,0.999580718477448
LSM12,0.0387102288627225,6.20853874483614,0.0115457809891311,0.914430961787379,0.999580718477448
RPS14,0.0114165875004353,11.9258709249867,0.0115191524129799,0.914529315947872,0.999580718477448
DDX5,-0.0166907560217851,10.9177780859326,0.0114817226490835,0.914667759530183,0.999580718477448
BCL2L12,0.0484505010491882,4.43246709665959,0.0114297968323633,0.914860198998323,0.999580718477448
DSE,0.082120509184623,4.78864339418278,0.0113547565363277,0.915139084626498,0.999580718477448
ZNF664,0.0536573039904073,4.59143396728383,0.0113136267979161,0.915292337888957,0.999580718477448
KLRD1,-0.0437679270183461,8.99845289907618,0.0112892174134309,0.915383422778754,0.999580718477448
AURKAIP1,-0.0167212543175371,7.32318407999714,0.011205088079997,0.91569812129409,0.999580718477448
BCL7B,0.0283501012664034,5.93771258671147,0.0111726455950905,0.915819796364961,0.999580718477448
RIDA,0.0701344779975871,4.03205223392918,0.0111645282392976,0.915850268319591,0.999580718477448
ITGAE,0.0170179990615655,7.28243975482337,0.0111341828286893,0.915964282075157,0.999580718477448
ANKMY2,0.037530509556402,4.43362155695579,0.0111087710103259,0.916059880260647,0.999580718477448
RNF168,-0.0314781952765401,5.91653770823364,0.0111043306363889,0.916076596102431,0.999580718477448
ARHGAP11A,-0.0749924614295595,4.21206164225025,0.0110454248107636,0.916298668382178,0.999580718477448
SETDB1,0.118022776146471,4.44977053883243,0.0110397351550198,0.916320149798735,0.999580718477448
COX6C,-0.0141048512799244,8.89913330364781,0.0110274591883375,0.916366517045265,0.999580718477448
OTUD5,-0.0344280442335056,5.89087851556167,0.010966947596458,0.916595456116577,0.999580718477448
HIF1A,-0.0257942576101553,6.75228127237585,0.010958437126674,0.916627705727266,0.999580718477448
SPTBN1,-0.0401249582563192,5.58315715548907,0.0108747705731513,0.916945428586819,0.999580718477448
LAMTOR5,0.0164929557781131,7.44232596873638,0.0108309805760545,0.917112213253292,0.999580718477448
STRN4,0.0680540698808801,4.5455165244266,0.0108256807977831,0.917132421827437,0.999580718477448
U2SURP,0.020861015831691,7.46494238588634,0.0108049895951172,0.917211367319903,0.999580718477448
DGKQ,0.497471247162819,4.4633007694712,0.0107370586403928,0.917471090630823,0.999580718477448
ELOC,-0.0192281775413423,6.926716164155,0.0107186130628572,0.917541757651864,0.999580718477448
PHTF2,0.0343536620892691,5.89620176918901,0.0107171710897074,0.917547284597455,0.999580718477448
SDE2,-0.0396695557981888,4.92046576996477,0.0106946562514096,0.917633630618683,0.999580718477448
ZNF646,0.00614068907513532,3.97809926062137,0.0106625050484812,0.91775709219738,0.999580718477448
FAM168A,0.0851532611787507,4.05990548174399,0.0106025943833181,0.91798765386322,0.999580718477448
LINC01943,0.0422833838128086,6.70930443643538,0.010591734657174,0.918029517116023,0.999580718477448
CCSAP,0.0549345114981991,4.59543832602332,0.0105911426041363,0.918031800049733,0.999580718477448
MRPL14,-0.0247584685164876,6.2851297481452,0.010546152448029,0.918205469389771,0.999580718477448
SIDT1,0.0489711368620635,4.57678870281759,0.0105216474076588,0.918300220337078,0.999580718477448
ATP2A3,-0.0382736863379737,6.13460767959154,0.0105144195860731,0.918328188649304,0.999580718477448
CTR9,-0.0351246922250888,5.99540655302052,0.0103826225962003,0.918839895760578,0.999580718477448
CALCOCO2,0.0216281561902412,6.91051034339701,0.0103809093507907,0.918846569045285,0.999580718477448
CPSF3,-0.0413151912859813,4.77497286400116,0.010375507358833,0.918867614058888,0.999580718477448
POLL,-0.0779442809843002,4.41139842694349,0.010350841071924,0.918963779092497,0.999580718477448
RIOK3,-0.026686701462572,6.4734526986327,0.0103003206476124,0.919161102208531,0.999580718477448
AIP,0.0182417739703736,7.18538967190999,0.0101860485720184,0.919609238486792,0.999580718477448
SRP19,0.0193665777286925,7.42504890772991,0.0101066367307308,0.91992216197019,0.999580718477448
SNU13,-0.0133710825407349,7.79666845318841,0.010096611793954,0.919961753526747,0.999580718477448
ZFAND1,-0.0304075987562631,5.537246462252,0.0100278766586346,0.920233746121265,0.999580718477448
CD2BP2,-0.0252254021000949,6.04337801581139,0.0100132793551371,0.920291630370527,0.999580718477448
PIK3CG,0.0338265699128663,5.77585398908508,0.00998599310949722,0.920399945832878,0.999580718477448
LINC02273,-0.0476541203199755,4.22091199440715,0.00989678616880596,0.92075510867151,0.999580718477448
ALKBH1,-0.0234521700877565,3.92049777487306,0.00985963350739283,0.920903502568156,0.999580718477448
LIPE-AS1,-0.0637263921417185,3.98171917494823,0.00983436395415183,0.921004594740709,0.999580718477448
EML3,-0.0367488562200373,5.06895797812932,0.00981128694787081,0.921097030155975,0.999580718477448
ATP5PB,-0.0199769385340426,7.09991226946752,0.00980352049704081,0.921128163516015,0.999580718477448
GNL2,-0.0382474318898764,5.20653808760503,0.00976185042265332,0.92129541934465,0.999580718477448
EMC9,-0.0466568455258171,4.72400147265708,0.00973834517226813,0.92138992402864,0.999580718477448
ZNF91,-0.0260364369261324,5.8779850380179,0.0097367223881637,0.921396452805777,0.999580718477448
NAB2,0.0564409167612475,4.07697831691972,0.0097178347130189,0.921472482053601,0.999580718477448
PKM,-0.0201395696376213,7.49935474865397,0.00968033301334259,0.921623660450253,0.999580718477448
CD8A,-0.0316870829049586,8.98169179582042,0.00967117820627017,0.921660610562809,0.999580718477448
CDC5L,0.0211784543656355,6.64932051567231,0.00966600152002162,0.921681512225599,0.999580718477448
CD44,0.0203453226433096,9.31707558065775,0.00960124847322774,0.921943441540717,0.999580718477448
C4orf33,-0.0554495200354811,4.1370811353947,0.00952543512156723,0.922251246157048,0.999580718477448
FRAT2,0.0605765324429747,4.83635348337538,0.009501108500924,0.92235027488588,0.999580718477448
TNIP3,0.0478988323693244,5.709157458881,0.00941931097341175,0.922684198108046,0.999580718477448
POLR3K,0.0338135298428088,5.77645643526778,0.00939913335521858,0.922766794291547,0.999580718477448
NMI,0.0349135351533663,6.29803824291883,0.00938197605535862,0.922837097362542,0.999580718477448
FOCAD,-0.101887622729816,3.90279041980094,0.00937133079297992,0.92288074958976,0.999580718477448
HDGF,-0.0250692417336057,6.27121189005592,0.00934994259408573,0.922968530285747,0.999580718477448
RDH14,-0.0299611308001156,5.55830457959223,0.00933763261969034,0.923019098402782,0.999580718477448
ERVK3-1,0.0295404538543163,5.92687464846477,0.00930237229268549,0.923164130714938,0.999580718477448
TC2N,-0.020557301907391,6.79811248680157,0.00929332853095843,0.923201374079689,0.999580718477448
TRAPPC4,-0.0257317071335951,6.51478070245305,0.0092799458839572,0.923256519101047,0.999580718477448
GPR180,0.0482307962948224,4.555041191418,0.00922736192593021,0.923473588072165,0.999580718477448
ODR4,0.046617966423483,4.44740465859391,0.00918010787463341,0.923669188075592,0.999580718477448
DEDD,0.0456288860556683,4.52588405275779,0.00914401367027384,0.923818936289235,0.999580718477448
PRKACA,-0.049509123701694,4.98974857056132,0.00907730975542265,0.924096465567025,0.999580718477448
COX4I1,0.00681081745570221,9.54223444479858,0.00904327626487511,0.924238462254403,0.999580718477448
BTF3,0.00829659559522566,9.52596780303214,0.00903167029602159,0.924286947043802,0.999580718477448
PPP1R3E,-0.0301801681877619,4.56882969810654,0.00895912444901192,0.924590727624015,0.999580718477448
GOLPH3,-0.0279670934699423,6.03936553819519,0.00895694288478044,0.924599881952951,0.999580718477448
HACD2,-0.0349444741242874,4.89479266983834,0.00892055041675643,0.924752759062489,0.999580718477448
GSS,-0.0176097674169204,4.80052434787789,0.00888221679395151,0.924914131186241,0.999580718477448
ACTA2,0.0457911068024722,4.78621616265518,0.00887726528939936,0.924935001015264,0.999580718477448
KPNA3,0.0324222280703177,5.75163324152156,0.00886422525280217,0.92498999087267,0.999580718477448
CYP20A1,-0.0244801321309334,6.13182112657042,0.0088600044949807,0.925007798556302,0.999580718477448
ZNF611,-0.0528091948855262,4.39346600943864,0.00885993900646653,0.925008074890806,0.999580718477448
CRKL,-0.0439966628034931,5.16638405278719,0.00884943333341504,0.92505241784352,0.999580718477448
FLNA,-0.0216767041312974,7.8384699833439,0.00883812453038502,0.925100180380485,0.999580718477448
PPTC7,-0.0309908163053418,5.51160284277527,0.00883570931936539,0.925110384977294,0.999580718477448
ADAM19,0.0365834660226041,6.55963951454022,0.00882745538524965,0.925145269602428,0.999580718477448
MMAB,0.0604961197865032,4.47189809073264,0.00882363402828013,0.925161425849088,0.999580718477448
ANKZF1,0.0334223923887954,5.60097100433944,0.00879940079606101,0.925263963358526,0.999580718477448
GNG2,0.0283253039673421,7.48457874190205,0.00878246788921899,0.92533569573022,0.999580718477448
NFATC3,-0.0264687271274648,6.2849923049551,0.00873929601991819,0.925518899723311,0.999580718477448
TRIP4,0.0322282929657983,5.32223149289458,0.0087205471688101,0.925598604424686,0.999580718477448
ATP6V0E2,0.0250888999820121,5.85784540311421,0.00871290930802449,0.925631099103452,0.999580718477448
MED11,0.0317091570962466,5.52413335292532,0.00870935885213342,0.9256462091305,0.999580718477448
WAS,-0.0220065071654246,7.11615329854178,0.0086832918008426,0.925757240532269,0.999580718477448
GIMAP8,0.0471268139023138,4.46108033869724,0.00866850981667611,0.92582027841257,0.999580718477448
TRABD,0.0223070873961086,6.77900049834112,0.00865513131429196,0.925877377887801,0.999580718477448
CCDC71L,0.0402983029300707,4.81768267508906,0.0086456110342592,0.925918037574678,0.999580718477448
LTBP4,-0.0409251255135385,4.82215388301097,0.00863143456481907,0.925978625016445,0.999580718477448
ADH5,0.0200882947618044,6.53780077458033,0.00862903719703745,0.925988875854358,0.999580718477448
ZNF282,0.0604448995189161,4.16607716800266,0.00857454920897816,0.926222248006506,0.999580718477448
KDM4B,0.0404248944479865,4.94992041214188,0.00842293342549638,0.926875583181517,0.999580718477448
ILF2,-0.0260193830117626,6.45872302671406,0.00838466818303374,0.927041408973924,0.999580718477448
NCR3,-0.0515610544636326,5.61331412241142,0.0083462419218403,0.927208316977969,0.999580718477448
IL21R,0.0410844200875221,4.97226977737854,0.00833588755880754,0.927253358337341,0.999580718477448
MCPH1,-0.0340503259034505,5.35327199252717,0.00833355855706319,0.927263493353178,0.999580718477448
RGL4,0.0394102368349254,6.16400461847485,0.00832371076684169,0.927306363347648,0.999580718477448
SEPSECS-AS1,0.0765160800054827,4.12579809495907,0.00830707992219715,0.927378819840845,0.999580718477448
AK1,0.138887953002475,4.02590316206249,0.00828002386014681,0.927496852880716,0.999580718477448
CSNK1G3,0.0246277116581772,6.02557299700068,0.00827278172459067,0.927528479933144,0.999580718477448
FURIN,-0.0288771970264026,5.50978952724527,0.00823839920595759,0.927678822250619,0.999580718477448
ODF2,0.0507505636666231,4.94023787042272,0.00822732306742324,0.927727321535091,0.999580718477448
PWWP2A,0.0374902325972991,5.66746365078623,0.00811292820473675,0.928230162643126,0.999580718477448
GRPEL2,-0.0542390039060365,4.12616125315213,0.00804518591269599,0.928529620856605,0.999580718477448
SNHG14,0.00602129174809088,5.70295075108493,0.00804346674050827,0.928537237047133,0.999580718477448
GRSF1,-0.0257438250024121,5.87224324489753,0.0080421532280468,0.928543056657185,0.999580718477448
UROS,-0.037774683604621,5.3034177663402,0.00798009394882726,0.928818562810205,0.999580718477448
BTN2A1,0.0331649870019054,5.56781444387849,0.00797523165632974,0.928840194028814,0.999580718477448
VGLL4,0.0365567903643821,5.4641696082472,0.00797256513371281,0.928852059595384,0.999580718477448
IMMP1L,0.0331609405654116,5.30155053910637,0.00796896877584885,0.928868065937067,0.999580718477448
PIGK,0.0415425743475445,4.75367604468202,0.00796331185342325,0.928893250620409,0.999580718477448
KLHL20,-0.0429906411615957,5.0531198220233,0.00795198228189165,0.928943717129138,0.999580718477448
RPA2,0.0194476910928852,6.37964009870435,0.00794287576788122,0.928984307512443,0.999580718477448
MAK16,0.04011255199449,4.55312908771102,0.00793512198352708,0.929018886875968,0.999580718477448
AHCYL1,0.0333921286461638,5.76698127125976,0.00786131069117069,0.929348917680672,0.999580718477448
HNRNPH1,-0.0149195694391433,8.84964279784077,0.00785707060588337,0.929367923611684,0.999580718477448
RTL8A,-0.0332755040416776,5.07074908106918,0.00785507040457389,0.929376891189702,0.999580718477448
STRAP,0.0219524987520389,6.27470213597834,0.0077992842356327,0.929627464644145,0.999580718477448
TRAF3IP3,-0.0181848691390383,8.00817811577429,0.00776015507188177,0.92980375950772,0.999580718477448
TAF1C,0.0467047268979377,4.02229064154049,0.00773906204768515,0.929898979102382,0.999580718477448
RAP2A,0.0364697880806489,5.17786833396127,0.00770488254622848,0.930053552634965,0.999580718477448
PABPN1,-0.0219466151054229,6.82297113817,0.00768544340485455,0.930141618445508,0.999580718477448
RC3H1,-0.0251485278290235,6.08307356864208,0.007678341649207,0.930173819759047,0.999580718477448
USP47,-0.0237643038051748,6.61313308678353,0.00767308984784698,0.930197642523757,0.999580718477448
PITPNC1,0.0232879657206771,6.53690163689987,0.00761540859858823,0.930459833749415,0.999580718477448
LINC00342,0.0302760588030505,5.91260142964182,0.00761081262278651,0.930480767814419,0.999580718477448
CPSF2,-0.0358534610316465,5.69646914667271,0.00757491596547411,0.930644491982101,0.999580718477448
LXN,-0.0179530733394705,4.15214477794955,0.00754941359465589,0.93076104555894,0.999580718477448
POLR3H,-0.0343859442063066,4.28803769498369,0.00754586914739441,0.930777260449057,0.999580718477448
NRBP1,-0.0260218390115834,6.315028721351,0.0075332531105019,0.930835006571325,0.999580718477448
RCAN1,0.00264573546555398,4.04612991597804,0.00750703167603462,0.930955183380257,0.999580718477448
PSMB6,0.0179446570295276,7.12611182790682,0.00743866977221686,0.931269494317606,0.999580718477448
CDS2,0.0260962191185458,5.76923152912776,0.00739656714404902,0.931463796085049,0.999580718477448
NEK9,0.058186409529826,4.84308205154307,0.00738740579223141,0.931506149059583,0.999580718477448
KLRK1,0.0255885224617399,8.65710382076328,0.00738715198965956,0.931507322766623,0.999580718477448
C15orf39,-0.0268692582997579,4.19764872189211,0.00737678676598197,0.931555273988392,0.999580718477448
UBE4A,-0.0318933032202496,5.67613328216222,0.00735451128185716,0.931658438992879,0.999580718477448
TBRG1,-0.022492016350216,6.24211533857559,0.00734672646156653,0.93169453012899,0.999580718477448
UQCRH,0.0141711108196633,8.5284267278829,0.00732799704714893,0.931781440399205,0.999580718477448
CBR1,0.0367817652972178,5.33999105198058,0.00730831907445761,0.931872872880847,0.999580718477448
GALM,-0.032166346431347,6.09835741729977,0.00727288542592675,0.932037826338813,0.999580718477448
ZNF518B,-0.0464554409556046,4.68302773845117,0.00725913626780717,0.932101941450928,0.999580718477448
LEMD2,-0.0376423663068002,5.22108269218626,0.00724510671530254,0.932167427173197,0.999580718477448
HDLBP,0.0251832849064431,6.07624225902738,0.00716668233815199,0.932534670631703,0.999580718477448
PCNT,0.0150251727934605,5.11119628843252,0.00716045846516744,0.932563902089933,0.999580718477448
MAPK9,0.0338220957064453,5.50079133073842,0.00715974488392135,0.932567254360798,0.999580718477448
REC8,-0.0380870696090032,5.00158861614201,0.00713235270987056,0.932696065088936,0.999580718477448
IFFO2,-0.0356156578755586,4.74116197132197,0.00710850488240844,0.932808411650294,0.999580718477448
ATG9A,-0.0801807348746312,4.18133142673649,0.00710269471318981,0.932835811963239,0.999580718477448
POLR2M,-0.0291011491768483,4.95267845399027,0.00703745703820502,0.933144246084426,0.999580718477448
BTBD1,-0.0291980151272725,5.227356833007,0.00703537721988035,0.933154102789003,0.999580718477448
JOSD1,-0.0259356307927275,5.85074705463284,0.00703098589970352,0.933174919016426,0.999580718477448
DDX60L,-0.0305921371465558,5.60348850341584,0.00703023669810143,0.933178471119353,0.999580718477448
CELF2,-0.0132524810362213,8.4950474404244,0.00697809574236175,0.933426150955419,0.999580718477448
LRP10,-0.0249344375093107,6.73248881286324,0.00694964827729727,0.933561674980018,0.999580718477448
DAAM1,0.0364568888528408,5.08390048708672,0.00685252340866427,0.934026496197951,0.999580718477448
POLR1C,0.0513385888536253,4.55392518748985,0.00678947540133912,0.934330009289618,0.999580718477448
MTX2,-0.0366733429282603,4.87699370870826,0.00678684554070586,0.934342700198368,0.999580718477448
INTS12,0.0386757389027041,4.55480475578932,0.00676099981485301,0.934467555774098,0.999580718477448
RPL4,-0.00658488694732284,9.58423974726024,0.00672953716855851,0.934619870282568,0.999580718477448
COPG1,-0.0353285088228885,5.16719584258139,0.00672627156426486,0.934635699985938,0.999580718477448
ANAPC15,-0.0242209322912439,5.71380068653021,0.00671793396446496,0.934676133256543,0.999580718477448
HIRIP3,-0.0316728455480281,5.13511408632479,0.00669056149539671,0.934809054204852,0.999580718477448
COX7C,0.0111866646930652,9.49754960968881,0.00668975065796573,0.934812995808773,0.999580718477448
ZNF829,-0.038722101586169,4.01238052005809,0.00668517620455411,0.934835237428273,0.999580718477448
USP21,0.111513879921158,4.02362194003647,0.00667624592963367,0.93487867973488,0.999580718477448
FAM111A,-0.0282158248905214,6.31693217081438,0.00667386036961304,0.93489028950397,0.999580718477448
C1QBP,0.0209873454274945,6.75273140940972,0.00665073220747914,0.935002955453852,0.999580718477448
MDM1,-0.0418594233996421,4.84200738310249,0.00662450685112681,0.935130947846751,0.999580718477448
DNAL4,-0.0444474780302915,4.31997302375309,0.00653568606504607,0.93556634158845,0.999580718477448
POLR2D,0.0285373410721824,5.1548267754534,0.00652953507576104,0.93559660327478,0.999580718477448
NUFIP2,-0.0165183447841572,7.09954357498367,0.00652914048570885,0.935598545071674,0.999580718477448
KIDINS220,0.0191652238104729,6.43109301251007,0.00652365080775041,0.935625566173599,0.999580718477448
RPL30,-0.0117171622690478,12.2758128298257,0.00651957463696284,0.935645637163415,0.999580718477448
MRRF,0.000109763686332505,4.28725722689762,0.00651921203948369,0.935647422892556,0.999580718477448
PPDPF,0.0178003211544987,8.85473248397428,0.00651585263962318,0.935663969726468,0.999580718477448
PKNOX1,-0.0278432162724883,5.42106623973625,0.00646364538679389,0.935921672212004,0.999580718477448
RASGRP3,-0.0419044538054428,3.91659120255276,0.00641178773364359,0.936178688087948,0.999580718477448
RPGR,-0.0401536184088062,5.42904214900674,0.00637625282498711,0.936355409934856,0.999580718477448
RPS11,0.00998982909929171,10.9371135742386,0.00637110282314879,0.936381062947707,0.999580718477448
MTRNR2L8,0.0466912199320243,4.88560624684555,0.00637023974523565,0.936385363102575,0.999580718477448
FAU,0.00840521173843755,11.5064242338252,0.00631350416701437,0.936668685421242,0.999580718477448
RNF10,-0.020238765088995,6.1682412066357,0.00627436899409872,0.93686486326536,0.999580718477448
ZNF689,-0.0384899282371501,4.20056249768016,0.00627210469734685,0.936876232607939,0.999580718477448
RBBP7,0.0233477990780444,6.28514479304032,0.006266303872696,0.936905368764619,0.999580718477448
DNAJC14,0.0764821148784253,4.30445520802293,0.00625992158527566,0.936937441153295,0.999580718477448
ZNF654,-0.0485034820826877,4.91916953298721,0.00624321742172462,0.937021461187427,0.999580718477448
PARD6A,-0.044389584747934,4.62281025992771,0.00622437487898608,0.937116372886818,0.999580718477448
MAML1,-0.0283494921989402,5.08167270607904,0.00620933454998074,0.937192236260159,0.999580718477448
CD38,0.0793186653159686,5.18113102974854,0.00612992553074054,0.937594316635115,0.999580718477448
ADAL,-0.029823235027355,4.37471872800758,0.00612713385851293,0.937608499551876,0.999580718477448
IL32,0.0216372037788908,11.1214275193284,0.00611844615280432,0.937652657711495,0.999580718477448
RPS27,-0.00955996887499477,13.0821070841879,0.00610353696631627,0.937728512197011,0.999580718477448
SLC25A3,0.0129334575077464,8.04670572985596,0.0060809748665438,0.937843480410374,0.999580718477448
PLEKHO2,0.0364078504985625,4.83211178406917,0.00606357371354971,0.937932296967688,0.999580718477448
KIAA1671,0.0324364821501212,5.00575910172292,0.00604445784593644,0.938030013450959,0.999580718477448
PA2G4,-0.00982945322105192,8.30190086418793,0.00602721890596314,0.938118268846921,0.999580718477448
AMMECR1,0.0355829977891571,4.63867701144808,0.00602349314123707,0.938137359718295,0.999580718477448
BPTF,-0.0157592855612578,7.91948725532317,0.00602147442231882,0.938147706143797,0.999580718477448
STXBP3,0.0256754009666107,6.01526087446221,0.0059946619296305,0.93828529253096,0.999580718477448
PSMA6,0.0206021267109923,7.21929365497648,0.00591772229508614,0.938681830464803,0.999580718477448
RAD51C,0.0360472526519892,5.11409082916574,0.00591056486314212,0.938718850526753,0.999580718477448
FXN,-0.0394298848387995,4.53418229023753,0.00587219247167603,0.938917707921188,0.999580718477448
NDUFAF4,-0.0275638519296264,5.3793259231172,0.00585808163336843,0.938990998859084,0.999580718477448
EPHB6,-0.0315575445179114,4.29069566864968,0.00581719774624645,0.939203850324401,0.999580718477448
RNF141,-0.0219645911033445,4.24399212527732,0.00577923376627432,0.939402174717097,0.999580718477448
MRGBP,-0.0284892120531407,5.05758153489577,0.0057714970730407,0.93944267160301,0.999580718477448
MED15,-0.0228442724877995,5.78397211089025,0.00576805969190275,0.939460672962405,0.999580718477448
PXN-AS1,0.0463242020118868,4.13816504769694,0.00573392392877103,0.939639733537719,0.999580718477448
CCDC126,-0.0398932242236144,4.69466053458605,0.00571412205922428,0.939743850810381,0.999580718477448
TRIM23,-0.0326355154244812,4.88564608746565,0.00566229610837299,0.940017211159783,0.999580718477448
GNG10,0.0327655184215421,5.84130726038081,0.00564386827055685,0.940114713354363,0.999580718477448
DBI,-0.00913589739705933,8.38613485248714,0.0056010991803106,0.940341624514419,0.999580718477448
IKBKG,0.0372437680575931,4.98292858636881,0.00553939221009614,0.940670551285294,0.999580718477448
SNX30,-0.0484595423482801,4.23956047668687,0.00550138984698023,0.940874038747881,0.999580718477448
BICRAL,-0.0255973342029478,5.28690932501923,0.00547512988129828,0.941015063530207,0.999580718477448
PFDN5,0.00876470763220162,9.96430718639303,0.0054165157905004,0.941331072475756,0.999580718477448
WRN,0.033885369725166,4.82911325420728,0.00541230646958191,0.941353832397911,0.999580718477448
MRPL50,-0.0291390549284619,5.67744711798406,0.00536285821167226,0.941621869769156,0.999580718477448
AP5S1,0.206243729329203,4.09096284283552,0.00534912136982513,0.941696551460493,0.999580718477448
GZF1,0.0519304310024775,4.02073222482538,0.0052921046017822,0.94200756409669,0.999580718477448
SLAMF6,-0.0270655009574652,5.83152820689907,0.00525406741270373,0.942215985217156,0.999580718477448
CHD1,0.0172780020138621,6.60027043059108,0.00523770211691943,0.942305890571055,0.999580718477448
SBF1,-0.0269413610930201,5.36003778393986,0.00522945837029454,0.942351232379047,0.999580718477448
MTRR,0.0433121425918185,4.44904049728992,0.00522527504001502,0.942374255046299,0.999580718477448
ZMIZ2,-0.01414781843917,4.5293644680352,0.00519944351162049,0.942516622750772,0.999580718477448
RPS3A,-0.00724954951776367,11.705505785997,0.00518226272608935,0.942611509743358,0.999580718477448
BIRC2,-0.0255761893203733,6.29997673448434,0.0051563951901823,0.942754671123621,0.999580718477448
GRAP2,0.0206824069482937,6.87088243449412,0.00515411293452317,0.942767319357145,0.999580718477448
HSPBAP1,-0.00689557177221531,4.50503976232426,0.00513476331324458,0.942874668023445,0.999580718477448
VPS11,-0.0446374939498759,4.64850817378488,0.00506954786442471,0.943237978574127,0.999580718477448
ZNF550,0.0288543350129568,4.20508016069203,0.00499463030390324,0.943658249983909,0.999580718477448
DDX59,-0.0325796316380281,5.51908700338636,0.00495494223562609,0.943882175415028,0.999580718477448
ANKRD37,-0.0281269662454445,3.9685446887448,0.00493978347547142,0.943967940927488,0.999580718477448
LRR1,0.0228882912162956,4.42960711335646,0.00493869239721612,0.943974119148658,0.999580718477448
TUBB2A,-0.0447266274779084,4.33185908139896,0.00493046323588864,0.944020738813738,0.999580718477448
CENPF,0.0409678260922682,5.1728043668665,0.00492981443776586,0.944024416032861,0.999580718477448
FAM98B,-0.0265786111179902,4.95488239483354,0.00491906748771065,0.944085362363701,0.999580718477448
PPP2R2A,-0.0194531609528074,6.17169242615175,0.00488712173375383,0.944266923944793,0.999580718477448
CD5,0.0290486106995444,5.65232854322081,0.00485413183219308,0.944455046834267,0.999580718477448
PARP10,0.0238448030675196,5.98801245894916,0.004838796598305,0.944542713745373,0.999580718477448
ZBTB48,0.0168310636460341,4.47054258009119,0.00480492552874345,0.944736840434822,0.999580718477448
PAQR8,-0.0446417351922786,4.46575994241627,0.0047755299752783,0.944905874390237,0.999580718477448
ATF7,-0.0241355763583991,5.26883164012066,0.00477233792870102,0.944924261117837,0.999580718477448
TFCP2,-0.0297555604480738,4.78542021023684,0.0047719220213196,0.944926657269525,0.999580718477448
CCDC7,-0.0299965961678054,4.60114133353314,0.00470391474101461,0.945319886383532,0.999580718477448
BMS1,0.0229998985008799,5.53408836030523,0.00452493073033722,0.94636866563639,0.999580718477448
KHSRP,0.0336073450934068,5.52265138268003,0.00452350734005691,0.946377088889095,0.999580718477448
USP39,-0.0241928033460932,5.19216384451082,0.00449764936145769,0.946530342074314,0.999580718477448
SLC30A7,-0.0197360446239799,5.67383577797003,0.00443988699457965,0.946874290263403,0.999580718477448
TGFBR2,0.022874364172738,6.95075555050562,0.00442915408588362,0.946938446857612,0.999580718477448
NLK,-0.0106441308474716,4.18740435283518,0.00437263807489607,0.947277570144021,0.999580718477448
FHOD1,0.0341791490926917,4.88783578115977,0.0043634377149786,0.947332984620845,0.999580718477448
CDK2,0.0391213301869125,3.93675468035128,0.00432507924912962,0.947564655359612,0.999580718477448
TFPT,0.0239813576442588,5.25874856654074,0.00431233124915664,0.947641876757854,0.999580718477448
SLC66A3,-0.0907131284412818,5.61304798966135,0.0043089437196322,0.947662416092442,0.999580718477448
KBTBD4,-0.0310313285472569,4.22225783131436,0.00429511815134021,0.947746327742163,0.999580718477448
RB1CC1,0.0152776753382058,6.76398544287645,0.00425642794300085,0.947981874132695,0.999580718477448
STT3A,0.0323169300267579,4.89886221332619,0.0042452593965816,0.948050068136207,0.999580718477448
CMPK1,-0.021310106263538,7.14920950734267,0.00424358951694259,0.948060271988612,0.999580718477448
ANP32B,0.0116614547359076,8.57677909823899,0.00422177168123028,0.948193776281532,0.999580718477448
TRAK1,-0.0227192431489085,4.3760018903924,0.00421471888877267,0.94823700668738,0.999580718477448
DLG3,-0.0286090944954575,4.81557590193426,0.00421172361555477,0.948255377336133,0.999580718477448
SOS2,-0.0219069698192621,5.29305164130683,0.00420540131342939,0.948294174910639,0.999580718477448
POLR1A,-0.0303748658667919,4.3601227394737,0.00419450584609216,0.948361105055812,0.999580718477448
CLK2,-0.030613343253912,4.26729303267484,0.0041925971576724,0.948372838985961,0.999580718477448
POLR2F,0.022342215611621,6.49908552536243,0.00418183702196551,0.948439038670945,0.999580718477448
ACSF3,0.0252466286695198,5.28753800278821,0.00416886520699578,0.948518959094231,0.999580718477448
OGDH,0.0212681316967697,5.76578782522552,0.00415800775936681,0.948585948766188,0.999580718477448
CAPZA1,-0.0141382692007635,8.07660832145268,0.004152644203959,0.948619073926794,0.999580718477448
EPSTI1,0.0394222294459476,6.41747890001407,0.00414369774644108,0.948674374819885,0.999580718477448
PHRF1,0.0289354794934945,5.09088701965837,0.00412888886801532,0.948766045100275,0.999580718477448
P4HTM,0.0265249711078347,5.25894501698381,0.00412738892477726,0.948775339285589,0.999580718477448
DNAJC8,0.0133322721385524,8.01291098394525,0.00409592388710323,0.948970700288621,0.999580718477448
MGRN1,0.0270693643119068,5.45579482637765,0.00405967498566362,0.949196699839923,0.999580718477448
MLX,-0.0165341184538223,6.00223023545927,0.00403793805672947,0.949332708306595,0.999580718477448
CENPC,-0.0225003966036587,6.59371831594366,0.00402940861092027,0.949386177628682,0.999580718477448
OMA1,-0.0310567087772552,5.14618232057793,0.00401639061002612,0.949467894427699,0.999580718477448
SLC10A3,-0.0282110778317738,4.72262214879237,0.00398769085074235,0.94964851999975,0.999580718477448
DDX27,0.014109799618438,6.59585366721782,0.00397387665240068,0.949735694046631,0.999580718477448
PPP1R15A,-0.0229096194004671,8.01446710642616,0.00397354609457423,0.949737781883055,0.999580718477448
MORF4L1,0.0116849801885363,8.39546977227545,0.00396730240839638,0.94977723402088,0.999580718477448
IFT52,0.0386453945915151,4.63954939402613,0.00395865771606729,0.949831908943582,0.999580718477448
CYP2R1,0.0292583086790222,4.57053450372401,0.00395730858868326,0.949840447148803,0.999580718477448
KLF11,-0.0259780639028425,4.37629119235324,0.00394835594338794,0.949897142698981,0.999580718477448
CHD6,-0.0229969408289358,5.95344989088803,0.00394401822193657,0.949924635944061,0.999580718477448
TMEM258,0.0139267074127699,8.36007503374722,0.00393306727549714,0.949994112582981,0.999580718477448
SLC10A7,0.0413805367611357,4.05405112732349,0.00392102287443308,0.950070638706127,0.999580718477448
DAXX,0.015912957962768,6.27900445877254,0.00391934421087115,0.950081313740305,0.999580718477448
UBQLN4,-0.0465051598663266,4.42501624038789,0.00390881056237991,0.950148352249997,0.999580718477448
HMG20A,-0.0404899605545502,4.5044496381225,0.00388743047523032,0.95028469933237,0.999580718477448
ARHGAP45,-0.0133234303496371,7.18325502536675,0.00388341431368922,0.950310353529354,0.999580718477448
RFT1,0.0579476346651452,4.35608272312704,0.00385620999254499,0.950484479427742,0.999580718477448
CDC25B,0.029430618792771,4.95202404782362,0.00385276503139664,0.950506573414647,0.999580718477448
LRRC40,0.026870518935205,4.93236976460503,0.00385086548710589,0.950518760233554,0.999580718477448
EIF2AK1,-0.0163087323817583,6.11732271610243,0.00384466352690005,0.950558570886708,0.999580718477448
SMC5,-0.0163948711474009,6.44944994958984,0.0038424290033614,0.950572922288794,0.999580718477448
NAA20,-0.0184586193067374,5.93825401769324,0.00384112651324919,0.950581289565899,0.999580718477448
XPA,-0.0168164493804377,6.08166537043202,0.00383613322929932,0.950613379932993,0.999580718477448
C1orf50,0.0329078195666559,5.0816877021848,0.00383284400329753,0.95063453027603,0.999580718477448
STRN3,-0.0398119256778823,5.10019406263232,0.00382590084271328,0.950679206039206,0.999580718477448
MTERF1,-0.0439464790780225,4.24216678175573,0.00382558466986715,0.95068124142155,0.999580718477448
PTPN18,-0.0156724903300125,6.23074142010176,0.00381712443604876,0.95073573609252,0.999580718477448
HIVEP3,0.0260172427748044,4.96164934005673,0.00380733190520921,0.950798888199621,0.999580718477448
REXO2,0.0163893592300022,6.17733739475426,0.00379368393328861,0.950887040220083,0.999580718477448
PBXIP1,0.0278803822613836,7.14429330547578,0.0037731524098561,0.951019953357626,0.999580718477448
SKAP1,0.00967867856475045,8.07512323981837,0.00375386245201703,0.951145160204154,0.999580718477448
HSP90AB1,0.0111215403300468,9.6090257050762,0.00375338189491536,0.95114828351133,0.999580718477448
RPS6KA3,-0.012278915814003,7.13203090892998,0.00370134357123142,0.951487694422796,0.999580718477448
LIN52,-0.0349151656641103,3.8887752438259,0.00369615677197732,0.951521655296893,0.999580718477448
SBNO2,-0.0200599275492142,5.21292870089894,0.00369477845565669,0.951530683925849,0.999580718477448
RAC2,-0.00906366170127484,8.97567552310839,0.00369251031995432,0.951545544976033,0.999580718477448
LINC00174,0.00310862807683413,3.82998427085674,0.00366030800903872,0.951757034035763,0.999580718477448
OSBPL2,0.0320570764545138,5.06071997710017,0.00364561583263168,0.9518538352081,0.999580718477448
GADD45B,-0.0211716461106167,7.07414909031281,0.00363644150227316,0.951914380703671,0.999580718477448
PRORP,-0.120850184953069,4.54473052787112,0.00361936503020388,0.95202728042784,0.999580718477448
MYH11,0.0221618339022152,3.84711594112993,0.0036095107188725,0.952092553070862,0.999580718477448
SCRN2,-0.024843126169383,4.57168288497816,0.00360726616986184,0.952107432935164,0.999580718477448
CDYL,-0.0290657333047632,5.32284548162039,0.00359755897935798,0.952171838699478,0.999580718477448
ARFGAP1,0.0282703646379659,4.49335473376322,0.00354452226939905,0.952525279600088,0.999580718477448
PUSL1,0.0300328395164269,4.52318120483859,0.00350229669695601,0.952808575903368,0.999580718477448
BMP2K,0.0424878271241567,4.30596220523042,0.00349830131530737,0.952835469922001,0.999580718477448
NSMF,0.0327050014620695,4.39381158994903,0.00349763178556017,0.95283997821926,0.999580718477448
SPINT2,-0.0254496883875607,4.6255276605091,0.00349154248225148,0.952881000607186,0.999580718477448
FAM193A,0.0258105790777948,5.39637169956366,0.00346382768091758,0.953068164644033,0.999580718477448
BROX,0.0155894636952481,6.17382272816832,0.00344025875394394,0.953227922710971,0.999580718477448
RELL1,0.0140570723755422,4.53234233493545,0.00342488280657349,0.953332442156868,0.999580718477448
PRRC2A,-0.0174364093687914,5.79868732985484,0.00341559759297727,0.953395673304674,0.999580718477448
TOR2A,-0.0232423756109829,5.05753764539331,0.00338976232620247,0.953572063469563,0.999580718477448
LRCH4,-0.0204965815501377,5.72757621261279,0.00337761559684502,0.953655228283482,0.999580718477448
SDHAF1,0.024732284723501,5.48106269042356,0.00337427891365039,0.953678099757197,0.999580718477448
TNPO1,-0.0179163249899377,5.82995154073225,0.00337252607385175,0.953690119237471,0.999580718477448
USP20,0.0321832084731471,5.33962724789278,0.00334652270699465,0.95386879763676,0.999580718477448
SLC25A51,0.0548890150573494,4.176926319016,0.00327557287350544,0.954359893168411,0.999580718477448
WDR83,0.027183278059599,4.71840374880878,0.00327265014020028,0.954380237412966,0.999580718477448
TSPYL4,-0.0349962725900129,4.7350388141798,0.00325964677911195,0.954470860469966,0.999580718477448
TRIM33,-0.018132978002656,6.2980709399799,0.00324398045742669,0.954580283434403,0.999580718477448
CITED2,-0.0172615050853655,7.1982046222523,0.00323685754059966,0.954630121797725,0.999580718477448
VAMP4,0.0181226757938935,5.74837397963197,0.00320088256684592,0.954882680047634,0.999580718477448
GRK5,0.0468286493295371,4.25741655235905,0.00318362177787179,0.955004362883379,0.999580718477448
KLHL7,-0.0288164432420421,4.79983435268798,0.00318349758683922,0.955005239586403,0.999580718477448
ATG2A,0.0274840077972733,5.0810465554059,0.00316875965770258,0.955109401294803,0.999580718477448
NDUFA8,-0.0127415964124532,5.8340380167167,0.00316694952524621,0.955122211317981,0.999580718477448
SLC45A4,0.1358781530503,3.97689795489285,0.00313108891329783,0.955376752507591,0.999580718477448
B3GALT6,-0.02169438280174,5.04078492874262,0.00309268658863005,0.955650961663907,0.999580718477448
ANKRD42,-0.0308757439829147,3.89192618932005,0.00307269156803969,0.955794410898187,0.999580718477448
ATG4C,-0.00396813224681031,4.01482105354811,0.0030548999514961,0.955922446496134,0.999580718477448
LETMD1,-0.0186093063797079,5.56011106778686,0.00304992410673322,0.955958321546845,0.999580718477448
EIF3M,-0.0124986970782565,7.40574464110049,0.00304766307896287,0.955974632897387,0.999580718477448
SMIM15,0.0145972623134176,5.73176979917041,0.00302630968002493,0.95612897942261,0.999580718477448
LAMTOR3,-0.0176711718119502,5.53433008280225,0.00300973008395999,0.956249197012979,0.999580718477448
MFSD11,-0.0293288779839726,4.95380517068448,0.00299491633658811,0.956356891795336,0.999580718477448
POP7,0.0199366905134365,5.14517335110508,0.00299315788280019,0.956369693337581,0.999580718477448
THAP11,-0.013914275780428,5.8598478752791,0.00297422975543693,0.956507729613667,0.999580718477448
AP2A1,0.0187901647508945,5.40032106933581,0.00294925112481081,0.956690566167737,0.999580718477448
HSPA4,0.0225755117877079,5.79859654460542,0.00293743586562734,0.956777321050013,0.999580718477448
RPS17,0.0146784276517741,9.55136317609644,0.00293728969096918,0.956778395448823,0.999580718477448
SURF4,0.0110925965381174,6.88301397055099,0.00285602098261961,0.957379938501203,0.999580718477448
YTHDC2,0.025616649487623,5.46971686131731,0.00284086158966801,0.957493092549017,0.999580718477448
CDIPT,0.0165040848091366,5.55458496991413,0.00283260582345513,0.95755484330711,0.999580718477448
RAB3GAP1,0.0169964260524174,6.10559928430173,0.00279985912347236,0.957800672614251,0.999580718477448
ZNF526,0.00455650303932498,3.99104107779426,0.0027762597469625,0.957978728008741,0.999580718477448
GIMAP2,-0.0143704101175134,6.0830590880771,0.00274380797729989,0.958224817909635,0.999580718477448
DDIT4,0.0191345506420976,6.97065556764702,0.00273015953332845,0.958328753217505,0.999580718477448
JMY,0.0253379915729538,5.49160886925043,0.00272350535602328,0.95837952041212,0.999580718477448
ATF3,-0.00230820913839312,4.47149292497634,0.00270707178134622,0.95850516534928,0.999580718477448
TMCC1,-0.0278151982680609,4.65962992319861,0.00270257135509588,0.958539640573364,0.999580718477448
FPGS,-0.0195023470066693,4.81463699296743,0.00269817923295967,0.958573313903503,0.999580718477448
P2RY10,0.0132652817440055,6.18469596418274,0.00268881214521599,0.958645221006316,0.999580718477448
NCAPD2,-0.0205132645081258,4.81549580280038,0.00267790188049766,0.958729132927803,0.999580718477448
IGBP1,0.0104495931191198,6.71038341539948,0.00267032454831195,0.958787511830885,0.999580718477448
SDHC,0.0136807292885608,6.38726907205236,0.00265557070847144,0.958901420291684,0.999580718477448
SURF1,-0.0208894526778448,6.23087866703543,0.00265329603443121,0.958919010335848,0.999580718477448
ZNF318,-0.0221460590412189,4.52655446911604,0.00265062011762396,0.958939712869275,0.999580718477448
FYCO1,0.0221709904919248,4.87952697152011,0.00264879888369762,0.958953809044689,0.999580718477448
REXO4,0.0149547373902131,5.757980196205,0.00264118921093726,0.959012759811262,0.999580718477448
JAK1,0.00888706988860416,8.72649062885243,0.0026390850032918,0.959029075752391,0.999580718477448
SEPHS2,-0.0242339557728928,6.02928288375257,0.00262097917605253,0.959169737968173,0.999580718477448
NFKBIA,0.0215573931282991,7.7888329559853,0.00256829220439769,0.959581851900469,0.999580718477448
RPS6KA4,0.0293810549148986,4.61726434633493,0.00255637827336841,0.959675627761975,0.999580718477448
ADGRG5,0.0372801107753437,4.0732372303034,0.00253949934961639,0.959808859483245,0.999580718477448
RPL26,-0.00580739269439437,12.1263863472936,0.00253001155315857,0.959883945171754,0.999580718477448
RPL28,0.00676558021499538,12.7181066502293,0.00251315048160983,0.960017731528543,0.999580718477448
NFKB1,0.0178542670817035,6.15040746128607,0.00247260005441063,0.960341338226035,0.999580718477448
NAA60,-0.0228294163924559,5.41428937005111,0.00246125505745631,0.960432350685864,0.999580718477448
ZDHHC21,0.02274420648992,5.16834550412942,0.00242240227042068,0.960745641639697,0.999580718477448
SKP1,-0.00604046356945897,8.84015584047768,0.00240068413418548,0.960921864618522,0.999580718477448
EDARADD,-0.0306980271614708,3.72583313352122,0.00239345970104665,0.960980661313659,0.999580718477448
R3HCC1,0.0164145089619799,5.15735497563555,0.00238043771556651,0.961086867010898,0.999580718477448
ZMYM1,0.0211782846780834,4.55547675550012,0.00237669628586801,0.9611174354663,0.999580718477448
RPL14,0.00427085943925065,11.4404174075475,0.00235897489667458,0.961262552585946,0.999580718477448
HAGHL,-0.0187409692817008,5.12688740157323,0.00234795496479645,0.961353068378757,0.999580718477448
LRRC47,-0.0178808543036091,5.2497245238728,0.00233259100292216,0.961479621374179,0.999580718477448
VPS37B,-0.0186927681459582,5.14715720333937,0.00233094936219658,0.961493168244714,0.999580718477448
KIF1C,0.0766444362536792,4.3954948295038,0.00232337662633864,0.961555720688342,0.999580718477448
RAB4B,0.0164930058371442,5.44938416174652,0.00231538360646466,0.961621855711234,0.999580718477448
IFIH1,-0.02079042782231,5.20605057989563,0.00230632354608495,0.961696958031963,0.999580718477448
ISOC2,0.0173777054445573,5.10290253073238,0.00229272471532838,0.961809962024824,0.999580718477448
USP8,0.0098829927420449,6.6984363359462,0.00228123049613327,0.961905739264671,0.999580718477448
CLIP4,0.0154138276623651,5.09334043528991,0.00227904772573595,0.961923954816631,0.999580718477448
ZNF331,0.0223469855199126,5.21211850616205,0.00227240804261442,0.961979417796749,0.999580718477448
PRDX1,-0.0119997171041343,7.8083799212176,0.00226643057328424,0.962029418641964,0.999580718477448
MSANTD4,-0.0217675855329985,4.57714877629648,0.0022225272405656,0.96239870869414,0.999580718477448
GPANK1,0.0175869529912287,5.26125948334294,0.00220863799822801,0.96251629698366,0.999580718477448
C6orf89,-0.0169150550421844,5.91933184617734,0.00220269803330808,0.962566698664165,0.999580718477448
ZNF641,0.0294837873683636,4.68092143252072,0.00219568836117645,0.962626264695871,0.999580718477448
CKAP5,-0.0181286012893736,5.06675148760297,0.00219428816994061,0.962638174501925,0.999580718477448
MNAT1,0.0180841068076499,5.58123383008053,0.00219068989399318,0.962668798349929,0.999580718477448
CHORDC1,-0.0129537008413659,6.6537063757405,0.00218620606814746,0.962706994142789,0.999580718477448
RNASET2,0.00873692497997392,7.0862856857518,0.00218095709985811,0.962751757765153,0.999580718477448
NBN,0.017934622463049,5.73467223767933,0.00217949081567603,0.96276427199819,0.999580718477448
DOT1L,0.107587439173952,4.29879765017035,0.00215703664864009,0.962956440226933,0.999580718477448
WDFY2,0.0197258553811237,5.35797409550808,0.00213499559694519,0.96314605026306,0.999580718477448
C19orf12,-0.0151404986334568,5.57983683564067,0.00212564945728388,0.963226747250179,0.999580718477448
SYVN1,0.0244931679120872,4.75669818567715,0.00212088299859481,0.963267970543092,0.999580718477448
UBE2B,-0.00727737955167674,7.53894905262133,0.00211958680567115,0.963279188850182,0.999580718477448
VCPKMT,-0.0250008157711202,4.6200493026868,0.00209794115742845,0.963467038415544,0.999580718477448
BCL10,-0.0149989631168569,5.71629386796619,0.00205379880189405,0.963853157148306,0.999580718477448
NRDE2,0.025641852469998,5.14667382925365,0.00204601317005171,0.96392168892989,0.999580718477448
IGHMBP2,0.0366571673371677,3.94506516858866,0.00203435314224087,0.964024569295041,0.999580718477448
PPID,-0.0140918720909837,6.27895725277922,0.00201623058882738,0.964185058914273,0.999580718477448
GFPT1,-0.0165008364523542,5.3918409420319,0.00201590933386431,0.964187910387699,0.999580718477448
ADAR,0.0140020252703768,7.55483984869987,0.00201582302130454,0.964188676540641,0.999580718477448
CCDC12,0.00981462940565823,7.19434741892833,0.00200071279837921,0.964323056588869,0.999580718477448
TENT5C,-0.0179045697104393,6.38426849888409,0.00199948207488632,0.964334024165298,0.999580718477448
XCL2,0.0283622902527906,7.95039038339278,0.00199455636298929,0.964377953475677,0.999580718477448
SLC9B2,0.0289743020552407,4.17179455957021,0.00196126617600889,0.964676283696533,0.999580718477448
MBD5,0.0175590563525021,5.62314942723273,0.00195773821927503,0.964708047681538,0.999580718477448
FBXW8,0.107761561529742,4.30176945685203,0.00195031287698377,0.964774995635746,0.999580718477448
ZNF493,-0.0232234913360601,5.16934803636022,0.0019348917579709,0.964914443873092,0.999580718477448
MTM1,-0.0227665991877261,4.81353781573081,0.00193436189415053,0.964919245137591,0.999580718477448
SLC26A2,-0.0228266530692507,4.69925056322431,0.00192740157211802,0.964982376106289,0.999580718477448
MRM2,0.0157364087707592,4.73832328056623,0.00191691657547999,0.965077692304368,0.999580718477448
ORC4,0.0332408977978999,4.76527732398568,0.00190621594422069,0.965175238451592,0.999580718477448
CD96,0.0092124553652882,8.17294286977937,0.00189278788103664,0.965298036589655,0.999580718477448
ORC2,-0.0210815886112327,5.06155256232763,0.00189182455362591,0.965306862862937,0.999580718477448
UBL4A,0.0175005321666886,5.22554966457337,0.00188434954869443,0.965375427591736,0.999580718477448
LEPROTL1,-0.00800720044882221,8.23708237121672,0.00185280075815086,0.965666322161064,0.999580718477448
BEX2,-0.0180971714649976,4.72512198156624,0.00184119008056971,0.96577400194833,0.999580718477448
RPL6,-0.00536894964357053,11.5246847363882,0.00183604579869012,0.965821819785891,0.999580718477448
ISOC1,-0.00597714851323153,4.82607106926785,0.00182228520360539,0.965950060034509,0.999580718477448
TTC32,0.0211248979213964,5.0464264743913,0.001818309520214,0.965987201195892,0.999580718477448
TBK1,-0.0183179970248847,5.42714556390765,0.00181461250512349,0.966021775533263,0.999580718477448
UGCG,-0.0126620375417039,5.76727192559055,0.00181066554735665,0.966058726289999,0.999580718477448
TRAPPC2B,0.0127176194218002,5.48528899244892,0.00180262470184012,0.966134128368683,0.999580718477448
CLIP1,0.00883039622495545,6.62807695362607,0.00178484776416354,0.966301429760886,0.999580718477448
TM6SF1,0.0177773237094216,4.5270254469697,0.00178268934498682,0.966321799679056,0.999580718477448
TPRG1,-0.0234144272593088,4.48537921534036,0.00177996811416037,0.966347498703224,0.999580718477448
PDZD11,-0.0124851553609548,5.38468048994128,0.00176936956629614,0.966447778371694,0.999580718477448
MRPL55,-0.014509648576837,5.95895891528525,0.00176563654299855,0.966483170520546,0.999580718477448
LACTB2,-0.00963159366114589,4.4812625221946,0.0017559598424306,0.966575088534996,0.999580718477448
ARID4B,-0.00858542677854174,7.80718705724826,0.00173997973802287,0.96672743917601,0.999580718477448
SYAP1,0.0118641253085637,6.09688278918671,0.001716587800912,0.96695172195305,0.999580718477448
UNC13D,0.01209557214163,5.60059236003201,0.00170533454802335,0.967060163854617,0.999580718477448
ADRB1,0.0204207866692957,4.67666067013844,0.00169015690993746,0.967206992354056,0.999580718477448
CCAR1,-0.0107716251229054,6.50920190145314,0.00168823717845967,0.967225610807732,0.999580718477448
PDCD6,-0.00798401913485964,7.10275457811926,0.00163509160033826,0.967745317870636,0.999580718477448
TXNL4A,-0.00944662089252616,7.03620253484152,0.001597231048585,0.968120732472986,0.999580718477448
ERCC1,0.0164288000087641,5.51619642610367,0.00159397277881901,0.968153247820966,0.999580718477448
TOP1MT,-0.0209253502330024,4.14617962069701,0.00159158862820163,0.968177061139638,0.999580718477448
P2RY11,0.114855490801267,4.38491591239125,0.00158887999849355,0.968204137099874,0.999580718477448
DCTN6,0.0128397614010373,5.15295742990845,0.00157735381881174,0.968319614210378,0.999580718477448
DNAJC10,-0.0151696606794161,5.4407881765535,0.00157014171346148,0.968392085020284,0.999580718477448
MAF,0.0174976409177828,7.47312971261615,0.00155664505772357,0.968528155409506,0.999580718477448
SAYSD1,-0.0149751047113356,4.905150664385,0.00151389801386159,0.968963066724351,0.999580718477448
TMEM39B,0.0163163263700905,4.02975753272887,0.00151061056338886,0.968996766619872,0.999580718477448
SMIM12,0.0134753655848165,5.86451287185237,0.00150678761774881,0.969036002134341,0.999580718477448
CBFA2T2,0.0134556471714141,5.21778670406947,0.00149993165335616,0.969106491079016,0.999580718477448
POLR2K,-0.00702799812287245,7.18526941874514,0.00148219661105831,0.969289584303957,0.999580718477448
KLHL6,-0.0124276148895258,5.45304803210166,0.00147827583920268,0.969330209436397,0.999580718477448
RHOC,0.0138145435062293,6.31754259962019,0.0014753372169789,0.96936069339703,0.999580718477448
WIPF1,0.00796920605370993,8.2391319764007,0.00147491204299044,0.969365106479848,0.999580718477448
TMEM243,0.00785910163293122,6.51270953235096,0.00146199754218657,0.969499457070104,0.999580718477448
ACTG1,-0.00352225711644747,10.5579551515392,0.00145912667286652,0.969529403590746,0.999580718477448
NOTCH2,-0.013943870352588,5.14559580622525,0.00144301148434955,0.969698054230193,0.999580718477448
ABCB10,-0.0209269249181248,4.38862367770845,0.00144201866428162,0.969708475177525,0.999580718477448
NAT9,0.0210214281771436,4.68568231713864,0.00144159958377443,0.969712875054752,0.999580718477448
BRI3,0.00670785026531963,7.25573914361276,0.00143455532920456,0.969786927946193,0.999580718477448
GGCX,-0.0183892998655177,4.70757562482976,0.00143098197572566,0.969824562517391,0.999580718477448
SWSAP1,0.28740357078698,4.14458875916885,0.00142179562231703,0.96992152976806,0.999580718477448
PUM1,-0.010002748914115,6.62047258644047,0.00142033212332748,0.969937006780359,0.999580718477448
ICE2,-0.0116634720197147,5.98935225980312,0.00141558518048868,0.969987262388291,0.999580718477448
LSM14B,-0.0189118571004704,4.85652541539171,0.00140570612899538,0.970092122591667,0.999580718477448
MDP1,0.0199174613498639,4.4949649793373,0.00138638472910735,0.970298279709543,0.999580718477448
PPP1CA,-0.00710352904820021,8.04432833690962,0.00137250701059166,0.97044724244561,0.999580718477448
COG3,-0.0141635623391696,5.11281648456686,0.00136636934570689,0.970513364284899,0.999580718477448
ZNF140,0.0162278107343923,4.30305409831628,0.00134841371938954,0.970707661099062,0.999580718477448
LRCH1,-0.0169596959815465,4.92357983378919,0.00134011689265989,0.970797878062457,0.999580718477448
HNRNPUL1,0.00754952210237298,7.26189381904808,0.0012884425944808,0.971366176359824,0.999580718477448
SPECC1L,-0.014826570022081,4.67299519429501,0.00126558720599235,0.971621169056618,0.999580718477448
TERF2,0.016843355024478,5.13588673611512,0.00126170901300071,0.971664665338779,0.999580718477448
MALSU1,0.00861931299838745,5.40917049273615,0.00125551151643677,0.9717343131947,0.999580718477448
KRIT1,0.0123997204735697,5.85384700099553,0.00125465810637948,0.971743917340702,0.999580718477448
EXOSC9,-0.0159210048367037,5.66735673679583,0.00124477868298101,0.971855337829371,0.999580718477448
CHIC2,0.0125561463464569,6.13567805039833,0.0012288918021266,0.972035443109107,0.999580718477448
ARF6,0.00686412088644014,8.23698889173426,0.00122694385606614,0.972057606475972,0.999580718477448
PWP1,0.0128084801445375,5.91151121158046,0.00120443862718389,0.97231495550088,0.999580718477448
ATIC,-0.0107465652350782,5.44555441770045,0.00120064267981057,0.972358598980811,0.999580718477448
ZBTB6,-0.0159047558733284,4.37914323213689,0.00118802837968435,0.972504128876481,0.999580718477448
HIGD2A,0.00605813566321701,7.93672666632614,0.00118746846765738,0.972510606410723,0.999580718477448
USP22,0.015609699188407,5.96481647484718,0.00118648987027115,0.972521931322529,0.999580718477448
SLC12A2,-0.0151555411152638,4.92657882845302,0.00118049425418221,0.972591418482841,0.999580718477448
CARNMT1,-0.0110490823031688,5.61754409091209,0.00117652364796683,0.972637533745371,0.999580718477448
SBK1,0.0147034989263922,4.09419214857238,0.00117363364680756,0.972671147694038,0.999580718477448
PPFIA1,-0.000845202673589152,5.41158826437227,0.00117118678648342,0.972699639824293,0.999580718477448
OSTM1,0.00943867574167185,5.70356593608636,0.00116723356017001,0.972745735662333,0.999580718477448
HSD17B4,-0.0126475235711935,4.86362885378873,0.0011598434130633,0.972832117146469,0.999580718477448
BCL2L11,0.0113620184050886,6.30566199852453,0.00114047919272586,0.973059776134629,0.999580718477448
EMSY,0.0127041064929288,5.26633250284173,0.00113903431158668,0.973076840440528,0.999580718477448
HEATR1,-0.0191624402918292,4.96063334363287,0.00113277609182916,0.973150876549261,0.999580718477448
DUSP12,-0.017046508763484,5.23500880746516,0.00113091145561484,0.973172975171477,0.999580718477448
TUBGCP6,0.0259645286155943,4.48979436641381,0.0011168005197284,0.973340804807052,0.999580718477448
PDCD5,-0.00848184931684057,7.14859665317084,0.00110911959232141,0.973432604855025,0.999580718477448
CREB3L2,-0.014127074684583,5.47905036100471,0.00109907318466185,0.973553158054503,0.999580718477448
RBM45,-0.0686696547122349,3.9743079650522,0.00107500724279497,0.973844203450154,0.999580718477448
FNBP1,-0.00492491236414329,8.35328697221744,0.00106115863173351,0.974013163546096,0.999580718477448
CD84,0.00961981958283627,6.70814607131492,0.0010498035346842,0.974152526732099,0.999580718477448
RSRC1,0.00990081721551971,5.92011488439963,0.00104763930983509,0.97417917412382,0.999580718477448
CRTC1,-0.00486008381676206,3.93858099036329,0.00103996416723362,0.974273898463561,0.999580718477448
DZIP3,-0.0108221820127283,6.04910253429653,0.00103666904559496,0.974314673211605,0.999580718477448
DOHH,-0.00908700344289951,4.74024719682147,0.00101277942162881,0.974612251157657,0.999580718477448
ZNF701,0.0118082174167028,4.66147807813674,0.00101132517998792,0.974630478587165,0.999580718477448
SNHG5,-0.0767470159847057,8.35986085592249,0.00098761918795276,0.974929480145574,0.999580718477448
NCK1-DT,-0.023350985595328,4.35983465317099,0.000956340032612246,0.975329553390004,0.999580718477448
RPL29,-0.00271174302428565,11.2748681893927,0.000924435646763477,0.97574442945745,0.999580718477448
CDCA7,0.0122382816697747,5.66203088508687,0.000901411194899282,0.976048302791474,0.999580718477448
ZNF524,0.00927232262475393,5.86194106957643,0.000900865644149818,0.976055549716943,0.999580718477448
NHP2,0.007306737871619,6.84080642679722,0.00087859019089187,0.976353348773229,0.999580718477448
ROCK2,0.00915156209533191,5.70481212061505,0.000875494500979457,0.976395032540098,0.999580718477448
PRKAA1,0.00735404958120797,6.23391649775143,0.000870757162462432,0.976458964330866,0.999580718477448
HINT2,0.011491552030724,5.73636570931315,0.000866798724478812,0.976512518236257,0.999580718477448
BSCL2,-0.0315583317873448,4.13103036417914,0.000866719663008553,0.976513589108125,0.999580718477448
MOGS,-0.010226275357963,5.38231778809905,0.000858441550775524,0.976625986303574,0.999580718477448
MCCC2,-0.0083629194048941,4.68276498320711,0.000854951825693284,0.976673530984014,0.999580718477448
SLC50A1,-0.00724669738047616,5.36038529516509,0.000842145874903721,0.976848839213057,0.999580718477448
KLRB1,0.00999771432816965,8.91210798648957,0.000836020927714287,0.976933158780162,0.999580718477448
PLPBP,-0.0104575993806293,5.49316346793814,0.000835108727336831,0.976945743072942,0.999580718477448
SNTA1,-0.0174281353785208,4.92106299325924,0.000824405114101978,0.977093922227381,0.999580718477448
FKBP4,-0.00836706739266048,5.13145010059928,0.000819199005158922,0.977166342773914,0.999580718477448
PPP2CB,-0.0131012524665701,4.83367806912247,0.000816779092916775,0.977200083811408,0.999580718477448
PNO1,-0.0100254661400686,5.00113987681135,0.000816337159137426,0.977206251130261,0.999580718477448
TRMT10A,0.125518649849611,3.96152203174666,0.00081513695370905,0.977223008793212,0.999580718477448
NDUFB8,0.00434237190248966,7.95045316126307,0.000809685294420603,0.977299282532799,0.999580718477448
WRNIP1,0.0183265190641834,4.82178962563685,0.000799751171475904,0.977438933839165,0.999580718477448
MDH2,0.00844895223275837,6.96821327936938,0.00078752185353892,0.977612047910382,0.999580718477448
ORC3,0.0129484015533261,4.91509120205414,0.000780480460878863,0.977712334099601,0.999580718477448
NDUFA4,-0.00285595482177613,8.85302804679144,0.000778501354790961,0.977740602708469,0.999580718477448
SLF1,-0.00847707954765965,7.00630454075097,0.000771500605434738,0.977840887779808,0.999580718477448
ARL1,0.00861298769270698,5.61554861134005,0.000768123393251941,0.977889428830625,0.999580718477448
COPS7A,-0.010410613130652,4.96695519536761,0.000759564644320143,0.97801292510315,0.999580718477448
FLYWCH2,-0.0134746820289635,5.45221349152752,0.000758030948185606,0.978035128613584,0.999580718477448
SCLT1,-0.0118958266706134,5.2640857126533,0.000747487350349019,0.978188382000457,0.999580718477448
TIGAR,-0.0124757217876337,4.64415618443763,0.000736086300570094,0.978355320874714,0.999580718477448
SH3BGRL,0.0060602911256487,7.38556340298525,0.000721211668375688,0.978575078803979,0.999580718477448
ATP2B1,-0.0109978238461863,7.21521352692548,0.000713082740126936,0.978696134497262,0.999580718477448
JHY,-0.0169513146343105,4.6008751695112,0.000713048299587626,0.978696648849283,0.999580718477448
MAST4,-0.0106182240642851,4.96192019703821,0.000704603301249662,0.97882314807975,0.999580718477448
POT1,0.0152436805969081,4.20170740113631,0.000662669809580407,0.979462825628002,0.999580718477448
OSBPL9,0.00856699458850917,5.41234548841472,0.000641806583642435,0.979788632825889,0.999580718477448
CDV3,0.00437739828583254,8.00931101640344,0.000635346906722845,0.979890580433301,0.999580718477448
YTHDF2,-0.00581930745118788,6.37640327806159,0.00063346604604142,0.97992036184288,0.999580718477448
RASSF2,-0.0097659004821397,5.33531228263965,0.000631295897658646,0.979954778837079,0.999580718477448
MTFMT,0.0504242584065718,4.5587114805635,0.000625182332302465,0.980052055128292,0.999580718477448
FAM120B,-0.0250858151018939,4.58302785991452,0.000605427420133253,0.980369684295143,0.999580718477448
CD52,0.00460648447741988,10.8567752764606,0.000601010275460112,0.980441411511862,0.999580718477448
PKD2,0.0273607809027725,4.18934838031718,0.00059897835281042,0.980474495171061,0.999580718477448
RAD21,0.00606300802720595,7.92767917617773,0.000596890221384427,0.980508552571229,0.999580718477448
PSMB7,0.00597926413764363,6.66020917701723,0.000582105902372732,0.980751409630795,0.999580718477448
TRUB2,-0.00948965888157296,4.52845025381789,0.000568157897784971,0.98098337412608,0.999580718477448
SEC61A2,0.0300809732333191,4.32395515149425,0.000563548822777094,0.981060651066566,0.999580718477448
CCNH,0.00666878592444808,6.31438209477548,0.000559974823630682,0.981120791556806,0.999580718477448
JPT2,-0.00757190585496168,4.62631038569086,0.000559373245271999,0.981130933313209,0.999580718477448
FAM3C,0.0068387719117591,5.64378440956191,0.000558629215682061,0.981143484145606,0.999580718477448
N4BP1,-0.00599495675953667,6.77342111413947,0.000544921726754133,0.981376226453895,0.999580718477448
SEL1L,0.00693207063112947,6.14338411354208,0.000523095363734072,0.981752951124982,0.999580718477448
HEXD,-0.0538663218585305,4.86717790579718,0.000514364497707476,0.981905844244428,0.999580718477448
NUDT1,-0.00571952159653121,5.89484185053453,0.000492154338187945,0.982300740443732,0.999580718477448
ACTL6A,0.00914698568600754,5.18162922812396,0.000490104798943847,0.982337626468409,0.999580718477448
UBLCP1,-0.0075568982560295,5.78473823909213,0.000485969149334409,0.982412292391431,0.999580718477448
P2RY8,0.00673217922385405,5.43459961311565,0.000483611026751873,0.982455008789763,0.999580718477448
VAPB,0.00801541737454212,5.26352068088356,0.000480184324182176,0.982517268214573,0.999580718477448
ENTPD6,0.00554802196716835,4.18977242159657,0.000479263960622589,0.982534028043161,0.999580718477448
LPIN2,-0.00383868223523745,7.21315849991904,0.000469016942568956,0.982721725092575,0.999580718477448
C2orf68,0.00820875463677128,5.22495322462409,0.000453205595967177,0.98301541694035,0.999580718477448
CCT5,-0.00510230284412088,7.01672130534177,0.000444658778606666,0.983176307867169,0.999580718477448
SHARPIN,-0.00790066665714612,5.89664512034322,0.000436802526689206,0.983325569245905,0.999580718477448
UBE2H,-0.00648846119550945,5.92884039524123,0.000431768304254732,0.983421921607682,0.999580718477448
ASPSCR1,-0.00657936807692923,5.04800417953748,0.000422537776691101,0.983600060366821,0.999580718477448
TMCO1,-0.00499420248468981,7.68517832740802,0.000404702856110717,0.98394985709453,0.999580718477448
MRI1,-0.00610836772728899,5.32790120978039,0.000404272957686302,0.983958382898251,0.999580718477448
ATF7IP,-0.00532107459869275,7.16184056669164,0.000402388901196815,0.98399580136055,0.999580718477448
BIRC3,-0.00694234438901576,6.6943815119315,0.000392356195916932,0.984196549512168,0.999580718477448
MINK1,-0.00868012252645415,5.10197443720107,0.000384209742554376,0.984361451591425,0.999580718477448
MED17,0.00756737014340019,5.55672536029448,0.000378765625985267,0.98447262915343,0.999580718477448
ATP6AP1,-0.00430820861144312,5.98660717193239,0.000377982166359203,0.984488694274344,0.999580718477448
SRSF6,-0.00523659256371968,6.33480866793049,0.000370865502426376,0.984635393688557,0.999580718477448
RPL39,-0.00299839491119506,12.3954669087147,0.000369384175099796,0.98466610559885,0.999580718477448
KDELR1,-0.00624520405278777,6.42690695442857,0.000368433458726614,0.984685848978844,0.999580718477448
CEP95,-0.00729367031703341,5.32319061110501,0.000366975176854467,0.98471618248037,0.999580718477448
IFT20,0.00775142501892165,6.06607233273835,0.000364866730324209,0.984760146764927,0.999580718477448
CLINT1,0.00416513096916072,6.76488258194759,0.00036284854095392,0.984802348240921,0.999580718477448
ZNF138,-0.0138478399412583,4.68422730062089,0.000361313584614109,0.984834523704002,0.999580718477448
NUDCD1,-0.00519034646126651,4.58909614164325,0.000357462391828989,0.984915553932777,0.999580718477448
HMGB2,-0.00681721897476125,7.68123170074491,0.000353168357092315,0.985006418266453,0.999580718477448
CTBS,-0.00543340642567287,5.53644304202414,0.000350867132405952,0.985055341026728,0.999580718477448
SLC30A9,0.0129637216572003,4.80222254231688,0.000348349224458033,0.985109054583406,0.999580718477448
ARF5,0.00693842621786271,6.29525318522135,0.000340873273536602,0.985269690753124,0.999580718477448
SYCP2,-0.015270345814074,4.34429428221833,0.000340432600005158,0.985279214262505,0.999580718477448
TSPOAP1,0.0135574911832845,4.2477553115272,0.000338184825871224,0.985327887714145,0.999580718477448
ERP29,-0.00295393706725497,8.32522584027623,0.000326017853689464,0.985594207464312,0.999580718477448
METTL16,0.00916275108660625,5.43649243238683,0.000321764768742128,0.985688471598429,0.999580718477448
ATG4B,-0.00292818769264587,5.30098471897593,0.000318964511830444,0.985750876273572,0.999580718477448
MAX,0.00552837332060235,6.56242142814918,0.000315132593440737,0.985836717628946,0.999580718477448
MED12,0.0586126681778201,4.33473782121365,0.000313264024727644,0.985878766028442,0.999580718477448
ORMDL2,-0.0058046888928103,6.5428047955129,0.000310415471819425,0.985943109136898,0.999580718477448
XPO1,0.00382650961469756,6.75390610553942,0.000309730031562872,0.985958635888543,0.999580718477448
EMC8,0.0111486922085073,5.23263549884897,0.000306610171060484,0.986029525804943,0.999580718477448
ZNF384,0.0136938928158286,4.82040400120331,0.000306179897158643,0.986039330807325,0.999580718477448
PET117,0.00767397255925813,4.95877477164236,0.000282969758746532,0.986578854268716,0.999580718477448
SMKR1,0.0294197950553511,4.1309159468267,0.000279452580754125,0.98666251645098,0.999580718477448
CDC42SE2,0.00268490412408757,8.17884490556734,0.000268537541987968,0.986925559014537,0.999580718477448
ZNF836,0.0202850324312089,4.55233396111065,0.000267841720708262,0.986942507411803,0.999580718477448
TGS1,0.00512730366876421,5.76858499807819,0.000264118857343121,0.987033563154009,0.999580718477448
CRAMP1,-0.0115988430336777,4.13671252273137,0.000264051743327443,0.987035210534173,0.999580718477448
INTS8,-0.0032289045359313,4.85984756202581,0.000262314451772383,0.987077927187418,0.999580718477448
NUP155,0.0105235732693264,4.5655501618183,0.000260204318548674,0.987130002051462,0.999580718477448
CUTC,-0.00426827766202516,5.31662519422914,0.000252887780175293,0.987312218839926,0.999580718477448
PARP11,-0.0074263410506558,4.95760466671495,0.000247297142246694,0.987453236533951,0.999580718477448
LAMTOR2,-0.00312598003347492,6.68480201162444,0.000239735374691463,0.987646535539098,0.999580718477448
SMARCAL1,-0.00284756656492722,4.53061999713032,0.000230061639816981,0.987898324181037,0.999580718477448
HPS1,-0.00650078518996065,5.8144484608109,0.000220552329261103,0.98815104849595,0.999580718477448
PRMT2,-0.00386024957302132,7.68923241609887,0.000214937950678618,0.988302823155253,0.999580718477448
PSMB1,0.00240546592790886,7.80437414668585,0.000209153454790112,0.98846128507075,0.999580718477448
DUSP28,0.000996305122632134,4.69941198585444,0.000207944790274084,0.98849467125799,0.999580718477448
PTPMT1,0.000951516458858551,5.15835571615687,0.000204017421472358,0.988603829935487,0.999580718477448
ELP3,-0.00409976773443534,4.70335834568191,0.000201072223621424,0.988686381033769,0.999580718477448
GTF2A1,-0.00431513942324531,5.32006954558308,0.000198172200693847,0.988768258912507,0.999580718477448
UBXN11,0.00531199365117796,4.7094114476532,0.000194976141008496,0.988859192143665,0.999580718477448
TMEM141,0.00389597019847899,5.71377795386228,0.000191406926312254,0.988961627852111,0.999580718477448
RPA3,0.00411944153226375,6.50308293754849,0.000191287482094182,0.98896507232358,0.999580718477448
TYSND1,-0.0075936129700197,4.67825760571912,0.000187704295987245,0.98906890719749,0.999580718477448
DERA,0.0010843158851152,4.62758238852143,0.000181858383858646,0.989240463530591,0.999580718477448
CTCF,-0.00321889276842364,6.82722101723253,0.000180207413228217,0.989289411251935,0.999580718477448
TMEM259,-0.00327859567932165,6.74849534075643,0.000179782441799503,0.989302046991203,0.999580718477448
IDNK,0.00726401434644546,4.62112724145657,0.000178151586048614,0.989350676668117,0.999580718477448
ECHS1,0.00258529897275692,6.40416172148847,0.000171305610985328,0.989557284261873,0.999580718477448
ZNF12,0.00367680427938725,4.83202017437756,0.000170210689606876,0.989590708826485,0.999580718477448
WDCP,0.0126330943733611,3.83675928718215,0.000168239895291578,0.98965114317214,0.999580718477448
CCL5,0.00285718979207738,12.4922872463579,0.000167311414706717,0.989679737665415,0.999580718477448
CCDC92,-0.00538286633415211,5.49729605909992,0.000166679806261172,0.989699234737528,0.999580718477448
ARF3,0.00493807516709583,5.74243711470257,0.000164098430571968,0.989779305729368,0.999580718477448
HERPUD1,0.00315189116554099,7.15933161525925,0.000161430592891421,0.989862723371686,0.999580718477448
PTBP1,0.00313687251949513,6.52404885033159,0.000160090233070065,0.989904893793493,0.999580718477448
CCDC59,0.0029514673691493,6.77815558532148,0.000154781290936157,0.990073684142633,0.999580718477448
TMEM248,-0.00405071593450215,6.54064950821722,0.000151893053718766,0.990166728645468,0.999580718477448
CLK1,0.0035769015126281,7.22783646571684,0.000147730267739732,0.990302403476426,0.999580718477448
MRPL4,-0.00360278968178211,5.86710644952317,0.000142272849121383,0.990483203607772,0.999580718477448
STXBP2,-0.0262076654376985,5.48307142881964,0.000137390971111984,0.990647898460117,0.999580718477448
GNA12,-0.00373188662264143,4.41409093203819,0.000136130309865479,0.990690901520255,0.999580718477448
GTF2F2,-0.00388063407095003,5.47542373315734,0.000135430141002146,0.990714871378928,0.999580718477448
MFGE8,0.0066712287468151,4.0867677001261,0.000134204395017434,0.990756983743833,0.999580718477448
MAEA,0.00332788748150872,5.50402549597801,0.000129875936201174,0.990907255111942,0.999580718477448
CTBP1-DT,0.0149847659393466,4.4221533487997,0.000127193065939224,0.99100165639173,0.999580718477448
SLC16A1-AS1,-0.00626398871458794,5.37921646886323,0.000122020074888596,0.991186531167164,0.999580718477448
SLC35A2,0.0116486414426872,4.33479714455408,0.000121737070468697,0.991196757341961,0.999580718477448
SF3B4,0.00216809542699409,5.4659569457035,0.000116613016528433,0.991384011002541,0.999650464935856
C1GALT1,0.00643047168471335,5.7447574350143,0.000111077039125718,0.991591003555514,0.999740095890594
ARFGAP2,0.00524287089204999,5.88735613668804,9.39553121419578e-05,0.99226618230144,0.999883004656665
APPL2,-0.00695612290101369,4.81779545055868,9.16929073540018e-05,0.992359860361241,0.999883004656665
RABEP2,-0.00487320725521526,4.52926521320602,9.00515322932449e-05,0.992428549334262,0.999883004656665
DYRK2,0.00281818599252627,6.51297008621483,8.96552507487769e-05,0.992445226699048,0.999883004656665
TRA2B,0.00207244954198108,7.87863959382713,8.68727926857105e-05,0.992563378721566,0.999883004656665
FES,0.00199142462322039,3.70071274760342,8.68605355801577e-05,0.992563903350885,0.999883004656665
LMAN1,0.00194874064328095,6.84017483821918,8.37104169271186e-05,0.992699984960678,0.999883004656665
PJA2,-0.00191355252350326,6.90473410652805,8.13644724946272e-05,0.992802998739771,0.999883004656665
TOP3A,0.00578966817400398,4.73743208971505,8.12030798460484e-05,0.992810139990508,0.999883004656665
PSMD2,-0.0019601045238416,6.27606220782348,7.88751936529053e-05,0.992913944139861,0.999883004656665
TP53I11,0.0140542485012282,4.61006669963272,7.06191096142561e-05,0.993295041892886,0.999932829128656
RPS3,-0.00114737509036678,11.715586114644,6.67805367502439e-05,0.993479811064528,0.999932829128656
GIGYF2,-0.00218001899620761,5.94489928735307,6.59982547581706e-05,0.993518112187641,0.999932829128656
TRIM39,0.0662760309475322,4.03936839318861,6.33288266254084e-05,0.993650548674092,0.999932829128656
MGAT4B,-0.00889339282087746,5.44858297205036,5.9869750680619e-05,0.993826386274631,0.999932829128656
PCBD2,0.0161552108737197,4.52068456353822,5.93783332689668e-05,0.993851774823211,0.999932829128656
WDR13,0.0102849653005167,4.87885948959831,5.36059254638843e-05,0.994158255202583,0.999932829128656
KDM4A,-0.00424576948332552,4.58288341234802,5.14530601023466e-05,0.994276760216687,0.999932829128656
SKAP2,0.00447132160385168,5.35783312524564,5.12370693641628e-05,0.994288785212461,0.999932829128656
ETF1,0.001871413190853,5.79043963121152,5.04534536762691e-05,0.994332626179772,0.999932829128656
INTS14,0.0156362926429582,4.53197737584359,4.64155586863413e-05,0.994564137121724,0.999932829128656
HDAC7,-0.00208933264638733,5.65029493694407,4.28010122490718e-05,0.994780078359584,0.999932829128656
PDCL,-0.000985397349986224,5.06742308664511,4.14933985020127e-05,0.994860432648937,0.999932829128656
CD6,-0.00148266417647755,7.06525723666355,4.0313931998881e-05,0.994934005395317,0.999932829128656
ABHD5,-0.00172431404851489,4.68440029349547,3.91925325100573e-05,0.995004960944384,0.999932829128656
MRPS23,-0.00187570277331784,5.77617539180574,3.75936324950033e-05,0.995107909459496,0.999932829128656
ADPRM,-0.0295794492292465,4.17953956264747,2.75608270143835e-05,0.995811252427128,0.999932829128656
ITGAM,0.0676009360564045,4.03664755636474,2.53146010482652e-05,0.995985571078026,0.999932829128656
TPX2,0.11361933266514,4.10173068324175,2.0633758511579e-05,0.996375669951593,0.999932829128656
PCNX3,0.00446099313028235,4.6742210483023,1.99483875134021e-05,0.996436370744147,0.999932829128656
PRKCQ-AS1,-0.0402128037277198,6.93089308950322,1.93159170223112e-05,0.996493318445752,0.999932829128656
LETM1,-0.00110171813917325,5.29145424562711,1.90598227280958e-05,0.996516642005603,0.999932829128656
TMEM33,0.00143793878940083,5.84964837802594,1.86614630672821e-05,0.996553235942326,0.999932829128656
ASL,-0.0107258157339695,4.53125031676869,1.63263767518629e-05,0.996776083486226,0.999932829128656
PSMD8,-0.000670616657008684,7.76711290180552,1.62596272863524e-05,0.99678268060028,0.999932829128656
DPM2,-0.000421625727899273,5.58836456095888,1.49257377373146e-05,0.996917473035637,0.999932829128656
ACAT2,-0.0025824854679704,5.50221815670111,1.47370578593709e-05,0.996937018391706,0.999932829128656
BOLA2,-0.00303603702880834,5.31519577861528,1.47331493334235e-05,0.99693742459484,0.999932829128656
ZNF48,0.0350805957305338,4.12387411621323,1.34990952505021e-05,0.997068489761881,0.999932829128656
BID,-5.83040455265989e-05,5.8556849050531,1.16958414295709e-05,0.99727130527902,0.999932829128656
NEDD1,-0.000244425781984469,4.90034465606347,9.36365458947819e-06,0.997558469937218,0.999932829128656
BBS4,0.00455583916400972,4.47299352804516,8.38051487583869e-06,0.997690197720865,0.999932829128656
IRF1,0.000392938572018354,8.19722462609362,8.3001812658523e-06,0.99770129495399,0.999932829128656
AKIRIN1,-0.000537807170201461,6.55957099019344,7.80417343548834e-06,0.997771036520808,0.999932829128656
SEC23B,-0.000964306565297389,5.02580609819854,7.58967891911766e-06,0.997801880930871,0.999932829128656
EBNA1BP2,0.00100069610531905,5.58084824709051,7.50656311154785e-06,0.997813950013875,0.999932829128656
ZNF286A,-0.000270076999499978,4.2425395218303,7.46017843944458e-06,0.997820714500172,0.999932829128656
USB1,0.0011157272839612,5.56368749800577,5.0233569695024e-06,0.998211715063082,0.999932829128656
LBR,0.000434117352805591,7.03744944429508,4.83821859509348e-06,0.998244978446494,0.999932829128656
MTERF4,-0.000405992120333995,6.00577220394524,4.79820818455323e-06,0.998252250213378,0.999932829128656
MAPK1IP1L,0.000215370517250266,6.43119342070119,4.14629053402393e-06,0.99837531329551,0.999932829128656
PPM1G,-0.000547918080927583,7.41037278059015,3.4505545816188e-06,0.998517876946508,0.999932829128656
RAB21,0.000326283260127635,6.41616930489091,2.79573248107567e-06,0.99866590220858,0.999932829128656
TRIM56,0.000781416194945048,6.77553538297067,2.49104789062926e-06,0.998740695023324,0.999932829128656
DNAJC7,0.000188419216765789,6.98842110388408,1.38070761401821e-06,0.999062457807668,0.999932829128656
ACTR2,-0.000203033436544237,8.51300622432009,1.35332435569069e-06,0.999071801392694,0.999932829128656
SDHB,0.000290459657129363,6.1729197663975,1.2852338313607e-06,0.999095453197103,0.999932829128656
BPGM,-0.069818907079026,4.45645409625328,1.19334862169751e-06,0.999128387112474,0.999932829128656
ARNT,0.0079158923365081,4.91040407870378,1.06364370466849e-06,0.999177117035619,0.999932829128656
DDX56,-0.00861816847520364,5.0895467441646,9.28726293203397e-07,0.99923107520632,0.999932829128656
RFC2,0.00362762778682828,4.88185418119504,5.52498180539374e-07,0.999406930694479,0.999932829128656
B4GALT3,0.00191131180699553,5.24520773187397,5.16548043449916e-07,0.999426550227817,0.999932829128656
B3GNT2,-0.000863168116699585,6.28783052327655,3.4899907852548e-07,0.999528640595638,0.999932829128656
SARM1,0.0409727825184022,4.12055629590624,2.93857099542549e-07,0.999567478068192,0.999932829128656
DNAJB14,-6.58544640934097e-05,7.13610936650039,2.15608910281162e-07,0.999629512637842,0.999932829128656
DNM2,-0.000516288712159743,6.25078605108118,1.54459574019938e-07,0.999686420641958,0.999932829128656
MGAT1,-0.000286772321827708,6.46681964912249,1.44615213137911e-07,0.999696578017226,0.999932829128656
PGLS,0.000342352100107247,6.96382320894492,4.87840345897439e-08,0.999823770375672,0.999941897002607
NDUFA10,1.21048122553987e-06,6.42834271310953,3.00941493946993e-11,0.999995622954131,0.999995622954131
