,Set,NGenes,Direction,PValue,FDR
1,WP_LUNG_FIBROSIS,29,Down,0.341775307919627,0.728948709113195
2,pulmonary_fibrosis_ctd,51,Down,0.405131687309119,0.728948709113195
3,fibrosis_transcriptional_signature,12,Down,0.437369225467917,0.728948709113195
4,REACTOME_DEFECTIVE_CFTR_CAUSES_CYSTIC_FIBROSIS,57,Down,0.845070304528391,0.88227948675113
5,WP_NITRIC_OXIDE_METABOLISM_IN_CYSTIC_FIBROSIS,8,Down,0.88227948675113,0.88227948675113
