,Set,NGenes,Direction,PValue,FDR,DEG.GENES
1,fibrosis_transcriptional_signature,12,Down,0.318383058739455,0.861506972680578,
2,WP_LUNG_FIBROSIS,29,Down,0.362918139282807,0.861506972680578,
3,REACTOME_DEFECTIVE_CFTR_CAUSES_CYSTIC_FIBROSIS,57,Up,0.655836073640214,0.861506972680578,
4,pulmonary_fibrosis_ctd,51,Down,0.770119317020079,0.861506972680578,
5,WP_NITRIC_OXIDE_METABOLISM_IN_CYSTIC_FIBROSIS,8,Up,0.861506972680578,0.861506972680578,
