,Set,NGenes,Direction,PValue,FDR
1,REACTOME_DEFECTIVE_CFTR_CAUSES_CYSTIC_FIBROSIS,57,Up,0.0101454215803606,0.0507271079018032
2,fibrosis_transcriptional_signature,13,Up,0.0446980170446314,0.111745042611579
3,WP_LUNG_FIBROSIS,30,Down,0.378276586869422,0.630460978115703
4,pulmonary_fibrosis_ctd,52,Up,0.76187647394792,0.897744990628308
5,WP_NITRIC_OXIDE_METABOLISM_IN_CYSTIC_FIBROSIS,8,Up,0.897744990628308,0.897744990628308
