,Set,NGenes,Direction,PValue,FDR
1,REACTOME_DEFECTIVE_CFTR_CAUSES_CYSTIC_FIBROSIS,57,Up,0.0835299407950402,0.30237005440736
2,WP_LUNG_FIBROSIS,35,Down,0.157303526263563,0.30237005440736
3,WP_NITRIC_OXIDE_METABOLISM_IN_CYSTIC_FIBROSIS,8,Down,0.181422032644416,0.30237005440736
4,pulmonary_fibrosis_ctd,56,Down,0.387371610250331,0.484214512812914
5,fibrosis_transcriptional_signature,19,Up,0.991554522723747,0.991554522723747
