,Set,NGenes,Direction,PValue,FDR
1,pulmonary_fibrosis_ctd,56,Down,0.102185431782645,0.510927158913223
2,fibrosis_transcriptional_signature,16,Down,0.281470438703297,0.703676096758243
3,WP_LUNG_FIBROSIS,35,Down,0.589726048922106,0.748920721796386
4,WP_NITRIC_OXIDE_METABOLISM_IN_CYSTIC_FIBROSIS,8,Down,0.722072898492907,0.748920721796386
5,REACTOME_DEFECTIVE_CFTR_CAUSES_CYSTIC_FIBROSIS,57,Up,0.748920721796386,0.748920721796386
