,Set,NGenes,Direction,PValue,FDR
1,pulmonary_fibrosis_ctd,56,Down,0.00299015470043315,0.00861419590557535
2,fibrosis_transcriptional_signature,16,Down,0.0043262922407166,0.00861419590557535
3,WP_LUNG_FIBROSIS,35,Down,0.00516851754334521,0.00861419590557535
4,REACTOME_DEFECTIVE_CFTR_CAUSES_CYSTIC_FIBROSIS,57,Down,0.191043597010592,0.23880449626324
5,WP_NITRIC_OXIDE_METABOLISM_IN_CYSTIC_FIBROSIS,8,Down,0.899278901005055,0.899278901005055
