,Set,NGenes,Direction,PValue,FDR
1,fibrosis_transcriptional_signature,19,Up,0.00914187436022335,0.0345804736230992
2,WP_LUNG_FIBROSIS,35,Up,0.0138321894492397,0.0345804736230992
3,pulmonary_fibrosis_ctd,56,Up,0.170066758323555,0.283444597205925
4,REACTOME_DEFECTIVE_CFTR_CAUSES_CYSTIC_FIBROSIS,57,Up,0.331090462579712,0.41386307822464
5,WP_NITRIC_OXIDE_METABOLISM_IN_CYSTIC_FIBROSIS,8,Up,0.763901493631016,0.763901493631016
