,Set,NGenes,Direction,PValue,FDR
1,pulmonary_fibrosis_ctd,56,Down,0.0900059202143251,0.450029601071626
2,fibrosis_transcriptional_signature,16,Down,0.495149871861571,0.830493254060978
3,WP_LUNG_FIBROSIS,35,Down,0.595178444168322,0.830493254060978
4,WP_NITRIC_OXIDE_METABOLISM_IN_CYSTIC_FIBROSIS,8,Down,0.664394603248783,0.830493254060978
5,REACTOME_DEFECTIVE_CFTR_CAUSES_CYSTIC_FIBROSIS,57,Up,0.933279383492205,0.933279383492205
