,NGenes,Direction,PValue,FDR
fibrosis_transcriptional_signature,19,Down,0.00914187436028977,0.0182837487205795
pulmonary_fibrosis_ctd,56,Down,0.170066758324128,0.170066758324128
