,NGenes,Direction,PValue,FDR
pulmonary_fibrosis_ctd,56,Down,0.00299015470037243,0.00432629224074261
fibrosis_transcriptional_signature,16,Down,0.00432629224074261,0.00432629224074261
