,Set,NGenes,Direction,PValue,FDR
1,pulmonary_fibrosis_ctd,56,Down,0.126801002249777,0.634005011248884
2,WP_LUNG_FIBROSIS,33,Down,0.260467237202663,0.651168093006658
3,fibrosis_transcriptional_signature,13,Up,0.449691382728091,0.705901270643003
4,REACTOME_DEFECTIVE_CFTR_CAUSES_CYSTIC_FIBROSIS,57,Up,0.671740437725481,0.705901270643003
5,WP_NITRIC_OXIDE_METABOLISM_IN_CYSTIC_FIBROSIS,8,Up,0.705901270643003,0.705901270643003
