,Set,NGenes,Direction,PValue,FDR
1,pulmonary_fibrosis_ctd,56,Down,0.286996528749466,0.854298117279703
2,WP_LUNG_FIBROSIS,33,Down,0.483186798417172,0.854298117279703
3,fibrosis_transcriptional_signature,13,Up,0.571795015754453,0.854298117279703
4,WP_NITRIC_OXIDE_METABOLISM_IN_CYSTIC_FIBROSIS,8,Up,0.714849083993437,0.854298117279703
5,REACTOME_DEFECTIVE_CFTR_CAUSES_CYSTIC_FIBROSIS,57,Up,0.854298117279703,0.854298117279703
