,Set,NGenes,Direction,PValue,FDR
1,WP_LUNG_FIBROSIS,33,Down,0.015585977853686,0.0591307639574158
2,pulmonary_fibrosis_ctd,56,Down,0.0263944381940759,0.0591307639574158
3,REACTOME_DEFECTIVE_CFTR_CAUSES_CYSTIC_FIBROSIS,57,Down,0.0354784583744495,0.0591307639574158
4,WP_NITRIC_OXIDE_METABOLISM_IN_CYSTIC_FIBROSIS,8,Down,0.215453586633459,0.269316983291824
5,fibrosis_transcriptional_signature,13,Up,0.504672145451339,0.504672145451339
