,Set,NGenes,Direction,PValue,FDR
1,WP_LUNG_FIBROSIS,33,Down,0.0114619598382011,0.0525059481860997
2,pulmonary_fibrosis_ctd,56,Down,0.0210023792744399,0.0525059481860997
3,REACTOME_DEFECTIVE_CFTR_CAUSES_CYSTIC_FIBROSIS,57,Down,0.0456410195417197,0.0760683659028661
4,WP_NITRIC_OXIDE_METABOLISM_IN_CYSTIC_FIBROSIS,8,Down,0.21486695860046,0.268583698250574
5,fibrosis_transcriptional_signature,13,Up,0.5759442918373,0.5759442918373
