,Set,N,DE,P.DE,FDR
1,pulmonary_fibrosis_ctd,62,3,0.0101000832598518,0.0202001665197036
2,fibrosis_transcriptional_signature,13,1,0.098440864488769,0.098440864488769
