,NGenes,Direction,PValue,FDR
pulmonary_fibrosis_ctd,56,Down,0.0263944381926238,0.0527888763852475
fibrosis_transcriptional_signature,13,Up,0.504672145451507,0.504672145451507
