,NGenes,Direction,PValue,FDR
pulmonary_fibrosis_ctd,46,Up,0.312284493268079,0.440681233473951
fibrosis_transcriptional_signature,11,Up,0.440681233473951,0.440681233473951
