,NGenes,Direction,PValue,FDR
fibrosis_transcriptional_signature,11,Up,0.0924633089941105,0.184926617988221
pulmonary_fibrosis_ctd,46,Down,0.353048915421882,0.353048915421882
