Set,N,DE,P.DE,FDR,DEG.GENES,k,n,GR
WP_LUNG_FIBROSIS,50,3,0.00137643895112426,0.00688219475562131,"PDGFB,CXCL2,SPP1",3,94,0.0319148936170213
pulmonary_fibrosis_ctd,85,3,0.0062120820595936,0.015530205148984,"PDGFB,CXCL2,SPP1",3,94,0.0319148936170213
fibrosis_transcriptional_signature,101,1,0.358960730332741,0.598267883887902,SPP1,1,94,0.0106382978723404
REACTOME_DEFECTIVE_CFTR_CAUSES_CYSTIC_FIBROSIS,60,0,1,1,"",0,94,0
WP_NITRIC_OXIDE_METABOLISM_IN_CYSTIC_FIBROSIS,12,0,1,1,"",0,94,0
