gene,logFC,logCPM,LR,PValue,FDR
CDK6,1.01323284859321,6.82431989919791,22.8074252076244,1.79072514712569e-06,0.0154038177155752
ERAP2,-1.33068867481551,6.4441447557988,19.1987719089328,1.17789144578231e-05,0.050661111083097
MIF4GD,-2.06379665836668,5.41631283528402,12.845883669455,0.00033822244854136,0.751404026497598
DDX19A,1.44204691330627,5.10677893782513,12.7850041690972,0.000349408986978655,0.751404026497598
RRAS2,1.92335728977843,4.65500740857251,12.2957035226785,0.000454002204942649,0.781065393383333
LRIG2,1.54110178021481,4.79111488421477,11.2464357448513,0.000797760602087268,0.999285360615371
C18orf21,-1.53178325492764,4.99567689520709,11.0638044199326,0.000880293335904892,0.999285360615371
JAZF1,-1.3955937754285,5.50984023931671,10.934403433905,0.000943948747118586,0.999285360615371
LAPTM5,-0.336508579125403,8.85155567385987,10.3860911273058,0.0012696813291948,0.999285360615371
PLEKHN1,-2.29445052648878,4.06616412794102,10.3493170125607,0.00129522598947742,0.999285360615371
CSF1,1.26605186267433,5.85720664232137,9.88416862282367,0.00166706835101706,0.999285360615371
PITRM1,1.73924685490514,4.56942089408376,9.53435802883604,0.0020166069830159,0.999285360615371
GSK3A,-1.31902024114765,5.65237559900769,9.48121543786818,0.00207586393454193,0.999285360615371
TFPT,1.29491555332743,5.15897886575898,9.13589429158642,0.00250642917872914,0.999285360615371
NUCB1,-0.834110785172602,6.40329203511019,9.02577523914045,0.00266199004889536,0.999285360615371
ELP4,-1.45848910802909,4.75387679636657,8.90753460815172,0.00283996419251701,0.999285360615371
TASOR2,1.43576946160156,5.24520557631754,8.82079191535718,0.00297817388966068,0.999285360615371
DTX2,-2.97331710715255,4.29557007507956,8.79093388842044,0.00302731234306113,0.999285360615371
ZNF664,-1.88844674900056,4.68964442927024,8.77926083331296,0.00304674635384899,0.999285360615371
FASTKD3,-1.96006989745988,4.04583785372744,8.75164359526573,0.00309323145222032,0.999285360615371
MED27,-1.2961879758295,4.95755456713374,8.69136671221735,0.00319720795464963,0.999285360615371
RNH1,-0.624861724910918,6.81854564951173,8.43132363066891,0.00368811778556386,0.999285360615371
NFATC1,-1.71240077723757,5.05621297202963,8.40726138575939,0.00373725218169873,0.999285360615371
TET3,-1.93688922490048,4.34835627274578,8.37440626393236,0.00380541859268313,0.999285360615371
THAP2,-2.82976290261235,4.64992039137781,8.36129261771072,0.00383297814627863,0.999285360615371
HVCN1,-2.97497113315593,3.88785771627175,8.35966511697369,0.00383641262459895,0.999285360615371
ATOX1,0.825012160542055,6.67974663268199,8.29771975135957,0.00396948875675785,0.999285360615371
ZNF174,1.88391068404655,3.9203018147688,8.27075112612092,0.00402888350106875,0.999285360615371
KATNAL1,-2.77568043109292,4.23607290476361,8.19904499727566,0.00419124452237058,0.999285360615371
CASP7,1.25756325927569,4.92375982700553,8.11369665277893,0.00439320471893686,0.999285360615371
TRMT61B,-2.80307768020484,4.25861019519279,8.11138534647844,0.0043988096884241,0.999285360615371
GIHCG,1.8272384438279,4.48439126000646,7.93494948490584,0.00484889808487065,0.999285360615371
WRAP53,-2.84566365406194,4.03933717825161,7.89634526721563,0.00495347826421362,0.999285360615371
GAPVD1,1.05516650545173,5.67548724876902,7.88147472486385,0.00499437368073601,0.999285360615371
ZNF426,1.79355985481101,4.2923970956997,7.76093039346403,0.00533884518567667,0.999285360615371
QTRT1,-1.94909744790733,4.70158979939005,7.66648995878858,0.00562557862616372,0.999285360615371
PLEK,-2.30720203845851,4.17936708161805,7.6638029406857,0.00563396269952074,0.999285360615371
ATG2B,-1.43720151457786,4.62956885902264,7.56412872000163,0.00595414318241735,0.999285360615371
PPP2CB,-1.21888049778598,4.92015314336953,7.55513432603024,0.00598393376613687,0.999285360615371
SNX18,1.58301704707547,4.37939436336413,7.52046510311772,0.00610019277944888,0.999285360615371
RANBP6,1.28556432931671,4.80511855156533,7.51199167354461,0.00612895626267868,0.999285360615371
TACC3,0.931390555145338,5.47398332490921,7.47472179333477,0.00625712332059605,0.999285360615371
AGPAT4,-1.51295733725149,4.65995391293428,7.45447309009067,0.00632789993722697,0.999285360615371
VAMP7,-1.55456592412371,5.05222785503875,7.43032993725024,0.00641335819507725,0.999285360615371
IL2RA,1.61569922000489,7.57989264689393,7.40863659398459,0.00649114970888019,0.999285360615371
POLR3F,-2.88346017095895,3.98583943359398,7.33624766356981,0.00675777572106533,0.999285360615371
TRIB2,-0.837980250950258,6.06662503363346,7.32297364105855,0.00680786773486667,0.999285360615371
HNRNPC,0.339581822561205,8.86000831929804,7.262242195191,0.0070419318132954,0.999285360615371
CCDC18-AS1,1.55251451974784,5.5894888903388,7.25849682134901,0.00705663314762844,0.999285360615371
MXRA7,1.31923077149655,4.61647975844859,7.15519291779198,0.00747472547212586,0.999285360615371
TRABD2A,-1.59166757828056,4.42615793046989,7.1539494369947,0.00747990943595348,0.999285360615371
TMCO4,-2.63019290231925,4.26092991929898,7.12818111860511,0.00758816644935775,0.999285360615371
PHF5A,-1.12200720517408,5.65439647933687,7.1036506521202,0.00769271129295921,0.999285360615371
OSER1,1.00030207183291,5.05599648939403,7.10095193000872,0.00770430236491048,0.999285360615371
STK17B,0.307756071522172,9.04915478797444,7.0849851846354,0.00777324620079012,0.999285360615371
ABTB1,-0.944580660799613,5.78115969720633,7.0512696995975,0.00792090856772891,0.999285360615371
CXXC5,-1.77862176769755,4.32569309079295,7.04936692708732,0.00792932708144937,0.999285360615371
NGRN,1.09022040169325,5.72285585067024,7.02396554501605,0.00804259194432049,0.999285360615371
API5,-1.04571539620945,5.60814831619239,6.89944850523445,0.00862223433516462,0.999285360615371
CHN1,-2.05867917454546,4.194716813893,6.89905530689869,0.00862413089793293,0.999285360615371
SLCO3A1,-1.01313882278162,5.70161750949508,6.8912218685295,0.00866200401517016,0.999285360615371
PRUNE1,-1.9496157349924,4.02055810834894,6.88461839554181,0.00869406270979032,0.999285360615371
WDR70,-0.917066441993913,5.29120935858344,6.83391978166598,0.00894427672579404,0.999285360615371
ZNF281,0.909435998586894,5.61220608348345,6.82212333726662,0.00900354585692636,0.999285360615371
WDR37,-1.49274709825263,4.5634259673065,6.78278223130948,0.00920413135115496,0.999285360615371
RACK1,-0.251325333209719,10.6807490160509,6.7750284053964,0.00924420197568726,0.999285360615371
SLFN5,0.554583547173337,8.60392476066741,6.7384452668561,0.00943568223548689,0.999285360615371
RAMAC,2.09756214627564,4.11742805266811,6.69075393894772,0.00969142106998056,0.999285360615371
EML3,-1.10244530264596,5.19501920692874,6.67906673951892,0.00975516865479283,0.999285360615371
WDR41,-1.63377383258628,4.14584765192419,6.66070787501816,0.0098561755665091,0.999285360615371
COA6-AS1,1.85163190666529,3.97185702572269,6.59600215067882,0.0102208008958756,0.999285360615371
ATP8A1,1.04410321171158,5.28323977820336,6.5315946809836,0.0105974906099676,0.999285360615371
SPRYD7,1.43766377641558,4.29859951142963,6.52944639925119,0.0106102974773671,0.999285360615371
ERH,0.444929718277779,7.48172545845895,6.48596012798424,0.0108729794971812,0.999285360615371
ELF2,-0.751850773179763,6.29517216900787,6.46910366426977,0.0109765879886736,0.999285360615371
USP21,-2.02338082911568,3.83625744526297,6.45567671812587,0.0110598413258509,0.999285360615371
LINC01003,-1.13349963397685,4.8436623125324,6.45368821772714,0.0110722259218124,0.999285360615371
TSC1,-1.37961349545787,4.9001784122303,6.42839562029447,0.0112309983018489,0.999285360615371
SEPSECS-AS1,-1.55788846240506,4.31337700643489,6.42633302027607,0.0112440487138396,0.999285360615371
TMBIM4,-0.446607718899812,7.79239404546313,6.39736695022254,0.0114289745917026,0.999285360615371
TMED5,-0.62741120838348,6.24028177270796,6.39486346169349,0.0114451032708461,0.999285360615371
RAB8B,-0.536656686493438,7.28836117728848,6.38112118479769,0.0115340546824458,0.999285360615371
AREL1,-1.54917770484912,4.36648764210524,6.37180282684804,0.0115947742933975,0.999285360615371
RECK,-2.65984286920215,4.09078117614935,6.34547467894553,0.0117681114994156,0.999285360615371
RNF141,-1.75333545932603,4.25461844325354,6.33839077042576,0.0118152026516213,0.999285360615371
TXLNA,1.00135434150361,5.90229297115175,6.26819962090881,0.01229239830567,0.999285360615371
BLOC1S4,-0.964713475034909,5.9956344340352,6.25576596711682,0.012378971130984,0.999285360615371
PPP3R1,-0.776936746277574,5.79176468810742,6.24118178196065,0.0124813163920459,0.999285360615371
SLC17A5,-1.61105648076618,4.27174393580407,6.21604957543486,0.0126597276291885,0.999285360615371
WDTC1,1.29199017055262,4.81604487792354,6.21231008498618,0.0126864970311651,0.999285360615371
C9orf72,-1.37153181278391,4.6459904037228,6.18187115762611,0.0129065717865972,0.999285360615371
TXN2,-0.693051103481838,6.2715284555594,6.16530185398387,0.013028014096501,0.999285360615371
CROT,1.40311651197114,4.3813749942002,6.1629507224961,0.0130453412905253,0.999285360615371
IGFLR1,1.01755444592075,6.48538735144007,6.15938007785734,0.013071701282592,0.999285360615371
PEX26,-0.972346500828184,5.3223120203418,6.14398672645806,0.013185969825282,0.999285360615371
KIAA1671,1.72382062389412,4.02831813751238,6.1362134477978,0.0132440624726588,0.999285360615371
NPRL3,-1.32464029270432,4.88805488301047,6.03373889698575,0.0140349738600629,0.999285360615371
PLPP1,1.2158446314337,4.6219517307191,5.97300861569058,0.014526475817601,0.999285360615371
CAPS,-2.49522657899871,4.31309952278179,5.96976687697015,0.0145532046588517,0.999285360615371
FARP1,1.45275081200951,4.41736761234403,5.96476203607809,0.0145945701177571,0.999285360615371
TMEM242,-1.09294767953528,5.3932594435582,5.95051504520739,0.0147129867400366,0.999285360615371
SUMF1,-1.8185873522144,4.15446794316819,5.94471254021294,0.0147614984407074,0.999285360615371
SNF8,-0.633959247170905,6.41136591701143,5.93351617984122,0.0148555713553008,0.999285360615371
MAPKAPK5-AS1,-0.702338759576558,5.96951330236612,5.88831914591466,0.0152416415241404,0.999285360615371
TRIM52-AS1,1.70048864751487,4.43649938740358,5.8671913160612,0.0154256440389799,0.999285360615371
STAT2,0.695059539355164,6.08100006079118,5.82099910313123,0.0158359471844218,0.999285360615371
UNG,-1.62712805095915,4.57161776218842,5.80093241070902,0.016017678232286,0.999285360615371
TXNL4A,-0.514133288548915,7.00022303688921,5.7822588101182,0.0161887239761017,0.999285360615371
KLHL22,-1.73510371833692,4.18835151175818,5.77878000366192,0.0162207965001593,0.999285360615371
PIAS2,-1.22339005427603,5.13666133896784,5.77546034775593,0.0162514628297908,0.999285360615371
TASOR,1.65937421865636,6.19894421614647,5.77391610948175,0.016265748562052,0.999285360615371
STRAP,-0.721772560823167,6.27004268874821,5.75022485361829,0.0164865463959348,0.999285360615371
SH2D3C,-1.23166516080841,5.011599763683,5.67670531018186,0.0171916211397133,0.999285360615371
TBC1D4,0.99453177903107,7.16405293578668,5.67207912853571,0.0172370147366247,0.999285360615371
ERMARD,-2.6160140783128,3.88642843360866,5.66583527713281,0.0172984776121557,0.999285360615371
OGFR,0.75975601830391,5.9958070026957,5.65841734386661,0.0173717918737865,0.999285360615371
SLC25A30,-2.56109933646088,3.90729268937631,5.63669153290412,0.0175883667511843,0.999285360615371
MTG1,-1.00356940440105,5.1824631077918,5.62570392484177,0.017698956425325,0.999285360615371
TCF20,0.828961779577444,5.44618980870211,5.59891384040514,0.0179716159602289,0.999285360615371
HAGHL,-1.80601752030094,4.18091074365388,5.59672564904287,0.0179940772571494,0.999285360615371
SIKE1,0.796817992896322,5.47412710052929,5.59592573220154,0.0180022954577267,0.999285360615371
PIGB,-1.43390060260622,4.30821881860854,5.58990787403857,0.0180642462149655,0.999285360615371
PXN,-1.58642787459647,4.75826285518803,5.58379369668946,0.0181274139890958,0.999285360615371
PSMB8-AS1,-0.735348510955621,6.72967368278137,5.57327714765567,0.0182365983337789,0.999285360615371
TOPBP1,0.967594220712168,5.41912447887748,5.54833628466294,0.0184982616889322,0.999285360615371
GLB1,-1.17051706963713,4.90603103183842,5.53279161764293,0.0186633049980239,0.999285360615371
SDC4,1.38819125768397,4.61181989661928,5.53265479690549,0.0186647644067596,0.999285360615371
FLYWCH2,1.19139834351116,5.3541837698886,5.44219489059357,0.0196559544731253,0.999285360615371
CRTC2,-1.2745528018984,4.8049407900218,5.43929644947618,0.0196885984062982,0.999285360615371
BST2,0.599241695144727,7.91958915181719,5.43498411091007,0.0197372702458031,0.999285360615371
WDR82,0.524236352024959,6.97783364238409,5.43368778055329,0.0197519257738152,0.999285360615371
KMT2B,0.640308853372748,6.15397602075149,5.39705220961428,0.0201707919045194,0.999285360615371
C1orf131,0.619928119194905,6.21019807619253,5.37133880986974,0.0204702598675669,0.999285360615371
USP10,-0.738098511995713,6.03513609366523,5.33821015752876,0.0208628831742525,0.999285360615371
MBNL3,-1.56709707584078,4.46447994735243,5.32988700072471,0.0209627442386921,0.999285360615371
HDAC4,1.32122704029813,4.85759145543746,5.32586078072192,0.02101122814382,0.999285360615371
CD52,-0.290946407897898,10.7087880534876,5.29992130675032,0.0213263878286468,0.999285360615371
AK1,-2.45521590971499,4.0867718685858,5.28276118820697,0.0215375661287467,0.999285360615371
COIL,-0.816726073612817,5.63950226848166,5.26232490131882,0.021791889706543,0.999285360615371
RUVBL2,-1.19852075534237,4.64989946155042,5.25245374920108,0.0219158452376954,0.999285360615371
RNF126,-0.836678383658785,5.97234582918268,5.24237603086898,0.0220431482262197,0.999285360615371
GET3,1.39014558613637,5.57326633892334,5.21086868958687,0.0224461169496614,0.999285360615371
NCR3,-1.1387585959839,5.37702491847866,5.20969529953673,0.0224612708177374,0.999285360615371
OSTC,-0.593974414933724,7.02390804051384,5.20290443299578,0.0225491806259123,0.999285360615371
BSG,0.429352820650131,7.13045320826151,5.19010630169663,0.0227158267597236,0.999285360615371
MRPS30,-0.882202013705336,5.41366152211846,5.17500336723466,0.0229141271243091,0.999285360615371
SNTB1,1.25235424055177,4.19542154183712,5.16946255431862,0.022987326706938,0.999285360615371
NEDD4,-1.86124310796649,3.94047628035476,5.16116815744215,0.0230973571712493,0.999285360615371
FYCO1,1.01932760945313,4.83883066415569,5.15733708714583,0.0231483629540589,0.999285360615371
MFSD11,0.873928065058061,5.12521904920082,5.15684319019562,0.0231549470500782,0.999285360615371
ZNF195,1.15136174369335,4.89919826448154,5.15560769009585,0.0231714258956666,0.999285360615371
HCP5,1.5949596439865,5.50027655577759,5.11515820004857,0.0237177037414244,0.999285360615371
MTMR4,-1.25244064524204,5.29563562762171,5.10741299153591,0.0238238187833007,0.999285360615371
CDC25B,-1.08501517555175,5.48598923699992,5.09196929479151,0.0240368813521675,0.999285360615371
DPH2,-2.40958202768063,3.99250466777355,5.08204740462178,0.024174806703892,0.999285360615371
OAS1,1.04390536382409,5.95168098695211,5.07182750196119,0.0243177335043848,0.999285360615371
DIAPH2,-0.981001337503046,4.91119649774301,5.06222751323304,0.0244527894615073,0.999285360615371
UBE2L3,0.504714708438406,7.45711044444092,5.04772917200266,0.0246582344594864,0.999285360615371
SMC4,0.617120208588237,6.6560517809582,5.0342841288501,0.0248503551699957,0.999285360615371
SNW1,-0.613761636698434,6.91198867853269,5.02750036808175,0.0249478797359909,0.999285360615371
NDUFAF1,1.26726633143521,4.51519084773332,5.00849573867755,0.0252232152765572,0.999285360615371
TOMM40,-0.855986729320174,5.53717725021873,5.00697034178824,0.0252454512906553,0.999285360615371
NAA80,1.40001030730967,4.12551003657261,4.98919158447868,0.0255061221637744,0.999285360615371
COX5B,0.268523108430932,8.51646144356187,4.96149883677757,0.0259177334782699,0.999285360615371
CDC42SE1,-0.39759810401861,7.70559532002386,4.94923952941963,0.0261021476459847,0.999285360615371
GIGYF2,-0.7422667484457,6.00904210811613,4.94639073169651,0.026145196401287,0.999285360615371
STAMBP,0.73399453665041,5.64054766440419,4.93187831114074,0.0263656445802027,0.999285360615371
GATAD1,0.790701719913242,5.59704695645034,4.92629649081039,0.0264509477452835,0.999285360615371
PRXL2B,1.52288263564298,4.00564731522839,4.89676396136072,0.0269070719367196,0.999285360615371
LARP4B,-0.765037655803281,5.59402346910472,4.89660114599734,0.0269096091289189,0.999285360615371
OCIAD1,-0.417341158241819,7.18715796238061,4.89214778056106,0.0269791035641497,0.999285360615371
ECD,-1.06324937682166,4.89159119204189,4.89023288240996,0.0270090427512401,0.999285360615371
GOLGA7B,-1.50088728467023,4.29478223685323,4.88663185137743,0.0270654380125503,0.999285360615371
TSPAN17,-1.37485851933593,4.8383919446325,4.87836468773221,0.0271953726675917,0.999285360615371
KLF3,-0.89428101942159,5.7139317348606,4.86079871590457,0.0274736144418315,0.999285360615371
USP13,-1.6640798107511,3.96829377198524,4.84216595707609,0.0277719921787595,0.999285360615371
XAF1,0.786642619613208,7.89563428861622,4.83406921876819,0.0279026990835555,0.999285360615371
ATP6V1C1,-1.15810573198801,4.89570596599629,4.82817040110873,0.0279983275164723,0.999285360615371
OGFRL1,-0.945435406889693,4.86579966986794,4.82645043639505,0.0280262748174136,0.999285360615371
BORCS5,0.711457225620843,5.63485192129589,4.79609000873954,0.0285244022564384,0.999285360615371
CUL3,-0.598389979522134,6.53498006626036,4.79577447170918,0.0285296274264712,0.999285360615371
RXRA,1.45776235562703,4.30535125215315,4.78762389094923,0.0286649437084998,0.999285360615371
PSMD6,0.671413954936464,6.10095175361354,4.78606903008486,0.0286908333695576,0.999285360615371
VMAC,1.33213551129877,4.38707288100499,4.78513741498082,0.0287063571579013,0.999285360615371
PLIN2,0.577332152673609,6.38805543251202,4.78226264206496,0.0287543155303706,0.999285360615371
RAB39B,-1.34392266797399,4.4393243050358,4.76012438105074,0.0291264432190197,0.999285360615371
ZNF260,1.30505802140578,4.1942821439213,4.75318032010528,0.0292441982005555,0.999285360615371
PHTF1,1.07957008486115,4.6191982605954,4.74943155584656,0.0293079744274457,0.999285360615371
COX16,0.664558088567213,6.71141089022693,4.74057900195724,0.0294591550194387,0.999285360615371
HELB,0.662458508513508,6.49682071872671,4.73495978753333,0.0295555391160868,0.999285360615371
SNHG3,1.18344130382669,5.95225798584058,4.73139907995336,0.0296167844666452,0.999285360615371
MRPL18,-0.678024821088719,6.08696099119157,4.72876807170431,0.0296621236109333,0.999285360615371
CCSER2,0.620103961463151,6.77400638466254,4.72559733139272,0.0297168598477444,0.999285360615371
SRPRA,0.499315883568398,6.66751388504524,4.71753720261611,0.0298564754997002,0.999285360615371
NDE1,-0.787552410785049,5.61340732429192,4.70663686650201,0.030046376583523,0.999285360615371
ATIC,-0.852554354704176,5.50729292452953,4.70026094865659,0.0301580381964215,0.999285360615371
MTX3,1.0395375004275,4.91536590291828,4.70019756119861,0.0301591504711407,0.999285360615371
TDP1,0.981618056664499,4.83430900449006,4.69244942106586,0.0302954314567891,0.999285360615371
MT2A,0.926154435606093,7.71783136562653,4.68916766205691,0.0303533472277316,0.999285360615371
UBE2K,0.476756110254644,6.97557671894643,4.68343750001212,0.0304547487238568,0.999285360615371
ACSL5,0.839531334243234,5.23176585406282,4.68276971640069,0.0304665888386986,0.999285360615371
SKIL,0.472114224532181,6.75829884804738,4.67300129506681,0.0306403370729303,0.999285360615371
RTL6,-1.60913112777111,3.69656358147615,4.66956337847872,0.0307017318398936,0.999285360615371
MCUB,-0.517396839364052,6.71237493552889,4.65968967714558,0.0308787718898675,0.999285360615371
ERCC5,0.994312389953854,5.84864945342974,4.6564989240131,0.0309362108909689,0.999285360615371
ZFYVE27,0.90638390479925,4.99714954285035,4.64738220866007,0.0311009421102893,0.999285360615371
SP100,0.496834827851201,8.51995414476486,4.64166967749222,0.0312046286042511,0.999285360615371
BRD1,-0.576331290579632,6.13505228741364,4.63355479124363,0.0313525398014759,0.999285360615371
TNFRSF1B,0.585163458017549,8.20282583342653,4.62628145870406,0.0314857333789705,0.999285360615371
NDUFAF4,-1.04776143061755,5.06276811434275,4.61397315567959,0.03171247667481,0.999285360615371
MX1,1.01483948896639,7.4208626779399,4.60835699436445,0.0318165028799367,0.999285360615371
RAD18,-1.60121031327911,3.87821565741058,4.58445679371454,0.0322631961190689,0.999285360615371
PILRB,0.979926884188125,5.27106477047723,4.57675182681825,0.032408592732349,0.999285360615371
TUSC2,-0.763458682170457,5.76570295955173,4.56696431459366,0.0325942749577822,0.999285360615371
PHLDA1,0.891536130693943,6.59871199079994,4.55981276261139,0.032730651532222,0.999285360615371
NFYB,0.6921150834471,5.64335650676201,4.55184315070608,0.0328833302715425,0.999285360615371
TMEM106A,1.45502753522183,4.04260712121201,4.54769581241114,0.032963077401938,0.999285360615371
ZFP62,-1.46016649365485,4.69593799461896,4.54087751107873,0.0330946224244301,0.999285360615371
TMEM14B,-0.41986114848545,7.16666603640342,4.52908674069641,0.0333233963895487,0.999285360615371
TDG,-0.750106954398657,6.24123383499368,4.52014956409824,0.0334979029122184,0.999285360615371
N4BP2,0.560024780130808,6.16844267044276,4.49479263265117,0.0339982368972141,0.999285360615371
MRNIP,-0.914710058132359,5.12982906417805,4.49341594432446,0.0340256237286965,0.999285360615371
ARMC8,0.703699946745134,5.72891128826871,4.4807322341908,0.034279031632311,0.999285360615371
TMEM214,1.09188884723605,4.69173803969071,4.47308277890821,0.0344328130373574,0.999285360615371
RGS9,-1.33187316894878,4.5905704803284,4.4724365555208,0.0344458374317191,0.999285360615371
SHISAL2A,-1.14983647190042,4.96133988400219,4.46512039799961,0.034593651636154,0.999285360615371
LIG3,-1.06001104251813,4.83056564928194,4.45971422821487,0.0347033028035347,0.999285360615371
IVD,-1.18314473692702,4.94861555103903,4.45872466911923,0.0347234129477517,0.999285360615371
ZGPAT,1.27233342074606,5.20167805324652,4.45597848793861,0.0347792855970092,0.999285360615371
CCDC126,-1.41010431167822,4.46291314647399,4.44907084961188,0.0349202415387746,0.999285360615371
PIGBOS1,-0.92061104499073,5.40782210165426,4.43980237802965,0.0351103114204763,0.999285360615371
METAP2,-0.408681861754982,7.31144803718079,4.43822655076672,0.0351427346051603,0.999285360615371
TRIM47,-1.55686906621522,4.30091609470224,4.43358414206992,0.0352384359081685,0.999285360615371
FBXO4,1.28188601831525,4.47764085817997,4.42935833415933,0.0353257861731948,0.999285360615371
SNRK,-0.725171001417556,5.97962962624528,4.40803961824401,0.0357699251742109,0.999285360615371
PRKRA,-0.869246856381347,5.40353820727121,4.40558754714818,0.0358213832351653,0.999285360615371
SCRN2,-1.45811680442717,4.49306272751975,4.40532855345989,0.0358268228813304,0.999285360615371
SPICE1,-1.50205592937523,4.36410046589738,4.39307008651922,0.036085278814114,0.999285360615371
EIF3E,-0.313572280350379,8.69497573098905,4.39234955304908,0.0361005310373773,0.999285360615371
CEP192,-1.06193370876226,4.89107114266846,4.389967329979,0.0361510058876559,0.999285360615371
SLC10A3,-1.43906087952071,4.47638676467989,4.38238196147691,0.0363122183036799,0.999285360615371
RRS1,-0.968787570579587,5.15072475957876,4.37364616001565,0.0364988137873347,0.999285360615371
CYB5A,0.768458744170782,5.59999313044981,4.37282792183634,0.0365163425775849,0.999285360615371
EDRF1,-1.00332227200513,4.89756548054879,4.36592315845428,0.036664612030374,0.999285360615371
FASN,-2.24295411793676,4.20245370569926,4.3540374400507,0.0369213183614239,0.999285360615371
MAP9,-1.46232586166574,4.27541245111431,4.34019104354408,0.0372227465358899,0.999285360615371
PLEKHM1,-0.940425402367595,4.94194464495082,4.33225459121648,0.0373966796703244,0.999285360615371
NOA1,0.961980254383102,4.80044826555944,4.32124472499614,0.0376393799981377,0.999285360615371
SLC25A20,0.947938458830115,5.04799209675906,4.31948633172161,0.0376782944038136,0.999285360615371
CCDC50,-0.780083529950255,6.01852813691377,4.31705806277953,0.0377321029172481,0.999285360615371
RABEPK,-1.48080769971168,4.28343462400142,4.30756140616268,0.0379433157636854,0.999285360615371
SLC37A1,-1.07648093501866,4.5155353437827,4.30151588948531,0.0380784177585376,0.999285360615371
ZSCAN26,-2.28173321462953,3.87167041167274,4.29476691104601,0.0382298361213909,0.999285360615371
ZNF140,1.23818235525209,4.28879368827324,4.28901705729098,0.0383593362541608,0.999285360615371
MOSPD2,-1.16740497517741,4.76014955163023,4.28786797771777,0.0383852712941957,0.999285360615371
TM9SF2,-0.495320752223371,6.47961730536806,4.27883476766047,0.03858979468932,0.999285360615371
RHBDF2,-1.02638849492949,4.90482433290294,4.27678755687611,0.0386363047559359,0.999285360615371
PLCG2,0.875205851915128,5.58340721700438,4.26470372228422,0.0389120343812957,0.999285360615371
SFR1,-1.58253539288842,4.07203824621751,4.25736709454701,0.039080448033159,0.999285360615371
STXBP4,1.40310608010915,4.11073262098725,4.25132196706537,0.0392197894731659,0.999285360615371
FHOD1,0.834099491825491,5.08725528813388,4.24893958067376,0.0392748470368355,0.999285360615371
RPS9,-0.375579860647996,11.0528662314252,4.24703248065828,0.0393189790334623,0.999285360615371
CRTC1,-1.4769184139959,4.17747372262259,4.2409809724605,0.0394593610834433,0.999285360615371
ITGA5,-1.13002078858479,4.61786920574845,4.23420307051763,0.0396172183946331,0.999285360615371
LINC00324,-1.31866023525162,4.92720919305587,4.22072702366549,0.0399330470579392,0.999285360615371
TIFA,-1.18267912550655,5.45830631183719,4.20264513139565,0.0403609766964341,0.999285360615371
TMEM69,-1.43611039665554,4.59588947548346,4.20087009290606,0.0404032437810752,0.999285360615371
TIGD1,-2.2602338881521,3.9637290297957,4.19833121304098,0.0404637801786244,0.999285360615371
ZFYVE1,-2.25435659533047,4.0147495059792,4.19802021446485,0.0404712020921158,0.999285360615371
SEPTIN2,1.19611729100157,6.74175599037023,4.18950491859037,0.0406749740690825,0.999285360615371
DESI1,0.697275459574068,5.94465428633243,4.1838804125062,0.0408101596559874,0.999285360615371
USP25,-0.669005279425734,5.55751527120107,4.18147949288662,0.0408680096076582,0.999285360615371
TRIM11,0.907365651423293,4.9475216774142,4.18087836720078,0.0408825071541084,0.999285360615371
TANGO2,-1.10643998312305,4.65299096293759,4.179433555436,0.0409173742498451,0.999285360615371
PGAP1,1.16856685549261,4.77996804585162,4.17811138764587,0.0409493089892468,0.999285360615371
CCDC28A,0.682200892254809,5.59917733718124,4.17771263314998,0.0409589453699459,0.999285360615371
ARL2,0.687912168696149,5.68479371311999,4.17574275000569,0.0410065849126079,0.999285360615371
C2orf42,-2.21978447743257,4.00181766974023,4.16848866015289,0.0411825197335378,0.999285360615371
PDIA4,-0.565757443404632,6.07096012907312,4.16332521948342,0.0413082325267705,0.999285360615371
MIS18BP1,-0.472756440822801,7.03815176539725,4.16295200325997,0.0413173347206569,0.999285360615371
ZNF263,1.17524077663399,4.27811378992304,4.16287017415652,0.0413193306935268,0.999285360615371
CMTM3,0.484335065915412,6.97307635138751,4.16130182963807,0.0413576052826917,0.999285360615371
HSDL1,1.23173526503886,4.27908809897699,4.16069146455659,0.0413725109740434,0.999285360615371
NISCH,-0.814216137295308,5.11776294706997,4.1583269741274,0.0414303073585671,0.999285360615371
DNAJC2,-0.55746689206197,6.02568168191156,4.14321669663404,0.0418016639473853,0.999285360615371
ALG2,1.03691731850385,4.78303729323248,4.14147846819878,0.0418446071392426,0.999285360615371
SUCLA2,-0.900732636365516,5.07823576030179,4.13799606512445,0.0419307799540238,0.999285360615371
ZNF678,-2.21870960410108,4.22721628164492,4.13766177043911,0.041939061952392,0.999285360615371
CTDSPL2,-0.641763692329455,5.69923606974668,4.13716788542718,0.0419513008743787,0.999285360615371
LIPE-AS1,-1.46481881794276,3.98172301930517,4.12978486539509,0.0421347069851261,0.999285360615371
GET1,1.37098906874808,4.02288931259276,4.11888832891176,0.0424069357869496,0.999285360615371
AARSD1,-1.17531167640617,4.73590677656958,4.11717018083692,0.0424500288409134,0.999285360615371
ZBTB33,-1.18526622358961,4.28056185953359,4.1071760256918,0.0427016077136487,0.999285360615371
C1QTNF6,1.37164690465729,3.8235156620668,4.09387106873348,0.0430389632519313,0.999285360615371
MCMBP,-0.648635376612373,5.78323311896935,4.09126019564389,0.0431054919029277,0.999285360615371
MTPN,0.346390143725603,7.51692530254914,4.08897941475571,0.0431636978586673,0.999285360615371
VPS8,-0.756775185444371,5.38167440698185,4.08610891081005,0.0432370711684495,0.999285360615371
HAUS1,-0.819948677301501,5.23373765504067,4.08429585316981,0.0432834825490655,0.999285360615371
HECTD4,0.827228850630505,5.24713809838153,4.08359612312771,0.0433014085325259,0.999285360615371
APTR,-1.61817177198054,3.8446420046436,4.08337735539195,0.043307014620186,0.999285360615371
TACO1,-1.33072305213148,4.54312297323857,4.08261291068106,0.0433266100859796,0.999285360615371
IFI6,0.856278088353705,7.78556851952984,4.0725900778295,0.0435843958967505,0.999285360615371
ASB8,0.815252423595433,5.61014019080725,4.07179327926811,0.0436049585578704,0.999285360615371
IMPDH2,-0.876199563288716,5.54455534517189,4.06599871930816,0.043754803796042,0.999285360615371
AUH,1.17615906120786,4.34514014215339,4.06598392887094,0.043755186963887,0.999285360615371
EMSY,-0.864385329533621,5.00628532537348,4.06258981280761,0.0438432099270975,0.999285360615371
DCXR,-0.642840242806611,6.40600325625829,4.05513559748902,0.0440371820870424,0.999285360615371
TMEM109,0.7011571079073,5.8154563986137,4.04832532936283,0.0442151871126005,0.999285360615371
NEDD9,0.588777966823834,6.23878991335137,4.04624180905699,0.0442697967834396,0.999285360615371
ABCE1,0.650183231743447,6.18313616807483,4.03528056197816,0.0445582658245532,0.999285360615371
CMAS,-0.796450863072683,5.28715670740258,4.03272394078498,0.0446258330325113,0.999285360615371
EMD,-0.625226805740556,5.98222052343665,4.03113787127269,0.0446678043971158,0.999285360615371
EDF1,0.330353987569751,8.71643593417044,4.03047983860658,0.0446852297827838,0.999285360615371
ZNF701,-1.23909067482949,4.39851885736232,4.02780591359931,0.0447561117480315,0.999285360615371
PPP1R37,-1.42068798687194,4.32273502338089,4.02501749854338,0.0448301547913934,0.999285360615371
CEP128,1.37016368416332,4.45251592073179,4.02011352894797,0.0449606869295419,0.999285360615371
POC1B-AS1,-1.33102158690953,4.18143756803371,4.01956303125541,0.0449753648486088,0.999285360615371
GGPS1,0.890809900297736,5.223326174248,4.01693075731271,0.0450456189475184,0.999285360615371
ABHD5,1.02363730792066,4.57123937147956,4.00879487192865,0.0452634933188738,0.999285360615371
SNHG30,1.29851824199131,4.54891625621738,4.00336521285383,0.0454095138126305,0.999285360615371
SLC25A33,1.13829002365955,4.30967494108615,4.00098658636451,0.0454736387301407,0.999285360615371
PELP1,0.841271064059072,5.06854072854485,3.99745984255056,0.0455688911383957,0.999285360615371
FIZ1,1.52026856984474,3.79158288534135,3.99200883471007,0.0457165289530644,0.999285360615371
OIP5-AS1,1.19475560592586,6.77663055868176,3.98566674435406,0.0458889357923543,0.999285360615371
UBE2G2,-0.545322581116409,6.66600911934158,3.98220493252089,0.0459833324837235,0.999285360615371
RAB30,-1.5861636420606,4.05386129229207,3.98004191194804,0.0460424175822192,0.999285360615371
XRRA1,-0.956369910474365,5.11360205959493,3.9773357802803,0.0461164509918925,0.999285360615371
TELO2,-1.36749935370237,4.43747051972577,3.97665092692881,0.0461352068564643,0.999285360615371
SPIN1,0.729350705931634,5.24074725659825,3.9684161207665,0.046361361488089,0.999285360615371
RSKR,1.85476480245398,3.69800782740029,3.959485972431,0.0466079337255504,0.999285360615371
TM9SF3,0.435774058700641,6.99139731527807,3.95896275598307,0.0466224231706054,0.999285360615371
SPECC1L,0.96943445606463,4.82828082247807,3.95683970809051,0.0466812655306452,0.999285360615371
TSHZ2,1.08570093549968,5.71302969150213,3.95629884805542,0.0466962685085771,0.999285360615371
ATXN7L1,-1.04657205188438,4.91267808219879,3.94629606220069,0.0469746552854952,0.999285360615371
PMS2,-0.923957361822357,4.76247994647801,3.94180786506753,0.047100134221817,0.999285360615371
COPS6,0.458699069609321,6.65204696916474,3.94163417196948,0.0471049973514027,0.999285360615371
KDM3A,0.876651779838265,5.10023225957052,3.93774233881218,0.0472141014416715,0.999285360615371
DPH6,1.45996714909076,4.2020727974554,3.92893995986404,0.0474618526251519,0.999285360615371
ZNF507,0.810824118874973,5.2105132307033,3.92360000299407,0.0476128186645447,0.999285360615371
SNHG32,1.22978179365703,7.14055423552611,3.91014775939881,0.0479953773223865,0.999285360615371
CEBPZ,-0.459829901160463,6.64129024749975,3.90806438578841,0.0480549143203385,0.999285360615371
RPL4,-0.29984040542897,9.80454371832696,3.90609030514223,0.0481113999424864,0.999285360615371
ZNF326,0.68841659701949,5.44533145711545,3.90297503049384,0.048200681848955,0.999285360615371
RPL3,-0.352902465311357,11.3505554189222,3.90093085765426,0.0482593616161005,0.999285360615371
SDHAF2,0.55198314356371,6.22336371332382,3.90035832481691,0.0482758101830683,0.999285360615371
TRMT10C,-0.672373495727976,5.71535808994615,3.89939931420237,0.0483033753105336,0.999285360615371
CCR4,1.29562161208482,5.24200155208537,3.89882672096274,0.048319841448078,0.999285360615371
SHPRH,-0.754649534970439,6.11976647010537,3.8908541719921,0.0485497256151155,0.999285360615371
PRKCZ,-1.19334692107277,4.42814767441118,3.88348500289354,0.048763238512415,0.999285360615371
CHCHD10,0.512532065163508,6.8379161319892,3.88034633223342,0.0488544785729847,0.999285360615371
SGTB,-0.864418095488522,5.22826805698047,3.8746003364739,0.0490219800252723,0.999285360615371
IFIT5,0.907350527377654,5.25983468727282,3.86406059600026,0.0493308022159689,0.999285360615371
DFFB,-1.34643111609217,4.00663232088821,3.86330408995662,0.0493530472874116,0.999285360615371
SLC25A38,-0.944892630530125,5.27879001462268,3.85724685823993,0.0495315427668307,0.999285360615371
FOXK1,-0.732548621980558,5.25870297065695,3.85713263230237,0.0495349153384774,0.999285360615371
CIAO2B,1.29028309582826,7.32688466559792,3.85262755566509,0.0496681233647826,0.999285360615371
CHD7,-0.775657248037356,5.50987203015858,3.83840666879206,0.0500911011108744,0.999285360615371
LMNB1,0.735835329086391,5.44923466477278,3.83670210774599,0.0501420554330421,0.999285360615371
TRIM73,0.794536303645242,5.27187600219557,3.83482577151709,0.0501982079548279,0.999285360615371
OSTM1,0.726653889411326,5.62682423019103,3.83107620749532,0.0503106191547837,0.999285360615371
WDR81,-2.16490437942799,4.2375038439086,3.82970565417278,0.0503517744427356,0.999285360615371
PTPN2,0.434014224582774,7.22458679362466,3.82585671860178,0.0504675415409515,0.999285360615371
TMEM35B,1.24271871648113,6.25464628372479,3.82127814317732,0.0506056210097334,0.999285360615371
RAD21,0.359519954796624,7.85444985980311,3.81533642061551,0.0507854055658466,0.999285360615371
FXYD1,-0.866152896340953,4.61962490915437,3.8114226347689,0.0509041976181986,0.999285360615371
NME6,-0.886427874024617,5.22502238374877,3.79651672266692,0.0513593222285191,0.999285360615371
GTPBP10,-0.974036951404236,4.75704712888309,3.79468827476136,0.0514154461115869,0.999285360615371
RAB5C,-0.552395095789469,6.58512698277317,3.78828909916536,0.051612378988459,0.999285360615371
UBA5,1.03951319045649,4.87020994495289,3.78198724105734,0.0518070968626384,0.999285360615371
INTS14,-1.12962001121526,4.34941490585009,3.77929347609442,0.0518905670746897,0.999285360615371
PCSK7,-0.478413935382058,7.43317709033929,3.77537352159514,0.0520122868102705,0.999285360615371
TNFRSF4,0.942128241323565,8.79686509709081,3.76832768060765,0.0522318295613237,0.999285360615371
MSRA,0.914192674667713,4.71650344987212,3.76539967072617,0.0523233522280132,0.999285360615371
DHRS4-AS1,-1.13264256884717,4.48544410770918,3.76277558191066,0.0524055192496352,0.999285360615371
URB1,-1.55153255951181,4.17873000196119,3.76161601140464,0.0524418719019484,0.999285360615371
C19orf25,-0.514063102044211,6.24037241599926,3.76139300411851,0.0524488662622401,0.999285360615371
LRRC57,0.852387249646814,4.80681137179322,3.75539638964532,0.0526373137039792,0.999285360615371
ASCC1,-1.15713603239337,4.65569183231967,3.74789262436843,0.0528741344024915,0.999285360615371
TOMM6,1.18331407517521,7.73862826984887,3.74090607701945,0.0530956457555328,0.999285360615371
DYNC1LI1,-0.529553019957278,6.31962944249623,3.73532407923869,0.0532733313676955,0.999285360615371
C15orf61,-0.706708392130004,5.87425236311314,3.73411005248232,0.0533120594485409,0.999285360615371
CASS4,-1.5249806304689,4.36641935548307,3.73336714300822,0.0533357733481727,0.999285360615371
WDR45,-0.859518808462714,5.10662772089291,3.73311495857399,0.053343825692412,0.999285360615371
CCDC88B,-0.663329957108522,5.96582993242205,3.73035254793381,0.0534321148454402,0.999285360615371
ZNF738,-1.312535298677,4.45252455298657,3.72918377389325,0.0534695165029876,0.999285360615371
NDFIP1,-0.353339057719609,7.35181133289279,3.72900568617158,0.0534752178792623,0.999285360615371
CDPF1,-1.54261477411665,4.081583745213,3.72899787849329,0.0534754678523366,0.999285360615371
GADD45B,0.818945739304491,6.87276676111871,3.71984246995691,0.0537694436373812,0.999285360615371
CDC42,-0.244842933028621,9.37627738395862,3.71936719327126,0.0537847512072449,0.999285360615371
ORC4,0.828940170892901,4.93410444062474,3.71868780447965,0.053806640775312,0.999285360615371
ZNF790,-1.342339215483,3.93598717881364,3.71759247246506,0.0538419517013384,0.999285360615371
S100PBP,0.759552669492209,6.20848863592989,3.70794569017027,0.0541540035438142,0.999285360615371
FEM1B,0.740245364905662,5.22014489131026,3.70767672552309,0.05416273135789,0.999285360615371
SYTL2,-0.73865438145459,6.13837234763158,3.6873472484881,0.0548267499540896,0.999285360615371
UBA6,-0.570412700967055,6.19850450214989,3.68286284795638,0.0549743815422016,0.999285360615371
ZC3H14,-0.77113514376438,5.34281401541726,3.67964075151442,0.0550807167906805,0.999285360615371
CBX7,-0.625804595151808,5.54709598456568,3.6744256567932,0.0552532871061317,0.999285360615371
STAMBPL1,0.779670511892653,5.1956515329115,3.67273782565271,0.0553092610735318,0.999285360615371
RARS2,-0.672872764967139,5.32426029352402,3.67171632333945,0.0553431666152124,0.999285360615371
AP4E1,0.933651495742724,4.51402617806148,3.66960511457372,0.0554133113878916,0.999285360615371
DENND11,1.23896812090028,4.33068467812438,3.66895247094002,0.0554350145019934,0.999285360615371
PPP1R8,0.804674208710256,5.02203738136591,3.66835428273319,0.0554549146642008,0.999285360615371
BRF1,-1.2113515653498,4.3153735666576,3.66566849854298,0.0555443571171248,0.999285360615371
VCL,-1.16306409631849,4.56804901160903,3.66177660363089,0.0556742372605946,0.999285360615371
FDPS,-0.486557496388544,6.68475206400603,3.65870206643957,0.0557770683123142,0.999285360615371
CACYBP,0.455616925176094,7.37677009388773,3.65705015417156,0.055832401394867,0.999285360615371
ZC3H12D,0.957890691580301,6.27653235623471,3.65499080284957,0.0559014637641031,0.999285360615371
SLC7A6,0.653017219401587,5.82015553226552,3.65271995715277,0.0559777238764338,0.999285360615371
RIOK1,-0.794178014614586,5.31327182695763,3.64612527866242,0.0561998143395796,0.999285360615371
RAB12,-1.44823022613918,4.13800569353879,3.64543009448401,0.056223280621945,0.999285360615371
MRPL14,0.537433609021684,6.34741438574551,3.63590795407433,0.0565457537587128,0.999285360615371
PRDX2,-0.483574255978396,7.56643006847476,3.62305440401294,0.0569841636966192,0.999285360615371
IDH3B,-0.616310681717585,6.15291150129851,3.61989380152278,0.0570925175155659,0.999285360615371
APLP2,0.793206782636324,5.77519337585142,3.61867923976916,0.057134214064734,0.999285360615371
ADCK2,-1.3673905897122,4.519590475277,3.60683290411805,0.0575426048164844,0.999285360615371
SSBP4,-0.558064797854463,6.96025550290218,3.60476462376069,0.0576142240241498,0.999285360615371
TMX3,-0.641110746955272,5.71676398700581,3.60412132920212,0.0576365189493646,0.999285360615371
POLRMT,-0.971533913791483,4.59645595830944,3.60034246616916,0.0577676696999816,0.999285360615371
RIOX1,-1.26244584018047,3.97379014102771,3.59964525319254,0.0577919020714201,0.999285360615371
KAT6A,0.391770624931247,7.03160205758492,3.59603880055082,0.0579174206145487,0.999285360615371
LAIR1,0.938771569476474,5.07476288069561,3.59427924717213,0.0579787649719977,0.999285360615371
TMEM138,-0.831327288788713,5.14163038248942,3.5898425412791,0.05813375112836,0.999285360615371
SETD2,0.451484416796972,6.59695088799105,3.58363503552128,0.0583513352515993,0.999285360615371
ELAC2,1.00888379100897,4.64563315287853,3.5829964557497,0.0583737676422666,0.999285360615371
NIPA2,-0.759739790301664,5.46867529031293,3.58243633196511,0.0583934515303629,0.999285360615371
POM121C,-0.810616393533828,5.39488349964196,3.5800878767159,0.0584760578285722,0.999285360615371
HMBOX1,-0.800428179976309,5.35746110672375,3.57982298572673,0.058485383089594,0.999285360615371
FLAD1,-0.728611958454738,5.25334234460672,3.57841808146986,0.0585348679670578,0.999285360615371
DTX3L,0.643976132076684,6.1663368712399,3.56891256649421,0.0588708514636562,0.999285360615371
PLEKHM2,0.765709176949516,5.29727627942696,3.56055536212028,0.0591679400378206,0.999285360615371
ZCCHC9,-0.669059513207271,5.59117545894585,3.55807383493023,0.0592564619163134,0.999285360615371
TP53BP1,0.854581352401425,5.19892037431674,3.55611684147375,0.0593263717516687,0.999285360615371
USP14,-0.555496657700513,6.22194701816179,3.54695783280225,0.059654727401399,0.999285360615371
CSE1L,-0.913714652440071,4.67647496553811,3.54621893229568,0.0596813015132696,0.999285360615371
RRP7A,0.92595927778973,5.85684349125613,3.54497902120045,0.0597259224602118,0.999285360615371
GABPA,-0.749315877617693,5.22374439838728,3.54374968735173,0.0597701977892431,0.999285360615371
COP1,-0.883935309547256,4.9646175362916,3.54316676914841,0.0597912041998273,0.999285360615371
ZBED2,1.44794625575548,4.03842675304042,3.52782981868362,0.0603467271253611,0.999285360615371
TMEM41B,-0.692323922068652,5.62074040941482,3.52374829505843,0.0604954880907886,0.999285360615371
PRRC2A,0.695267965863827,5.77756012610313,3.51317317852621,0.0608827419440692,0.999285360615371
GNPTAB,0.591686814952043,6.41727296257384,3.50877056414655,0.0610447398283329,0.999285360615371
FBXO5,1.23275078582015,4.03404136892916,3.50822681172691,0.0610647794630798,0.999285360615371
WBP4,-0.662514511429717,5.80639441001938,3.50785028178905,0.0610786603274141,0.999285360615371
PRKACB,-0.468090175520836,6.95051811328968,3.50779529489909,0.0610806877130251,0.999285360615371
FBXW2,0.694600841009705,5.54839201916561,3.50715776180322,0.0611041990088844,0.999285360615371
ELOA,0.822936906492939,5.37119512200377,3.50563951176916,0.0611602286641285,0.999285360615371
NOP10,0.262758023522534,8.29503700254108,3.5017951597304,0.061302345737066,0.999285360615371
EVI2B,-0.43346539477046,7.90672816658252,3.50112370238999,0.061327204052309,0.999285360615371
ZNF217,0.543377624345535,6.4869124816399,3.49397716016619,0.061592445280814,0.999285360615371
MCEE,0.948757902119482,4.58224626977633,3.49296297733132,0.0616301851534321,0.999285360615371
TRAPPC5,0.875993548303444,7.27652170018778,3.49176331473517,0.0616748589102879,0.999285360615371
CRYZL1,0.91140412416663,5.16827614885703,3.4910200857985,0.0617025530142379,0.999285360615371
RYK,-0.860762826820798,5.0889795779098,3.48502647213426,0.0619263708998192,0.999285360615371
FAIM,1.28309581454165,4.11029483719828,3.47876463337596,0.0621611288923701,0.999285360615371
ATF4,0.354484567318514,7.52186393303979,3.47078974434954,0.0624614829328628,0.999285360615371
PLSCR3,0.932901287189181,5.45841856210895,3.47031768898199,0.0624793101050135,0.999285360615371
R3HCC1,-0.900173182517552,5.09357336078985,3.47015874290272,0.062485313923967,0.999285360615371
ARFRP1,0.656214201729559,5.57768213082932,3.46856467699497,0.0625455600667513,0.999285360615371
AQP3,-0.655175065194193,6.86467492382909,3.46198734310815,0.0627947992223816,0.999285360615371
STRN3,-0.776124997256785,5.07332664058136,3.4607611362603,0.0628413816020472,0.999285360615371
GOLIM4,-0.796864192102526,5.189418273662,3.45881576501371,0.0629153598941938,0.999285360615371
PPP2R1A,-0.532166065525867,6.15666016672178,3.45821085250149,0.0629383823309249,0.999285360615371
IER3IP1,-0.512291546868875,6.34735502599591,3.45650975371353,0.0630031727894565,0.999285360615371
KLRD1,0.949730249919743,6.41525753230536,3.4563019385754,0.0630110928023353,0.999285360615371
SH3BP5L,-2.06338666574281,4.03672581006948,3.45589963053848,0.0630264281217639,0.999285360615371
CKS1B,-0.753709971474562,5.32938416117391,3.45438496254834,0.0630842004601645,0.999285360615371
TRAPPC4,-0.595796154367174,6.50008749823297,3.45320828863671,0.0631291200118826,0.999285360615371
TRBV28,-1.53767253579584,5.45127603404738,3.45222198884154,0.0631667982924869,0.999285360615371
MRFAP1,0.42287548857959,6.85603733787047,3.44427240856488,0.0634713620540178,0.999285360615371
TRPV2,-0.701704887141788,5.74952625992859,3.44273932414714,0.0635302773336245,0.999285360615371
IRAK4,-0.746086594464695,5.84646242372322,3.43976778045473,0.0636446376133012,0.999285360615371
ZC3H15,-0.301881986726469,7.53989467790643,3.43950847134366,0.0636546275684124,0.999285360615371
PIGU,-1.39781295551046,4.15823830014004,3.43128878811062,0.0639721612547299,0.999285360615371
GPX7,-1.10761274382701,4.94517480086984,3.4304285310526,0.0640054912622012,0.999285360615371
GADD45GIP1,-0.505059875643978,7.19031483125567,3.42771804964744,0.0641106279694603,0.999285360615371
NCBP2,-0.501925305877193,6.32318994073168,3.42309630090337,0.0642903257680043,0.999285360615371
DVL3,0.866646267612567,4.85015687765039,3.42249685477098,0.0643136721105593,0.999285360615371
UBE2Q2,-0.70083855459011,5.65465248934535,3.42020556504717,0.0644029932618919,0.999285360615371
DIS3L2,-0.964527666677354,4.84822134689285,3.41590695285998,0.0645709229170113,0.999285360615371
IMPACT,-0.913755881798735,4.56072567936315,3.41319054504385,0.0646772829834916,0.999285360615371
ABCA7,-0.954395587788424,4.75003171351124,3.41300490033532,0.0646845586624254,0.999285360615371
IL7R,-0.596244625852712,9.89428012689534,3.40959888480393,0.0648182003388871,0.999285360615371
TM2D2,0.850852831286001,4.91734690725939,3.4054262507,0.0649823234832205,0.999285360615371
ALAD,-1.14322982772493,4.22005841967724,3.40375492179264,0.0650481865751325,0.999285360615371
SLC44A1,-1.30805284113344,4.44066560201097,3.40112478523576,0.0651519783088152,0.999285360615371
TTC39B,-0.845780271969964,5.41118897809947,3.39000558467158,0.0655927269851026,0.999285360615371
PANK4,-1.19062820788832,4.43172203225851,3.38786969317285,0.0656777544135383,0.999285360615371
ADAR,0.402850867628616,7.66448628240563,3.38648109820759,0.0657330959271966,0.999285360615371
CCDC97,0.907333492559194,4.81824738633205,3.37775657731218,0.0660819470180578,0.999285360615371
DHRS3,0.872149292114444,4.96364340733823,3.37494128838219,0.066194938209537,0.999285360615371
MRPS17,1.1334040752862,4.9296877044974,3.37477302796627,0.066201697847023,0.999285360615371
PSMB4,0.360309990576811,7.14575351324954,3.37320390330596,0.0662647708416453,0.999285360615371
TGDS,1.15292766526213,4.59395699496351,3.37233739690493,0.0662996286920191,0.999285360615371
PXMP4,1.16049590483846,4.25606880654036,3.37161092268622,0.0663288684162626,0.999285360615371
PLSCR1,0.669365527947597,6.16359193888609,3.37132674015489,0.0663403101731486,0.999285360615371
NAB1,1.05062263765258,5.1929432659214,3.37055170931304,0.0663715251805906,0.999285360615371
XPO5,1.06984149903144,4.29321007743038,3.36553624291807,0.0665739068941008,0.999285360615371
DAP3,-0.467026846599292,6.36034376515752,3.36447048945482,0.0666169965354891,0.999285360615371
ZNF138,0.961470671688063,4.54936386505924,3.36392164811837,0.0666391984454822,0.999285360615371
ARHGAP35,0.743609432995441,5.69967694260534,3.35488806284142,0.0670057661780485,0.999285360615371
LGALS9,0.879196118843673,5.06727021949119,3.35409755950206,0.0670379458408129,0.999285360615371
POLI,0.940901014757488,4.45794720154847,3.35337725907328,0.0670672820768028,0.999285360615371
PNPLA6,-1.46294636364634,4.73861118489655,3.35330336481727,0.0670702924014554,0.999285360615371
MEI1,-0.700910164391994,5.36173220256515,3.35220671346454,0.0671149850648237,0.999285360615371
NRDE2,-0.815712504802009,5.11660316083174,3.34943557780316,0.0672280611403975,0.999285360615371
RYR1,1.1536588314248,4.52700635290766,3.34541338958048,0.0673925487567985,0.999285360615371
HERC2,0.587393515310625,5.81907981874318,3.34482726234537,0.0674165543503744,0.999285360615371
TIA1,-0.509187301007695,6.29518935430273,3.343643437572,0.0674650672916043,0.999285360615371
ARSK,1.16273275799026,4.06260092853881,3.34266052041842,0.0675053754261916,0.999285360615371
MAEA,-0.683658849812393,5.69472092568924,3.34004631810748,0.0676127057488062,0.999285360615371
COMMD7,0.457589579374162,6.90649262769955,3.33951775937472,0.0676344287488599,0.999285360615371
ARHGEF3,0.500125577649187,6.32373132185558,3.33293426154366,0.0679056271493547,0.999285360615371
SIGIRR,-0.523173788264956,6.88183565143451,3.33009177386305,0.0680230787955054,0.999285360615371
TRMO,1.14436432166599,4.66815750299103,3.31600628180096,0.068608305948789,0.999285360615371
RBM23,-0.460179728971013,6.26245352938872,3.31469266093662,0.0686631584544136,0.999285360615371
TRIM21,0.841158201997009,5.08713077311806,3.30949006347884,0.0688808631844437,0.999285360615371
SQSTM1,-0.358851713986576,7.55209477315291,3.30655803425936,0.0690038803761718,0.999285360615371
KIAA0930,0.814573170800321,4.6393024074225,3.30621882392003,0.0690181275619382,0.999285360615371
SLC4A2,-1.02024644778954,4.37255978569113,3.30239878370022,0.0691787907097417,0.999285360615371
NRF1,1.13656474627976,4.31939267592403,3.30104316007282,0.0692359016654093,0.999285360615371
SLC35F6,-1.08587831542629,4.61543171772671,3.30037490643151,0.0692640730325064,0.999285360615371
TNFAIP1,-1.41455067648047,4.03380192949306,3.29477669976908,0.0695005573676714,0.999285360615371
SECISBP2,-0.501354275821407,6.45430947813806,3.29411799153724,0.0695284398684771,0.999285360615371
POLR3A,-1.16249832869964,4.53795606547919,3.29178941618058,0.0696271022933679,0.999285360615371
NCAPD2,-0.906991303508917,4.54741965208242,3.29042728641543,0.0696848855981131,0.999285360615371
PNPLA8,-0.738031843154017,5.6355077883573,3.28671253948106,0.0698427310212474,0.999285360615371
XRCC6,-0.336965952615865,7.25029019985203,3.28292320144245,0.0700041403951435,0.999285360615371
FASTKD2,-0.801711745602648,4.92932501195374,3.28137255458137,0.0700703063466665,0.999285360615371
SNX17,-0.508920822500632,6.3544991021155,3.27947008196177,0.0701515761597058,0.999285360615371
DCAF17,-1.16573727525636,4.33326849391276,3.27325780178602,0.0704176559998352,0.999285360615371
BTBD1,0.756190845999417,5.1169576031525,3.27268753863749,0.0704421351987679,0.999285360615371
RPS20,0.266639594945286,10.8208592541507,3.27004486270905,0.0705556941331826,0.999285360615371
TDRD3,0.727573789714395,5.19110859440447,3.26464783588965,0.0707882204217479,0.999285360615371
CSTF2T,0.865725992663743,4.808173446774,3.26246061074863,0.0708826887835831,0.999285360615371
TCEAL4,1.01954156671568,5.01882749856816,3.26158070678787,0.0709207307716955,0.999285360615371
CASP8,-0.482768432583456,6.97687863564433,3.26144393317046,0.0709266460405163,0.999285360615371
ZNF100,-1.21953612971012,4.07353027909041,3.26030987087818,0.0709757130243516,0.999285360615371
THYN1,0.55153589731422,5.80483133656387,3.25797475109713,0.0710768602214512,0.999285360615371
AP1B1,-0.903509771942397,4.8964288216619,3.25575630365044,0.0711730967560528,0.999285360615371
PDLIM2,-0.626058045054794,6.18988813368611,3.25394678955718,0.0712516970985001,0.999285360615371
KLHDC7B,1.10070693813558,4.23103599050842,3.24708262521411,0.0715507043875607,0.999285360615371
LSS,1.31723460069382,4.17693104686617,3.24500569669053,0.0716414414903349,0.999285360615371
ZMYM4,-0.788674226283157,5.04136432651703,3.24255599739561,0.0717486228052847,0.999285360615371
CD3G,-0.238205155935436,9.46814425020517,3.24062961581756,0.0718330282087134,0.999285360615371
LAX1,0.691880860266081,5.41006323089824,3.24030526468411,0.0718472502878724,0.999285360615371
AFG3L2,-0.623767370160395,5.66591603765179,3.23683728075795,0.0719995025307819,0.999285360615371
ATP5PB,-0.367826174071755,7.3276032631031,3.229220479217,0.0723351127007324,0.999285360615371
SHFL,1.2205578742383,6.31894578539345,3.21562934825552,0.072938137504937,0.999285360615371
TCEAL8,-0.67506265305805,5.79234226145456,3.2043563681415,0.0734424001313406,0.999285360615371
GEMIN5,-1.95185034160619,4.022111958477,3.20127853783188,0.07358072674771,0.999285360615371
USF3,0.616620709689451,5.47324510407251,3.19891405018939,0.0736871835847161,0.999285360615371
EZH1,0.607373512256628,5.60346360575352,3.1959813142051,0.0738194545255297,0.999285360615371
VPS51,-0.493666689536855,6.32427057258119,3.19426113579091,0.0738971558025476,0.999285360615371
MTERF1,1.04842036024156,4.20891709853625,3.19212081872345,0.0739939575423833,0.999285360615371
ZNF354B,-1.97868738413533,3.94674187962515,3.19104090210805,0.0740428514103088,0.999285360615371
TTC13,-1.02944551012788,4.72994296827986,3.18651699302706,0.0742480514093375,0.999285360615371
MARCKSL1,-0.892921304928269,5.45240880507344,3.18454027467035,0.0743379049892437,0.999285360615371
PUS3,-1.16248862933352,4.35221169246215,3.18233834460817,0.0744381332694852,0.999285360615371
GCSH,-0.935574928504579,4.50815807409763,3.18021708470855,0.074534826822139,0.999285360615371
NUP50-DT,1.26394273494911,4.11149012380251,3.17422048151274,0.0748089008218834,0.999285360615371
ERAL1,-1.1405055553388,4.27647410844914,3.17369476995787,0.0748329799572053,0.999285360615371
USP24,0.71242536917835,5.24818019329727,3.16900860140424,0.0750479884879237,0.999285360615371
DNAJC4,-0.627991008369138,5.4939817471707,3.16857428181037,0.075067949306304,0.999285360615371
STX11,-0.724328936360612,5.11655313324922,3.16362589539406,0.0752957744574176,0.999285360615371
DPY30,-0.440008705412459,6.45180772989694,3.16259883171614,0.0753431537981444,0.999285360615371
CAPZA2,0.418264549561649,6.90775557923918,3.16051124831115,0.0754395545924267,0.999285360615371
CCDC18,-1.15355657531982,4.36764770582083,3.15971417556846,0.075476396913782,0.999285360615371
FBXO2,0.992359316663654,4.54162559534255,3.15075517659897,0.0758918327124695,0.999285360615371
IKZF5,-0.779674050682223,4.79443220140207,3.14960568076947,0.0759453133744444,0.999285360615371
MECP2,-0.450038379779289,6.76259952573652,3.14922845443155,0.0759628727779739,0.999285360615371
MICOS10,1.06403217477314,7.66738248798764,3.14379459020532,0.0762162970155153,0.999285360615371
RPS7,-0.201400161476727,11.4986246097932,3.14094158928712,0.0763497188660646,0.999285360615371
PSPC1,-0.561945568914432,5.68241656225664,3.13159225481896,0.0767887075374985,0.999285360615371
SH3BP1,-0.74974940163454,6.0571478912179,3.13047112154687,0.0768415312224854,0.999285360615371
CCDC88C,0.469056014946489,6.70762865893751,3.12878372626696,0.0769211087865965,0.999285360615371
MFN1,-0.698062331771442,5.14344693910142,3.12400363275543,0.0771470196243326,0.999285360615371
SLC7A6OS,0.597002723493945,5.58528686041606,3.12302485567181,0.0771933653430202,0.999285360615371
MARF1,0.68137933891787,5.67749445707516,3.11161951666341,0.0777356291953473,0.999285360615371
NGDN,-0.654848520193731,5.37154442251962,3.11033063232054,0.0777971661653895,0.999285360615371
CHMP5,0.374683064854727,7.10787985036469,3.10949159715385,0.0778372535413863,0.999285360615371
TMEM260,0.87621425601052,4.84589036181533,3.10801322773422,0.0779079410994198,0.999285360615371
RASGRP2,-0.688398254324826,5.82542957739396,3.10660631151582,0.0779752763221277,0.999285360615371
CHROMR,1.38206157072798,3.82853524658441,3.10580725290742,0.0780135472764303,0.999285360615371
NOM1,-0.864064056770673,5.22705145861995,3.10511780321048,0.0780465847545564,0.999285360615371
GXYLT1,0.843200375911859,4.76389256077693,3.10372159865489,0.0781135350881851,0.999285360615371
IL2RB,0.416300168228493,7.52651872386422,3.09627711117479,0.0784715558825485,0.999285360615371
NOL9,-1.15849327728246,4.95576620584728,3.0832876183206,0.0791004855735661,0.999285360615371
TTC19,-0.508880480961737,6.21072609060626,3.08109727467222,0.0792070722461006,0.999285360615371
ATR,-0.610431831622314,5.81827735096402,3.07712545987274,0.0794007438545213,0.999285360615371
DEDD2,-0.729207131998641,5.70532647322705,3.07486161456774,0.0795113605395275,0.999285360615371
RPL31,0.277983888532504,10.0013644058801,3.06985050554995,0.079756805842861,0.999285360615371
FEM1A,0.944557598236132,4.50561561314845,3.06880823053389,0.0798079592130253,0.999285360615371
XRCC1,0.728472534912912,4.94929481056862,3.06681572919261,0.0799058467603482,0.999285360615371
RABL6,-0.455291911628633,6.15902797067821,3.06648772362372,0.0799219734078894,0.999285360615371
EDEM2,-0.729236861472076,5.27774816379485,3.06144466336034,0.0801703614365962,0.999285360615371
CDK19,0.670258432634153,5.13482453385345,3.05653282773371,0.0804130862636741,0.999285360615371
CDK11A,0.596199063527316,6.08706098475598,3.05487838906982,0.0804950207930526,0.999285360615371
FNTA,0.466104123274361,6.3966233496078,3.04682825153412,0.080894982949172,0.999285360615371
CFAP97,-0.458663953286158,6.99233800314884,3.04273332338197,0.081099256782929,0.999285360615371
IDNK,-1.06903536469832,4.44762785358825,3.04239545471897,0.0811161360517029,0.999285360615371
GNL3,-0.610075742653085,5.78907366000051,3.04063700866999,0.0812040458360139,0.999285360615371
FARSA,-0.790033529872561,4.97065150803796,3.03869937614263,0.0813010326884208,0.999285360615371
ZNF26,-0.88177454328214,4.88565367590306,3.03826342552559,0.0813228711087254,0.999285360615371
ENOPH1,0.668129877234935,5.26143128727026,3.03802943766355,0.0813345950579628,0.999285360615371
JAKMIP2,0.951180765208746,4.51542233768784,3.03622157747272,0.0814252392835185,0.999285360615371
WRNIP1,0.74568346104168,4.93207859937548,3.03290351629796,0.0815918870979254,0.999285360615371
F2R,0.922409471184419,5.13213641099584,3.02645738910331,0.0819166931750917,0.999285360615371
TIPRL,0.495687097203108,6.22363924760119,3.02643003144664,0.0819180746365052,0.999285360615371
DGKA,-0.46998692259165,6.59514678379909,3.02428394821609,0.082026522357741,0.999285360615371
CNPPD1,-0.503587866341618,5.84869266791469,3.02253274528324,0.0821151304496842,0.999285360615371
RXRB,0.833698208615455,4.85757761939677,3.02024825501455,0.082230877354025,0.999285360615371
CAPN10,-0.814216923818838,4.99694462345088,3.01653020829152,0.0824196341158388,0.999285360615371
EIF3J,-0.325148147713498,7.29645326650164,3.01292010975651,0.0826033582147421,0.999285360615371
ZNF76,0.997689363265272,4.40257855654604,3.01170343872161,0.0826653762634588,0.999285360615371
RAP1GDS1,-0.630376089001686,5.50722880264604,3.00936614197721,0.0827846576889507,0.999285360615371
RNF145,0.539889900201382,6.47520998136843,3.00881661041598,0.0828127294158886,0.999285360615371
NELFCD,0.555016913109386,5.7929800201947,3.00523232657252,0.0829960777754708,0.999285360615371
SOCS5,-1.2450701910198,4.28394956594752,3.00164886723995,0.0831798222549389,0.999285360615371
CD8A,0.929880301357463,6.59674027464493,2.99770543990908,0.08338253225477,0.999285360615371
ZNF224,0.615773376101013,5.50776223424251,2.99686008861919,0.0834260565503699,0.999285360615371
TTC1,-0.404986034536655,6.51735288410774,2.99199374662504,0.0836770859021815,0.999285360615371
RFXAP,0.750897151465761,4.81370003212304,2.98745799100442,0.0839117969280101,0.999285360615371
ZNF669,-1.33919357626947,4.06237772966905,2.98721536112279,0.0839243722857993,0.999285360615371
CSTF2,-1.92644607385982,3.87469921440195,2.98691104763767,0.0839401475457701,0.999285360615371
CRADD,-1.04447098670166,4.54944102676657,2.98271531427704,0.0841579764880341,0.999285360615371
TBL3,-1.25326473917648,4.32766325876478,2.97973210462281,0.084313226676509,0.999285360615371
SEPHS2,-0.645040429721492,5.76802721038712,2.97937835194911,0.0843316569542903,0.999285360615371
B4GALT4,1.06813385109435,4.36038332820767,2.97932202774123,0.0843345918096914,0.999285360615371
LIPT1,-0.969614695648732,4.23697116261168,2.97925003264268,0.0843383433805597,0.999285360615371
GDAP2,-0.911962773450751,4.70542397466113,2.9762731713928,0.0844936217852257,0.999285360615371
DZIP3,0.630086796338859,5.52729776625934,2.97460729083256,0.0845806519286289,0.999285360615371
OMA1,-0.821131049364433,5.05951701819644,2.96996575316635,0.0848236500899311,0.999285360615371
KDM4B,-0.845111288200112,4.98305145080238,2.96983779402536,0.0848303598094025,0.999285360615371
OBI1,0.943802357169761,4.77392221356762,2.96911658951367,0.0848681879268959,0.999285360615371
KMT5A,-0.698400973340421,5.66148973131796,2.96771935405248,0.0849415266567519,0.999285360615371
GTF2F2,0.633864484127869,5.49560814031426,2.9658365973744,0.0850404580487398,0.999285360615371
RAB5IF,0.376982968973976,7.09789120375434,2.96374226560936,0.0851506532832882,0.999285360615371
C2orf74,0.714110813409267,4.99556071058828,2.96301938371947,0.0851887242331152,0.999285360615371
ALG1,1.0279390696116,4.2206276262596,2.96045723243572,0.0853238095829134,0.999285360615371
MDM1,0.882840798756375,4.93217860681101,2.95707842668327,0.0855023060727955,0.999285360615371
DNASE1,-0.679038243005977,5.48341763522864,2.95328256057979,0.0857033170549965,0.999285360615371
COMMD5,0.626289980255182,5.37107875934893,2.95278039980308,0.0857299473623453,0.999285360615371
GATD1,-0.935608102952307,4.8286839778993,2.95193871726496,0.0857746030758864,0.999285360615371
LLPH,-0.452514411386434,6.46588081381724,2.94885358820278,0.0859385008060283,0.999285360615371
TBC1D10B,0.784295518376645,4.87456410240073,2.94726916599847,0.0860228050337049,0.999285360615371
TRAT1,0.450504354116274,6.80359646848759,2.94327104540085,0.0862359358557976,0.999285360615371
BCDIN3D,-1.35395201626389,4.11819359865478,2.94261726068577,0.0862708419791587,0.999285360615371
PARG,-0.798081336291878,4.70218080062606,2.94143553936964,0.0863339738922206,0.999285360615371
KDELR2,-0.402898325680513,6.46135091812388,2.94020721319138,0.0863996486101369,0.999285360615371
FMNL1,-0.419353213965992,7.68568709433947,2.93629240586728,0.0866093220406757,0.999285360615371
ACAP3,-1.22975843621956,4.37302832529035,2.9337773705581,0.0867443155378521,0.999285360615371
NCBP2AS2,1.01762720985996,5.50621455598724,2.93298671810425,0.086786800531972,0.999285360615371
ZMIZ2,0.814805296051959,4.89491913597468,2.93250693429472,0.0868125922628143,0.999285360615371
HLA-C,-0.255516024751311,10.9119638336102,2.93246208695066,0.0868150035448483,0.999285360615371
PDE4A,0.757540657184195,5.39907635162135,2.93189412292292,0.0868455472233971,0.999285360615371
ARMCX3,0.5331938760721,5.7760019424005,2.92855067572582,0.0870255854125295,0.999285360615371
UBR1,0.786149164356467,5.37429062317553,2.92611877591659,0.0871567923949734,0.999285360615371
IKBKG,0.79660461137729,4.94420173586541,2.92483685964671,0.0872260411387189,0.999285360615371
SELENOI,-0.991326293185263,4.45629378450256,2.92476822547434,0.0872297504167618,0.999285360615371
C3AR1,-1.35086468394447,4.32186807879774,2.91820210923843,0.0875854019972663,0.999285360615371
PARVB,-0.780416726128475,5.04061796160277,2.91154682321843,0.0879474868215503,0.999285360615371
CD40LG,-0.498876159216033,7.52244753451415,2.90961374995815,0.0880529605122942,0.999285360615371
SLK,-0.612116839278533,6.31865416150346,2.90760736428118,0.0881625792953335,0.999285360615371
FCHSD2,-0.802842245650142,4.84794113065918,2.90406785991365,0.0883563206551805,0.999285360615371
TRMT1L,0.808748516478221,4.67461497693443,2.89842520592616,0.0886661366127808,0.999285360615371
LIPA,1.06673977484983,4.99343873306697,2.8891213725923,0.0891795481843358,0.999285360615371
SLC66A3,1.29939393696487,5.32347048835516,2.88592746958732,0.0893565391461562,0.999285360615371
PSMD10,-0.670652501622498,5.06320098345279,2.88513411146666,0.0894005623288285,0.999285360615371
NUS1,-0.732218235383142,5.33216789901937,2.88376407646858,0.0894766405138146,0.999285360615371
MTMR9,0.639146086603079,5.31829970308993,2.88300900062653,0.0895185999633466,0.999285360615371
RPS19BP1,-0.381048816908391,7.24602478695072,2.88271752219251,0.0895348030841213,0.999285360615371
UQCC1,1.19472022311749,4.25533336305796,2.87730891117072,0.0898360425871576,0.999285360615371
CD200R1,0.746714701185439,5.0897229031639,2.87668866324526,0.0898706582937838,0.999285360615371
EEF2K,0.947644295453562,4.37188452520831,2.87503349638959,0.0899631031224546,0.999285360615371
TFDP2,0.850320029905588,5.21734810581176,2.87480450407512,0.0899759009848869,0.999285360615371
FLOT2,-0.562943361125191,5.85649130917079,2.86909254261291,0.0902957695888191,0.999285360615371
ARMT1,0.677251588719856,5.0123953220814,2.86790567541648,0.0903623885994668,0.999285360615371
WDR43,-0.597303908665321,5.86526815315868,2.86721058580535,0.0904014288338414,0.999285360615371
TOX2,-1.16772444676281,5.55895179145743,2.86624823551353,0.0904555101837945,0.999285360615371
SART3,0.699005583618784,5.26180732389577,2.86453954479225,0.090551620279876,0.999285360615371
PKIA,0.629985002427839,5.37943847528047,2.86020205279361,0.0907960928061431,0.999285360615371
MXD1,-0.864179652492426,4.88436491815107,2.85795939798253,0.0909227756619275,0.999285360615371
CETN3,-0.974703595762619,4.52297890308088,2.85392166318277,0.0911513428170107,0.999285360615371
PUS1,-1.11679401431173,4.40360503177109,2.84586745297605,0.0916091393479548,0.999285360615371
PLEKHO1,0.459645873607571,7.28356217455041,2.84439117304729,0.0916933206843389,0.999285360615371
ANKMY1,-1.16390025044876,4.05414412108036,2.84403524224012,0.0917136293561461,0.999285360615371
TMEM129,0.96338173147005,4.58624970968689,2.8422931053685,0.0918131025682183,0.999285360615371
SESN3,-0.824785491719392,5.57355951045587,2.84166693748927,0.0918488843715524,0.999285360615371
CDS2,0.528405817751256,5.69759810606669,2.84064224536793,0.0919074721673997,0.999285360615371
IPMK,1.16495839302856,3.9328224595564,2.83975574395681,0.0919581915250091,0.999285360615371
CALM1,-0.170525109716808,10.4918098077533,2.83913710993782,0.0919936034121006,0.999285360615371
ZDHHC4,-0.765936003184898,4.99130165061224,2.83689265706542,0.0921222049516797,0.999285360615371
PRORP,0.943916532473014,5.1237155836875,2.83559050167032,0.0921969047196851,0.999285360615371
TMEM219,-0.394418355929925,6.71794020321988,2.83009923336771,0.092512642949784,0.999285360615371
SLFN13,0.708131159435084,4.87130862708316,2.82642168444547,0.0927247523890178,0.999285360615371
MGST2,0.978126155399268,4.36255500801747,2.82188915537801,0.0929869018707063,0.999285360615371
LETM2,1.27206811783673,3.8491303773132,2.81922350451624,0.0931414522180473,0.999285360615371
EMC8,-0.780746500174045,5.26283720165658,2.80536455018931,0.0939494870731225,0.999285360615371
PSTPIP2,0.953902828262133,4.09621072847428,2.80419300908179,0.094018141465969,0.999285360615371
DNAJC7,-0.375045844002235,6.89666945437488,2.80413859853763,0.0940213313465384,0.999285360615371
SREBF2-AS1,1.2132574082549,3.78962622675243,2.79777169340705,0.0943954127079009,0.999285360615371
CNOT8,0.472970831404278,5.79144758362203,2.79436934251251,0.094595978202473,0.999285360615371
MATK,0.577186399718651,5.64907042994511,2.79395762424655,0.0946202800563352,0.999285360615371
TRIOBP,0.633628164017588,5.23875349687556,2.79082085050514,0.0948056527483128,0.999285360615371
PPP6R2,-0.455282334973339,6.39962135665722,2.79043325706031,0.0948285856297281,0.999285360615371
IFI16,0.335969444298968,8.40394798005719,2.78858034011552,0.0949383012933645,0.999285360615371
STUB1,-0.407267148280193,6.9944560845013,2.78810974808019,0.094966188174789,0.999285360615371
CASP3,0.592623520869928,5.86748204015961,2.78717697555346,0.0950214898325009,0.999285360615371
PARD6B,-1.11412973195442,3.93470499290916,2.78242516586966,0.0953037569975082,0.999285360615371
MCM7,-0.783152356591615,4.92891027034886,2.78079702640029,0.0954006816640838,0.999285360615371
MAP1S,1.02439025101286,4.67213057426187,2.77976393431598,0.0954622382563033,0.999285360615371
RPUSD1,-1.3582887646121,4.41307487603053,2.77955233095962,0.0954748519369427,0.999285360615371
CRYBG1,-0.561446600693016,5.95191901656674,2.77840182613208,0.0955434653204653,0.999285360615371
MTURN,1.08370682953619,3.95322054454651,2.77623377392807,0.0956729087943486,0.999285360615371
RPL23,0.265155265943576,10.5667889688302,2.77614005033889,0.0956785088623164,0.999285360615371
ADD1,0.434596930239277,6.60556105564611,2.77327148607457,0.0958500809191426,0.999285360615371
SRP54,-0.548468757926943,6.20888701017992,2.77182806269799,0.0959365403974197,0.999285360615371
DRG1,-0.757218644347123,5.00253457173131,2.75960217019,0.0966722745914287,0.999285360615371
SPAG7,-0.435470863478492,6.40605172948776,2.75860673228255,0.0967324485053562,0.999285360615371
TMEM254,-3.15364452537641,4.12734525807764,2.75565826921189,0.09691092182739,0.999285360615371
SNHG7,-0.39740507721072,6.75719356574759,2.7521211974433,0.0971254978677533,0.999285360615371
LETMD1,-0.597494936618246,5.63899563022922,2.75160384594721,0.0971569263245595,0.999285360615371
FMC1,0.602820418230682,5.6828217386676,2.75145954391822,0.0971656944696527,0.999285360615371
CTSC,0.397155578985988,8.37138153267331,2.75142172050992,0.097167992855356,0.999285360615371
ARHGAP4,0.516158570922269,6.4925312671882,2.74514539378217,0.0975502037187153,0.999285360615371
SPTLC2,0.585202050121288,5.51268679930782,2.74397184081912,0.0976218515726711,0.999285360615371
YBEY,-0.715002092076799,5.00908443205898,2.7424103765898,0.0977172712000072,0.999285360615371
EXOC1,-0.60636620133765,5.636112987282,2.73840125634142,0.0979627309574628,0.999285360615371
EIF4EBP1,-0.912122797005139,5.36423022624652,2.73452377511562,0.0982007709223219,0.999285360615371
LAT,-0.314769902674108,7.88293136139693,2.73417882737652,0.0982219779290211,0.999285360615371
ERO1B,-0.812950462367854,4.82828239982584,2.73395449762088,0.0982357721559897,0.999285360615371
CHI3L2,-1.53058697219805,4.72650417169065,2.73294104651532,0.0982981164691028,0.999285360615371
RWDD3,0.712899599416421,5.51339557788568,2.7304728583677,0.0984501322606824,0.999285360615371
WDR12,-0.922461984748954,4.42759168388267,2.72920493393102,0.0985283234754125,0.999285360615371
LINC01089,0.879174649337771,5.32466134138331,2.72662032908228,0.0986879225450024,0.999285360615371
STK25,-0.875559423122776,5.32544698935783,2.7217255637012,0.0989909473639001,0.999285360615371
ZNF419,1.18019253543155,3.94893930986301,2.71506222948194,0.0994050940260383,0.999285360615371
PRMT5,-1.35543228183089,3.83160675736618,2.71124235344343,0.0996433637472583,0.999285360615371
WDR33,0.472234813475839,6.39093790030447,2.71095072585569,0.0996615800001685,0.999285360615371
AKT1S1,-1.01435866055843,4.41271374034434,2.70849956460106,0.0998148333751967,0.999285360615371
NDUFA10,-0.417672425001107,6.41042891235704,2.70836719441878,0.0998231168454776,0.999285360615371
SHOC2,-0.420652972788962,6.46732723548461,2.70673726212832,0.0999251764163006,0.999285360615371
TOLLIP,0.77396373988622,5.01896803629469,2.70587929221277,0.0999789446938526,0.999285360615371
SRSF11,-0.253834659871903,8.10594498395083,2.70577061831309,0.0999857574531503,0.999285360615371
ENSA,0.337439618580862,7.21177459555928,2.70515128980036,0.100024592794537,0.999285360615371
NR4A2,1.54776578938058,5.5651505687269,2.70366158769382,0.100118072888892,0.999285360615371
UBAC1,0.575367619786768,5.47945421484529,2.70222269355205,0.100208455342615,0.999285360615371
ZYX,-0.551184149964421,6.48075103769096,2.70136560495436,0.100262334713598,0.999285360615371
PTAR1,-0.516504450351432,6.02887407109626,2.69528727636659,0.100645347447712,0.999285360615371
MCM8,1.07363836133128,3.92610684987251,2.69185460034453,0.100862356220378,0.999285360615371
TNFRSF10B,1.19140885821461,4.17692708102572,2.69108614904917,0.100911006601933,0.999285360615371
KANSL3,0.869073624403661,4.66427184751114,2.68894658076936,0.101046597072624,0.999285360615371
MOB4,0.553271311331937,5.781418250187,2.68849668147985,0.101075133787149,0.999285360615371
MRPS18B,-0.553312637111637,5.87692051601972,2.68579566412748,0.101246642223789,0.999285360615371
EMC9,0.852664180975222,4.83657680486307,2.68533265394002,0.101276074239119,0.999285360615371
PUF60,-0.406473685841401,6.57922621334688,2.68446845429816,0.10133103355338,0.999285360615371
NSMCE1,-0.432863665218293,6.09489264786776,2.68278574102716,0.101438140320072,0.999285360615371
SMG6,-0.586025386487384,5.78946606222144,2.67664487869608,0.101830065062375,0.999285360615371
TTF2,0.961665586510239,5.32332876796743,2.67625260362355,0.10185515721115,0.999285360615371
NUDCD3,0.482570342358849,5.88000632611046,2.67541073747329,0.101909030595776,0.999285360615371
AURKAIP1,-0.435811483562676,7.28126553988327,2.67388194928185,0.102006941745791,0.999285360615371
RPL14,-0.202992063834605,11.480039527578,2.67380171225096,0.102012083362313,0.999285360615371
RPL28,0.165079818573769,12.7016372640241,2.67257877355199,0.102090484786021,0.999285360615371
HERC5,0.829547327233717,6.10521286623567,2.67249694001587,0.102095733407206,0.999285360615371
SKP1,-0.245769203922769,8.83543925477786,2.67109457041877,0.10218572415663,0.999285360615371
PITPNC1,-0.60757446978951,6.06628720922785,2.66997371087377,0.102257712650088,0.999285360615371
PREX1,0.391105570357101,7.2804008428704,2.66676666677033,0.102463995363243,0.999285360615371
SEMA4D,0.442954855709813,6.7557070177345,2.6634823434976,0.102675720725806,0.999285360615371
L3MBTL3,-0.627383421846436,5.15872383540132,2.66318274176848,0.102695058494939,0.999285360615371
MRPL12,-0.746363661086954,5.36819752593273,2.66277942180143,0.102721097042487,0.999285360615371
PDXK,-0.570961171474842,5.64494619087048,2.66180496847197,0.102784038073799,0.999285360615371
PDCD7,0.497870147080447,6.34248936706089,2.66135335407408,0.102813222662811,0.999285360615371
BRI3BP,-0.821042997966402,4.64029679586663,2.66113716017459,0.102827196928172,0.999285360615371
MARK2,-0.531027811147036,5.90747441734674,2.66006534439793,0.102896507280373,0.999285360615371
HDDC2,0.481584867856206,6.11363323911916,2.65877785496933,0.102979832044924,0.999285360615371
RAB33B,0.982047015499624,4.40916028853727,2.65759932314102,0.10305616994036,0.999285360615371
ATAD3B,-1.02673813079275,4.22260844771666,2.65657314402961,0.103122689823406,0.999285360615371
MFSD10,-0.466839345754265,6.56006406693106,2.65546561204366,0.103194535966029,0.999285360615371
RSAD2,1.00169229236846,5.59349892576329,2.65399252288442,0.103290180889868,0.999285360615371
ZC3H18,0.527440656208593,6.04825355492457,2.65182377827909,0.103431170052654,0.999285360615371
U2AF1L4,0.594606820820882,5.59805630809364,2.65095366897321,0.103487794690616,0.999285360615371
MTM1,-1.17116116435146,4.67887463677335,2.6501080536413,0.103542857837165,0.999285360615371
DYNLT3,0.610808268182608,6.14207233627348,2.6500661984925,0.103545584112862,0.999285360615371
APOBR,-1.02698142313064,4.61805047277621,2.64974380264543,0.103566586313046,0.999285360615371
TBC1D10C,-0.360422100638181,7.76000333049401,2.64777899951513,0.103694682586518,0.999285360615371
ETFDH,-0.722995868226743,4.81242004537963,2.64135369205027,0.104114796310922,0.999285360615371
RPS17,0.47996618375856,9.9718302294481,2.64113692528417,0.104129001900531,0.999285360615371
IFI35,0.672491777636135,6.29229580231453,2.64001267569858,0.104202712517245,0.999285360615371
TTI1,-1.04696305915845,4.02956665663971,2.63623896463941,0.104450551350581,0.999285360615371
CD48,0.26724395281597,9.15444935690017,2.63583212049558,0.104477309412883,0.999285360615371
TRIM5,0.752730511690518,4.63733989435377,2.63545668191366,0.104502008599446,0.999285360615371
PFKL,-0.552086587046726,5.7877211624955,2.63176190960392,0.104745420168469,0.999285360615371
TRGV10,-1.02326590576241,4.04182932916255,2.63033181379473,0.104839801556828,0.999285360615371
SH3TC1,-1.03297832541581,4.44132493303793,2.62967192187294,0.104883383561635,0.999285360615371
NUP42,0.994782514200955,4.86064982738022,2.62583371775929,0.105137268389696,0.999285360615371
IL12RB1,-0.572082011694246,5.77731021218505,2.62282110165402,0.105337015030752,0.999285360615371
PER3,-1.17970879832688,3.75431084209144,2.61970373332434,0.105544145089952,0.999285360615371
STK26,0.625310449737559,5.46672580394833,2.61739657815102,0.105697728934181,0.999285360615371
ATP13A1,-0.766363851252321,4.8637738457573,2.61161055490176,0.10608397468862,0.999285360615371
PIGP,-0.661730535246291,5.2135035691161,2.61148514750168,0.106092363372445,0.999285360615371
EPN2,-1.8297016327212,4.01440802413877,2.60956382512311,0.106220974417933,0.999285360615371
ZNF529,-0.917379105081136,4.55461354996336,2.60881451066739,0.1062711789785,0.999285360615371
NQO2,-0.698962262374778,4.92346475059923,2.60498581397915,0.106528110741948,0.999285360615371
ITPRIP,-1.0166868401508,3.97618184588615,2.6043437458786,0.106571264584656,0.999285360615371
LPIN2,0.312092919022733,7.38222145216875,2.59540686688699,0.107173913991953,0.999285360615371
PCBP1-AS1,1.00444013556854,4.77490940984891,2.59441252106658,0.107241197545977,0.999285360615371
MRPS6,-0.528040222952149,7.31261229511526,2.59171420574735,0.107424015867909,0.999285360615371
PRR5,-0.727067130214202,5.53631455655785,2.59145611469705,0.107441520166059,0.999285360615371
ADGRE5,0.396995297857459,7.73091466202004,2.58951097727539,0.10757354438873,0.999285360615371
SLC35E2B,1.09193011283784,4.81618838032282,2.58495369880654,0.107883562996623,0.999285360615371
RAC1,-0.232433505522272,7.98802876696113,2.58465198936673,0.107904122018459,0.999285360615371
TMX2,-0.580079830486642,5.50712604046077,2.58361910281396,0.10797453733741,0.999285360615371
LINC00847,0.741125813015294,4.8948777959683,2.58309530912541,0.108010265378851,0.999285360615371
RAD51-AS1,0.907471667680825,4.6073394793649,2.5813879998502,0.108126811333301,0.999285360615371
CACTIN,-1.32320098125114,3.99993504956812,2.5813035857975,0.108132577266508,0.999285360615371
ENTR1,-0.613683968061701,5.31919920016897,2.57785246267431,0.108368596857992,0.999285360615371
PBDC1,-0.598025842678196,6.12544792152873,2.57702015673086,0.108425602247064,0.999285360615371
PITPNA-AS1,-0.831828645906292,5.10336275376479,2.57641574037445,0.108467019915151,0.999285360615371
SLC25A32,-0.691070298102544,4.83166865549429,2.57300737379446,0.108700904004776,0.999285360615371
ZNF561,0.850815202951633,4.27447822524807,2.57181568120996,0.108782809308988,0.999285360615371
TSC22D1,-0.911215128507957,4.49736661837194,2.56758696404921,0.109073997667553,0.999285360615371
PCMTD1,0.389993866199262,6.71133578913494,2.56476173285112,0.109269019566374,0.999285360615371
PPP1R14B,-0.49405846193607,6.9581239431852,2.56193403521336,0.109464595503537,0.999285360615371
ST6GAL1,-0.571762865543845,5.90556195657575,2.56083968328919,0.109540388906385,0.999285360615371
PRPS2,0.803131691525424,4.6990639189863,2.55469247143031,0.109967210488748,0.999285360615371
WRN,0.701944450640602,4.87047027199248,2.55205570644956,0.110150850028867,0.999285360615371
LSM4,-0.387975608691282,6.69276725981404,2.55140807831836,0.110196006158824,0.999285360615371
TCTN3,0.912068671765851,5.14455150299224,2.55004844117704,0.110290873647345,0.999285360615371
HDAC10,-0.809014497238524,5.09280868932739,2.54620868847449,0.110559274391003,0.999285360615371
MFSD1,0.726030244275593,4.94397940878043,2.54492428349439,0.110649215264699,0.999285360615371
GOLGA3,0.525488005457037,5.6819648017755,2.54324171655946,0.110767159359756,0.999285360615371
OSBPL8,-0.340177014465078,7.18704358532794,2.54270026100847,0.110805143564866,0.999285360615371
SNHG16,0.949135306216013,5.92003020277041,2.54157125220958,0.110884391922418,0.999285360615371
TVP23B,-1.19366089461492,4.13429895264428,2.5399219711078,0.11100027178779,0.999285360615371
HSF1,-0.621223957991884,5.41892161975911,2.53836336518426,0.111109903207078,0.999285360615371
IDH3G,0.530666984044019,6.25505578404091,2.53508675617202,0.111340766693049,0.999285360615371
AUP1,-0.45894725570554,6.21154130426443,2.53332562515241,0.111465070636923,0.999285360615371
CPLANE1,0.95642643464001,4.44599420071469,2.53179929107846,0.111572925729629,0.999285360615371
ENO2,0.763392087610056,4.50076255228284,2.53062572222983,0.111655931548242,0.999285360615371
NDUFB9,-0.277330838656484,7.25550988800204,2.5288275769776,0.111783245180652,0.999285360615371
PSMD3,-0.726535786566943,5.6418261000892,2.52878157228561,0.111786504535334,0.999285360615371
FAM89B,-0.353997720299958,7.14222030760372,2.52833630988584,0.111818056031052,0.999285360615371
REEP3,-0.610792514393887,6.05941934818522,2.52696982452023,0.111914947033218,0.999285360615371
ANKRD37,1.27634932240886,4.01448178381345,2.52655359090063,0.111944478549526,0.999285360615371
CBR4,0.778216195714663,4.79745387535026,2.52315116193803,0.112186200743904,0.999285360615371
MSTO1,-1.19499866054287,4.10004196354577,2.52008190287123,0.11240474636818,0.999285360615371
ISCA1,-0.607739638796358,5.8014852278138,2.5140222637344,0.112837599125292,0.999285360615371
ITPA,-0.528513153246739,6.2470114505975,2.51396230379405,0.112841891353454,0.999285360615371
SNX16,-1.28540903783125,4.02797676800404,2.51332018003361,0.112887869017576,0.999285360615371
RB1CC1,0.357204726284699,6.70490982477617,2.51331095355394,0.112888529806939,0.999285360615371
RAB35,0.595180616734677,5.52085422646409,2.51169717686585,0.113004172132821,0.999285360615371
TMOD3,0.367016242140359,7.4661344148134,2.50971383402325,0.113146476175734,0.999285360615371
NCOA1,0.591233229142494,6.02131330049542,2.50764484632741,0.113295135667605,0.999285360615371
SAMD8,-0.658023584748683,5.09067294591008,2.50719149805028,0.113327738078379,0.999285360615371
ZNF548,-1.78238907301022,4.13735305210978,2.50697728541712,0.113343146714914,0.999285360615371
TAB2,0.400262869798768,6.86019133846062,2.50665825207836,0.113366099542345,0.999285360615371
NDUFB7,-0.278992585493296,7.45087837944027,2.50469920257124,0.113507155554377,0.999285360615371
TSC22D2,-0.617335138075053,5.24159364435738,2.50463252185039,0.113511960120472,0.999285360615371
PGPEP1,0.760701640729409,4.76169569923207,2.5036761817023,0.113580892251974,0.999285360615371
ASF1A,0.58719741296652,5.61968472133478,2.50034364896913,0.113821458968731,0.999285360615371
AK9,0.980716651295768,4.33226616361501,2.49996152042536,0.11384907969244,0.999285360615371
IQCB1,-0.740251985173962,5.18137569877182,2.49975004778128,0.113864368372689,0.999285360615371
RPS5,-0.235014455482187,10.7794294457132,2.49853261615454,0.113952428154963,0.999285360615371
CHML,-0.921285423204367,4.39690746839742,2.49628388943929,0.114115281511648,0.999285360615371
GPATCH3,1.11240331960911,3.97214028163447,2.49323731908314,0.114336324403126,0.999285360615371
RGS16,0.844270787206309,6.18093321840577,2.49201531816498,0.11442511890956,0.999285360615371
CDKAL1,-0.793331596039158,4.71474769386454,2.4904427616584,0.114539497834381,0.999285360615371
RHBDD2,0.5993441907578,5.65122273648619,2.48960157839757,0.114600732541347,0.999285360615371
CLYBL,-0.92422343157851,4.14433997567231,2.48904301561602,0.114641413579757,0.999285360615371
USP36,0.536631607794734,6.29488687453415,2.4867948215802,0.114805314378233,0.999285360615371
TSIX,-1.75397543398761,4.22129689597469,2.48669113286638,0.114812879862402,0.999285360615371
CEP97,-1.10008391912216,4.63906626766962,2.48584979261891,0.114874287272566,0.999285360615371
CISD3,-0.451054326399711,6.21726986545298,2.48563013678358,0.114890325389995,0.999285360615371
PTP4A2,0.227188604054966,8.33226776347186,2.48547250244112,0.114901836545664,0.999285360615371
TMEM97,1.08226826580769,3.93434988929077,2.48478537852024,0.114952028231423,0.999285360615371
MX2,0.650299454226556,6.36619620478719,2.48382850367547,0.115021964456779,0.999285360615371
POGZ,0.481880607332287,5.68964563387177,2.48375641205527,0.115027235402216,0.999285360615371
BCL2L12,1.01958350067215,4.18477198489067,2.48302178109144,0.115080962802312,0.999285360615371
AP1G1,-0.583036631410926,5.616261394329,2.47920612412535,0.115360467515777,0.999285360615371
RCHY1,-0.63664542919021,5.1438178413029,2.47895549693066,0.115378852673483,0.999285360615371
THRA,0.952165020796736,4.41017661572311,2.47676383097161,0.115539763674075,0.999285360615371
ACAT1,0.588183832923795,5.76195830196581,2.47437828098901,0.115715191112801,0.999285360615371
CASP10,0.972660091096492,4.43104413282356,2.4737662230888,0.11576024771369,0.999285360615371
HECW2-AS1,1.30014108263376,3.91527464423633,2.47214765527792,0.115879491824319,0.999285360615371
DHX38,-0.609356387971877,5.77730691321452,2.4688475786545,0.116123037398606,0.999285360615371
FAM120A,0.367242658820148,6.58793098244439,2.46845161457822,0.116152297490125,0.999285360615371
JAGN1,-0.611900451560846,5.66622799360922,2.46464547782661,0.116433970710846,0.999285360615371
SP140,0.397278561540057,6.42636378593435,2.46334989833983,0.116530022110722,0.999285360615371
KRT10,-0.334044458338439,7.7545955574418,2.46226156770225,0.116610776174307,0.999285360615371
SLC16A6,1.05983387891058,4.13641358228144,2.46201079336717,0.116629392374501,0.999285360615371
BNIP2,-0.386150086770876,6.35690868814545,2.45808909067015,0.116920946958362,0.999285360615371
IL32,0.365447830510297,11.1911312685294,2.45476484217145,0.11716871506158,0.999285360615371
GABARAPL2,-0.289843437165273,7.47511837316177,2.4544922954126,0.117189054660034,0.999285360615371
MYL5,1.22254003727216,3.89739915011224,2.45424280620565,0.117207676941512,0.999285360615371
MAST3,-0.772222451732206,4.93023512844273,2.45345266373438,0.117266676044406,0.999285360615371
BIN2,-0.33120583403834,7.09208864284388,2.45202161151563,0.11737361475983,0.999285360615371
SMIM29,-0.506960667104361,5.83279974667224,2.44848755915418,0.117638167063954,0.999285360615371
TRGC1,-0.98431052029753,5.06153202181998,2.44799767525085,0.117674890802067,0.999285360615371
MARK3,-0.436664064728031,6.2687505086496,2.43834923299155,0.118400767275032,0.999285360615371
CREB3,-1.02341022566801,4.78199138877859,2.43725376507439,0.118483494546779,0.999285360615371
MRPL40,-0.743888424215415,5.40903047561041,2.43691369024005,0.118509189233669,0.999285360615371
VARS2,-1.78932398853515,3.7496556193481,2.43582638935815,0.118591382674458,0.999285360615371
PTS,-0.72493786085867,4.8372595821213,2.42771705394564,0.119206392565914,0.999285360615371
ZNF586,0.849065845132017,4.32152424452323,2.42764305819072,0.119212020605195,0.999285360615371
USP40,1.49971837052097,3.85601158590104,2.42521165997827,0.119397113849512,0.999285360615371
GOLGA8B,0.58651355527505,6.05659148283583,2.42402244437278,0.11948776017409,0.999285360615371
SNAPIN,0.697921430355615,5.42350644572305,2.42352100279092,0.119526004694004,0.999285360615371
LINC01619,1.38457658026115,3.71795828036763,2.42228975701526,0.119619968238274,0.999285360615371
CAPRIN2,-0.887013741101089,4.48790942959866,2.42187905610334,0.119651329400695,0.999285360615371
SFT2D1,-0.454289188620923,6.38752123149981,2.41354706577638,0.120289530369352,0.999285360615371
GAK,-0.604143530003635,5.78188874107428,2.41348030040359,0.12029465955743,0.999285360615371
PIM2,0.509863906197787,7.19270448332138,2.41295278147063,0.120335194229111,0.999285360615371
GRAMD2B,-0.864184381580706,4.5741184673625,2.41052655296171,0.120521821025847,0.999285360615371
UBXN6,-0.74374612785352,4.97999478771711,2.41009546027161,0.120555014430444,0.999285360615371
PPP2R3B,0.889897941042145,4.2171401921029,2.40743388250489,0.120760175763437,0.999285360615371
UBR7,0.834176643924569,4.4301340480056,2.40268970399789,0.121126829127875,0.999285360615371
CD99,-0.289591744278204,9.03283782950149,2.40086943967842,0.121267835317387,0.999285360615371
RAB18,-0.404643732042645,6.29565135606387,2.3997836232349,0.121352034339224,0.999285360615371
SLC39A7,-0.660809730764587,5.24156757951961,2.39646431305039,0.121609830356574,0.999285360615371
FUBP3,0.606193045057611,5.02050904579799,2.39532674262094,0.121698319976953,0.999285360615371
PCGF1,0.956780831305543,4.32302197494433,2.3949066839801,0.121731013646136,0.999285360615371
OTUD6B-AS1,-0.42317685962464,6.32591365276586,2.39468204302839,0.121748501716596,0.999285360615371
DHX58,0.839630715117019,4.38806354143666,2.39051016908556,0.122073784509375,0.999285360615371
GPATCH2,0.574026242331789,5.61582189185444,2.3900050424878,0.122113234790926,0.999285360615371
HADH,0.680897562153277,4.91064628345085,2.38815906578843,0.122257525446848,0.999285360615371
DMAC2L,0.964365380091727,4.84284512926366,2.38686250967307,0.122358983692876,0.999285360615371
TMCO3,0.823019164895021,4.60686479409308,2.38292591375297,0.122667603156362,0.999285360615371
NCOR1,0.301390426548412,7.77304338011013,2.38288101550856,0.122671128044089,0.999285360615371
PFDN4,0.458809769694639,6.00167457642943,2.38250583538796,0.122700587213598,0.999285360615371
APRT,-0.24111764186583,8.50507385340441,2.37827512928065,0.123033326274788,0.999285360615371
G6PD,0.761498423527788,4.75652324241891,2.37663121156577,0.123162888019651,0.999285360615371
FOXP4,-1.04891267690864,4.11291913273932,2.37101689653885,0.12360651053029,0.999285360615371
ABAT,-0.883553441905712,4.79339508404625,2.36647198772512,0.123966931489439,0.999285360615371
CHMP3,-0.37645742105386,6.62794298223751,2.36401247103206,0.124162462781039,0.999285360615371
PHF10,-0.566390142803834,5.90957818886528,2.36265186058063,0.12427077824048,0.999285360615371
WASHC2A,-0.69370292990086,4.91994641507869,2.3595488571223,0.124518194807815,0.999285360615371
AFAP1,0.797651234371064,4.53723532884314,2.35752646220948,0.124679743974108,0.999285360615371
MMP24OS,0.458376382677567,6.21164053474351,2.35638246465707,0.124771229717301,0.999285360615371
ERICH1,0.359696998659493,6.71327136791249,2.3563332193259,0.124775169551106,0.999285360615371
ORC3,0.690816406138855,5.00191967853748,2.35569226781837,0.124826460975409,0.999285360615371
RMND5A,-0.651559886264059,5.2376817513232,2.35412704446333,0.124951814673878,0.999285360615371
MFSD6,0.582214998980065,5.39195993835285,2.35220132838604,0.125106230971926,0.999285360615371
LCP2,0.269647962151555,7.89874898601658,2.34759050211388,0.125476818950725,0.999285360615371
TRMT2A,-0.748562191229167,4.78002017369279,2.34701007755775,0.125523556048393,0.999285360615371
STIM2,0.454146902097718,6.39097705878489,2.34559141418103,0.12563787148314,0.999285360615371
ISCU,0.309774112994646,7.70365468889407,2.34529456255417,0.1256618063263,0.999285360615371
TBXAS1,1.00377647223584,4.56307066145544,2.34380844056092,0.125781707041265,0.999285360615371
NUFIP2,0.341697279104937,7.03074290842631,2.34347827023003,0.125808362530737,0.999285360615371
NME2,0.94254856473121,8.46557001861998,2.34289568564153,0.125855411379527,0.999285360615371
SLC43A3,-1.01250912782082,4.31623441086444,2.34235700635131,0.125898931890823,0.999285360615371
ORMDL1,-0.2481333746171,7.4327522293047,2.33958888867925,0.126122835287928,0.999285360615371
TERF2,0.583174846025706,5.06919726886453,2.33841325934893,0.126218061750796,0.999285360615371
GORASP1,1.08256674796396,3.94341762871724,2.33714351621791,0.126321001275551,0.999285360615371
ACOX1,0.908290373688474,4.51834865734141,2.33714040834429,0.126321253348907,0.999285360615371
STK16,0.726285424039875,4.93894145545705,2.33349559395842,0.126617262237838,0.999285360615371
EXOSC9,-0.6233107148966,5.74376279814701,2.33283971975599,0.126670610063899,0.999285360615371
C5orf63,-1.19061170180089,4.24600861680088,2.33124773528842,0.126800203711429,0.999285360615371
CSNK2B,-0.327676804439034,7.10130875400373,2.33116399962966,0.126807024196635,0.999285360615371
BLOC1S6,-0.514962822885542,5.94054324779576,2.32782436890149,0.127079378715657,0.999285360615371
SLC30A9,-0.771780363518422,4.72500744682121,2.3267032230506,0.127170956572263,0.999285360615371
ZNRD2,1.11840057503157,5.09787883565292,2.32607773237757,0.127222080042849,0.999285360615371
GRAMD1A,-0.443586308059059,6.01323719997343,2.32494509118409,0.127314712846358,0.999285360615371
IKZF2,0.568930412610937,6.12306535737635,2.32075566712147,0.127657996727176,0.999285360615371
S1PR1,-0.743211349564171,4.74695954348317,2.31722458393898,0.127948135916698,0.999285360615371
N4BP1,0.306270395140542,6.92769039279218,2.31707578056315,0.127960378779698,0.999285360615371
CLUAP1,-0.878318519078791,4.79092694341822,2.30930921973716,0.128601190163942,0.999285360615371
TYSND1,-0.941350486086583,4.64375125499758,2.30799229128527,0.128710202589745,0.999285360615371
TADA2B,-0.760435409134365,5.1269428931308,2.30401388549267,0.129040151856762,0.999285360615371
ZCCHC14,1.05337565933434,3.83694991312701,2.30228949646893,0.129183456757242,0.999285360615371
CDIP1,0.800750820569837,4.90121589472264,2.29934264562279,0.129428764639586,0.999285360615371
CLOCK,-0.622106687141893,5.07130119063054,2.29508810751721,0.129783845975468,0.999285360615371
MAPK13,-0.691788322517214,5.04028742395137,2.29291861956098,0.129965328091772,0.999285360615371
MEF2A,-0.50168738673243,5.79135955648306,2.29278892650575,0.129976186139276,0.999285360615371
ZNF7,-0.788720480186677,4.63271081419575,2.29246454950023,0.130003347772475,0.999285360615371
VPS37B,-0.729532452731863,5.22547449430628,2.28893138105629,0.130299607001819,0.999285360615371
SYTL1,-0.476388713583839,6.53111462621959,2.28786402799645,0.130389253468794,0.999285360615371
TPST2,0.503923769112022,5.73565944965381,2.28419545131253,0.130697900303713,0.999285360615371
SIPA1L1,0.49157440842941,5.72450515783785,2.28312977620819,0.130787710964495,0.999285360615371
C19orf53,0.280092227033234,8.12960172552314,2.27975555920876,0.1310725302816,0.999285360615371
LTB,0.456251067552826,11.1009624109215,2.27371226547259,0.131584378917123,0.999285360615371
NDUFAF8,-0.374992895618855,6.60683035405458,2.27287777244132,0.131655233043314,0.999285360615371
RGS3,-0.962845185882275,4.44096941396646,2.27196731370256,0.131732585749798,0.999285360615371
IK,-0.22320715759972,8.02156881942446,2.27141785498782,0.131779292384638,0.999285360615371
FN3KRP,0.847331666652858,4.5535193031202,2.2712719015658,0.131791702234674,0.999285360615371
MOGS,-0.644841326329344,5.37443686938208,2.26610736373326,0.132231663648345,0.999285360615371
MCRS1,0.568101449564436,5.3193081061531,2.26507028836912,0.132320208534878,0.999285360615371
BCL2,0.455459584030527,7.79476654725054,2.26396294876287,0.132414825632346,0.999285360615371
MICOS13,0.865734886316305,6.96177635398847,2.2612594958826,0.132646140847006,0.999285360615371
TOR2A,-0.757032092573993,4.86533458976127,2.26106657742384,0.132662664748466,0.999285360615371
AP3M1,0.737474482907087,4.98475464848307,2.26055783650387,0.132706250582615,0.999285360615371
YPEL1,0.813566274773857,4.40721308563996,2.25972843551538,0.132777342921747,0.999285360615371
GPD1L,-0.951703966342085,3.96335148346161,2.25933082561525,0.132811439249842,0.999285360615371
CHCHD7,-0.424106037083144,6.20475106854898,2.25719184650535,0.132995031498925,0.999285360615371
DICER1,0.405219847150357,6.32382474653185,2.25584132778616,0.133111094842664,0.999285360615371
SHLD2,-0.702463867552169,5.19732942104763,2.2554791519977,0.133142239405679,0.999285360615371
RCAN1,-1.18269988023323,3.86303779965837,2.25055945154562,0.133566106415721,0.999285360615371
POLR1D,-0.353588822385781,7.54451090881156,2.24798693134901,0.133788347507549,0.999285360615371
NPIPB4,0.849300741580641,4.46373985727522,2.24771572139986,0.133811801521469,0.999285360615371
INTS6,0.521234245695812,6.6643763648785,2.24722049360569,0.133854640273655,0.999285360615371
APOL1,0.782811685063861,4.42348368536382,2.24663477347135,0.133905326685033,0.999285360615371
ARHGDIA,-0.35790487180259,7.44603577122864,2.24614394509587,0.13394781797956,0.999285360615371
ZNF570,-1.17117033279528,4.03619534418568,2.24500033192438,0.134046879714389,0.999285360615371
BLOC1S1,-0.226166138917453,7.7725670981553,2.24395462916273,0.134137531969988,0.999285360615371
STARD3NL,0.68969860789749,5.00653379937389,2.24301600856316,0.134218959618624,0.999285360615371
RC3H1,0.546038685647933,6.12421522205744,2.24265871016991,0.134249970656053,0.999285360615371
PRKAA1,-0.416518888804139,6.22882493046234,2.24141561454278,0.134357925226728,0.999285360615371
EDC3,-1.6662967906928,3.99942118125177,2.24097685651352,0.134396051611283,0.999285360615371
PCK2,-0.823603739499202,4.59435205814643,2.24032511578567,0.134452707707274,0.999285360615371
GALNT4,1.11331999004815,4.58918502810247,2.24014737177794,0.134468163703587,0.999285360615371
PDS5A,-0.407828761273307,6.49670823628809,2.23550421249991,0.134872621356051,0.999285360615371
HLTF,-0.986358165789428,4.89083355824469,2.23429441845177,0.134978227777017,0.999285360615371
AAR2,0.941502023879578,4.19558682528699,2.23373790077359,0.135026838875318,0.999285360615371
TMEM265,1.23671321231394,4.00949869581333,2.23211920484142,0.135168341235168,0.999285360615371
SMAD4,0.459813212185602,5.76733042818639,2.23200537384988,0.135178298298327,0.999285360615371
TP53INP1,-0.673146865907996,6.0133435701017,2.2316686931469,0.135207753350646,0.999285360615371
UQCC3,-0.578465734362112,5.41567890228732,2.23107332786504,0.135259857417656,0.999285360615371
MTA1,-0.663287679059711,5.04869560677024,2.22712508021329,0.135605961871125,0.999285360615371
ATP1A1,-0.355967073299032,7.06407377659446,2.22546763586778,0.135751549157653,0.999285360615371
INO80D,0.380833578326476,6.18105252486447,2.22383022773504,0.135895548304488,0.999285360615371
FLNB,-1.13299277798604,4.26389411048973,2.22330041162359,0.135942178711876,0.999285360615371
FRA10AC1,0.657885931159023,5.57967581783583,2.22302380198585,0.135966530916883,0.999285360615371
CIDEB,1.03260547651136,4.05692162252504,2.22289136878091,0.135978191821977,0.999285360615371
METTL2A,0.929811555651986,4.49801866988221,2.22220288799342,0.136038831436301,0.999285360615371
F5,-1.0251997134576,5.02188490503317,2.22167437991854,0.136085401606166,0.999285360615371
CCSAP,0.777055801033176,4.81041729950513,2.22047808450752,0.136190880656423,0.999285360615371
ABL2,0.85849324396588,4.43991828556567,2.22041778862565,0.136196199451729,0.999285360615371
PIP5K1A,0.7615724510823,4.7373043477949,2.21998939566334,0.136233995370817,0.999285360615371
KLF2,-0.685839838183003,7.96878533979341,2.21962681480919,0.136265994047122,0.999285360615371
EIF3L,-0.352737714542073,7.26369165974698,2.21879083565539,0.136339803394064,0.999285360615371
BAG3,-1.18949552315976,4.15795401817716,2.21836446804078,0.136377465009526,0.999285360615371
KCMF1,-0.445414949919692,6.0459576280496,2.2167717906713,0.136518251381436,0.999285360615371
DGCR8,0.776488031643452,4.7989468120499,2.21661838529645,0.136531820400119,0.999285360615371
NSUN3,0.775080354014488,4.6728901887015,2.21610905928548,0.136576882159161,0.999285360615371
HCFC1,0.5565010663202,5.40403712357421,2.21475256399016,0.136696977067384,0.999285360615371
CLTB,0.362843287098497,6.71704428315652,2.21433468769289,0.136733996831505,0.999285360615371
PCYT2,0.776692385562459,4.90063805084176,2.21168142116814,0.13696931254743,0.999285360615371
ERLEC1,0.37583544013185,6.43139602396788,2.21071620977977,0.137055028744642,0.999285360615371
PCNA,0.538963297397201,5.42509205745393,2.20996577702709,0.13712171291701,0.999285360615371
TAF13,-1.00012955522733,4.33341305882343,2.20917207580846,0.137192281524415,0.999285360615371
NAA40,0.92959868763713,4.16482982147204,2.207234260111,0.137364745279798,0.999285360615371
F11R,-1.1872499217536,3.9957818141816,2.20690414395244,0.137394149514915,0.999285360615371
PDAP1,0.328915500929417,6.97578644174495,2.20602328917167,0.137472643881101,0.999285360615371
ASNSD1,0.618248680289448,5.10651560981105,2.20577033299277,0.137495194494313,0.999285360615371
CAMK4,-0.411508145216595,6.85740355838587,2.20527430148211,0.137539426895949,0.999285360615371
OSM,-1.0519505675876,5.03282615985999,2.20525072674762,0.1375415295124,0.999285360615371
RBCK1,-0.415115349468306,6.80982370249934,2.20497011473656,0.137566559896168,0.999285360615371
PIK3R5,0.6146636011856,5.31207285352926,2.2042274783757,0.137632827146774,0.999285360615371
RBMS1,-0.280531200612613,6.96246499753876,2.20052617161898,0.137963637762114,0.999285360615371
KDELR1,-0.492556487441189,6.24716262333016,2.20009481757608,0.138002248722362,0.999285360615371
COX7A2,-0.176277773676271,8.70624163154134,2.19836739411691,0.138156993681825,0.999285360615371
PECR,-0.810180130919151,4.43520600631209,2.19803504779533,0.138186788030156,0.999285360615371
SERAC1,1.09933007991605,3.90266322334908,2.19773786599395,0.138213436033317,0.999285360615371
NCK1-DT,-0.817909240298712,4.72663136976564,2.19718282169609,0.138263221747412,0.999285360615371
RSBN1,-0.332261533331073,6.68107336269333,2.19686411683399,0.138291817650941,0.999285360615371
LRPAP1,-0.408999880719248,6.67763297982209,2.19532353224142,0.138430140677518,0.999285360615371
GPRIN3,0.241960442288444,7.72373706933329,2.19526747248878,0.138435176986745,0.999285360615371
DYRK4,0.943659361803929,4.37968101520509,2.19167433750815,0.138758406979166,0.999285360615371
SELL,-0.496286791850251,6.65111276626265,2.18831458035015,0.139061408857602,0.999285360615371
FEM1C,0.814209213442169,4.48532828177195,2.18729040771037,0.139153922102849,0.999285360615371
ZNF641,-0.799256840023701,4.64274229988583,2.18469471403329,0.139388699881571,0.999285360615371
PAXX,-0.275644497182045,7.45933623698758,2.18424076001483,0.139429805195904,0.999285360615371
TLE4,-0.408459928252369,6.92404010768901,2.18286647431908,0.139554329046021,0.999285360615371
CNPY4,-1.06565182758088,4.4368200406278,2.18269009569289,0.13957031972583,0.999285360615371
ERBIN,0.476759824715687,6.6512816812528,2.17945676472635,0.139863821767507,0.999285360615371
NUDT21,0.425517803806152,6.18146396785368,2.17885889998355,0.139918168139709,0.999285360615371
MDFIC,0.399241042917071,7.15825711047879,2.177800595545,0.140014426972343,0.999285360615371
MBP,-0.385886298096637,7.6850189643952,2.17693057776965,0.14009361574162,0.999285360615371
DMAP1,-0.681364208465694,5.28279054526355,2.17604022855267,0.140174707137515,0.999285360615371
INPP5B,0.703497545557825,4.82883171637227,2.17603688091489,0.140175012133742,0.999285360615371
ATF7IP2,-0.459912975861876,6.70239076691822,2.17590989675143,0.140186581943571,0.999285360615371
ASXL2,-0.431978010024092,6.12781095209374,2.17580052306746,0.140196548082908,0.999285360615371
SRI,-0.298903496044254,7.31501788304791,2.17567617358043,0.140207879785077,0.999285360615371
PDK1,-0.70644669483898,4.9598113844956,2.17494730409771,0.140274320782712,0.999285360615371
SNRPB,-0.242145441369786,8.07904998821388,2.17332432573019,0.140422392426841,0.999285360615371
ILF3,-0.350340380949804,6.77864497300758,2.17195424037253,0.140547528139925,0.999285360615371
FUBP1,-0.346892734620334,6.75864795833317,2.16986379122081,0.140738699139217,0.999285360615371
TCIRG1,-0.505015947689059,5.73853102895434,2.16935027997148,0.140785704274709,0.999285360615371
ABCB8,-0.83370495969849,4.79546189495936,2.16868420169711,0.140846701169672,0.999285360615371
LRRC8D,0.630425586045958,4.91786400700478,2.16707898956622,0.140993822364183,0.999285360615371
CEP78,-0.592059657524479,5.06459525729034,2.1667875564821,0.141020551355409,0.999285360615371
KBTBD4,-1.65452035220921,4.17889549949605,2.16678440495537,0.141020840431022,0.999285360615371
F8A1,-0.67770443432996,4.9853953720341,2.16580321988369,0.141110872577601,0.999285360615371
PDCD6,-0.280845904320348,7.11695218452569,2.16297250629306,0.141370976972871,0.999285360615371
LIF,1.34346743771407,4.14119798115948,2.16257908533426,0.141407169675366,0.999285360615371
TIMP1,-0.528296281395184,6.64721370192419,2.16227123987971,0.141435497133828,0.999285360615371
DGCR2,0.846588919564581,4.4824122593229,2.16219182885331,0.141442805447263,0.999285360615371
PDPR,0.791472662941579,4.8720774693763,2.16212756039437,0.141448720478689,0.999285360615371
CARD11,-0.519637318512555,5.48335084662094,2.16086666814721,0.141564824588753,0.999285360615371
DPP4,0.741113371346735,6.19441218883323,2.15960170710508,0.14168141099723,0.999285360615371
ABCF2,0.74417079536726,4.81274072551068,2.15911442531656,0.141726350604333,0.999285360615371
SELENOH,-0.287504255554732,7.80933814084076,2.15821562027957,0.141809285020487,0.999285360615371
RNF26,-1.02629140035909,4.00745174310363,2.15721964504129,0.14190124923856,0.999285360615371
SAR1B,0.398451056690929,6.20956309019123,2.15589849290977,0.142023342412851,0.999285360615371
ABCF3,0.807386487331141,4.54152353338712,2.15120172486332,0.142458347644911,0.999285360615371
SMARCA4,-0.491698301968814,5.91157070532676,2.15106396232745,0.142471129533185,0.999285360615371
CDK2AP2,-0.366078183322611,6.89389669689752,2.15058426514248,0.142515646879478,0.999285360615371
CISH,0.707345191600698,6.85320464149789,2.14983302258295,0.142585395894647,0.999285360615371
PPFIA1,-0.711015194096803,5.40361517072295,2.14871990738577,0.142688813528349,0.999285360615371
HNRNPL,-0.468142194417479,6.52685120900691,2.14859572588954,0.142700356249624,0.999285360615371
ZNF407,0.707780385984238,4.94574476387832,2.14783260150881,0.142771312038857,0.999285360615371
HIBCH,0.581999765610701,5.413096731375,2.14730277163783,0.142820599299426,0.999285360615371
HCG11,-0.908367524569565,4.230419555664,2.1459231345722,0.142949029449129,0.999285360615371
SMAD3,-0.824963080389973,5.32510886229257,2.14415531323412,0.143113785550157,0.999285360615371
CHST11,0.418743955554272,6.19467104509266,2.1437315583144,0.143153310084126,0.999285360615371
ZNF780A,-0.825127939042177,4.49219726950365,2.1415002140259,0.143361635098867,0.999285360615371
ISG15,0.712828711466824,9.05384359942123,2.14128093790132,0.143382125780917,0.999285360615371
FKBP11,-0.565192223130818,7.24552083067925,2.14105255661321,0.143403470816735,0.999285360615371
GGA1,-0.535294476990083,5.99761765992128,2.13852029656353,0.143640381426981,0.999285360615371
PRXL2C,0.799901468229535,5.0513328648774,2.1385141585642,0.143640956214609,0.999285360615371
LRRC41,0.686437634868593,4.89189021676383,2.13807385933734,0.143682194408572,0.999285360615371
WDR4,-1.13938423850167,3.87979011182031,2.13782743514262,0.143705280185261,0.999285360615371
UTP11,-0.697677811000498,5.18310117340389,2.13638040105845,0.143840927066026,0.999285360615371
DPF2,-0.576144691701607,5.8217232892542,2.13583261453426,0.143892314901788,0.999285360615371
AP4M1,0.817967269844943,4.34247303655664,2.13503207592006,0.143967450579509,0.999285360615371
TRIB1,0.71253877051376,5.05916708841558,2.13454751099936,0.14401295156122,0.999285360615371
CBLL1,-0.725709114659488,5.46603303228802,2.13392582347425,0.144071352164152,0.999285360615371
ASPSCR1,-0.885275814584989,4.96936840481862,2.13259633266322,0.144196332493402,0.999285360615371
NMI,0.435668660434744,6.29373154137248,2.12620090631338,0.144799250882079,0.999285360615371
NCK2,-0.465771614516569,6.43661484029141,2.12587412705226,0.14483013362816,0.999285360615371
MDC1,-0.824518892596059,4.44256563022931,2.1243767319186,0.144971742056222,0.999285360615371
CLP1,-1.01116341664013,3.88689818454888,2.12375784017189,0.145030316109195,0.999285360615371
VPS28,-0.315624945013874,7.78431693546487,2.1237577128191,0.145030328165046,0.999285360615371
TERF2IP,-0.248071741228189,7.8594156868949,2.12220172213376,0.145177710345171,0.999285360615371
MRPS34,-0.325101012610468,7.1355949602353,2.1173407277406,0.145639228187869,0.999285360615371
INPP5F,-0.673188492595498,5.15662622190242,2.11587804227599,0.145778423557916,0.999285360615371
LFNG,0.467120622793447,6.48660468617099,2.1141643059042,0.14594170083246,0.999285360615371
NEPRO,0.594990641289144,5.23323330937421,2.11283377521324,0.146068610138875,0.999285360615371
TMEM181,0.537567173347852,5.56908843834661,2.11065561833294,0.146276636818758,0.999285360615371
CD37,-0.218524026014598,8.55126927428106,2.10993126654844,0.146345890646615,0.999285360615371
TRIM35,1.0103556317562,4.09397975018628,2.10967344019737,0.14637054983183,0.999285360615371
DHRS4L2,-0.545207484161231,5.20325306098528,2.10830167841678,0.14650182752846,0.999285360615371
MMD,0.513805070665538,5.37668952639773,2.10821678408039,0.146509956284752,0.999285360615371
BCAP31,-0.325677009627584,7.01031696647293,2.10734772345991,0.146593199370988,0.999285360615371
SNAP29,-0.607041100320209,5.34353929585884,2.10376742938598,0.146936701425201,0.999285360615371
ZNF626,1.01276519314698,4.06494303863022,2.10356808903084,0.146955853290064,0.999285360615371
LDLRAD4,0.410355379803823,6.54342288056994,2.10333668619313,0.146978089129094,0.999285360615371
NXPE3,0.484310582072856,5.42000081938691,2.10272340131496,0.147037038940024,0.999285360615371
SMARCC2,-0.457176027555278,6.3630726873141,2.10233004039607,0.147074863391532,0.999285360615371
RBM34,-0.886050369874169,4.33587241484149,2.10073963911778,0.147227903767069,0.999285360615371
STN1,-0.44634501932415,5.93878914244889,2.1000797611813,0.147291454929645,0.999285360615371
EHMT1,0.524316624122595,5.85352017818828,2.09991650638219,0.147307182359895,0.999285360615371
GBP1,0.482744753379139,6.83114660068392,2.09817749318952,0.147474830844611,0.999285360615371
ISG20,0.394446632642057,8.39946415541621,2.09773717622002,0.147517313486687,0.999285360615371
NDUFV3,0.565846405295471,5.90895918625,2.09768064335339,0.147522768888709,0.999285360615371
SZRD1,0.39014866017558,6.34643541253745,2.09740137266375,0.147549721754665,0.999285360615371
ANKRD26,0.648804367044459,4.85410604990341,2.09545829729485,0.147737405057299,0.999285360615371
CDYL,-0.680388197231334,5.22897355809271,2.0953799632184,0.147744977061709,0.999285360615371
EVL,-0.337522312319614,8.96677942595792,2.0942796523358,0.147851382690666,0.999285360615371
TBCD,0.485092319794846,5.62391874567516,2.09137514442488,0.148132679190836,0.999285360615371
ZNF280C,-0.948478751906277,3.92663067637815,2.08789306629866,0.148470709246831,0.999285360615371
FBH1,-0.919775155085243,5.04275789551647,2.0835855619246,0.148890075485343,0.999285360615371
TIAL1,0.361593853560836,6.92794941821174,2.08356554935389,0.14889202697222,0.999285360615371
RPP30,-0.641684774613208,5.20181353264974,2.08341225922548,0.148906975719197,0.999285360615371
LASP1,0.373802112276698,6.52371061131197,2.08197458943208,0.149047258845162,0.999285360615371
TNIP2,0.474514422500057,6.42502723771224,2.08141233712157,0.149102162206894,0.999285360615371
ZNF875,1.17760644419142,3.7733365307312,2.08076812263316,0.149165097187389,0.999285360615371
PEX14,-1.03582812215425,4.04763137655719,2.08072200382368,0.149169603804566,0.999285360615371
TBC1D10A,0.67073521725291,5.29631188186637,2.0805574499411,0.149185684861167,0.999285360615371
GBE1,-1.54462416920418,4.04165983255056,2.08038740368668,0.149202304719092,0.999285360615371
GPSM2,-0.738837504813983,4.54274429533979,2.07978827402997,0.149260878696461,0.999285360615371
SAMD9,0.421635677363,7.14823345452187,2.07685936431497,0.149547598217737,0.999285360615371
DCTN5,0.526788567054429,5.50133769746037,2.0765594235572,0.149576995418096,0.999285360615371
UBTF,-0.418425051637838,6.83028153230676,2.07568738078976,0.149662501461097,0.999285360615371
VAC14,0.946571398540921,4.05483252497034,2.07506609866513,0.149723453483949,0.999285360615371
BTBD6,0.541267445353799,5.70071341773565,2.07396292738557,0.14983175129675,0.999285360615371
VBP1,-0.56948284175118,6.06660965481481,2.07194839284416,0.15002974584143,0.999285360615371
RAF1,-0.548015218309716,5.8573041838047,2.07164861297021,0.150059234393828,0.999285360615371
PRKAR1B,-0.72601302023637,4.48681118377499,2.06496523749894,0.150718365534105,0.999285360615371
BOLA2B,-1.14443702431598,4.23198485158277,2.06422573265077,0.150791498367232,0.999285360615371
XPO6,-0.43072546094611,5.88498814528272,2.06293432394381,0.150919307659073,0.999285360615371
PRKAB2,-0.778955724613903,4.43230954628443,2.06200869777061,0.151010991273322,0.999285360615371
SP1,0.558461386398761,5.37999539587302,2.06197460267664,0.151014369608292,0.999285360615371
GEMIN6,-0.837241073749455,4.72106770499417,2.05791854906444,0.151416877368519,0.999285360615371
CEP152,-0.876501931517039,4.34537992073528,2.05621312952342,0.151586479407257,0.999285360615371
IMPA1,0.523835698113344,5.42985193705645,2.05535996792022,0.151671406056456,0.999285360615371
EPSTI1,0.481009677473204,7.18984729692068,2.05520188886173,0.15168714770557,0.999285360615371
LMTK2,0.857228588571102,4.28239117258081,2.05052689619629,0.152153524889182,0.999285360615371
AGPAT1,-0.699942775068277,5.06397214566325,2.04880930606474,0.152325279377027,0.999285360615371
BOLA1,0.758974403093341,4.61934045774265,2.04735402963663,0.152470975054747,0.999285360615371
AKAP10,0.56095239211154,5.19646877124979,2.04607090695177,0.152599566443281,0.999285360615371
CD80,-1.31498040076879,4.38525961640874,2.0401275750731,0.153196797501621,0.999285360615371
CPSF7,0.582800206289642,5.29170006067163,2.03802858773834,0.153408352275598,0.999285360615371
NUP188,-0.818124528125696,4.69565167451201,2.03789233805644,0.153422096182169,0.999285360615371
FBXL12,-1.10573296542441,4.17637868083038,2.03689440746208,0.153522802941551,0.999285360615371
TCF4,-1.23770532597145,4.35292020256405,2.03282827647497,0.153933914508879,0.999285360615371
ZHX1,0.616927033614687,5.07979690673235,2.03217369708913,0.154000213211709,0.999285360615371
PPHLN1,0.354999479461186,6.69334475246999,2.03215547018901,0.154002059776321,0.999285360615371
SCAF4,0.66090127715127,5.12058479619843,2.03085118236064,0.154134262199939,0.999285360615371
RPL8,-0.217266151094473,11.1041799834187,2.02956571940732,0.154264682492995,0.999285360615371
PCED1B,0.448453041811551,6.04355775060357,2.02847242368059,0.154375704423122,0.999285360615371
RIC8B,0.689281750206576,4.6603547344835,2.02834170959129,0.154388984234668,0.999285360615371
THOC5,0.664163041356198,4.71289734654251,2.02797866857046,0.154425873945513,0.999285360615371
ABHD13,0.511704956684457,5.42389778763667,2.02796808898058,0.154426949119997,0.999285360615371
EMC7,0.336786370666903,6.70159854311019,2.02749085588682,0.154475457833149,0.999285360615371
PIN1,-0.368796396140897,6.93690278221857,2.02724610445328,0.154500342480684,0.999285360615371
UBE2D2,-0.230176996397291,7.96673403713461,2.0258726528997,0.154640070013154,0.999285360615371
SEC11A,-0.274104104120549,7.88733883665034,2.02582591596185,0.15464482729817,0.999285360615371
PPP1CA,-0.264090880030065,8.01407220405981,2.02485100342965,0.154744100097234,0.999285360615371
RAB3GAP2,-0.449655313926845,5.90587507613068,2.02406337543952,0.154824355009268,0.999285360615371
FUNDC2,-0.436791903876772,6.084795028452,2.02378312747353,0.15485292211,0.999285360615371
RRAGB,0.870261302805897,4.3781561069684,2.02150651032263,0.155085211074458,0.999285360615371
VPS33A,0.574745704189444,5.52051947255842,2.02003827413375,0.155235228658526,0.999285360615371
YIPF1,0.674596854856969,4.74444211490528,2.01950771823932,0.155289478915405,0.999285360615371
MSANTD4,0.718504545801387,4.65770296180813,2.01678760531859,0.155567953409973,0.999285360615371
ACTR2,0.213494124491457,8.59783118948392,2.01497564136809,0.155753769798018,0.999285360615371
IL23A,-1.31974951279322,4.5463108352701,2.01477638336969,0.155774219025186,0.999285360615371
VWA8,-0.99525100394633,4.24726310901205,2.01388752768751,0.155865476654169,0.999285360615371
CD151,-0.668561233863683,5.18330350050413,2.01275110681721,0.155982239915698,0.999285360615371
CLDND1,-0.354573284549319,6.98233517732491,2.01247493335599,0.156010630772963,0.999285360615371
PCBD1,-0.601080933570139,5.43724765220529,2.01199870710318,0.156059601007289,0.999285360615371
MRPL43,-0.437899485916468,6.26310360505721,2.01148127849298,0.156112827860817,0.999285360615371
SMC6,-0.563018833935719,5.51397688137445,2.00867105273236,0.156402270576109,0.999285360615371
ZNF277,-0.553287121851757,5.34019431387363,2.00843802089037,0.156426299340798,0.999285360615371
SDF4,0.397333947398357,7.0830051505307,2.00568956564714,0.156710019291223,0.999285360615371
CD79B,-0.534769208279898,5.55499020213208,2.00423894665737,0.156860000785661,0.999285360615371
VIRMA,0.455241752140015,5.51704735038861,2.00313591323753,0.156974154111184,0.999285360615371
NMT1,-0.38266851014193,6.66924698977032,2.00010463074864,0.157288349224257,0.999285360615371
GNL2,-0.579419256850616,5.18937787069937,1.9978329103401,0.157524283724613,0.999285360615371
DYNLRB1,-0.241796171535842,7.87401809232911,1.99633739518496,0.157679823364728,0.999285360615371
INTS3,0.820116798768482,4.68316473345784,1.99545340212473,0.157771844346755,0.999285360615371
NOD1,1.08906554796256,3.85967205610202,1.99397718031414,0.157925650719474,0.999285360615371
IL18RAP,-0.765652137141216,4.59719347469521,1.99303457796934,0.158023948911673,0.999285360615371
PLIN3,-0.723486394519882,5.06985681735057,1.99183100856488,0.158149562927097,0.999285360615371
RREB1,0.518637106689433,5.2429930093317,1.98966020831481,0.158376412093726,0.999285360615371
GOLGA8A,0.678942018816848,6.0935086315089,1.98778458881269,0.158572712945983,0.999285360615371
ZBTB43,-0.606429155024128,5.15767856782401,1.98749500494786,0.158603045228132,0.999285360615371
LPCAT1,-0.886150479455014,4.56164598894964,1.9866291534791,0.158693777692614,0.999285360615371
SCAF11,0.237261270427678,7.98744973115722,1.98611054360683,0.158748151038666,0.999285360615371
ACTR1B,-0.594156653922767,5.46875659896415,1.98559252034132,0.158802484048663,0.999285360615371
NLRC5,-0.50236503977817,6.20547213626741,1.98413785295733,0.158955170424734,0.999285360615371
TNIK,0.393737002092898,6.37553505922941,1.98338760183947,0.159033984404499,0.999285360615371
PSMG1,0.698717570214892,4.82775079069473,1.98248081045993,0.159129302337253,0.999285360615371
ATP1B1,0.652238899029109,5.23680094606187,1.97959052891108,0.159433550345292,0.999285360615371
DDX41,-0.740846556120137,4.78607047761804,1.97432485008056,0.159989550850223,0.999285360615371
P4HB,0.397928092281621,7.01823213426069,1.97274229022886,0.160157083945485,0.999285360615371
PRR3,-1.02757485388247,4.04709883373469,1.97259863326811,0.160172301663114,0.999285360615371
INTS4,-0.813098167698749,4.63106137918847,1.97237137811665,0.160196378380282,0.999285360615371
CD96,-0.297583517334899,7.70140161412691,1.97223605717799,0.160210717016959,0.999285360615371
ACD,0.776021048241829,4.73571792346516,1.97130541585974,0.160309367592502,0.999285360615371
FPGS,0.650751153284749,4.82577000798407,1.96987601110069,0.160461023301209,0.999285360615371
TPRG1L,0.652654723187895,4.85118204810394,1.9697619818036,0.160473128518577,0.999285360615371
VTI1A,0.513571556627152,5.37118251932699,1.96750371704628,0.160713077787801,0.999285360615371
SYNE1,-0.478015723139599,6.85546292389383,1.96572439044478,0.160902426080031,0.999285360615371
ZNF197,-0.924641548831528,4.18631332324505,1.96322780967874,0.161168530338834,0.999285360615371
CLCN7,0.649606421370861,4.68158208117219,1.9618567614305,0.16131488032098,0.999285360615371
MORF4L2,0.493407617772956,5.8402189223747,1.96055096890312,0.161454405596202,0.999285360615371
TRPC4AP,0.505036554096548,5.47601689590606,1.95999635150973,0.161513708667509,0.999285360615371
NFXL1,-0.869183772978853,4.18135071268458,1.95962446239348,0.161553487229904,0.999285360615371
BET1L,-0.62725393598219,4.75962976317522,1.95903377594236,0.16161669208948,0.999285360615371
SLC38A5,0.867627518556501,4.18872045309081,1.95798411274435,0.161729078152373,0.999285360615371
DHX30,-0.478196366864465,5.7953041492153,1.95393405424352,0.162163548928053,0.999285360615371
SMS,-0.381351232757389,6.43141040619916,1.9538698900543,0.162170442859631,0.999285360615371
AMDHD2,-0.816991906133761,4.57740049244692,1.95271321276115,0.16229477599507,0.999285360615371
ZNF805,0.828452731956988,4.19869576881868,1.95270722051389,0.162295420394662,0.999285360615371
GALNT11,0.47760055470834,5.41531041707182,1.94986394719206,0.162601512465791,0.999285360615371
HSCB,0.799955094321425,4.41685528811058,1.94556069455088,0.163066032429496,0.999285360615371
EEF1AKMT1,0.982177382026584,4.00202378391393,1.94518951064864,0.163106171257534,0.999285360615371
NDFIP2,0.488059575061433,5.87170206946187,1.94391338567018,0.163244254060804,0.999285360615371
KAT2B,0.594949139644676,5.87477398559823,1.94383337324825,0.163252916231848,0.999285360615371
MAP3K7,-0.704246191486174,5.11230301978782,1.94300558579482,0.163342563582722,0.999285360615371
KCTD7,-0.553967985075735,5.26013952869218,1.94255484908213,0.163391400900199,0.999285360615371
KIAA1328,0.696560104041327,4.43426794470356,1.94011734683707,0.163655793334638,0.999285360615371
SNRNP40,0.496255145362065,5.72244775466137,1.93968370965036,0.163702880528359,0.999285360615371
RB1,-0.505870204651189,5.3368485630436,1.93881425471647,0.163797338322581,0.999285360615371
OASL,0.735080414494382,6.07645215918809,1.93843787813911,0.163838247272395,0.999285360615371
TM9SF1,-0.804907350053007,4.65609643089351,1.93730182988928,0.163961796906568,0.999285360615371
OTUD5,0.41243807228631,6.06449006898551,1.9360003669958,0.164103466856964,0.999285360615371
RFX7,0.607621797542041,4.91569636765284,1.93560068600406,0.16414700195402,0.999285360615371
APBB1,0.910941461788798,4.43534587611387,1.93387175241055,0.164335477453985,0.999285360615371
NUDCD2,0.46692143815258,5.93215172145085,1.93264014999235,0.164469888433036,0.999285360615371
KXD1,-0.439840523457034,5.89276768757942,1.93193871896234,0.164546495288774,0.999285360615371
INPP5K,-0.557002996330781,5.1527746553832,1.93023045166649,0.164733234530747,0.999285360615371
EGR1,0.71852734611007,4.63786280617031,1.92942735908924,0.164821108300957,0.999285360615371
PFKFB3,-0.764089881104728,5.18905400667757,1.92820651039884,0.164954795291151,0.999285360615371
TOP2A,-1.81069884700284,4.61005562733706,1.92810623049591,0.164965781782273,0.999285360615371
WDR13,-0.610930555303905,4.87089035214686,1.92635205526459,0.165158101543787,0.999285360615371
LYAR,-0.43747702799633,6.40795624052842,1.92622185789937,0.165172386005251,0.999285360615371
TAF7,-0.305623978192442,7.24990135440901,1.92586576411652,0.165211461661315,0.999285360615371
PSMC1,-0.41328809637018,6.27989773374387,1.92360972435325,0.165459272107223,0.999285360615371
CEP162,-0.988031585115922,4.29519852841536,1.91963899108853,0.165896463203428,0.999285360615371
MOSPD3,-0.668114308253227,4.93398594558214,1.91799018666438,0.166078390323773,0.999285360615371
DPYD,-0.629056452027051,5.13858093393859,1.91752483885928,0.166129777545661,0.999285360615371
MPHOSPH9,0.635174018487401,5.53420514378232,1.91524437839687,0.166381866439565,0.999285360615371
PLEKHB2,-0.425320499051375,6.02972391552342,1.91185100137535,0.166757791331255,0.999285360615371
TRPS1,-0.647328444860482,6.33396362361504,1.91149490725036,0.166797296468089,0.999285360615371
P4HTM,-0.607240852177569,5.05714928790491,1.91032916284034,0.166926699306073,0.999285360615371
PPIA,0.159053356792188,9.63679766381531,1.91012217519721,0.166949687873795,0.999285360615371
TRAPPC3,-0.385235710572716,6.20445498105926,1.90979796538024,0.166985702716691,0.999285360615371
OSGIN2,-0.724513232412965,4.30943916084916,1.90785793886496,0.167201396517885,0.999285360615371
ZYG11B,-0.698370696761042,5.09295684710451,1.90426170390499,0.167602073503624,0.999285360615371
TFG,0.460926209890897,5.68753596085066,1.90353803453898,0.167682834488344,0.999285360615371
LONP1,-0.759831979684321,4.76832443137142,1.90290457635612,0.167753564563722,0.999285360615371
ALG13,0.462186654838968,5.85225569119967,1.9028123832396,0.16776386142468,0.999285360615371
UQCRH,0.177723764173449,8.49307302100856,1.90156049619488,0.167903753835151,0.999285360615371
CPT2,-0.844165754096139,4.20433374743213,1.90147405648288,0.167913417992874,0.999285360615371
ZNF528,0.922814778442819,4.07793429560825,1.90032547047245,0.168041893061424,0.999285360615371
THOC1,-0.479445175020535,5.52713070636693,1.89848976291042,0.168247460060388,0.999285360615371
EXOC6B,1.1883194699543,3.7899312671164,1.89670196102464,0.168447939541881,0.999285360615371
JHY,0.928122010886927,4.03656247453783,1.89647100366354,0.168473858469442,0.999285360615371
EXOC5,-0.498053713601661,5.56646772208344,1.89541437803338,0.168592495397924,0.999285360615371
ADD3,-0.335608433208094,6.97146191987684,1.89421934439175,0.168726788078273,0.999285360615371
C8orf76,-0.717714388603908,5.07024459862349,1.8932227764466,0.168838871836529,0.999285360615371
CDK5,0.913549536767997,4.06901272589531,1.89194272596333,0.168982964086774,0.999285360615371
SASH3,-0.467599064270483,6.39021514196167,1.89093703076357,0.169096271737363,0.999285360615371
ARIH2,-0.375960443151078,6.46231800648996,1.8899329816041,0.16920948086264,0.999285360615371
DGKD,-0.589051849424109,5.18450588059892,1.88890952077933,0.169324968180114,0.999285360615371
MBD6,0.50418773641104,5.34203540095948,1.88884255223365,0.169332528061566,0.999285360615371
PSMD11,0.353176913164049,6.29783609946864,1.8871260238334,0.169526434098724,0.999285360615371
PTRH2,0.792907317415704,4.70505317517567,1.88632324136722,0.169617207089441,0.999285360615371
TMEM185B,0.84745152944203,4.26495737790444,1.88497247876651,0.169770067700333,0.999285360615371
ZNF44,-0.773997087396596,4.74718420250046,1.88373392086069,0.169910369469932,0.999285360615371
KPNA6,-0.490483066025121,5.75428245798908,1.8834163104185,0.169946369281535,0.999285360615371
SDF2L1,-0.359639542210851,6.52182177033815,1.88272807871242,0.170024407497316,0.999285360615371
SRSF2,0.302018432520487,8.03431989872091,1.88224114724323,0.170079645231325,0.999285360615371
GALNT3,1.16922114417374,3.94328274065173,1.88146567834546,0.170167657311507,0.999285360615371
RLF,-0.602698151760004,5.0287118934617,1.88099905254415,0.170220642340794,0.999285360615371
ABCA2,-0.779124302466866,4.40031757040673,1.88073787928792,0.17025030664457,0.999285360615371
CDKN2C,1.08042002592771,4.13086658618951,1.88026902649467,0.170303574274323,0.999285360615371
CCAR1,-0.333593062432756,6.53124018811668,1.87997445953552,0.170337050606096,0.999285360615371
MDM4,-0.279425151416489,7.55151155189544,1.87984520499736,0.170351742240864,0.999285360615371
SPNS1,-0.787171352940141,5.07446644435351,1.87823911740248,0.170534418556669,0.999285360615371
MAN1A1,0.539368742896668,5.49983702149772,1.87490029887087,0.170914895849542,0.999285360615371
ATP7A,-0.574871257922144,4.9705032163014,1.87433636778619,0.170979255173757,0.999285360615371
COX20,-0.30348953806176,7.00025361281761,1.87413814271254,0.171001884463451,0.999285360615371
TMUB1,-0.476720485389742,5.81127100303019,1.87408511976247,0.171007938123864,0.999285360615371
BPNT1,0.744629784861634,4.50520114447448,1.87347017537242,0.171078164658985,0.999285360615371
MAP4K4,-0.406734113557706,6.33704350385731,1.87306737591345,0.171124182236572,0.999285360615371
CTSA,-0.399582960619536,6.26861415555321,1.87122191118793,0.171335198104967,0.999285360615371
NCKAP1L,-0.3524665811,6.87472767785017,1.87103304899236,0.171356810019538,0.999285360615371
ZSCAN32,-0.811842534192106,4.20035540536155,1.87090237903607,0.171371764701734,0.999285360615371
DCTN3,-0.281122960462179,6.93062600715167,1.86708001598527,0.171809883899542,0.999285360615371
LINC00963,0.960270025235402,5.27943531032537,1.86579656769907,0.171957281264163,0.999285360615371
MTHFD2,-0.418248525879586,6.27272888658739,1.86379020179943,0.172187993250763,0.999285360615371
STK38,-0.492461104578389,6.11515455404122,1.8622815001978,0.172361713221086,0.999285360615371
NKAPD1,-0.496956405543529,5.51388547365274,1.86063458771115,0.172551577611759,0.999285360615371
IRF2BPL,0.599694285727921,5.15113248975706,1.85980160954325,0.172647699110436,0.999285360615371
WDR54,-0.584340983843918,5.55254093363014,1.85919675068318,0.172717535375588,0.999285360615371
EVI2A,-0.290104778910117,7.36395340451316,1.85686157025975,0.172987457455036,0.999285360615371
MAPK7,-1.02023896178898,4.00735086325016,1.85654040657267,0.173024618508841,0.999285360615371
PATJ,-0.602519031106822,4.85945647121864,1.85571833775369,0.173119779894437,0.999285360615371
VEZF1,-0.458444905032276,5.69107490484343,1.85400907036911,0.17331783478611,0.999285360615371
CAB39,0.354129908643007,6.79904068720382,1.85333007005189,0.173396583715113,0.999285360615371
SEC31B,0.703687321150315,4.46481121460707,1.85261331444328,0.173479756087583,0.999285360615371
EMC2,-0.564481095468207,5.23967173893574,1.85178993056658,0.173575358275439,0.999285360615371
PEMT,-0.890676701636528,4.06890058645813,1.84868779572272,0.173936088641719,0.999285360615371
ARHGAP19,0.770614191385882,4.58070980696178,1.84858549091945,0.173947999799163,0.999285360615371
NDUFA6,-0.255470395936824,7.19370972726442,1.84843936129,0.173965015027784,0.999285360615371
GCNT1,0.637046278490873,4.6027333746131,1.8475582912047,0.174067646802855,0.999285360615371
STIP1,0.424696762532363,6.36057559159134,1.84596331319653,0.17425361576284,0.999285360615371
RSRP1,-0.229948769773014,8.34152982407939,1.84546623490635,0.174311620130933,0.999285360615371
CTDSP1,-0.342526685716944,6.33011853378277,1.84344074978268,0.17454820520246,0.999285360615371
TTC7A,-0.572267573926543,5.38229466195674,1.84292359649239,0.174608670098068,0.999285360615371
ADRM1,-0.380292567712764,6.40551240348562,1.84152372603759,0.174772462207627,0.999285360615371
GATAD2B,-0.459651192377106,5.75718751637486,1.84133487412139,0.17479457240633,0.999285360615371
ZRSR2,0.451868212861987,5.84392116953428,1.83997529732839,0.174953842579619,0.999285360615371
APP,-1.09947511074778,4.24299685814527,1.83968534600641,0.174987831095073,0.999285360615371
COPA,0.4363432352213,6.22165846133026,1.83940381306888,0.175020840073978,0.999285360615371
NUFIP1,-0.835110494771441,4.19137605716165,1.83778501757715,0.175210778753538,0.999285360615371
ISCA2,-0.564743480696833,5.51899575815521,1.83670659053396,0.175337446009391,0.999285360615371
GTF2B,-0.382841074090079,6.08608223367118,1.83435205190986,0.175614366548616,0.999285360615371
ZNF84,0.633195850019974,4.59661519853549,1.83386716050272,0.175671457867201,0.999285360615371
CEMIP2,-0.454188066491128,6.73546901933924,1.83279583288149,0.175797672296342,0.999285360615371
MSI2,0.297123287036782,6.92597072191096,1.83268645084739,0.17581056460856,0.999285360615371
SLC26A2,-0.641147720717924,4.80225147127869,1.83239706185252,0.175844678695536,0.999285360615371
ZPR1,-0.513036086072236,5.40773613975533,1.83107493240387,0.176000632584856,0.999285360615371
POLR2F,0.418805533885126,6.54808723093691,1.83065584517357,0.17605009996624,0.999285360615371
ACOT9,-0.693853191950644,5.22312890505215,1.82932124372262,0.176207737827373,0.999285360615371
SYNE2,0.303226899811203,8.59722615834478,1.82826336218114,0.176332806265079,0.999285360615371
HPCAL1,-0.494645032652039,5.71475275879179,1.82746334753551,0.176427456275175,0.999285360615371
GRB2,0.265747680690459,7.2628594487156,1.82580970915975,0.176623284593186,0.999285360615371
SNX29,-0.74470860648794,4.66315529733613,1.82522097611365,0.176693064457511,0.999285360615371
PIK3CA,0.512515789955076,5.35688150331256,1.82483429572273,0.176738913236927,0.999285360615371
CD46,0.243957184531287,7.08072608031963,1.82388862118403,0.176851099910919,0.999285360615371
ANKH,-0.412852491322071,5.93228904720692,1.82344629131259,0.176903602310995,0.999285360615371
OPA1,-0.569877717998363,5.34937515272998,1.82338031101917,0.17691143539135,0.999285360615371
ANK3,-1.14585633034883,5.00771055321037,1.82153905662106,0.177130187804263,0.999285360615371
GIMAP4,-0.330246469541326,8.20017904743177,1.82069908809545,0.177230084916707,0.999285360615371
RASSF3,-0.449649079033016,5.76471866649798,1.81822247771905,0.17752500584947,0.999285360615371
PRPF19,-0.596213384679551,5.13875198160476,1.8174029000233,0.17762272791333,0.999285360615371
BIRC3,0.502649880551522,7.78296893027608,1.8167318609831,0.177702785256859,0.999285360615371
SURF4,0.297059467968283,6.73001467658925,1.81487225247432,0.177924860925824,0.999285360615371
PTRH1,-0.651553256646221,4.8849820764144,1.81348241176585,0.178091045860158,0.999285360615371
HELQ,-0.756195736726723,4.6684462972659,1.81179299333341,0.178293293076367,0.999285360615371
SCAPER,-0.669689160643599,5.22363682261252,1.81124445873457,0.178359017439827,0.999285360615371
EFR3A,0.420894042664436,5.91052758903933,1.81092616247254,0.178397167916906,0.999285360615371
GPAT4,0.730409213608855,5.08597104060861,1.81040775568795,0.178459323496905,0.999285360615371
AMD1,-0.265429940869774,7.14580175837129,1.81020011094841,0.178484226558782,0.999285360615371
PREP,0.651950125008097,4.71192883314955,1.80931469314196,0.178590460751211,0.999285360615371
ATG2A,-0.71810975998795,4.98694666046102,1.80761733398776,0.178794317583391,0.999285360615371
RIOK3,-0.368526323518105,6.36024512687482,1.80726790588162,0.178836318083762,0.999285360615371
ZDHHC7,-0.731180253145188,4.55600765608927,1.80676432130023,0.178896867912314,0.999285360615371
DDOST,-0.360481699576897,6.24163943364419,1.80528619917672,0.179074730702313,0.999285360615371
EIF3I,-0.284041615979839,7.13722396686421,1.80430316689649,0.179193132356758,0.999285360615371
MTFR1L,-0.943998306192134,4.61798969648601,1.8026505909977,0.179392381379568,0.999285360615371
CHMP4A,0.252102777912003,7.53964360928677,1.80196423174623,0.179475210118294,0.999285360615371
MT1E,1.97346877427632,4.32147761256727,1.80022371963277,0.179685450619537,0.999285360615371
PGM2L1,-0.50771248774826,5.78081450072317,1.79973764620655,0.17974421540927,0.999285360615371
FBXO3,-0.603893923054423,5.66751316644494,1.79965156224621,0.179754625012575,0.999285360615371
OSBPL9,-0.516587853600026,5.33219020830268,1.7991297817939,0.179817735629021,0.999285360615371
CUX1,-0.507575189977705,5.18155962916288,1.79778922289826,0.179979996999251,0.999285360615371
KANSL2,-0.613164495525547,5.30740964559734,1.79727482639083,0.180042304544676,0.999285360615371
EEPD1,0.885738576624825,4.58818107833226,1.79704690081375,0.180069920567329,0.999285360615371
TOE1,-0.94802595211646,4.61051853683006,1.79702287784427,0.180072831534668,0.999285360615371
PLK3,-0.542380141760955,5.81436639538813,1.79622851447817,0.180169118647722,0.999285360615371
PTPN7,-0.245782488857246,7.66423332198252,1.79361021974157,0.180486911725326,0.999285360615371
CASP1,-0.597833523912736,6.01843525154656,1.79321190045281,0.180535314161431,0.999285360615371
AKR7A2,-0.575733049019706,5.46811029964017,1.7931659020207,0.180540904705189,0.999285360615371
HINT1,0.203848627533697,9.77998062035959,1.79236481360747,0.180638299275969,0.999285360615371
JAML,-0.395509278853819,7.23167902155201,1.79142251212925,0.180752940039195,0.999285360615371
ZNF160,-0.71288988384994,5.1345724994044,1.79105629700563,0.180797516627997,0.999285360615371
PSMB6,-0.382996290183812,7.1543641723185,1.79021124773131,0.180900426618935,0.999285360615371
PRDM4,-0.77355988187146,4.48925291551599,1.78755011279541,0.181224942435886,0.999285360615371
RAB5A,-0.413774185051759,5.8993768962178,1.78634526968229,0.181372090280398,0.999285360615371
SLF2,0.453494638855929,5.83740015609592,1.78575719711537,0.181443961983663,0.999285360615371
DDRGK1,-0.420680608926757,6.08777860586966,1.78567864924972,0.181453564262332,0.999285360615371
MKRN1,0.408542450791579,5.91731767255616,1.7851499461735,0.181518212190941,0.999285360615371
LRCH1,-0.606295923611689,4.78213169892855,1.7822304808475,0.181875674603561,0.999285360615371
TIMM29,0.635749277451836,5.13766124609083,1.78072388278358,0.182060462922862,0.999285360615371
DDX49,-0.66495793885896,5.0927306171778,1.77829941738905,0.182358286910538,0.999285360615371
NAGK,0.457055220833717,5.79526864098256,1.77745191136936,0.182462528585124,0.999285360615371
RCOR3,0.606309186501023,5.67251534239916,1.77716680911183,0.182497611153895,0.999285360615371
TMEM192,0.682572874882527,4.52343401345902,1.77663676772899,0.18256285488889,0.999285360615371
NSFL1C,0.563522735099883,5.4889995892536,1.7763973325543,0.182592336251489,0.999285360615371
HLA-F,0.210127590264212,8.13312381372755,1.77535496993145,0.182720745400232,0.999285360615371
RRP15,0.50227516996183,5.66798980792874,1.77505637665594,0.182757548528673,0.999285360615371
PIN4,-0.368469696023981,6.26461446700772,1.77395755640654,0.182893057669153,0.999285360615371
MBD4,0.410588583797532,6.27814691883347,1.77263631599542,0.183056150424403,0.999285360615371
UPRT,-1.48143745047894,3.95408634198581,1.77231805760658,0.183095461150829,0.999285360615371
PRKAG2,0.447287583077317,5.64768550126194,1.77190102775054,0.183146986772031,0.999285360615371
RSAD1,-0.749500940181638,4.78042637135587,1.76970619152498,0.183418444328372,0.999285360615371
L3MBTL2,0.593964546999182,4.99844420454184,1.76934004062839,0.183463775295731,0.999285360615371
EXOSC1,-0.444408930653797,5.98828025938802,1.7693245690417,0.183465691027005,0.999285360615371
ABI2,0.518136019450955,5.37713922038349,1.7687412164236,0.183537940162698,0.999285360615371
SLC37A3,0.738361176461982,4.57272370363505,1.76838279929857,0.18358234704806,0.999285360615371
GPN1,0.649857368006694,5.06256339872506,1.7646104355403,0.184050488995174,0.999285360615371
ANKDD1A,-1.07040931772816,4.65082925148198,1.76389331341384,0.184139638816076,0.999285360615371
DDX56,0.639427811494141,4.94129533216145,1.76081513545341,0.184522875402994,0.999285360615371
MEX3C,-0.545456522415955,5.15098705601839,1.76068386735149,0.184539238992954,0.999285360615371
MED30,0.494466489272907,5.60657913693376,1.75931154702631,0.184710410269962,0.999285360615371
RPIA,-0.609980803416448,5.37020485511425,1.7590877311241,0.184738344589396,0.999285360615371
DCTN4,-0.70801313979756,4.74103034073557,1.75686828530117,0.185015617786635,0.999285360615371
FAM219A,0.939892163756498,3.82382193227708,1.75630677005823,0.185085843892667,0.999285360615371
TRNT1,-0.60531234242979,5.09215034694519,1.75553328924985,0.185182630231171,0.999285360615371
ELL2,-0.986266508110444,3.85796823493096,1.75475326556326,0.185280294804625,0.999285360615371
FAM161A,-0.919977473827764,3.87697217936928,1.75355086307901,0.185430961426384,0.999285360615371
TRMT112,0.248116695006959,8.03205419911993,1.75293049300379,0.185508752321114,0.999285360615371
C2CD5,0.585382998993156,4.82778066986933,1.74972458312472,0.1859113598476,0.999285360615371
SOD1,-0.193986752957452,8.53447746975427,1.74839730837009,0.186078339939121,0.999285360615371
CCNT1,-0.565260542520842,5.47627860448657,1.74806014108929,0.186120785602045,0.999285360615371
UAP1,-0.84574463934404,4.54881536082292,1.74774989438512,0.186159852198566,0.999285360615371
USP46,-1.03160078099636,4.53553215021297,1.74680596705496,0.18627877114736,0.999285360615371
MCOLN1,-0.99371606903132,4.07085832348292,1.74676279034077,0.186284212797255,0.999285360615371
VEZT,-0.449209601801704,5.669234007167,1.74614960285469,0.18636151401955,0.999285360615371
NBEAL2,-0.426576725735909,5.73289942788931,1.74543449937366,0.186451710331952,0.999285360615371
SF3B5,-0.240948812946583,7.81521170807108,1.74438158383316,0.186584607393417,0.999285360615371
SGTA,0.583807122594564,4.84434031594286,1.74088892091224,0.187026233997412,0.999285360615371
LSM1,0.350981292613667,6.21360880336073,1.74081310701655,0.187035833684617,0.999285360615371
POLR2J,0.265438712049734,7.160775510543,1.7405226326924,0.187072619351615,0.999285360615371
ASB3,-0.914469846341336,4.21617447571039,1.73814989694899,0.187373417855242,0.999285360615371
CCL28,-0.677435575960398,4.30895817914129,1.73768442510199,0.187432493032762,0.999285360615371
PHF12,0.469520692158144,5.63452057284949,1.73727745504161,0.187484161230367,0.999285360615371
DTYMK,0.491113114906126,5.22461059450489,1.73682483588016,0.187541644417289,0.999285360615371
P2RY11,0.988202842549704,4.11837792459843,1.7365951817345,0.187570818614599,0.999285360615371
DHX16,-0.528876154561098,5.20214346468824,1.73597349344149,0.187649821505485,0.999285360615371
MDH1,0.283002547940479,6.80238551614728,1.73351002770016,0.187963254618104,0.999285360615371
NCBP1,0.551259980421443,4.95552551299056,1.7334482233015,0.187971125980971,0.999285360615371
ARHGAP5,0.499417007534801,5.24677031106601,1.73295659983463,0.188033752447706,0.999285360615371
TOP3A,0.760771685611857,4.58281684392648,1.73279899091943,0.18805383492319,0.999285360615371
MIEN1,-0.399897271591858,6.6029033305195,1.73075811514942,0.188314108201132,0.999285360615371
POMP,-0.221158567909221,8.08321789170982,1.73001512686738,0.188408965724892,0.999285360615371
WEE1,0.660332155388552,4.63904102278189,1.72935784816971,0.188492927050017,0.999285360615371
EVA1B,0.633211025146567,5.08590806369038,1.72276720702322,0.189337234022114,0.999285360615371
KLHL5,-0.620507249602765,5.17177757828687,1.72248167517341,0.189373912067105,0.999285360615371
ALKBH8,0.984177952672204,4.03183357515953,1.72213859196393,0.18941799383055,0.999285360615371
CDK2AP1,0.902788988975256,4.56643458496029,1.7201528960659,0.189673365072078,0.999285360615371
PLAAT4,0.876437292567449,7.8228693315069,1.71797966274999,0.189953314560127,0.999285360615371
ARHGEF7,-0.594795516872776,5.15462889837985,1.71789705437201,0.189963965423106,0.999285360615371
EIPR1,-0.748775918596592,4.87779531286308,1.71787626645128,0.189966645760811,0.999285360615371
GTDC1,-0.597918804859089,5.03876242801487,1.71772066483505,0.189986710007892,0.999285360615371
CLPP,-0.347169040881791,6.57140595512049,1.71739548626971,0.190028648543835,0.999285360615371
TAF3,0.391870934275012,6.18435294793716,1.71521676249918,0.19030991878805,0.999285360615371
HMCES,0.618458479399438,5.49225982073767,1.71511863080481,0.190322598872212,0.999285360615371
RBM48,-0.598130537256872,5.05105103919417,1.71408049826052,0.190456801483997,0.999285360615371
HSD17B4,0.566839643270163,4.82619791658358,1.7130667144214,0.190587962955848,0.999285360615371
THOC2,-0.339399182069263,6.80965678103496,1.71293919349962,0.190604468832232,0.999285360615371
PROSER1,-0.72636472654749,4.8619345899833,1.71265204568024,0.190641642376869,0.999285360615371
TTC32,0.801244447109239,4.80918895219089,1.70866723728867,0.191158380986688,0.999285360615371
ATP8B2,-0.47287129261162,6.00390631503997,1.7071284887628,0.191358358651921,0.999285360615371
USP5,-0.639352797831211,4.92914267490909,1.70711583726302,0.191360003867866,0.999285360615371
CHCHD2,-0.173797222206957,9.10837758410624,1.70563149739989,0.191553143786691,0.999285360615371
PARP6,0.876128209099317,4.45459000557833,1.70555184603281,0.191563514323587,0.999285360615371
ZNF333,-0.774466131599867,4.24436485378699,1.70547293796188,0.191573788730038,0.999285360615371
LZTS2,-1.11679614224299,3.90901179360573,1.70513595558301,0.191617673531851,0.999285360615371
TMEM259,0.310051044842227,6.74355296865146,1.70376695438164,0.191796077567082,0.999285360615371
TMF1,0.273392192494333,6.92097773321242,1.69908500067062,0.19240768254791,0.999285360615371
PCNX3,-0.744453716683679,4.59805400634121,1.69856567022259,0.19247566303256,0.999285360615371
PEF1,-0.51687626922908,5.55084388350671,1.69676268386281,0.192711892227509,0.999285360615371
MAPKAPK3,0.388922052756133,5.94706226898946,1.695136782659,0.192925209962469,0.999285360615371
GTF2F1,-0.392286385724823,6.26980787778431,1.69495084056172,0.192949623079923,0.999285360615371
CCDC107,-0.256176444356907,7.50515171497773,1.69387341956773,0.193091153263981,0.999285360615371
DUS3L,0.897558731844696,4.2054252728114,1.69289575253604,0.193219684729172,0.999285360615371
ATAD3A,-0.9308001611714,4.27975909546267,1.68775558066658,0.193897097445603,0.999285360615371
PTPRE,-0.381924465233851,6.17563342885473,1.68765994313413,0.193909727601768,0.999285360615371
RALB,0.542289864309866,5.02097834992908,1.68762679312554,0.19391410570776,0.999285360615371
LSR,-1.0336652063332,4.02108568410516,1.68752814982303,0.193927134165791,0.999285360615371
WASL,-0.657901612091041,4.61370757108584,1.68704306966968,0.193991216726749,0.999285360615371
FAM200B,0.365100205205489,5.9898043649637,1.68679879052286,0.194023497124115,0.999285360615371
LINC02611,-2.0052579031114,4.32946778856648,1.686646827385,0.194043581542315,0.999285360615371
DENND1C,-0.669035800293814,5.18689003324518,1.6850536029549,0.194254298673269,0.999285360615371
BMI1,-0.455334033751715,5.3180052997885,1.68133758787837,0.194746813334857,0.999285360615371
SLC35D1,0.507051572129507,5.03206982811686,1.68024699121963,0.194891636426444,0.999285360615371
TMED7,-0.496890132208989,5.35851833385506,1.67882396146511,0.195080793676186,0.999285360615371
MKNK1,-0.509816704779348,5.66041307361348,1.67827665301922,0.195153602241159,0.999285360615371
C11orf21,-0.828295497640774,3.90199404417857,1.67728075992706,0.195286167719809,0.999285360615371
SRPRB,0.449665072037286,5.5890502878197,1.67706457544668,0.195314958423129,0.999285360615371
CCS,-0.448874796678504,5.74901677735635,1.67589222105556,0.195471175087742,0.999285360615371
UNC50,-0.556774148079961,5.27837439413187,1.67465762554366,0.195635843542788,0.999285360615371
CDKN2A,0.958335675557811,4.89191342638343,1.67239840017172,0.195937596277101,0.999285360615371
ZNF609,-0.557236048458515,5.33729689125744,1.67148908927042,0.196059201904891,0.999285360615371
NPLOC4,-0.595945124023948,5.44079358343645,1.67085715136712,0.196143765438744,0.999285360615371
CEP126,0.846485391730107,3.89499976810919,1.66795893175512,0.196532141882191,0.999285360615371
SFXN1,0.321569780606313,6.51604914536818,1.66766416501993,0.196571692600356,0.999285360615371
NAA10,-0.383132456096865,6.54795952997996,1.66749910189306,0.19659384423765,0.999285360615371
UBE2V1,0.534581273372856,7.73201767156414,1.66654650443632,0.196721740933366,0.999285360615371
TRIM22,0.285384043507674,7.59214211433288,1.66628716013685,0.196756577643423,0.999285360615371
CSF2,2.60830215880366,6.68607192803091,1.66617991553834,0.196770985505496,0.999285360615371
BTN2A1,0.515762799890554,5.48183781136492,1.66537421490468,0.196879267550133,0.999285360615371
PREPL,0.492980782243698,5.28157579436533,1.6650022963826,0.196929275053203,0.999285360615371
MYSM1,0.401543579267801,5.8772828517987,1.66489734179264,0.19694338975374,0.999285360615371
MAP4K2,-0.553925866359139,5.64800048515149,1.66346400342829,0.197136269374353,0.999285360615371
MTHFR,0.576887238665428,4.87758957790245,1.66149331192502,0.197401820455984,0.999285360615371
ADRB2,-0.959838001681053,4.13709669134711,1.66019708272587,0.197576716248341,0.999285360615371
PDIA3,-0.284096198400614,7.64222742083209,1.65949191011797,0.197671939093371,0.999285360615371
OAS2,0.561556556283488,6.37362852223082,1.65947166621713,0.197674673519091,0.999285360615371
MPHOSPH10,-0.458202350005922,6.08972549053639,1.65615593157943,0.198123142519344,0.999285360615371
ATP5PF,0.182115772351887,8.22431447208428,1.65517437088009,0.198256132177038,0.999285360615371
EHBP1,0.673019580243778,4.45446328431017,1.65446451125845,0.198352374869343,0.999285360615371
MEGF9,0.706458762738423,4.26053551439425,1.65367493679254,0.198459489695487,0.999285360615371
BACH1,-0.610079005732206,5.26770057276102,1.65295889036167,0.198556688292733,0.999285360615371
CA5B,-0.575657761850115,4.97922807529114,1.65138458804255,0.198770585989825,0.999285360615371
ETHE1,-0.387103678891847,6.3267747119555,1.65053280016829,0.198886429657973,0.999285360615371
LRRC61,0.961812949449375,4.16344802520521,1.65017345111816,0.198935325114019,0.999285360615371
ADPGK,0.367274146180061,5.98103988870527,1.64739786228553,0.199313466277605,0.999285360615371
NUMB,-0.458282423874655,5.59932007355454,1.64722538297333,0.199336992382159,0.999285360615371
PIK3AP1,0.809468612086621,4.08454204433871,1.64644196442646,0.199443891387952,0.999285360615371
GCN1,0.568177669998773,4.96781879707532,1.64511975629971,0.199624462028036,0.999285360615371
CLPTM1,-0.496004838035653,5.35126194607508,1.64455873107941,0.199701137846831,0.999285360615371
CNOT11,-0.582993332386073,5.29566248505165,1.64422326671117,0.199747002588473,0.999285360615371
ABHD10,0.693112431904177,4.52924140954239,1.64315990323993,0.199892467605331,0.999285360615371
USO1,0.374542562706094,5.93647925617209,1.64222542326456,0.200020404480855,0.999285360615371
POC1B,0.511176386296505,5.58139651040933,1.64187949322946,0.200067789129433,0.999285360615371
REXO4,-0.449860269170302,5.71006129750359,1.64162700603324,0.200102382533185,0.999285360615371
TUBGCP3,-0.605532718668075,4.74964297924126,1.63965640894543,0.200372616705717,0.999285360615371
SH3GLB2,-0.497169184712921,5.49063389538588,1.63757664236864,0.200658286947862,0.999285360615371
RASA3,-0.677122213151264,5.19638309243528,1.63730184937233,0.200696067449012,0.999285360615371
AHCYL1,-0.402724510553277,5.85500334467783,1.63536524656829,0.200962562682995,0.999285360615371
SULF2,-0.755375032511315,4.39115428039248,1.6336801972954,0.201194780283425,0.999285360615371
VPS33B,-0.984034178677774,4.09428918931219,1.63314232316366,0.201268971451234,0.999285360615371
SACM1L,-0.391517419777916,6.01007209608965,1.63006860725835,0.201693559467959,0.999285360615371
ZNF585A,0.507641716997372,5.40046940466575,1.62983934551555,0.201725270762858,0.999285360615371
PAX8-AS1,1.04021352940147,4.51298223398287,1.62947016812915,0.20177634740288,0.999285360615371
PAICS,-0.625024026403037,4.85370258469563,1.62867889359796,0.201885873533741,0.999285360615371
MPG,-0.338600706944456,6.1899693159236,1.62691565620598,0.202130187927744,0.999285360615371
UQCR10,0.156639269658795,8.40090427411114,1.62651772687244,0.202185373178454,0.999285360615371
DDX59,-0.562996051633655,5.30732100414957,1.62629609377482,0.202216117173696,0.999285360615371
ERCC6L2,0.548787450800489,5.28582727176456,1.62566530286985,0.202303647909509,0.999285360615371
SLAMF6,0.476754195121026,5.42813030975853,1.62513283215614,0.202377570107269,0.999285360615371
PIGC,-0.634241685002526,5.4444278744073,1.62510572210615,0.202381334609822,0.999285360615371
FBXO9,-0.404018631476799,5.90918260088735,1.62459366615962,0.202452454202275,0.999285360615371
IRF2BP1,-0.79725444940143,4.27996347862125,1.62252256829486,0.202740409893724,0.999285360615371
MICAL3,0.947768221798349,4.10122273047045,1.62196708959694,0.202817723030032,0.999285360615371
EIF2B4,-0.667692341268505,4.86709716613694,1.62126026936497,0.202916150519883,0.999285360615371
PICALM,-0.390346117574537,5.94495066396784,1.62115608841436,0.202930662881975,0.999285360615371
NAIP,-0.639067559231025,4.64228800669036,1.62067949432362,0.202997067823984,0.999285360615371
SEC13,-0.424587859337124,5.53722775429531,1.6205968560188,0.203008584610726,0.999285360615371
EIF1B,-0.246920523780682,7.3211901441143,1.62055511210815,0.203014402492546,0.999285360615371
CCDC69,-0.517143082653407,6.20743137407757,1.61963559204682,0.203142606548097,0.999285360615371
USP8,-0.369430938983761,6.63024654867549,1.61939178608325,0.203176615179116,0.999285360615371
RAB37,-0.633272912021569,5.15635077999623,1.61919393719959,0.20320421816051,0.999285360615371
DYNC1H1,-0.347496105077701,7.12684061416092,1.61866384307741,0.203278196270284,0.999285360615371
GAB3,-0.432665948729321,6.14631082570613,1.6178799442248,0.20338765265046,0.999285360615371
FAM184A,0.803652668755811,4.51735970749088,1.61623566101999,0.203617470795832,0.999285360615371
MORC2,-0.817715725855613,4.31570922547158,1.61562167364015,0.203703365022048,0.999285360615371
LMAN1,0.278007985133907,6.79239980893475,1.61382346796684,0.203955172121123,0.999285360615371
MIB2,0.504704142671139,5.56823371683944,1.61285063189696,0.204091553633484,0.999285360615371
MYBL1,-0.632670072546233,5.45928626024098,1.61236528364749,0.204159634608831,0.999285360615371
RAPGEF2,0.695345586330146,4.58066231180455,1.61118926385219,0.204324708814883,0.999285360615371
PSMA1,-0.321545584975804,7.46761940670445,1.61094484115283,0.204359037409907,0.999285360615371
LAMP1,0.299806069724148,6.71915442093602,1.60812862948555,0.204755058735651,0.999285360615371
AMPD2,0.668414638929359,4.4450980082759,1.60789481390127,0.204787979022227,0.999285360615371
IFT52,-0.801882704503383,4.46149480378094,1.6077999926702,0.204801331246353,0.999285360615371
MAPK3,-0.5761304705326,5.01777544058053,1.60768496694622,0.204817529938596,0.999285360615371
ST3GAL1,-0.342710888403231,6.10809857355876,1.60744892721661,0.204850775365483,0.999285360615371
WDR3,-0.667617121325733,4.28847028798032,1.60720367504464,0.2048853250775,0.999285360615371
MTHFD1,0.612722931281772,4.73789901852272,1.60642385495006,0.204995227318877,0.999285360615371
TRIM33,-0.43318365412652,6.26971862244948,1.60619294193837,0.205027783883397,0.999285360615371
NIPSNAP1,-0.746331802184448,4.77815231278831,1.60341123541354,0.20542045812004,0.999285360615371
TPM1,0.652093257638226,4.88055332297397,1.60312625878879,0.205460736385245,0.999285360615371
PMPCA,-0.552544042756102,5.24610529917341,1.60188655775185,0.20563606278765,0.999285360615371
ABHD17B,-0.703709227815049,4.44400039551666,1.60063025476699,0.205813917315304,0.999285360615371
RPA2,-0.343711117464977,6.27450053861066,1.60057837557445,0.205821265743778,0.999285360615371
PI4K2B,0.636393592969653,4.53457775901694,1.5997467075356,0.205939109657507,0.999285360615371
PMM1,-0.495245396266907,5.38436925626987,1.59955382029516,0.205966452357915,0.999285360615371
ADCK5,-1.00754709442605,4.08039434065345,1.59860281144789,0.206101325142991,0.999285360615371
SPECC1,0.86403796646542,3.94511097795867,1.59844965766672,0.206123055273974,0.999285360615371
CYTH4,-0.451617721297483,5.77948126298252,1.59802766693743,0.206182943168733,0.999285360615371
PXN-AS1,-1.04498003849764,4.14958539385235,1.59801465063485,0.206184790737251,0.999285360615371
CYP4V2,0.644694985018841,4.62351804386502,1.59781363709164,0.206213325615062,0.999285360615371
SMC2,-0.568981478879161,5.26407656174923,1.59713718501017,0.206309385628124,0.999285360615371
PITHD1,-0.38698302912943,6.25362364149369,1.5958603253629,0.206490850957465,0.999285360615371
SOCS2,0.708336546485529,5.87933728894739,1.59574179514448,0.206507705849646,0.999285360615371
DNM2,0.426796839728029,6.20929127742313,1.59376385879517,0.206789206609586,0.999285360615371
PCED1B-AS1,0.939938214308254,8.73773814416554,1.59327057722456,0.206859481262981,0.999285360615371
TSG101,0.408451194729349,5.97783658252178,1.59307813236897,0.206886905294759,0.999285360615371
TMX1,-0.475538852803996,6.19392764267966,1.59298714215553,0.206899873198289,0.999285360615371
PFKP,0.430006966306601,5.87650458483088,1.59172918433788,0.207079255506399,0.999285360615371
GPATCH2L,-0.390741378174749,6.367502877245,1.59141940911793,0.207123457037747,0.999285360615371
BSCL2,0.940113896771272,3.99863248688813,1.59088390960407,0.207199893252228,0.999285360615371
NETO2,0.821383128814529,4.47289359806135,1.59067166974,0.20723019720343,0.999285360615371
TNPO2,-0.835797058343136,4.18653266644952,1.58992861327328,0.207336333286428,0.999285360615371
RAB11B,-0.401462902764973,6.10585125046618,1.58772342132538,0.207651695156471,0.999285360615371
AREG,1.87411358921819,4.24838178747413,1.58754315126756,0.207677500424764,0.999285360615371
CYTH3,-1.05534774675302,4.16237350292848,1.58676135295912,0.207789457043707,0.999285360615371
SGSM3,0.67355115133475,5.13520304130623,1.58665665808796,0.207804455181756,0.999285360615371
MRPL35,0.422214254463624,5.58635670089506,1.58653925026222,0.20782127604571,0.999285360615371
EXOC2,0.460779366525415,5.29877852635529,1.58567215008729,0.207945554204886,0.999285360615371
MSL1,-0.418430333474079,6.07020397739425,1.58492173216942,0.208053179685083,0.999285360615371
CCDC14,0.490899682873745,5.50448992855887,1.58396635541399,0.208190295845984,0.999285360615371
HDAC6,-0.593524582870249,4.52840983550635,1.5834634426594,0.208262517078853,0.999285360615371
LENG8-AS1,0.859430563911299,4.11565717076146,1.58140933269816,0.208557807252069,0.999285360615371
DHRS7,-0.275444579825662,7.09950973943972,1.58093380481886,0.208626237720246,0.999285360615371
HERC4,0.344204959116776,6.55225089192802,1.57917041966064,0.20888022831418,0.999285360615371
DCTN2,0.500064296010483,6.15695746161783,1.57914478540478,0.208883923262143,0.999285360615371
BIRC6,0.26261046790697,6.9007788072272,1.57804841040968,0.209042028307718,0.999285360615371
A2M-AS1,-0.963540351129803,4.08961589211278,1.57604422825804,0.209331411856007,0.999285360615371
NUP98,0.386844166903854,5.62812258716311,1.57587724725087,0.209355543611685,0.999285360615371
PRKCQ-AS1,0.740582727208072,6.93323075897211,1.57522079241837,0.209450445059871,0.999285360615371
TALDO1,0.255347349067812,6.97975884141509,1.57159992350295,0.209974818099303,0.999285360615371
ZNF746,0.728562445693189,4.27364087155823,1.57127532161214,0.210021902732923,0.999285360615371
RABGAP1,-0.59856801070755,5.13982443572536,1.57027051250792,0.210167733088835,0.999285360615371
DNAJA3,-0.642590922375471,5.045761295955,1.56856545154802,0.210415467265982,0.999285360615371
NBPF9,0.86954990541431,4.00108375899935,1.56853944831632,0.210419248042718,0.999285360615371
OCIAD2,-0.269920846163787,7.78072497043325,1.56440192634989,0.211021855810108,0.999285360615371
GUSB,0.399763855681875,5.52510497918511,1.56229095697088,0.211330095166324,0.999285360615371
KMT2D,0.504816133599729,5.17885489751362,1.56189017733838,0.211388676458813,0.999285360615371
PPP1R7,0.258265684402759,6.84989567399436,1.56139041282881,0.211461753187349,0.999285360615371
ENDOG,-0.5100275535509,4.98276101058758,1.5583051156116,0.211913556570831,0.999285360615371
PIP4K2C,0.719684263597377,4.38897558432836,1.55795586233622,0.211964772482275,0.999285360615371
SPTBN1,-0.534727938122979,5.82562713108115,1.55727165922991,0.212065149363227,0.999285360615371
DHDDS,0.601705829454056,4.76797899202461,1.55685327514366,0.212126556717889,0.999285360615371
CHPT1,-0.760299804126946,4.69913283497914,1.5567498784968,0.21214173577246,0.999285360615371
ELMO1,0.404234793381023,5.9503109073837,1.55672114081111,0.212145954812234,0.999285360615371
SCRIB,0.748510396232476,4.44187701918095,1.55386097111757,0.212566360901588,0.999285360615371
PCIF1,-0.491936561331595,5.27462394157793,1.55348102050715,0.212622282852693,0.999285360615371
NOSIP,-0.391527556866518,7.19605969139584,1.55138929277005,0.212930460791015,0.999285360615371
RBM18,0.56974325888072,5.15536185119739,1.55062270607167,0.213043536141388,0.999285360615371
NEK1,0.61474723836226,4.53056357425001,1.55016733737853,0.213110739047573,0.999285360615371
ATXN7L3,0.520436940526443,5.062319876554,1.54930901007821,0.213237478687709,0.999285360615371
WBP1,-0.802378677523243,5.31857410033644,1.54888980225074,0.213299410978763,0.999285360615371
SLC2A4RG,-0.365049896174082,6.33819713927858,1.54876058225668,0.213318505794139,0.999285360615371
OAS3,0.776427064496789,5.39266616139232,1.54658117967617,0.213640861851423,0.999285360615371
CREM,0.420673692549625,7.40812807972388,1.54638887312374,0.213669333743725,0.999285360615371
SECISBP2L,0.44763037287254,5.62154372936886,1.54452916034694,0.213944905743823,0.999285360615371
HGSNAT,0.495390649059504,5.18007968385077,1.54439788841827,0.213964373554362,0.999285360615371
RP9,0.526651768146922,5.37105686205993,1.54434616870557,0.213972044238168,0.999285360615371
ZBTB11,-0.409292224251672,5.87028753854818,1.54416032962118,0.213999609208486,0.999285360615371
PCBP2,-0.191555425721355,8.32019136111356,1.54393824869364,0.214032555361138,0.999285360615371
KCTD20,0.452457316828814,5.68450534012824,1.5424165894708,0.214258458807723,0.999285360615371
FBXO48,-0.745087379237553,4.0837873659472,1.5405907291167,0.214529897735818,0.999285360615371
UBE2L6,0.466855580290461,6.93577937777681,1.53943770815521,0.214701520576476,0.999285360615371
RAB33A,-0.593507703352486,5.25557089711548,1.53893586192237,0.214776269494656,0.999285360615371
ELOC,0.304028775313318,6.95576713894357,1.53881823516625,0.214793794224022,0.999285360615371
CIAO3,1.78051813550599,4.02694567365928,1.53811626956625,0.214898412571656,0.999285360615371
ZFPM1,-0.495743339369073,5.32829412992302,1.53709539491155,0.215050668121289,0.999285360615371
ZNF605,0.659631218570871,4.46574155090172,1.53709154822844,0.215051242066888,0.999285360615371
PTPN11,0.475545530991267,5.94864634808678,1.53663700691344,0.215119074881466,0.999285360615371
HYOU1,-0.515771201295791,5.3491449549601,1.5361289209911,0.215194928476524,0.999285360615371
ZCRB1,0.336163006730242,6.87703140249011,1.53612118429794,0.215196083755408,0.999285360615371
NFX1,0.553532963917566,5.2067462664811,1.53458527861745,0.21542557851803,0.999285360615371
CCDC112,-0.931865094175581,4.20461539987805,1.52801273135491,0.216410943513398,0.999285360615371
NMT2,0.457811067725002,6.08270930264508,1.52625397958833,0.216675527396858,0.999285360615371
MIR181A1HG,0.866339830509537,4.32049829981573,1.52612756644397,0.216694559631035,0.999285360615371
SRP14,-0.120990061092345,9.65348311418702,1.52588875694083,0.216730519225192,0.999285360615371
ACTR10,0.369349913193505,5.95990797239148,1.5241434512491,0.216993540795393,0.999285360615371
DELE1,0.526667336308115,4.98602908319087,1.52202327656703,0.217313567777285,0.999285360615371
DCAF13,-0.582704681662028,5.45673417497431,1.521858836916,0.217338412399362,0.999285360615371
SETDB1,-0.739295524794352,4.28862996692154,1.52151952660601,0.21738968832862,0.999285360615371
NHLRC3,-0.409181898073763,5.85079120197907,1.52106231958952,0.217458803389074,0.999285360615371
GOLGA1,-0.74884465382328,4.41150410584774,1.52095028726263,0.217475743084329,0.999285360615371
CDKN2D,-0.422416518219334,6.55872570143258,1.52083673042152,0.217492914896783,0.999285360615371
SETX,0.34390483671683,7.0539431340223,1.518572570888,0.2178356336787,0.999285360615371
NIFK-AS1,-0.674953243542013,4.77825222005897,1.51824115863723,0.217885852519681,0.999285360615371
PCNP,0.261541473371116,6.96102579980413,1.51805603997327,0.217913909527443,0.999285360615371
FDFT1,-0.329727830878909,6.43157119169144,1.51668425972051,0.218121953977023,0.999285360615371
DNAJC17,0.540982765175849,5.01997797446823,1.51644079542161,0.218158902563113,0.999285360615371
SLAMF1,0.3578732867526,7.12924957271096,1.51591470240504,0.218238768893974,0.999285360615371
SNX30,0.821530779388501,4.35192429012494,1.51590842573814,0.21823972196705,0.999285360615371
BCKDK,-0.657232818069635,4.55266320520213,1.51564370079202,0.218279923334257,0.999285360615371
PET117,0.655498765610514,4.79637437481363,1.51421049394408,0.218497724834926,0.999285360615371
HSBP1L1,0.76596018404513,4.20615949167473,1.51416306329564,0.218504937203655,0.999285360615371
LEPROT,-0.432222545632617,5.95305036898096,1.51303604068526,0.218676397375153,0.999285360615371
EIF2AK2,0.407757310913223,7.34545308893707,1.51282942759616,0.218707847973969,0.999285360615371
ANP32A,0.309290180431477,7.39165444109671,1.51155529663009,0.218901915220483,0.999285360615371
SND1-IT1,0.848151226967051,4.41240485347062,1.51123737058175,0.218950371654825,0.999285360615371
SCNM1,-0.413881119505639,5.78441363395978,1.51063554849457,0.219042132923698,0.999285360615371
POLR2G,0.274596134261253,6.7699333233981,1.5105923806888,0.219048716587384,0.999285360615371
RBM14,0.53904938505613,5.39832958009404,1.51034699702501,0.219086145342322,0.999285360615371
TIMM21,0.719723167620859,4.16703320670848,1.51024771701276,0.219101290847116,0.999285360615371
MAP1LC3A,-0.6665534560459,5.08534506881293,1.50894355234311,0.219300361702232,0.999285360615371
CARMIL2,0.661103981140212,4.68876584554669,1.50529624892517,0.219858242416836,0.999285360615371
IQGAP2,-0.341417985305587,6.99512386004289,1.50482300491213,0.219930752566166,0.999285360615371
COX6C,0.136055454094757,8.95617905991582,1.50422660708553,0.220022172949282,0.999285360615371
THG1L,-0.779804973170552,4.20512607801788,1.50398126058936,0.220059794698492,0.999285360615371
MYO7A,-0.901654803004727,4.14236975353093,1.50231509522837,0.220315490052063,0.999285360615371
DVL2,-0.783627544706423,4.4747025714368,1.50143778606589,0.220450267527115,0.999285360615371
RORA,-0.398242593789464,8.42634147748652,1.50057167682692,0.220583421056651,0.999285360615371
IP6K2,0.531451800816902,5.83080525507515,1.50052496354408,0.220590605374443,0.999285360615371
DDA1,0.361822058417428,6.00020103516342,1.49975782474997,0.220708628295413,0.999285360615371
STT3A,-0.59919490437416,4.92154125660494,1.49869089808623,0.220872898540293,0.999285360615371
LINC02361,0.711167753824518,4.3072747844294,1.49790239283683,0.220994395323295,0.999285360615371
GCHFR,0.508599800081996,5.92998508893903,1.49710012061465,0.22111809539974,0.999285360615371
RINT1,-0.792114715026301,4.10331922680307,1.49704241658785,0.221126995810569,0.999285360615371
BZW2,-0.561555921990179,5.46338739729032,1.49689733889249,0.221149374842948,0.999285360615371
PTPN18,-0.375071196760636,6.16475521154291,1.49639975678296,0.221226150193799,0.999285360615371
GCDH,-0.662452226107465,4.84929263978566,1.49565909393548,0.221340491172557,0.999285360615371
TUBE1,0.576378345891318,4.62522584913202,1.49391275517703,0.221610364814755,0.999285360615371
MRPL20,-0.27494530723627,7.3598337360555,1.49367062757764,0.221647813502057,0.999285360615371
SCYL1,0.541302929106905,5.06998660162234,1.49242986504402,0.221839834980472,0.999285360615371
NDUFB10,-0.271870996374811,7.49607472454684,1.49213702794273,0.221885183725461,0.999285360615371
ZFP90,0.519213090270545,5.17591645395991,1.4902842195437,0.22217236681724,0.999285360615371
SNAP47,0.640800603492159,5.30273462590095,1.48783338144447,0.222552927445403,0.999285360615371
NSG1,-0.874119681522141,4.77644635447707,1.48461865119676,0.22305328731078,0.999285360615371
UBA2,-0.330251938301621,6.3727569868222,1.48435871110831,0.223093804775508,0.999285360615371
MGST3,-0.245281299636452,7.03916247777728,1.4838875801383,0.223167263521095,0.999285360615371
IER2,0.498504312168614,8.43916797921888,1.48341975827744,0.223240234977347,0.999285360615371
SUGP1,-0.645978877564093,4.46707228585692,1.48190589344624,0.223476565525864,0.999285360615371
TUT7,0.314747472316474,6.3530104381718,1.48190020561989,0.223477454021584,0.999285360615371
UBE2F,-0.465612906309446,5.58003623588304,1.48170834589876,0.223507426920112,0.999285360615371
NOC3L,-0.445179699637938,5.46981693215023,1.48118218280433,0.223589650408237,0.999285360615371
KMT2A,0.162951129920538,8.22050235216337,1.47929386172725,0.223885036869673,0.999285360615371
SLC25A45,-0.602730060028548,5.71153385484876,1.47770919331563,0.22413328448927,0.999285360615371
NUP50,0.338898532149171,6.36936072707368,1.4768324392598,0.224270774935441,0.999285360615371
NPM1,-0.184147652022142,9.47812850445835,1.47625731684435,0.224361019155084,0.999285360615371
PEX6,0.815248595511425,4.31660645078908,1.47604647192252,0.22439411438305,0.999285360615371
EEF1B2,-0.254827287287129,10.1617865930555,1.47474602811291,0.224598367702572,0.999285360615371
COTL1,-0.268824428819541,8.8243412198715,1.47427832766993,0.224671881256334,0.999285360615371
ST3GAL5,-0.484150116767052,5.99416946608321,1.47420637416564,0.224683193530317,0.999285360615371
LBR,0.324825708561634,6.94815055397688,1.47397234956496,0.224719990769504,0.999285360615371
WDFY2,-0.416997570297913,5.79644128212432,1.47200880171218,0.225029017322239,0.999285360615371
C17orf67,0.661382487276975,4.60356997136129,1.47148956397429,0.225110821059184,0.999285360615371
DLST,0.589117862615213,4.90324011844328,1.47112602309834,0.225168116639391,0.999285360615371
NCALD,0.696309866837145,4.61763914543872,1.47099099868108,0.225189401514553,0.999285360615371
POLH,0.617654336742456,4.31222534075381,1.47046006120998,0.225273120439115,0.999285360615371
AKAP7,-0.565122195775882,4.75252193102618,1.47019961743295,0.225314201211321,0.999285360615371
THUMPD3-AS1,0.414800538165476,6.46057621842396,1.4686951768103,0.225551678283484,0.999285360615371
GRAMD1B,-0.555170550872447,5.04683202792194,1.46800920110817,0.225660059759842,0.999285360615371
NOL4L,0.559535146972253,4.75603301019089,1.46762085078581,0.225721445301258,0.999285360615371
PHACTR4,0.336317339882522,6.01579312848715,1.46678229449142,0.225854062129144,0.999285360615371
GAS5,0.987488512665179,8.66223534871912,1.46503220157337,0.226131138993938,0.999285360615371
MOB3A,0.37846829313775,6.12217789796652,1.46454419706976,0.226208473224259,0.999285360615371
MAP4K1,0.438332912724508,5.64457682083245,1.46451348814428,0.226213340739547,0.999285360615371
ZNF397,-0.567555692810802,5.07063854108245,1.46430093054109,0.226247035610438,0.999285360615371
PSMG4,0.343058278809763,5.83963133229602,1.46380090174495,0.226326324507795,0.999285360615371
COX18,0.568788493029462,4.65664910049737,1.46289084280478,0.226470716991966,0.999285360615371
SNRPA1,0.356199106512682,6.34336126942931,1.46282953206835,0.226480448701427,0.999285360615371
NME4,0.84494080894123,4.17147763730272,1.46216533484973,0.226585907370746,0.999285360615371
VPS37A,-0.506985542718971,5.15066628565895,1.46084668512247,0.226795452342659,0.999285360615371
PKNOX1,0.493562860626916,5.11146697397493,1.45898182794991,0.227092192056043,0.999285360615371
GANC,0.741864039561476,4.08699481693801,1.45859741429059,0.227153418693048,0.999285360615371
ARMH3,0.600557722112154,4.64528759316269,1.45853453217202,0.22716343599155,0.999285360615371
LRIG1,-0.74168503262309,4.55624760032797,1.45848430611824,0.227171437524683,0.999285360615371
FLOT1,-0.547204321492605,5.57671594018364,1.45621735719101,0.22753293903905,0.999285360615371
GON4L,-0.291980079439638,6.47111872120335,1.45616590126597,0.227541152537816,0.999285360615371
STX8,0.372273560389139,5.95988863350229,1.45573896056088,0.227609315426264,0.999285360615371
PTPRN2,0.784668680903738,4.62600023854508,1.45453954179043,0.227800939108013,0.999285360615371
ENDOD1,0.510544082869613,4.71270122968849,1.45407404304241,0.227875361198167,0.999285360615371
USP37,0.575843522687174,4.77538757116937,1.45405193712425,0.227878896131657,0.999285360615371
DHRS12,-0.723693213905754,4.61554423480625,1.45329729029714,0.227999610451384,0.999285360615371
LRRFIP1,-0.209989189021089,8.9009561982415,1.45322417742138,0.228011309770951,0.999285360615371
RAD54L2,0.523999544249835,4.785599323849,1.45242702967796,0.228138914004679,0.999285360615371
LTBP4,-0.617453297438335,4.93997967528215,1.45241821077121,0.228140326180429,0.999285360615371
GCLC,-0.676939674586433,4.37268765118436,1.45213748089891,0.228185285084043,0.999285360615371
TMEM184C,-0.776965376066398,4.19100623630813,1.45160213904999,0.228271049652059,0.999285360615371
ST8SIA1,-0.616906157386987,5.54744980570451,1.4512639537505,0.22832524869382,0.999285360615371
ATP6V0C,0.799580263102281,7.49267087127054,1.45015697697309,0.228502765898313,0.999285360615371
HEBP2,-0.267775726793578,6.9000095549027,1.44917005685689,0.22866117059204,0.999285360615371
TIMM13,0.407959640495106,6.23093852999066,1.44910127979679,0.228672214514239,0.999285360615371
MDM2,-0.377603488947494,5.88231916610382,1.44790660266006,0.228864153045803,0.999285360615371
USP20,0.534966003852897,5.0454080931515,1.44617745331672,0.229142304199164,0.999285360615371
RNGTT,-0.514116967765981,5.24086341929136,1.44421871920878,0.229457878153643,0.999285360615371
DHX40,0.509971000778703,5.18437607738901,1.44346083145233,0.229580122742007,0.999285360615371
SUPT16H,0.267591036322219,6.75821508573828,1.44322259869517,0.229618565035568,0.999285360615371
PPP4C,0.25460131380021,6.86696531993846,1.43998249305412,0.23014217346839,0.999285360615371
CXCL13,1.90523748925689,7.04449229832947,1.43765873200585,0.230518584528247,0.999285360615371
RRN3,0.517988718208918,5.13646887321189,1.4374739074071,0.230548554914067,0.999285360615371
KCTD10,-0.719867313889259,4.35902261043908,1.43740160996419,0.230560279643654,0.999285360615371
RMI1,0.754352982887434,3.90430237529946,1.43519534542104,0.230918423193825,0.999285360615371
DCAF12,0.656524364314638,4.67807364054414,1.43481686625634,0.230979929203718,0.999285360615371
ARPC1A,0.436899800442968,5.35052338496791,1.43346372578815,0.231199987401874,0.999285360615371
PLGRKT,0.378431424697313,5.86397803306752,1.43261027655822,0.231338911963924,0.999285360615371
LYPLA2,-0.401395397075475,5.77669629425717,1.43173077449922,0.231482182767202,0.999285360615371
MTLN,0.675718330161341,5.86718727345602,1.43113141067187,0.231579880405522,0.999285360615371
TPR,-0.213486013349126,7.91932319346649,1.43095041893207,0.231609392240201,0.999285360615371
INO80,0.461086944831982,5.45396518478714,1.43088727678679,0.23161968902929,0.999285360615371
SPSB2,0.748929563442635,4.59230485436773,1.42812609542538,0.232070504284768,0.999285360615371
ANKRD49,-0.362288944194416,6.09042850904214,1.42725003167019,0.232213759553599,0.999285360615371
PPTC7,-0.437097548284997,5.59611623757986,1.42681652622172,0.232284686496215,0.999285360615371
SMARCE1,0.321460133099487,7.05665909497936,1.42671215266351,0.232301767228763,0.999285360615371
BCAS4,0.706086543219111,4.4869308021301,1.42436217185261,0.232686743308197,0.999285360615371
SH3PXD2A,0.760742383474718,4.50013601035038,1.42409031055134,0.232731329580905,0.999285360615371
FAM193B,-0.685121574696038,4.44391161881441,1.42152055770302,0.233153288825357,0.999285360615371
USP42,-0.591424152213334,4.89805326922983,1.42075826984704,0.233278635908498,0.999285360615371
SP4,-0.42732151916103,5.4285562419883,1.42048822823896,0.233323059828128,0.999285360615371
CHAMP1,0.635461594105859,4.43327093457912,1.41899200231863,0.233569385799265,0.999285360615371
RAB22A,-0.395388922302191,5.98616548332756,1.41873648029158,0.233611484193805,0.999285360615371
KTN1,-0.177385432021245,8.28627099553324,1.41854062492399,0.233643758448221,0.999285360615371
KPNA3,0.358591282510957,5.71378281934088,1.41823299215528,0.233694462952114,0.999285360615371
THOC3,-0.533981868148919,5.02993709297576,1.41810618311106,0.233715367683826,0.999285360615371
PSMD1,0.333926996412177,6.14907581432451,1.41717057411067,0.233869674630812,0.999285360615371
LINC00467,-0.879637650045249,4.14301357860147,1.41595206470623,0.234070824106985,0.999285360615371
USP3,0.280987059752487,6.5556942184553,1.41581398640315,0.234093631031604,0.999285360615371
PLEKHA5,-0.808376766107691,4.99200731521796,1.4151932179271,0.234196198948627,0.999285360615371
MEA1,-0.414706857406253,5.76487835702034,1.41361617867311,0.234457013423393,0.999285360615371
FIBP,0.319283376946503,6.25806879892708,1.41305499896614,0.234549907379395,0.999285360615371
CRYL1,0.673226447341188,4.64604612108102,1.41234078132047,0.234668198610922,0.999285360615371
NUP54,-0.473284766085888,5.53526485192975,1.41195224393826,0.23473257984251,0.999285360615371
PBXIP1,0.262771308511833,7.87134135131792,1.41175413405607,0.234765415174525,0.999285360615371
NDUFAF3,0.345279623499039,6.53386425137306,1.41165346337281,0.234782102767779,0.999285360615371
MRPL16,0.37538336959324,5.6842132662969,1.41100888100678,0.234888985453072,0.999285360615371
PYCR2,0.429576842275138,5.72195108440341,1.41027688349185,0.235010434449719,0.999285360615371
NDUFA9,-0.398582457329547,6.03545169957362,1.40994395159723,0.235065697814361,0.999285360615371
DDIT3,0.503473169305629,5.46032794113678,1.40987572180605,0.235077025218793,0.999285360615371
NAP1L4,0.1923674469826,7.73975096349633,1.40985643394287,0.235080227479768,0.999285360615371
ANKRD54,0.706140468703793,4.52236415677812,1.40966233401841,0.23511245579294,0.999285360615371
LIMK1,0.612955115452596,4.50110040482875,1.40965222873789,0.235114133818149,0.999285360615371
SEC22C,0.560706920476672,5.53118785683684,1.40948364099178,0.235142130675015,0.999285360615371
NPM3,-0.659774424413619,4.38752208503396,1.40928128809793,0.235175740135474,0.999285360615371
ZBTB40,-0.720751272921713,4.84960603331078,1.40880187234184,0.235255391088571,0.999285360615371
EEF2,-0.213153826790028,9.16593864480718,1.40499329629909,0.235889315950463,0.999285360615371
ARMC7,0.697550998499512,4.2583924114417,1.40401504176474,0.236052476902578,0.999285360615371
SEPSECS,-0.83044099243176,3.99390883825944,1.40343097058506,0.236149958034215,0.999285360615371
UBC,-0.155009840847886,10.0431425010503,1.40282139540241,0.236251747774472,0.999285360615371
CDK17,0.5489753562203,5.47256435372252,1.4026521378809,0.236280020620929,0.999285360615371
MKLN1,0.412355530736882,5.89542271983922,1.40236014954672,0.236328804108151,0.999285360615371
RDH14,0.522507845586398,5.26597871664769,1.40220665217027,0.236354454331736,0.999285360615371
SUN2,-0.235152498774346,7.26847945305211,1.40114225162445,0.236532414109992,0.999285360615371
GFM2,0.688547566399923,4.3183991852758,1.40062105928732,0.236619612764156,0.999285360615371
GANAB,0.429204747097707,5.70819415855361,1.40059124859126,0.236624601452869,0.999285360615371
ODR4,-0.735236745636737,4.59002493183437,1.40053211667715,0.236634497295445,0.999285360615371
YPEL2,0.461392926314747,5.53773537803813,1.39984451155287,0.236749606201141,0.999285360615371
DCAF15,0.544543702938708,5.07085240682018,1.39955402311046,0.236798255963539,0.999285360615371
SGMS1,0.459222895471227,5.13737789238843,1.39842242299624,0.236987887083225,0.999285360615371
ZDHHC16,-0.778820156829877,4.44699836991956,1.39716215782114,0.237199296325781,0.999285360615371
SF3A2,-0.435409397646078,5.67438849765414,1.39689863148045,0.237243531717284,0.999285360615371
MAIP1,0.849128053082526,4.033306741709,1.39650941541295,0.237308883616261,0.999285360615371
CMTR1,0.469782426159011,5.0355460482033,1.39542252126558,0.237491495805613,0.999285360615371
ATP5PD,-0.209192845482225,7.74866805555434,1.3953236917666,0.237508108882128,0.999285360615371
CCDC144A,0.726039684700672,5.09902089529108,1.3942105163196,0.237695329222479,0.999285360615371
REX1BD,0.222296267196896,7.44132613571266,1.39417827318404,0.237700754727911,0.999285360615371
STX4,0.377395021374324,5.88842645092102,1.39317278833829,0.237870021604211,0.999285360615371
TMEM184B,-0.707001936414017,4.16014518501653,1.39227067337328,0.238022011287671,0.999285360615371
R3HDM4,-0.304340267725247,6.42352125411919,1.39162909525829,0.23813017703069,0.999285360615371
HAVCR2,-0.570115404183895,4.88478765672347,1.38972429362764,0.238451665343834,0.999285360615371
HIF1AN,-0.658534651149624,4.97237299441181,1.38950054404663,0.238489463877411,0.999285360615371
ALDH3A2,0.720971335111635,4.47324608706987,1.38912873117367,0.238552291169861,0.999285360615371
MFSD14A,-0.631299822331499,4.89192173262164,1.38907495461521,0.238561379757404,0.999285360615371
MHENCR,-0.439669413266809,5.57320061668923,1.38782059372527,0.238773494190768,0.999285360615371
SKP2,-0.728935111148266,3.95119833977945,1.38735206936953,0.238852781137134,0.999285360615371
ACIN1,-0.272172501387964,6.65457097318127,1.38693367935769,0.238923611021291,0.999285360615371
METTL6,-0.641301209782743,4.41122689874984,1.38641076003352,0.239012172693421,0.999285360615371
C2orf68,0.50408961797894,5.18760269792572,1.38631871159376,0.239027766152635,0.999285360615371
TMEM116,0.590560575572927,4.61320922953238,1.38476568106438,0.239291043539768,0.999285360615371
HDAC8,-0.575814577991848,4.87836575525093,1.38401382963255,0.239418627624685,0.999285360615371
LAMTOR3,-0.446357385078185,5.48633810173441,1.38365274964327,0.23947992981914,0.999285360615371
ELAVL1,-0.470545906405347,6.03214786894396,1.3833866161541,0.239525124720409,0.999285360615371
NUMA1,0.397423040677903,6.2332387498372,1.38323914684191,0.239550172482795,0.999285360615371
ASB16-AS1,-0.589075060021585,4.44588015806881,1.38258025752418,0.239662124159447,0.999285360615371
HEBP1,-0.757696088914261,4.53141322845819,1.38245203258731,0.239683918206677,0.999285360615371
BABAM1,-0.411310849485653,5.83367457737313,1.38187961620555,0.239781239653219,0.999285360615371
GIMAP2,0.455091965675899,6.20023289087728,1.38155679833613,0.239836145879793,0.999285360615371
NSF,-0.491388649251844,5.2244100200883,1.38119153419406,0.239898289972833,0.999285360615371
PSMA4,0.281556061131757,7.57640735196148,1.38040737051163,0.240031769514635,0.999285360615371
SGK3,-0.434092997993006,5.54950100354262,1.38001519899925,0.240098558408713,0.999285360615371
SAMD3,-0.446052051320266,5.91705549463758,1.37992912667345,0.240113220006244,0.999285360615371
SERF2,0.0759900609062462,10.3258155152721,1.3793798839348,0.240206803887776,0.999285360615371
JOSD1,0.338419488575241,6.13634749851966,1.37877930355976,0.240309185794688,0.999285360615371
ZNF410,-0.560084644240647,4.95642508221981,1.3779007203011,0.24045905489184,0.999285360615371
CCDC85C,0.891025284531831,3.77504444382887,1.37609358065199,0.24076767497729,0.999285360615371
RHOT2,-0.45485904850018,5.60742968857411,1.37606172281432,0.24077311992138,0.999285360615371
RABEP1,-0.362482306677445,6.01147984260978,1.37545034438796,0.240877641952949,0.999285360615371
ERCC4,0.500609324460497,4.73127446281244,1.37505125784136,0.24094590006722,0.999285360615371
HACD2,-0.544969202290973,4.85630165586077,1.37396000703102,0.241132663264046,0.999285360615371
EIF2S3,0.271909969755202,7.55097417079451,1.37378935208005,0.241161886096149,0.999285360615371
CLK1,0.241690563849817,7.27932397101189,1.37337570593406,0.241232736448713,0.999285360615371
PRKRIP1,0.442061147729684,5.31343154000119,1.37296322373985,0.241303412657571,0.999285360615371
GRIPAP1,0.365054708388126,5.99195627981374,1.37039656377058,0.241743760256925,0.999285360615371
TRAPPC12,-0.47431210331602,5.08267593698717,1.36992715190857,0.241824400406748,0.999285360615371
TRIAP1,-0.518513172995667,5.178164193381,1.36733090138544,0.242271001617868,0.999285360615371
VPS13D,0.429947987366879,5.46430811415691,1.36607606218393,0.24248721627526,0.999285360615371
PMS1,0.531392819084103,4.91811215762981,1.36591869134526,0.242514348589068,0.999285360615371
AIM2,0.80007057231784,4.46144176869387,1.36583251398161,0.242529207999463,0.999285360615371
LIMD2,-0.240307713655493,8.70799800446447,1.36558015827298,0.242572727627574,0.999285360615371
EEA1,-0.374216672905117,5.67917843499169,1.36548101016919,0.2425898286692,0.999285360615371
ZBTB17,-0.732592922431015,4.40927229256775,1.36512368915178,0.24265147149979,0.999285360615371
PAF1,0.501386034887153,5.00593907300132,1.36509805659563,0.242655894204672,0.999285360615371
ZC3H8,-0.336833775000322,6.19833539024691,1.36491355053327,0.242687732236593,0.999285360615371
LRWD1,0.69296978667496,4.3071192177899,1.36456005676185,0.242748744698667,0.999285360615371
C1RL,-0.636031652786848,4.31587254687235,1.36370975169827,0.242895582560873,0.999285360615371
FBXO38,0.599450849102909,4.67284495677825,1.36351402749383,0.242929397191969,0.999285360615371
HNRNPD,0.183667914509136,7.89047631269665,1.36152760366564,0.243272909930051,0.999285360615371
TDP2,-0.540613199318391,5.52147826394578,1.36090533316692,0.243380641077896,0.999285360615371
ZNF800,-0.379474587184527,6.19168357129284,1.35984537725752,0.243564280853846,0.999285360615371
HIPK3,0.370265422192929,5.73571381281156,1.35913940601061,0.243686685717844,0.999285360615371
DDX23,0.365431908303304,5.96212953893467,1.35880820575151,0.243744136742694,0.999285360615371
ANAPC7,-0.458237914234053,5.35138171925434,1.35814520507542,0.243859192532738,0.999285360615371
DPH3,-0.402877950035968,5.63012473858368,1.35806054217583,0.243873889528819,0.999285360615371
POLDIP2,-0.65228137090528,4.80168358302768,1.35701352837691,0.244055734471205,0.999285360615371
CERT1,0.659551269040192,5.53448957137688,1.35637524359628,0.244166672668859,0.999285360615371
PCYT1A,-0.47603202711309,5.53283947347268,1.35588849278839,0.244251314587024,0.999285360615371
PNP,-0.339897625162109,6.22150259800116,1.3544305021267,0.244505061340954,0.999285360615371
MAPK14,0.410887187802144,5.52040299212389,1.35437639427562,0.244514484387897,0.999285360615371
EIF3K,-0.178599968423435,8.69638878422908,1.35378503827095,0.244617499731433,0.999285360615371
ACAA2,-0.359801560754747,6.55489919561696,1.3534256742151,0.244680127509485,0.999285360615371
HOPX,-0.562299244298169,6.70232530723096,1.35292934309258,0.244766657255925,0.999285360615371
RHOA,-0.191119506851391,8.65332032844498,1.3527665907095,0.244795039434133,0.999285360615371
UQCRC2,-0.395147818061115,6.50439136805062,1.35202557898283,0.244924314308974,0.999285360615371
WDR5,0.742318648375234,4.30455067188183,1.35176939041412,0.244969027650365,0.999285360615371
RBM15B,-0.528444139801878,4.93901644944957,1.35115051945195,0.245077082132795,0.999285360615371
SAAL1,0.792410307797623,4.13918270575114,1.35053220886667,0.245185096892531,0.999285360615371
REC8,0.508665546673392,4.84798205183318,1.35047715588419,0.245194717101477,0.999285360615371
ZBTB37,-0.490773811089464,5.0027350696633,1.34940332693624,0.245382455074249,0.999285360615371
GRAP,-0.873364484675441,4.34167665597501,1.34930353487984,0.245399910675189,0.999285360615371
SLC35C1,-0.677719925738984,4.36119404570632,1.34918266192924,0.245421055771664,0.999285360615371
MYB,0.878307797180909,3.99055175337023,1.34883762291275,0.245481427948765,0.999285360615371
CD109,0.826148329477256,3.93681233548651,1.34835142279405,0.245566530162076,0.999285360615371
DNAJB14,-0.280359793768334,7.11940796353114,1.34676925699019,0.245843714690795,0.999285360615371
MRRF,0.775376767692532,4.45193093733883,1.34645484574868,0.24589884288834,0.999285360615371
IGF2R,-0.384551087992172,5.86899051753028,1.34570898013855,0.246029681805692,0.999285360615371
C6orf136,-0.730508141750562,4.13397671873482,1.34514559512547,0.246128566579034,0.999285360615371
PTPRJ,-0.358181335459849,5.97181409201471,1.34442599401149,0.246254940895949,0.999285360615371
ARID5B,0.348424019644972,7.73962146003227,1.34431938997628,0.246273669139483,0.999285360615371
DNASE2,0.421732332446283,5.4466104864419,1.33998769152541,0.247036138849186,0.999285360615371
UBR4,0.445239344784804,5.59342209682518,1.33984528654905,0.247061254081386,0.999285360615371
BEX2,-0.573520539591395,5.26030742449895,1.3384514010167,0.247307251472062,0.999285360615371
TNFRSF14-AS1,0.668694804120844,4.16869645452149,1.33834696564,0.247325694625618,0.999285360615371
NDUFS7,-0.218809380251041,7.1782773646833,1.33834484418682,0.247326069288966,0.999285360615371
FKBP8,-0.245443035923185,7.21245382476287,1.33798483229641,0.247389659944712,0.999285360615371
SLC25A39,0.494709116574564,5.64115007569606,1.33663662917232,0.247627977441808,0.999285360615371
STK35,0.700115422958546,4.19997559418079,1.33630577084648,0.247686505120531,0.999285360615371
TTC39C-AS1,-0.673362262440365,4.75747823288889,1.33506560071195,0.247906037591735,0.999285360615371
FBXL3,0.437136443924377,5.61611126009038,1.33457821115568,0.247992379517828,0.999285360615371
RNFT1,-0.54890607586039,4.99861986550286,1.33422682054085,0.248054651827703,0.999285360615371
PIAS1,-0.342765148609574,6.09708583415459,1.33318510626002,0.248239373600368,0.999285360615371
ZNF433-AS1,0.802110852213886,4.86835470139024,1.33168941853689,0.248504890749946,0.999285360615371
ZNF576,0.801913293014007,4.28312126750241,1.33118146164335,0.248595143270692,0.999285360615371
PARP4,-0.414440717679005,5.88267929893449,1.33116576353318,0.248597933111427,0.999285360615371
TMCC1,-0.669958649666955,4.66343750499091,1.33114950930969,0.248600821824059,0.999285360615371
RPL10A,-0.176534090368476,11.1772825097633,1.33104090140574,0.248620124756356,0.999285360615371
HAUS3,0.455477351451235,5.32572940664787,1.32830392011137,0.249107176399944,0.999285360615371
ATP23,0.654985454851894,4.30970720284766,1.32796202026003,0.249168100313177,0.999285360615371
PYGB,-0.749948279150613,4.3400142627855,1.32790605373759,0.249178074854283,0.999285360615371
GIMAP5,0.36683026573165,6.6394002942293,1.32667022241034,0.249398453612311,0.999285360615371
MORC3,-0.40201590755202,6.33941375076655,1.32649976068727,0.249428869824545,0.999285360615371
TPP1,-0.423550148606242,6.03669626162079,1.32543940776607,0.249618175269892,0.999285360615371
NKAP,-0.410799561651373,6.03754729036341,1.32505057323922,0.249687638265955,0.999285360615371
CCDC12,-0.228441059965594,7.27318105284706,1.32482353174042,0.249728208850374,0.999285360615371
PHC1,0.635931206958747,4.84325189940853,1.32396336923525,0.249881986667432,0.999285360615371
JOSD2,-0.395615152285943,6.14855804371493,1.32339388116958,0.249983862286309,0.999285360615371
CYB561D2,-0.361614399920979,5.95578631686122,1.32328628750667,0.250003115417801,0.999285360615371
ANXA4,0.430268480801388,5.33321133114004,1.32236953618262,0.250167235422773,0.999285360615371
MRPS2,-0.538307769886923,4.99473408270477,1.32228186424625,0.250182937679291,0.999285360615371
BID,-0.472286000877275,5.67811406295283,1.32116840601027,0.250382465969323,0.999285360615371
ICAM3,-0.247397315191667,7.56312914177396,1.32011120560434,0.250572093734445,0.999285360615371
G3BP1,0.227724473094295,7.21540076985389,1.31987078627767,0.250615241822485,0.999285360615371
SHARPIN,-0.374545236785701,5.70107442230786,1.3187657510102,0.250813679948954,0.999285360615371
NELFB,-0.414971101035942,5.62380545490374,1.3187356557149,0.250819087047016,0.999285360615371
MVD,-0.660720040050201,5.29579785562474,1.31828582440515,0.250899923443429,0.999285360615371
IKBKB,0.345925595882521,6.10549988287725,1.31812279881137,0.250929227656529,0.999285360615371
RIOX2,-0.782289733913623,4.23833875151812,1.31759600857653,0.251023948098002,0.999285360615371
ZBED5-AS1,0.728368777088627,4.16662506629449,1.31702343752486,0.251126950022354,0.999285360615371
MPHOSPH8,-0.212241070213195,8.18568598279844,1.31659396617075,0.251204243269112,0.999285360615371
CNOT6,-0.497198608665094,5.09969262636868,1.31633960687988,0.251250034844898,0.999285360615371
ARHGAP10,-0.631638954823937,5.06370240802336,1.31606276714587,0.251299885158555,0.999285360615371
TMEM209,-0.529267603849779,4.93906399466681,1.31524063920454,0.251447996693905,0.999285360615371
DOCK2,0.243168374156743,6.95118376858583,1.31439909519765,0.251599717197501,0.999285360615371
SSR1,0.247645403141007,6.87178212264982,1.31384256270776,0.251700115237202,0.999285360615371
LINC02273,-1.03199020985007,4.23704524104163,1.31331289294327,0.251795712968593,0.999285360615371
RPL6,-0.179598887230559,11.7505956098912,1.31326733247241,0.251803938057629,0.999285360615371
CYSLTR1,-0.623259462989205,4.57403462518487,1.31323037264445,0.25181061070427,0.999285360615371
MVB12B,0.760555486422272,3.93798220477471,1.3123095707269,0.251976920412944,0.999285360615371
YIPF5,0.373353654537272,6.49019102564469,1.31118247255488,0.252180673842978,0.999285360615371
TAOK1,0.293592964983724,6.56434065474337,1.31069835405571,0.252268253487644,0.999285360615371
ATRAID,0.33819671907439,6.67144708643944,1.31026707597722,0.252346305498965,0.999285360615371
MAPK6,0.392829469696522,5.45380787701601,1.30841466227728,0.252681890079259,0.999285360615371
AMIGO2,-0.685615983499627,4.42637530495857,1.30767129707121,0.252816712889393,0.999285360615371
RAD23B,-0.338195966002503,6.04909230995284,1.30633414015802,0.253059453362897,0.999285360615371
CD7,0.391071695803194,8.23958305006731,1.30541392821072,0.253226670338008,0.999285360615371
BNIP3L,-0.336362214582877,6.00310287029054,1.3050629088181,0.253290491885893,0.999285360615371
MLH3,-0.523994440021959,5.00950798519433,1.30481507389217,0.253335564585467,0.999285360615371
ANKRA2,-0.547900779412183,4.75122323917528,1.30452508542621,0.253388316099934,0.999285360615371
PRPF6,-0.315315244729461,6.69744835622743,1.30377973452229,0.253523964160056,0.999285360615371
ATP5PO,-0.247409355677713,7.57644405351587,1.30326795419385,0.253617155930695,0.999285360615371
LTB4R,-0.707230432386454,4.73426426532363,1.30318716930744,0.253631870169059,0.999285360615371
MTO1,0.522525302996467,4.97106620228873,1.30261863241729,0.253735453751271,0.999285360615371
DDX54,0.44680360347881,5.45225720882264,1.30261234975173,0.25373659870129,0.999285360615371
ERI1,0.600314934119104,4.96712145992792,1.30253028040197,0.253751555564996,0.999285360615371
MYDGF,-0.271918734621659,6.8461497255069,1.30247863068755,0.253760969108475,0.999285360615371
CMPK1,-0.241795481483948,7.13961809842355,1.30222109848021,0.253807912677269,0.999285360615371
YARS2,0.6071511091945,4.65758653261888,1.30214671643455,0.253821473198388,0.999285360615371
ARV1,0.618937714258852,4.76255870519268,1.29970943955601,0.254266304626964,0.999285360615371
ITM2B,-0.168611300358558,9.56561680854748,1.29840128087761,0.254505454640062,0.999285360615371
TFEB,-0.724868954266547,4.45283278368349,1.2973802721696,0.25469230203968,0.999285360615371
SGPP2,0.706733504004843,4.63090455111143,1.29720662043268,0.254724097593456,0.999285360615371
CBX3,0.234442911270906,8.12877178284866,1.29687437240211,0.254784945683413,0.999285360615371
DDX42,-0.40765469934782,6.2565850878166,1.29638670263052,0.254874290228194,0.999285360615371
PIGH,-0.533768887075763,4.96546758281409,1.29560060787869,0.255018389600994,0.999285360615371
PNKP,-0.373957034064105,5.9933239339182,1.29388419948706,0.255333374204702,0.999285360615371
GBP2,0.260396436204738,7.59319626230732,1.29354788549406,0.255395148621561,0.999285360615371
AGPAT5,-0.446330096609962,5.11436345281836,1.29327920503227,0.255444513294973,0.999285360615371
HAPLN3,0.571679047078893,5.47811043222909,1.29314237213276,0.255469658129489,0.999285360615371
RANBP3,0.489706208287962,5.02982840739335,1.2930396456325,0.255488537472095,0.999285360615371
BAG5,0.349471237294931,5.88094928673416,1.29233364685602,0.2556183342926,0.999285360615371
TAMM41,0.617547549407457,4.45519577637179,1.29148266632065,0.255774893853534,0.999285360615371
ESRRA,-0.438792113475749,5.38341158086695,1.29143827198927,0.255783064566405,0.999285360615371
FASLG,-0.756003270487726,4.49966124216972,1.29135332310097,0.255798700184241,0.999285360615371
IDH1,-0.603420469460524,4.83615550573104,1.291226731931,0.255822002630472,0.999285360615371
MAP3K6,-0.791093240078196,4.03444087172415,1.29117686818367,0.255831182087843,0.999285360615371
PPP1R11,-0.325850331690856,6.04416832825398,1.29091376375529,0.255879623919217,0.999285360615371
UBIAD1,-0.6930215627543,4.63043639440141,1.28992772379852,0.256061270667098,0.999285360615371
PPP1R12A,-0.224191539409825,7.73610125098967,1.28978136190702,0.256088246779073,0.999285360615371
CBFA2T2,-0.451692008338995,5.30547988257154,1.28843662512205,0.256336260727335,0.999285360615371
ARL2BP,0.363628553651939,6.06224470302272,1.28767584453044,0.256476705064345,0.999285360615371
OXA1L,-0.44551256839045,6.06884676751284,1.28742567463568,0.256522908560386,0.999285360615371
PSIP1,0.29802346130552,7.5113732400519,1.28734213843907,0.256538339020019,0.999285360615371
PTPRM,-1.00242886180752,4.35886946798871,1.28635625365037,0.256720534110759,0.999285360615371
CUL4A,-0.368036601724837,5.70713188854193,1.28621158039752,0.256747283685932,0.999285360615371
EIF1AD,-0.611264397187008,4.56757171096639,1.28572229574077,0.256837776187415,0.999285360615371
TMSB4X,0.115094355757713,13.5117781354966,1.28552021326894,0.256875162538661,0.999285360615371
ACBD5,-0.396055600809813,5.61279746710772,1.28536006021303,0.256904796491747,0.999285360615371
CCDC159,-0.817719478208503,4.53991285320477,1.2848500991856,0.256999185346323,0.999285360615371
KDM4A,-0.561960554802029,4.52698823102974,1.28479013719546,0.257010286542989,0.999285360615371
MRPL27,-0.418295406438384,5.84300216541135,1.28452559769107,0.257059269720128,0.999285360615371
MIB1,0.534039801307388,6.02545640725612,1.28347084201233,0.257254687051609,0.999285360615371
TOR3A,-0.558583107989653,5.34026787092029,1.28212711713544,0.257503908202426,0.999285360615371
LRRC8C-DT,0.922188551529091,3.91777905802036,1.2796308644952,0.257967681069534,0.999285360615371
CSPP1,-0.504659029120639,4.92462477329919,1.27951394294387,0.257989428932381,0.999285360615371
MYO1F,-0.340234391017988,6.99974072489778,1.27704284265527,0.258449593535445,0.999285360615371
C1orf122,-0.334202200070138,5.95395839383462,1.27640250259041,0.258569002149714,0.999285360615371
STARD4,0.563985444051656,4.82649125843457,1.27622057526031,0.258602939828543,0.999285360615371
RMND5B,-0.668785431506348,4.70997600720998,1.27563625633807,0.25871197899758,0.999285360615371
MUTYH,0.771150779893578,4.22606864129505,1.27427033608881,0.258967093834965,0.999285360615371
TNFAIP8L1,0.520787439008121,4.63861477601553,1.2733297026805,0.259142958138972,0.999285360615371
CTDP1,0.507538642961263,4.83352415659826,1.27222380183283,0.259349910413569,0.999285360615371
ACSF3,-0.477114826951295,5.28871095507011,1.27188584450769,0.259413194690529,0.999285360615371
UMPS,-0.648286921914019,4.66000756511038,1.27003750168813,0.259759644726855,0.999285360615371
ZNF621,0.532336993461695,4.69983314403452,1.26992069894231,0.259781557249291,0.999285360615371
CFL1,-0.168769450599709,10.2210683356621,1.26942295873462,0.259874960355445,0.999285360615371
GSTZ1,-0.863099899032094,4.14608072245079,1.26899215192474,0.259955836676208,0.999285360615371
HABP4,0.4874453441101,5.10575901281846,1.26870615598547,0.260009544535703,0.999285360615371
PET100,0.201287546760376,7.98018750970377,1.26829415058139,0.260086940160632,0.999285360615371
UBN2,0.539636887014135,4.83044611577656,1.26781658772664,0.260176686506881,0.999285360615371
FAM118A,-0.541826996330071,5.86268783239473,1.26701813266414,0.260326822405879,0.999285360615371
HM13,-0.345963903839716,6.6067560097607,1.26689251831857,0.260350451811759,0.999285360615371
PELO,-0.527491365871968,4.80576389394424,1.26639971024389,0.260443179947655,0.999285360615371
MAU2,-0.50142287596576,5.07535134636184,1.26609366341183,0.260500787154798,0.999285360615371
ELP6,-0.563179289134025,5.16454976557714,1.26455709704375,0.260790253722619,0.999285360615371
MAP3K11,-0.556955685660232,4.99376482009989,1.26394531899223,0.260905614617147,0.999285360615371
MIIP,0.403646878024885,5.40358217208266,1.26312428703053,0.261060533174025,0.999285360615371
ADCY3,-0.622326138690524,4.65501599266758,1.26280567473108,0.261120682060179,0.999285360615371
C1orf174,0.436675615344903,5.13004384280515,1.26161773549889,0.261345097342714,0.999285360615371
MFSD12,-0.509263647952296,5.20417767528461,1.26076161424778,0.261506976634836,0.999285360615371
ZDHHC18,-0.396054364970358,5.74461150782513,1.26002975305364,0.261645458816801,0.999285360615371
DNPEP,-0.47770440905972,5.15977790373788,1.2598355161593,0.261682227428665,0.999285360615371
SRP19,0.258521850365765,7.41103319945851,1.25962590062399,0.261721914369838,0.999285360615371
RTKN2,0.503339819860949,5.75723139403322,1.2594087417968,0.261763037368048,0.999285360615371
THAP4,0.659107053655403,4.62873448648758,1.25860634945062,0.261915054549115,0.999285360615371
TSPO,0.303798711286418,7.72557815636516,1.2552869789807,0.2625450901503,0.999285360615371
TP53RK,0.582152301991656,4.9222991074465,1.25376222291018,0.262835127773404,0.999285360615371
RTN3,0.392258008969189,6.05227176259948,1.25304337585483,0.262972004082098,0.999285360615371
MAPK1,-0.311373115203108,6.40580017608703,1.25288002834307,0.263003119562802,0.999285360615371
ZNF394,-0.430144238052309,5.50963400755444,1.25219009300714,0.263134593293209,0.999285360615371
VOPP1,-0.286004929678302,6.45779346697336,1.25194444217264,0.263181424087859,0.999285360615371
PFDN2,0.216699644977814,7.3146120775764,1.2514508379183,0.263275555930307,0.999285360615371
NAT14,-0.877304592716908,3.83472190410681,1.25101578156374,0.263358557169514,0.999285360615371
SMIM20,-0.43943749851197,5.34351116996445,1.25063382598126,0.263431454484657,0.999285360615371
GMDS,0.652842649270394,4.3427443323003,1.25018400028346,0.263517337138569,0.999285360615371
PSMC6,-0.33646098478348,6.48642003325809,1.24945266938778,0.263657040208231,0.999285360615371
EAPP,-0.251472297388872,6.62667834062001,1.24863234857487,0.263813852125893,0.999285360615371
UBAP1,0.550637317948653,5.09752571130808,1.24850768027655,0.263837693765209,0.999285360615371
BOP1,-0.589830847119705,4.5556368158881,1.24797375811586,0.263939831640066,0.999285360615371
CALU,0.47318856080582,5.33683815279079,1.24701005299417,0.264124310224877,0.999285360615371
BRD3,0.415254151959798,5.43335002416838,1.24665467565539,0.264192379254274,0.999285360615371
SMARCAL1,0.704110683431501,4.46590940957595,1.24581518463917,0.26435326208412,0.999285360615371
GOPC,-0.341312587955013,5.97351270614794,1.24542518783721,0.264428043779896,0.999285360615371
TAGAP,-0.425817334166305,6.21655113037387,1.24416797997531,0.264669291850566,0.999285360615371
LRRC14,-0.606529635253636,4.43967857024701,1.24343513648595,0.264810044858889,0.999285360615371
B9D2,-0.603480694129483,4.8819303851524,1.24289801786676,0.2649132652319,0.999285360615371
SNRNP27,-0.32270026517043,6.20794213059429,1.24280337178911,0.264931458956123,0.999285360615371
TAF1,0.379966407436062,5.6003866327086,1.24256201549288,0.264977861678036,0.999285360615371
MTRES1,-1.02341032824515,4.16592915734958,1.24199471879589,0.26508696891208,0.999285360615371
LINC-PINT,0.831675145761366,7.54830285206708,1.24138645206124,0.265204017926356,0.999285360615371
ARHGEF12,-0.480503013078622,4.98537565656052,1.24108537831323,0.265261977453768,0.999285360615371
VMA21,0.260747017788866,6.37058979500215,1.24074723960287,0.265327091121824,0.999285360615371
PDLIM5,-0.468732647969602,5.11125869904681,1.24014357961985,0.265443384325331,0.999285360615371
C2orf76,0.724614357924036,4.24583241122009,1.23991858654912,0.265486744756868,0.999285360615371
INO80C,-0.659244399777463,4.62325233254205,1.23794380303955,0.265867701402167,0.999285360615371
C2CD3,-0.698604645037794,4.33863878143116,1.23673516029669,0.266101197031029,0.999285360615371
TRAK2,0.409460516984774,5.17931949062779,1.23643957642158,0.266158339219318,0.999285360615371
CSK,-0.231132486538466,7.39362296851262,1.23513686921895,0.266410360309773,0.999285360615371
DNMT1,0.237876086742858,6.96173709818671,1.23484680836543,0.266466515780736,0.999285360615371
CDKN2AIP,-0.409865300804986,5.46379289664833,1.23407732742637,0.26661555790695,0.999285360615371
RBMX2,-0.454747880962855,5.69034139853042,1.23288964816988,0.266845805479525,0.999285360615371
MRPL34,-0.241332610959258,6.81354904156511,1.23264452268555,0.266893357179254,0.999285360615371
NPDC1,-0.575728352027555,5.53566165230822,1.23171305523147,0.267074148126526,0.999285360615371
PSMA3-AS1,-0.30101716057314,7.51919278971461,1.23083374233141,0.26724495630318,0.999285360615371
IL18R1,0.489483435121789,5.82357342528825,1.23060179278456,0.267290035626936,0.999285360615371
MROH1,-0.630412338911258,4.7021852527845,1.23044748097812,0.267320031329269,0.999285360615371
SCAF8,-0.435520798287888,5.37084819586058,1.23006125825614,0.267395125130554,0.999285360615371
NLRC3,-0.408081240631939,5.88079334795436,1.22997973478462,0.267410979208885,0.999285360615371
KCTD9,0.416450336923847,5.16213401875698,1.22866954089952,0.26766593678615,0.999285360615371
COPS2,-0.307053024468757,6.18470488818905,1.2284824090959,0.267702376484864,0.999285360615371
GPR65,-0.338516960561026,6.82177733442809,1.22831726675957,0.267734539368538,0.999285360615371
UPK3BL1,0.842970578011484,4.90200482519533,1.22816581881184,0.2677640393882,0.999285360615371
MRM2,0.565950590940928,4.65648627026894,1.22804345228134,0.267787877699899,0.999285360615371
RBM41,-0.570909521156475,4.77714820949139,1.2278751711154,0.267820664996837,0.999285360615371
CCDC34,-0.613901697627084,4.29041247039515,1.22701838684513,0.267987675409484,0.999285360615371
TTPAL,-0.702491776544446,4.65560144033536,1.22699548999011,0.267992140406979,0.999285360615371
C6orf226,-0.441259830619466,5.13272481976836,1.22651887713607,0.268085103288929,0.999285360615371
WDR26,0.406327164477175,6.20743514649977,1.22497440398203,0.268386627800519,0.999285360615371
TPCN1,0.778468855012862,3.95750073224687,1.22492574077902,0.268396135096932,0.999285360615371
GADD45A,0.515375970397468,6.17870352366799,1.22481757226787,0.268417269409431,0.999285360615371
TMEM14A,0.428348677577104,5.13892433576797,1.22370577559844,0.268634616228618,0.999285360615371
DCP1B,-0.644872820336179,4.39701102864165,1.22345445272864,0.268683778147558,0.999285360615371
SRBD1,0.570929034864163,4.53826719692482,1.22317081708943,0.268739274338149,0.999285360615371
CITED4,0.508451826999111,4.86415391805668,1.22282074156928,0.268807789892019,0.999285360615371
PIK3CD,0.298347288965015,6.30061541853809,1.22255506064457,0.268859802583763,0.999285360615371
TAF9,0.353935240217394,5.97536712321383,1.22195878977035,0.268976581031196,0.999285360615371
RBM25,-0.179119030487299,8.15856564175769,1.2215184391909,0.269062863452204,0.999285360615371
TTC28-AS1,0.733313052579736,5.51840927581937,1.22124549340673,0.269116361875452,0.999285360615371
IFT20,-0.330318639654221,5.98910657280796,1.22116920542834,0.269131316987152,0.999285360615371
SUMO2,-0.137634344858734,8.85256853628722,1.220615590154,0.26923987603504,0.999285360615371
SMG1,-0.220812434853884,7.39619296399904,1.22011746061844,0.269337601556608,0.999285360615371
LTV1,0.451816987480285,5.18785863055899,1.21972406851788,0.269414810474189,0.999285360615371
FOS,0.513805433863203,10.0169616623568,1.21927804310496,0.269502382882645,0.999285360615371
PHYKPL,-0.368650236690493,6.19370988302807,1.2184073253709,0.269673441642127,0.999285360615371
GOSR1,0.372996611350174,5.62210626245596,1.21683014573023,0.269983635411801,0.999285360615371
FOXJ2,-0.545198750880024,4.50774939602745,1.21560905370577,0.270224101457951,0.999285360615371
OSER1-DT,0.766031806844187,3.9952875553369,1.21517603976507,0.270309437898813,0.999285360615371
CCPG1,-0.380549905329841,6.0344760313545,1.21486319138998,0.270371113610503,0.999285360615371
SMURF2,-0.317867613633371,5.7886571285227,1.21465479032635,0.270412208079547,0.999285360615371
ENOX2,0.703364531582701,4.17741355871946,1.21426655426182,0.270488784918139,0.999285360615371
SMIM30,-0.472318854737951,5.4871405017948,1.21414844899547,0.270512085730616,0.999285360615371
EIF2S1,-0.38248020042555,6.14453382855543,1.21378462122317,0.270583880544622,0.999285360615371
NAGLU,0.623497191500432,4.25936005633665,1.21286474613415,0.270765507506243,0.999285360615371
GALC,-0.509829891215621,4.62119117125333,1.21218718664137,0.270899387387253,0.999285360615371
DDX60,0.438761802848641,5.8857868430087,1.21202547186419,0.27093135306143,0.999285360615371
ERV3-1,-0.600036245879013,4.85065621352326,1.21172087193888,0.270991575225675,0.999285360615371
TMEM230,-0.325978637869968,6.89435825948908,1.2109695990876,0.271140180262403,0.999285360615371
CD28,-0.33179280136205,6.58403576348782,1.21096740858634,0.271140613702095,0.999285360615371
ZNF587,-0.572620406900337,4.50132885575563,1.21071709400206,0.271190149753302,0.999285360615371
NFYC,-0.387152550726211,5.7161856539452,1.2105161517879,0.271229923442352,0.999285360615371
COQ8A,-0.738013689123707,4.36901046848833,1.21040699511158,0.271251532532191,0.999285360615371
CEP164,0.469426744093939,5.14940993539555,1.2101931773007,0.271293866998486,0.999285360615371
MOCS2,-0.365089918614481,5.54197667815843,1.20975043301499,0.271381553626637,0.999285360615371
EXOSC7,0.455983828481155,5.35823101425611,1.20940779743074,0.271449437814294,0.999285360615371
ATP6V1E1,-0.375445208308592,6.66950656710236,1.20903911522808,0.271522506185002,0.999285360615371
MLLT3,0.349163611302626,5.86213647601156,1.2087198543739,0.271585799725637,0.999285360615371
TECPR1,-0.506637299845736,4.91442083632778,1.20842731976799,0.271643810992194,0.999285360615371
POP1,-0.752096839325624,3.92048501241329,1.20753383808048,0.271821089510306,0.999285360615371
EI24,-0.425344246713822,5.28826819233036,1.20663457334612,0.271999661713514,0.999285360615371
XPO1,-0.323757744831113,6.83217760640521,1.20620351195005,0.272085312142506,0.999285360615371
SESN1,0.564277866715805,4.90068761848943,1.20504649588584,0.27231537431514,0.999285360615371
RNF2,-0.517729368894616,4.76850805312552,1.2049973685911,0.272325148223259,0.999285360615371
KLF16,-0.650596572358979,4.30928159999412,1.20495854641389,0.27233287223212,0.999285360615371
CRIP2,-0.853643826271609,4.97310054895743,1.20483944039364,0.272356571120032,0.999285360615371
WHAMM,-0.475275623889439,5.54732006232929,1.20483884820086,0.272356688956886,0.999285360615371
TMEM101,0.520258297179548,5.08715242143566,1.20361448469191,0.272600454241905,0.999285360615371
PARP9,0.357551444268147,6.34984031188555,1.20278123186034,0.272766507445436,0.999285360615371
UCHL5,-0.471594202502257,5.42669843401485,1.20148617259545,0.273024842500244,0.999285360615371
VILL,0.64583059283348,4.29997356374765,1.20142389125276,0.273037273945647,0.999285360615371
DGCR6L,-0.321902623802229,6.00261181001228,1.20030587114115,0.273260553080545,0.999285360615371
CEP85L,-0.340759116035182,6.24297962091807,1.2000094995782,0.273319779641112,0.999285360615371
VPS41,0.391208086906349,5.41851513181329,1.19691322556766,0.273939498999616,0.999285360615371
ATXN2L,0.353577183939588,6.25067493380087,1.19676483889699,0.273969242822833,0.999285360615371
MCC,0.797538422426734,3.8150647286962,1.1967289204904,0.273976443207411,0.999285360615371
HADHB,-0.306481582418982,6.08342276436912,1.19664332466136,0.273993603135023,0.999285360615371
ZCCHC8,0.400846732592018,5.62411482469374,1.1966152083502,0.273999240080744,0.999285360615371
IPO8,-0.464230422433816,4.93900348603965,1.19602250112425,0.274118103845905,0.999285360615371
SEC16A,-0.391903642062553,5.44414926418176,1.19596210556148,0.274130219433364,0.999285360615371
NOL7,-0.20197928990653,7.46585849464252,1.19502207925527,0.274318879041853,0.999285360615371
CBLB,-0.311994219387911,6.49937333685832,1.19435429393169,0.274452999928965,0.999285360615371
EPB41L4A-AS1,-0.307031905684939,6.35143115457611,1.19342702206171,0.274639373716073,0.999285360615371
RHOF,-0.209331501725573,7.27858051659667,1.19281775559433,0.274761917593444,0.999285360615371
KBTBD3,-0.599490341351453,4.60251262275262,1.19211374398328,0.274903603382766,0.999285360615371
QSOX2,0.782607746361984,4.00023724731007,1.19192214597463,0.274942179299263,0.999285360615371
RWDD1,0.176385120663582,7.88174357899962,1.19185656229424,0.274955385332784,0.999285360615371
CLU,1.0101028319011,4.76652917672303,1.19160053159519,0.275006947702906,0.999285360615371
ARPC3,-0.118668111756163,9.40792839419543,1.19096385216903,0.275135222083072,0.999285360615371
VPS13C,-0.250604371131107,7.57724080370607,1.19074564807915,0.27517920183074,0.999285360615371
CS,-0.397579433634591,5.4682268188042,1.19056569433408,0.275215478739228,0.999285360615371
PTER,0.526365807080751,4.76385084968368,1.19004178502716,0.275321127915009,0.999285360615371
SNRPD1,-0.218194289593467,7.22203417855951,1.18916618788263,0.275497810599866,0.999285360615371
UBE2E1,-0.479274417780874,5.2736438314429,1.18850940841811,0.275630432574622,0.999285360615371
SLC26A11,0.576756988775215,4.73793534856852,1.18839067978795,0.275654415734889,0.999285360615371
JMJD8,-0.676430713833213,4.76802144933771,1.18735268984307,0.275864201208047,0.999285360615371
URM1,-0.386794358433589,5.79808576131462,1.18698744330808,0.275938067959518,0.999285360615371
SLC7A5,0.472690391360347,5.58654967336213,1.18674537278354,0.275987037529843,0.999285360615371
FAAP20,-0.277763324402515,6.5859039726781,1.18641127358312,0.276054641949713,0.999285360615371
SLC12A9,-0.63398587543598,4.87907012293828,1.18589776121288,0.276158590914154,0.999285360615371
UFD1,-0.286284663083818,6.39205236909609,1.18584823850124,0.276168618268032,0.999285360615371
SNX14,-0.429606937675187,5.48231854948481,1.18555919912867,0.276227152064261,0.999285360615371
RSPRY1,-0.465525833272239,5.18162833620662,1.18541247181549,0.276256872000151,0.999285360615371
HOOK3,0.313902935817292,6.22347724689985,1.18435713448758,0.276470751351956,0.999285360615371
ZNF275,-0.595737452022114,4.35769155550853,1.18219470785142,0.276909649183582,0.999285360615371
MTERF4,0.274335589802991,6.45719628817471,1.18189524421624,0.276970499011443,0.999285360615371
CYTH1,-0.263606077174321,7.55403861740986,1.1818505810369,0.276979575834496,0.999285360615371
IFI44L,0.612197754004976,7.07556231654468,1.18127240119987,0.277097112139484,0.999285360615371
TCHP,0.423650755445015,5.27501695064574,1.17915288740238,0.277528518318682,0.999285360615371
SIMC1,0.74979806758294,4.10034357115452,1.17908653025306,0.277542038304799,0.999285360615371
MPND,-0.688236374865341,4.32862877279939,1.1786626338602,0.277628424953426,0.999285360615371
BRD9,0.30253594540061,6.47060452251298,1.17858760079339,0.27764371960984,0.999285360615371
GNB2,-0.241417072676693,7.15274011606244,1.17827769388968,0.277706901925373,0.999285360615371
ELL,0.5072289456632,4.88428299967222,1.17711209526459,0.277944700654327,0.999285360615371
EIF4H,0.277665242923426,6.64937298239564,1.17673554837226,0.278021576374843,0.999285360615371
SELENOW,0.171708472533465,7.67876525611624,1.17519011186329,0.278337372941995,0.999285360615371
LCORL,0.473272840634556,4.90824227399951,1.1747843522805,0.278420361275861,0.999285360615371
CPQ,-0.653316156334274,4.36908815790487,1.17407399158257,0.278565723491086,0.999285360615371
DCAF5,0.354312626707488,5.84641493254664,1.17383558005931,0.278614531442712,0.999285360615371
CYP20A1,0.31766761704153,5.90958287098158,1.1738012827324,0.278621553727574,0.999285360615371
CENPT,-0.576293872613562,4.78922191413518,1.17373535346545,0.278635053192958,0.999285360615371
NAPRT,-0.494970997659873,5.38392356957514,1.17340403454589,0.278702905472186,0.999285360615371
GNPNAT1,-0.559722414419261,4.39811051263472,1.17338427368043,0.278706953045874,0.999285360615371
KDM4C,0.408720158644305,5.40448284366665,1.17268860519018,0.278849492480305,0.999285360615371
GTF2IRD2,0.596102878181092,4.51048131383198,1.17230490238028,0.278928150822518,0.999285360615371
CEACAM1,-1.158649232557,4.23526886663125,1.1712438648402,0.279145807134581,0.999285360615371
SSR2,-0.188364610331704,8.39703339557647,1.1711495936169,0.27916515585035,0.999285360615371
C1orf50,0.490124900796976,4.9756852620388,1.1710528651877,0.27918501065333,0.999285360615371
WSB1,0.271283177754916,7.13814560957029,1.17064274243869,0.279269213609006,0.999285360615371
CARHSP1,-0.424113274150862,6.27380519980973,1.16864436330569,0.279679962504704,0.999285360615371
ZNF677,-1.10066978986255,4.00028840763179,1.16813616598386,0.279784539402932,0.999285360615371
DENND4B,-0.446069869746246,5.1571914134888,1.16727420157733,0.279962027344239,0.999285360615371
NT5C,-0.283821304940729,6.60899622882123,1.16646710514737,0.280128346167999,0.999285360615371
CETN2,-0.463941113324604,4.80726912985599,1.16404180953495,0.280628879151239,0.999285360615371
TIMM22,0.462894187882948,4.99803242026723,1.16333046744352,0.280775900167254,0.999285360615371
MZT1,0.36707332789619,5.64901385783664,1.16325924877372,0.2807906250807,0.999285360615371
ATN1,0.62303147228579,4.46251984464977,1.16295516395178,0.280853507525347,0.999285360615371
TNFRSF18,0.424599442919164,8.19275025824632,1.16291269769533,0.280862290641546,0.999285360615371
CXCR3,0.491228358415037,6.75897092520768,1.16210895335947,0.28102859111452,0.999285360615371
NIPAL3,0.387951343927826,5.59414114474494,1.15973740393179,0.281520007197642,0.999285360615371
HNRNPU,0.226596504243219,8.88061178511078,1.15956114208966,0.281556574287673,0.999285360615371
PPP2R1B,-0.551308854246719,4.52090321492936,1.15909137954347,0.281654060034466,0.999285360615371
RTL10,-0.859712606377156,4.12350271594528,1.15900674651764,0.281671627726838,0.999285360615371
ATP10D,-0.61851055600147,5.03326731938269,1.15862069744725,0.281751779394536,0.999285360615371
PHF20,-0.307185710586479,6.59129338141173,1.15808774616759,0.281862478335296,0.999285360615371
FBXL5,-0.326782504165396,5.84824015217361,1.15718257546439,0.282050616731518,0.999285360615371
ZNF654,0.529445990345457,4.88975481250301,1.15697478291097,0.282093828511714,0.999285360615371
TSEN34,0.584963919206038,4.53774376081059,1.15663810249137,0.282163861111933,0.999285360615371
IFIT1,0.694625093151417,5.31125113118131,1.1553051130281,0.28244135102023,0.999285360615371
DUSP12,0.489827661862069,4.96568492663807,1.1552600161573,0.282450744920449,0.999285360615371
PLXND1,0.644266118725343,4.93131836264215,1.15476465681118,0.282553956726869,0.999285360615371
USP45,-0.77435122274395,3.87573893052828,1.15426135812886,0.282658871618298,0.999285360615371
PANK2,0.399669672769056,5.47355888893837,1.15424748513601,0.282661764204377,0.999285360615371
EIF4E2,-0.28600172623306,6.30329455607641,1.15373674099318,0.282768282900783,0.999285360615371
HAUS6,-0.493094662900723,5.17341971509628,1.15292933683082,0.282936775414921,0.999285360615371
COX6B1,0.119802314876523,8.87475312476728,1.15103965908957,0.28333161830421,0.999285360615371
RNASET2,-0.298915023105595,7.38880042193032,1.15062491286998,0.283418371689633,0.999285360615371
MOAP1,0.47622157033703,5.3760104950744,1.15005190020472,0.283538285353698,0.999285360615371
B4GALT5,-0.54260899644064,5.21657259850425,1.14980041271872,0.283590934117485,0.999285360615371
PLEKHG2,-0.79010497916512,4.45136202764327,1.14944219949889,0.283665947229199,0.999285360615371
ADPRM,-0.758195791905658,4.19068022592095,1.14932561884755,0.283690365698847,0.999285360615371
MID1IP1,0.369443940019139,5.57291714898129,1.14816577571882,0.283933446378911,0.999285360615371
PDIK1L,0.847592519284337,4.16228559720345,1.14769189416279,0.284032838695919,0.999285360615371
AGTRAP,-0.471257536309107,5.79808187039965,1.14609145046317,0.284368843094902,0.999285360615371
MANEA-DT,-0.686128281105665,4.49565146951068,1.14603811778138,0.284380048668657,0.999285360615371
ZNF398,0.712715781906718,4.10834158196368,1.1455818328992,0.284475940226926,0.999285360615371
GLE1,0.510682649346144,4.63274776145318,1.14497533316365,0.284603463965382,0.999285360615371
ZNF568,-0.597190603524231,4.37579508497056,1.14460958681338,0.284680401482269,0.999285360615371
DISC1,0.816977077061558,3.87816478020025,1.14411688371229,0.284784086999743,0.999285360615371
SPIN2B,-0.669222669811763,4.22961594310156,1.14411585310502,0.28478430393316,0.999285360615371
ATP5F1D,-0.127366446896138,8.41732878820465,1.14358647471949,0.28489576094458,0.999285360615371
PRKCSH,0.332802504558107,6.06897437033045,1.14323766631165,0.284969230405081,0.999285360615371
RPL5,-0.155940895367552,11.1141003230523,1.14320268455054,0.284976599933339,0.999285360615371
SEC63,0.373416033354845,6.0510079455399,1.14242367742346,0.28514077422876,0.999285360615371
PHF1,-0.349249566939895,5.9175212706689,1.14238752351987,0.28514839650836,0.999285360615371
TUG1,0.599451612708623,5.63585187602044,1.1419879622185,0.285232652699712,0.999285360615371
PPP3CB,-0.413575920887222,5.65240169121785,1.14122501505202,0.285393624436565,0.999285360615371
SREBF2,0.367172921821069,5.53681489961194,1.14072252913248,0.285499705247487,0.999285360615371
PELI1,0.49271212321029,5.43614160261669,1.14036838204952,0.285574500001735,0.999285360615371
TRIM66,-0.715477769505133,4.11679682421547,1.14003150601489,0.285645670237599,0.999285360615371
CHPF2,0.571648108666826,4.74983587522242,1.13964367314756,0.285727633758316,0.999285360615371
APEX2,-0.716036953555705,4.32444739330452,1.13921352992978,0.285818573939306,0.999285360615371
KIF1C,0.545773491008817,4.53128551243128,1.13918158812387,0.285825328489022,0.999285360615371
NOTCH2,-0.407668556302538,5.40434293605141,1.13906790919907,0.285849369159928,0.999285360615371
PTGER4,-0.369762213600285,6.89091713248599,1.13868632204167,0.285930085481576,0.999285360615371
AP2A1,-0.398322184715163,5.38580449499262,1.13822775214162,0.286027124073911,0.999285360615371
EHBP1L1,-0.403683864956939,6.04999015027684,1.13778299940936,0.286121278732037,0.999285360615371
TAF15,0.243055525520575,6.8045929894646,1.13766239731999,0.286146817111855,0.999285360615371
COX6A1,-0.139025301411921,8.64887955552277,1.13688889331096,0.286310681096209,0.999285360615371
ABHD18,-0.755580084273808,4.95596217598335,1.13618148668473,0.286460646912747,0.999285360615371
RNF8,0.479495270006786,5.20159481556414,1.13573075451163,0.286556251364217,0.999285360615371
NCK1,0.257344254402044,6.65056541480885,1.13540886364676,0.286624552189327,0.999285360615371
AFF4,-0.299905811947759,6.0869841438627,1.13492877149149,0.286726459579048,0.999285360615371
TSR3,0.340297165291634,6.20000411527942,1.13442836445332,0.286832728124104,0.999285360615371
NFKB1,0.390768044894314,6.95396086285216,1.13406160441154,0.28691064660551,0.999285360615371
FGL2,0.72240993886801,4.54233595772804,1.13332655637365,0.287066889156024,0.999285360615371
SERPINB8,-0.833857216307082,4.19547716113898,1.13311869503541,0.287111091978461,0.999285360615371
TUT4,0.213273853773628,7.13402884710293,1.13306111568012,0.287123338065217,0.999285360615371
AVL9,-0.430405770257665,5.38984259555245,1.13303025113239,0.287129902669155,0.999285360615371
GZMH,0.591393219551597,5.78315805618269,1.13293387777473,0.287150401618836,0.999285360615371
THAP9-AS1,0.429155100254591,5.01717156161971,1.13292413694005,0.287152473631865,0.999285360615371
NPHP3,-0.510715744432632,5.63478147638182,1.13261187522598,0.28721890617422,0.999285360615371
MTMR2,-0.838878247645307,4.05856018090617,1.13259614418282,0.287222253413082,0.999285360615371
ARL1,0.389636986332543,5.49400041427979,1.13254794689045,0.287232509103276,0.999285360615371
DDX27,-0.250114804367592,6.60907641624691,1.13251840379192,0.287238795679535,0.999285360615371
WRAP73,-0.421388343825509,5.18187959020017,1.13056514101359,0.287654825401637,0.999285360615371
CEBPD,-0.427028623739171,5.83635368169978,1.13027686362627,0.287716291087841,0.999285360615371
BTG3,-0.389055808723119,6.20338385346179,1.13009378061167,0.287755336199178,0.999285360615371
MYCBP2,0.258647798550828,8.00766910146882,1.12921684889488,0.287942448074609,0.999285360615371
CCNH,-0.283010400510903,6.47341133392129,1.12876048493688,0.288039884163609,0.999285360615371
HSPA14,-0.442923153708101,5.21951340442391,1.1286859287165,0.288055806290916,0.999285360615371
EXTL3,0.741672378598896,4.0043638610225,1.1275208300219,0.288304768727957,0.999285360615371
TXNL4B,0.612918279695544,4.38365657299725,1.12682766361559,0.288453016876173,0.999285360615371
FOXRED1,0.683863683873313,4.23754213090322,1.12606444708852,0.288616358922975,0.999285360615371
GSTK1,-0.173093025703049,8.42809458811938,1.12579463271434,0.288674132206391,0.999285360615371
RCC1,0.779865960571263,3.97769213315669,1.12548229360739,0.288741029366772,0.999285360615371
SAP130,-0.760875538572415,4.08707923907964,1.12542859544962,0.288752532489535,0.999285360615371
CLK2,-0.549235523383405,4.43372204243541,1.12490439730415,0.28886485591932,0.999285360615371
CNOT9,0.366143947689408,5.62328351580974,1.12401190301173,0.2890562246158,0.999285360615371
UBQLN2,0.527488408334184,5.20413488597204,1.12383341783288,0.289094514786883,0.999285360615371
NUDT16L1,-0.288828795845867,6.11120500686442,1.12349083134552,0.289168027473753,0.999285360615371
SLC33A1,-0.404094384510368,5.26723238739912,1.12331811633081,0.289205097927674,0.999285360615371
SOS1,0.341451097387516,6.22310332064041,1.12312740484659,0.289246038059966,0.999285360615371
LONRF1,0.752131173797737,3.96752872553488,1.12272689083599,0.289332040636005,0.999285360615371
BRCC3,-0.538248634150642,4.77146464179706,1.12032053049076,0.289849445913442,0.999285360615371
ALG10B,0.792772355545339,3.89024259990554,1.11841861366913,0.29025922228009,0.999285360615371
SELENOT,-0.19191646182002,7.31945556162851,1.11826462228994,0.290292432705194,0.999285360615371
TNPO1,0.320736142383252,5.84514944969992,1.11779965509872,0.290392738873863,0.999285360615371
ITSN2,-0.21470901127867,6.8627683125938,1.11709492819523,0.290544852041023,0.999285360615371
RPL23A,-0.150861322686953,11.3938460502255,1.1170218318351,0.290560635483683,0.999285360615371
NDUFA1,0.174858632252362,8.20612635843177,1.1161348444884,0.290752246733763,0.999285360615371
METTL15,0.541962179770242,4.7669056236851,1.11549051203729,0.290891539572712,0.999285360615371
ZNF318,0.570834872380402,4.39777838350472,1.11544132171831,0.290902177112708,0.999285360615371
CACUL1,-0.392440516575391,5.32642832703189,1.1153259718705,0.290927123776501,0.999285360615371
SLC25A25-AS1,-0.860443962608315,3.88813919776584,1.11485710874575,0.29102855270479,0.999285360615371
SLC35A5,-0.720900116971016,4.07233303950865,1.11463727926094,0.291076123842443,0.999285360615371
BOLA3,-0.408506976673691,6.14367069478632,1.11443340350999,0.291120251456286,0.999285360615371
DNAJA4,-0.605261417818362,4.4909204730227,1.11279954852081,0.291474197504906,0.999285360615371
SLC23A2,-0.730228948240972,3.9589737691634,1.11181341150801,0.29168809260282,0.999285360615371
AMBRA1,-0.850103142546691,3.94297745927225,1.11167669932521,0.291717761561862,0.999285360615371
SMARCC1,-0.272169284881316,6.45619626056248,1.11130390061011,0.291798685048339,0.999285360615371
BCAP29,-0.344138536574294,5.68196378215801,1.10956016704006,0.29217757843331,0.999285360615371
COPS7B,0.391323114068638,5.03097103843063,1.1090958109645,0.292278583626969,0.999285360615371
BRAP,-0.657332103105748,4.38981185138993,1.10896345834085,0.292307380698167,0.999285360615371
HMOX2,-0.295966375514397,6.75208392498857,1.10883975049015,0.292334300130531,0.999285360615371
SLC16A4,-0.819791012468757,3.95833243484374,1.10698916303175,0.292737375331845,0.999285360615371
SELENOM,-0.373853679339709,5.69316672845054,1.1068739453294,0.292762494297941,0.999285360615371
S100A4,-0.203882342928316,11.2009476137567,1.10557057045713,0.293046839001282,0.999285360615371
DNTTIP2,-0.317559942691584,6.13709803814467,1.10542604845834,0.293078389706901,0.999285360615371
PPM1K,0.309627160322914,7.02791160398132,1.10516682410538,0.293134992050074,0.999285360615371
LETM1,-0.424607526754542,5.14724195738125,1.1048714797146,0.293199498335273,0.999285360615371
MRPL52,-0.240200603681533,7.06636953178874,1.10479708253057,0.293215750315194,0.999285360615371
SINHCAF,-0.307193896395313,6.17639293007322,1.10399989017656,0.293389968393925,0.999285360615371
MTA2,0.420649295396916,5.13946873791907,1.10387622145306,0.293417006762805,0.999285360615371
CINP,0.438507321369656,5.25304603824965,1.10322869803727,0.293558630382593,0.999285360615371
RPS6KC1,-0.643859804896697,4.48805577631081,1.10251369379747,0.293715114714721,0.999285360615371
TCOF1,-0.417699730917597,5.58567533210323,1.1024842303428,0.293721565313517,0.999285360615371
FAN1,0.680235672368772,4.11943158854988,1.10242330516238,0.293734904578592,0.999285360615371
NIPSNAP2,-0.386546801311997,5.6763906769776,1.10150774317231,0.293935455685522,0.999285360615371
HAUS4,0.615116759806914,4.57757094003679,1.10064352129927,0.294124921659285,0.999285360615371
RPS14,-0.154757043154659,12.0325112421496,1.10035832224093,0.294187481006859,0.999285360615371
ZNF383,0.609715489013155,4.17674046237467,1.09978320296821,0.294313687108784,0.999285360615371
CAPN7,0.360000871007993,5.45992115426618,1.09904989555771,0.294474707080937,0.999285360615371
RNF19B,-0.567104305249745,4.60864391322475,1.09898167952379,0.294489691721165,0.999285360615371
POLL,-0.524413254854744,4.58034109569248,1.09793412279194,0.294719925389483,0.999285360615371
ZNF699,0.580999687101342,4.4181616063745,1.0975804018343,0.294797718787295,0.999285360615371
RCE1,-0.662790984107812,4.58216122215067,1.09708356655127,0.294907031549857,0.999285360615371
GDI2,-0.249755470417198,7.15202261280887,1.09669370303847,0.294992844938526,0.999285360615371
RPL12,-0.116550927449491,11.7391009573505,1.09605064980604,0.295134458161001,0.999285360615371
ARF4,-0.295259581050922,6.43198693311069,1.09594150829604,0.29515850195505,0.999285360615371
PTPN12,-0.52790308252171,4.96444060294741,1.09555260905456,0.295244196575228,0.999285360615371
UPF1,0.43009653918313,5.37011331043079,1.09550658131886,0.295254340975812,0.999285360615371
LMNA,0.605270989536852,6.59883423613236,1.09502157208214,0.295361262979052,0.999285360615371
GOLGA4,0.244875517291647,7.2338725189165,1.09378195581848,0.295634766330647,0.999285360615371
PEAK1,-0.68373234409566,4.07451816960395,1.09374327180466,0.295643306618805,0.999285360615371
AP5Z1,0.534283927838421,5.1101245754103,1.09338127349037,0.295723240486514,0.999285360615371
IFFO2,-0.545605025977227,4.82536188434037,1.09233243520335,0.295954993897047,0.999285360615371
DNAJC16,0.484864721555795,4.92738985085404,1.09218888905005,0.295986730255275,0.999285360615371
SLC16A1,0.489125379561492,4.90904801344795,1.09083313063954,0.29628668777439,0.999285360615371
MRPS14,0.412299829481886,5.41247052656259,1.09068689788888,0.296319064623663,0.999285360615371
AKR1B1,-0.372948009347052,5.39100238365137,1.09003589834341,0.296463255093936,0.999285360615371
C1orf43,-0.28022778606292,6.54571551539427,1.08868606264394,0.296762518339004,0.999285360615371
FAM53C,-0.495917324872556,4.79280998145647,1.08766976895258,0.296988089998525,0.999285360615371
TMEM147,-0.340209144007901,6.53820999966819,1.08752021913537,0.297021301927515,0.999285360615371
C17orf49,0.387191518354281,7.78003361422887,1.08728493186999,0.297073564025714,0.999285360615371
SLC4A7,-0.365616639016337,6.88291814787488,1.08698483740246,0.297140238254398,0.999285360615371
ATP2A3,0.306313150642431,6.13074004168784,1.08508158124994,0.297563546500512,0.999285360615371
VAMP8,-0.148829362163035,7.9669214703156,1.08485974350555,0.297612936397963,0.999285360615371
WIPI1,-0.541132413973532,4.5770647007195,1.08292442698,0.298044261728733,0.999285360615371
KRBOX4,-0.603069014869156,4.35391191163073,1.08287682936406,0.298054879957548,0.999285360615371
MYD88,-0.395882817077149,5.63092262378221,1.08235132437537,0.298172143611052,0.999285360615371
ALDOA,-1.05824971973278,4.40837407522692,1.08217026283927,0.298212560265285,0.999285360615371
NEMP2,-0.640293229816241,4.30323283167,1.08183206713368,0.298288071352857,0.999285360615371
ELK1,-0.498283798235706,4.8502377286537,1.08002156385543,0.298692732064158,0.999285360615371
RABAC1,-0.228333099045491,7.95214812163217,1.07985859442688,0.298729191535823,0.999285360615371
XPA,-0.369656759434888,5.80094197477157,1.07976091976028,0.29875104602553,0.999285360615371
MICU2,0.388838194544346,5.81743739558869,1.07873410399071,0.298980918237025,0.999285360615371
KIF20B,-0.366850036181528,6.00223202702859,1.07821446881501,0.299097335129223,0.999285360615371
ABI3,-0.46272047310826,5.27845700451931,1.07771454205358,0.299209391669293,0.999285360615371
POLR2K,-0.254393541826597,7.12170289150279,1.07750269452742,0.299256892717961,0.999285360615371
USP7,0.288994287975058,6.34368287081745,1.07745907680441,0.299266674010935,0.999285360615371
DNAJA2,-0.233276539078535,7.13906821506233,1.07686354278836,0.29940026392424,0.999285360615371
RP2,0.659613340005456,4.18572923483361,1.07533984711738,0.29974240812635,0.999285360615371
MTHFD1L,-0.571334564243614,4.40700975427446,1.07507553794269,0.299801809671345,0.999285360615371
CYSTM1,-0.466682248148636,5.45891061309964,1.07436045998794,0.299962594163528,0.999285360615371
DUSP28,0.54929296877286,4.55568239300816,1.07432179152946,0.299971291887348,0.999285360615371
GABARAPL1,-0.345442561910841,5.7531659922607,1.0742732460279,0.299982211721184,0.999285360615371
ADAM10,0.26127800121631,6.42187851966238,1.07338095033054,0.300183016069535,0.999285360615371
COG1,0.54687740190367,4.65748527179155,1.07299168379944,0.300270671761671,0.999285360615371
ZNF143,0.377842247063075,5.44833532657624,1.07290780585767,0.300289563854193,0.999285360615371
GUF1,0.689287674663167,4.45483340428498,1.07266430560734,0.300344416854499,0.999285360615371
UBA1,0.443890994366342,5.80889795877975,1.07227275295623,0.300432648499794,0.999285360615371
RBM27,0.386568054321103,6.56201676472043,1.07150499403954,0.300605750607742,0.999285360615371
SPINT2,0.592509954903014,5.12054127598216,1.07101743146701,0.300715745197566,0.999285360615371
RRAGC,0.519657633061147,5.43944260185362,1.07094542350047,0.300731994659356,0.999285360615371
BIN3,-0.400297135546924,5.18624358337111,1.07091146779763,0.300739657563726,0.999285360615371
ZDHHC17,0.486383208985585,5.19958717705843,1.06891482815162,0.301190689095692,0.999285360615371
EIF2D,0.47989076318038,4.99720523990459,1.06843266645603,0.301299737835523,0.999285360615371
ZNF267,0.370599330090518,6.02832913114046,1.06819439556079,0.301353645480993,0.999285360615371
BUB3,-0.290113551886535,7.30972852583297,1.06742876147803,0.30152695071839,0.999285360615371
RPF1,-0.343500634810591,5.65731552501677,1.06713911307422,0.30159254763994,0.999285360615371
EXOSC2,-0.609134493026997,4.38372216566207,1.06689703175729,0.301647386121685,0.999285360615371
FAM228B,0.577253684448917,4.38698730065255,1.06684956074747,0.30165814119861,0.999285360615371
TSPYL2,0.522776117128924,6.34305081621014,1.06666156464847,0.301700738630673,0.999285360615371
NIT1,0.55242654417219,4.802453546925,1.06628701050892,0.301785630779517,0.999285360615371
MAPKAP1,0.355609286861905,5.71914790531223,1.06620337351114,0.301804591190925,0.999285360615371
SLC45A4,-0.776281415130647,3.8440694253802,1.06610783395266,0.301826251779394,0.999285360615371
DENND6B,-0.742829304748257,3.83064973017711,1.06546114280416,0.301972921388397,0.999285360615371
SNAPC5,-0.386937315530578,5.39709434118232,1.06343142144731,0.302433860056128,0.999285360615371
ACER3,0.596520978691058,4.36281624458605,1.06319801749158,0.302486923020573,0.999285360615371
ZNF688,-0.398021911775098,5.47316693487396,1.06287864440415,0.302559550016735,0.999285360615371
FBXO7,-0.305343093585715,6.07955297902258,1.06223005211049,0.302707112358623,0.999285360615371
THOP1,-1.00754965432597,4.02569569755971,1.06167072758972,0.302834439861348,0.999285360615371
UBXN11,-0.509634300848247,4.87077677208434,1.06141060670412,0.302893678674135,0.999285360615371
RPS2,-0.182736331134409,11.9618500544091,1.06087933417341,0.303014714899625,0.999285360615371
DIMT1,0.467923707616259,5.07779267395158,1.06060608478798,0.303076991784539,0.999285360615371
C1GALT1C1,0.43139139603307,5.1976073421443,1.0600110660293,0.303212661062505,0.999285360615371
DTNBP1,-0.467308795572442,5.27168448869758,1.05903194120541,0.303436080571189,0.999285360615371
MIS18A,-0.670592651555043,4.11546556914719,1.05883600935658,0.303480814399947,0.999285360615371
GGA2,0.350582628285269,5.60177797581229,1.0583297987247,0.303596428429927,0.999285360615371
GSPT1,-0.277469079038709,7.05900684426127,1.05748512125556,0.303789472056549,0.999285360615371
ATP5F1A,0.190707489346002,7.44464186055382,1.05717676804272,0.30385998300838,0.999285360615371
ZNF814,-0.666359578725479,4.39793094955786,1.05702092972223,0.303895626515293,0.999285360615371
CDC42SE2,0.144524395055353,8.21966077745285,1.05662132836799,0.30398704846628,0.999285360615371
RBSN,-0.63003539227961,4.38466140548052,1.05606648880557,0.30411404523259,0.999285360615371
POLR2H,-0.355395780896498,5.78723460908804,1.05459056483668,0.304452202394438,0.999285360615371
PDSS2,-0.545642808408475,4.4565168063197,1.05403938349611,0.304578611338975,0.999285360615371
SNRPG,-0.218671484824166,7.74971670510677,1.05388108384838,0.304614928621579,0.999285360615371
ARID3B,-0.439085841899073,5.00917003333807,1.05357382045214,0.304685437326622,0.999285360615371
GALNT10,-0.342530239886008,5.98096325728283,1.0531147440214,0.304790822397468,0.999285360615371
CCND2,0.278478815183008,8.20275751141131,1.05289056594004,0.304842301605934,0.999285360615371
PCBP1,-0.179764048809764,8.29389690591735,1.05156040013642,0.305147986248926,0.999285360615371
CCNT2,0.329083467877052,5.70542447395644,1.0512384964686,0.305222022365718,0.999285360615371
FAM78A,0.424369351171661,5.70252684036844,1.05088635286716,0.305303040140304,0.999285360615371
USP49,0.770184158540295,3.83313705380534,1.04885908910128,0.305769995256469,0.999285360615371
ACTA2,0.544665515811002,4.65608262550224,1.04827751746335,0.305904123802375,0.999285360615371
ARMC10,-0.393393568643284,5.44375769410303,1.04810320894017,0.305944339625608,0.999285360615371
UBAP2L,0.342660766700941,5.56412049031116,1.04795939487896,0.305977525035354,0.999285360615371
NOL11,-0.403635023385191,5.33643272866517,1.04749421676201,0.306084897849275,0.999285360615371
ZNF480,-0.449237675094515,5.18561300287596,1.0473887670226,0.306109244636494,0.999285360615371
RPL19,-0.136877616682618,11.7790711462649,1.0473831605885,0.306110539149569,0.999285360615371
PPA2,-0.485785957307049,5.21258079482197,1.04670415507459,0.306267372471653,0.999285360615371
USP39,-0.415492048706093,5.12194700301761,1.04632200871769,0.306355684535456,0.999285360615371
CMC4,0.918368944738552,4.53499689726581,1.04541067118601,0.306566423217764,0.999285360615371
SART1,-0.430280869879137,5.32483293883646,1.04456450895482,0.306762258970747,0.999285360615371
ATP5F1C,0.233704505125309,7.38479173567589,1.04455580371772,0.306764274553281,0.999285360615371
ZNF330,0.34251779930515,5.46951131864401,1.04348714379152,0.307011839140264,0.999285360615371
TMEM126A,-0.325556700296551,5.66506074868785,1.04324779966503,0.307067320848912,0.999285360615371
SREBF1,-0.65196937960091,4.57054297393884,1.04301603636263,0.307121057661507,0.999285360615371
PKN2,0.348368359228823,6.08617582029939,1.04186520064073,0.307388072051438,0.999285360615371
TMEM33,0.308916729086009,5.78273212451464,1.04185349268656,0.30739079005268,0.999285360615371
SS18L1,-0.701098216744609,4.08692710472045,1.04170754590753,0.307424674210795,0.999285360615371
RSL1D1,-0.289417883685764,7.29666817120518,1.04094994726661,0.30760064220126,0.999285360615371
TPGS1,-0.330446406919339,6.02663314256332,1.04036032026167,0.307737685762004,0.999285360615371
TMEM238,-0.282693825112345,6.28088699487523,1.03932953676217,0.307977455188679,0.999285360615371
CAMTA2,-0.388115139984807,5.37350530754024,1.03749551677936,0.308404664629503,0.999285360615371
ZCCHC7,-0.300094208157948,5.75351563056412,1.03717404999865,0.3084796251016,0.999285360615371
ARL17B,-0.569826970568703,4.37317971802606,1.03710097448808,0.30849666834333,0.999285360615371
RBL2,0.278283683033215,7.31702603267599,1.03633653837551,0.308675029459173,0.999285360615371
ANXA2R,0.353947475610967,6.43964834177865,1.03633404568864,0.308675611281388,0.999285360615371
ZNF830,0.436303639617749,5.40389905061139,1.03585747828411,0.308786873860245,0.999285360615371
TBL1X,0.411035822818257,5.09500484676635,1.03563646175662,0.308838491528925,0.999285360615371
PIGL,-0.55705064182701,4.52560823978732,1.0356292593809,0.308840173808257,0.999285360615371
STAT1,0.356496264076467,7.78146245513264,1.0343044844185,0.309149807918475,0.999285360615371
UBA7,-0.55481274433683,4.67825053069728,1.03425045061469,0.309162445575865,0.999285360615371
MTDH,-0.223960282357909,8.24451644209424,1.03403127458261,0.30921371429209,0.999285360615371
BBIP1,-0.336444452531804,5.53496445255466,1.03367821901483,0.309296322778524,0.999285360615371
ATF1,-0.3827137230513,5.42295689621875,1.03305816722817,0.30944147291285,0.999285360615371
PDE3B,-0.403472077642363,6.28055313671927,1.03305048854229,0.309443270998974,0.999285360615371
UBE4B,0.477441301364549,4.96949457648622,1.03216866485271,0.309649854414214,0.999285360615371
RIC3,-0.753224283327028,4.78030690955094,1.03146715872628,0.309814323244141,0.999285360615371
ADI1,-0.299485269954747,6.32799673681615,1.0305355865696,0.310032906989332,0.999285360615371
ATG4D,-0.497221158652394,4.75972799394418,1.02766968866263,0.31070661987153,0.999285360615371
WASHC2C,0.461328649953788,4.8765259957302,1.02690240101638,0.310887316588718,0.999285360615371
OPTN,0.212787514896424,7.52541438881212,1.02679540937298,0.310912524057943,0.999285360615371
CIZ1,0.42294835315739,4.98112172954759,1.02652958196976,0.310975165109478,0.999285360615371
COQ5,0.557028699923946,4.57769645619206,1.02616197773824,0.311061816506009,0.999285360615371
SNRNP70,0.184295760269856,7.11464719928822,1.02577670958052,0.31115266538684,0.999285360615371
UNC93B1,0.488965647880411,4.8099523879272,1.02436924789056,0.311484848490512,0.999285360615371
SNX4,0.489567135887121,4.86489966590398,1.0233042876992,0.311736503036128,0.999285360615371
SPATS2,0.688182160067474,4.06552021565483,1.02322749912178,0.311754658739266,0.999285360615371
RAB9A,-0.393477009960633,5.51220885456326,1.02302595141872,0.311802318741665,0.999285360615371
PIGS,0.410949480171883,5.140592268163,1.02289842737031,0.311832479270341,0.999285360615371
SMURF1,0.70946080648912,3.90299453710638,1.02259712637808,0.311903754643557,0.999285360615371
MRPS23,0.34401947409715,5.65033362569656,1.02236932625722,0.311957656845866,0.999285360615371
PAAF1,-0.559221482070376,4.80645935907369,1.02224313743656,0.311987520948265,0.999285360615371
RFT1,-0.655782007773354,4.35092778438155,1.02224115822508,0.311987989382161,0.999285360615371
IFI27L2,-0.378111935184349,7.09258232792147,1.02211049334863,0.312018916785996,0.999285360615371
VAPB,0.40464142380572,5.10547451763206,1.02137400887178,0.312193311971178,0.999285360615371
LMBRD1,-0.337767090734886,5.94771568831088,1.0213183340819,0.312206500600638,0.999285360615371
CBX4,0.358932857562638,5.54017628037959,1.02047860049933,0.312405510667169,0.999285360615371
GNG10,0.451690482766266,5.82634400202874,1.02039262527385,0.312425895436813,0.999285360615371
ZNF85,0.727950103480903,3.83997273548265,1.02031583863967,0.312444103053675,0.999285360615371
NOC2L,-0.351679434261429,5.63200299285258,1.01935521378409,0.312672003077568,0.999285360615371
TRAF6,-0.601972757462587,4.41412991253573,1.01904181352498,0.31274640152687,0.999285360615371
TFE3,0.537621723686673,4.47345799265064,1.01876014042929,0.312813287940388,0.999285360615371
GPR183,-0.290795037679432,8.17062099133882,1.01754330744313,0.313102453117111,0.999285360615371
SDR42E2,0.7893382300309,4.10596098057501,1.01721906875107,0.313179563265334,0.999285360615371
CDC37,-0.200082985554782,7.56929922660595,1.01718481415042,0.31318771111091,0.999285360615371
TMEM203,-0.344597460391454,5.67012895924854,1.01666428455368,0.313311559047447,0.999285360615371
LPCAT3,0.523930686120384,4.68895680276505,1.01648343447881,0.313354603092945,0.999285360615371
HNRNPA3,0.16263093368619,8.69782698434939,1.01577229494549,0.313523935997909,0.999285360615371
STX17,-0.376217338311853,5.57359924113338,1.01566671886983,0.313549085419195,0.999285360615371
TMEM18,-0.38211765376753,5.65910214330574,1.01528668270337,0.313639636169397,0.999285360615371
B4GALT3,0.460833505103881,5.30584102312382,1.01517150452388,0.313667086277043,0.999285360615371
SKA2,0.278224636434722,6.20594136499256,1.01479662573867,0.313756451868103,0.999285360615371
CCDC57,-0.379932296791142,5.72570401684931,1.01410044443084,0.313922499515605,0.999285360615371
HLA-DPA1,-0.493227735911204,6.28001245441095,1.01317656246154,0.314143033856555,0.999285360615371
PAM,0.528927081492043,4.59428722799687,1.01276857741052,0.314240485973851,0.999285360615371
AP5B1,-0.603009564692254,4.25056424062794,1.01193283967145,0.314440235353639,0.999285360615371
LTC4S,-0.641890386760207,4.03591567011669,1.01174280941527,0.314485677577167,0.999285360615371
C12orf57,-0.206449221373306,8.62163184520277,1.01123657256545,0.314606776673286,0.999285360615371
DYRK1A,-0.30601289763587,6.08516130930799,1.01113723075954,0.314630547810191,0.999285360615371
DPP3,0.588320644401385,4.81803582619689,1.01077625577334,0.3147169439669,0.999285360615371
CDC23,-0.48502122007573,4.57526450619805,1.0106722773621,0.314741836031026,0.999285360615371
ENTPD6,-0.782099437075479,4.28927326456045,1.01059225564033,0.31476099470157,0.999285360615371
TXNDC17,0.2299481051039,6.70325380402882,1.01046189077521,0.314792209711933,0.999285360615371
TXNRD1,0.358170011041074,5.62238272454862,1.00880813481267,0.315188542409546,0.999285360615371
CARNMT1,0.359599580000188,5.31109820629182,1.00873127635543,0.315206977877021,0.999285360615371
RINL,-0.35424892705938,5.67430144259804,1.00816806895289,0.315342113313882,0.999285360615371
LYRM2,0.282385300378137,6.268231972134,1.00806534237847,0.31536676960251,0.999285360615371
CLEC2B,-0.175005547654539,7.79166842432078,1.00802052422102,0.315377527584363,0.999285360615371
GALM,-0.22748749309652,6.63956040703567,1.00792588685115,0.315400245560225,0.999285360615371
GTPBP8,0.45569625613948,5.05857125701717,1.00779874385056,0.315430769978663,0.999285360615371
NOLC1,0.423356616294564,5.50740763124757,1.00683660061069,0.315661886154908,0.999285360615371
UBR5,0.321990571013484,6.29978737851501,1.00671514087139,0.315691077721948,0.999285360615371
ARSB,-0.583677168723656,4.25421282756446,1.00661044562895,0.315716242954978,0.999285360615371
ZMYM2,0.321175869400319,6.36311225990929,1.00620030352629,0.31581485269183,0.999285360615371
SCLT1,-0.47967274555543,5.3075335355815,1.00493938455676,0.316118265876847,0.999285360615371
TAF2,-0.433536212043633,5.06354048001641,1.00492389161442,0.316121996295535,0.999285360615371
MPST,-0.551704315888145,5.19746987637933,1.00480452882843,0.316150738616386,0.999285360615371
SSU72,-0.171857174503078,7.28821730677764,1.00473132473615,0.316168367709065,0.999285360615371
RANGRF,-0.338776061889787,5.73521086032412,1.00427482630124,0.316278331235182,0.999285360615371
SUSD6,0.316352814835778,5.75567219603594,1.00374079816445,0.316407034078302,0.999285360615371
TM7SF3,0.370841766789109,5.26750158435535,1.00373323199442,0.316408858047371,0.999285360615371
NHP2,-0.235032085027425,6.96380281203901,1.00367452628783,0.316423010641632,0.999285360615371
XPR1,-0.578253429046297,4.52021975120234,1.00201145959467,0.316824282538831,0.999285360615371
LRRC75A,0.309737110572062,6.06710680809419,1.00141498320979,0.316968365413389,0.999285360615371
UQCC2,0.332621569705033,6.41896183381775,1.0012244393852,0.317014410654302,0.999285360615371
HNRNPF,0.201316470349704,7.88310881419343,1.00082837407381,0.317110148574323,0.999285360615371
NAT9,-0.599769000484223,4.65601426024782,1.00079093490459,0.31711920042687,0.999285360615371
INPP4B,-0.337534449956694,6.40708130310643,1.00010261713725,0.31728567879381,0.999285360615371
PCNX1,-0.301999569765561,6.4285423289374,0.999982400978126,0.31731476634846,0.999285360615371
ATF6,-0.362116149505231,5.38027718466151,0.999850893715692,0.317346589908588,0.999285360615371
SMC3,-0.238012524148909,7.25985096214324,0.999000605120447,0.317552453065404,0.999285360615371
EIF3A,0.137436506908997,7.99526084082949,0.998852436393642,0.317588344077549,0.999285360615371
SSBP2,-0.509379528116398,4.86519088475479,0.997969712456879,0.317802277227399,0.999285360615371
USP4,0.360554306467802,5.7639910108894,0.997588624885253,0.317894694393118,0.999285360615371
PATL1,-0.517970420764615,5.00456139211615,0.997382784810895,0.317944627131973,0.999285360615371
EXOC6,-0.429451036182479,5.07308289531063,0.997033388056751,0.318029407452636,0.999285360615371
LARP7,0.2608109937125,6.75746162873787,0.996200176541951,0.318231704090677,0.999285360615371
COA5,0.41209687641718,5.37629064590688,0.995481200080306,0.318406401216953,0.999285360615371
ANTXR2,0.314447056852159,5.79118278938119,0.994906546750794,0.318546121208748,0.999285360615371
TUBGCP4,0.579690700092238,4.64738966728139,0.9948167752895,0.31856795532149,0.999285360615371
PAIP2,0.191259610181188,8.02610453302695,0.994794193165717,0.318573448029313,0.999285360615371
NEK8,0.696978875110173,3.91606902211441,0.994763016474685,0.318581031420114,0.999285360615371
LNPEP,-0.177190621304767,7.21592781340932,0.993305607383784,0.318935795059987,0.999285360615371
KIF5C,-0.4598957335712,5.00692400441225,0.993028018574893,0.319003424764288,0.999285360615371
ANKRD10,-0.290278195981566,6.28717892874942,0.992823707707643,0.319053213604633,0.999285360615371
BLCAP,-0.369566594677019,5.5890579758492,0.992606391737365,0.319106182885074,0.999285360615371
LIMS1,-0.278302745425861,7.68719068875372,0.990306371086692,0.319667506253193,0.999285360615371
SMCR8,-0.511452090787576,4.5603495961414,0.990229102632707,0.319686386256542,0.999285360615371
NBR1,0.288435873634068,6.00748855806846,0.989933987633135,0.319758509025718,0.999285360615371
TAPT1,-0.568935856867339,4.79425973568558,0.989799538141511,0.319791374054977,0.999285360615371
TTC17,-0.292168489529277,6.00591010316871,0.988669799381185,0.320067704595878,0.999285360615371
PPP1R18,-0.195560615897079,7.66675773914218,0.988602955780026,0.320084064168357,0.999285360615371
MED28,0.329952333941483,6.37466833970977,0.988005650724549,0.320230299855569,0.999285360615371
DCAF11,0.297961983952964,5.86417684713127,0.986535156592678,0.320590689512261,0.999285360615371
FAM50A,0.273426431281649,6.68561970477214,0.986132853958132,0.320689379077525,0.999285360615371
ME2,0.256607823100261,6.31777227842803,0.985869980089895,0.3207538867284,0.999285360615371
DR1,0.24654014155015,6.61785392433038,0.98531022493167,0.320891304164269,0.999285360615371
SNRNP25,-0.481400014872991,4.8432207685693,0.985200276455565,0.320918305138988,0.999285360615371
ZFYVE28,-0.307803655742466,5.87299602616358,0.984233553926511,0.321155840172131,0.999285360615371
FASTK,-0.357573219566198,5.52332090036822,0.983771939841397,0.32126934582385,0.999285360615371
PRR5L,0.62232588604494,4.21713116734281,0.983702714475989,0.321286372108943,0.999285360615371
ACBD6,0.389141344034566,5.38848716431202,0.983380895589669,0.321365540495633,0.999285360615371
ZNF524,0.356037293115628,5.78200180311641,0.982978662589634,0.321464527122026,0.999285360615371
GOLPH3L,0.592611467424425,4.2816092254858,0.982666488782769,0.321541378517258,0.999285360615371
DENND4A,-0.397717616926923,6.04447454079669,0.982527676809422,0.32157555922208,0.999285360615371
MMS19,0.664777291285739,4.44133664990247,0.981518155476714,0.321824285239951,0.999285360615371
TCEAL3,-0.696064664940432,4.04294059550602,0.980601478643223,0.322050355882481,0.999285360615371
UBXN2B,-0.4846135521068,4.73069937155814,0.9802790461558,0.322129923874024,0.999285360615371
TBC1D22A,-0.358454247288592,5.410720062578,0.979856626758519,0.322234205268081,0.999285360615371
EMC3,-0.270366853946313,6.17047578763053,0.97976778964124,0.322256141881538,0.999285360615371
UBE2A,-0.324048716297081,6.35511796373705,0.979271796295087,0.322378654069063,0.999285360615371
USP16,0.197792776811342,7.13348666835847,0.97912108481469,0.322415892526611,0.999285360615371
MED16,0.385942466450926,5.17312054956736,0.978194473154927,0.322644968524845,0.999285360615371
RPL18,-0.142098995752842,11.4945081328716,0.977863416990537,0.322726863943403,0.999285360615371
COQ6,-0.652361613118831,4.36112891851163,0.97717697072904,0.322896761816109,0.999285360615371
ZBTB8OS,-0.305677028925616,6.5086412086405,0.975278597443136,0.323367230834093,0.999285360615371
THAP5,0.367547621464981,5.26967532744169,0.975050735559297,0.323423762066785,0.999285360615371
SF3B1,-0.160321243591706,7.84701469518761,0.974995533748046,0.323437459284218,0.999285360615371
MRPL51,0.223959465931356,7.43356938601325,0.974730116503501,0.32350332792116,0.999285360615371
NUP93,0.645798037830109,4.54053558302806,0.974588523921284,0.323538474217468,0.999285360615371
DUSP23,-0.335443103027589,5.78757614103876,0.973994351920176,0.323686015351773,0.999285360615371
CYFIP2,0.230938369316869,6.87224000007536,0.973509037056409,0.323806591680951,0.999285360615371
COMMD2,0.29599823673481,5.829877415986,0.973125020190036,0.323902042597114,0.999285360615371
RNPS1,-0.231267428039786,7.03269040708661,0.972783081275267,0.323987065933919,0.999285360615371
ATG16L2,-0.471307796573624,4.92627413933592,0.972137303654449,0.324147719401606,0.999285360615371
MED6,-0.306137393552691,6.03096619101164,0.971910164004381,0.324204251136428,0.999285360615371
CD27,-0.364091994433893,7.39251764962224,0.971418143401522,0.324326752544523,0.999285360615371
EIF2AK4,-0.455735838971663,4.8703578434696,0.971354147167688,0.324342690577047,0.999285360615371
ZBTB7B,-0.38460231401216,5.31162294488723,0.971125099325477,0.324399742603076,0.999285360615371
RPL26,-0.116805736030558,12.0524054633512,0.970963954017105,0.324439889179904,0.999285360615371
CWF19L1,-0.522356120824813,4.89245584943864,0.970942176429237,0.324445315194314,0.999285360615371
RNF19A,-0.2371775943324,8.16655702542857,0.969924686431231,0.324698962601291,0.999285360615371
ZHX2,0.522773269137729,4.54867860760796,0.969490687432558,0.324807232824161,0.999285360615371
SEC11C,0.201635001054476,7.41164499779405,0.969388880053206,0.324832637738271,0.999285360615371
WDR73,0.387498591833591,5.35756043782678,0.969261869663612,0.324864335470538,0.999285360615371
DIP2B,0.506794312712228,4.55787373974307,0.967714278138885,0.325250893612084,0.999285360615371
BOD1,-0.551971938491619,4.85654410386604,0.966976487582052,0.325435393459387,0.999285360615371
GBA2,0.573951442714056,4.37067926799804,0.966785657399978,0.325483137046422,0.999285360615371
LATS1,-0.330259685032883,5.51454796129454,0.966388151126122,0.325582618454798,0.999285360615371
TRIM56,0.261925562982701,6.67972942351136,0.966347892110448,0.325592696070509,0.999285360615371
LYSMD3,0.413731438843138,4.98426751587926,0.965441180290362,0.32581977308634,0.999285360615371
PISD,0.502013229052841,4.59147804180286,0.964028433503053,0.326173999527223,0.999285360615371
CALM2,-0.122809600885579,9.04812138775802,0.963972178667028,0.326188115192011,0.999285360615371
SLC3A2,-0.227556142869401,7.10825701593133,0.963882354882276,0.32621065577462,0.999285360615371
LST1,0.607491720504127,5.49108672933738,0.963635751403796,0.326272549612235,0.999285360615371
ELMOD2,0.466151364561867,4.76904437805438,0.962837270045249,0.326473063402725,0.999285360615371
PALB2,0.837758905245019,3.86651985095847,0.962578880994304,0.326537984741142,0.999285360615371
PPRC1,0.613208805770853,4.16441390183148,0.962058491647031,0.326668786674747,0.999285360615371
KCTD5,0.56446632657666,4.54398492377769,0.962043657614604,0.326672516285333,0.999285360615371
PRKAR2A,-0.301208761013348,5.99085907744927,0.961999848507297,0.326683531213112,0.999285360615371
HEXB,-0.617732122004499,5.1928714689564,0.961943855787705,0.326697610184034,0.999285360615371
TATDN3,0.544339485354159,4.48333513105601,0.961580381093206,0.32678902286069,0.999285360615371
POLR1A,0.556797587047462,4.20088031075962,0.960359455372867,0.327096329885809,0.999285360615371
SERTAD2,0.406137265738638,4.95836381494218,0.960263801347825,0.327120422182411,0.999285360615371
AEN,0.550690514155868,4.38916448972552,0.959601386670762,0.327287328563805,0.999285360615371
PPAT,0.600084121633956,4.16077242693679,0.958956194911377,0.327450003904729,0.999285360615371
WIPF2,0.301092149547544,5.72666155612199,0.958852173467212,0.32747624137384,0.999285360615371
HSH2D,0.429974476495726,5.23060938416919,0.958782173504002,0.327493899128236,0.999285360615371
AKT3,-0.485237932607159,5.13877115369794,0.958367782525535,0.327598456680311,0.999285360615371
TMEM106B,-0.308072133157119,5.78050869608128,0.957389102090605,0.327845569421964,0.999285360615371
CHKB,0.411567135233863,5.32549124608106,0.957081340315288,0.327923329094832,0.999285360615371
IST1,0.257463208824355,6.27119082579139,0.957062302216041,0.32792814010065,0.999285360615371
IZUMO4,-0.741316932028455,4.54552320096412,0.956801802921515,0.327993978750083,0.999285360615371
DERL1,-0.261249515703108,6.49681364950316,0.956692062570774,0.328021719801293,0.999285360615371
RUNX2,-0.311632430827886,5.72943685766168,0.956096841973803,0.328172238718834,0.999285360615371
BARD1,-0.380059615426824,5.24278715051689,0.955534509609219,0.328314525103096,0.999285360615371
WDR7,0.585991183640652,4.44597922874078,0.954835424776434,0.328491528026845,0.999285360615371
RAB2A,-0.189885576303016,7.2532630925166,0.954820813199618,0.32849522891755,0.999285360615371
PDHX,-0.600345779200434,4.3684955766931,0.954316506399419,0.328622996112706,0.999285360615371
FXR1,-0.222903990119034,7.01778646079834,0.953303409603262,0.328879865831658,0.999285360615371
WDR75,0.523150221112466,4.89057600543697,0.953137930824745,0.328921848149172,0.999285360615371
ATF2,0.324437351099568,5.64593075167181,0.953101410276194,0.328931114448712,0.999285360615371
MSANTD3,-0.608876389693247,4.37140123387328,0.953022442007978,0.328951152124811,0.999285360615371
SARAF,-0.219825708414256,9.04371377516721,0.95180000073201,0.329261545464578,0.999285360615371
SLFN11,-0.426648825660662,4.86573485709829,0.951106438644818,0.3294378227131,0.999285360615371
CGAS,-0.310449858753587,5.80734863709764,0.950912337472218,0.32948717834984,0.999285360615371
TSPAN14,-0.215624072012296,6.70290824473015,0.949819206970393,0.329765320888727,0.999285360615371
TMEM39B,-0.6008334338772,4.12074841359342,0.948747668701344,0.33003827243193,0.999285360615371
TRAPPC6A,0.230331911733503,6.69010495940669,0.948592016402127,0.330077946526155,0.999285360615371
OGFOD3,0.581455988849028,4.59176713420489,0.948312645536742,0.330149171060771,0.999285360615371
SCARB2,0.421534868690867,4.8734802417601,0.948279744130204,0.330157560494042,0.999285360615371
TEX264,-0.327995389166322,6.52969374138554,0.94811558801101,0.330199422419012,0.999285360615371
DDI2,-0.472191258307063,5.46429216537775,0.946717006384752,0.330556365264016,0.999285360615371
ZBTB1,-0.307210027130375,6.28201900335002,0.945519180772532,0.330862479900397,0.999285360615371
ZNF248,-0.838750089584472,4.29371865743595,0.945483672022586,0.330871560224065,0.999285360615371
NME3,-0.203342201083414,6.98614415609204,0.94542556906891,0.330886419069658,0.999285360615371
BTBD2,-0.562315664087419,4.65425695738677,0.945341758428604,0.330907853785167,0.999285360615371
NOL8,0.297190403905316,5.9445167239065,0.944726780440266,0.331065192024327,0.999285360615371
TMEM9,-0.546035083312555,4.62694676924283,0.944386052998617,0.331152407872857,0.999285360615371
SND1,0.337918760124744,5.51571574810841,0.941153649152792,0.331981329122088,0.999285360615371
CORO7,-0.330930836051735,6.08061856416277,0.940877832370763,0.332052187848044,0.999285360615371
MRPL23,-0.37294653825748,5.58378554590343,0.940804088070362,0.332071136547127,0.999285360615371
HIBADH,-0.559607649530785,4.39127447224505,0.940475920544493,0.332155477124107,0.999285360615371
RBMXL1,-0.571620984743129,4.72700726678717,0.939934316902391,0.332294734240367,0.999285360615371
ARHGAP15,-0.262555776602158,7.02216274434706,0.939269189885138,0.332465858203766,0.999285360615371
PSMD5,-0.454593403996835,4.66523434762409,0.938100768386981,0.332766754510933,0.999285360615371
FBXO34,0.334023555234183,5.55885598109994,0.937880503545735,0.332823518632002,0.999285360615371
FOXK2,0.404946520267409,5.11138026223356,0.937782504464217,0.332848777980165,0.999285360615371
NKIRAS2,-0.595626698863397,4.6608379895335,0.937782200055512,0.332848856445757,0.999285360615371
NUP35,0.767605850068381,3.92797148098375,0.937669788100305,0.33287783388327,0.999285360615371
ZFAS1,0.231926173463449,8.90089355568152,0.937284020258065,0.3329773023172,0.999285360615371
GTF2E1,0.515163447280855,4.41872434050734,0.937240886582245,0.332988426598702,0.999285360615371
RAP1B,-0.175850336296659,8.41452959488225,0.937106435532264,0.333023105038693,0.999285360615371
UNC119B,0.770341689031366,3.91758814741577,0.937077908807453,0.333030463446343,0.999285360615371
TEX10,-0.547150168896409,4.2557328705767,0.936442109427684,0.333194522860065,0.999285360615371
ST8SIA4,-0.295527713050897,6.42068711830218,0.935936809070881,0.333324985705598,0.999285360615371
DPM1,0.360083466785688,5.3838709114323,0.935933362424526,0.333325875824871,0.999285360615371
DLG3,0.450308208606486,4.52467516795262,0.935785635463759,0.333364030274649,0.999285360615371
ZUP1,0.581384850234341,4.33000102155062,0.935760690180679,0.333370473638394,0.999285360615371
ZDHHC12,0.318580616640734,6.03487965749314,0.935655840757661,0.333397558050297,0.999285360615371
DNAJC25,-0.658845582260985,3.92304990604346,0.935028527673998,0.333559665206679,0.999285360615371
SMIM14,0.630280802626427,4.71183713722685,0.935023905304902,0.333560860087058,0.999285360615371
AKAP1,-0.612620620398412,4.56041077315402,0.934732169475442,0.333636285235478,0.999285360615371
EIF4A1,-0.264217046024107,8.36904485739579,0.932599213437452,0.334188430658649,0.999285360615371
VTI1B,0.248589744013624,6.33390415444313,0.93232769362309,0.334258804915246,0.999285360615371
SRGAP2B,-0.606830955974744,4.30470812371406,0.93215192785571,0.3343043715794,0.999285360615371
LSG1,-0.396963139396634,5.42972880790768,0.932115889448355,0.334313715436672,0.999285360615371
NAA50,-0.344737857869879,6.12048618980075,0.931618171510234,0.334442796947107,0.999285360615371
RAN,0.199409747736939,8.16830908142477,0.931382070484421,0.334504052265622,0.999285360615371
NPEPL1,0.439822198116241,4.88784886557044,0.931281394423667,0.334530176764222,0.999285360615371
SNX15,0.830749074871092,4.42978421378515,0.930916446858163,0.334624900118248,0.999285360615371
DGKH,-0.4347034600035,5.49053938494691,0.930519807285968,0.334727889903334,0.999285360615371
OSTF1,0.241014315857966,7.58867034862303,0.929342517835263,0.3350338296994,0.999285360615371
ZNF786,-0.654383550913722,3.91336656386795,0.929037942077258,0.335113040059966,0.999285360615371
PINK1,-0.788985485570723,4.4222662047689,0.928900835157009,0.335148705336909,0.999285360615371
TTN,0.559666802715625,5.55290266172434,0.928797815290423,0.335175506975466,0.999285360615371
SPCS3,-0.199836932608281,7.54591425835789,0.926120669580424,0.335872999662041,0.999285360615371
RPE,-0.546410558876563,4.6288686362164,0.925093967372856,0.336141007890534,0.999285360615371
CD9,-0.494370349896535,4.58782727356883,0.924984656789107,0.336169558964591,0.999285360615371
ANKRD44,0.145847782908503,7.84082432946994,0.92435142144986,0.3363350190274,0.999285360615371
ZZEF1,-0.301046273597356,5.84752251683525,0.924074525844642,0.336407404231515,0.999285360615371
SVBP,-0.303251457662896,6.01636848136908,0.923592456855371,0.336533475035592,0.999285360615371
TAF11,-0.279440567722593,6.01534417329892,0.923368111783848,0.336592167398039,0.999285360615371
IL23R,-0.557112829499529,4.63635435322118,0.922352134436593,0.336858135560067,0.999285360615371
TRIM25,0.422000356156158,5.41656839236765,0.922248507458644,0.336885279428984,0.999285360615371
CNBD2,-0.490125007736318,4.49870494472323,0.922151117955035,0.336910792136992,0.999285360615371
RORC,-0.689351816893083,4.91267251781272,0.92038577733474,0.337373700124362,0.999285360615371
RELL1,-0.583712626931329,4.49467369370554,0.919162228441003,0.337695039901316,0.999285360615371
ARHGAP1,-0.349292377448661,5.48843031191861,0.918916251447271,0.337759690223629,0.999285360615371
CCDC88A,0.584731077017331,4.31455072876913,0.918520863977996,0.337863645018906,0.999285360615371
SLC25A19,0.55944175832153,4.17298053828747,0.918501555882045,0.337868722579427,0.999285360615371
REV3L,-0.309101483719623,5.9700677643022,0.918287056138411,0.337925137692612,0.999285360615371
LINC01934,-0.334843079147708,5.95634648342732,0.918144230573787,0.337962708945592,0.999285360615371
KLHL6,-0.528178968329496,5.65370327322723,0.917086124013732,0.338241225881608,0.999285360615371
AP3D1,0.283814496991156,5.97360339334896,0.916792151835917,0.338318660513685,0.999285360615371
SLC30A7,-0.337865374919044,5.7770130994044,0.916776765761306,0.338322713984616,0.999285360615371
MAP2K2,-0.232583741270075,7.2312722632208,0.916575110989857,0.33837584608724,0.999285360615371
P3H1,0.52040326930021,4.51392983901824,0.915723670880322,0.338600307520575,0.999285360615371
BCR,0.485901721165811,4.62360734654453,0.915059522398948,0.338775532913705,0.999285360615371
POGLUT3,0.984073921641542,3.67979425443791,0.914845293408916,0.338832079926104,0.999285360615371
PDE4DIP,-0.294382333000876,6.15732744686962,0.914777563766485,0.338849960204658,0.999285360615371
PCGF6,0.554039492079647,4.12450939894789,0.914187017145549,0.339005915206924,0.999285360615371
RSU1,-0.338298658018516,5.79518194074652,0.913843995376793,0.339096546676957,0.999285360615371
PEA15,-0.488200801917389,4.801670438971,0.913807041093303,0.339106312492594,0.999285360615371
SCOC,-0.478945917032105,5.13499073140149,0.913087264357305,0.339296601475668,0.999285360615371
NOTCH1,-0.406443113474135,5.50093541834437,0.912713402711077,0.339395496743853,0.999285360615371
SLC27A3,0.563907586054399,4.25670142762199,0.912569127430729,0.33943367133636,0.999285360615371
HNRNPH1,-0.178368448171718,8.84406870050464,0.91160472326143,0.339688996664789,0.999285360615371
MAK16,-0.542001089398307,4.51320720704821,0.910446931700708,0.339995862399717,0.999285360615371
MED14,-0.498406337046872,4.84940636869216,0.909659602790086,0.340204752241631,0.999285360615371
MBTPS1,-0.372485968713869,6.21457498098452,0.90927710110109,0.340306297836645,0.999285360615371
RNPEPL1,-0.214859946745908,6.93808040679641,0.908947089817467,0.340393941184232,0.999285360615371
TMTC4,-0.662669729303488,3.93703085694459,0.908544247971431,0.340500967815655,0.999285360615371
TRA2B,-0.218570964464795,7.83264326459393,0.908257362040061,0.340577215004448,0.999285360615371
BAHD1,0.577927799216354,4.24957232074885,0.907872562072694,0.340679521412389,0.999285360615371
ZNF593,-0.446592364245435,5.34778243171714,0.907737602540472,0.340715412775848,0.999285360615371
ABR,-0.442163972462995,5.21730547620288,0.907613204337462,0.340748499950212,0.999285360615371
HRAS,-0.35836434324946,5.57953332987907,0.907057995867159,0.340896225889742,0.999285360615371
MIR155HG,0.60482186614834,7.12299779444961,0.906985036042329,0.340915644933228,0.999285360615371
IFT22,0.557964949264688,4.13994616809605,0.906836813245455,0.340955100614677,0.999285360615371
GFM1,-0.479627230678756,5.2662528919506,0.906112001688488,0.341148128032669,0.999285360615371
GATC,0.464930569281088,4.89970650957053,0.906037753173237,0.341167909756536,0.999285360615371
APPBP2,-0.406623890171293,5.25723436022998,0.905305656933834,0.341363041869207,0.999285360615371
OST4,0.107579324925363,9.227871538847,0.905219164522141,0.341386105389389,0.999285360615371
FIP1L1,-0.278612446762706,6.20890435989112,0.904916412086056,0.34146685197882,0.999285360615371
BRCA2,0.46874552305791,4.46832985578366,0.904009161606211,0.34170897737693,0.999285360615371
MKKS,0.536547468690202,4.37591944470105,0.903844432885023,0.341752964702014,0.999285360615371
QTRT2,0.549835646541384,4.41981690685488,0.903797007702238,0.341765630010051,0.999285360615371
ARHGAP25,0.228513498222157,6.50523303039608,0.903136074762751,0.341942203773118,0.999285360615371
GTF2A2,0.189361524581651,6.88475533472502,0.902068903855694,0.342227567110006,0.999285360615371
TPMT,0.379651427126806,5.09539694975984,0.901750798506459,0.342312691152561,0.999285360615371
CASC3,-0.303436666229332,5.70188201448142,0.901702982143629,0.342325489137282,0.999285360615371
MRS2,-0.579351435656877,4.79251394952231,0.901600571269505,0.342352901440193,0.999285360615371
HIGD2A,-0.220482037489289,8.05096247890902,0.901502721065334,0.342379095755107,0.999285360615371
TFIP11,0.499012806791844,4.57665776585666,0.900982013861697,0.342518533569486,0.999285360615371
HACD3,0.370657752147555,5.35642001612908,0.900624091074498,0.342614424514011,0.999285360615371
ANXA11,-0.234109814499913,7.23044183639465,0.900558620313049,0.342631968676571,0.999285360615371
KAT6B,0.259959598650821,6.60598703048489,0.900392705990942,0.342676434070884,0.999285360615371
USP18,0.524925612354609,5.03217958579891,0.900354824948543,0.342686587363251,0.999285360615371
ABHD14A,-0.332232114037315,5.4799093179303,0.90031710601933,0.342696697607571,0.999285360615371
NUDT19,-0.586659145429638,4.51059074444847,0.899983764284485,0.342786064576737,0.999285360615371
MAPKAPK5,-0.341563693092149,5.43332229215651,0.899394490767978,0.342944122310987,0.999285360615371
VMP1,0.295030712181995,8.00934191932025,0.899332792874073,0.342960676900201,0.999285360615371
UBXN7,-0.346806952431161,5.98785396144724,0.898940215537735,0.343066037314209,0.999285360615371
TOX,0.420120781858085,6.04395336634838,0.898326922667003,0.343230721112371,0.999285360615371
DALRD3,0.347436590441615,5.43953449152411,0.898215696075049,0.343260599543929,0.999285360615371
MIGA2,-0.733475455163052,4.33399344779319,0.897313722082931,0.343503023599407,0.999285360615371
MAGT1,-0.329298535053467,5.54059712973608,0.897312305363428,0.343503404553734,0.999285360615371
AZIN1,0.300008220658249,5.84643633397338,0.897267418957057,0.343515474754794,0.999285360615371
CWF19L2,-0.231878832434812,6.62223132877302,0.896522225620128,0.343715945060119,0.999285360615371
ZNF431,-0.423704828940828,5.47263886850829,0.896260836816182,0.343786300750542,0.999285360615371
GPAA1,-0.359356498680451,5.35122842096691,0.896196718471845,0.34380356188425,0.999285360615371
COQ8B,-0.57233912910419,4.49913589291362,0.89606905123156,0.343837934338778,0.999285360615371
VKORC1L1,0.420196015703572,4.97522746511351,0.89525842942529,0.344056290254567,0.999285360615371
MPC1,-0.253429296899567,6.22348951772328,0.894947545058297,0.344140082399048,0.999285360615371
ANKRD11,-0.175198753005259,8.1871719941979,0.894931937117125,0.344144289908427,0.999285360615371
PHKA2,0.69162107101177,3.96120209003673,0.894212894614995,0.344338201138333,0.999285360615371
GNB1,0.183118879701398,7.53189428515917,0.894054406720551,0.344380961984159,0.999285360615371
MSRB2,0.5924546768499,4.63199666187024,0.89344652472165,0.344545038253254,0.999285360615371
NOP14,-0.358347811641967,5.53019121515326,0.893139464922733,0.344627958379886,0.999285360615371
POLD3,-0.441656308975037,5.03717428030929,0.892966330345708,0.34467472449694,0.999285360615371
EMC10,-0.265849300837049,6.49114433364535,0.892387995564491,0.344831003198,0.999285360615371
ASH1L,0.175142417994251,7.26494817934082,0.892003007616626,0.344935088498023,0.999285360615371
PTGER2,-0.397631199407625,5.00237356528232,0.891945578704892,0.344950618614989,0.999285360615371
TOR1AIP2,0.291248907887905,5.94119217783177,0.891788989395117,0.344992968822219,0.999285360615371
GNB5,-0.374568031031338,5.56921578686739,0.891567831928494,0.345052793730476,0.999285360615371
BTN3A1,0.261356778600446,6.20890209594342,0.891375932992354,0.345104715340328,0.999285360615371
MVB12A,0.385406138302813,5.14667731469951,0.889990873194712,0.345479781193755,0.999285360615371
MAN2B1,0.448213836966105,5.38798282684849,0.88988991771409,0.345507140898426,0.999285360615371
TIMM44,-0.344414479181802,5.15107885291349,0.889784414832697,0.34553573611768,0.999285360615371
TRIP11,0.295911422719176,6.24607536257711,0.88964997029294,0.345572180249613,0.999285360615371
CEP19,0.694943841990826,3.97094662273269,0.889240013683555,0.345683340083898,0.999285360615371
CIITA,-0.798378548758835,3.80317266250985,0.888517607154412,0.345879338646803,0.999285360615371
UBXN8,-0.663923736587411,4.00799469483248,0.888472432111218,0.345891600239942,0.999285360615371
P2RX4,0.436285183706128,5.06968959535474,0.887412484548484,0.346179464544858,0.999285360615371
CYB561,-0.575180406099812,4.44368474493838,0.88729040237229,0.346212640893082,0.999285360615371
ZMAT2,0.192931764007324,7.02854393605918,0.886421319438433,0.346448942398386,0.999285360615371
MAP3K10,-0.661590770976151,4.03290945015651,0.886210771112896,0.346506222854762,0.999285360615371
JRKL,-0.562633153744335,4.18424660469124,0.886123130798051,0.346530069512149,0.999285360615371
BTLA,-1.09881424955363,4.38049854968693,0.885466171090208,0.34670889706067,0.999285360615371
PRIMPOL,-0.600327351505206,4.12149650776054,0.883654199153639,0.347202773309598,0.999285360615371
EPS8L2,0.471212538082807,4.90406809449781,0.883348540755836,0.347286178466296,0.999285360615371
PBX3,0.533924377556206,4.55646182828572,0.883045774189274,0.347368821324219,0.999285360615371
LY6G5C,-0.697482865243711,4.09310517046165,0.882628575872985,0.347482743076259,0.999285360615371
TMSB10,0.120177829420925,12.0952890878697,0.882293287338232,0.347574334977087,0.999285360615371
ANKRD44-IT1,0.65914681054206,4.18607040137218,0.881913232670094,0.34767819541252,0.999285360615371
FBXW7,0.30238062543257,5.94203733271133,0.880339828534272,0.348108620026934,0.999285360615371
ANAPC1,0.381979022588589,5.24630484899969,0.879704690689795,0.348282574994509,0.999285360615371
ZMYM1,-0.558964748216338,4.3604223022757,0.879601063663461,0.348310968122686,0.999285360615371
MRE11,-0.409088805494686,5.14812537558034,0.87958549324615,0.348315234586964,0.999285360615371
HDAC5,-0.516135380706245,4.79197332288161,0.87942241978233,0.348359922760666,0.999285360615371
NAGPA,-0.510831132998582,4.47599024490222,0.878892808622258,0.348505109576892,0.999285360615371
PPP2R5C,-0.173654556529943,8.50735525399346,0.878631643300917,0.34857673531229,0.999285360615371
ENDOV,0.457074537798705,4.72517950529464,0.878542515105973,0.348601183688001,0.999285360615371
LRRFIP2,0.333147593070868,5.46247805046608,0.878528768984703,0.348604954535365,0.999285360615371
FAM219B,0.358424753695111,5.34490956631059,0.878516954812646,0.348608195453103,0.999285360615371
SETD6,0.675452262781487,3.9965457697288,0.878131457338963,0.348713969349561,0.999285360615371
ARL13B,0.606148601893417,4.37703567855464,0.878128081453031,0.348714895827372,0.999285360615371
ASB7,-0.673649177710093,4.34265029631163,0.877893033976072,0.348779410459048,0.999285360615371
EEF1D,-0.133640027703879,9.94233125907783,0.877654451225745,0.348844912022961,0.999285360615371
GGA3,0.403819486714196,4.90407484502044,0.877642635716956,0.348848156339462,0.999285360615371
NBPF26,0.530149234532449,4.40613525178852,0.877305520922942,0.348940739000264,0.999285360615371
RNPEP,0.443642818639062,4.75980592074254,0.876279409111223,0.349222748227029,0.999285360615371
SETD4,-0.613243952943249,4.39134241431522,0.875621269180456,0.349403789827045,0.999285360615371
LSM3,-0.248451964657708,6.93200314640716,0.875125322306147,0.349540299582425,0.999285360615371
VPS35,-0.215991641595968,6.67333235721053,0.874601795400475,0.34968447947897,0.999285360615371
PDS5B,-0.29736951939878,6.04213719261763,0.873313918116772,0.350039506836596,0.999285360615371
TAF5L,0.484790488635358,4.44932512499199,0.873056393684689,0.350110557082701,0.999285360615371
FBXO46,0.521741208247063,4.30112742320658,0.87240650746914,0.350289946105885,0.999285360615371
SLC25A36,0.30194952852293,5.63321454192251,0.871955875057076,0.350414408284937,0.999285360615371
ATP10A,0.479812635065,4.48592701905434,0.871871458588874,0.350437730342058,0.999285360615371
RPSA,-0.138380410012734,11.0200314416711,0.871145901260743,0.350638269991838,0.999285360615371
ZNHIT1,-0.163493148959674,7.5239622732999,0.870874008466858,0.350713459769014,0.999285360615371
AIP,0.202042510785669,7.10785973744788,0.87015035853641,0.350913686410132,0.999285360615371
BRF2,-0.781809377258045,4.00907081545117,0.869649337670207,0.351052405077534,0.999285360615371
NARS2,0.694023601644671,3.97182221889304,0.868869880908399,0.351268363446475,0.999285360615371
CUL1,-0.334270220360007,5.50556916927123,0.868668028797043,0.351324318644296,0.999285360615371
CD47,-0.180583223748313,7.50830201382974,0.867447300397018,0.351662974468117,0.999285360615371
AP3B1,-0.287431253604288,5.97649649350605,0.866783835743323,0.351847220280583,0.999285360615371
MIR4458HG,0.634111615617928,3.91516987727272,0.866613368408615,0.351894580747951,0.999285360615371
LIG4,0.580401031448145,4.19558141190388,0.866567387114195,0.351907357092582,0.999285360615371
SNHG6,0.747482148454038,8.50235303701311,0.866054105578051,0.352050020265018,0.999285360615371
ARHGAP30,-0.173689433515921,7.64999286133682,0.865811568926521,0.352117459155135,0.999285360615371
RPS25,0.110795359508749,11.4322359224561,0.865659429769394,0.352159771430888,0.999285360615371
AKTIP,0.313107707910818,5.60363003608971,0.86542043127395,0.352226254655037,0.999285360615371
IL12RB2,-0.671250735214326,4.28464017764499,0.864863172035538,0.352381336353796,0.999285360615371
CDK12,0.298279600515243,6.47852671860126,0.863816781861228,0.35267279196017,0.999285360615371
VAMP4,0.27959836441159,5.83207338340637,0.863434498063544,0.352779353202179,0.999285360615371
EXOSC4,0.559973790343825,4.37146845829762,0.863097368997785,0.352873364089003,0.999285360615371
EMC1,-0.586575753570819,4.51401660958488,0.862122336170064,0.353145451707055,0.999285360615371
GPATCH1,-0.584002228175704,4.43746261550917,0.861977597267952,0.353185866219977,0.999285360615371
CENPF,-0.78128407924684,5.22462585191854,0.860424630453771,0.353619889059816,0.999285360615371
ZC3H12A,-0.547352596025664,4.84501187016186,0.860153582205641,0.353695716266064,0.999285360615371
CD8B,0.484627424461409,6.11510552757114,0.860047983947826,0.353725263962995,0.999285360615371
DCUN1D1,-0.371949856377878,5.84365010204668,0.860008915794733,0.353736196569898,0.999285360615371
BCL2L1,-0.40432994300337,5.71133614859825,0.859232310910389,0.35395361309416,0.999285360615371
PPIL2,0.340973638312625,5.45508721504328,0.858817064780464,0.354069939417434,0.999285360615371
ZFAND2B,-0.287392901624696,5.82603417770622,0.858685975544116,0.354106673383226,0.999285360615371
PTMS,0.267752132993726,7.49425641076987,0.858635989315356,0.354120681950191,0.999285360615371
PGLS,-0.205448812615953,7.00170818470792,0.858076157747401,0.354277625714475,0.999285360615371
MBTD1,0.46719386528287,4.72016005036972,0.857963190694012,0.354309306550893,0.999285360615371
CCDC77,0.594353572006695,4.07763846729979,0.857957206415811,0.354310984908805,0.999285360615371
ATG14,-0.541718816600761,4.99686244877882,0.8576417879686,0.354399462944196,0.999285360615371
PLAAT3,0.605216652786578,5.1555170033715,0.857495706978838,0.354440450366747,0.999285360615371
MXD4,-0.257965462411733,7.20535949981104,0.857337501847134,0.354484846897887,0.999285360615371
PGS1,-0.48677302246702,5.186112195627,0.85653446417431,0.354710317815941,0.999285360615371
INTS12,0.550342848749601,4.3596616601131,0.856525196217607,0.354712921148958,0.999285360615371
MLH1,0.528697425104505,4.77878960291761,0.856478766092078,0.3547259635844,0.999285360615371
ST6GALNAC6,-0.464830829008084,4.91817229816774,0.85644231266231,0.354736203980121,0.999285360615371
APOBEC3H,-0.519399988539017,5.72821886808892,0.856016281299759,0.354855913522813,0.999285360615371
ZNF484,0.60389965406254,3.92012620473323,0.854680407530282,0.35523163628428,0.999285360615371
CDR2,0.343747122946114,5.68848458776635,0.854146295111782,0.355382011144356,0.999285360615371
RABEP2,0.515051602534216,4.52545676989255,0.85373247476889,0.355498578730768,0.999285360615371
RTN4,0.187986967221426,6.99683217673637,0.852604556262214,0.355816564168654,0.999285360615371
IREB2,0.398836871692892,5.65362802134146,0.852598625515348,0.355818237208566,0.999285360615371
C1orf162,0.398127680250412,5.25668699782406,0.852224430036664,0.355923818054585,0.999285360615371
UNC45A,-0.40890191462098,5.41417273976131,0.851386960119598,0.356160269394257,0.999285360615371
DLGAP4,-0.427602759711082,5.02240758369051,0.85130722404746,0.356182793310493,0.999285360615371
SAFB,-0.298754467361556,6.14595156151944,0.850598974393822,0.356382946043122,0.999285360615371
POLR3GL,-0.231983605055811,7.1434088974821,0.850413796237508,0.356435303183522,0.999285360615371
FDX2,0.520513021245405,4.48491421009268,0.850146753832732,0.356510825139699,0.999285360615371
SPIDR,-0.449886509783662,4.83386052258728,0.849764624138345,0.356618932977762,0.999285360615371
TRIM8,0.369789356524087,6.11408071057691,0.849618628865752,0.356660248190972,0.999285360615371
MSH2,0.434139354122801,4.82159389877733,0.849214207979284,0.356774729580186,0.999285360615371
IL10,-0.973293477262242,4.96250744575562,0.849201220335544,0.356778406891141,0.999285360615371
PYURF,0.271397969362475,6.81194179922874,0.849194011981371,0.356780447881157,0.999285360615371
TTL,-0.375955623271122,5.19705323973127,0.848888371286495,0.356867002433544,0.999285360615371
ETFRF1,0.468458274239189,4.87783427802976,0.848815973902038,0.356887508908074,0.999285360615371
BICRA,-0.662209548561925,3.86420769708072,0.84867868661993,0.356926399810634,0.999285360615371
UAP1L1,0.618677296058235,3.81317005929311,0.848600032008427,0.356948683801707,0.999285360615371
PARN,0.476420924302776,4.91192197510758,0.847744752638189,0.357191120145935,0.999285360615371
TMEM9B,-0.241413261126363,6.21924170698567,0.847712929912019,0.357200144933529,0.999285360615371
HUWE1,0.213787738272947,6.94193887378922,0.847087128640322,0.357377683089561,0.999285360615371
TAF10,-0.240416863202252,7.15176723047196,0.846756256589377,0.357471599571501,0.999285360615371
CD84,-0.268216977704011,6.65188724080361,0.846147187411638,0.357644569636413,0.999285360615371
GTF3A,-0.129073228038768,8.0237236184379,0.845227129272445,0.357906075761358,0.999285360615371
COG8,0.514817417081388,4.29198053935253,0.844321271149649,0.358163802554063,0.999285360615371
C12orf76,0.358142712325567,5.35798109683485,0.843864227629545,0.35829393336387,0.999285360615371
MAPKBP1,-0.738224714904422,3.92956329038275,0.842633586923913,0.358644648352351,0.999285360615371
EIF3B,0.272388036745629,6.17208113094338,0.842116669962369,0.358792103064298,0.999285360615371
GOLGA2,-0.304783396381445,5.61324238111386,0.841953221409973,0.358838745424893,0.999285360615371
CD83,1.10051487131768,5.0385029171945,0.84187876199892,0.358859996237846,0.999285360615371
TIPIN,0.652228185425726,4.10341806037323,0.841863345605269,0.358864396312975,0.999285360615371
ABCC10,-0.52125576448264,4.40574199399452,0.841699389986424,0.358911196352045,0.999285360615371
RASSF1,0.295141109144684,5.69446620240898,0.840137867844764,0.359357343529413,0.999285360615371
SLC35B2,-0.542464529035312,4.47765735136008,0.839762735155439,0.359464637494609,0.999285360615371
MPHOSPH6,0.308852286185252,5.53892411117056,0.839703728350543,0.359481518400177,0.999285360615371
XPO7,-0.399040453331233,4.8870793350474,0.839459315701284,0.359551452582174,0.999285360615371
ZNF3,0.504710077449747,4.38649723730368,0.839045849964386,0.359669800840744,0.999285360615371
SH3GLB1,-0.234823131747819,7.32433116619812,0.838974366049637,0.359690267457984,0.999285360615371
TM9SF4,0.412722935262642,4.98559487328301,0.837957128137873,0.359981687524456,0.999285360615371
KLF12,-0.381132026204749,5.75337233149763,0.837865126176787,0.360008060436268,0.999285360615371
ITGB1,-0.270825914108322,9.24437276029197,0.836800302592508,0.360313492233992,0.999285360615371
ZNF282,0.505979162035419,4.44178915016198,0.836555571028779,0.360383740982095,0.999285360615371
CLASP1,-0.491273613692934,4.8561983744045,0.836002657807459,0.360542520955076,0.999285360615371
GON7,0.371679837870286,5.14232264925757,0.835912041909609,0.360568552297899,0.999285360615371
NSMCE2,-0.334957115613344,5.31470531156844,0.83573650657733,0.360618985923208,0.999285360615371
SPTY2D1,-0.265690789418192,6.78620934845272,0.835022915485006,0.360824110237683,0.999285360615371
ULK2,-0.525102626508209,4.270488278785,0.834586024608424,0.360949775481366,0.999285360615371
VSIR,-0.32490377040866,6.09291340813024,0.834344750118628,0.36101920041185,0.999285360615371
CWC25,-0.233999770869252,6.25725521622002,0.832366736715912,0.361589054037239,0.999285360615371
KIAA1191,0.463068204424518,4.9643465272293,0.831440224084822,0.361856403566749,0.999285360615371
TBCCD1,0.616844472915389,4.04064713854682,0.831353328584573,0.361881491660829,0.999285360615371
LINC00623,0.259448187803807,6.6061784893172,0.829468265867202,0.362426330535764,0.999285360615371
CAD,-0.487303789216516,4.32925472116328,0.829247157850457,0.362490311513732,0.999285360615371
TNFSF4,0.78445804180112,4.16601438208886,0.828378111090338,0.362741934712453,0.999285360615371
AKT2,0.34703531034843,5.67970963956069,0.82680660164084,0.363197561781095,0.999285360615371
ZNF34,0.674854703774952,3.86450865272199,0.826407120921076,0.363313509175348,0.999285360615371
MMP25-AS1,-0.477935066099514,4.74834573012929,0.826384461786166,0.363320087416293,0.999285360615371
SLC20A1,-0.33017829632071,5.88288387573654,0.826354100124796,0.36332890205886,0.999285360615371
KBTBD2,-0.330853372513579,5.53870894043994,0.82624270337881,0.363361245460703,0.999285360615371
PLD3,0.359409674311839,5.59381658632546,0.826052745551756,0.363416407803859,0.999285360615371
SHISA5,0.196825467706504,6.92191236818428,0.826005255587358,0.363430200346777,0.999285360615371
RPL27A,0.12900122567675,11.1536800102828,0.825772301318327,0.363497867902475,0.999285360615371
LXN,0.587922042116342,4.47492218095431,0.825628943285995,0.363539518590515,0.999285360615371
ATP6V0A2,0.499161532259786,5.22014938250961,0.824770554761926,0.363789049645316,0.999285360615371
FNIP1,0.347392332642565,5.60262301569925,0.824612819399036,0.363834928630506,0.999285360615371
PIGA,-0.617713186256266,3.87613951991649,0.824418255089665,0.363891530730985,0.999285360615371
CWC15,-0.285333909234862,6.79029447862067,0.82370163404455,0.364100113244381,0.999285360615371
AGPAT2,-0.349770265438704,5.62474655559044,0.823370343220212,0.364196595982099,0.999285360615371
NOP56,-0.214927728585332,6.61835209880701,0.823177758565873,0.36425269920926,0.999285360615371
SNRPC,-0.231433862880276,6.58213181822273,0.823159319607544,0.36425807142308,0.999285360615371
KLRK1,0.565006248158208,6.35220024902537,0.822368074634984,0.364488705047699,0.999285360615371
AKAP9,-0.154923673692469,7.88023020907891,0.821589566685887,0.364715823485335,0.999285360615371
ATXN3,0.287537118189148,5.82798954123741,0.819906630009616,0.365207466433622,0.999285360615371
RBM4,0.249168841841049,6.96504287272478,0.81979809687342,0.36523920416746,0.999285360615371
PPP4R3A,0.199024982312519,6.91251072450763,0.81859257943027,0.365591984100145,0.999285360615371
YWHAZ,-0.117953356761965,9.64911642105421,0.818328946656703,0.365669195964383,0.999285360615371
TIGAR,0.416890016254836,4.74412941092633,0.818308870240546,0.3656750768031,0.999285360615371
UQCRFS1,0.274178076307468,6.75797776840598,0.818181994281908,0.365712244689941,0.999285360615371
TRMT13,0.342049869234861,5.38276947555468,0.817281360346275,0.365976233071511,0.999285360615371
MMAB,-0.497092719774589,4.49008746938303,0.816447799823621,0.366220796946385,0.999285360615371
DDX20,0.584227256583861,4.13377188119877,0.816440924875218,0.366222814976166,0.999285360615371
JMJD1C,-0.239184085385947,7.22103998896995,0.816035169269668,0.366341945305652,0.999285360615371
RAD9A,-0.463832570198725,5.04683693359266,0.814317673443842,0.366846800404582,0.999285360615371
IQSEC1,-0.336763638381485,5.77346342497797,0.814001581866855,0.366939820267321,0.999285360615371
PKD1,-0.553436628396622,4.63997163275405,0.813647004892449,0.367044204661595,0.999285360615371
MKI67,0.70018372917385,4.46965691652532,0.813638773541946,0.367046628389905,0.999285360615371
CHORDC1,0.308368254285251,6.57884070930875,0.81323713165304,0.367164919211911,0.999285360615371
SNHG29,0.732357852683958,8.58119854428602,0.812908747620938,0.367261673629185,0.999285360615371
DBNDD2,0.587853873845552,4.16976845849371,0.8124941118419,0.367383891710565,0.999285360615371
TRIM24,0.399126755013773,4.86086170275705,0.81216806628936,0.367480036634057,0.999285360615371
TOMM34,-0.653400676525796,4.06020809732139,0.812122686878812,0.367493420972205,0.999285360615371
PNKD,0.231250226027111,6.34581015585334,0.812011328702589,0.367526268155383,0.999285360615371
CAPN1,-0.359396580529694,5.97864590311089,0.811309563894795,0.367733360789084,0.999285360615371
TMEM59,-0.132359531609702,7.84505375425138,0.811045909827715,0.367811207725234,0.999285360615371
DEF8,-0.502158697646225,4.70655095105508,0.810249918261775,0.368046372604403,0.999285360615371
GBF1,-0.365685209717766,4.99658455805302,0.809952639655872,0.368134253162881,0.999285360615371
IKZF1,-0.175407512848428,8.19824424992548,0.809693752452645,0.368210808358977,0.999285360615371
ANO9,-0.495141421144628,4.60873062213424,0.809472179265953,0.368276347068115,0.999285360615371
WDR91,0.66688927777407,3.79056807590963,0.809191539159457,0.368359380369671,0.999285360615371
TRIM34,0.494375276644293,4.09029282402209,0.80831861558606,0.368617819857488,0.999285360615371
ATP9B,0.365864036284466,5.25174714979476,0.808296795634597,0.368624283148319,0.999285360615371
HNRNPH2,-0.277497335094535,5.9079912627131,0.807692332393607,0.368803394027145,0.999285360615371
RASGRP3,0.665366893306504,4.21840434781078,0.806852262456129,0.369052519742225,0.999285360615371
TMEM216,-0.485175013787586,4.80952539923598,0.806680193042503,0.369103576452701,0.999285360615371
RXYLT1,0.384842868634703,4.97689663951731,0.806414015175566,0.369182576556588,0.999285360615371
PCNX2,-0.328927308514912,5.45990508355501,0.806322547098032,0.369209729208477,0.999285360615371
SENP5,-0.270383716482722,5.63033332730533,0.805698407584284,0.369395081715017,0.999285360615371
LINC01138,0.647404627939749,5.74681490140934,0.805685208498367,0.369399002885226,0.999285360615371
LSM12,0.262574918102939,6.12837373815221,0.805055952966633,0.369586008756627,0.999285360615371
LY6G5B,-0.751596854470054,3.91211167148222,0.804858211976068,0.369644801834992,0.999285360615371
ERCC6,-0.413891375393344,4.6734744760249,0.804602335063009,0.369720899449448,0.999285360615371
ZNF526,-0.697137907876696,3.9876803152744,0.80445981743134,0.369763293561932,0.999285360615371
ZNF672,0.532482914704422,4.45617089125359,0.804344946270252,0.369797468728924,0.999285360615371
STK17A,-0.180562070714115,8.51852968089269,0.803981983331724,0.369905482295416,0.999285360615371
IL1R2,0.642361326142667,4.88092702033989,0.803879943949625,0.369935855954747,0.999285360615371
VPS26B,0.346794237566294,5.45557453605948,0.803618700055939,0.370013635241966,0.999285360615371
POLR2D,-0.423519199913068,5.14407369533585,0.803372463218402,0.370086967405406,0.999285360615371
MLST8,-0.532786475088044,4.21784885684387,0.803198964256257,0.370138649564678,0.999285360615371
FAM118B,-0.742986858846091,3.87187629584462,0.803047580520762,0.37018375222678,0.999285360615371
DCAF4,0.7190420218935,3.92157062411572,0.802822161032726,0.370250927010257,0.999285360615371
AKR1A1,-0.245109055020334,6.21155136389721,0.802463924227208,0.370357716209296,0.999285360615371
TRBC1,0.248803177883946,9.44271848868858,0.802110744002057,0.370463040125887,0.999285360615371
ANKS3,-0.44117631353414,4.64393150853938,0.80210591682868,0.370464479954631,0.999285360615371
IBTK,-0.347522561644402,5.76608159547227,0.801718600049579,0.370580032608004,0.999285360615371
ARL8B,-0.262888222495041,5.84390248786114,0.801237875145505,0.370723522741806,0.999285360615371
SLAMF7,0.560918015557746,4.6233355173558,0.800790487195723,0.370857131901847,0.999285360615371
NSMCE3,-0.33665889253485,6.20236904045815,0.799985186594331,0.371097798524068,0.999285360615371
ZBTB48,-0.604092363928673,4.19235621709264,0.799827439773292,0.371144967198501,0.999285360615371
BCL2L11,-0.340462610187792,6.64991861329235,0.797021058879746,0.371985519015166,0.999285360615371
PARP10,0.3023752667197,5.92790101925252,0.796589273635444,0.372115081048602,0.999285360615371
VPS54,0.511220370547424,4.42573798410949,0.795449334136247,0.37245743608501,0.999285360615371
AGFG2,-0.404478383201187,4.8342949193125,0.795441028967318,0.372459931970649,0.999285360615371
KIAA0586,0.315691590552938,5.70616779123332,0.79536506761508,0.372482761110597,0.999285360615371
SAE1,0.332799669158856,5.47071814719438,0.795204717449746,0.372530958575125,0.999285360615371
TMEM167B,-0.33927682546016,5.42720580607537,0.795077099636341,0.372569323704079,0.999285360615371
HDAC1,0.237923082869827,6.59390729354919,0.794801809336779,0.372652101725492,0.999285360615371
PIGT,0.31764686616663,5.50434631727577,0.794200056614741,0.372833134518382,0.999285360615371
NUB1,0.197485880814784,7.03251534893606,0.794185887009331,0.372837398820734,0.999285360615371
PIAS3,0.56414974793831,4.16709587684777,0.794011742970337,0.372889812547367,0.999285360615371
IDI1,0.179048160946638,6.99520342443479,0.793871562142273,0.372932011546914,0.999285360615371
ZC3H10,0.799172986377715,3.70163440200903,0.793867912084021,0.372933110422729,0.999285360615371
METTL2B,-0.397649375377634,4.95017087046032,0.79381754669739,0.372948273740761,0.999285360615371
SCAMP2,-0.273978752842743,6.2690155887559,0.793496023997772,0.373045093714696,0.999285360615371
HMGN1,0.131297185833245,8.81937489240999,0.793380825569923,0.373079791922154,0.999285360615371
PRCP,-0.476573365763839,4.78332822482918,0.793015907890744,0.37318973635226,0.999285360615371
DRAM2,-0.384846921298611,5.4450214731147,0.792573522739033,0.373323081450797,0.999285360615371
TRAFD1,-0.399652443509158,5.39625629370752,0.792010276338697,0.37349295348785,0.999285360615371
SHKBP1,0.290000698058331,5.84793757535755,0.791874847269192,0.373533814298335,0.999285360615371
ZNF71,0.601168001635267,4.01684712254758,0.79152873935913,0.373638268261093,0.999285360615371
PGD,0.597654862125613,4.48042756866891,0.790709633380185,0.373885634189025,0.999285360615371
TXNDC15,0.275224432369165,5.75172966907879,0.790674713657889,0.373896184870289,0.999285360615371
DDX10,-0.339931302855024,5.03885597792091,0.790422687701064,0.373972344628509,0.999285360615371
JUN,0.325064885656222,10.0181057125973,0.790151639159568,0.374054277089955,0.999285360615371
LAMTOR5,0.180875181761724,7.47096116586234,0.790116382347385,0.374064936356187,0.999285360615371
AGPAT3,0.379972921852887,5.43093614488106,0.789808965970174,0.374157896239273,0.999285360615371
PRF1,-0.271682802742194,6.06522108351027,0.789374946709426,0.374289194811442,0.999285360615371
LUC7L3,-0.160801439316558,7.89986890984983,0.789094249305887,0.374374145184639,0.999285360615371
SYS1,0.331464857515378,5.93538867604446,0.788971711823439,0.374411238453448,0.999285360615371
SIPA1L3,0.729871747537898,3.79616916439059,0.788445861009901,0.374570477053212,0.999285360615371
USP28,0.448793875293053,4.73247504477477,0.788393630222625,0.374586298810546,0.999285360615371
TMEM42,-0.530298843758965,4.95212298985512,0.78808321384545,0.37468034952451,0.999285360615371
PPCDC,-0.532949360568303,4.31947969922604,0.78802241764835,0.374698773583821,0.999285360615371
COMMD6,-0.140187129129987,9.0293702270132,0.787871270510379,0.37474458366394,0.999285360615371
DRAP1,0.191857005834094,8.31239529799618,0.787759099995871,0.374778585683318,0.999285360615371
SLC8B1,-0.39133518804879,4.73124254458791,0.787076294671468,0.374985656461858,0.999285360615371
BAG6,-0.328213672972047,5.58611447634667,0.786984153590545,0.375013611894752,0.999285360615371
GRK5,-0.489788740416789,4.4866819158136,0.786871648307187,0.375047749754495,0.999285360615371
MCCC1,0.453074822174529,4.39280168670329,0.786799731237689,0.37506957407967,0.999285360615371
MLF2,-0.245621605595965,6.19547543785754,0.786295439563109,0.37522265911358,0.999285360615371
TMEM87A,-0.213390851731589,6.42960847247594,0.786264554637871,0.375232037529184,0.999285360615371
TENT2,-0.251008219442378,5.90505577490211,0.785147668256006,0.37557140884241,0.999285360615371
SENP1,-0.515009149484224,4.73944974647947,0.784972592807424,0.375624645430305,0.999285360615371
ABCF1,-0.179896670020604,7.2507364110433,0.784139903799934,0.375877992949661,0.999285360615371
SP110,0.227572675058226,7.46063742335574,0.784069171921733,0.375899524343049,0.999285360615371
RFXANK,-0.34671044103813,5.48033657026208,0.784064144366685,0.375901054840095,0.999285360615371
DYNLL1,0.199980826193953,8.67627531388378,0.783472368362411,0.376081265501616,0.999285360615371
MOV10,-0.611204622113939,4.37298019015529,0.782902912072498,0.376254793886558,0.999285360615371
JUNB,0.321842906021904,9.40563934506689,0.782854809735323,0.376269457093918,0.999285360615371
CSTB,0.203150481469436,8.11128111515747,0.782595294385267,0.376348579942953,0.999285360615371
ACYP1,-0.290469642000502,5.65631342764217,0.782564605126751,0.376357938244307,0.999285360615371
SREK1IP1,-0.236210390695675,6.65981012925471,0.782408009131441,0.376405695306422,0.999285360615371
RDH5,0.541679976293623,4.10855158276066,0.78174338735737,0.376608479767284,0.999285360615371
COG7,0.481234422141352,4.2920576259366,0.780852095618837,0.376880665303883,0.999285360615371
AMZ2,0.330015670427461,5.5377417137052,0.778446503474036,0.377616675692734,0.999285360615371
ING1,0.441393410482814,5.0257223965087,0.777762767854227,0.377826239371268,0.999285360615371
DYNLL2,-0.275466527457572,5.95118797253623,0.777335196608732,0.377957372393015,0.999285360615371
ELF1,0.162459579287775,8.05781903890317,0.77692314995365,0.378083804799189,0.999285360615371
RAPGEF6,-0.223682359654558,6.88020777588558,0.776731778476353,0.378142545490103,0.999285360615371
LINC00892,0.669269946884885,7.0101462529055,0.775062306346875,0.378655528990611,0.999285360615371
SNX9,0.265521808871084,6.05246941932919,0.774811048087798,0.378732818748182,0.999285360615371
DAG1,-0.617007085985868,4.17617784445571,0.774184614762792,0.378925613303132,0.999285360615371
DSE,-0.495213963202652,5.2329612921567,0.773555464540561,0.379119383363669,0.999285360615371
ESF1,-0.229007219600597,6.20511790016989,0.772618404592549,0.379408244831615,0.999285360615371
SDCBP,0.286692456206737,6.58892965864744,0.772100764214159,0.379567947693723,0.999285360615371
DTD2,0.596881047090803,3.85630691314432,0.77188763589723,0.379633729802811,0.999285360615371
GCLM,-0.371143613177627,5.24140918413968,0.771807916055725,0.379658339487487,0.999285360615371
MBD5,0.314856077606185,5.64443712524147,0.771803622951147,0.379659664841904,0.999285360615371
SNX24,-0.58299075960814,4.00893973763931,0.771521820139256,0.379746676451006,0.999285360615371
IL4I1,-0.760747819868498,5.99783826486721,0.771465092813561,0.379764195421333,0.999285360615371
FAF2,0.381644949238252,5.36760856414264,0.77117478252795,0.379853869147685,0.999285360615371
NDUFA11,-0.140528967329892,8.13281978615976,0.770839074462717,0.379957603040912,0.999285360615371
PTPRC,-0.11070665722545,10.7918071406644,0.770370148438875,0.380102568302214,0.999285360615371
CENPQ,-0.554482160037336,4.02148660787731,0.769976307064287,0.380224382023325,0.999285360615371
RHOB,-0.483535401689924,4.87374176691392,0.76984167063101,0.380266037236058,0.999285360615371
ING3,0.292778043546104,5.39069392225423,0.769808670846476,0.380276248034531,0.999285360615371
NMRK1,0.259906937118485,6.64067480786142,0.769647606921915,0.380326090018442,0.999285360615371
TRABD,-0.203176248793587,6.65811607960303,0.769197629746532,0.380465386480419,0.999285360615371
ZNF580,-0.344967464381207,5.19501617071093,0.769169603156531,0.380474064871425,0.999285360615371
GPR171,0.298184529870127,7.23576745689507,0.767691598928085,0.380932123340889,0.999285360615371
ITGB1BP1,0.237267683272844,6.43887096291413,0.766712787523467,0.381235902773825,0.999285360615371
QRICH1,-0.36648003873667,5.15802362179068,0.766442314983824,0.381319905813005,0.999285360615371
TGFBR1,0.336408732330541,5.37452254185692,0.766136515500737,0.381414912193054,0.999285360615371
PARP14,0.228384339737119,7.402364538836,0.765563305635386,0.381593088399058,0.999285360615371
USF2,0.20916145362157,6.93624758781135,0.765110050291643,0.381734061416434,0.999285360615371
MTSS1,0.541466668945312,4.19479316153111,0.76508902961859,0.38174060112596,0.999285360615371
RPAIN,-0.22492720476422,6.1985546750325,0.764540445679575,0.38191132632674,0.999285360615371
CC2D1A,-0.474127314714476,4.61283408255796,0.763520481277315,0.382229037638039,0.999285360615371
NSUN5,-0.427041911119247,5.51955930366472,0.763267442146528,0.382307915386016,0.999285360615371
PSMB1,-0.146888447622699,7.80747018588677,0.763176579533013,0.382336244845823,0.999285360615371
RAB14,-0.205828072069218,6.93261303538897,0.761315054773689,0.38291729272384,0.999285360615371
CTBS,0.307465356684008,5.68784372418,0.761188675787526,0.382956785440228,0.999285360615371
WWC3,0.374208902242398,5.15253161104127,0.760663045153205,0.383121104000877,0.999285360615371
ZNF737,0.544733730930708,4.23050801143719,0.76050423753227,0.383170768867917,0.999285360615371
SERTAD3,-0.517182707123926,4.5231939885285,0.760105888915739,0.383295387017212,0.999285360615371
FBXO31,0.524991988774507,4.36917345990506,0.759870508084457,0.38336904984653,0.999285360615371
SFT2D2,-0.235317932423259,6.37484999054368,0.759668437826141,0.383432304094873,0.999285360615371
CZIB,0.588667918141733,5.13440025745019,0.759312181470435,0.383543859430741,0.999285360615371
HSF2,0.494925672466723,4.34531929393065,0.759276017722684,0.383555186038623,0.999285360615371
ARFIP1,-0.448871197913822,4.69830658442315,0.758220235804952,0.38388606979831,0.999285360615371
DLG1,-0.239580877313347,6.22338919879972,0.757119006418371,0.38423162871319,0.999285360615371
FIGNL1,-0.682383673538786,4.20733662099433,0.756404395464184,0.3844561055158,0.999285360615371
MCRIP2,-0.457903463731474,4.60125611625869,0.755928632580652,0.384605657589647,0.999285360615371
KDSR,-0.257638482191695,6.79459590789861,0.755648144677842,0.384693865337401,0.999285360615371
UGP2,0.211457375831968,7.36470307909855,0.754709052426559,0.38498940009992,0.999285360615371
PPA1,-0.207126938082764,7.52652451104999,0.754594137476815,0.385025586288236,0.999285360615371
CD3E,-0.090953213986789,9.3251813066082,0.754558738687816,0.385036734177837,0.999285360615371
RELB,-0.352166525598855,5.94942692162391,0.754289183086733,0.385121638463203,0.999285360615371
HNRNPA1,0.19266036334025,8.96234899209078,0.754063038020476,0.385192889885475,0.999285360615371
M6PR,-0.157328357583942,7.15711904657245,0.753698584125985,0.385307757653877,0.999285360615371
EID1,-0.150600406143115,7.81603532947878,0.753050681122069,0.385512082583062,0.999285360615371
ADA,0.343434017820425,5.79173406376315,0.752417376901438,0.385711952564442,0.999285360615371
WWP2,-0.435069988596431,4.895197875903,0.752350635114681,0.385733024770603,0.999285360615371
SSH1,-0.445671163889302,4.80573180514723,0.752153947315641,0.385795134011143,0.999285360615371
RBM42,-0.352312498403957,5.65334662836166,0.752058922448168,0.385825145659506,0.999285360615371
NAA20,0.27733836765537,5.94592489439418,0.751437283024227,0.386021559656733,0.999285360615371
CAPZA1,0.150041745338752,8.19719323696189,0.751095171036875,0.386129714517141,0.999285360615371
CNPY3,-0.279008482616427,6.19883438310411,0.750781156295904,0.386229024719583,0.999285360615371
CAT,-0.295194770092038,5.5679404199288,0.749192539234922,0.386731998090286,0.999285360615371
GRWD1,-0.414317871654538,5.06767184519316,0.74900412742802,0.38679171318564,0.999285360615371
RPS6,-0.143997438402998,11.7854260405127,0.7487115423319,0.386884470927546,0.999285360615371
PATZ1,-0.514162211726485,4.16457697432544,0.747709237743013,0.387202470207314,0.999285360615371
UBL4A,-0.419018967133173,5.12360169818778,0.747693413202498,0.387207493816192,0.999285360615371
RFX5,0.436207203572946,4.85305363071743,0.747138943826769,0.387383572601916,0.999285360615371
HLA-E,-0.106610681400597,10.0961208180812,0.747126291005891,0.387387591997869,0.999285360615371
ATXN1,-0.180894823154457,6.95944972465867,0.747103985426282,0.387394677910931,0.999285360615371
NEDD8,-0.127002879028993,8.23221952481049,0.746884860252422,0.387464298209892,0.999285360615371
SNHG12,0.258281544771786,6.33828998020891,0.746176147569617,0.387689592130586,0.999285360615371
JADE2,-0.246272426180328,6.01482191834197,0.745958071861214,0.387758954192996,0.999285360615371
EP300,-0.220794868587749,6.54272459876489,0.745897299949331,0.387778286712772,0.999285360615371
EWSR1,-0.210938605530514,6.73684478173259,0.745656968706815,0.387854753407996,0.999285360615371
CHFR,0.263476996115645,5.6896430163286,0.745633046290596,0.387862366030507,0.999285360615371
WARS2,0.510193437656025,4.14091487540808,0.745567732942959,0.387883151214797,0.999285360615371
ECHDC1,0.264060933989965,6.15546421423611,0.745463995848191,0.387916167559458,0.999285360615371
PGM2,0.421966450445479,4.80594409001224,0.745048713854253,0.388048379283589,0.999285360615371
RPS3,-0.145735559063576,11.6238604147314,0.744679422937391,0.388166003029889,0.999285360615371
SUB1,0.142875780415329,9.16421196370434,0.744615997980937,0.388186209786881,0.999285360615371
MAPK8IP3,0.546512640369066,4.21304295945231,0.744504764468744,0.388221651648247,0.999285360615371
RPL18A,-0.116442041032579,12.0081623737531,0.743241273347032,0.388624556919348,0.999285360615371
LZTFL1,-0.622817687776594,4.04348144236087,0.743058853250698,0.388682776825697,0.999285360615371
ZFYVE16,-0.42820238892116,5.19831058069918,0.742865907603715,0.388744369549365,0.999285360615371
ZNF141,0.424018984899985,4.78450362165826,0.742821056323372,0.388758689114852,0.999285360615371
SYNRG,-0.231897390576896,7.28931015336211,0.742596807377961,0.388830295864112,0.999285360615371
SYNJ2,-0.410997668187456,5.02652004979103,0.742307814616819,0.388922604276401,0.999285360615371
YEATS4,0.340674592379713,5.20468217677529,0.742142206707449,0.388975515918029,0.999285360615371
CCT5,-0.205127359546146,6.89286702091532,0.74162246060359,0.38914164134221,0.999285360615371
PTCD3,-0.309161660719217,5.66011466871809,0.7415118159979,0.389177019548953,0.999285360615371
ITPR1,0.315438237803299,5.93685184041098,0.741200799175019,0.389276490662606,0.999285360615371
DBF4,0.293086558658072,5.93010240443965,0.740962909435449,0.389352598399702,0.999285360615371
GFER,0.423522533440168,5.32458412950655,0.74055972247848,0.389481638034018,0.999285360615371
TEN1,-0.502475485978052,4.75813105403011,0.740520171984556,0.389494299428081,0.999285360615371
RCN2,-0.234257371017178,6.28413409875978,0.740370104699615,0.389542346179618,0.999285360615371
FAM168B,-0.427505125892142,5.00104894342815,0.740348930202174,0.38954912625963,0.999285360615371
PJA2,0.226521068885707,6.75189593138293,0.74029051767435,0.389567830842234,0.999285360615371
DEPDC5,-0.557119610727784,4.3942046492912,0.739752106140657,0.389740298923893,0.999285360615371
TRAF3IP2,-0.516307960033779,4.14948097798334,0.739572038789429,0.389798003836824,0.999285360615371
EGLN1,0.360669127396468,5.014049815844,0.739483730033658,0.3898263079867,0.999285360615371
GTF2H5,-0.278220770939448,6.51376174657489,0.739426384199689,0.389844689676028,0.999285360615371
SENP6,0.200576139256866,6.61888542278137,0.739373723920409,0.389861570545169,0.999285360615371
TTC3,0.202181527133307,7.28845007549965,0.739208935432906,0.389914402180714,0.999285360615371
TES,-0.17991490929119,7.17854041577472,0.739128866126499,0.389940076314618,0.999285360615371
PCNX4,0.338108747065351,5.73568176472254,0.73893529978487,0.390002153138067,0.999285360615371
SBDS,-0.247829635029897,6.69378341394088,0.738667057561987,0.390088201930655,0.999285360615371
GNLY,-0.825450629903321,7.91951295166089,0.738277636774164,0.390213171666489,0.999285360615371
THUMPD1,-0.239211905775073,6.53473641505873,0.738239050246801,0.390225557659114,0.999285360615371
ZNF200,0.529255203847155,4.16824741972278,0.737947259607577,0.390319238535255,0.999285360615371
NACA,-0.0923789744267074,10.8918504658483,0.737287516739283,0.390531171071054,0.999285360615371
IKBKE,-0.420069316416525,5.0704865232453,0.737065073855813,0.390602664660918,0.999285360615371
FTSJ1,0.441086788238732,4.57716154511427,0.73667183009071,0.390729099856585,0.999285360615371
HS1BP3,-0.49601460273149,4.39035585895469,0.735647277502658,0.391058788032818,0.999285360615371
SCO2,0.537379210644911,5.33506859422043,0.735625107182543,0.391065926568198,0.999285360615371
ING5,-0.382317835765107,5.45930347110763,0.735123402330327,0.391227518501364,0.999285360615371
VRK1,-0.397225879729125,4.88687073476275,0.734923718931587,0.391291860279553,0.999285360615371
MRPL11,-0.255636192871836,6.13267265339792,0.734442780279672,0.391446890101228,0.999285360615371
MALT1,-0.325637488737152,6.10709777362045,0.733773438049443,0.3916627981089,0.999285360615371
NSMF,0.515801579633361,4.14077343487865,0.733757785644499,0.391667849107935,0.999285360615371
ZNF785,0.68796018408258,4.23922893978541,0.732860240127017,0.391957641541368,0.999285360615371
CDC27,-0.312291054554852,5.41699220455422,0.732559273205357,0.39205488422743,0.999285360615371
DNAJB12,0.43511532811942,5.27294450402736,0.731910045734967,0.392264768112308,0.999285360615371
DNPH1,-0.233737872579586,7.29578514424967,0.731411270117061,0.392426123082276,0.999285360615371
SP140L,-0.210105195323974,6.41969437436217,0.731030549226489,0.392549351217271,0.999285360615371
SCAP,-0.507068754252766,4.77087260652959,0.73028721393986,0.392790107120514,0.999285360615371
MAGOH,-0.182023796324799,6.96487937750072,0.729862560099132,0.392927741737128,0.999285360615371
IRF4,0.456195360465927,5.73068232344484,0.729778498621606,0.392954995127261,0.999285360615371
FLNA,-0.190686604278946,7.88771028185735,0.729165889233375,0.393153689919526,0.999285360615371
MTMR6,-0.293078289345983,5.39146349745794,0.729096537049198,0.393176192821741,0.999285360615371
NIN,0.252307774008784,6.22121467049019,0.728605376094905,0.393335614204692,0.999285360615371
ACVR1,0.504035030726867,4.44968192070619,0.728541356634946,0.393356400530508,0.999285360615371
RAB11FIP3,0.753573549333715,3.78600672596997,0.728381848359994,0.393408197759354,0.999285360615371
RWDD4,-0.332057118471083,5.22692430772238,0.727192728609282,0.393794650582208,0.999285360615371
SLC36A4,0.402359545305536,4.75785009039614,0.726558276616558,0.394001064901961,0.999285360615371
SNAI3,-0.492779370092454,4.56413851755523,0.726413565716541,0.394048167330218,0.999285360615371
MZF1,-0.458565753934036,4.52490521972399,0.72579257158883,0.394250388752971,0.999285360615371
TOR1A,-0.319064965392016,5.69445785374231,0.725666754834059,0.394291378091911,0.999285360615371
POMGNT1,0.399431229827656,4.91466413871576,0.724912126545725,0.394537354181615,0.999285360615371
SNRPD2,0.125700668671157,8.50589074562832,0.724033018598639,0.394824183876245,0.999285360615371
RASSF7,-0.305967019809899,5.76441337356074,0.723090522624794,0.395132029056906,0.999285360615371
TAX1BP1,0.131126205388989,8.11124129792017,0.722892700737711,0.395196687038749,0.999285360615371
KSR1,0.500630545504757,4.23912306429233,0.722861233865555,0.395206973374812,0.999285360615371
ZNF721,-0.272491004025254,5.92252844061232,0.722822308072658,0.395219698522067,0.999285360615371
HEXIM1,0.349777011440382,5.48368897568727,0.722734208155483,0.395248501256601,0.999285360615371
YIF1B,0.399125959434577,4.97188372090552,0.722210597044718,0.395419749218344,0.999285360615371
FDXR,0.597135770775997,4.09635845683876,0.721150257227894,0.395766862960136,0.999285360615371
TAP2,-0.356518889377604,5.96841315950048,0.720559272332842,0.395960518957738,0.999285360615371
PAFAH1B2,-0.28515685669053,5.78968855929763,0.720540504366358,0.395966671149123,0.999285360615371
LY6E,0.276501388047088,8.66743476340632,0.719571524242713,0.396284492930197,0.999285360615371
NXT2,-0.536974932027914,4.0606743607636,0.719553320492604,0.396290467211925,0.999285360615371
ATAD2,-0.360780888648465,5.42658638793439,0.718928181442315,0.396495710244911,0.999285360615371
KBTBD6,-0.654162534246664,4.04483246882212,0.718834035399347,0.396526633168871,0.999285360615371
MAD2L1BP,-0.504513949213635,4.50832509977566,0.718246815133547,0.39671958834883,0.999285360615371
CDK5RAP3,0.332335362358847,5.55561654180065,0.717605994628951,0.396930310786622,0.999285360615371
SUPT4H1,0.190571611970917,6.93558146355352,0.716850724505012,0.397178875519844,0.999285360615371
NMRAL1,-0.348645532191003,5.04539611273616,0.716789857006802,0.397198917232171,0.999285360615371
TEP1,0.454121391674219,4.41252392830284,0.716540248853356,0.397281120462338,0.999285360615371
UTP6,0.314375105117191,5.36775094575717,0.716365502419819,0.397338684176461,0.999285360615371
KIF2A,-0.185297055821965,7.25643339937875,0.715853408535278,0.397507443886376,0.999285360615371
VPS39,-0.44802107373369,4.76011236280357,0.715640749393121,0.397577555801459,0.999285360615371
PAPOLG,0.315904786556938,5.26984304795518,0.715587874699196,0.3975949909138,0.999285360615371
R3HDM1,-0.310418466830934,5.60613265798758,0.715487279627194,0.397628164585192,0.999285360615371
ABCB7,-0.412641721016406,4.70090001776853,0.715364963558624,0.397668506673459,0.999285360615371
ZSCAN29,-0.561202373516071,4.03580152511532,0.715337129470182,0.397677687693898,0.999285360615371
FOXO3,0.298285709243439,5.50679869913826,0.715325358715109,0.39768157034696,0.999285360615371
RPL36A,0.21679612210445,10.7931404600203,0.715284899987015,0.397694916315189,0.999285360615371
MZF1-AS1,-0.494586236912394,4.55652387921555,0.714946205974258,0.397806665434523,0.999285360615371
SNHG19,0.548534734159277,4.36632949347241,0.714066650523833,0.398097079170754,0.999285360615371
HDHD5,-0.484524466885847,4.46395246255609,0.713947362050316,0.398136489735608,0.999285360615371
LIN37,-0.693557981307996,4.15492423367167,0.713832973202337,0.398174286861059,0.999285360615371
HENMT1,-0.434276610042124,4.78570176422028,0.713680926481096,0.398224535187157,0.999285360615371
ABI1,0.20994043189488,6.73229729723468,0.713633863258078,0.398240090477153,0.999285360615371
ARF5,-0.323434595887876,6.28946379641116,0.71355059420609,0.398267614635448,0.999285360615371
AGTPBP1,0.43036105614656,4.67056702306607,0.713187196857952,0.398387765985032,0.999285360615371
GGCT,0.326021769552049,5.45725487756974,0.712676366318345,0.398556752392605,0.999285360615371
TTC4,0.568229649502254,4.27930685763369,0.712649160126453,0.398565755305252,0.999285360615371
NUCKS1,0.234263484752032,8.19455063219062,0.71235978776026,0.398661530919615,0.999285360615371
ZNF317,0.560785307729426,4.32850086713168,0.712287735786383,0.398685383649684,0.999285360615371
SCYL2,0.371286077425165,5.00905173871317,0.712285293673627,0.398686192144734,0.999285360615371
MEAF6,-0.178710064885686,7.00474597119624,0.712059586627589,0.39876092581696,0.999285360615371
ZNF101,0.316185601562679,5.85876912321971,0.71192999890793,0.398803842663255,0.999285360615371
PNRC1,0.207149480968021,9.03086336993551,0.711588299932419,0.398917038559614,0.999285360615371
DGUOK,-0.162700509326812,6.96016636852102,0.711574803545448,0.398921510513094,0.999285360615371
ATP5MC2,-0.16204391522767,9.24527167859535,0.711225415048418,0.399037303735217,0.999285360615371
HERC1,-0.210188336541706,6.69383446950106,0.711221131311447,0.399038723739685,0.999285360615371
BATF,0.256547805135201,7.64281200366607,0.710582287370468,0.399250574359987,0.999285360615371
PPM1D,0.538559618363999,4.10135746669224,0.710450042032743,0.399294449329771,0.999285360615371
EIF4G1,0.259012036099093,6.1424956314174,0.710382258652071,0.399316940495793,0.999285360615371
DNMT3A,0.385677342334168,5.64386010640104,0.71022197832098,0.399370130325219,0.999285360615371
SFT2D3,0.643404806185176,4.43964731971518,0.709898589840723,0.399477479663897,0.999285360615371
NAA35,0.393300869460512,5.00338672121542,0.709840378367449,0.399496807498632,0.999285360615371
ADAT2,0.458341862476229,4.78353286863203,0.709495338126608,0.399611398320423,0.999285360615371
PSMG2,-0.274504867320163,6.52403974763726,0.708630839124503,0.399898715148205,0.999285360615371
NRBF2,0.294381846833207,5.80141259240096,0.708193768926886,0.400044089718354,0.999285360615371
CEPT1,-0.313535583993433,5.25352182120759,0.707647509722243,0.400225889579135,0.999285360615371
CHRNB1,0.409915646238865,4.68862455771676,0.707039568053045,0.400428358841433,0.999285360615371
DHTKD1,-0.513125762027257,4.47080734702106,0.70702648604793,0.400432717313417,0.999285360615371
ATP6V1A,0.389004390472257,4.99360007370881,0.706741960074179,0.400527528566096,0.999285360615371
CD164,0.150578407598232,7.76417050355601,0.706133622490892,0.400730351355461,0.999285360615371
RELT,-0.495941686926928,4.52571979271254,0.705662564083479,0.400887507008422,0.999285360615371
ZSCAN30,-0.567078317359364,4.01498935529763,0.705586373968682,0.400912934145901,0.999285360615371
PDZD8,0.399270056188459,5.00992002041154,0.705449596463282,0.400958587155892,0.999285360615371
PDCD1,-0.48174871155937,5.87265805768525,0.705400829849957,0.400974866092596,0.999285360615371
GOLGA7,0.23149148353949,6.34032026257643,0.705077270766026,0.40108289868001,0.999285360615371
TYW1,-0.488376600211072,4.50318249844878,0.704418509737373,0.401302981950976,0.999285360615371
NPC1,0.417955057517557,4.94542774024143,0.704389496029467,0.401312679076268,0.999285360615371
NOP53,-0.172103124400492,8.65509431849808,0.703550849889229,0.401593123326112,0.999285360615371
THAP11,-0.340535594449838,5.7309878096646,0.703472962085467,0.401619183549185,0.999285360615371
UBE2T,0.528744804311989,4.13489471505875,0.703466119769352,0.401621473014569,0.999285360615371
DIDO1,-0.252533092347313,6.09977125411273,0.703461673712333,0.401622960692577,0.999285360615371
VEGFB,-0.354490920580782,5.91610954052417,0.703042515024791,0.401763249743266,0.999285360615371
PUM2,-0.321601183604173,6.34878958510857,0.703039417309725,0.401764286788767,0.999285360615371
ZNF182,0.525371316041398,4.0462410627746,0.702807717826165,0.401841865608569,0.999285360615371
HMG20A,0.396744602371614,4.61556799742516,0.702440907950944,0.401964727323579,0.999285360615371
SUPT20H,-0.254671753506561,6.04944082305175,0.702366947391624,0.401989506776411,0.999285360615371
COMT,-0.281662203341613,5.93954514766735,0.702094507689758,0.402080803057271,0.999285360615371
LPCAT4,-0.327494737607067,5.50661807150793,0.701581471523141,0.402252806619111,0.999285360615371
GOLT1B,-0.341202907351077,5.45875986100383,0.700984655262534,0.402453033495163,0.999285360615371
PCBD2,0.408350841731784,4.73119107277188,0.70083324755937,0.402503852574158,0.999285360615371
SLU7,-0.2445848275268,6.34374543346836,0.700799897112454,0.402515047704577,0.999285360615371
ZMAT5,0.383142826650917,5.17286632436262,0.700681487027108,0.402554799448295,0.999285360615371
PRKCH,0.2525656829217,7.01455289856462,0.700527812719173,0.402606398350093,0.999285360615371
SPATA20,-0.548183263518189,3.96869990228802,0.700346400529064,0.402667323130969,0.999285360615371
SNIP1,0.391286709982105,4.94682493107886,0.699764284824134,0.402862909292723,0.999285360615371
RASSF5,-0.203112552977269,6.9370650841667,0.69971633235355,0.402879027098942,0.999285360615371
NARF,0.281577930666131,5.82650166251938,0.698627466884712,0.403245269913699,0.999285360615371
RNF213-AS1,0.523504423626617,4.62652201247759,0.69841337444732,0.403317337513616,0.999285360615371
ZNF460,0.572049622261283,3.96984410327056,0.698018153882192,0.403450425592455,0.999285360615371
DGKE,0.299149253812513,5.44364897179409,0.697670019185431,0.403567710805554,0.999285360615371
SH3GL1,-0.401401373360498,4.89606254821913,0.697466541644019,0.403636284596572,0.999285360615371
KIF3B,0.33809929703714,5.15249843858437,0.697284565849849,0.403697626486686,0.999285360615371
ZER1,-0.471157080538242,4.5193046377036,0.696973541829362,0.40380250046891,0.999285360615371
LEMD3,0.391588511629713,4.93921467695603,0.696463499953278,0.403974567129394,0.999285360615371
LINS1,-0.303188780006462,5.68228672544695,0.696249229703746,0.404046884779416,0.999285360615371
PRCC,0.367981086361552,5.14677805462722,0.695611326337918,0.404262293247571,0.999285360615371
EEF1A1,-0.146421673597193,12.7446396982083,0.695225928908119,0.404392516185919,0.999285360615371
NOL6,-0.680725740161416,3.93942003659214,0.695073418400707,0.40444406525628,0.999285360615371
PACS1,-0.236153887201078,6.37472248497064,0.69502841981641,0.404459276762388,0.999285360615371
UBXN2A,-0.305941725804908,5.26541364488895,0.694406685942862,0.404669535705494,0.999285360615371
PHKG2,0.370431677215856,4.89494637803776,0.6940571594373,0.404787809178572,0.999285360615371
NIFK,0.203470728495945,6.73218729844033,0.693608487171066,0.404939705758844,0.999285360615371
PER1,-0.548144059843323,4.79020607742922,0.692919509073356,0.405173119175359,0.999285360615371
IKZF3,0.248045624263745,8.22721515507078,0.692735468709966,0.405235501997296,0.999285360615371
POGK,0.289670689463885,5.3610092874529,0.692542534767178,0.405300914473185,0.999285360615371
BDH1,-0.64546707823316,4.08103199971873,0.692324715434776,0.405374782647387,0.999285360615371
CPSF3,0.486978172271667,4.72793320187945,0.692269887198009,0.405393379419845,0.999285360615371
KLRC1,-0.78663320393741,4.90993376577347,0.691945909988931,0.405503292228832,0.999285360615371
HSPE1,0.233725956363159,7.70434127642051,0.691562869823095,0.405633298969423,0.999285360615371
SNHG15,0.293387929986986,5.9407766705521,0.691340301725777,0.405708868250159,0.999285360615371
SUN1,-0.325899011553398,5.26201917006638,0.691172136066712,0.405765979738002,0.999285360615371
SNX1,-0.259554182839147,5.86874406029032,0.691103573495539,0.405789267949852,0.999285360615371
DPY19L4,0.596141672446862,4.0746367502092,0.6910493411715,0.405807690081717,0.999285360615371
ZNF562,0.354121124759375,4.87783152001693,0.690840694642095,0.405878576442995,0.999285360615371
NELL2,0.443828037357294,4.48832639275461,0.690642592901106,0.405945897030575,0.999285360615371
ZDHHC6,-0.32872881726781,5.26333427642005,0.689204692905967,0.406435025919605,0.999285360615371
SLC15A4,0.368331273251405,4.8686550383988,0.689135195699564,0.406458688543293,0.999285360615371
SLC25A42,-0.407407051082486,4.68613647120052,0.689118193682379,0.406464477749505,0.999285360615371
C12orf4,-0.482869929772635,4.28367473782929,0.689013652623032,0.406500076750644,0.999285360615371
GTPBP6,0.236120408668071,6.11626283538505,0.68874596278269,0.406591253033112,0.999285360615371
FAM111A,0.248358550160456,6.20232384676558,0.68831640719222,0.406737624018047,0.999285360615371
SCP2,-0.183486127894014,6.96040893554051,0.688095133175276,0.406813053191551,0.999285360615371
AXIN1,-0.361702192932683,4.87067332856726,0.686951840949625,0.407203111720862,0.999285360615371
SOX4,0.545436064379631,5.03307715661279,0.686846831710181,0.407238965318079,0.999285360615371
FNBP4,0.205549530736429,6.99658442249138,0.686322478065048,0.407418066049795,0.999285360615371
PPM1M,0.267809991874061,6.08168696163516,0.686142008806765,0.407479734680072,0.999285360615371
SFPQ,0.193652330151198,7.83184675572966,0.686017723545227,0.407522212479484,0.999285360615371
LENG9,0.352328888579905,4.98389794510824,0.685827955806836,0.407587083176617,0.999285360615371
PHLPP2,-0.570296925293993,3.86861948145057,0.685358461662229,0.407747641316905,0.999285360615371
GTF3C6,0.175671319425831,7.05989280708971,0.685256104895689,0.407782657706438,0.999285360615371
MRPL38,0.426749785585547,5.43732794888796,0.684984194695769,0.407875699965805,0.999285360615371
MAST4,-0.23786901163755,6.15059934627466,0.684955361764722,0.407885567845739,0.999285360615371
NCL,-0.118848379568068,9.16732629271069,0.68449170910073,0.408044297979005,0.999285360615371
FLI1,-0.280156709199448,6.08357365823261,0.683942244125326,0.408232522995046,0.999285360615371
BTD,-0.469554025973483,4.42911084439833,0.683272292911944,0.408462194172408,0.999285360615371
PDIA6,-0.22255014127769,7.48085467915811,0.683089586207011,0.40852486217114,0.999285360615371
TIMMDC1,-0.311755569478124,5.65323434307005,0.682769170785591,0.408634798024707,0.999285360615371
CNST,0.316181550576704,5.50327814589787,0.682596008500934,0.408694228789622,0.999285360615371
MRPS35,-0.31357478066752,5.59572912040459,0.681604893731301,0.409034632010433,0.999285360615371
DNAJC3,-0.284695587323554,6.29020945885254,0.680799879466701,0.409311424545394,0.999285360615371
VASP,-0.23064088950561,7.00995169991053,0.680746461624015,0.409329801230738,0.999285360615371
HMGA1,-0.319445601372706,6.24458003755665,0.680721805415466,0.409338283812567,0.999285360615371
CCM2,-0.202345967255353,6.53643167742171,0.679665148723316,0.409702052789048,0.999285360615371
ARHGAP17,0.361149659491387,4.85857556321557,0.679369085570517,0.409804061899845,0.999285360615371
MFHAS1,0.335318075290847,6.13033540777589,0.679156436410207,0.409877353601092,0.999285360615371
GLIPR1,-0.231822115957559,7.19589522443994,0.679136273416603,0.409884303982443,0.999285360615371
SUDS3,0.260085587763642,6.10573804917919,0.679071435243134,0.409906655510146,0.999285360615371
GPKOW,0.428778877965497,4.74631941961355,0.678816361663152,0.40999460388267,0.999285360615371
CEP104,-0.366043344939279,5.09217860758303,0.677853341979592,0.410326899540762,0.999285360615371
NINJ1,-0.415135413901783,5.69953824798162,0.677439405110796,0.410469852643004,0.999285360615371
BCS1L,0.503023351363865,4.24108675198787,0.677034438211951,0.410609778880816,0.999285360615371
DENND6A,-0.368822838945306,4.88242875121831,0.676951834258535,0.410638329239897,0.999285360615371
SIL1,-0.436406502436396,4.7501788026845,0.676944785528193,0.410640765623962,0.999285360615371
MOB2,0.31189127847561,5.79853951876986,0.67675920829107,0.410704917796893,0.999285360615371
HPS4,-0.38170224860053,5.2468059923274,0.67627564793689,0.410872149023945,0.999285360615371
ZNF169,-0.497589581477357,4.37673199329249,0.676175312268171,0.410906860985259,0.999285360615371
CYTIP,-0.192275542837235,7.65509272290961,0.676118615713943,0.410926477539897,0.999285360615371
HEG1,0.386271894667098,4.61134765975418,0.675542171036668,0.411126001083907,0.999285360615371
GPR18,0.450043991354751,4.55356697180232,0.67521438485322,0.411239520628636,0.999285360615371
ZCCHC10,0.262200827601491,5.82159275766565,0.674562192861387,0.411465526370085,0.999285360615371
FAM20B,-0.45433508124984,4.46101755365853,0.674277419245687,0.411564267083559,0.999285360615371
GDE1,-0.345433862177164,5.30314135462546,0.673568522828962,0.411810217310321,0.999285360615371
NONO,0.183247075319474,7.24023984917681,0.67353897647634,0.411820473061486,0.999285360615371
DEDD,-0.459602513890292,4.52157193487323,0.673192694235226,0.411940698181413,0.999285360615371
RPS11,0.114724816920856,11.1814284456964,0.673064009445742,0.41198538921275,0.999285360615371
BRWD3,-0.358038735434671,5.05683886582514,0.672880500182536,0.41204913264009,0.999285360615371
BUD13,-0.387282854416898,4.52771926339262,0.672484930390187,0.412186586475547,0.999285360615371
SEC23IP,-0.348921527066226,5.28404021241234,0.672311479756459,0.412246878972545,0.999285360615371
CD320,-0.275289773734187,5.97763690165277,0.672292855771925,0.412253353556274,0.999285360615371
RANBP2,0.235858028093639,6.25137353889236,0.671908966083063,0.412386845304207,0.999285360615371
DCUN1D5,0.284477405339337,5.65531093776813,0.670822372874586,0.412765037307145,0.999285360615371
ZNF37A,-0.346398978778506,5.53633463414063,0.670778609342694,0.412780280055088,0.999285360615371
APBA3,0.373084221653694,4.80377160064954,0.670580691996413,0.412849224634485,0.999285360615371
DECR1,-0.233411905711617,6.37259212710525,0.670504327840114,0.412875830660423,0.999285360615371
MFAP1,0.2706125257268,5.97666220953565,0.670444155224331,0.412896797176755,0.999285360615371
DDB2,-0.25869029220966,5.75331993283901,0.670318314888338,0.412940650001724,0.999285360615371
PIP4P1,0.335319821290178,5.0781692398339,0.670245287588276,0.412966101699207,0.999285360615371
DOHH,-0.596237109498553,4.67676856473907,0.669588167970694,0.413195227259097,0.999285360615371
AGAP3,-0.525074617269274,4.17171316957009,0.669298877647766,0.413296157007404,0.999285360615371
S1PR4,-0.258268340094891,7.10757569650382,0.668719232566744,0.41349849748385,0.999285360615371
CTSB,0.347585259327482,6.4451161571587,0.668094571667425,0.413716715814567,0.999285360615371
PCF11,-0.203354843423374,6.57055099882328,0.667788027889195,0.413823865726203,0.999285360615371
HCFC2,0.370052859783286,4.90014362117214,0.667583828907976,0.413895264601379,0.999285360615371
IFITM2,0.218796453010126,8.89975016914154,0.667524278245324,0.413916090124763,0.999285360615371
GALNS,0.430153262988234,4.52776035131917,0.667307228806457,0.413992007820761,0.999285360615371
HEIH,-0.819719279132783,4.85101562093496,0.666479298026463,0.414281783498617,0.999285360615371
RUVBL1,0.29460227622601,5.67998393193926,0.666345674185969,0.414328579939174,0.999285360615371
FOSB,0.437732284599984,8.36579821525859,0.666194018371112,0.414381700835654,0.999285360615371
CCDC25,0.214262983589183,6.19209863720167,0.666016930895054,0.414443742501172,0.999285360615371
SLC16A3,-0.369959815413894,4.97606734033721,0.665812567331006,0.414515357282212,0.999285360615371
APEH,-0.36688138844101,5.18253908396338,0.665407457620173,0.414657373331412,0.999285360615371
MPP7,0.475168476308349,4.71758299750881,0.665157612559611,0.414744995401349,0.999285360615371
ARFGAP3,0.272516711031946,6.15547860788221,0.66512640248359,0.414755942876098,0.999285360615371
ZNF268,0.590274685402538,4.05350471472084,0.664759468753307,0.41488468331824,0.999285360615371
YIPF3,-0.318190701160451,6.05407151587432,0.664128736930508,0.415106116856312,0.999285360615371
CHTOP,0.220130473224074,6.0599151382709,0.664060100922454,0.415130223730235,0.999285360615371
BMT2,-0.470242964944484,4.16216422105694,0.664043369018039,0.415136100754459,0.999285360615371
UBE2M,0.222266344591225,6.71494342125648,0.66394198060215,0.415171715724427,0.999285360615371
RHOG,-0.184485231153263,7.31249616617127,0.663684179958025,0.415262294404,0.999285360615371
LONP2,-0.251582771939338,6.18256135930118,0.662944681107607,0.415522281010016,0.999285360615371
NUP160,0.338597821641748,5.21229682196422,0.662581358794547,0.415650103080322,0.999285360615371
BCAT2,0.487606293283772,4.16483502249788,0.661788505832277,0.415929242693042,0.999285360615371
EZR,-0.189674561776243,8.37308951288065,0.660773325800768,0.416287062899655,0.999285360615371
NTMT1,-0.296087276221962,5.68913763705627,0.660381582895859,0.416425262493811,0.999285360615371
UNK,0.397209644376855,4.71346338277575,0.659923349595957,0.416587005053094,0.999285360615371
VAMP2,-0.183756672169688,7.93786922790163,0.659696956156935,0.416666949527899,0.999285360615371
MAFG,0.333675235252837,5.27714009228318,0.659694197154437,0.41666792393244,0.999285360615371
SIK2,0.572687532089082,3.88078463462755,0.659631254404101,0.416690154516271,0.999285360615371
MR1,-0.314486606819934,5.5044313358311,0.65927003087894,0.41681776814653,0.999285360615371
LMF2,-0.306108395247333,5.71819490378286,0.658860779381154,0.416962419286109,0.999285360615371
KCNC4,-0.551542905395032,3.99459843250616,0.658714973553721,0.417013972789031,0.999285360615371
SURF2,-0.291247535503416,5.63477178400463,0.65863166995879,0.417043431224543,0.999285360615371
IQCE,0.519352348966728,4.15288273344683,0.658083134837366,0.417237485477536,0.999285360615371
TEX261,0.404126453280187,4.7089784155544,0.657146790231032,0.417569044388719,0.999285360615371
DPYSL2,-0.306836841389581,5.78975177391599,0.657112373192739,0.417581238893724,0.999285360615371
TOP2B,-0.223590537519632,6.40245705807638,0.656750206736298,0.417709592331471,0.999285360615371
RTCA,0.298046165690118,6.11031679054283,0.656454751622981,0.417814346401297,0.999285360615371
CIB1,-0.126447216074255,8.51628989054657,0.656417854151197,0.417827431200058,0.999285360615371
TMA16,0.296438293964115,5.59301278812475,0.656256210315817,0.417884761469582,0.999285360615371
WDR36,-0.410160548786642,4.7801258499745,0.655904942345778,0.418009386117891,0.999285360615371
IL27RA,0.195132374041444,6.72569448736687,0.655815155570391,0.418041249997472,0.999285360615371
TARS2,-0.427749174723329,4.35034832116699,0.6553673495422,0.418200223083377,0.999285360615371
SERTAD1,-0.332897926868381,5.26711881739785,0.655118728541044,0.418288523439233,0.999285360615371
HNRNPUL1,-0.167417244537875,7.43058266726581,0.65499101903324,0.418333891592151,0.999285360615371
NECAP2,-0.189356262956924,6.86111805956373,0.654709694975978,0.418433856359459,0.999285360615371
CRACR2A,-0.384343306958534,4.78556897628202,0.654279305064087,0.418586858491512,0.999285360615371
ZC3H3,0.478031683280157,4.22871531302076,0.654247028360771,0.418598336104029,0.999285360615371
MCTS1,-0.288060511498208,6.3357811295595,0.654114624969044,0.418645423720764,0.999285360615371
PRC1,-0.471571366230052,4.06060498402628,0.653924138092762,0.418713181835535,0.999285360615371
SLC25A12,0.386037198701897,4.73873002008939,0.653758732823878,0.418772031409532,0.999285360615371
CDC16,-0.323345048134141,5.30836165352249,0.653189421476807,0.4189746809611,0.999285360615371
IER3,-0.49998018520087,4.80763529430338,0.652941941241075,0.419062818465218,0.999285360615371
PMF1,0.258451604565995,6.33614453704165,0.652940318541742,0.419063396463763,0.999285360615371
MFSD14B,0.288192646678434,5.37661373930652,0.652650439737496,0.41916666910394,0.999285360615371
DSTYK,-0.370839660942605,5.11783560518244,0.652507279210774,0.419217685662078,0.999285360615371
RANBP9,0.245992484261597,5.85994268474124,0.652449755379186,0.419238187408316,0.999285360615371
WDR11,-0.302614310388229,5.74330412383708,0.65233000766186,0.419280870811514,0.999285360615371
PUS7,-0.556055353356693,4.02050700972437,0.651961273753944,0.419412344614204,0.999285360615371
NIPSNAP3A,-0.372238275255529,4.89341617722365,0.651843054635911,0.419454509197611,0.999285360615371
KHDRBS1,0.129668273607648,7.58384721805911,0.651063096769089,0.419732850997887,0.999285360615371
PBX4,-0.358463914172153,5.3409311672346,0.650909288070501,0.419787772855813,0.999285360615371
CCZ1B,0.423836560711363,4.84418246223634,0.650841064298195,0.419812137562777,0.999285360615371
HSD17B10,0.231272642493458,6.34032770212661,0.649775918657035,0.420192805860896,0.999285360615371
TOP3B,-0.488186987234934,4.41123160894267,0.649374532877296,0.420336389138131,0.999285360615371
HTATSF1,-0.188856434490324,6.53398896445417,0.648790969073485,0.420545271546875,0.999285360615371
RNF138,-0.319009651193524,5.16360866974293,0.648675203871719,0.420586727268138,0.999285360615371
HTRA2,-0.321187957203435,5.20531276545639,0.648306465623286,0.42071881374132,0.999285360615371
MRPS18A,-0.372209859589061,5.1638489111782,0.647342504185019,0.421064409015671,0.999285360615371
CAPRIN1,0.227238016173851,6.47227293882487,0.647128107208044,0.421141331316338,0.999285360615371
GTF2I,-0.182924146877083,7.29394685708515,0.647070345935049,0.421162058751724,0.999285360615371
CEBPG,0.294076199483677,5.75682306254176,0.646692840400331,0.421297562854973,0.999285360615371
METTL5,-0.265544951323977,6.0963831117196,0.646666898814988,0.421306876874809,0.999285360615371
ETNK1,0.213079574419917,6.381944086675,0.646512914568969,0.421362169432932,0.999285360615371
KDM6B,-0.374243430224129,5.97066684325252,0.646288372335697,0.421442817339733,0.999285360615371
CCNDBP1,0.216365647257699,6.81586377266621,0.646169882559285,0.42148538412082,0.999285360615371
FAM193A,0.285071066599372,5.36901113559408,0.645683429158266,0.421660207104179,0.999285360615371
RNF10,-0.236449893759058,6.20329201352186,0.645434868313714,0.421749577437296,0.999285360615371
TRRAP,-0.273988075057919,5.64704321259983,0.645316590352703,0.421792114355514,0.999285360615371
ZNF683,0.52488902401855,5.70093673208672,0.645295710529023,0.42179962414115,0.999285360615371
SNHG5,0.681684960570065,8.45580480255603,0.644981937489845,0.421912502059143,0.999285360615371
PHF3,-0.176086130549423,7.19610149770452,0.644450113271169,0.422103925735272,0.999285360615371
CHURC1,-0.121489480556318,7.965712864874,0.644196894488136,0.422195114415077,0.999285360615371
NSL1,0.244412608193822,5.70788907578535,0.644098554299493,0.422230536446486,0.999285360615371
SNHG1,0.401382352585578,5.37537038871845,0.643475107317681,0.422455204868092,0.999285360615371
OGA,0.162089766700219,7.42333465998185,0.642984602735673,0.42263209127561,0.999285360615371
TP53I11,-0.453581332329453,4.03226061175006,0.642257000167593,0.422894684546343,0.999285360615371
SNAPC4,0.655833741552878,3.86223914192694,0.641346579536119,0.423223601492679,0.999285360615371
CHCHD5,0.242624282108711,6.43756373976831,0.640213976661975,0.423633323747192,0.999285360615371
AZI2,0.308454834347899,5.53801207114132,0.639673530985593,0.423829041042296,0.999285360615371
AKT1,0.245514911778225,5.90755558187058,0.638951275034025,0.424090810957707,0.999285360615371
DYM,-0.409018018522417,4.85592154531468,0.638811047574666,0.424141662228407,0.999285360615371
RBBP6,-0.172481885721958,6.90944199835473,0.637761983729288,0.424522379037897,0.999285360615371
ZNF512B,-0.594354381876151,4.14574643914366,0.637370677230333,0.424664519812562,0.999285360615371
DENND10,0.733001108152911,4.76364669866063,0.636664689826599,0.424921148183801,0.999285360615371
MZT2B,-0.101320135976188,8.2822652132987,0.63656808775189,0.424956281417163,0.999285360615371
CEP95,-0.335050607985098,5.04058632742127,0.636529662041628,0.424970257686466,0.999285360615371
STRADA,-0.346054745962037,5.30990328202188,0.636478437283952,0.424988890322248,0.999285360615371
TAF4,-0.588518003625681,4.36220939730198,0.636378642167532,0.425025193599352,0.999285360615371
NUDT8,0.566846999201441,4.02895722160664,0.635873544422999,0.425209008569133,0.999285360615371
ARID4B,-0.141124215700885,7.94774568413998,0.635538397700437,0.425331040955879,0.999285360615371
THEM4,-0.291751113376365,6.13292211740533,0.635466863901229,0.425357094393725,0.999285360615371
TGIF2,0.42634724755203,4.93097988392212,0.635141318237704,0.425475692192789,0.999285360615371
SLAIN2,-0.234378544131019,6.11659442415758,0.635112046407365,0.425486358491925,0.999285360615371
RNF113A,0.2435902121494,5.72261111639283,0.635004870913731,0.425525415368948,0.999285360615371
MIATNB,-0.461673611137962,4.87373777298153,0.635004127904491,0.425525686155071,0.999285360615371
EXOSC6,0.270216880217902,6.21364138699279,0.634944280078777,0.425547498256341,0.999285360615371
SNUPN,0.325765633548654,5.0468538146862,0.634796713247358,0.425601287553521,0.999285360615371
PPP1R15B,-0.241264935508276,6.09608539414719,0.634270819697413,0.425793063130911,0.999285360615371
NINJ2,0.39456067648717,5.14853206327652,0.634191098251691,0.425822146184958,0.999285360615371
C9orf85,-0.341843462653399,4.9098625815722,0.633661877690507,0.426015286062779,0.999285360615371
SMARCB1,0.282768786914147,5.71506826366851,0.63355593931167,0.42605396426907,0.999285360615371
ZDHHC13,-0.43396449399228,4.77672162284383,0.633252316199165,0.426164846637876,0.999285360615371
EIF4A3,0.305044350593556,6.16491407493175,0.633030498530541,0.426245881320672,0.999285360615371
RBAK,0.5717351453053,4.20772529007959,0.632835695837766,0.426317065985546,0.999285360615371
RASGEF1B,-0.36756771673212,4.56633352544469,0.631609111650587,0.426765694853111,0.999285360615371
TRIT1,-0.584288619182835,4.19223423302051,0.630929878012541,0.427014433601728,0.999285360615371
TMX4,-0.219656830006561,7.05303825617438,0.630872933048025,0.427035297052703,0.999285360615371
PAXIP1,0.477998533632715,4.27781553876318,0.629607469092345,0.427499333356233,0.999285360615371
HSPA1B,-0.709446421796964,5.42736589299741,0.629349647968766,0.427593967653833,0.999285360615371
PHC2,-0.350066696314125,5.1547280409948,0.629009278727764,0.427718949957225,0.999285360615371
LIX1L,-0.368512456516768,5.88194055351962,0.628948583107697,0.42774124294768,0.999285360615371
CCND3,-0.196291042194197,7.00519025179762,0.628628137587167,0.427858968943251,0.999285360615371
XIAP,-0.343061787668966,6.38140240797485,0.62789541035745,0.428128343638796,0.999285360615371
TTN-AS1,-0.413529689923625,4.69384222611883,0.627718439181621,0.42819344244306,0.999285360615371
RAB2B,-0.385139601116242,4.80929937521831,0.627506118461639,0.42827156428166,0.999285360615371
INTS13,0.432975774151159,4.57174686014509,0.624961831515851,0.429209392313292,0.999285360615371
TRAF7,0.361703689897922,5.13955778958778,0.624709962732212,0.429302400255752,0.999285360615371
NAT10,-0.441097848630285,4.62120687439112,0.624707746241636,0.429303218877579,0.999285360615371
NFE2L1,0.287505331159867,5.26625311043171,0.624335514036046,0.42944072977859,0.999285360615371
TULP4,0.284240461000048,5.72318247774404,0.624253457852127,0.429471052125174,0.999285360615371
GGCX,0.344463109605353,4.86113122922934,0.624223278975887,0.429482204985445,0.999285360615371
ZNF775,0.588339023635349,3.91966147208943,0.62421895948766,0.429483801324863,0.999285360615371
GALK2,0.334400087919545,5.10485812693118,0.624188987567877,0.429494878198269,0.999285360615371
ZFC3H1,0.195248417444533,6.55542417206804,0.623612768088904,0.429707918548083,0.999285360615371
CIRBP,0.147936936200357,8.66511850109079,0.623096383585324,0.429898972479519,0.999285360615371
RIPOR2,-0.263547500044086,7.50248671283296,0.622991659111108,0.429937734517103,0.999285360615371
ZNF445,0.423987410290695,4.7853463938868,0.622830116690334,0.429997537151015,0.999285360615371
BRI3,0.231188422307831,7.1147264000252,0.622770867688196,0.430019474150464,0.999285360615371
COMMD4,-0.297694504369555,5.6085475674321,0.622582247382258,0.430089322276414,0.999285360615371
CAMK1,0.546641969944072,4.34105441813577,0.622560740859388,0.430097287463263,0.999285360615371
TSNAX,-0.209533898504525,6.06380507663564,0.622362368860507,0.430170767330267,0.999285360615371
STX18,-0.334481734572601,5.03473660473359,0.622138941294153,0.430253550896115,0.999285360615371
DDX60L,0.305304719649353,6.0242201043422,0.621953096777794,0.430322427699725,0.999285360615371
CDC123,0.265263957294833,6.21245383307234,0.621915148947462,0.43033649379467,0.999285360615371
SCYL3,0.404819266961572,4.72035910257487,0.621910853153821,0.430338086157262,0.999285360615371
TMC6,-0.196198624218408,6.93977266796999,0.621711962468321,0.430411820623081,0.999285360615371
VDAC3,0.222022386420166,6.40004659062749,0.621694851860507,0.430418164908305,0.999285360615371
ARPP19,0.162037553266248,6.94000494834149,0.621172292471062,0.430611988124059,0.999285360615371
SEPTIN6,0.485000979046737,8.02950507382905,0.621086416441109,0.43064385316437,0.999285360615371
TMEM183A,0.24867559574216,5.98309924843828,0.620381147252353,0.430905684538632,0.999285360615371
TMEM243,-0.237387463280583,6.6644506735279,0.62016838204044,0.430984721034717,0.999285360615371
MFN2,0.467699674737,4.36405041569795,0.619966889262837,0.431059590381402,0.999285360615371
GPR68,0.436302275216499,4.90687888864155,0.619817437381748,0.431115135449911,0.999285360615371
CIPC,0.512468140072673,4.01876569142636,0.619517882444701,0.43122650026856,0.999285360615371
ASCC3,0.224401194907224,6.07689640751415,0.619365505714068,0.431283165732192,0.999285360615371
AOAH,-0.360273338552656,4.69156492533767,0.618829728836946,0.431482498704311,0.999285360615371
RRP1,0.382759313129744,4.66614946373001,0.618433790946391,0.431629895096441,0.999285360615371
SERPINB6,-0.332684416519967,4.88512867141445,0.61818315337478,0.431723239796791,0.999285360615371
DOCK11,0.216914069664666,6.19436178316442,0.617991287155807,0.431794717035799,0.999285360615371
GNAS,-0.122263268096964,9.34087193869976,0.61780591989206,0.431863790227344,0.999285360615371
TRAPPC8,-0.358209869545704,4.86208730931543,0.616355769413151,0.432404737351084,0.999285360615371
TAF9B,0.588043029016946,3.93723946224842,0.616346863286317,0.432408062765612,0.999285360615371
TYMP,0.249063658894348,7.8187845077124,0.616318942518692,0.432418488214276,0.999285360615371
LYPLA1,0.227916219707874,6.50916631492431,0.615798519870285,0.432612880826996,0.999285360615371
ATP5MC3,-0.104948258796451,8.2131857862717,0.615517345905392,0.43271796250852,0.999285360615371
BLVRA,-0.414380471633873,5.16818379438371,0.614693820852033,0.433025957464498,0.999285360615371
RPL17,0.319453458358991,11.6028203112544,0.614288842081074,0.433177540065667,0.999285360615371
HLA-DPB1,0.383831713590986,6.46658379711608,0.614240325536439,0.433195705104512,0.999285360615371
PTPN6,-0.283180548024747,6.32341390077885,0.614069679368839,0.4332596057942,0.999285360615371
SLC10A7,0.527076362228694,4.06362048872349,0.613817383297427,0.433354107620048,0.999285360615371
MAFF,-0.504073743860889,4.23118609629296,0.613063941271399,0.433636508932546,0.999285360615371
P2RX5,-0.372361890137749,5.09780004705961,0.612989065512121,0.433664588774958,0.999285360615371
DNAJA1,0.195769754168522,7.84721463096776,0.612760323905636,0.433750388390464,0.999285360615371
CLIC3,-0.515784217810969,5.2316779916242,0.612747389122482,0.433755240922176,0.999285360615371
ANAPC5,-0.228403411659274,6.80767798825217,0.612235676823726,0.433947277980318,0.999285360615371
PTPMT1,0.413626918141354,4.90069213436058,0.612198460796485,0.433961249579324,0.999285360615371
ELOB,-0.0912098067247558,8.76682019397656,0.611940853641666,0.43405797894238,0.999285360615371
B3GALNT2,0.417728332228549,4.40093676448494,0.611660509322356,0.434163283222194,0.999285360615371
CDC26,-0.241928030829791,6.62104690934964,0.611459942934669,0.434238644801076,0.999285360615371
PINX1,-0.505774681732039,4.7275102195631,0.61135126815616,0.434279486996759,0.999285360615371
JRK,-0.526205838082689,3.99863232939213,0.611316334363991,0.434292617069899,0.999285360615371
CNIH4,0.207665958201583,6.10783770867476,0.610889301157542,0.434453168910757,0.999285360615371
SP2,0.356631971615087,4.8480043363315,0.61044821811452,0.434619098008216,0.999285360615371
TMEM185A,-0.407239455935943,4.76885130568457,0.610429303017469,0.434626215754384,0.999285360615371
HPF1,0.244346213611716,5.76096716099099,0.610234021218069,0.434699710628343,0.999285360615371
UTP18,-0.2789248195383,5.4533198654114,0.609396601749911,0.435015090726042,0.999285360615371
ZNF829,-0.579074198751509,3.87488882960552,0.609378180773803,0.435022032159781,0.999285360615371
GOLGB1,0.173092986890726,7.26531841048945,0.609241415222634,0.435073573744149,0.999285360615371
SUZ12,0.159217590561188,6.87227160540409,0.609196548453845,0.435090484301644,0.999285360615371
IGSF8,-0.396937552744062,4.74659018226211,0.608922441777189,0.435193818538429,0.999285360615371
DCAF7,0.23851905643632,6.47887921289201,0.608461417616031,0.435367702377064,0.999285360615371
METTL18,0.448346317769416,4.53788359719095,0.608395729143261,0.435392486630656,0.999285360615371
PRDX4,0.346389494925987,5.28293006885623,0.608075363907673,0.435513391247348,0.999285360615371
ZC3H7B,0.353147883735864,4.83431960907739,0.607827471096513,0.435606980200859,0.999285360615371
NABP2,0.362023880156166,5.01196459766298,0.607166510534313,0.435856667974208,0.999285360615371
BORCS7,-0.286453014508107,6.00078020063458,0.606785843774311,0.436000569700675,0.999285360615371
RCC1L,0.386930099697063,5.04085776798192,0.606189285418239,0.436226229900088,0.999285360615371
LUC7L2,-0.204429653805545,6.54249102210385,0.605212301129651,0.436596179338191,0.999285360615371
POFUT1,0.450172451666155,4.21431530121302,0.605142648055944,0.436622572799952,0.999285360615371
DAZAP1,-0.234458381651485,6.33955338851664,0.60497005262042,0.436687984456059,0.999285360615371
RAD51B,0.553761535376488,3.84453436548526,0.604942931503185,0.436698264404533,0.999285360615371
RBM33,-0.152402542727506,6.81536367140674,0.604853807750395,0.436732048345738,0.999285360615371
TOGARAM1,0.352652740278069,4.81098410561616,0.604698443527159,0.436790951465696,0.999285360615371
RPL26L1,0.28057282180473,5.64261937968744,0.604576725317337,0.436837106881734,0.999285360615371
ZNF623,-0.543234146331822,4.09701087226993,0.603516291868335,0.437239537787125,0.999285360615371
TMED9,0.174701372768602,6.92006696142516,0.60344220958627,0.43726767294735,0.999285360615371
FRMD8,0.35146964454344,5.02325076552271,0.603326567631587,0.437311597282894,0.999285360615371
BECN1,0.224908441954373,5.90736254720615,0.603012652045232,0.437430866016641,0.999285360615371
SERINC1,0.184377507113742,6.91320120662304,0.602983916741803,0.437441786161545,0.999285360615371
GMPS,0.273706568092054,5.63468969307897,0.602196361755027,0.437741239521552,0.999285360615371
TBCE,-0.445374239278116,4.85504353358276,0.602154840738582,0.437757035833246,0.999285360615371
SPOUT1,0.439828360614428,4.79058024036505,0.601866215015381,0.437866865113221,0.999285360615371
LAPTM4A,-0.234389951740894,6.410428621284,0.601615315296808,0.43796237298764,0.999285360615371
ARHGAP12,-0.517381450027647,4.24046470834073,0.601286450718003,0.438087607401648,0.999285360615371
NUP58,0.276177230575871,5.59388792378101,0.601228638187067,0.438109628570257,0.999285360615371
PHPT1,-0.154354340342085,7.26866569270334,0.601007060381058,0.438194044699033,0.999285360615371
STRN4,-0.382673849035769,4.62816739462435,0.60037034015912,0.438436759414017,0.999285360615371
CFDP1,-0.205340160621962,7.20448405883013,0.599746923817481,0.438674602400922,0.999285360615371
MREG,-0.508870982540436,4.41416909677182,0.599726418328629,0.438682428921427,0.999285360615371
SLX4IP,0.468426582052519,4.19362346969381,0.599083517078785,0.438927919627886,0.999285360615371
SYNCRIP,-0.158385738904603,7.05772311497798,0.598979272769444,0.438967744979244,0.999285360615371
NBEAL1,0.313131625196382,5.36432042843581,0.598799388426738,0.439036480776997,0.999285360615371
SLC35E3,0.281879269273389,5.2447972424518,0.598685678866818,0.439079938973635,0.999285360615371
ECPAS,0.293929618645507,5.19364214631422,0.598494617715723,0.439152974720758,0.999285360615371
COMTD1,-0.304555710478191,5.85720331830392,0.598284747512739,0.43923322196622,0.999285360615371
QRSL1,0.401317137888573,4.48151767168898,0.598073863242963,0.439313879618499,0.999285360615371
BACH2,-0.52511214882261,4.7019758304541,0.598015852181863,0.439336071299675,0.999285360615371
TBC1D19,-0.42904510142345,4.20758051011363,0.597982836505757,0.439348701958363,0.999285360615371
KIAA2013,0.333134146584692,5.57911389315823,0.597771561017268,0.439429541864994,0.999285360615371
SIDT1,-0.44264691803754,4.53545179545268,0.597517651656968,0.439526724887346,0.999285360615371
SQLE,0.309155057657341,5.86874808522747,0.596587276236765,0.439883105279374,0.999285360615371
AGPS,-0.378305846228278,5.1010497780694,0.596470851788219,0.439927732908131,0.999285360615371
SLC27A5,-0.452779873961706,4.45771277023208,0.59633327600849,0.43998047719421,0.999285360615371
USP11,0.436613909420762,4.7508541174987,0.596067988004279,0.440082211668229,0.999285360615371
SLC37A4,-0.552248924984789,3.91371014398563,0.595152692058715,0.44043349326372,0.999285360615371
PGBD2,-0.512462647391064,4.05024618000064,0.59502631538615,0.440482029242742,0.999285360615371
CASK,-0.2725863821241,5.97425616840739,0.59419966417185,0.440799714197217,0.999285360615371
TMEM94,0.466878999705423,4.24961926173281,0.594034173164033,0.440863355294423,0.999285360615371
PPP3CC,-0.337132012979092,5.34552153769221,0.593631943163398,0.441018095489268,0.999285360615371
SLC39A3,0.350825077124846,5.11171271886512,0.593458136680262,0.441084985695005,0.999285360615371
FADD,0.376766966119219,4.78488037491898,0.593382722372365,0.44111401408573,0.999285360615371
FRMD4B,0.311200525166458,6.60426284086167,0.593217569327091,0.441177594878139,0.999285360615371
PSAT1,0.5549943865672,4.47630118887435,0.593198315529087,0.441185008143233,0.999285360615371
FAM168A,0.458170142454987,4.29371342658833,0.592822856210713,0.44132960908645,0.999285360615371
SSX2IP,0.604924405315661,3.75139394675385,0.59241416801958,0.441487090419732,0.999285360615371
RFX1,0.266549726291798,5.43728738556746,0.592378815038899,0.441500717179489,0.999285360615371
SNX27,-0.265398925506524,5.49556988243154,0.592313168644726,0.441526022213033,0.999285360615371
DMAC1,-0.198351086941987,6.34202146320209,0.592069798501147,0.44161985476805,0.999285360615371
FBLN5,0.460623628048228,4.76199962093798,0.591367887624607,0.441890652020048,0.999285360615371
AUTS2,0.473619868169964,5.35885386526884,0.590930783901676,0.442059415912002,0.999285360615371
ERVK13-1,-0.780520391253375,3.74751141489217,0.590796947138102,0.442111109576404,0.999285360615371
MAP3K13,0.342253893697141,4.80596485228178,0.59074728964967,0.442130291859021,0.999285360615371
VPS16,-0.455982073904245,4.73372118574067,0.590312921413158,0.44229813945752,0.999285360615371
CPNE3,-0.209801421372276,6.3979015019334,0.590126628885852,0.442370156292096,0.999285360615371
PHF20L1,0.171155912093918,6.92961623004231,0.590024408628111,0.442409680208205,0.999285360615371
NDUFAF7,0.438134509325857,4.62199390706407,0.589971059731344,0.442430309957812,0.999285360615371
MAP3K5,0.333962306799731,5.4807633869035,0.589523655344973,0.44260337737079,0.999285360615371
RPS4X,-0.127486990964894,11.7757557001501,0.589416739855384,0.442644750459274,0.999285360615371
MRPL58,-0.311630488877031,5.10588316265483,0.588933630432294,0.442831773708865,0.999285360615371
HP1BP3,-0.147605765490146,8.32603876396144,0.588896470967722,0.442846164077136,0.999285360615371
TAOK3,-0.149994529166292,7.13918304388447,0.588198046397167,0.443116770138408,0.999285360615371
SLC39A9,0.465532052373493,4.42401909644081,0.587635425855286,0.443334944272208,0.999285360615371
KATNB1,-0.582350114887861,4.12600957578942,0.586869557447059,0.443632200911626,0.999285360615371
PSEN1,-0.284757890970631,5.43318498154096,0.586770271926351,0.443670759154704,0.999285360615371
TSPYL1,-0.316737466475081,6.34515537118949,0.586655620554843,0.443715291276452,0.999285360615371
SCO1,0.309185945933666,5.4308963705129,0.586452190043584,0.443794323396352,0.999285360615371
ZCCHC17,-0.26283308892247,5.83626293699647,0.586241810894322,0.443876077916857,0.999285360615371
ESYT1,-0.243736000415777,6.34158460015845,0.585532685762772,0.444151819427475,0.999285360615371
FAM111A-DT,-0.608571047302261,3.81143117436353,0.585304595720288,0.444240567939205,0.999285360615371
KDM1B,-0.414729960942611,4.34450027765487,0.585298569859369,0.444242912938392,0.999285360615371
SBF2,-0.549927736696966,4.07007549827177,0.585189377960994,0.444285408922758,0.999285360615371
BOLA2,0.470701541198589,5.05309762586655,0.584641053703258,0.444498904242226,0.999285360615371
APOBEC3F,0.360244815030689,4.84023290048867,0.584632880100845,0.444502087912877,0.999285360615371
PGM1,0.436417816807821,4.67961758540602,0.584271358703276,0.444642938105977,0.999285360615371
ACTR8,0.413388930339683,4.513125615764,0.584099299271802,0.444709997402888,0.999285360615371
GNA13,-0.221054811867319,6.24574088117326,0.583794403738398,0.444828867337908,0.999285360615371
EXOC7,-0.334402712734084,5.61657276447673,0.583499015740777,0.444944077456158,0.999285360615371
KLHL36,0.236713230312395,5.8446381865821,0.583298032573968,0.445022493280122,0.999285360615371
ABCA5,-0.401093326089648,4.86772062930239,0.583123398352971,0.445090646138278,0.999285360615371
ZKSCAN8,-0.46389911984246,4.1973618952558,0.582272625652859,0.445422900446592,0.999285360615371
CLK4,-0.245424108028492,5.7502698446193,0.58186027963816,0.445584073141835,0.999285360615371
TAB3,0.346903073263765,4.79790237976022,0.58151194486841,0.445720296322945,0.999285360615371
UBE2R2,-0.241631382437244,6.21559686990933,0.581416739505873,0.44575753948582,0.999285360615371
CCDC127,-0.368183726835421,4.76410032664691,0.581114005994348,0.445875997151972,0.999285360615371
BTAF1,0.345923872158864,5.0894122624559,0.580834056966239,0.445985582821749,0.999285360615371
DGAT1,-0.33270151901433,5.03067488465559,0.580199248561826,0.44623423245747,0.999285360615371
GTPBP2,-0.381990786606063,4.28871003884698,0.580148388392676,0.446254163300051,0.999285360615371
STX1A,0.522794305455307,4.04143882837602,0.579786134358916,0.446396161642166,0.999285360615371
RBM12B,0.363383159352879,5.20104206733735,0.579724740419998,0.446420234123295,0.999285360615371
FAM110A,0.333597044143244,5.01854466650521,0.579461221909771,0.446523582252886,0.999285360615371
AGFG1,0.238855414838382,6.21590919295006,0.579174447027835,0.44663609337647,0.999285360615371
ARHGAP9,-0.231120772706473,6.54219884092419,0.578818481328469,0.446775811512991,0.999285360615371
MRPL24,0.305497411263754,5.13811961081086,0.578797867150943,0.446783904748003,0.999285360615371
HECTD3,-0.458921299657787,4.19969114159463,0.57875719382589,0.446799873977724,0.999285360615371
GEMIN2,0.526340799091885,3.97831750735361,0.578648482306505,0.446842560827077,0.999285360615371
RBM5,0.169218603001058,6.65532390114876,0.578625866720333,0.446851441896867,0.999285360615371
SPEN,0.180783242899165,6.37834613413696,0.578319091647682,0.446971938578007,0.999285360615371
NDUFS4,0.212547360212582,6.08683736211751,0.578201562856282,0.447018115502392,0.999285360615371
C12orf43,-0.410648283934091,4.73203357017035,0.578174926737319,0.447028581831838,0.999285360615371
RGPD5,-0.463400621395504,4.15740050688667,0.578088336795911,0.447062608894224,0.999285360615371
PTDSS1,-0.258718305879608,5.72832527633986,0.577834279826289,0.447162468327512,0.999285360615371
CCDC66,-0.23680149921593,6.5962652890444,0.57778566733257,0.447181579864157,0.999285360615371
RIOK2,0.392832118500062,4.60996783286909,0.577342132715309,0.447356009860562,0.999285360615371
PDCD6IP,0.185065241016506,6.38286243060897,0.577322748924969,0.447363635383682,0.999285360615371
MAGOHB,0.289850192114091,5.41025040839714,0.576648122077877,0.447629157372884,0.999285360615371
TENT4A,-0.32699804560445,5.02104703507457,0.576592068214509,0.447651230266348,0.999285360615371
FKBP1A,0.139894897123578,7.43227191305106,0.576535352892808,0.447673565350591,0.999285360615371
C16orf54,-0.187071371153722,6.55441948069128,0.576293454348981,0.447768846966472,0.999285360615371
AVEN,0.418458099654255,4.5759910347605,0.57593684604544,0.44790936920568,0.999285360615371
HS3ST3B1,0.393893806626105,4.80386017918293,0.575652208244712,0.448021580529672,0.999285360615371
RFTN1,-0.296327931139494,5.78084799137358,0.575066767722205,0.448252513266009,0.999285360615371
MAP2K1,0.259201142625956,5.784355029726,0.575053901864767,0.448257590408232,0.999285360615371
GCH1,0.310099429268452,5.14630429194509,0.574973550726941,0.448289300707965,0.999285360615371
GSR,0.351792923632852,5.29916995248117,0.574766456829622,0.448371045691441,0.999285360615371
MTRNR2L12,-0.247076721909542,7.46388740916011,0.574204196130879,0.448593100631511,0.999285360615371
LIN52,0.547865267810794,4.05599437955487,0.573377860285468,0.448919758169754,0.999285360615371
PACC1,0.611545007775776,3.8237300512401,0.573323826747341,0.448941130982978,0.999285360615371
FBXO11,0.223832390069269,5.79329799057063,0.573057883988046,0.449046346986404,0.999285360615371
RILPL2,-0.215272464827891,6.40168684888709,0.572603672609315,0.449226137301266,0.999285360615371
TFCP2,0.353175747991834,4.91024299632107,0.572602490911425,0.44922660519853,0.999285360615371
APH1A,0.202352479354762,6.36494539921578,0.572394029686436,0.449309158006623,0.999285360615371
CCDC115,-0.250911703862517,5.91963972252375,0.572246575013971,0.44936756586135,0.999285360615371
PPP1R9B,0.390176496093598,5.00896079704028,0.572207010495259,0.449383239664551,0.999285360615371
DNAJB6,-0.164254572692644,7.46872719662682,0.57163943652629,0.449608182486263,0.999285360615371
ROCK1,0.123914141652084,7.90040832563184,0.571294128008081,0.449745122205902,0.999285360615371
CCDC9,0.450538499449314,4.50665898506656,0.571272644268863,0.449753644205898,0.999285360615371
KIZ,0.374119982638052,4.69898378517606,0.570984566808946,0.449867940827254,0.999285360615371
PNO1,0.317345415841421,5.08675746047233,0.570249299912579,0.450159868249404,0.999285360615371
MAP3K8,0.49958896681184,4.96925169117985,0.570132476117344,0.450206278708352,0.999285360615371
MIA2,-0.214750475648149,6.12686841906897,0.570000875293754,0.450258568563792,0.999285360615371
MGAT2,0.391194230985633,5.2306995764493,0.569976693434324,0.450268177938114,0.999285360615371
CTSZ,-0.388368746560254,5.13609249513662,0.569580438748901,0.450425687015824,0.999285360615371
DLEU1,0.426538124423076,4.33027460041289,0.569519913691138,0.45044975296715,0.999285360615371
ZC3HC1,0.541795080977636,3.96447096439523,0.569061687612706,0.450632017795642,0.999285360615371
ILF3-DT,-0.257675497077482,6.07069350077926,0.568842048041585,0.450719422853323,0.999285360615371
NAA38,-0.193180705564876,7.02105526795782,0.568811345529007,0.450731642955876,0.999285360615371
ARFGAP1,0.448772390670773,4.4228882099673,0.568638212363585,0.450800562476049,0.999285360615371
IRGQ,-0.529540455525476,4.24663404447104,0.568632110038301,0.450802991943071,0.999285360615371
THOC6,-0.363719065397386,4.93451621443156,0.568611042951044,0.450811379361043,0.999285360615371
MIGA1,0.289753647291887,5.42719709949596,0.568460614883108,0.450871276218686,0.999285360615371
ZBTB41,-0.404758219332393,4.60255190307087,0.568192960120598,0.45097788068211,0.999285360615371
ITPRID2,0.86832167324378,4.21208380001784,0.56817304469444,0.450985814389519,0.999285360615371
SUPV3L1,-0.388263626554019,4.66772780796523,0.567455214647531,0.451271921968075,0.999285360615371
PRR14,-0.349310403408286,4.97156187057657,0.567232449799352,0.451360767668049,0.999285360615371
SEC24B,0.316298833755581,4.90044667440374,0.567064374277612,0.451427819625779,0.999285360615371
SHLD3,-0.471432876035238,3.90516659385226,0.566937675704775,0.45147837498022,0.999285360615371
GLRX2,0.374357998189598,4.97948700121734,0.56669552786903,0.451575021611105,0.999285360615371
LCLAT1,0.539710424424548,4.08530945606101,0.565916759081603,0.451886065152368,0.999285360615371
SEPTIN9,0.522580465812529,7.13546036619651,0.565145138269948,0.452194584470205,0.999285360615371
HINT2,-0.254533115902217,5.76629461935127,0.564229564727928,0.452561088726359,0.999285360615371
NCBP3,0.234694700014896,6.13011436923626,0.56412162347041,0.452604328281655,0.999285360615371
LINC02256,-0.640965457543521,3.72603450760075,0.563942473137445,0.452676107346142,0.999285360615371
GLT8D1,-0.367261767339967,5.11472370863101,0.563935572221169,0.452678872650562,0.999285360615371
MRPS26,-0.250994564454652,5.99171360264546,0.563933182717726,0.452679830167901,0.999285360615371
ECHS1,-0.222548107239592,6.28821102794631,0.5636550169048,0.452791317937604,0.999285360615371
KIF1B,-0.432910615272992,4.71274156804013,0.563193541294183,0.452976370467114,0.999285360615371
RPS27L,0.149917733261745,7.98878457393032,0.562927416925703,0.453083140693084,0.999285360615371
MAF,0.223388061376822,9.4385803280827,0.562880868326239,0.453101820241839,0.999285360615371
SPATS2L,0.259627756881944,6.42549894589055,0.56284562177742,0.453115965178901,0.999285360615371
SAMD4B,-0.28908011400281,5.41185653063066,0.562347978411331,0.453315750386294,0.999285360615371
ATXN7L3B,-0.23278654939834,6.32770047813588,0.562235858349229,0.453360781463579,0.999285360615371
PUM1,0.205357010803391,6.67303268844227,0.562038053306466,0.453440243532736,0.999285360615371
TBC1D20,-0.213129936244633,6.04605615373452,0.561974676703496,0.453465707746677,0.999285360615371
KANSL1-AS1,-0.504719359813065,5.43005223050723,0.561853868635811,0.453514253678204,0.999285360615371
SEC23B,0.360314316541939,4.96671111422846,0.56069501754374,0.453980344933878,0.999285360615371
GCC1,-0.439643970912806,4.23755555877673,0.560345232570981,0.454121176567653,0.999285360615371
MIR22HG,-0.446254091372977,4.41750759077957,0.559871972373706,0.454311831436907,0.999285360615371
PNRC2,-0.147387051648814,7.06987159752305,0.559641851100038,0.454404582188358,0.999285360615371
GDI1,-0.248266138154555,5.71718841664258,0.55963954621275,0.454405511327336,0.999285360615371
FLVCR1-DT,0.555357110066225,3.82092391613954,0.559628526972183,0.454409953410482,0.999285360615371
GUCD1,0.385792119477127,4.9280962771638,0.559272517995872,0.454553504681763,0.999285360615371
TTC21B,-0.471296575920031,4.53022040478171,0.55844967324003,0.454885568021103,0.999285360615371
S100A6,-0.145998637713108,10.5436314017329,0.558296771417233,0.454947314363107,0.999285360615371
ACAD8,-0.527792385809344,4.31983935033645,0.558228879012976,0.45497473557646,0.999285360615371
ORAI3,-0.444944379822619,4.60515849712368,0.557784427100661,0.455154310447833,0.999285360615371
BBC3,-0.36096230508429,4.9430428587141,0.557665549151043,0.455202360391048,0.999285360615371
RPL36,0.101019782838629,11.3705635226874,0.55762163645182,0.455220111728219,0.999285360615371
SIRT2,-0.335474537144595,5.30370788527476,0.557330589986215,0.455337792326966,0.999285360615371
HIRIP3,0.347982051595593,4.82123738823686,0.557302410462533,0.455349188867063,0.999285360615371
SLC6A6,0.242274893225159,5.79139198652964,0.557183061085514,0.455397461867411,0.999285360615371
SRP72,0.210047994711553,6.71003378110987,0.556917967273748,0.45550471262986,0.999285360615371
JPX,0.194746293404912,7.09427776450135,0.556061356895199,0.455851549053974,0.999285360615371
BLVRB,-0.366304046896478,4.85900992461922,0.556006592978257,0.455873736773186,0.999285360615371
TRIM13,-0.290406255788557,5.6735847974652,0.555805444469783,0.455955247119586,0.999285360615371
GHDC,-0.540269128529207,4.38154758618838,0.555261189894512,0.456175907616312,0.999285360615371
DUSP16,0.228392549902309,6.2398434038069,0.555136680603376,0.456226411828173,0.999285360615371
RASAL3,-0.211996407579827,7.08642130561353,0.554481696689265,0.456492235480467,0.999285360615371
PLEKHA2,-0.215536743590742,6.450650478872,0.554208014043663,0.456603381231167,0.999285360615371
TMED3,0.29338262217806,5.52976122857849,0.553943922282908,0.456710672454642,0.999285360615371
HELZ,-0.224590586996659,6.92950740872148,0.553940923349266,0.456711891044446,0.999285360615371
COA8,0.439374049574148,5.81095354922537,0.553893491061402,0.456731165411156,0.999285360615371
CPNE1,0.166013934203737,6.94066448347256,0.553499469872797,0.456891327641575,0.999285360615371
TRMT61A,-0.538877535485537,4.18329398908745,0.553266067400479,0.456986243146858,0.999285360615371
PARK7,0.110316460578265,8.35948455950006,0.552982794943677,0.457101480574527,0.999285360615371
BAD,0.269911849577974,5.82610825491349,0.552576902564953,0.457266680654427,0.999285360615371
TBC1D23,0.399151930313941,4.78273199967372,0.552508112997924,0.457294687662319,0.999285360615371
ALKBH6,-0.432363850548231,4.55193732611663,0.552369489177693,0.457351135236329,0.999285360615371
ERN1,-0.233474994894438,6.58716981545386,0.551856530269347,0.457560107598708,0.999285360615371
ZBTB10,0.745998316672385,4.28969671843995,0.551853362879747,0.457561398417571,0.999285360615371
SFXN3,0.275192768804875,5.59359042277431,0.551693393022728,0.45762659904667,0.999285360615371
AAGAB,0.307828268787813,5.12450383369092,0.551658873091967,0.457640670628929,0.999285360615371
ZMYM6,0.397162659887937,4.67046453800702,0.551058781729921,0.457885398961177,0.999285360615371
CEP55,-0.798422246325352,4.00148245174144,0.55102807443803,0.4578979275198,0.999285360615371
HNRNPK,-0.0977882033804191,8.89814190791037,0.550958004970862,0.457926517852316,0.999285360615371
BFAR,-0.232956079820786,5.89531531486966,0.550913268501621,0.4579447730771,0.999285360615371
GTF3C3,-0.42619258699113,4.74583632617543,0.55079455197081,0.457993222280259,0.999285360615371
TMED10,-0.140160319951639,7.18385350793589,0.550669434090469,0.458044292691999,0.999285360615371
MRPL37,0.305170132286925,5.05663018440058,0.550513744963862,0.458107854189213,0.999285360615371
LPP,0.233092606126087,6.22493618567363,0.549485516851064,0.458527987878539,0.999285360615371
TSFM,-0.357472599017004,4.92525561207812,0.549380036572529,0.458571121531615,0.999285360615371
FYB1,-0.140637305275761,9.42651123319265,0.549263933797594,0.458618606420117,0.999285360615371
WDPCP,-0.569014355422772,3.75040013583327,0.548762402805956,0.458823817016274,0.999285360615371
UTP25,-0.355568323801537,4.69470445614463,0.548639859730105,0.458873979840436,0.999285360615371
WAKMAR2,0.444300867312083,5.21069963092883,0.548498939289285,0.458931676137301,0.999285360615371
PPM1G,-0.154614798576181,7.53340573525779,0.548233302551262,0.459040465569764,0.999285360615371
SPAG16,0.445263710832118,4.3468271841015,0.548051115011123,0.459115102634089,0.999285360615371
NBPF12,0.448224792438274,4.40360717537521,0.548011393512589,0.459131377954675,0.999285360615371
MED8,0.30847278511475,5.20507567177524,0.547982016128785,0.459143415508362,0.999285360615371
HAUS2,0.372116286950412,4.80212924506356,0.547634664468227,0.459285782747663,0.999285360615371
CDCA7L,-0.485895636119545,4.01914527819707,0.547609201379441,0.459296221921784,0.999285360615371
ZNF599,-0.651490770891182,3.70971695489559,0.547318160271388,0.459415567552038,0.999285360615371
TMEM30A,0.201578021341037,5.94396410584275,0.547143700525746,0.459487130841966,0.999285360615371
CCDC85B,-0.178472980718918,7.36597127150556,0.546902478703267,0.45958610898015,0.999285360615371
C8orf82,-0.33075599106676,4.90871481559376,0.546352099162416,0.459812067179639,0.999285360615371
CD5,0.179907028863226,6.60423190008755,0.54613117420972,0.459902817376351,0.999285360615371
LINC00641,0.569593013371044,3.7319088103662,0.546063290051034,0.459930708114684,0.999285360615371
KLHL7,-0.455290244499297,4.53730748841593,0.545329620090627,0.460232313292749,0.999285360615371
CUL4B,0.376611137255454,4.87773144865108,0.545264158534113,0.460259239189028,0.999285360615371
EIF1AY,-0.22649242444165,5.76201811831917,0.545226239832491,0.460274837195935,0.999285360615371
MYO18A,0.402304304534825,4.32530314149324,0.544229508451029,0.46068514739257,0.999285360615371
PRMT7,0.362072016329167,4.66548423875526,0.543572263339613,0.460956023686868,0.999285360615371
ATE1,-0.363074665964082,5.10545600814599,0.543567553157651,0.460957965848373,0.999285360615371
ELP3,0.371047332786164,4.56444089662686,0.543491785988209,0.46098920890623,0.999285360615371
RNF214,0.270741201872009,5.26706754940455,0.543141912744932,0.461133524899673,0.999285360615371
SLC38A6,-0.497056895487862,3.99979135245245,0.542990812794226,0.461195872906724,0.999285360615371
LZIC,0.232255708827589,6.01947537346533,0.542331668877541,0.461468010506693,0.999285360615371
SUCLG2,0.255495476256151,5.59131368762128,0.542308560564408,0.46147755575294,0.999285360615371
GAPDH,-0.100550484160894,10.1558888739757,0.542070552290692,0.461575887008322,0.999285360615371
NDUFA3,0.168471312106748,7.63401907338329,0.541619463820904,0.46176234204484,0.999285360615371
CD81,-0.178439842091867,7.66074648337847,0.541595474534539,0.461772261241586,0.999285360615371
TMEM168,-0.334211649000337,4.76560767299831,0.541077674116725,0.461986446241147,0.999285360615371
RABGAP1L,0.186205638346773,7.15590399705973,0.541001464363124,0.462017983276116,0.999285360615371
SLC25A40,0.422389578976598,4.4873037327551,0.540831253625708,0.46208843205473,0.999285360615371
PLAGL2,-0.429344436942057,4.5672194659983,0.540659599939136,0.462159495359098,0.999285360615371
SRRM2,0.108788413419711,8.41226203834974,0.540269266046202,0.462321155301274,0.999285360615371
ACADSB,-0.456720961583725,4.43924197734713,0.539627681132231,0.462587068416002,0.999285360615371
LEPROTL1,-0.151256369367824,8.36932962234445,0.538823397710061,0.462920758008839,0.999285360615371
COASY,0.30693754978386,5.04464765194513,0.538608909422997,0.463009811904895,0.999285360615371
ANKRD46,-0.475613035870142,4.20594046052238,0.538474586872212,0.46306559549421,0.999285360615371
PDP2,-0.436312463084395,4.11930494293202,0.538173949767028,0.463190487616022,0.999285360615371
BRK1,0.114198876745287,7.95345604179,0.538119926539645,0.463212935894021,0.999285360615371
TUBB2A,-0.443693784650277,4.0693214062371,0.537927073677285,0.463293086205816,0.999285360615371
FOSL2,-0.358940361453297,5.6051204882523,0.537790457405482,0.463349877769188,0.999285360615371
EIF3D,-0.176009720929889,7.47929668463702,0.537761588992435,0.463361879826025,0.999285360615371
CREBL2,0.263406289092601,5.51453838598981,0.537590086974792,0.463433192088701,0.999285360615371
DDX1,0.246756892749183,5.83418959481735,0.537492468509221,0.463473790639218,0.999285360615371
BCLAF3,-0.326939751374722,4.79888905269335,0.537371522474693,0.463524098756695,0.999285360615371
COQ7,0.372684131018958,4.88284429083197,0.537191408442745,0.463599034237628,0.999285360615371
PLCB2,0.299906181692645,5.22587779689837,0.536830231444885,0.46374935820269,0.999285360615371
ILF2,0.224933304400079,6.49447059440569,0.53620030758124,0.464011722237016,0.999285360615371
ZNF622,0.271523292669809,5.48233588941788,0.536010177775601,0.464090958041389,0.999285360615371
MPZL3,-0.284424424503799,5.18966030765972,0.535994961854318,0.464097300146034,0.999285360615371
TRPM7,0.200574590245851,6.12197609158796,0.535734974899924,0.46420568593527,0.999285360615371
ARFGEF1,-0.237596519892892,6.16700068078968,0.535474757881648,0.464314208085586,0.999285360615371
UBQLN4,-0.390832467157775,4.56440828272944,0.535055000565855,0.464489351045891,0.999285360615371
CLCN3,-0.278133475468111,5.3326506798718,0.534927787205952,0.464542451408536,0.999285360615371
CERS4,0.438963031297198,4.52632036583906,0.534852118680842,0.464574040943856,0.999285360615371
RAB6A,0.185795863216491,6.27323416696329,0.533851789282961,0.464991973702468,0.999285360615371
PARP12,0.256176856663674,5.7305466582074,0.533657132428328,0.46507337019717,0.999285360615371
C1orf56,-0.208274299268813,7.07810145491188,0.53351816714062,0.465131492983763,0.999285360615371
TRPT1,0.391242937181881,4.7035744431159,0.533243104462294,0.465246573283059,0.999285360615371
ATG12,-0.217038488177627,6.67939726095272,0.533098175659088,0.465307226679682,0.999285360615371
VPS50,-0.440323033805325,4.29982952185695,0.532814529418943,0.4654259705717,0.999285360615371
XRN1,0.159614294162143,6.94778707338813,0.532805312087138,0.465429830070691,0.999285360615371
SPDL1,0.542619020436462,3.9182670801623,0.532636978336747,0.465500324106135,0.999285360615371
SUGP2,0.255866989870713,6.11535322741176,0.532471946195198,0.465569452084616,0.999285360615371
ADNP2,-0.403739272128417,4.39859109224835,0.532392758775306,0.465602627611151,0.999285360615371
ATP5ME,0.0969809266609848,8.67247474119338,0.532335702928197,0.465626533470827,0.999285360615371
FIS1,0.202903270133635,7.15645260627541,0.53216150418374,0.465699533243437,0.999285360615371
FUOM,0.290154227229227,5.19306842925598,0.531945183338863,0.465790210200042,0.999285360615371
CCDC117,-0.34265932481829,4.86054970928681,0.531371491073166,0.466030826269546,0.999285360615371
RPL38,0.0932284632309309,11.0183629679217,0.531165717726619,0.466117179502553,0.999285360615371
MIF,0.223181658523445,9.30996682798897,0.531075692543837,0.466154966820371,0.999285360615371
ITGB2-AS1,-0.309432729141491,5.81479225134984,0.53092820204261,0.46621688532427,0.999285360615371
YBX1,-0.101646821068975,9.14269260619647,0.530745613254005,0.466293556804919,0.999285360615371
FAM13B,-0.247075736604408,5.49951693506423,0.530243450516501,0.466504525825554,0.999285360615371
SAT1,0.170440048875052,8.59865503064738,0.530160380003828,0.466539440213073,0.999285360615371
TPK1,-0.421770343884255,4.34406590550876,0.52999661349202,0.46660828324516,0.999285360615371
ZNF506,0.266431872138202,5.61969281843775,0.529872099448721,0.466660636487233,0.999285360615371
SSR3,-0.151270979583047,7.08502221401892,0.529654375639613,0.466752203376133,0.999285360615371
LBH,0.18735672031634,7.65891147576924,0.529576162755234,0.466785103961524,0.999285360615371
TMEM131L,-0.298111844270613,5.15152531470162,0.529551418836686,0.466795513370838,0.999285360615371
MADD,-0.329595660687974,4.88709179712309,0.528527318042205,0.467226664380623,0.999285360615371
BCL9L,-0.205891203954365,5.89878068952183,0.528301227611511,0.467321935502494,0.999285360615371
CPSF1,0.410835084686475,4.56062903147087,0.527832501834716,0.467519548814712,0.999285360615371
SRSF4,0.158032128507173,7.29289632248585,0.527760489814344,0.467549920735445,0.999285360615371
ATP1B3,-0.237488813636129,6.77429237780767,0.527643212443749,0.467599390629161,0.999285360615371
VPS36,0.200233828063767,6.5892205669147,0.527516407226159,0.467652889006174,0.999285360615371
IFT27,-0.340493609633324,4.99695272755215,0.526689704026804,0.468001911157595,0.999285360615371
TACC1,-0.218448504379458,6.72579236591715,0.526589057457265,0.468044431239186,0.999285360615371
PIH1D1,-0.229677328318291,6.17561583144245,0.525829687503364,0.468365441794556,0.999285360615371
RDH13,-0.498080815247403,4.18197528836853,0.525183861741983,0.468638731928958,0.999285360615371
MTIF2,-0.370285330518801,4.64665829985658,0.52488713448302,0.468764382125808,0.999285360615371
ANKZF1,-0.322997628014757,5.59181732543712,0.524693763193305,0.468846295026067,0.999285360615371
OTUD1,-0.374384307245423,5.13873120561608,0.524492795505367,0.468931450184317,0.999285360615371
CLEC2D,-0.152929141096425,8.5289466146771,0.524423050640436,0.468961008684053,0.999285360615371
SHC1,0.313875663149906,5.07331715592515,0.524327353960967,0.469001570672208,0.999285360615371
MICAL1,-0.249215389356782,5.48123653084876,0.524291642097971,0.469016708945776,0.999285360615371
UROD,-0.296930137942872,5.07525157453817,0.52410803145882,0.469094553981388,0.999285360615371
TBC1D22B,0.501457546476821,4.03257202359633,0.523793491032578,0.469227957364614,0.999285360615371
ENPP4,0.466030993316378,4.06466440974278,0.523745939006499,0.469248130516189,0.999285360615371
PPP1R21,0.342152635516111,5.04076755303479,0.522727172154511,0.469680660811933,0.999285360615371
ZNF639,0.406050723724493,5.0582494664752,0.522720231677504,0.469683609679573,0.999285360615371
GK5,-0.427490955976868,4.47838183677271,0.522002875520304,0.469988560608317,0.999285360615371
SIRT7,-0.220266313760889,6.25512022133631,0.52197646556672,0.469999793669712,0.999285360615371
SCCPDH,0.418379938027826,4.52671182436979,0.521645388341568,0.470140648904736,0.999285360615371
NAA15,0.281304096584259,5.61041184932059,0.52164325632409,0.470141556181856,0.999285360615371
MED22,-0.435985205513893,4.11622207658809,0.521616776050486,0.470152825061179,0.999285360615371
HECTD1,-0.215461689518033,6.21124844856167,0.521411788685104,0.470240073702301,0.999285360615371
DUSP18,-0.373041250437235,4.39820172937368,0.521384800900428,0.470251562439571,0.999285360615371
ATF7,0.309826874571603,5.45548107036308,0.521018509467044,0.470407537959754,0.999285360615371
MOB3C,0.491682369647222,4.22183473241477,0.520740355536212,0.470526038174362,0.999285360615371
ZCCHC4,0.585993737848517,3.81300172764626,0.520189122328315,0.470761018944374,0.999285360615371
ANKRD40,-0.312757344354212,4.97302718853023,0.519979659558391,0.470850358772145,0.999285360615371
BUD23,-0.213334043146332,6.17979527539918,0.519021127535329,0.471259540037631,0.999285360615371
KCNK6,-0.3373806332105,5.25196163146182,0.518837304228516,0.471338076716862,0.999285360615371
PPP1CB,-0.109322968171544,7.80146622049887,0.518369992358203,0.4715378262437,0.999285360615371
TPT1,-0.100926422515044,13.0223620791713,0.518175366223858,0.471621058292505,0.999285360615371
FAM133B,-0.183719511739046,7.70647916049637,0.518032395590769,0.471682214938101,0.999285360615371
PIK3C3,-0.257195002693966,5.45605413247647,0.517990999071103,0.471699924968306,0.999285360615371
NSRP1,-0.223800397819927,6.87212403727322,0.517597939800382,0.471868134955184,0.999285360615371
PKM,0.134101728894474,7.85596621843855,0.517273803363541,0.472006922306863,0.999285360615371
CCZ1,0.27405520264794,5.81571297342723,0.51724708010795,0.472018367499858,0.999285360615371
PCID2,-0.257737640777729,6.2307579742961,0.516931160815297,0.472153705278963,0.999285360615371
PSMD8,-0.117340473749657,7.67072759482083,0.516023773291085,0.472542773342369,0.999285360615371
ZNF92,-0.335253046154534,4.73748684813575,0.515515950677031,0.472760743048257,0.999285360615371
SNRPA,0.26036383497756,5.96877558314563,0.514443022740714,0.473221805084345,0.999285360615371
CD38,0.665288891000064,5.01096969691177,0.51426242374772,0.473299484257851,0.999285360615371
GAR1,-0.295847762356197,5.25488092686573,0.513805906342395,0.47349593348659,0.999285360615371
MTHFS,-0.323693649878019,5.35311058132726,0.513549738234431,0.473606225991813,0.999285360615371
CSGALNACT1,-0.407604879458076,5.24686265142235,0.513444677852768,0.473651471502611,0.999285360615371
XRCC4,-0.394470860123102,4.41152933707334,0.513267673348839,0.47372771645767,0.999285360615371
PPIF,-0.318276155939336,5.16642887465114,0.51286175424038,0.473902641872898,0.999285360615371
POGLUT1,0.390397787008486,5.16952786335263,0.512854456223693,0.473905787813972,0.999285360615371
PTPN1,0.197138741072757,6.93435475997103,0.512479030731797,0.474067667402908,0.999285360615371
AP5S1,0.51738552989634,4.01322744226657,0.512362229474427,0.47411804918854,0.999285360615371
HIP1R,0.53575818191368,3.93182845815384,0.512069405240702,0.474244396016593,0.999285360615371
EID3,-0.522413988926413,4.37843469835603,0.511750027715024,0.474382262264527,0.999285360615371
RALGAPA2,-0.365754307730827,4.77917116105305,0.5115734311395,0.474458521938769,0.999285360615371
RNF146,0.328373318304326,5.00732802024408,0.51148200815971,0.474498008927814,0.999285360615371
DCTN6,0.300346578606265,5.13387574934089,0.511186480303646,0.474625688446206,0.999285360615371
MAX,0.149643755655072,6.6794465564972,0.511131414772141,0.474649485060025,0.999285360615371
RAP2C,0.241541261048276,5.70405692733886,0.511117246973086,0.474655607999107,0.999285360615371
PRDX3,-0.253379049586186,6.04755243941064,0.51111164969857,0.474658027024916,0.999285360615371
PYCARD,-0.230487076174258,6.63988327157811,0.510778060536222,0.474802233488322,0.999285360615371
USP15,0.188147676702585,7.52368382494754,0.510563626463284,0.474894968251618,0.999285360615371
TSC22D4,-0.20978189587143,6.62339328487849,0.510429401102705,0.474953030700193,0.999285360615371
NDUFS1,0.275259507474857,5.77301112752294,0.510278563127088,0.475018293101529,0.999285360615371
DPM3,0.227104852006431,6.3147268708893,0.51026543746438,0.475023972813071,0.999285360615371
HELZ2,0.315066026828038,5.60705492527664,0.509848086107784,0.475204625836793,0.999285360615371
IMP4,-0.276392775174332,5.60240335575554,0.509826238164694,0.475214085924101,0.999285360615371
METTL23,0.189067666831547,6.23316911753982,0.509743249489169,0.475250022536211,0.999285360615371
UBFD1,0.362807162566331,4.61189342521989,0.509353094399245,0.475419030726188,0.999285360615371
CUTC,-0.282280357832447,5.19453519156442,0.509257528868597,0.475460442896952,0.999285360615371
KLRB1,-0.24759700678888,10.0344679040975,0.50884171736125,0.475640698096688,0.999285360615371
ANP32B,0.0982578460388118,8.66488398098452,0.508528382563934,0.475776602853893,0.999285360615371
FECH,-0.531979807970419,3.98489895538947,0.507736014865948,0.476120563703186,0.999285360615371
ZFAND5,0.220924878424269,6.53873840437201,0.507630854621695,0.476166243388056,0.999285360615371
TCAIM,0.399887665111269,4.38354674442387,0.506737430607906,0.476554618397361,0.999285360615371
PPIH,0.313019343850701,5.13326431962535,0.505874262317427,0.476930331387403,0.999285360615371
S100A10,-0.19155089547557,9.91095122317105,0.505811271555334,0.476957768398279,0.999285360615371
ZNF207,-0.157208580827189,7.60138704576292,0.505301988934352,0.477179692161959,0.999285360615371
PNISR,-0.117504082664598,8.81639207656044,0.505151102099347,0.477245474572755,0.999285360615371
PACSIN2,-0.453128818843466,4.52404670452536,0.505049652751627,0.47728971194544,0.999285360615371
LANCL2,0.518771023963005,3.89426244842455,0.504804232309837,0.477396756120354,0.999285360615371
BAZ1B,0.157907053166498,6.92579488840817,0.5039860470274,0.477753904200754,0.999285360615371
RPL15,-0.1026192293828,11.3409824715095,0.503985802910083,0.477754010826061,0.999285360615371
BCL10,0.234935461302509,5.76850969193631,0.50393690051401,0.477775371146901,0.999285360615371
LINC00662,0.337990903755236,4.94422343725689,0.503737021337862,0.477862693574702,0.999285360615371
APOBEC3D,0.396663579124291,5.47069876425763,0.503724205055104,0.477868293590613,0.999285360615371
ZBED5,-0.2558159543524,5.51488687875857,0.503665870680141,0.477893783881468,0.999285360615371
COQ9,-0.432045346880612,4.71326541852339,0.503570988835616,0.477935249010922,0.999285360615371
DERL2,-0.223290847784613,6.19718895537464,0.502535702477534,0.478388070440938,0.999285360615371
B3GAT3,-0.207989666097667,5.92694063134807,0.5016960187405,0.478755852735351,0.999285360615371
SMIM12,-0.310843856636893,5.98381108372628,0.501563293019274,0.478814029030901,0.999285360615371
ARL6IP6,0.243210358599357,5.93855841489279,0.501255000359596,0.478949204385883,0.999285360615371
RABIF,-0.267945101008755,5.45165540267563,0.501234672058114,0.478958119815376,0.999285360615371
SPON2,-0.448440924792537,4.49924769821897,0.500414073055811,0.479318238573309,0.999285360615371
WDR83,-0.407034332251128,4.67784554978498,0.50021727492868,0.479404669029898,0.999285360615371
AIMP1,0.13675147746411,7.08145015201296,0.499970063404806,0.479513276361463,0.999285360615371
ABHD12,-0.330925676394037,4.94655925874813,0.499894283229644,0.479546576898356,0.999285360615371
RTCB,-0.296012895358827,5.6116972496808,0.499626157275898,0.479664431496285,0.999285360615371
KPNA4,-0.158883121396249,6.52168250284834,0.499374558597094,0.479775064677475,0.999285360615371
PSMA5,0.139173094690632,7.42443274528652,0.49908591491053,0.479902038801625,0.999285360615371
KIAA2026,0.178264005886523,6.34437244759913,0.498867749675359,0.479998046041173,0.999285360615371
ARPC5L,-0.156093237126699,7.48255975076869,0.498833999856988,0.480012901020294,0.999285360615371
MARK4,0.463024398813055,4.49940938720899,0.498804021382263,0.480026096674561,0.999285360615371
PAM16,-0.4199068886835,5.06784433326185,0.498651341594588,0.480093311107326,0.999285360615371
MAP2K7,-0.336648263358064,5.27901793726812,0.498324415462555,0.480237286125394,0.999285360615371
SH2B1,-0.370114672559533,4.85315170184067,0.498250897961739,0.480269672247339,0.999285360615371
DOT1L,-0.419078859505081,4.45071389446062,0.498159005998183,0.480310157769731,0.999285360615371
C21orf91,-0.260148025175348,5.91566308901231,0.497784899985909,0.480475038190606,0.999285360615371
COMMD9,0.298227558397177,5.11909914182578,0.497338141281549,0.480672060588058,0.999285360615371
BRPF3,0.513142191374024,3.99008675248337,0.49712476709453,0.480766206228364,0.999285360615371
GART,-0.241610221342138,5.52784164110289,0.496791183142253,0.480913451832727,0.999285360615371
TMEM91,-0.515576175306535,4.00825163331866,0.496700234291215,0.480953609942387,0.999285360615371
NFYA,0.401706203252887,4.35941235065436,0.496638005704577,0.480981089902297,0.999285360615371
TRIM28,-0.208539076728589,5.97569527243099,0.496244566889377,0.481154890985851,0.999285360615371
PSME4,-0.213833441554061,5.94103191937974,0.496112741144962,0.481213147894514,0.999285360615371
SCRN3,0.651684497190155,3.94552766360996,0.495980694903491,0.481271513856074,0.999285360615371
ENTPD4,0.290740186602498,5.68753487912276,0.495859632254064,0.481325035157169,0.999285360615371
SCAI,-0.402856251152291,4.70306625381161,0.495640768735537,0.481421818631617,0.999285360615371
EHD1,-0.225412782015274,6.09347766709707,0.49556963316261,0.481453282322761,0.999285360615371
SURF1,-0.271519441930069,6.01010745104385,0.495431887976693,0.481514217448422,0.999285360615371
DNTTIP1,-0.386629390769532,4.71216041929202,0.495420014389776,0.481519470628,0.999285360615371
REXO1,0.340289362793083,5.28469738475764,0.494466598169893,0.481941593974037,0.999285360615371
CHERP,0.317179047785336,5.06979873954153,0.494283974178615,0.482022519828392,0.999285360615371
THADA,0.38874013537232,5.43159713107548,0.49421005869846,0.48205528021849,0.999285360615371
ZNF362,0.381960347551531,4.40013165866303,0.493784756052289,0.482243851544933,0.999285360615371
LPIN1,-0.199009659863829,6.12328374323128,0.493428795366137,0.48240177120674,0.999285360615371
CLUH,0.492332083316036,3.99818253296404,0.493173177229302,0.482515227031163,0.999285360615371
MAN1A2,0.200942770939188,6.20903358640334,0.493082378494979,0.482555538515633,0.999285360615371
SFSWAP,-0.202509545174743,6.33320229541579,0.493073119331264,0.482559649574106,0.999285360615371
SIAH1,0.435180459979211,4.56043162741378,0.493047627042969,0.482570968419751,0.999285360615371
SLC7A1,-0.308083875287262,4.99814487222513,0.492967714537421,0.48260645324903,0.999285360615371
RETSAT,0.419786599558729,4.27152834418487,0.492672932787439,0.482737387053473,0.999285360615371
GPI,0.186196091708757,6.29759079626698,0.492541379486477,0.482795838218803,0.999285360615371
ARHGAP21,0.319489427921173,4.57635473724262,0.492526495042135,0.482802452341187,0.999285360615371
OTUD3,0.553837999869277,4.05614270829004,0.492423456789439,0.482848242999367,0.999285360615371
PTPN23,0.445573144828245,4.25248957927056,0.492056777729609,0.483011254820562,0.999285360615371
G2E3,-0.340129023950618,5.21210078307358,0.491675973146069,0.4831806422786,0.999285360615371
SMAP1,-0.17516888005123,7.0446297616968,0.491002960124899,0.48348024774569,0.999285360615371
SLA2,-0.24620821903568,5.55924128561873,0.490939810282219,0.483508375895521,0.999285360615371
ZDHHC5,0.287885998035189,5.51903724385001,0.490282095016841,0.483801495312068,0.999285360615371
SDHC,0.205051626093385,6.1750744004209,0.490210724503481,0.483833320136806,0.999285360615371
VDR,0.400851442020155,4.404315005251,0.490012696729,0.483921640781425,0.999285360615371
LINC01943,0.300226997969418,8.00613347659144,0.489920411909214,0.483962809014888,0.999285360615371
FBXL15,-0.247891610118982,5.78630127106006,0.489839138951137,0.483999069644161,0.999285360615371
ZSWIM8,0.276668268777847,5.13751193454255,0.489783667444421,0.484023821307414,0.999285360615371
C2orf49,0.271935884388939,5.65248685537949,0.489699019951051,0.484061595466294,0.999285360615371
MVP,-0.256691901171525,6.16999697810295,0.489622255535366,0.484095855987166,0.999285360615371
SMU1,-0.205426563784372,6.18610332337885,0.489562762145177,0.484122411074811,0.999285360615371
ROMO1,0.124842459574942,7.61963077071793,0.489561718308341,0.484122877016573,0.999285360615371
JTB,0.098307624395408,7.83556918056585,0.489384634733366,0.484201933255831,0.999285360615371
SPPL2A,-0.189124118546897,6.84088875414025,0.488945940740358,0.484397873236464,0.999285360615371
ITGA3,-0.524883231054839,3.90873183383928,0.488532604856655,0.484582606960747,0.999285360615371
GSS,-0.323913882351679,4.85153211726781,0.488501836726801,0.484596362925685,0.999285360615371
NAP1L1,0.134857952272918,9.18510852339573,0.488351445755338,0.484663609731824,0.999285360615371
AASDHPPT,-0.214809231728413,5.84971006965735,0.48799184925409,0.484824464571118,0.999285360615371
RFC3,-0.555366376971623,3.8279753891363,0.487759729355084,0.484928343372073,0.999285360615371
MIR29B2CHG,0.393171099667631,4.19360393622321,0.487633786505857,0.484984720979556,0.999285360615371
ADSL,-0.260277306941318,5.749155383195,0.486725230014653,0.485391752343493,0.999285360615371
COX17,0.163434427340158,7.83573350458696,0.485987087943165,0.485722854463085,0.999285360615371
HNRNPA0,0.118705796670386,7.3130122695145,0.485306677711762,0.486028391424525,0.999285360615371
MAN1C1,0.362618434411354,4.78802337180336,0.485266583720193,0.486046405482008,0.999285360615371
SLC2A1,0.394125110154727,4.43325594180687,0.485224608252601,0.486065266062923,0.999285360615371
DHX36,-0.13977000196914,7.4459156045422,0.484974697673973,0.486177581946427,0.999285360615371
LRCH4,-0.250668404670204,5.78777422722834,0.48482534277705,0.486244726181633,0.999285360615371
TMEM134,0.175236165052645,6.40284084331428,0.484788199877034,0.486261426589732,0.999285360615371
UPF3B,0.292915553762457,5.44639013850962,0.484529583342635,0.486377733608908,0.999285360615371
KDM5A,-0.128797851046257,7.23636323974376,0.48452724659921,0.486378784717197,0.999285360615371
CPPED1,-0.343200134694072,4.94591828143968,0.484503458155832,0.486389485391535,0.999285360615371
NR2C2,-0.330454132224363,5.09955501952682,0.484341883532693,0.48646217627434,0.999285360615371
UBALD2,-0.170954046778923,7.82245818668759,0.484088419497414,0.48657624359599,0.999285360615371
DLGAP1-AS1,0.332004629509329,5.64144946093897,0.482783852920186,0.487164044261866,0.999285360615371
TMEM135,0.404200930789085,4.27199296245554,0.482515109043892,0.487285278900933,0.999285360615371
FOXN2,0.26860219060033,5.88694760501502,0.482122776110998,0.487462356431231,0.999285360615371
RFC4,0.420269582264405,4.46660375386073,0.482054260286123,0.487493291662789,0.999285360615371
LTA,0.454158426147211,6.73425612825504,0.481944508359931,0.487542851987101,0.999285360615371
PARP11,0.334667428570436,4.9117741753363,0.481852541258242,0.487584387715703,0.999285360615371
UTP3,-0.238757380970286,5.52508078649362,0.481646632729071,0.487677404888776,0.999285360615371
AHR,-0.22245418140012,6.80076673943786,0.481091703126158,0.487928235688261,0.999285360615371
PLAT,-0.477854311606579,4.32585414539285,0.480955928425402,0.487989639119125,0.999285360615371
YME1L1,0.128588958152681,7.18420821931799,0.480926891593864,0.488002772547335,0.999285360615371
PRMT9,0.268556499192488,5.13914616533318,0.480783351528448,0.488067704688081,0.999285360615371
TMEM121,0.524988095451534,4.26742949216796,0.480665164411278,0.488121178881336,0.999285360615371
SWT1,-0.456812053283436,4.05927124164142,0.480414909047905,0.488234439970348,0.999285360615371
PITPNB,-0.164836444855942,6.52419217235183,0.480258453527258,0.488305271121224,0.999285360615371
MCM5,0.392161490500453,4.73895257889192,0.479888665143495,0.488472751062141,0.999285360615371
CD3D,-0.129226811078095,10.0737395913116,0.479051187525656,0.488852404271023,0.999285360615371
CLIC1,-0.111864304932224,9.13678049250083,0.478912517375736,0.488915314886653,0.999285360615371
GMIP,0.314293285343122,5.38013894797126,0.478651155864952,0.489033923632929,0.999285360615371
CEP68,-0.366334377387081,4.65542716276745,0.478304943622277,0.489191112324523,0.999285360615371
TMLHE,0.594095518786499,3.88004635311438,0.477750158439299,0.489443173592819,0.999285360615371
ZNF569,-0.4948382982818,4.08849971726378,0.47713867550808,0.489721245610511,0.999285360615371
TFDP1,0.226518191210549,5.6177077447672,0.476619135956081,0.489957713246147,0.999285360615371
FANCF,-0.447812833598881,4.44245582766795,0.476614590005489,0.489959783168423,0.999285360615371
MTAP,0.284279063135767,4.91981272173844,0.475856098485384,0.490305353811021,0.999285360615371
NRM,-0.481959133736137,4.03695369452848,0.475529893188472,0.490454098779337,0.999285360615371
ABHD17A,-0.175568191779477,7.5314806577046,0.475428304706743,0.49050043705261,0.999285360615371
IGHM,-0.535426034276972,4.10748333114642,0.475186149342548,0.490610922557036,0.999285360615371
ZMIZ1,-0.281094024641715,5.08572525341409,0.475121477647118,0.49064043661076,0.999285360615371
TMEM245,-0.239391197826396,5.72899947084098,0.47490927312721,0.490737300652823,0.999285360615371
MRPS24,0.393277627860246,6.44316096024335,0.474757422539973,0.490806634801284,0.999285360615371
RAB5B,0.242629628344468,5.50679837987588,0.474487031814444,0.490930134221705,0.999285360615371
LAMTOR4,-0.102591938051638,7.95110798605409,0.474131264379789,0.491092708036008,0.999285360615371
OLA1,-0.180509553837947,6.23509933816911,0.473963246732904,0.491169517740507,0.999285360615371
CRKL,0.276824318538299,5.07247528732897,0.473853355129883,0.491219765828107,0.999285360615371
SDHB,-0.219470000946807,5.86541486704083,0.473685392560203,0.491296583541352,0.999285360615371
ELOVL1,0.229208245748771,5.70091362925984,0.473642997150993,0.491315976262202,0.999285360615371
ITPR2,-0.249018235153236,6.05079329892765,0.473530370311423,0.491367500809117,0.999285360615371
FAM76B,-0.258644323214317,5.64910018452932,0.473270839852383,0.491486265233114,0.999285360615371
ZBED1,-0.337908825236052,4.94396693114174,0.472948789823921,0.491633706124081,0.999285360615371
CD53,-0.116381264727753,8.2491423077716,0.472746189055901,0.491726498668862,0.999285360615371
SLC9B2,-0.46303082934391,4.04248683420245,0.472718745533527,0.491739070242738,0.999285360615371
LAPTM4B,-0.507493936956075,4.55605185838497,0.472632581331006,0.491778544603136,0.999285360615371
BUD31,-0.132668655098928,7.04747047918832,0.472599508230939,0.491793697772245,0.999285360615371
YWHAB,-0.0898332966368101,9.26262381822831,0.472333796220557,0.491915467923892,0.999285360615371
MCM3,-0.304444472478441,5.46736386515455,0.472284275098499,0.49193816797377,0.999285360615371
RPN1,0.237651051379332,6.12675708296614,0.472192142920598,0.491980405222225,0.999285360615371
PLOD3,-0.369643353480152,4.90385888822125,0.472153588379424,0.491998082038866,0.999285360615371
ELOVL5,0.219052544565853,6.7779382115899,0.472033688229512,0.492053061678388,0.999285360615371
PAN2,-0.504211216118559,3.80059053814861,0.472014379964215,0.492061916351858,0.999285360615371
CDK9,-0.276664723542457,5.34738896658412,0.471489016524163,0.492302947750246,0.999285360615371
SPOPL,0.347345428737565,4.60914457388637,0.471043998830318,0.492507271971096,0.999285360615371
RRP1B,-0.20218702633659,5.88096901486751,0.470932244771351,0.492558604732141,0.999285360615371
SEC24C,-0.305354181940738,4.89029379049122,0.470587072684388,0.492717211590782,0.999285360615371
MCUR1,0.256099056249282,5.23548153006523,0.469595742910283,0.493173204501587,0.999285360615371
CLNS1A,-0.171319967743726,6.60560597468132,0.4691483375852,0.493379234177947,0.999285360615371
TLNRD1,-0.237009434814343,5.34978896013453,0.469004119931345,0.49344567701565,0.999285360615371
ASTE1,0.35837343910435,4.57481540794005,0.468927126189188,0.493481155119389,0.999285360615371
TRAPPC1,-0.110975429919204,7.8095663285653,0.468472341311443,0.493690803683105,0.999285360615371
DAXX,0.205991255590284,5.92661200124286,0.468090125107075,0.493867114849788,0.999285360615371
TOR1AIP1,-0.22324757630756,5.87713499810109,0.46807538639564,0.493873915734017,0.999285360615371
GSKIP,0.295961846213896,5.25086404322389,0.467791119755589,0.494005115662942,0.999285360615371
ATP6V1D,-0.196882767009366,6.07433022466868,0.467605372014273,0.494090876963027,0.999285360615371
PRKAR1A,0.157596875884115,7.05474838659759,0.467509168475235,0.494135304776199,0.999285360615371
PRKD2,0.244206885424141,5.5533726699819,0.467453845345265,0.494160856621642,0.999285360615371
TPM4,-0.139539323329571,8.0381409685877,0.467072148427938,0.49433720974884,0.999285360615371
OFD1,-0.241724286071442,6.33038887741517,0.467033074151075,0.494355268966282,0.999285360615371
GIT1,-0.286693562527783,5.31433291125976,0.466596229891643,0.494557243661815,0.999285360615371
CRNKL1,0.231688486890854,5.4690621373524,0.466263658581667,0.494711100806718,0.999285360615371
TOP1,0.126631640368385,7.69267542328594,0.465846288777293,0.494904302078743,0.999285360615371
RPL22,-0.101684741681647,10.8444986440834,0.465401840783681,0.495110177425195,0.999285360615371
NFKBID,-0.486499274520615,4.93577567672221,0.46505852645948,0.495269304693524,0.999285360615371
SLC35C2,-0.283793847427159,5.46205771350106,0.464596547901586,0.49548356906523,0.999285360615371
MORN3,-0.49923864529861,4.14400237220167,0.464590432858056,0.495486406251594,0.999285360615371
THAP6,0.330938210897696,5.02086860498058,0.464529849404112,0.495514516531506,0.999285360615371
LCMT1,0.288291405240591,5.4664567501696,0.464198168952663,0.495668461433618,0.999285360615371
PSMC4,-0.185808419734749,6.49277133145426,0.464153667858238,0.495689122129026,0.999285360615371
RBM15,0.341971683191643,4.65931991948572,0.463940261306252,0.495788221371021,0.999285360615371
CTSW,-0.415540745056402,6.1551530104616,0.463763432371074,0.495870360407945,0.999285360615371
LIN7C,-0.301923008586384,5.17279609098912,0.463735949223356,0.495883128698463,0.999285360615371
RPL7A,-0.0892684837518169,11.2873644663803,0.463565135386812,0.495962498865356,0.999285360615371
WAC-AS1,0.321586602674176,5.59031073065275,0.463232196101259,0.49611726359291,0.999285360615371
HOTAIRM1,-0.369059342893455,4.86384991033684,0.463095748743754,0.496180713798415,0.999285360615371
DDX24,0.120301983471856,8.89637432857838,0.462891647336015,0.496275649753886,0.999285360615371
ZNF32,-0.29596733577921,5.46986954642604,0.462843805092579,0.496297907577822,0.999285360615371
CCR7,-0.351154733273111,6.19551696706953,0.461871036141044,0.496750837794284,0.999285360615371
RAD23A,-0.175873933565817,6.87501151185799,0.461819307963065,0.496774942433672,0.999285360615371
EPHA1-AS1,-0.337489975432307,4.70505459022538,0.46170169207165,0.496829757212118,0.999285360615371
PERP,-0.230474232045599,5.78377745590289,0.461392756829653,0.496973784820638,0.999285360615371
AHCTF1,0.294630399229891,5.54499937027341,0.461256164018412,0.497037487740051,0.999285360615371
MLLT1,-0.402049449690077,4.44190009363404,0.461097221884735,0.497111631086681,0.999285360615371
RETREG2,-0.238678966681749,5.792740207791,0.460974420463565,0.497168928295789,0.999285360615371
PRMT6,-0.468802595136051,3.82090409425603,0.460953499536839,0.497178690782287,0.999285360615371
HSBP1,0.172529763745673,6.60953096448302,0.460688080137697,0.497302573504104,0.999285360615371
BAG1,-0.183879370828567,6.35212441657594,0.460331588651755,0.497469045560589,0.999285360615371
ACSL6,-0.450868178361538,4.13729696062264,0.460238489837003,0.497512535736335,0.999285360615371
NDUFB1,-0.135167333839776,8.04264311710653,0.458899929366012,0.498138541846492,0.999285360615371
NELFA,-0.29624908726403,4.96582631106163,0.458684633688357,0.498239353758393,0.999285360615371
MANF,0.202576637795411,6.52998179672818,0.458334249769361,0.498403494367517,0.999285360615371
AHCY,0.361108170988866,4.54982403197953,0.457952341225052,0.498582507228409,0.999285360615371
TUBGCP2,-0.225627536379571,5.78878390179525,0.45793450016313,0.498590872570472,0.999285360615371
MRPS10,0.201389300697626,6.00072205887475,0.457858887765603,0.49862632845445,0.999285360615371
IRF2,0.155858276309152,7.31937880181715,0.457769487339597,0.498668255276336,0.999285360615371
ARL6IP5,-0.107993202779197,9.02837445658864,0.457608647562111,0.498743700603143,0.999285360615371
LPGAT1,0.234858032679429,5.61281558102462,0.457599568786673,0.498747959772537,0.999285360615371
ATP11C,-0.359445681081832,4.48451549022099,0.4571201537455,0.49897295758,0.999285360615371
IVNS1ABP,0.255865106920807,7.48526894963143,0.456974470838205,0.499041363159277,0.999285360615371
MAP7D1,-0.196700649355964,6.16975811898066,0.456475811182621,0.499275629696031,0.999285360615371
CCNG2,0.298154538550119,5.67823028576174,0.455933040800559,0.499530831037904,0.999285360615371
DRG2,0.309474280579918,5.22365888252341,0.455058519894102,0.499942481398096,0.999285360615371
CHRAC1,-0.2001573456065,6.31473318318248,0.454964294505945,0.499986869072103,0.999285360615371
HMGCR,0.29917495502923,4.96505146768874,0.454685146785881,0.500118409180078,0.999285360615371
ATG9A,-0.561658430211124,4.29618094973899,0.454525328064193,0.500193745470271,0.999285360615371
ARHGEF2,-0.275926755691176,5.28986094235669,0.454523371135057,0.500194668058437,0.999285360615371
FAR1,-0.255042841725934,5.39290595520261,0.454324592171592,0.500288396836645,0.999285360615371
TMED4,0.133446635347784,6.96674048131906,0.454291639666927,0.500303937569484,0.999285360615371
PBRM1,-0.169957470903052,6.53918927641404,0.45420942225968,0.50034271570037,0.999285360615371
NCLN,-0.364343211293613,4.60957625283282,0.454127833212212,0.500381202508887,0.999285360615371
ZNF83,0.278230253566842,5.53153040194506,0.453895822696786,0.500490672917747,0.999285360615371
GNG2,0.115452051137522,7.33677418925047,0.453196049697617,0.500821096018656,0.999285360615371
TRAC,-0.119104719454986,9.90362179279612,0.453031563485737,0.500898817936121,0.999285360615371
TXNDC11,-0.322382198932956,5.12970311495678,0.452831033539606,0.500993598733623,0.999285360615371
EMC6,-0.156366022323731,6.57147151857087,0.452729896457143,0.501041412903333,0.999285360615371
MAP4,0.180172788268085,6.79394630920428,0.452496145939897,0.501151951885309,0.999285360615371
SEC62,-0.124639805132447,8.07274924463814,0.452240610416791,0.501272840301826,0.999285360615371
RPL35A,-0.0995431894505518,11.4430736700003,0.45220178379623,0.50129121269008,0.999285360615371
TRERF1,-0.348973216420454,4.97470775008916,0.451991751712285,0.50139061773926,0.999285360615371
LAS1L,-0.322748808820371,4.83849354553604,0.45194476839038,0.501412858833826,0.999285360615371
LRRC37B,-0.389369081877969,4.51192597789076,0.451790520749334,0.501485888810848,0.999285360615371
LAT2,0.369998594748862,4.45992529234553,0.451760017060213,0.501500333209045,0.999285360615371
UBASH3B,0.318971032854582,4.66369745785756,0.451719622598663,0.501519462269811,0.999285360615371
ZNF33A,0.197735790918086,6.17895147969954,0.451437270080938,0.50165320682834,0.999285360615371
ALG12,-0.407409326391943,4.30903279215191,0.451391524057684,0.501674881489584,0.999285360615371
MIS12,-0.367139723239802,4.92365827593321,0.451373473045685,0.50168343457479,0.999285360615371
CTBP1-DT,0.36543514992643,4.46993973754912,0.450945845005307,0.501886129582538,0.999285360615371
SUMO3,-0.209624417179972,6.51730520175802,0.450914476317909,0.501901003779562,0.999285360615371
UQCRC1,-0.210058994919919,5.7073489823617,0.450548586609953,0.50207455440883,0.999285360615371
PRKCI,0.334071378693585,4.71774975383386,0.450500760921621,0.502097246881186,0.999285360615371
MIER3,-0.368435678775662,4.22312749848096,0.450483018753424,0.502105665681305,0.999285360615371
ZNF22,0.246593899555438,5.6081492766664,0.450396684553674,0.502146635379047,0.999285360615371
YLPM1,0.265634882726489,5.58826656689906,0.450151436838723,0.502263048198177,0.999285360615371
JPT2,0.397856522325101,4.30562808692754,0.450083231241702,0.502295431824153,0.999285360615371
VIM-AS1,-0.318310888073537,4.95648988031593,0.449847377249142,0.502407441377435,0.999285360615371
ZNF891,-0.366786463489417,4.34605848312509,0.44979737597717,0.502431192979177,0.999285360615371
MAPKAPK2,-0.190953548730273,6.11901825160768,0.449753194313871,0.502452181743531,0.999285360615371
UBE2G1,-0.216004924715278,5.86210208482433,0.449724418892185,0.502465852484046,0.999285360615371
ATAD1,0.23544369255787,5.76531747529646,0.449490593457657,0.502576962705931,0.999285360615371
MCTP2,-0.437432045277474,3.94324387974438,0.44938309941713,0.502628056263856,0.999285360615371
ZNF559,0.466027420625458,4.25398162479795,0.449021972857832,0.502799770110338,0.999285360615371
FBXL16,0.432560236919475,4.1709986887025,0.448788777024902,0.502910706720208,0.999285360615371
ATP2B4,-0.175493655534657,7.32895582827946,0.448617921434085,0.502992013154076,0.999285360615371
VPS52,-0.496064495407413,4.09414858786198,0.44841082700945,0.503090594929385,0.999285360615371
EMB,0.147510764818597,7.8897336864376,0.448107583782324,0.503235005281165,0.999285360615371
UROS,-0.269046424377451,5.54653749235273,0.448104400700139,0.503236521502356,0.999285360615371
CGGBP1,0.161655238467444,7.09268205691849,0.447925514412596,0.503321744273369,0.999285360615371
PECAM1,-0.483026038332296,4.21421703951538,0.447676437983773,0.503440447202936,0.999285360615371
PIP4K2B,-0.337219825806426,4.64625010361547,0.447167100491832,0.50368333224907,0.999285360615371
BPGM,-0.299334052433509,4.70843653917848,0.44715383772995,0.503689659465272,0.999285360615371
LINC00205,-0.930863759131292,3.87136097885869,0.446326607967585,0.504084571478765,0.999285360615371
CDV3,0.0892082746783221,8.13961459119958,0.446279367209939,0.504107139763932,0.999285360615371
CRIPT,-0.207807867881386,5.80864468159653,0.445965589260265,0.50425708448392,0.999285360615371
MLLT10,-0.227050471489207,5.72039853431423,0.445777320225471,0.504347089015173,0.999285360615371
UBE2Q1,-0.325103256627784,5.86503707558784,0.445459208987828,0.504499228807253,0.999285360615371
WBP11,-0.193899127862037,6.34733210321776,0.4453166066343,0.50456745526044,0.999285360615371
APOL2,0.250489177537109,5.69603467835543,0.445306749430205,0.504572171909567,0.999285360615371
MAPK8,-0.325194771737046,4.88956324853488,0.444832016816452,0.504799419719722,0.999285360615371
RAB28,-0.442081008352668,4.69928743117716,0.444512219333134,0.504952601052542,0.999285360615371
HSP90B1,-0.0956043487549624,8.50399945749136,0.44422684061227,0.505089363198578,0.999285360615371
PCMT1,0.153849823842592,6.80083822544479,0.443826156948532,0.505281490084466,0.999285360615371
PIK3R1,-0.162596601065433,7.11318845599175,0.443519373024646,0.505428676920838,0.999285360615371
LCP1,-0.124131288298454,9.30217053264692,0.443502127191653,0.505436953198086,0.999285360615371
PRMT3,0.471451266395648,3.9524084890724,0.443352337119011,0.505508847243035,0.999285360615371
PIGQ,0.445028681016845,3.95757721343228,0.443296435009266,0.505535682810706,0.999285360615371
TRIP4,-0.306074959786687,5.04746760890892,0.443260813042844,0.505552784256618,0.999285360615371
MGRN1,-0.337567574530006,5.20903884855162,0.443031151478195,0.505663064332075,0.999285360615371
ATP2B1-AS1,-0.294036512671324,6.09083925741372,0.442720926397083,0.505812095319745,0.999285360615371
TXNDC16,-0.415754530874004,3.83911401902631,0.442708661083135,0.505817989079401,0.999285360615371
AIMP2,0.452896904515495,4.24935712872268,0.442456327321814,0.505939267281399,0.999285360615371
TBC1D13,0.439903556475379,4.1376249987832,0.442259197697361,0.506034047644917,0.999285360615371
JAK2,0.331710428345275,4.61907993301841,0.441903167193697,0.506205305130274,0.999285360615371
SNRNP48,-0.323338534791039,4.82368589523264,0.441823853943834,0.506243469869597,0.999285360615371
COG2,-0.255722003504764,5.25523342903961,0.441708338251299,0.506299063696832,0.999285360615371
RPA3,0.143482824676639,6.7088965335715,0.441629703370094,0.506336914022709,0.999285360615371
ZNF236,-0.326147676223198,4.79732178266346,0.440857246026098,0.506708989183223,0.999285360615371
METRN,-0.51916298767277,4.49075593627522,0.440847072315435,0.506713892761721,0.999285360615371
CEP89,0.329472958080327,4.59974354351317,0.440832370802593,0.506720978818118,0.999285360615371
ZNF251,-0.591269751036522,3.91101781130122,0.440821332495437,0.506726299339413,0.999285360615371
PUS10,-0.46964152895171,4.17143331198745,0.440530221773141,0.506866650871247,0.999285360615371
FAHD1,-0.491714903566194,4.37897519056166,0.440472078040255,0.506894691377099,0.999285360615371
IFT80,-0.278697982639988,4.96568552672991,0.440010812412687,0.507117236715327,0.999285360615371
SH3YL1,-0.310422904659077,5.48074254755924,0.43967777788821,0.507278019252301,0.999285360615371
PSMB3,0.140149019170492,7.73801864251055,0.439157643756865,0.507529305269348,0.999285360615371
MEMO1,0.345973866880044,4.83078332355691,0.438255424714143,0.507965691629855,0.999285360615371
PAGR1,-0.402582038428052,5.04388236525397,0.437806208841394,0.508183209860784,0.999285360615371
MGAT4A,-0.183439547344272,7.18474420234229,0.437657507260692,0.508255249131891,0.999285360615371
MTMR14,-0.228635022394038,5.5179574179626,0.4368305353462,0.508656201348915,0.999285360615371
UBB,0.0970857133623992,9.25015757558954,0.436564523564378,0.508785291441927,0.999285360615371
MAPK1IP1L,-0.219511037997432,6.36652996496572,0.436305340492396,0.508911122054835,0.999285360615371
ANTKMT,0.374206135090868,5.48122546964061,0.4361581671509,0.508982597037546,0.999285360615371
RAB1B,-0.181464764064375,6.10886403473629,0.435846025652957,0.509134246419405,0.999285360615371
INAFM1,0.397162944590807,4.11436168717761,0.43553724878268,0.509284337881083,0.999285360615371
RESF1,0.50068725270541,8.42365005473402,0.435431220332319,0.5093358942191,0.999285360615371
EXD3,-0.448907359125922,4.20878642705855,0.435318693910197,0.509390620052536,0.999285360615371
CBFB,0.198779365200561,6.56059251414718,0.435253789233844,0.509422190255819,0.999285360615371
FAM3C,0.28965511392028,5.10616398372734,0.434677076560703,0.509702856819364,0.999285360615371
CCT8,-0.155151941010363,7.04166155572247,0.43464331377767,0.509719296300507,0.999285360615371
WDR1,-0.16767665215478,7.19990917229545,0.433802320092312,0.510129081494403,0.999285360615371
SEH1L,-0.401965031758219,4.58621001132942,0.433794192264902,0.510133044662959,0.999285360615371
HMGB3,0.415657594798011,4.26899343314422,0.433601443879553,0.510227045325555,0.999285360615371
SNX3,0.135153385650725,7.29931456153437,0.433478275801329,0.510287128342493,0.999285360615371
SEC23A,-0.266149894208537,5.47442051388118,0.433406597415569,0.51032209963943,0.999285360615371
ATL2,0.359290490060271,4.51887958102879,0.433328929637113,0.510359997791491,0.999285360615371
KLHL2,0.339606608718393,4.74653389146743,0.433286497226799,0.510380704829632,0.999285360615371
ETV6,-0.328623938736782,5.77359632256622,0.433205432213917,0.510420268638347,0.999285360615371
RPL39L,0.360273250339267,4.98161677599468,0.432743624063129,0.51064575552099,0.999285360615371
GTF2H1,-0.41166722608094,4.76597981592229,0.432692635806347,0.510670662103241,0.999285360615371
ISOC2,-0.301041281777662,5.13808037449281,0.432540627350857,0.51074492719136,0.999285360615371
RPN2,-0.162038038991229,6.84930053793952,0.432485694316384,0.510771769814428,0.999285360615371
SLC25A22,-0.375113252406445,4.27409214297505,0.432445285528669,0.510791516830109,0.999285360615371
ZEB1,0.215092519299718,5.8715476326939,0.431178015993794,0.51141147920274,0.999285360615371
RBBP4,0.128329294638868,7.16093760072547,0.431133730724394,0.511433167621767,0.999285360615371
MRTFB,-0.681909522154347,3.86683581292505,0.431109057608758,0.511445251809157,0.999285360615371
KLHL15,0.460003033218033,3.93105841606345,0.43067433384612,0.511658248305406,0.999285360615371
CRELD1,-0.380363179129634,4.56715431265189,0.430046350656092,0.511966205560765,0.999285360615371
ID2,-0.189498667567929,8.69062717738908,0.429720681389501,0.512126037451453,0.999285360615371
ZCCHC2,0.234524618233477,5.83476934617156,0.429647766926776,0.512161834259109,0.999285360615371
MZT2A,-0.152549917166291,7.62693677035218,0.429622179901845,0.512174397046086,0.999285360615371
DOCK10,0.161923425870645,7.02945284466202,0.429309073873672,0.512328170023593,0.999285360615371
AP4B1,0.379571500847428,4.23630502039888,0.429121472748438,0.512420343297201,0.999285360615371
GPR82,0.34928900315198,4.78312745554105,0.429072687101606,0.512444317661872,0.999285360615371
TMEM248,-0.175766974921536,6.64223214946434,0.428381244190891,0.512784317855035,0.999285360615371
UTRN,0.153485231139946,7.06871246821615,0.428318844992972,0.512815020418299,0.999285360615371
CTSH,-0.381702580359098,6.96438949213876,0.427513470216166,0.513211579590148,0.999285360615371
ZNF783,-0.393167564671751,4.11737057228365,0.427365187096097,0.513284650964059,0.999285360615371
CDC37L1,0.304354320439816,5.16330975460427,0.42719775071021,0.513367182492624,0.999285360615371
GMEB2,-0.479821852672406,4.09088200734422,0.426936310586544,0.513496095833277,0.999285360615371
AATF,-0.182217854546043,6.04530063858517,0.426030199130583,0.513943326026038,0.999285360615371
MDN1,0.330268235319571,5.12722502285541,0.425971028531368,0.513972554494751,0.999285360615371
RASA1,0.261711723918038,5.05858881525305,0.425908176398703,0.514003604699237,0.999285360615371
TMEM102,-0.357093749111143,4.4575658146299,0.425900580333824,0.514007357527738,0.999285360615371
EXOSC3,0.280443689410793,5.02049035524383,0.425877699767664,0.514018661937664,0.999285360615371
FOXO1,0.237458962134166,6.08341999964685,0.425577406587358,0.514167065423238,0.999285360615371
KIF11,0.38466776891419,4.17639510203939,0.425007179264163,0.514449074649873,0.999285360615371
RPS27A,-0.0884359858629509,12.3411084683359,0.424675277105486,0.514613342935852,0.999285360615371
ZNF382,0.488806112449981,4.00322562047452,0.424426124597574,0.51473671605384,0.999285360615371
KAT5,-0.357126545558329,5.0261733168178,0.42406765682734,0.514914309452042,0.999285360615371
UQCR11,-0.0845021595914542,8.82737701063529,0.423837377175314,0.515028451827707,0.999285360615371
SLC11A2,0.323181031363895,4.78797203925565,0.423725317133719,0.515084012434165,0.999285360615371
FKBP5,-0.30221529611505,6.11056182178434,0.423491263590833,0.515200092512855,0.999285360615371
LRIF1,-0.317025703837586,5.19663087508259,0.423030681896979,0.515428653811375,0.999285360615371
NLRP1,-0.265754365125424,5.64931682541489,0.422841479574601,0.515522595802534,0.999285360615371
RGS2,-0.381182374788663,5.37847487702477,0.422652075013133,0.515616668165793,0.999285360615371
HBP1,0.196486386329637,5.82932141819989,0.422570340492563,0.515657272858024,0.999285360615371
NDEL1,-0.281987750770919,5.22765909272396,0.42190744401368,0.515986798106079,0.999285360615371
CWC27,0.221555234477415,5.57429969400968,0.421870480849217,0.51600518329533,0.999285360615371
TRIM38,0.180404856707313,6.74230193772285,0.421508336419869,0.516185371704115,0.999285360615371
ADAT1,-0.308427413191029,4.75388026696819,0.421185632193659,0.516346028998759,0.999285360615371
IPO9,-0.285712851286404,5.23518751623118,0.421098918194886,0.516389214203002,0.999285360615371
PNN,-0.146324238291073,8.07264157243093,0.421018176030213,0.516429431002824,0.999285360615371
STIMATE,-0.465054804480844,4.47589682332044,0.420917708614834,0.516479480389188,0.999285360615371
CTCF,-0.174718594623596,6.78430549518003,0.420910730044419,0.51648295718648,0.999285360615371
TCEAL1,0.446743997910799,3.76681465269564,0.420166198174332,0.516854126262839,0.999285360615371
MESD,-0.129186024352927,6.92477720264916,0.419588478264693,0.517142457046035,0.999285360615371
MYO5A,0.23616154943079,5.89980941554704,0.419418911197315,0.517227138754821,0.999285360615371
PYROXD1,0.226226510546381,5.6194769515879,0.419043036990452,0.517414936803185,0.999285360615371
NUP88,0.307097320848372,4.87028467424988,0.418826784087734,0.517523037422023,0.999285360615371
YPEL3,-0.174463772492398,7.71368686659094,0.418248024418645,0.517812543029036,0.999285360615371
PHIP,0.129787047210074,7.03285589726405,0.418029339241986,0.517922007096757,0.999285360615371
CYP51A1,0.351622504468059,5.38486852907382,0.417754113731238,0.518059830458259,0.999285360615371
NTHL1,0.39625968537923,4.4011606343884,0.417528686886662,0.518172764339438,0.999285360615371
LZTR1,0.439782275642442,4.25269697824854,0.417442022592404,0.518216192742094,0.999285360615371
SS18L2,0.159005774569774,6.8032809218302,0.417323875856138,0.518275407626893,0.999285360615371
SLC12A2,-0.296805470024928,4.78284605993485,0.417222333030367,0.518326310161989,0.999285360615371
AFTPH,0.205765470618198,5.93404136866671,0.416863552576867,0.518506234014295,0.999285360615371
HPS1,-0.206906532481548,5.7723181385346,0.416237218587469,0.518820595657155,0.999285360615371
ACO2,0.344696496349373,5.47211432630633,0.416092677067958,0.518893189680146,0.999285360615371
UIMC1,0.223428261160968,5.66919158475663,0.415615056144858,0.519133195372161,0.999285360615371
METTL17,-0.244932740417295,5.50726208843985,0.415527704970074,0.519177110668991,0.999285360615371
TRIM23,0.358599804792694,4.86128345643518,0.415312603979459,0.519285279306488,0.999285360615371
FBXO45,-0.616372070574609,4.80070040274608,0.415254734703261,0.519314387012976,0.999285360615371
DDX51,-0.373786076490741,4.38417916134529,0.415033762775778,0.519425560245557,0.999285360615371
COX10,-0.446212813529195,4.44384463700327,0.415033336275357,0.519425774862763,0.999285360615371
ARMC1,-0.243553818944387,5.39431205406822,0.414529441459283,0.519679446386785,0.999285360615371
OSGEP,-0.248731398795187,5.43378458761805,0.414433338491111,0.519727851457607,0.999285360615371
MACF1,0.152570893235164,8.13422236172591,0.414203996095786,0.519843398546815,0.999285360615371
ABHD2,-0.262566978728967,4.98617473694623,0.414203353553528,0.519843722335451,0.999285360615371
EIF3H,-0.121505248505955,8.19249882541096,0.414129234424294,0.519881074685497,0.999285360615371
DNAJC19,-0.165804983165006,6.40121324058594,0.413522377328562,0.52018707834648,0.999285360615371
CSNK2A2,0.207191114918338,6.02210231955784,0.413439112206973,0.520229088990499,0.999285360615371
ZFP14,-0.241620521281929,5.41813179909465,0.413436615020068,0.520230349015317,0.999285360615371
FAM53B,0.271368837145017,5.44043746964265,0.413001308044187,0.520450077436095,0.999285360615371
MAPK9,-0.225065608412534,5.58970697496259,0.412796196638553,0.520553667540551,0.999285360615371
NDUFA2,0.158004124532373,7.34636757674589,0.41274150663261,0.520581294491771,0.999285360615371
IQGAP1,0.129770893481024,8.38679959088363,0.412386255261275,0.520760814612617,0.999285360615371
ZMYND19,-0.398887587194768,4.33061766971033,0.41238035595644,0.520763796645781,0.999285360615371
TATDN1,-0.239789526802873,5.66727063233274,0.411826366268933,0.52104396662166,0.999285360615371
ICOS,0.208984937782185,7.27120711154247,0.411775886091892,0.521069509256346,0.999285360615371
STYX,-0.227529818271107,5.59915305301955,0.411426560069085,0.521246326501494,0.999285360615371
TIGIT,0.323870865909584,7.26623327268115,0.410914345673461,0.52150578410078,0.999285360615371
YIPF4,-0.162445910702816,6.67530706679667,0.410820566048937,0.521553312036332,0.999285360615371
GLMN,-0.324279029105035,4.94071499972682,0.410728714619545,0.521599870173349,0.999285360615371
SNX2,-0.240404801768609,5.8483633919729,0.410714858043693,0.521606894505131,0.999285360615371
NDUFA12,-0.163960143434653,7.12736645422042,0.410391704960428,0.521770758336383,0.999285360615371
SMARCAD1,0.268230260305289,5.1812846437642,0.410309507973476,0.521812453139062,0.999285360615371
MYNN,0.312535019711193,4.69816835449909,0.409967134783589,0.521986186910655,0.999285360615371
ATG10,-0.336138589142227,4.50521271881047,0.409957615703505,0.52199101873177,0.999285360615371
BICRAL,0.247705954243009,5.24344886681562,0.40987357089006,0.522033682746865,0.999285360615371
NUP62,-0.235251818577091,5.94748920006989,0.409818175335644,0.522061806792612,0.999285360615371
REEP4,0.341332268150699,4.48240423274013,0.409521304297893,0.522212572409542,0.999285360615371
GZMB,-0.512452263250463,5.79612899487845,0.409449117456795,0.522249244056036,0.999285360615371
SLC25A25,-0.351434618330517,4.42145223931081,0.40921473473103,0.522368344276236,0.999285360615371
POLR2L,0.0993864337434024,8.17659308611821,0.408991389700489,0.522481880487768,0.999285360615371
POP7,-0.279955679690721,5.23190727633716,0.408942510253954,0.522506733909806,0.999285360615371
CASP2,-0.19593471663321,5.77246758928631,0.408727826111424,0.522615917780218,0.999285360615371
CAP1,0.095071689781424,8.21322063244781,0.408526054807236,0.522718571280063,0.999285360615371
ZNF791,0.193236254081405,6.45238210142524,0.408445644148269,0.52275949108966,0.999285360615371
GNPTG,-0.248669629088802,5.2359760588394,0.408387039872633,0.522789317523533,0.999285360615371
MT1X,0.270826836800366,5.57829816118283,0.408170907847847,0.522899343196339,0.999285360615371
TMEM63A,0.353149404379223,5.42821181262363,0.40802598375025,0.522973142242887,0.999285360615371
BCL2A1,-0.471958377674276,5.03673228960236,0.407984620325223,0.522994208938949,0.999285360615371
RABGGTA,-0.405350434561275,4.46946778055162,0.407933270216358,0.523020364018498,0.999285360615371
CFLAR,-0.140428015403232,8.2872273514749,0.407882010967672,0.523046475130259,0.999285360615371
CENPV,-0.462110662240453,4.16355134851171,0.407777314143125,0.523099814156844,0.999285360615371
B3GAT2,-0.29000230694,4.86132619489638,0.407676982302803,0.523150938436888,0.999285360615371
IL21R,0.302006887547274,4.88322579032362,0.407557958238769,0.523211598860478,0.999285360615371
VPS53,-0.240809073925223,5.32929712705217,0.407519868537108,0.523231013849299,0.999285360615371
RBM10,-0.309280294049212,5.03116537287134,0.407005911652654,0.523493111633836,0.999285360615371
ARL14EP,-0.24946067633037,6.56572787438578,0.407003598631775,0.523494291709672,0.999285360615371
CDC34,0.2389640892608,5.55686281250275,0.406990673350283,0.523500886121932,0.999285360615371
NENF,0.179156683385024,6.21126745606575,0.406964044450316,0.523514472514435,0.999285360615371
ATP5MG,-0.0802583067178164,9.61750305481032,0.406775800255524,0.523610534860207,0.999285360615371
RERE,0.27221231947366,5.87514413272184,0.406503042558235,0.523749780537347,0.999285360615371
EFTUD2,-0.280096529255894,4.99563905755816,0.40628886755124,0.52385916519499,0.999285360615371
BTN3A2,0.233649412274341,7.07404029703124,0.405930929310419,0.524042063949321,0.999285360615371
STAT4,0.231376088266808,6.08826417403608,0.405823627305619,0.524096915057026,0.999285360615371
STARD10,0.407892229922907,4.86636004614086,0.40558123057383,0.524220862012962,0.999285360615371
ZNF227,-0.411185631309644,4.10945846957641,0.405524504716393,0.524249875685879,0.999285360615371
IFNG,-0.433176806608799,7.25815107995751,0.405495138390034,0.524264896852352,0.999285360615371
DCTD,-0.212454552318607,5.51336357620122,0.404701988107316,0.524670890493342,0.999285360615371
RITA1,-0.501917226924477,4.08635502625566,0.404316593704436,0.524868365964278,0.999285360615371
KCTD18,-0.360516371245928,4.63376979514047,0.404004604601766,0.525028325507822,0.999285360615371
FBXL6,-0.402769715796966,4.36659548549046,0.402796991585166,0.525648297778608,0.999285360615371
DCAF8,0.218707515639544,5.60935985997096,0.401698549972096,0.526213356210969,0.999285360615371
NFKBIB,-0.278516594065706,5.53483296069494,0.401368626588067,0.526383286315806,0.999285360615371
EML4,-0.106032630260772,8.40202382489136,0.401039919330945,0.526552687403483,0.999285360615371
C10orf95,0.441285513371863,3.78162049879034,0.400892177454304,0.526628858675491,0.999285360615371
ADIPOR1,0.234402784472195,5.46640273643925,0.399751612426662,0.527217562416204,0.999285360615371
HMGXB4,0.234592922483897,5.67644983458866,0.399658807521227,0.527265515463557,0.999285360615371
GPALPP1,0.232669123385057,5.42813855262812,0.399631878298678,0.527279431469949,0.999285360615371
MCCC2,0.299118909466607,5.05603463533495,0.399584425659025,0.527303954801218,0.999285360615371
STK19,-0.331108240488949,4.75013820631254,0.399476589674467,0.527359691578494,0.999285360615371
SMCO4,-0.34628076054932,5.56955296859549,0.399145603928865,0.527530832700982,0.999285360615371
TBCB,0.140149932594964,7.33626869981523,0.398715845975037,0.527753193671278,0.999285360615371
CELF1,-0.184438542944596,6.84664414082801,0.39870790302751,0.527757305007464,0.999285360615371
TIPARP,-0.216516711190579,5.43473926442582,0.398309629380503,0.527963528261761,0.999285360615371
EIF2B2,0.312408307910622,4.79823519312012,0.398068239183434,0.528088588565704,0.999285360615371
ATMIN,0.231950538589509,5.47084130205132,0.397540094005031,0.528362396907836,0.999285360615371
SRCAP,-0.338207443008226,4.65070326636291,0.397512271631303,0.528376828015371,0.999285360615371
PLPP5,-0.234338359337536,5.52740882499337,0.397448496763467,0.528409909882601,0.999285360615371
VIPAS39,0.407188674703465,4.20747858171253,0.397355888630599,0.528457955001865,0.999285360615371
TRMT10A,-0.423378259502532,4.07805893826006,0.396656567739456,0.528821015631534,0.999285360615371
SUCO,-0.220847802527632,5.53352552050907,0.396253718739874,0.529030362372842,0.999285360615371
SACS,-0.224755107637986,5.28653304860203,0.39586653769638,0.529231707091732,0.999285360615371
LAP3,-0.204737285267173,6.34263205349935,0.395340300480541,0.52950558528023,0.999285360615371
ARMC6,-0.354552894433378,4.40975674199679,0.395272609184701,0.529540833422721,0.999285360615371
NAA25,-0.260521309080019,5.09204921952867,0.394844505707685,0.529763852610279,0.999285360615371
ANKRD42,-0.453189513982869,3.78664033893799,0.394045539530982,0.530180523005836,0.999285360615371
DDX3Y,0.248212454931936,6.24292437422505,0.393338979068538,0.530549493662429,0.999285360615371
CERK,0.262444383753052,6.41965874750891,0.393204230203523,0.530619912855587,0.999285360615371
R3HCC1L,0.263577543708411,4.98443978386397,0.39318942236414,0.530627652395658,0.999285360615371
C11orf68,-0.276231032178435,5.03964741798872,0.393173433427453,0.530636009481989,0.999285360615371
HEATR5B,0.267767059204149,5.28493115508768,0.3930575043739,0.530696610281167,0.999285360615371
RPS6KA5,-0.180832850140695,6.50069071774558,0.39304134830687,0.530705056698393,0.999285360615371
HSPB1,0.128810311003659,7.08184243971859,0.392625858799665,0.530922358385283,0.999285360615371
SF3B3,-0.220695709968976,5.55469071347775,0.392474241876247,0.531001694160401,0.999285360615371
ZNF836,0.382717022112135,4.61496676990603,0.392393604999718,0.531043897279423,0.999285360615371
FTSJ3,-0.269623982045731,5.14028717203562,0.392331629347879,0.531076337731546,0.999285360615371
GEMIN8,0.38060732046789,4.05420352975634,0.39224924085158,0.531119468579636,0.999285360615371
METTL26,0.171239146609815,6.8053850272723,0.391980393307712,0.531260255681822,0.999285360615371
POMT1,0.392219564906339,4.25554620842771,0.391950313311515,0.531276011820975,0.999285360615371
THUMPD3,-0.263642145264137,5.34186361467804,0.391659576297776,0.531428345552943,0.999285360615371
SGCB,0.376046598569672,4.35346381870107,0.391622481491986,0.531447787300844,0.999285360615371
YY1,0.120996993804339,7.55356289130974,0.391329192946159,0.531601547806777,0.999285360615371
KRAS,0.206865072870621,7.0035368088177,0.38972233468402,0.532445390511021,0.999285360615371
RUSC1,0.391649531080112,4.27483054917262,0.389283968834487,0.532676018376224,0.999285360615371
ATP11A,0.298865016462509,5.02116312661644,0.389107712009384,0.532768799390195,0.999285360615371
RNF167,-0.18243379130719,6.54648631091674,0.38893667912178,0.532858858450399,0.999285360615371
ARL3,-0.214650963258278,6.00093036715008,0.388897225725023,0.532879636930933,0.999285360615371
CKLF,-0.138926232673708,9.16466101536366,0.388861664225999,0.532898366963514,0.999285360615371
JAKMIP1,-0.474805184329415,4.8227296973941,0.388854034235564,0.532902385789626,0.999285360615371
CLTC,0.219638975722235,6.43955534537453,0.388808616339805,0.532926309184185,0.999285360615371
APOL3,-0.238896952861874,5.77969657103034,0.388391221673473,0.533146258303988,0.999285360615371
BRD2,-0.118203879961013,7.1700344469063,0.387948753448004,0.533379599359925,0.999285360615371
TLN1,0.154851255978164,8.173919705938,0.387736969643033,0.533491351515591,0.999285360615371
SLC25A16,0.348446422607174,4.58317311347397,0.387628952195136,0.53354836549271,0.999285360615371
SEC14L1,0.236725389722576,6.20614127568918,0.387296753428586,0.533723776389589,0.999285360615371
LRP10,-0.195649718820517,6.60838267193702,0.387261137542357,0.533742588838057,0.999285360615371
TMEM115,0.340829261950263,4.65589847312945,0.386913303357449,0.533926379314427,0.999285360615371
CCDC92,0.234176580795189,5.2755889749593,0.386804398022708,0.533983946847718,0.999285360615371
MTR,-0.233489796072359,5.72296099902259,0.38670507317644,0.534036459919668,0.999285360615371
ARSA,0.353261160465579,4.76092679866615,0.386636504465461,0.5340727176717,0.999285360615371
SEC61G,0.12080853596468,8.27152393091814,0.386352008630237,0.534223200971132,0.999285360615371
CDC5L,-0.144683339969342,6.55454430871357,0.386327063011166,0.534236399551188,0.999285360615371
KDM1A,0.294389194882913,4.90081051654712,0.385923677445703,0.534449910529798,0.999285360615371
VDAC1,-0.154114039958343,7.58782424704183,0.385794041037759,0.534518559595652,0.999285360615371
SNHG9,0.176939136789075,6.31240101999781,0.385689202138813,0.53457408881123,0.999285360615371
ANXA5,0.191744712277115,7.84666098499606,0.385410262227456,0.534721883718777,0.999285360615371
PPP4R2,0.158258213108621,6.50042406327068,0.384954100654785,0.53496373837102,0.999285360615371
FOXJ3,0.232186370333895,5.8849464676194,0.384936209539035,0.534973228197773,0.999285360615371
FAM234A,-0.392049596686374,4.07318066940274,0.384804784161808,0.53504294836552,0.999285360615371
GKAP1,0.344784574826111,4.36439180222316,0.384495382980735,0.535207148468265,0.999285360615371
ZFAND1,-0.243818590863096,5.42185909176672,0.384187601672068,0.535370579675363,0.999285360615371
RBM7,0.23527605775988,5.30428201994578,0.383648117740142,0.53565726321172,0.999285360615371
SF3A1,-0.176559409733589,6.10570224972195,0.383600535419843,0.535682561995808,0.999285360615371
EID2B,0.459766184676257,4.22572215182013,0.383398240720386,0.535790143200345,0.999285360615371
NPRL2,-0.306497161237086,4.80299111428253,0.383299423713218,0.53584270879114,0.999285360615371
CSNK1G1,-0.265736036126383,5.2255797693889,0.383021259554759,0.535990728231712,0.999285360615371
RAPGEF1,0.154041402017123,6.54672799516025,0.382973208137329,0.536016305352704,0.999285360615371
PSMD13,-0.198777279656316,6.72678974114636,0.382915187181535,0.536047192082036,0.999285360615371
RIPK2,-0.558564031339837,3.89555872723393,0.382902608863709,0.536053888418853,0.999285360615371
BATF3,0.372494209254696,4.45690547310736,0.382856411585905,0.536078483834104,0.999285360615371
ARL4C,0.127925474865049,8.72412661472889,0.382595111000263,0.536217638818278,0.999285360615371
PTPN22,-0.118856771454175,7.36512746622583,0.382217299170904,0.536418957796276,0.999285360615371
RNPC3,0.219352453702464,5.55655872407029,0.382020022643413,0.5365241322703,0.999285360615371
PSMC5,0.136873276691281,7.05315374816568,0.381947923540725,0.536562579990199,0.999285360615371
OCEL1,0.329459454432564,4.77414613318342,0.381859657667981,0.536609655664293,0.999285360615371
MSC-AS1,-0.438713167311996,4.22797154811966,0.381774030634933,0.536655331126065,0.999285360615371
AKAP8L,-0.205545305696061,5.78281576064045,0.381762606586547,0.536661425515747,0.999285360615371
ZNF276,0.160188215668938,6.04913476909515,0.381721508366635,0.53668335123446,0.999285360615371
TAF1D,0.12304887886875,7.65461864921749,0.381648112380574,0.536722511725965,0.999285360615371
INTS2,-0.404601936263146,4.38468089591777,0.381381243726878,0.536864943588618,0.999285360615371
MRTO4,-0.305306950133794,5.20937131492959,0.381168411588629,0.536978584690484,0.999285360615371
MRPS16,-0.196960559652278,6.12641169731236,0.381090719301522,0.537020079179375,0.999285360615371
USP32,0.327830453945691,4.63145533380327,0.380964867138026,0.537087307659313,0.999285360615371
PHB2,0.131019780589787,6.89970834155442,0.380636416185064,0.537262833863344,0.999285360615371
PIDD1,-0.356389298476678,4.16184121347897,0.380548630018851,0.537309765036153,0.999285360615371
GNPDA2,-0.38913273079219,4.54357988916406,0.380353995271406,0.537413844956229,0.999285360615371
GID8,-0.188764107023151,5.87546277645568,0.380110804592675,0.537543941578478,0.999285360615371
MAGEF1,0.42538381703375,4.21649113034503,0.379987223040317,0.537610074439922,0.999285360615371
NR2C2AP,-0.393977868373202,4.97737089678593,0.379963424442664,0.537622811615709,0.999285360615371
KRTCAP2,0.139218703691657,8.30299775094523,0.37991974913999,0.537646188375058,0.999285360615371
CD300A,-0.39938617638193,4.35811774808281,0.379756886526884,0.537733375275424,0.999285360615371
KRCC1,-0.238186145631527,6.06947156402479,0.378882193379262,0.538202075417142,0.999285360615371
BTG1,-0.124076622857504,10.1816504028009,0.378523965587331,0.538394245426179,0.999285360615371
CAPN12,-0.370742041328711,4.2717107650206,0.378520063520622,0.538396339365889,0.999285360615371
HSPH1,0.271505884365255,6.190562495224,0.378417350241818,0.53845146305014,0.999285360615371
IWS1,-0.197954871678818,5.91260370395773,0.377461214388106,0.538965092945132,0.999285360615371
LAMTOR1,0.118657833412416,7.03353615511042,0.377302310353802,0.539050541973676,0.999285360615371
ATP6V0D1,0.187035453930546,6.09521785317944,0.377024396251912,0.539200047048246,0.999285360615371
FAM98B,0.318163042458778,4.99967458447499,0.376867125133995,0.539284685337986,0.999285360615371
STX3,0.481063452759791,3.99614581397304,0.376444978418185,0.539511991498162,0.999285360615371
MTHFD2L,0.364453268119644,4.22480635380265,0.376242184793622,0.539621248716979,0.999285360615371
RFK,0.272967937651576,5.08188170877588,0.376228217067908,0.539628775469125,0.999285360615371
VCPIP1,0.188119163649187,5.74765108979304,0.376207483741936,0.539639948337297,0.999285360615371
DDX3X,-0.13392765628743,8.38272926776753,0.375839751362932,0.539838184052194,0.999285360615371
PLEC,0.194463373182892,6.81196109223749,0.375500511068687,0.54002117872439,0.999285360615371
NDUFA4,-0.0687811994231578,8.89640506679614,0.375434392215336,0.540056858121802,0.999285360615371
ATG3,0.171363020660937,6.20276817298317,0.375408252481225,0.540070964972167,0.999285360615371
PRRC2B,-0.176687749300931,6.72931061043602,0.375095094419567,0.540240019765818,0.999285360615371
SRGAP3,0.334001903053697,5.29158915669948,0.374025492541051,0.540818164751995,0.999285360615371
RPL22L1,0.165422675408623,7.10145270087627,0.373974912029922,0.540845532826863,0.999285360615371
NAXE,0.242154859938647,5.66381086834395,0.373844442590755,0.540916138899636,0.999285360615371
ECI1,0.298702966724381,5.7426048570491,0.373239303157863,0.541243843345113,0.999285360615371
TBC1D2B,0.186437561281361,6.23916261991866,0.372707225669235,0.54153228369946,0.999285360615371
U2AF2,-0.236000427550674,5.75636358356119,0.37257906779368,0.541601800594638,0.999285360615371
FAM3A,0.286480904967809,4.77876843920243,0.372439285157821,0.541677641841814,0.999285360615371
LINC02591,0.411915123875921,4.16747160986071,0.372354260016405,0.541723783111792,0.999285360615371
CTNNBIP1,0.358463392114066,4.53963134068627,0.37212485811526,0.541848310543015,0.999285360615371
CREBBP,0.186932848980572,6.13668762635111,0.372061300726656,0.541882821049201,0.999285360615371
PPP2R5D,0.327035373723199,4.577792008632,0.372003569526473,0.541914171546423,0.999285360615371
FBXO42,0.286379725203094,5.09206169932449,0.371255752943988,0.542320569664145,0.999285360615371
DAPP1,0.3066042128626,5.50422322734079,0.371196671534019,0.542352701153219,0.999285360615371
EIF4G3,-0.205050563861272,6.09692891980127,0.371053921182661,0.542430350559864,0.999285360615371
ZNF550,0.518405212556086,3.9083809438767,0.370032036464657,0.542986806040152,0.999285360615371
PRPF8,-0.146163642859995,6.67384662608043,0.369959518039469,0.543026335099967,0.999285360615371
SLC35E2A,0.476785406487783,4.50730824549408,0.36992237217785,0.543046584988926,0.999285360615371
NRDC,0.202410134729125,6.7712237094617,0.36962763575487,0.543207308528554,0.999285360615371
PCM1,-0.114491459046187,7.43544206497653,0.369374242550794,0.543345557259816,0.999285360615371
UXS1,-0.171130214673197,5.95264244798524,0.369193856734825,0.543444013482056,0.999285360615371
ANAPC13,-0.211751303097587,5.47086001830828,0.368306524779747,0.543928807302998,0.999285360615371
MYLIP,-0.491132799786864,4.65929711883826,0.368148852451927,0.544015035181461,0.999285360615371
DGKZ,-0.168784483322965,6.51151002762467,0.368114792325596,0.544033665309108,0.999285360615371
ZNF714,0.408748316677235,4.27857274789693,0.367942877460715,0.544127716896605,0.999285360615371
HEATR3,-0.376173182887853,4.17113258085512,0.367123037582232,0.544576650671271,0.999285360615371
PSMB9,0.167174411962339,8.41548770894561,0.366977101859565,0.544656635039033,0.999285360615371
BNIP3,0.31653551105093,4.74004817197308,0.366678165008082,0.544820544077643,0.999285360615371
SEPTIN11,0.457513738558467,6.79637622987147,0.366469506013999,0.544935007295811,0.999285360615371
MGAT4B,-0.262733562057068,5.4170623965766,0.366331420423236,0.545010780835243,0.999285360615371
C22orf39,-0.201189155863849,5.76499490238219,0.366170301740066,0.545099218299511,0.999285360615371
B3GNT2,-0.214813877792713,5.89974740094471,0.36584612029705,0.545277240901004,0.999285360615371
RNF14,-0.316648282103413,4.85614015908299,0.365825185768419,0.545288740694343,0.999285360615371
FMNL3,0.25325738928333,5.52846919123239,0.365663957906129,0.545377321738576,0.999285360615371
NCOA4,0.244508049775361,6.02512133826423,0.365361942679517,0.545543325299394,0.999285360615371
MIR3142HG,0.388022681012137,4.15773240589828,0.365064311976962,0.545707010567543,0.999285360615371
PTBP3,-0.12007246375034,7.42215104917684,0.364818115077227,0.545842478099919,0.999285360615371
B3GNTL1,0.418880892938998,4.00654377765274,0.364582098425796,0.545972402628689,0.999285360615371
MRPL45,-0.315820028560182,4.74630547390369,0.364466546867877,0.546036033396836,0.999285360615371
C11orf71,-0.428079611191483,4.19756729444582,0.364461235248523,0.546038958676745,0.999285360615371
DNAJC21,-0.143306130184734,6.80797927300837,0.364450892072746,0.546044655080348,0.999285360615371
MAGED2,0.204819117373904,5.84013959322406,0.364217504571997,0.546173220310386,0.999285360615371
CYP3A5,-0.423066797810935,3.9391413357765,0.363965158990165,0.546312292144305,0.999285360615371
MRI1,-0.255036970284242,5.32785160839181,0.363955704724731,0.546317503824613,0.999285360615371
FAM174C,0.328304120849152,6.31459698022773,0.363645494956124,0.546488558735237,0.999285360615371
ATP6AP1,-0.187418840522171,5.80108186343982,0.363080940484622,0.54680011906723,0.999285360615371
HDDC3,0.319036498421309,5.29841283492169,0.363013740701188,0.546837226557447,0.999285360615371
GIN1,0.397504769782699,4.16482737051651,0.36286399674292,0.54691993149977,0.999285360615371
CXCR6,0.208298526465243,7.20733699812018,0.362451893453557,0.547147660006817,0.999285360615371
CRELD2,-0.229847772110034,5.80073521351007,0.362425096546247,0.547162474099641,0.999285360615371
TLK2,-0.219172302621643,5.61145519921679,0.362265870149727,0.547250514374094,0.999285360615371
RELL2,0.483964994340417,3.9431128457624,0.36202873300708,0.547381682327317,0.999285360615371
SLC25A37,-0.282424813715519,5.11615866031472,0.361882307672637,0.547462703970808,0.999285360615371
STX5,-0.244853460696263,5.32835652864833,0.361786987048292,0.547515459802596,0.999285360615371
GSE1,-0.28441471549976,4.96232153352918,0.361566745243984,0.547637390295521,0.999285360615371
MRPL9,0.216392335701411,5.79113551541886,0.361530846734361,0.547657269257418,0.999285360615371
NECAP1,0.177521818352107,6.07375727134614,0.361501999128993,0.547673244723035,0.999285360615371
IP6K1,-0.25303382273004,5.23672497402674,0.361410686938395,0.547723818065281,0.999285360615371
SF3A3,-0.18239163859016,6.02262463008365,0.36138660706056,0.547737156177437,0.999285360615371
APPL1,-0.183675333160546,6.26440923885153,0.361356315885296,0.547753935655507,0.999285360615371
RC3H2,-0.168247100725376,6.08746137988093,0.360760212056663,0.548084336062683,0.999285360615371
PCCB,-0.359102197007721,4.06827836091389,0.360730079251525,0.548101047529392,0.999285360615371
TMEM170A,-0.234501900132819,6.112062153845,0.360439175700293,0.548262429695074,0.999285360615371
CYTOR,-0.184448944276462,8.18776148480033,0.360353720502225,0.548309853806952,0.999285360615371
NKG7,0.238392137064261,7.28517238543243,0.360085676463903,0.548458656840497,0.999285360615371
DDX19B,0.244516782914875,5.10544621582831,0.359821386288715,0.548605449709449,0.999285360615371
PAK1,0.287928579688952,4.53356187139544,0.359336524704027,0.548874943748023,0.999285360615371
SLC25A28,-0.262510520558921,5.12956531663352,0.359255132403046,0.548920207151602,0.999285360615371
PLPP6,0.514730358597468,3.83761276253986,0.358674734976223,0.549243176518292,0.999285360615371
RPS15A,-0.0693134605352646,12.247614217949,0.358602283610605,0.549283517904673,0.999285360615371
STARD7,0.194702131905883,6.2101713425543,0.358531461784661,0.549322957304492,0.999285360615371
TEPSIN,0.366921249850781,4.48387371880429,0.358338815900048,0.549430265110603,0.999285360615371
PUSL1,-0.395207649964622,4.21496135335559,0.357616814499036,0.549832783962609,0.999285360615371
LMNB2,-0.321936414282448,4.59016804918908,0.357455355176754,0.549922873691534,0.999285360615371
ZDHHC8,-0.389471312552524,4.27203905655053,0.357165438327765,0.55008470842604,0.999285360615371
ZNF747,0.390530007008648,4.01424152151117,0.357121045807297,0.550109496682555,0.999285360615371
PHF6,-0.217472281991939,5.56336210266927,0.356732780132955,0.550326388786385,0.999285360615371
KIAA1143,0.205647719707973,5.73984013805076,0.356705441324038,0.550341666764951,0.999285360615371
ABCB1,0.284384229074823,4.52113126964816,0.356677063026922,0.550357526489741,0.999285360615371
SEPTIN1,0.320482804756036,7.17541628034358,0.356552701393937,0.550427038334565,0.999285360615371
MRGBP,0.284065490589926,5.04128834911761,0.356538254514636,0.550435114473417,0.999285360615371
PSMD2,-0.202446418444585,6.18251205773138,0.356522815243821,0.55044374562738,0.999285360615371
SARS2,-0.453524028270961,3.94300312225389,0.356514875226207,0.550448184505315,0.999285360615371
GSPT2,0.358690246314332,4.40026467927588,0.356462671387753,0.550477370803891,0.999285360615371
TRGC2,0.293131332202808,6.21367764426618,0.356461222411241,0.550478180943928,0.999285360615371
SLC35A2,-0.397502334956218,4.36312622662017,0.35614710589439,0.550653859978912,0.999285360615371
PDE4B,0.138437624446146,7.4287471117666,0.356139721473433,0.550657991200535,0.999285360615371
CFAP20,0.286031917962446,5.25212538751069,0.355935093765666,0.550772493485939,0.999285360615371
DTD1,-0.245633707127704,5.53237701814059,0.355655055765595,0.550929265002363,0.999285360615371
ITGB3BP,-0.305069807585852,4.97331428537646,0.355404894333557,0.551069381723033,0.999285360615371
SLC30A6,0.356165395581734,4.39587720976996,0.355282529935227,0.551137943003951,0.999285360615371
RMDN3,0.282470965643834,4.68804772655885,0.355021990829952,0.551283977470155,0.999285360615371
SRP68,-0.222408003597416,5.3494415912291,0.354435937689953,0.551612730957984,0.999285360615371
GALNT1,0.226902547732599,6.29129396361414,0.354088797489847,0.551807637037509,0.999285360615371
SLC35A3,-0.227847760576772,5.76445141484612,0.35389847299863,0.551914551948899,0.999285360615371
U2AF1,-0.520622171877477,4.10920104292059,0.353803721165795,0.551967793368152,0.999285360615371
TCAF1,-0.340465024890174,4.60075633051408,0.353665673766184,0.552045380009925,0.999285360615371
HSPBAP1,-0.38333119180097,4.34444147499564,0.353617508948865,0.552072454857455,0.999285360615371
EIF5A,0.162320536859015,7.8516187004835,0.353430543230392,0.552177577391023,0.999285360615371
MRPL22,-0.20205622249196,6.01808063413669,0.353347117631675,0.552224496048856,0.999285360615371
UBE3C,-0.255119751343924,5.66955159021653,0.352990135058914,0.552425348181678,0.999285360615371
GIMAP7,0.1511712438066,8.8723315307722,0.352691446308985,0.552593507580477,0.999285360615371
CLPTM1L,0.176598130211209,5.99375393499658,0.352683525404117,0.552597968298014,0.999285360615371
GK,0.326393185834261,5.09204272646944,0.352610718707954,0.552638973114163,0.999285360615371
RPLP1,0.0798070659434667,13.4087511216596,0.352458968155823,0.552724457610348,0.999285360615371
TTF1,-0.207537396437782,6.00107868372163,0.35236312000556,0.552778463852843,0.999285360615371
HSPA8,-0.144251486738945,8.89731806575567,0.352162331291812,0.552891631723548,0.999285360615371
SLC25A11,0.21041510241637,5.74290177075305,0.351945295401986,0.553014005845304,0.999285360615371
TSTD1,0.103329633031239,7.55939567803426,0.351928640496958,0.553023398700795,0.999285360615371
SH2B3,-0.351853409122091,4.77909883093064,0.351779357958399,0.553107602892172,0.999285360615371
POLE4,-0.137148338109211,6.55854123558469,0.35163125610354,0.553191164977372,0.999285360615371
XPOT,-0.20066085890079,5.95113365823473,0.351621463522331,0.553196690989597,0.999285360615371
ERF,-0.333804721140939,4.31657022381459,0.351543088092104,0.553240922462019,0.999285360615371
TXNRD2,0.363346504255312,4.343137044882,0.351401004185433,0.553321125049282,0.999285360615371
PJA1,0.38115661406327,4.10984394706394,0.35137203657278,0.553337479185411,0.999285360615371
SMYD4,0.31830623677306,4.65489397548357,0.350984358035245,0.553556437124251,0.999285360615371
ISOC1,-0.337517275412225,4.84986542148285,0.350934921345736,0.553584370340388,0.999285360615371
CIAO1,-0.18934596088022,6.06824349711564,0.350256708612587,0.553967849522138,0.999285360615371
MYADM,0.167703382124051,7.10012799073861,0.350246326673325,0.553973723636345,0.999285360615371
ELP1,-0.457632893580768,4.14543445264526,0.350133338335251,0.554037660181635,0.999285360615371
AP3M2,0.173210967534992,6.37545290190054,0.349866891615566,0.554188489164001,0.999285360615371
PPP4R3B,-0.145577418180228,6.45549034084203,0.349790538462512,0.554231725110939,0.999285360615371
URI1,0.162169317411159,6.9931159563216,0.349694352683269,0.554286200602339,0.999285360615371
DOK1,-0.347029189120835,4.42699247197,0.34953411275329,0.554376976070574,0.999285360615371
ATP6AP2,-0.182268435932751,6.87932663943063,0.349482666224016,0.554406126339296,0.999285360615371
HACD4,0.190721766538118,5.93317811374592,0.34940979680411,0.554447420050213,0.999285360615371
TNKS2,0.161113979810361,6.13719188091272,0.349234417426651,0.554546828025195,0.999285360615371
ZSWIM7,-0.214628798246084,5.53778685254785,0.349229067225638,0.554549861138264,0.999285360615371
UBE2S,0.180759170547518,6.36946183680001,0.349125185992378,0.55460875925672,0.999285360615371
RPS6KA1,0.205024304997325,5.84032616397988,0.34908770168083,0.554630014847055,0.999285360615371
ACAP2,-0.115179457940448,7.01262309232192,0.349083176426777,0.554632581009972,0.999285360615371
TIMM8B,-0.148097704230536,6.50029698612084,0.348925848744361,0.554721811715384,0.999285360615371
SUGT1,0.152936656763958,6.68095604092563,0.348697925519122,0.554851129863783,0.999285360615371
CSTF3,0.234515464306325,5.21460076873671,0.348618594698682,0.55489615363345,0.999285360615371
PRMT1,-0.208634340203425,6.69959547021791,0.34851719143132,0.554953714559084,0.999285360615371
SLC50A1,0.2971914550671,5.21194421588383,0.34845976152976,0.554986319289679,0.999285360615371
ZNF510,0.404823073711042,3.83328850329601,0.348133368059877,0.555171691790375,0.999285360615371
SMAP2,-0.106977461938777,7.60858057719563,0.348045857531044,0.555221412594556,0.999285360615371
ITGAV,-0.372636509339268,4.38245231595633,0.347897299791335,0.555305837852663,0.999285360615371
MRPL17,0.245593004175174,5.23304524524481,0.347390267534728,0.555594167014459,0.999285360615371
TPT1-AS1,0.39468305759074,4.29212186662132,0.346821670505648,0.555917843055695,0.999285360615371
LGALS3,-0.256785512850332,7.83358458575065,0.34679104233042,0.555935288403053,0.999285360615371
UBE3A,-0.16042690926337,6.61485835475099,0.346763676252184,0.555950876586777,0.999285360615371
SRSF5,0.132132881589173,8.97488899722036,0.346760178820713,0.555952868842942,0.999285360615371
TRAPPC10,0.165900074118329,6.37320633995936,0.34669680452091,0.555988971348201,0.999285360615371
PAFAH2,-0.399698927000945,4.07763378046359,0.346523539167634,0.556087698294512,0.999285360615371
MAP3K12,-0.297484166895229,5.17926542808224,0.346371101111512,0.556174585291716,0.999285360615371
FBXO28,-0.288563705100392,4.89960467961629,0.345945471933955,0.556417322750332,0.999285360615371
ATG4A,0.440542287827297,4.24262842328215,0.345923123328962,0.55643007377236,0.999285360615371
DIS3,0.190332316838663,5.76585563896224,0.345899631288447,0.556443477780491,0.999285360615371
SRRD,0.443801166423653,4.38717542540163,0.345815728869408,0.556491355537498,0.999285360615371
BCLAF1,0.154733488725236,7.72837418529517,0.345774098339728,0.556515114325963,0.999285360615371
RPUSD2,-0.433253981416583,4.04546951684008,0.345418761160904,0.556717985713319,0.999285360615371
KIF13B,0.251875269821303,4.82418658622401,0.344866160677338,0.557033759039542,0.999285360615371
DBI,-0.0865758473602054,8.29076309338439,0.344732287932764,0.557110309339223,0.999285360615371
IL21,-0.694253074281305,4.52524935787639,0.344681546066646,0.557139329468732,0.999285360615371
NUDT1,-0.175355845494772,5.88639468029819,0.344552541580772,0.557213122247386,0.999285360615371
LINC01278,0.34130059543657,3.83731533658271,0.344377106169688,0.557313504122384,0.999285360615371
RPS4Y1,0.176297643943455,8.2798219623138,0.344365786926659,0.557319982027366,0.999285360615371
PRKX,0.173116031778877,6.64357560394835,0.344266481304079,0.557376819913864,0.999285360615371
RPL37A,0.0790842971936287,11.5126550969383,0.343924734826064,0.557572503840155,0.999285360615371
XCL1,-0.441069924649001,5.81901553228098,0.343845529366945,0.557617875511241,0.999285360615371
LPXN,0.132966018114874,6.93082801500298,0.343691824113137,0.557705943324076,0.999285360615371
XPNPEP1,-0.325073111973924,4.63358994510029,0.343409231605591,0.557867928160336,0.999285360615371
ZNF429,0.491418333443156,4.14791283880309,0.343368108275591,0.557891507924538,0.999285360615371
HLA-A,-0.0911906452952764,11.539664257014,0.342884286106866,0.558169069931022,0.999285360615371
CAMK2D,-0.218625488487388,5.58521773052609,0.342057112218225,0.558644217711757,0.999285360615371
ERVK3-1,-0.183363889150315,5.66602134592547,0.341630407686477,0.558889628183466,0.999285360615371
CYREN,-0.364237340573144,4.4854146945753,0.341569625876208,0.558924602340372,0.999285360615371
TICAM1,0.386996888579422,4.21947040245285,0.341531907798984,0.558946307609362,0.999285360615371
FAF1,0.233988431490145,5.15965716027012,0.341526254785912,0.558949560834451,0.999285360615371
APOL6,0.0977105760501132,7.47691253088889,0.34149294955731,0.558968728232302,0.999285360615371
LRATD2,0.292262553300145,3.89238618215159,0.341487558573384,0.558971830900109,0.999285360615371
CALM3,0.154905394743482,7.50740406517456,0.341451800560517,0.558992411506655,0.999285360615371
CEP350,-0.134621873042174,7.04376209822211,0.341431292998614,0.559004215333353,0.999285360615371
RPS19,-0.0819896314011343,12.195865707581,0.341048145999814,0.559224836137799,0.999285360615371
HSDL2,-0.28650133007954,4.84613370464135,0.340671158516322,0.55944207248259,0.999285360615371
VPS4A,-0.193193407200322,5.64136415661361,0.34038966891573,0.559604383963258,0.999285360615371
UFC1,-0.118521888436618,7.63309719784744,0.340309748109025,0.55965048399602,0.999285360615371
TRIM39,-0.478313755387341,3.99222546458572,0.340195156651049,0.559716595463841,0.999285360615371
CLASP2,0.297779103581454,4.8455438661316,0.34004774618758,0.559801663211491,0.999285360615371
ARCN1,-0.1969219496974,6.09993491259988,0.340039079754604,0.559806665212514,0.999285360615371
TIMM50,0.279632819173137,4.89891899518456,0.340037647793299,0.559807491705167,0.999285360615371
PRKAB1,-0.309136975885374,4.42447847696332,0.339869483287835,0.559904568320401,0.999285360615371
HMGXB3,0.199727404691625,5.44288164104136,0.339793104437792,0.559948670298545,0.999285360615371
METTL25,-0.384909799985194,4.17821387603897,0.339734240982615,0.559982663228686,0.999285360615371
CFAP298,-0.151229501758516,6.34316075140015,0.339576790656073,0.560073608273482,0.999285360615371
WDR89,-0.322745446418002,4.48594020482162,0.339419951838181,0.56016422818789,0.999285360615371
PTTG1IP,-0.180098139145512,5.92654976272838,0.339156756628896,0.560316362806294,0.999285360615371
CNTRL,0.149818405005514,6.72915098623096,0.339048515305933,0.560378952434912,0.999285360615371
PWWP2A,0.242458373575196,5.45825435589929,0.338708950322776,0.560575389864303,0.999285360615371
ERI3,-0.300097601432469,4.77722084216698,0.338696074628963,0.560582841012155,0.999285360615371
RPS10,0.158510733218681,9.2930328490144,0.338650198263419,0.56060939114868,0.999285360615371
TXN,-0.157633618751593,8.52769359612294,0.338457415552039,0.560720987059093,0.999285360615371
DPAGT1,-0.4301321506072,4.3550844244382,0.338166932710354,0.560889218898986,0.999285360615371
CD247,-0.135010343970321,8.16564665679958,0.338157744957147,0.560894541522506,0.999285360615371
RFC1,0.168825773170795,6.91606676623531,0.338068187428952,0.560946428808467,0.999285360615371
LIAS,-0.274119323706861,4.727136876,0.338017267223407,0.560975934742712,0.999285360615371
PSMD14,-0.19182566168598,6.17695457906649,0.337608540931356,0.561212880757498,0.999285360615371
TCF25,-0.120142178913593,7.89291196001749,0.337064332674284,0.561528666075442,0.999285360615371
TIMM23B,0.326132037599248,4.4722775256746,0.33654932356497,0.561827822200686,0.999285360615371
CBX1,0.183276086147721,5.81091193100862,0.336319829112725,0.561961228431393,0.999285360615371
SLC39A13,-0.309956719199449,4.66056793171264,0.336157923178657,0.562055381727718,0.999285360615371
PPARD,-0.447136793225564,3.89546248536155,0.335950108157121,0.56217627698447,0.999285360615371
CEBPB,-0.102728222130015,7.66615483182609,0.335818291411492,0.562252986552847,0.999285360615371
RHOC,-0.213211417886709,5.88472361731349,0.335605656673103,0.562376769821065,0.999285360615371
SQOR,0.177388968914689,6.28626760692467,0.335328776027037,0.562538031751437,0.999285360615371
BHLHE40-AS1,-0.462712847757711,4.42434644902608,0.335085617193371,0.562679726626145,0.999285360615371
GMPPB,0.331120114992189,4.44544326548698,0.335061851668314,0.562693579087578,0.999285360615371
HAUS5,-0.404643806517106,4.04236309532491,0.334748158412914,0.562876486263883,0.999285360615371
ZSWIM6,-0.331094691683826,4.43391755373725,0.334486931820369,0.563028888672462,0.999285360615371
ILRUN,0.360354606979144,4.8593687023134,0.334250363792659,0.563166973550196,0.999285360615371
TBC1D1,0.193239627016144,5.60995112232974,0.334179957436616,0.563208082365467,0.999285360615371
KIF5B,-0.11385545580767,7.41434857649353,0.333815000790171,0.56342126564451,0.999285360615371
CUTA,-0.108861083650333,7.92226918820137,0.333779629785191,0.563441935282941,0.999285360615371
BABAM2,-0.248343283394674,5.31496498940245,0.333776229437685,0.563443922409848,0.999285360615371
MINDY3,-0.290084930695403,4.56459313065647,0.333650163036602,0.563517603803711,0.999285360615371
ZNF273,-0.382737368498125,3.83365884174908,0.332833593184439,0.563995310323918,0.999285360615371
IPCEF1,0.20675337227758,6.09893829704742,0.332601691482751,0.564131118956547,0.999285360615371
MTMR10,0.368096161913778,3.99768118941378,0.332443971239627,0.564223520740768,0.999285360615371
YTHDF3,0.198957605613662,5.4690535952283,0.332213326822231,0.564358698387299,0.999285360615371
VPS13B,0.264887519198394,5.08883250597057,0.332186861307559,0.564374213473778,0.999285360615371
BORCS8,0.243593883029648,5.1004989725587,0.332019267563378,0.564472482390384,0.999285360615371
KIAA0040,-0.186225500860463,6.34044198754362,0.332012720125885,0.564476322163533,0.999285360615371
DNAAF2,-0.258999335392971,5.10817823524809,0.33201116008496,0.564477237063747,0.999285360615371
PSMG3,-0.207208802996808,5.58311222544639,0.33183344014666,0.564581481286877,0.999285360615371
CCDC43,-0.243790173077089,5.16913518410065,0.33148999671949,0.564783038429518,0.999285360615371
DESI2,0.212318184900936,5.35876974316042,0.331303112324719,0.564892773960085,0.999285360615371
ABCB10,-0.368817983024039,4.48856613188648,0.330966325501397,0.56509063387834,0.999285360615371
ANKS1B,0.427348250794227,4.0392126578731,0.330831356661516,0.565169964743419,0.999285360615371
SLMAP,0.196965693929733,5.53930115921586,0.33078832641646,0.565195261231405,0.999285360615371
DNAJB9,0.22453457101148,5.45525429055706,0.330744589316502,0.565220975507012,0.999285360615371
BICDL1,0.302260702250146,6.04657486946879,0.330665137638999,0.565267693179562,0.999285360615371
ST13,0.102480178011462,7.91842273562073,0.33065097095713,0.565276023988418,0.999285360615371
TBC1D25,-0.406658079104782,4.05097953128379,0.330594085064508,0.565309478496829,0.999285360615371
SDHAF4,0.389308177292721,4.00661357838198,0.33030065292845,0.565482106350445,0.999285360615371
PDPK1,-0.222860809255343,5.34372806003441,0.330217085684069,0.565531288114433,0.999285360615371
DTNB,-0.33505013547189,4.20710560178268,0.330207776591937,0.565536767299464,0.999285360615371
GIT2,0.141019404433615,6.27271103962732,0.330106161971484,0.565596582747103,0.999285360615371
ZFYVE19,0.369241229350187,4.45342208332906,0.32983742926552,0.565754831292708,0.999285360615371
MIR4435-2HG,-0.212291263861372,6.45456232713907,0.329698224374287,0.565836838542827,0.999285360615371
SDE2,0.29690387017452,4.72687124814902,0.329659652875058,0.565859565542839,0.999285360615371
WIZ,-0.347278981443121,4.16205409213695,0.329593997191306,0.565898255082798,0.999285360615371
MINDY2,0.25329046957927,5.74312641424803,0.329576199302021,0.565908743894485,0.999285360615371
CD58,-0.152329084271272,6.50581783982999,0.329216652772974,0.566120715759153,0.999285360615371
TOPORS,-0.207025729810122,5.58072433149568,0.328666000891561,0.566445652873615,0.999285360615371
CASZ1,-0.393633303892248,3.85570912683739,0.328520831513075,0.566531376888719,0.999285360615371
EPC1,-0.118465817210102,7.59129907056798,0.328211842196069,0.566713922075868,0.999285360615371
TFB2M,-0.362229954981223,4.15516864020657,0.328098942085944,0.566780649847667,0.999285360615371
LDB1,-0.285683800127166,4.9180519805259,0.327900804229401,0.566897792870634,0.999285360615371
STARD3,-0.205546421892649,5.5477652279017,0.327827610502972,0.566941078338214,0.999285360615371
UNKL,-0.32189002692213,4.73550237612775,0.327646003522265,0.567048505191986,0.999285360615371
WAS,0.142759359396647,7.11186371177992,0.327645156698939,0.567049006210054,0.999285360615371
SPRY1,-0.328938611744114,4.95987981333068,0.327636178232346,0.567054318320168,0.999285360615371
COX11,-0.233292045636332,5.55831503796925,0.327482932117977,0.56714500129344,0.999285360615371
HCST,0.107347967019216,9.14686382283286,0.327092893592198,0.567375932670717,0.999285360615371
CXorf38,0.206561713097156,5.8184136319101,0.326933310829709,0.567470470032602,0.999285360615371
FLII,-0.179523442045571,5.9941909434575,0.326916805930935,0.567480249336709,0.999285360615371
PRH1,0.212353898757116,5.58688659154773,0.326782584632536,0.567559788854295,0.999285360615371
WDR47,-0.412657983257107,4.03406381786602,0.32652856480043,0.567710380301457,0.999285360615371
DNAJC18,0.513287374477835,3.83521340418976,0.326433248805948,0.567766906857799,0.999285360615371
RHBDD1,0.301221582856963,4.49347961711205,0.326325804006139,0.567830639452664,0.999285360615371
HCLS1,-0.124539547615581,7.97665418172751,0.326123573171532,0.567950633649415,0.999285360615371
GPR155,0.199671355177639,6.26797472714214,0.325392795072361,0.568384654422478,0.999285360615371
YJU2,-0.327105697708175,4.82257535826521,0.325343431156099,0.568413995725103,0.999285360615371
NAMPT,0.203390624584374,6.91476838444575,0.325178858518605,0.568511836987192,0.999285360615371
AP2B1,-0.136289168235248,6.94213704673662,0.325105302821154,0.568555577723402,0.999285360615371
COA3,0.166438267889947,5.88860025123945,0.324843139062992,0.568711529748953,0.999285360615371
PMEPA1,0.229667872488301,5.33419119811267,0.323171523864982,0.569707880177698,0.999285360615371
CCDC146,0.337100247057822,4.20441489862702,0.323121697147428,0.569737631217354,0.999285360615371
GPS1,-0.225205775063675,5.41905355165177,0.323097480009096,0.569752092126902,0.999285360615371
METTL21A,-0.291589390571017,4.76197660407873,0.323090783153944,0.569756091182455,0.999285360615371
LUZP1,0.162355678125189,5.91140706292294,0.322871632675554,0.569886988091464,0.999285360615371
ZNF430,-0.164639448215393,5.90310914439188,0.322847822990958,0.569901212973417,0.999285360615371
ZNF564,0.422983093407854,3.99199333449438,0.32269954779661,0.569989814273725,0.999285360615371
PARVG,0.134362349600402,6.48908935358865,0.322562088857268,0.570071976413366,0.999285360615371
CASD1,-0.205885678433029,5.48476421618651,0.322475237452469,0.570123901287341,0.999285360615371
PRR34-AS1,-0.351562305146865,4.34889152870753,0.322316075321854,0.570219081768487,0.999285360615371
FNDC3A,0.236272324437919,5.55844760178292,0.322271561667133,0.570245706921818,0.999285360615371
HS2ST1,0.333005554228339,4.40069336058171,0.322113654698789,0.570340176144812,0.999285360615371
ZBTB16,-0.312166910468047,4.41180834570496,0.321764699839729,0.570549050064545,0.999285360615371
GPANK1,0.254565821922338,5.11107653992343,0.321719863729772,0.570575898468543,0.999285360615371
IFRD1,0.225596151226868,5.8475266863896,0.321680259037805,0.570599616293157,0.999285360615371
CNN2,-0.115416515103348,7.37919578422469,0.321411285448502,0.570760745970321,0.999285360615371
OGG1,-0.325893433035099,4.73506267963311,0.321166438693783,0.570907499853809,0.999285360615371
NCAPD3,-0.305073151473633,4.72581536290484,0.321106710503923,0.570943310372624,0.999285360615371
HEXD,0.325295913494353,4.78251204528273,0.320735230959009,0.57116613276941,0.999285360615371
ABHD3,0.264457380131443,5.68756532535361,0.320682623096893,0.571197702010114,0.999285360615371
ZNF184,0.441174449181834,3.78697444285353,0.320591561295842,0.571252355004596,0.999285360615371
SDHAF3,-0.237667350504812,5.04164918065359,0.320503015498307,0.571305507787556,0.999285360615371
CYLD,0.107226026120967,8.18936054076446,0.320498138704927,0.571308435538958,0.999285360615371
KLHL20,0.304803471306756,4.84080567006428,0.320447338233635,0.571338935022893,0.999285360615371
ELOVL6,0.405595418457675,4.21620964594946,0.320211025669686,0.571480853857722,0.999285360615371
MTRF1L,-0.280375264981406,4.66135919372564,0.319297711331448,0.572030000658074,0.999285360615371
PEX16,-0.248399728241328,5.34312674274739,0.319286194973664,0.572036931689392,0.999285360615371
CEP290,0.192506009953027,5.64795650905737,0.319111033914293,0.572142371359107,0.999285360615371
COX8A,0.094679667293306,8.56668898164308,0.319092584642657,0.572153479274939,0.999285360615371
TMEM39A,0.357014799228937,4.34746671665504,0.31898130840662,0.572220485324187,0.999285360615371
ABCD1,0.4280572448384,3.78691895099789,0.318971610253364,0.572226325890162,0.999285360615371
HSP90AB1,0.104334998823326,9.72836083887485,0.318800328393191,0.572329497101015,0.999285360615371
ZNF274,-0.315783443584632,4.88804418151018,0.318743385489825,0.572363804615696,0.999285360615371
YWHAG,-0.226061123880613,5.82202294468334,0.318451372930308,0.572539802711739,0.999285360615371
TP53BP2,0.274569512891398,5.02172600316714,0.318398239244225,0.572571838211044,0.999285360615371
UHMK1,-0.125643048432296,6.61465530990953,0.317839066106718,0.572909190190674,0.999285360615371
MATR3,-0.291264587405237,5.13760739343034,0.317809783832963,0.572926867107989,0.999285360615371
BEX3,-0.426111113757522,4.49031479610305,0.317717656325023,0.572982488995212,0.999285360615371
TNRC6A,-0.129063198068076,6.50093594565806,0.317391966769126,0.57317920894988,0.999285360615371
DNAJB2,0.227754712397017,5.1568104843334,0.316895209222345,0.573479512010322,0.999285360615371
SLC35B3,0.286100540238127,4.5702850676213,0.31683173510071,0.573517906124235,0.999285360615371
SFI1,-0.214463225583566,5.69765080376777,0.316679815073336,0.573609819810942,0.999285360615371
SLC25A24,-0.247804645093913,5.78315902734725,0.316668925411051,0.573616409319915,0.999285360615371
MAP2K6,0.289152936912643,4.46549726153479,0.316520084883829,0.573706490062885,0.999285360615371
UPP1,-0.196740786098344,6.6970452639662,0.316109656270275,0.573955032766757,0.999285360615371
STK38L,0.286929336245783,4.67536443076854,0.316056957474281,0.573986960887795,0.999285360615371
POMC,-0.298876780459664,4.64824250229573,0.31602788830029,0.574004574252423,0.999285360615371
RBMX,0.145500653174657,7.23425421318208,0.315695105322284,0.57420628748594,0.999285360615371
UBXN1,-0.115097614959363,7.93678736796961,0.315589610920849,0.574270261112846,0.999285360615371
ZNF687,0.402836475739916,3.78548090643166,0.315520732159824,0.574312037974047,0.999285360615371
LANCL1,0.327638890831989,4.69585654264003,0.314970632621108,0.57464590389739,0.999285360615371
ZBTB7A,-0.145569649141139,6.7881419819722,0.31442718920939,0.574976106752427,0.999285360615371
LARP4,0.180878304920073,5.75657388823838,0.314087567633656,0.575182655465718,0.999285360615371
ANKRD13C,-0.266055647565616,4.79716598720571,0.31366179902815,0.575441803886528,0.999285360615371
SMAD5,-0.261434966857614,4.61130676656644,0.313373468514255,0.575617430452876,0.999285360615371
PTMA,0.0494991118986578,11.9324312094778,0.313127846849326,0.575767126121796,0.999285360615371
PDE12,-0.215901584696693,5.12233246695443,0.313111949719243,0.575776817383874,0.999285360615371
RPL29,-0.0830473684307123,11.3970998425033,0.312908836313639,0.575900668504012,0.999285360615371
ANKS1A,0.433666215420689,3.92779703936181,0.312702294271634,0.576026664411389,0.999285360615371
PHTF2,0.190242004134142,6.97401130527955,0.312493434091117,0.576154129999894,0.999285360615371
ZRANB2,-0.109451570873378,7.6274672133591,0.312045895336865,0.576427447446292,0.999285360615371
MBNL1-AS1,-0.307870236981754,4.18922384218767,0.311998938863464,0.576456139248825,0.999285360615371
MMUT,-0.513648838714845,3.90509267633239,0.311741930792508,0.576613229028946,0.999285360615371
XRCC5,0.0761131622439149,8.10926582396614,0.311530172308537,0.576742724964424,0.999285360615371
PVT1,0.237266344184944,5.78738402789169,0.311516434385023,0.576751128063119,0.999285360615371
PPP1R12B,0.37973252026269,4.67134708042957,0.311259086067501,0.57690858567081,0.999285360615371
ARHGEF18,0.379708200110982,4.16994585848548,0.311254178873149,0.576911588948559,0.999285360615371
TRAPPC13,-0.402902410754505,4.53918188525523,0.311076034688288,0.577020636930282,0.999285360615371
VPS26A,0.238965342602491,5.84653447386518,0.310942329511775,0.577102509212984,0.999285360615371
ATF3,0.433595733872703,3.95340095933783,0.310780333303487,0.57720173599064,0.999285360615371
B3GALT4,-0.27233044078513,4.94368013358974,0.310513222521021,0.577365422158141,0.999285360615371
ZAP70,0.182864832295515,6.49473476283699,0.310494366983669,0.577376980365485,0.999285360615371
CCT6A,0.146446404767373,6.88615827718904,0.309850738502838,0.577771792593966,0.999285360615371
TEX30,0.275330463327035,4.66471424346046,0.309766389200782,0.577823573634864,0.999285360615371
CHD4,0.113561226723696,7.47091899600471,0.309507691459583,0.577982442733481,0.999285360615371
SYAP1,-0.174620453164466,6.33803116039513,0.309449878372448,0.578017958265218,0.999285360615371
RGS10,-0.0913568777147398,8.33412044911264,0.309423503720794,0.578034162091197,0.999285360615371
NUDCD1,-0.329749751939307,4.52677430540368,0.309044742421317,0.578266961914733,0.999285360615371
METAP1,0.220293955935806,5.2526299059349,0.309002992735884,0.578292634143946,0.999285360615371
MRPS7,0.217900259898503,5.94364424540906,0.308590522095678,0.578546387857722,0.999285360615371
SH2D2A,0.189253702169506,6.90617828602654,0.308561457730821,0.5785642767485,0.999285360615371
RPL10,-0.0767610681845107,12.9100005582843,0.308080253089326,0.578860614813157,0.999285360615371
TXLNG,-0.291654756146309,5.0405938160994,0.307962497358179,0.578933177892093,0.999285360615371
PNPT1,0.161404406791422,5.78970453843512,0.30780104909493,0.57903269454959,0.999285360615371
ABCD4,0.236055290046748,5.32232090642138,0.307554204600631,0.579184915425032,0.999285360615371
SCAND1,-0.124109175762229,7.26035372713066,0.307440711869006,0.579254929463263,0.999285360615371
SOCS4,0.246583587480676,5.54803704730699,0.306993891015203,0.579530739020444,0.999285360615371
POLR2C,-0.208192625992086,5.79537171311065,0.306492839176389,0.57984033599401,0.999285360615371
PHF21A,-0.191024124346914,5.63724711862537,0.306443842448456,0.579870628526424,0.999285360615371
HDAC7,-0.179240141372121,6.23430202212649,0.30630693709049,0.579955287891166,0.999285360615371
TIMM8A,0.413302578856721,3.97265869125059,0.305970621175298,0.580163363484354,0.999285360615371
NDUFA5,0.168403079061949,6.78669966022693,0.305806269484048,0.580265100707612,0.999285360615371
METTL4,0.233871727275941,5.13572653408638,0.305391942716966,0.580521736393105,0.999285360615371
GTF3C5,0.275885822071827,4.70955706306947,0.305013890358424,0.58075610192066,0.999285360615371
MRPL21,-0.150186915171738,6.16142631779045,0.304743724586613,0.580923701604317,0.999285360615371
EIF4E,0.152530393748407,6.17089249992467,0.304715021764352,0.580941513345088,0.999285360615371
IRF7,0.209958490745338,6.40849083387521,0.30471098115779,0.580944020860151,0.999285360615371
KLHL24,0.175846000119164,5.9352470016945,0.304689772684998,0.580957182746015,0.999285360615371
RNF181,-0.180799087014119,6.69192759967195,0.304579594300929,0.581025568590101,0.999285360615371
ZFR,-0.179138463736005,6.17241004840857,0.304493099638052,0.581079265659371,0.999285360615371
GINM1,-0.225719520363033,5.57310848859794,0.304093224287357,0.581327643136589,0.999285360615371
GNAQ,0.246949089252141,5.21002344443526,0.30404064785909,0.581360316154472,0.999285360615371
ANAPC11,-0.105553039122021,7.27460698753943,0.303908952869129,0.581442172667865,0.999285360615371
LINC01409,0.497402639057402,3.92986400554843,0.303823631415813,0.581495217529546,0.999285360615371
AGK,-0.252557842151581,4.78685431854578,0.303700154840438,0.581572000859368,0.999285360615371
GID4,-0.328336287257171,4.12122414306943,0.30369292329441,0.581576498393147,0.999285360615371
RBM8A,0.082959307958464,7.87342251285106,0.30326890798969,0.581840329436376,0.999285360615371
NAALADL1,0.343340705226499,4.26165292924355,0.303080301324258,0.5819577616291,0.999285360615371
FCHSD1,0.344163880873031,4.35420280254943,0.302493495268703,0.582323429528051,0.999285360615371
NIPBL,-0.103675644530739,7.18816864552646,0.30235236080398,0.58241144631053,0.999285360615371
RSL24D1,0.0880955813651817,7.9818915616186,0.302183143977253,0.582517011589775,0.999285360615371
ZNF350,0.299783250776212,4.55387522204726,0.302098037525887,0.582570119476081,0.999285360615371
AGGF1,-0.2362861278056,5.45602836628613,0.302053474544447,0.582597931426905,0.999285360615371
C15orf40,-0.175377050268475,5.73487520189978,0.301937596352953,0.582670264017265,0.999285360615371
MICA,0.323344860646173,4.4020769415152,0.301721028622204,0.582805496714646,0.999285360615371
HLA-B,-0.0786249558021155,11.7736642651319,0.301707363219787,0.582814032003311,0.999285360615371
RAB29,-0.2123709070982,6.00038011506229,0.301473214101293,0.582960318563338,0.999285360615371
ATP2B1,-0.210160857782543,7.18547935736488,0.301306710694359,0.583064387904293,0.999285360615371
GNAI2,-0.0720608160451993,8.28325272040723,0.301152785707334,0.583160628667358,0.999285360615371
CPEB4,-0.242745239613789,5.5760436475006,0.301043859534111,0.583228753504374,0.999285360615371
CXXC1,-0.251446731560989,5.08134126986191,0.300666894471195,0.583464639625957,0.999285360615371
ARAP1,0.234019874230209,4.79770484343548,0.300586504304675,0.583514968702584,0.999285360615371
TIAM1,0.30085026377379,4.99301695930656,0.300530729613882,0.583549892155113,0.999285360615371
MTHFSD,0.376948180630717,4.02330679539798,0.299822098192978,0.583993970710427,0.999285360615371
LRRC58,0.207476901720819,5.52230521811834,0.299815138863615,0.583998335299605,0.999285360615371
MAN2A2,-0.269064294355576,4.87793506924874,0.299588080963449,0.584140772286135,0.999285360615371
STIM1,-0.301574868592345,5.49194967910126,0.299520138960069,0.584183407007151,0.999285360615371
NUDT9,0.265357216168298,4.59187054212746,0.299505683622801,0.584192478778977,0.999285360615371
BZW1,0.0792530511998915,7.9523205038412,0.299349391103576,0.584290581833337,0.999285360615371
KIAA0753,-0.424313253476434,3.80900390088411,0.298883987813362,0.584582907446201,0.999285360615371
RAB3IP,0.253566695571392,4.86118042996928,0.298823653411244,0.584620825880041,0.999285360615371
SFMBT2,0.227304941958773,5.60607622077898,0.298683809768111,0.584708732702314,0.999285360615371
IRF9,0.148018491441807,6.66283446554399,0.298669011794978,0.584718036389074,0.999285360615371
DCAF10,0.227405311425187,5.11038041872529,0.298613709269677,0.584752808487823,0.999285360615371
RPRD2,0.214103163158713,5.75390091250168,0.298131650153444,0.585056085908635,0.999285360615371
ZNF652,-0.156538125770141,6.37410003528453,0.297857536806117,0.585228680573439,0.999285360615371
LRRC8A,0.341056562235147,4.55673734511411,0.297564079406406,0.58541356944237,0.999285360615371
IFNAR1,-0.16301535518606,6.17024666820517,0.297530091179922,0.585434990908463,0.999285360615371
NT5C3A,0.209405200610261,6.34928254371092,0.297398377412129,0.585518020007781,0.999285360615371
UTP23,0.172012993566042,5.66949651327645,0.297394738167611,0.585520314436086,0.999285360615371
AP5M1,-0.217952687424102,5.22743759962224,0.297080690492297,0.585718380176272,0.999285360615371
BLMH,-0.23793426783838,5.10783384625785,0.296806086800448,0.58589168042422,0.999285360615371
CPD,-0.223179901906461,5.2949833970346,0.296675216284484,0.585974308368311,0.999285360615371
FKBP4,-0.244702811818705,5.0360945450913,0.296226171881294,0.586258002077628,0.999285360615371
WDR77,-0.340694938591195,4.60886481760636,0.296107726233309,0.586332879182679,0.999285360615371
SNAPC1,-0.249897008456493,4.79875346392914,0.296103128665717,0.586335785991894,0.999285360615371
TJAP1,0.324925792551056,4.38556880855537,0.295809187945451,0.58652169056894,0.999285360615371
ALKBH7,0.168239296046493,6.65860872845533,0.295783953552068,0.586537655790812,0.999285360615371
ETAA1,0.339866789631472,4.60109214726289,0.295458866507914,0.586743409859545,0.999285360615371
NDUFV2-AS1,0.321748611706238,4.33570355331952,0.295344691482477,0.586815708303594,0.999285360615371
ZMYM5,0.178234087681707,5.6412515102504,0.295268016603885,0.58686427088991,0.999285360615371
USP1,0.148752960393923,6.2969873539989,0.295168300589761,0.586927438963998,0.999285360615371
ZBTB6,0.301626400839929,4.38954931025324,0.29512530714587,0.586954678703147,0.999285360615371
ARMCX6,0.186898826476779,5.46540543623123,0.295079649033866,0.58698360953347,0.999285360615371
OAZ1,-0.0501113115348782,9.47996258781207,0.294900921520387,0.587096886419496,0.999285360615371
BPTF,0.076529918424775,7.94511174070431,0.293413522147041,0.588041323213641,0.999285360615371
MTRNR2L8,-0.237258609900905,5.09646818725792,0.293384530838225,0.588059762230641,0.999285360615371
ST6GALNAC4,-0.320919730158208,4.55272081390982,0.293205925453986,0.588173384607711,0.999285360615371
FOXP1,0.128592973501005,8.41041694066271,0.293187107113472,0.588185358770861,0.999285360615371
MSN,-0.0722653627129508,8.56365595069346,0.292655118082713,0.588524070666324,0.999285360615371
RPL7L1,0.147632381649779,6.35407762814154,0.292423071784452,0.588671936796455,0.999285360615371
IGHMBP2,-0.366724607266,4.16154392981481,0.292035223195278,0.588919253695445,0.999285360615371
FBXW5,0.14650479428548,6.64981763044907,0.292027343337264,0.58892428059239,0.999285360615371
ZNF592,-0.28228563840791,4.91690526598868,0.291918920938521,0.588993456756307,0.999285360615371
FERMT3,-0.14566889085586,6.97250114197645,0.291827457489507,0.589051825598966,0.999285360615371
FBXO25,-0.222006623527463,5.21749208422725,0.291589188846476,0.589203935996175,0.999285360615371
TGIF1,0.25384776734985,5.26198253742396,0.291583293222676,0.589207700772406,0.999285360615371
ERGIC2,0.162398980836712,6.41711360867978,0.291548474494306,0.589229936016015,0.999285360615371
UBASH3A,-0.237681576360667,5.57578097635499,0.291180976443293,0.589464724937097,0.999285360615371
CAPN2,-0.233914345490462,6.61152489758404,0.290579515945485,0.589849401997538,0.999285360615371
DBT,0.273667082885144,4.81478161541382,0.290566408698133,0.589857790739652,0.999285360615371
NHSL2,-0.415246792613393,4.17378425618068,0.290396310737584,0.58996667693366,0.999285360615371
TXNDC9,0.200467129449361,5.69938454001657,0.290357859406143,0.589991296800245,0.999285360615371
PSENEN,0.14707083840591,6.23919963151967,0.290330421636828,0.590008866118281,0.999285360615371
WWP1,0.172759418701356,6.12865376529693,0.289703315627122,0.590410715323467,0.999285360615371
LINC00513,-0.215423937440267,5.46132096548609,0.289604972228897,0.590473784593956,0.999285360615371
GOT1,-0.291058603846647,4.65309639666869,0.289460770439131,0.590566288595051,0.999285360615371
SGSH,0.301782942847076,4.37187177613661,0.289352531556979,0.590635742274281,0.999285360615371
DUS1L,-0.146090950316521,6.09364340898007,0.288964934631885,0.590884589177702,0.999285360615371
CAMK2N1,0.339140355385023,4.23666375742654,0.288841040534443,0.590964177652467,0.999285360615371
APOLD1,0.283631335290068,5.01156987131614,0.288778229353166,0.591004535405057,0.999285360615371
ARL5A,0.186989768202948,5.98592122566384,0.288758954688436,0.591016920992725,0.999285360615371
PDHB,-0.185722344862109,6.01855741158705,0.28867997307167,0.591067678866376,0.999285360615371
KDM5B,-0.153052492031443,7.25670995869547,0.288464402101447,0.591206262026768,0.999285360615371
ABCD3,0.299926545342633,4.48358703523853,0.288218917744739,0.591364156746629,0.999285360615371
B4GALT1,0.148563493881617,6.22312556672752,0.287153909266767,0.592050171365595,0.999285360615371
RFLNB,0.227174349862111,6.72830533548942,0.286847960247826,0.592247548133401,0.999285360615371
GLMP,-0.338963635231823,4.13928429423996,0.286579538938337,0.592420826246937,0.999285360615371
HNRNPR,0.10288451434322,7.72713803589516,0.286475568758558,0.592487971760378,0.999285360615371
DUSP11,-0.247909812794781,5.27732454082931,0.286435794084056,0.592513662991693,0.999285360615371
SUMO1,0.113290048846563,7.27044316223018,0.286427764308222,0.592518849857549,0.999285360615371
FBLN7,-0.388572072123047,4.95360327166843,0.286223106054489,0.592651081257354,0.999285360615371
INTS6L,-0.290010548505401,4.78709232404171,0.286200367394002,0.592665776647978,0.999285360615371
MCM6,0.268568425491754,5.08012189936124,0.286184464595401,0.592676054649338,0.999285360615371
ZNF134,-0.395278804340513,4.10634849353521,0.2858283736463,0.592906292982013,0.999285360615371
DGLUCY,-0.184144284145988,5.53676683532608,0.285566247086994,0.593075894466052,0.999285360615371
TNFRSF1A,0.205584448609068,5.59667691879401,0.285556378752208,0.593082281443817,0.999285360615371
DTX3,0.376278836877651,3.88677987565712,0.28499901028821,0.593443251643079,0.999285360615371
NDRG3,0.238609708541719,4.90332515617592,0.284583568301628,0.593712600721358,0.999285360615371
KRI1,0.208462511012489,5.22485723767932,0.284496608725451,0.593769012352234,0.999285360615371
TP53I13,-0.160153763741475,5.87976608431285,0.284447411930193,0.59380093175791,0.999285360615371
DAD1,-0.070159007359293,8.1706399446195,0.284432813550184,0.593810404024744,0.999285360615371
JADE1,-0.175758229317728,5.78832471423069,0.284198611937825,0.593962410172947,0.999285360615371
CTNNB1,-0.117080176920676,6.97241904899646,0.283998487085793,0.594092362892777,0.999285360615371
ARAP2,-0.140641740407275,6.86699181982326,0.28374040351844,0.594260038404789,0.999285360615371
GCSAM,0.396417877149206,3.85461692964205,0.283137910677279,0.594651856127844,0.999285360615371
LPAR5,0.422776465321379,3.95327956741555,0.282815597043548,0.594861685249212,0.999285360615371
CNEP1R1,-0.29215461987322,4.75043585568783,0.282686892399003,0.594945516003405,0.999285360615371
GLA,-0.368886677430724,3.94894612176079,0.282585652692671,0.595011474888999,0.999285360615371
AK6,0.176710378619733,5.61450919068516,0.282410026524861,0.595125933403559,0.999285360615371
KLHL18,-0.269090008929426,4.68324164711185,0.282265140578776,0.595220392363025,0.999285360615371
WASHC3,0.159231875456347,6.18898472568681,0.282228036432731,0.595244587555884,0.999285360615371
PIK3C2A,-0.225819348865819,5.32620883928502,0.282090943310884,0.595334002117251,0.999285360615371
C18orf32,0.176972458985906,7.11634759734374,0.282042590386162,0.595365545396028,0.999285360615371
SMC1A,0.12848814182756,6.69085582685789,0.281916747260642,0.595447656059269,0.999285360615371
TRBC2,0.0911082578569997,9.89884062829504,0.281824106814732,0.595508117509801,0.999285360615371
CCNQ,-0.222987659150826,5.38767848699154,0.281792371211431,0.595528832565251,0.999285360615371
POLB,-0.288905721436879,4.67374179799053,0.281464923925533,0.595742657419442,0.999285360615371
KCTD17,-0.227211833725181,4.99231069907679,0.281392906089145,0.595789706838587,0.999285360615371
ECI2,0.235050758124653,5.49832138623362,0.281174530625876,0.595932419213849,0.999285360615371
DOP1A,0.315094917773338,3.967697067258,0.281065332325667,0.59600380893898,0.999285360615371
ANP32E,0.0846699322731311,7.71060707647482,0.280966350504487,0.596068534867922,0.999285360615371
PRPF4,0.249469666685911,4.78673604309001,0.280522408641144,0.596359015917316,0.999285360615371
PRR14L,0.168858925130797,5.71313251170617,0.280289326198595,0.596511644801357,0.999285360615371
CDC73,-0.147128277746369,6.32890259080329,0.280045315099862,0.596671517151685,0.999285360615371
MAP3K14-AS1,-0.425214502122111,3.74046079263412,0.279889851542873,0.596773421005487,0.999285360615371
COG3,0.273021935605764,5.08280649918686,0.279828476072396,0.596813661609373,0.999285360615371
CCDC125,0.320708382608104,4.11105064454752,0.279740206463593,0.596871545160798,0.999285360615371
TXNL1,-0.147278758856839,6.54987437747695,0.279457827545286,0.597056796082582,0.999285360615371
ATG13,-0.219000175243992,5.17123759377074,0.279418301398046,0.597082736237374,0.999285360615371
MRPL44,0.216338346662375,5.13931744043949,0.279379121002389,0.597108451799666,0.999285360615371
GSTO1,0.145819657138625,6.92782654752239,0.279284929661504,0.597170282548088,0.999285360615371
IFITM1,0.222278479677404,6.75136128716303,0.279122739538867,0.597276781526517,0.999285360615371
ZNF43,-0.332298785027944,4.44560527916143,0.278937917288243,0.597398189708653,0.999285360615371
PER2,0.325464374843218,4.28218700672487,0.278932314305258,0.597401871064359,0.999285360615371
GZMK,0.205315922108792,6.78131291114421,0.278553279918917,0.597651019779216,0.999285360615371
CTU2,0.392848642981135,4.01301429025651,0.27851878613145,0.597673704159809,0.999285360615371
RPL34,-0.084114240640268,12.4055224438345,0.278509305838043,0.597679939063316,0.999285360615371
SET,-0.080413632029368,9.28126758826289,0.278336981320013,0.597793295363042,0.999285360615371
OTUD6B,-0.25068005612361,4.84565440903514,0.278241979879226,0.597855807172708,0.999285360615371
OSBPL7,0.317643179047091,4.29172750811265,0.277776579305044,0.598162242218542,0.999285360615371
MAML2,-0.231366645787972,5.90752987787177,0.277691860642765,0.598218059057903,0.999285360615371
TGFB1,-0.169203539439187,7.79073363869937,0.277587793070911,0.598286638805888,0.999285360615371
DERA,0.288364460669153,4.55004810669754,0.277552353047888,0.598309997263697,0.999285360615371
ZNF598,0.286672778947017,4.61321305151691,0.277520700342251,0.598330861117914,0.999285360615371
STOM,-0.173077802658226,6.73811541251745,0.277385030232892,0.598420305179822,0.999285360615371
IRF2BP2,0.169034105901303,7.21308234949494,0.277330235186305,0.598456438166533,0.999285360615371
RBBP7,-0.167503959432029,6.18852032567914,0.277097969832354,0.598609649387148,0.999285360615371
RPS23,-0.0772709707008344,11.9561577702962,0.277094099527609,0.598612203084543,0.999285360615371
RGS14,0.169040914990653,6.02054085856747,0.277070452316163,0.598627806439052,0.999285360615371
ITGA2,0.463124822855298,4.15341263938616,0.277038159084881,0.598649116149026,0.999285360615371
SH3BGRL3,-0.0903725981898736,10.9714014648746,0.276939412026948,0.59871428735978,0.999285360615371
C1GALT1,0.171067225075086,6.01200638677522,0.27681467233743,0.598796634433114,0.999285360615371
PIEZO1,0.201303603235557,5.83641724570888,0.276668703052952,0.59889302633805,0.999285360615371
GPR137B,0.297336706517702,4.96189165013597,0.276419213631122,0.599057853723887,0.999285360615371
CD82,0.14849997346126,6.71403254906405,0.276292279698531,0.59914175018978,0.999285360615371
CCAR2,-0.25488853819332,4.99472672346097,0.276131260077118,0.599248210850822,0.999285360615371
DNAJB1,0.195426300998043,7.03320116956788,0.275811730368979,0.599459590303216,0.999285360615371
PRRC2C,-0.0615804757591644,9.07033322411466,0.275722915271523,0.599518372166648,0.999285360615371
PFDN6,0.166102481708788,6.28580620331752,0.275612771427447,0.599591287141784,0.999285360615371
SUPT5H,-0.14343965496699,6.46549194702877,0.275522141191473,0.599651298091775,0.999285360615371
CHIC1,0.282064438638459,4.44468648117132,0.27549125460677,0.599671752567602,0.999285360615371
MRPL54,0.116912245464516,7.04213656003862,0.274979907623404,0.6000106020958,0.999285360615371
NUDT22,-0.203657415180244,5.79117173937701,0.274846559346212,0.600099032784168,0.999285360615371
KPNA1,-0.185146604732496,5.67405312600429,0.274845564097028,0.600099692892285,0.999285360615371
RPL36AL,-0.0592853829510735,9.84998454585815,0.274506081662267,0.600324946670871,0.999285360615371
PHACTR2,0.179722216994593,7.23814759047754,0.274390764841208,0.60040150221409,0.999285360615371
GTF2H3,-0.242905623918104,4.87915488189265,0.274170850758001,0.60054755373641,0.999285360615371
HLCS,0.349011143579321,4.05632086912876,0.27405863302679,0.600622109650015,0.999285360615371
SLC9A1,-0.331957778812913,4.40103890387236,0.274053702441785,0.600625385908702,0.999285360615371
MTG2,-0.276920533059414,4.56811446972137,0.274022679510665,0.600646000783977,0.999285360615371
PSMC3,-0.148551226670428,6.34823532797827,0.273821242672152,0.600779892635479,0.999285360615371
NCDN,-0.336016637732911,4.39713702644627,0.273747909187861,0.600828651808695,0.999285360615371
SPPL2B,0.283506766564542,4.66107329391151,0.273681835872688,0.600872590845981,0.999285360615371
GIPC1,0.187560089408104,5.62410994351555,0.272438460890484,0.601700702909737,0.999285360615371
PPP2R5A,-0.147510920723201,6.10032111372134,0.272410184290148,0.601719563623742,0.999285360615371
YTHDF2,0.134138280787308,6.25933053421325,0.272390200007596,0.601732894048024,0.999285360615371
POLM,-0.277539364690858,4.78055338818279,0.272360383068246,0.601752784457819,0.999285360615371
TPRN,-0.349539889927824,3.93441726272494,0.271865393532998,0.602083186724794,0.999285360615371
E2F4,-0.182929146710695,5.74973945733901,0.271679234342638,0.602207545759057,0.999285360615371
MRPS12,-0.146943421802542,6.28424822804232,0.271666339455621,0.602216161875152,0.999285360615371
MRPL50,-0.200442265194306,5.50310292866918,0.271655908397779,0.602223131898122,0.999285360615371
PGGT1B,0.204428302588311,5.35179344658093,0.271551882309968,0.602292651343792,0.999285360615371
BDP1,0.147044018494356,7.18043742502496,0.271461757751709,0.602352894246325,0.999285360615371
ICMT,0.26769078216132,4.60302703328031,0.271422185404589,0.602379350022058,0.999285360615371
ATXN1L,0.297972429132118,4.38097555386494,0.271374699857102,0.602411099341267,0.999285360615371
TRA2A,0.092272334611141,7.4403663620374,0.270994330191151,0.602665545887541,0.999285360615371
RABL3,0.280014022031784,4.46729537794591,0.270949820348399,0.602695335374173,0.999285360615371
CCDC47,0.159526765531856,6.00325628067132,0.270758553966814,0.602823381280808,0.999285360615371
EIF1AX,-0.109048675304831,7.57370749951173,0.270344775819513,0.603100587520593,0.999285360615371
PAXIP1-AS2,-0.271145656485778,4.44696707087503,0.270226523889054,0.603179858647274,0.999285360615371
GCC2,-0.0803587990412147,7.99397965825607,0.270218263338236,0.60318539699676,0.999285360615371
LEO1,-0.231521321905995,5.63946665276961,0.270159058034309,0.60322509479316,0.999285360615371
POLG,0.207923584573821,5.34470315803455,0.269767969724619,0.60348746261274,0.999285360615371
AKIRIN2,0.178447541897319,6.33164189377256,0.269372984735227,0.603752689802215,0.999285360615371
NUP37,0.237081975473726,5.07149523664903,0.269327036634316,0.603783559368113,0.999285360615371
TMEM107,-0.243775063366763,5.46631623447508,0.268839796660654,0.604111110302149,0.999285360615371
POLR2A,-0.143097802997914,6.34024951545773,0.268775806728797,0.604154156015303,0.999285360615371
ZNHIT6,0.158512123729891,5.75945241479711,0.268612078535632,0.604264324773656,0.999285360615371
RPS8,0.0821361852670905,12.2549375528596,0.268427823236561,0.604388356678712,0.999285360615371
ZNF600,0.331401043267954,4.4132542660726,0.268365146568954,0.604430559938428,0.999285360615371
CYC1,0.156123826190454,6.09642702223237,0.268259352255527,0.604501810596205,0.999285360615371
SMARCD1,0.169636122562375,6.11413975407013,0.26813834050758,0.604583331786278,0.999285360615371
MAP4K5,0.233183402225525,4.93053159788442,0.268011331385093,0.604668918282917,0.999285360615371
DDX17,0.103349667356889,8.92802222370162,0.267951091215462,0.604709520775828,0.999285360615371
STXBP3,0.172875771257919,6.16963344090608,0.267751151907017,0.604844323414683,0.999285360615371
ITK,-0.136064191569148,6.91980030495598,0.26754449550862,0.604983721910373,0.999285360615371
SLC35B4,0.349738470096152,4.21989687596797,0.267384243575812,0.605091865611878,0.999285360615371
FKBP3,0.122643826534187,6.61748095604619,0.267313019645904,0.605139943236187,0.999285360615371
OTUD4,-0.179631854887123,5.65318689758445,0.267135280786324,0.605259956051313,0.999285360615371
NDUFB2,0.107977259314903,8.52944902540496,0.267025529708405,0.605334087429896,0.999285360615371
ICA1,0.416460045133445,5.31728724215383,0.267007608407109,0.605346194208215,0.999285360615371
MORC4,0.368044284429385,3.84467100813797,0.266762340778396,0.605511937100789,0.999285360615371
RNF139,-0.246556960879125,5.46241277415774,0.266371557355672,0.605776213758114,0.999285360615371
TRANK1,-0.178931729231076,5.85982315436236,0.265425915733413,0.6064167438498,0.999285360615371
KCTD6,0.860244798577433,3.96938544579685,0.2651737825074,0.606587770003746,0.999285360615371
DNAJC15,0.218626720868515,6.6620405987137,0.26484532815314,0.606810720402784,0.999285360615371
TESK1,0.265019371499452,4.94549337538704,0.264148489548667,0.607284304713997,0.999285360615371
DEK,-0.100191829739256,8.80114270532238,0.263805804814826,0.607517489266105,0.999285360615371
MXI1,-0.192504776230496,5.23517158288819,0.263772745859848,0.607539994809653,0.999285360615371
LRP12,-0.394769818757007,4.58185032795179,0.263460250815431,0.607752820149019,0.999285360615371
MSH3,-0.182538882174771,5.20086995396375,0.263319251516631,0.607848900201056,0.999285360615371
TMEM273,-0.19842929632532,5.22874627661791,0.263187002563189,0.607939047113022,0.999285360615371
FUT8,-0.187810802093802,5.76712391726872,0.263048585234888,0.608033429318191,0.999285360615371
HINT3,-0.304613588434882,4.51696526566481,0.262934846306219,0.608111007615309,0.999285360615371
FRY,-0.343968966575743,4.0150284363778,0.262826185453271,0.608185142087597,0.999285360615371
ARID4A,0.128220374889561,6.6109445601903,0.262789708704966,0.60821003289103,0.999285360615371
BCKDHB,0.345193474628767,4.16141083726913,0.262492027710913,0.6084132444003,0.999285360615371
PDZD11,0.204326839316343,5.40364874560979,0.262304925946346,0.608541043618575,0.999285360615371
KLHL12,-0.378963950707427,4.27424381952234,0.261911441099965,0.60880999993926,0.999285360615371
NT5DC1,0.211236279800289,5.25766034827138,0.261869290845794,0.608838825763374,0.999285360615371
MLEC,0.196528614070305,6.43791271617622,0.261751462773955,0.60891942186042,0.999285360615371
SAFB2,-0.150152347001402,6.15283582092856,0.261651504438898,0.608987812747118,0.999285360615371
DMXL1,0.234767504961024,4.97572084616003,0.260619151071442,0.609695108528515,0.999285360615371
COX15,0.230143879038135,4.78371389284926,0.260403308136187,0.609843212053838,0.999285360615371
UBN1,0.135231959070738,6.11806885942342,0.260224503647372,0.609965959752958,0.999285360615371
RTF2,0.142983771220926,6.72606781713774,0.259841244595549,0.610229242846742,0.999285360615371
ILKAP,0.191112010265754,5.64170007348133,0.259830560681223,0.610236585757223,0.999285360615371
TMEM71,-0.222053930362836,5.03253048173392,0.259566991392294,0.6104177936305,0.999285360615371
C5orf22,-0.338692467360572,4.27570451625129,0.259124684720767,0.610722146729682,0.999285360615371
GPR180,-0.32474834851472,4.37791420916193,0.25912440216284,0.610722341263499,0.999285360615371
TOB1,-0.155134187168091,6.66561618345433,0.25869403524305,0.611018792873218,0.999285360615371
ACADM,0.181538819967343,5.74798006151644,0.25859190628826,0.611089188391081,0.999285360615371
CNIH1,-0.151646163862966,6.31894176596087,0.258589406357945,0.61109091176417,0.999285360615371
HMG20B,0.218919964319537,5.37017896956191,0.2583074290098,0.611285365372926,0.999285360615371
LY96,0.279200395179162,4.82180336531077,0.258305541578292,0.611286667409162,0.999285360615371
TSTD2,-0.279894113985394,4.38422850262864,0.258277305588216,0.61130614659602,0.999285360615371
SH2D3A,-0.236894772159482,4.84386621481483,0.258221964192227,0.611344328899292,0.999285360615371
RFC2,0.234993736206834,4.66429597336579,0.258193263465104,0.611364132737633,0.999285360615371
ADAM17,-0.169346686479192,5.97849724630712,0.258032081777259,0.611475375727496,0.999285360615371
NIBAN1,0.34861428159385,7.08070164092619,0.257992787306286,0.611502502273921,0.999285360615371
ALOX5AP,-0.117077595147442,8.36845295312885,0.257790362751894,0.611642285238344,0.999285360615371
SAMHD1,-0.103493738858131,7.79074735455657,0.257667742031696,0.611726993757757,0.999285360615371
CRAT,-0.373659885723675,4.0712459430878,0.257612026214296,0.611765491586426,0.999285360615371
CAPZB,-0.110152755595094,8.16087746116924,0.25755095765059,0.61180769400446,0.999285360615371
NDUFC1,0.117201890942901,7.15917388588615,0.25737283030421,0.611930827739129,0.999285360615371
ESCO1,-0.161469969043507,6.10317254585536,0.257072916897869,0.612138269379084,0.999285360615371
ATM,-0.119440091421868,7.68485857671636,0.256977235635034,0.612204481413513,0.999285360615371
PTPRA,-0.118539659549728,7.19038761963451,0.256672912695933,0.612415177859887,0.999285360615371
PTBP2,0.22357177608352,4.83476253634302,0.25656483366302,0.612490043603317,0.999285360615371
PAQR8,-0.260686531498827,4.5944615778658,0.255772721924474,0.613039340604989,0.999285360615371
MGAT5,-0.176080041019874,5.59777504446965,0.255703418869082,0.613087450226538,0.999285360615371
RAB3GAP1,0.179575400220175,5.86012686722784,0.255249816768544,0.613402539451637,0.999285360615371
ANKIB1,0.155729337697668,5.797894581277,0.255177302693742,0.613452943054895,0.999285360615371
CENPL,0.351511459114774,3.96631983122711,0.255109357804848,0.613500178833636,0.999285360615371
INPP4A,0.146323657292168,6.33048513357258,0.255077182325863,0.613522550214242,0.999285360615371
TRMT6,-0.230130222687484,5.21187472720276,0.254979462966531,0.613590504644451,0.999285360615371
TTC27,0.349762496382503,4.09892670731591,0.254941720805821,0.613616755067529,0.999285360615371
MAFK,0.263098239094123,4.60067616120057,0.2548521794455,0.613679042620105,0.999285360615371
RPL32,-0.0689702611083938,12.2956632455662,0.254786603611418,0.613724667772192,0.999285360615371
DUSP4,0.194342620465943,6.7334959388722,0.254696747467733,0.613787198198792,0.999285360615371
CHMP1B,0.176642074578722,6.03683885925866,0.254666236610717,0.613808433694173,0.999285360615371
NAA30,-0.24014951577712,4.6954776110533,0.254423650856083,0.613977329710095,0.999285360615371
RTL8C,-0.293162389587782,4.53490413693787,0.254392521299721,0.613999010421482,0.999285360615371
PPME1,0.258687917994994,4.95207418370303,0.254326986165506,0.614044658924863,0.999285360615371
EFCAB2,-0.296785026228259,4.45381226158885,0.253920265510697,0.614328125312615,0.999285360615371
ABL1,-0.311002384274091,4.32204113294642,0.253756996496318,0.614441996703849,0.999285360615371
RAE1,-0.289918657563637,4.8258958940939,0.253641242667293,0.614522756625932,0.999285360615371
MYH9,-0.0987144130019896,8.29107297274675,0.253444414998853,0.614660133753691,0.999285360615371
ABRAXAS2,-0.257119101067434,4.61828439666275,0.253299061093514,0.614761627367598,0.999285360615371
FAM241A,0.207224990299257,5.39407591146958,0.253080340421732,0.614914418252549,0.999285360615371
DHX29,-0.164728802040114,6.02170213168831,0.252785531837255,0.615120492551606,0.999285360615371
CHSY1,0.236111650255445,4.72359573197377,0.252428527903469,0.615370243682731,0.999285360615371
PES1,-0.355597813780043,4.34717266276917,0.252410255659516,0.615383032442173,0.999285360615371
RNF185,-0.268038272948444,4.23762333662847,0.252186984174207,0.615539347189634,0.999285360615371
NDUFB8,-0.0945546990112449,7.90978461734934,0.251992307247019,0.615675713309425,0.999285360615371
CRLS1,-0.285408184527557,5.01622299675005,0.251891943156341,0.615746041507618,0.999285360615371
INTS1,-0.188314757712411,5.31345371351871,0.251850408288632,0.615775151395464,0.999285360615371
ZNF253,0.351628424401978,4.04330321907963,0.251702753710489,0.615878660066522,0.999285360615371
NPAT,0.165171783607025,5.7700903616918,0.251648320249316,0.615916828546605,0.999285360615371
PEX3,0.322483539972391,4.24953060668767,0.251592430183969,0.615956023767011,0.999285360615371
AKIRIN1,0.118788503109853,6.53822829023764,0.251452455241179,0.616054210903369,0.999285360615371
CD226,0.145749600816002,6.56070016275462,0.251443608394521,0.616060417781223,0.999285360615371
HSPBP1,0.268287013100262,4.39917557939508,0.251340991970366,0.616132422642021,0.999285360615371
DXO,-0.372214752849536,4.10428789758416,0.251328918226911,0.616140895869593,0.999285360615371
SLC39A1,-0.225423731009166,5.06305324836472,0.251074722956773,0.616319346618146,0.999285360615371
LINC02446,0.366328784900287,5.75197210388481,0.25091202012846,0.616433626959974,0.999285360615371
ZNF689,0.322579535165557,3.9675795798771,0.250807965750237,0.616506737698147,0.999285360615371
SNRPD3,0.1390320954137,7.01043936145861,0.250753694593858,0.616544877252025,0.999285360615371
ATP13A3,0.14703718341565,5.98234019224492,0.250597818810707,0.616654449104546,0.999285360615371
RPS18,0.0773607486929257,12.5309357645537,0.250590286959124,0.616659744649171,0.999285360615371
RAB11FIP2,0.262439299526554,5.02625697785218,0.250402747853382,0.616791633001248,0.999285360615371
CLINT1,-0.103727197583774,7.09936721576019,0.250086129344126,0.617014437668822,0.999285360615371
CANX,0.0977529909749499,7.46680786917986,0.249971402474095,0.617095214566431,0.999285360615371
WASHC1,-0.268260194099445,5.37621842462917,0.249889690659071,0.617152760352498,0.999285360615371
NFKBIA,0.229753161827581,8.66917101160553,0.249886702413153,0.617154865056354,0.999285360615371
GNL1,-0.172381354198895,5.47094782556282,0.249803182666909,0.617213696677046,0.999285360615371
FAM215B,0.283841459493482,5.34728364739285,0.249702241535275,0.617284816393885,0.999285360615371
WASHC4,0.161832332494261,5.78199289157589,0.249537033546183,0.617401255142186,0.999285360615371
SF3B6,0.105814281015322,7.48468276779271,0.249487754439773,0.617435996429029,0.999285360615371
SEC24D,-0.229108217219465,4.82531621727811,0.249426781315682,0.61747898781796,0.999285360615371
SH3KBP1,0.0794852156505758,7.64289489664062,0.249344807430347,0.617536796929475,0.999285360615371
P4HA1,0.203868450751337,5.27699658666965,0.249320405045552,0.617554008119962,0.999285360615371
NFIA,-0.434733470902735,4.53534828168256,0.249171497822189,0.617659056342917,0.999285360615371
ELAC1,0.344234588977344,4.23500108337591,0.249057334282774,0.617739620813133,0.999285360615371
GOSR2,-0.223316173584382,5.35460610453978,0.248981187413492,0.617793369988355,0.999285360615371
BLOC1S2,-0.129289938047584,6.365101335755,0.248768647875703,0.617943447887963,0.999285360615371
CEP170,-0.206348906600234,4.92463453257959,0.24826032633835,0.618302707629784,0.999285360615371
NIF3L1,-0.25308548372933,4.34284669267611,0.248150997931745,0.618380036216073,0.999285360615371
NDUFB5,-0.141306735623606,6.58411549795086,0.248122777168934,0.618400000369964,0.999285360615371
TMC8,0.142026360249267,6.57814597348551,0.24800805462854,0.618481172883335,0.999285360615371
YTHDF1,-0.208086417091419,5.07431355539522,0.247986432923749,0.618496474053857,0.999285360615371
NANS,-0.209569530886968,5.26794567715903,0.247965982216144,0.618510947303367,0.999285360615371
EDEM3,-0.177137569918865,5.53180081818198,0.247862908912509,0.618583905049702,0.999285360615371
LINC00342,0.181473054830249,6.20648556853835,0.247704874963492,0.618695802023499,0.999285360615371
ETV7,0.3177862285702,4.83515679241685,0.247446322673945,0.618878967742038,0.999285360615371
TMEM165,0.124060057690446,6.7002639836647,0.247428323249704,0.618891723484522,0.999285360615371
INO80E,-0.217752161479104,5.2341930155284,0.247155746820308,0.619084962375434,0.999285360615371
ZNF48,-0.312744641330301,4.20624560612736,0.247101530101375,0.619123414333315,0.999285360615371
PIGM,-0.297753039160745,4.07501525801415,0.246926669784155,0.619247465837149,0.999285360615371
TTC5,0.236243950343064,4.84627752609941,0.246897201611919,0.619268376893768,0.999285360615371
CCT4,0.147296701348021,6.95485720029111,0.246879968235408,0.619280606677076,0.999285360615371
SERPINI1,-0.432136708194762,3.8054654379962,0.246587468053882,0.619488262651458,0.999285360615371
TRMT2B,0.287550634799356,4.50803664302977,0.246264874991702,0.619717460711935,0.999285360615371
ZBTB2,0.262575625760394,4.57534166573809,0.246232821903323,0.619740244219478,0.999285360615371
HERC6,0.236417867106222,4.99705172421209,0.246046905133206,0.619872431318271,0.999285360615371
MFSD3,-0.424145938995892,3.88344308920695,0.245227263669918,0.62045594061877,0.999285360615371
RBM39,-0.0624422449442919,8.89581583674078,0.245171714115969,0.620495530707021,0.999285360615371
PPP2R5B,-0.35094689066905,3.95373569064077,0.245153794179785,0.620508303411475,0.999285360615371
TMEM222,-0.182124490507161,5.4015367340238,0.244865010292582,0.62071421868212,0.999285360615371
USP47,-0.126649061890372,6.44819788950125,0.244767472628741,0.620783801359177,0.999285360615371
CCDC28B,0.332468308107163,4.19909585959638,0.244695652384998,0.620835048444134,0.999285360615371
CALCOCO1,-0.191410568320472,5.67463552210867,0.244381489143805,0.621059328626437,0.999285360615371
CHST12,0.154176484708421,6.28697840534714,0.244327636008094,0.62109779222535,0.999285360615371
TNFRSF10A,0.28628446330673,4.78892442773433,0.243866025577116,0.62142770544146,0.999285360615371
SNRNP35,-0.179278953192578,5.67322804658515,0.243707373548103,0.621541183811782,0.999285360615371
ZXDC,0.216057915796779,4.85802044220761,0.243589563261132,0.621625479206367,0.999285360615371
ATPAF1,0.233319792333617,5.19039996217672,0.243317603633777,0.621820168093936,0.999285360615371
SRD5A1,-0.431990635468855,3.94871530515562,0.243144320042077,0.621944287918828,0.999285360615371
GMPR2,0.199295995758592,5.37491087302645,0.242973936515568,0.622066384102467,0.999285360615371
DDX39B,0.102865825706704,7.07416140066205,0.242724251887179,0.622245403311629,0.999285360615371
TNFRSF9,0.414309547304429,5.44428480153019,0.24269213957583,0.622268435542017,0.999285360615371
TCTA,-0.318149481020035,4.45866022450316,0.242635092734844,0.622309356481833,0.999285360615371
HOXB-AS1,0.32138657480569,4.61897613112417,0.242503184372033,0.622404000116082,0.999285360615371
PTGES2,0.225377526824449,5.17080328832323,0.242342186471578,0.622519558707441,0.999285360615371
NF2,-0.218669376470778,4.9846272411198,0.242190010706215,0.622628828930388,0.999285360615371
ATP2A2,0.156269141917009,5.74728562134987,0.24203278449999,0.62274177043484,0.999285360615371
STRN,-0.208850592200143,5.71800277607263,0.241942781081821,0.622806443787001,0.999285360615371
PSMC2,-0.226842252437096,5.75689482778773,0.241736436596803,0.622954772225149,0.999285360615371
C11orf54,0.214961963510531,5.21233595472652,0.241227348577393,0.623321060993183,0.999285360615371
C6orf89,0.144305530093399,5.87432110305015,0.241146218645071,0.623379478280186,0.999285360615371
SLC35A1,-0.267506569550013,4.69210605344351,0.241103053397811,0.623410564216816,0.999285360615371
SNX6,0.0746329880991569,7.97725721738389,0.241094260458553,0.623416896973984,0.999285360615371
PAPSS1,-0.232710520038021,5.15371834611326,0.240843222387124,0.623597757429787,0.999285360615371
CNNM3,-0.209146361320732,5.12992448685032,0.240673521513727,0.623720084742745,0.999285360615371
ADO,0.259757215360724,4.65758675302858,0.240599059940632,0.623773776572625,0.999285360615371
HSP90AA1,0.0857440464685508,10.0970272418417,0.239939014555368,0.624250165131786,0.999285360615371
IMPDH1,-0.211674969552557,5.21368250261583,0.23988277537546,0.624290793377604,0.999285360615371
SMG9,0.3204149126801,4.55758898352797,0.239734392276137,0.624398016481614,0.999285360615371
STAG2,0.0903849693811059,7.18291579471163,0.23966362767338,0.624449166175797,0.999285360615371
DNAJC10,-0.21621739386896,5.63135404510176,0.239613734805282,0.624485235100709,0.999285360615371
REV1,-0.174440341523571,5.34208807397731,0.239577725784386,0.624511269903361,0.999285360615371
SENP7,-0.122747395494458,6.71835142111226,0.23941710252603,0.624627431316735,0.999285360615371
POP4,-0.226553215709445,5.31896557587736,0.239303791286154,0.624709406124511,0.999285360615371
KIN,-0.180077751083681,5.72631512856354,0.239118805632788,0.624843285354405,0.999285360615371
ADH5,-0.124533293920366,6.44192429706516,0.238944386812079,0.624969575863128,0.999285360615371
UBQLN1,0.129529335711838,6.20583758968091,0.238903740755916,0.624999014441363,0.999285360615371
UBE2D4,-0.298164509150426,4.09640757843903,0.238803834485392,0.625071386397045,0.999285360615371
SIRT6,-0.300778844385947,4.5717515169589,0.238748904803408,0.625111185368545,0.999285360615371
MAP3K4,-0.163389529070232,5.99372514591325,0.23829188088812,0.625442539391628,0.999285360615371
SAP30L,-0.239007634766891,4.9278919095801,0.238120058066713,0.625567217105628,0.999285360615371
ZMPSTE24,0.197671388157898,5.33192373263255,0.237906244291256,0.625722442004198,0.999285360615371
TUBB,0.152783878150323,7.36153047043165,0.237551711722958,0.625980016574987,0.999285360615371
EMP3,-0.121658475984012,9.41049205745692,0.237407423306557,0.626084912926074,0.999285360615371
HOMER1,-0.317872619577513,4.08998284114032,0.237379858339533,0.626104956890746,0.999285360615371
CCNK,-0.157880574330173,5.96420861511857,0.23704260458987,0.626350308830893,0.999285360615371
PSD4,0.176313588818619,5.75283156910282,0.23680066364394,0.626526453789503,0.999285360615371
MFGE8,-0.285928058023144,4.16913258516508,0.236726089291263,0.626580770040098,0.999285360615371
FAS,-0.191449186928371,5.88283895086653,0.236664884026808,0.626625356817642,0.999285360615371
CEP83,-0.313571059621621,4.30721455906398,0.23607361982317,0.627056448189956,0.999285360615371
SNRPF,0.131226455525583,7.55299110188405,0.236019916329628,0.627095636512283,0.999285360615371
FLCN,0.237930288409647,4.73762468923269,0.235493458078118,0.627480093853458,0.999285360615371
MICB,0.271933750640083,4.52456527414037,0.235466999072845,0.627499430113258,0.999285360615371
GTF2A1,0.180801971641747,5.4081060294144,0.235262274372598,0.627649088457045,0.999285360615371
LIMK2,0.38439095387069,4.32916309847692,0.23521077899893,0.627686745389431,0.999285360615371
TOR1B,0.323488435361358,4.3490391854204,0.23516046282834,0.627723544926541,0.999285360615371
ATP11B,0.133885125845489,6.08938085807529,0.235018170929104,0.627827638712468,0.999285360615371
FRAT1,-0.349393581940253,4.1945722175578,0.234898099165015,0.627915507616048,0.999285360615371
BCL11B,-0.0692685517590463,8.96181379796717,0.234580287198281,0.62814821736038,0.999285360615371
BAX,-0.11744634169193,7.19331422253841,0.234170729604831,0.628448392684584,0.999285360615371
CCT2,0.125809803690666,6.48485821591583,0.233974371778679,0.628592423307868,0.999285360615371
CTNNBL1,0.141526405023893,5.88488733444169,0.233968149429543,0.628596988688272,0.999285360615371
SPATA2L,-0.342266010056608,4.27003877977522,0.233739656167174,0.628764687675025,0.999285360615371
RYBP,0.181960047837602,5.64538926221259,0.233716032875966,0.628782031380347,0.999285360615371
LINC01588,0.258795598970233,4.83243614943294,0.233711336693364,0.62878547934407,0.999285360615371
MTRR,-0.212216152832103,4.68277259397627,0.233676338730371,0.628811176391812,0.999285360615371
SYNGAP1,-0.215641508540655,4.90113580529573,0.233527279414126,0.628920648909901,0.999285360615371
GPATCH11,-0.167274690209709,5.44569420188975,0.233489516386079,0.628948389769923,0.999285360615371
TRAF5,-0.151988875539869,6.38814429874055,0.233322461466866,0.629071142137837,0.999285360615371
KCTD2,-0.335935485456791,4.32282563166183,0.233071651113963,0.629255540013786,0.999285360615371
GPR34,0.407382434250738,4.00752745803452,0.232810373403559,0.629447763730484,0.999285360615371
FTO,-0.235202543811344,4.72987287664367,0.232807668051677,0.629449754770959,0.999285360615371
MAP3K3,-0.173620253424761,5.20252436834901,0.232746677398868,0.629494645456056,0.999285360615371
OXSR1,0.23699172458692,5.20929089144229,0.232505695035766,0.629672085610513,0.999285360615371
ABHD15,0.238020497549918,4.76620622908764,0.232216075066269,0.629885488628943,0.999285360615371
APC,0.182167599594089,5.38144109111338,0.232007302106144,0.630039422222982,0.999285360615371
NFU1,0.179515496218527,5.32127686168149,0.231287917103408,0.630570497455765,0.999285360615371
TLE5,0.441745439788664,8.53140261358964,0.230970837782564,0.630804899466978,0.999285360615371
CDKL1,0.313624229486388,3.80913665567049,0.230567425958853,0.631103409545649,0.999285360615371
TMEM128,-0.197170524483575,4.95498509849847,0.230493916319093,0.631157838614591,0.999285360615371
C19orf12,0.194502562568574,5.48201651879958,0.230415412742918,0.631215977160138,0.999285360615371
LDLR,0.180854767539232,5.8513800765033,0.230409449314472,0.631220394081851,0.999285360615371
GSDMD,-0.124854957641741,6.594561784843,0.23019338452475,0.631380473853775,0.999285360615371
RNASEK,0.200381698885962,8.9969085128512,0.230056906018941,0.631481636749514,0.999285360615371
TESC,-0.240266212924297,5.54599416765659,0.229974844222397,0.631542481745987,0.999285360615371
COLGALT1,-0.244326571903051,4.87014286237679,0.22958247227276,0.631833591943127,0.999285360615371
FUCA2,-0.288712708138351,4.35355320296611,0.229240804810249,0.63208733250404,0.999285360615371
UGGT1,-0.190517773291533,5.49842035134743,0.229101521772446,0.632190838243303,0.999285360615371
NUP85,0.251069130816132,4.47853842418519,0.228545045611639,0.632604760016935,0.999285360615371
CENPM,-0.226296238060173,4.95044725106235,0.228440486406434,0.632682603012697,0.999285360615371
PYGO2,0.193847790271407,5.14657219818033,0.228398356149196,0.632713974637813,0.999285360615371
PSMF1,0.158565870673918,6.16382489359889,0.228385576689327,0.632723491361658,0.999285360615371
PPOX,0.2999886680968,4.21572694533053,0.228379012393056,0.632728379848368,0.999285360615371
TCP11L2,-0.213741152667204,4.97798294359885,0.228255601350117,0.632820301157989,0.999285360615371
GLCCI1,-0.19425140708149,6.2088498585481,0.228010074968317,0.633003269490431,0.999285360615371
TBCEL,0.382655602753154,3.82136899740764,0.22797113905493,0.633032295973906,0.999285360615371
PAFAH1B1,0.117973161125648,7.04062777203895,0.227850531785734,0.633122227271312,0.999285360615371
MED29,-0.210178861610944,5.14280509410201,0.227836392592984,0.633132772131259,0.999285360615371
COG5,-0.195188816535268,5.17224916287468,0.227606987950018,0.633303915844013,0.999285360615371
GRAMD4,-0.294140784579773,4.36184348335967,0.227542198607964,0.633352270083163,0.999285360615371
SLC25A26,0.192854460594611,5.18298043770938,0.227326284476803,0.6335134743392,0.999285360615371
SLC25A46,0.194593642412488,5.31397379677404,0.227200976861578,0.633607073702578,0.999285360615371
PTEN,0.136507146194799,6.58333149331543,0.227130165724113,0.633659980564798,0.999285360615371
C1orf52,-0.166829455136915,5.45632964846901,0.227087172806149,0.633692107856108,0.999285360615371
INTS6-AS1,-0.264282671523636,4.24662065765711,0.226719670541378,0.633966883448433,0.999285360615371
RCBTB2,-0.32166200745968,3.89768932374681,0.226520702552634,0.634115762654229,0.999285360615371
BMPR2,0.222472424348695,4.95309249836098,0.226518602535453,0.63411733443457,0.999285360615371
MYO9B,0.146159027098457,6.2272647762037,0.226507115534648,0.634125932161433,0.999285360615371
MRPS21,0.120679641429246,7.57701839482842,0.226389119560491,0.634214264620107,0.999285360615371
ABHD16A,0.241716608170388,4.96874878966631,0.226367535465553,0.634230425650827,0.999285360615371
FBXO30,-0.262076771230844,4.24245181758957,0.226324205818088,0.634262871455754,0.999285360615371
SHMT2,-0.174517797433445,5.59035301936224,0.226275068089834,0.634299671036461,0.999285360615371
PSTPIP1,-0.135866472567581,6.4107593105093,0.226037926018211,0.6344773372714,0.999285360615371
BAZ1A,0.141541769650127,7.21440050507611,0.225821580805551,0.634639522251946,0.999285360615371
GOLGA5,-0.209560369646581,4.87624929294336,0.225702394898061,0.634728911642193,0.999285360615371
PRDX5,0.0968277694127224,7.66019753994824,0.225641307079215,0.634774738699468,0.999285360615371
ZFP36L2,-0.135277765794836,9.26054001451806,0.225411364069092,0.634947306292393,0.999285360615371
TCEA2,-0.200711456809262,4.88772493409597,0.225383095838785,0.634968528473343,0.999285360615371
PLEKHA1,0.22794771995584,5.54541127083979,0.225289598442352,0.635038732624894,0.999285360615371
MTA3,-0.267451720850659,4.47077455766364,0.225275855637509,0.635049053154291,0.999285360615371
RAB27A,0.150873672161428,7.03496087065961,0.225186371175255,0.63511626335529,0.999285360615371
STK4,0.0772357959745035,8.93238473447943,0.225015289260444,0.635244805518639,0.999285360615371
LAGE3,0.161645876709897,5.92931652593062,0.22496684031924,0.635281218440784,0.999285360615371
TK2,-0.265756589064852,4.46303854605686,0.224833089917375,0.635381766586542,0.999285360615371
MEAK7,-0.509861107116069,3.67707204501692,0.224741676071847,0.635450508896499,0.999285360615371
ZNF24,0.138581591350559,6.10406571386525,0.224709885964785,0.635474418756,0.999285360615371
ZNF708,-0.22219698719586,5.05498480200366,0.224248934167374,0.635821341126013,0.999285360615371
TNF,0.322328142459444,6.22692900602579,0.224212884774641,0.635848491083692,0.999285360615371
ARPC5,0.100858830940179,8.56653292164634,0.224129443093513,0.635911343950357,0.999285360615371
CDK5RAP2,0.198934073953817,5.31839453000423,0.224080336282892,0.635948340597755,0.999285360615371
FGFR1OP2,0.0918858060089259,7.25085505785634,0.224021816891486,0.635992435083006,0.999285360615371
DIAPH1,-0.127565293133603,7.70670733053407,0.22381940609446,0.636145006428091,0.999285360615371
FUNDC1,-0.252006335427382,4.75829268046948,0.223485628979486,0.636396782373181,0.999285360615371
RSRC1,-0.140659952573966,6.01742717152152,0.223436535708192,0.636433833987275,0.999285360615371
PARP15,0.153377683085075,5.50227968820192,0.22336840115705,0.636485264665698,0.999285360615371
PIM3,0.219332878367454,6.78158907610695,0.223240805370835,0.636581604875299,0.999285360615371
ATP6V1G1,-0.0850734580632268,8.15062756490375,0.223144327161513,0.636654472361957,0.999285360615371
TRMT1,-0.311582317907339,4.51358763333027,0.223093384712367,0.636692955644209,0.999285360615371
ARRDC3,-0.190120091654423,5.75336970549,0.222868094728316,0.636863210159228,0.999285360615371
LINC00174,0.217386010488793,4.01897073910414,0.222839722047368,0.636884659216143,0.999285360615371
PPIP5K2,0.16092272947059,5.83881817934867,0.222764380761703,0.636941623501229,0.999285360615371
ITGB7,-0.194097173929476,6.12242236854326,0.222462161429114,0.637170244940176,0.999285360615371
ZEB2,-0.129026376955455,6.24739861197806,0.222345935399382,0.637258217595973,0.999285360615371
CTR9,-0.128592278496821,6.17451150186764,0.222327828547868,0.637271925384951,0.999285360615371
ASB1,0.222699916219747,4.87682990442596,0.222268825435517,0.637316598416213,0.999285360615371
RIN3,-0.258510514794751,4.72597492221794,0.222181549173008,0.637382691190401,0.999285360615371
JPT1,0.12924080203168,7.54010217832463,0.222140240257936,0.637413979235004,0.999285360615371
SRSF9,-0.0890731115565485,7.37777768258667,0.222124051867029,0.637426241555416,0.999285360615371
THAP12,0.154168250735554,5.99954891695769,0.221866095935567,0.637621710748038,0.999285360615371
PLXNA3,0.258810505627015,4.78159617936777,0.221807159587932,0.637666389954022,0.999285360615371
CHRM3-AS2,0.155036504607494,6.33052546055158,0.221754299036988,0.63770646931374,0.999285360615371
EPN1,-0.182519938019022,5.33788959676839,0.221540590490442,0.637868564633538,0.999285360615371
CRY1,0.205453791611405,4.94874137726349,0.2213402729669,0.638020589763286,0.999285360615371
RPL27,0.0728912400933854,10.4574388609982,0.221282446631072,0.638064490998164,0.999285360615371
MRPS27,0.225062066050969,5.01214421951572,0.220923647179873,0.638337045021442,0.999285360615371
RPAP2,0.147258839521784,6.1984085265569,0.220702529731639,0.638505146578626,0.999285360615371
FAM136A,-0.162286998262248,5.80345665637637,0.220406941987601,0.638730023802347,0.999285360615371
RNF169,0.147833803950221,5.89440643528709,0.220340830652653,0.638780345159718,0.999285360615371
FBXW8,-0.304567565968915,3.99228590567694,0.22009767809546,0.638965502647215,0.999285360615371
HDAC9,0.299594922402015,4.03757314117343,0.22001347335851,0.639029652541045,0.999285360615371
APH1B,0.25102113534511,4.42356944031447,0.219806978070014,0.639187030756275,0.999285360615371
UTP20,-0.249007295925087,4.558658131527,0.219713408642136,0.639258373401637,0.999285360615371
INPPL1,0.240024168131346,4.58580811785101,0.219437416567089,0.639468913418649,0.999285360615371
ADARB1,-0.176813158380055,5.51887230540295,0.219366149142463,0.639523305861562,0.999285360615371
MYBBP1A,0.285362779155556,4.2078219863449,0.218947620614287,0.639842951157322,0.999285360615371
ENOSF1,-0.176844899949236,5.25237094974526,0.218837003538091,0.639927495612354,0.999285360615371
C1orf159,0.348030857429377,3.91521657372587,0.218680557771332,0.640047111337483,0.999285360615371
ATP6V0E2,0.235306047012071,5.80159938452212,0.218579919801407,0.640124084949954,0.999285360615371
IRF1,-0.107105083566406,8.15948282738965,0.218553371702011,0.640144394037571,0.999285360615371
MED15,0.148944471423514,5.75046065858616,0.218501816951544,0.640183837310913,0.999285360615371
DDHD1,-0.166210193971261,6.67589690127956,0.218193816327396,0.640419599220795,0.999285360615371
CCDC174,-0.164452120445155,5.95236580946399,0.218107702748441,0.640485551909817,0.999285360615371
STAT6,-0.172125482072417,5.49704507908157,0.217799862784233,0.640721450219542,0.999285360615371
SERPINB1,0.117601387180798,7.16844703874963,0.217347039919726,0.641068818418239,0.999285360615371
PLRG1,0.200865464885063,5.24186371706036,0.217321288639916,0.641088585901014,0.999285360615371
OTULINL,-0.174020076587199,5.40704307818557,0.216875756175313,0.641430816398377,0.999285360615371
RPLP0,0.0844108112863923,10.7517278599413,0.216689460946569,0.641574043711679,0.999285360615371
COPE,-0.0726390512210632,7.80164071986437,0.21668429508037,0.641578016395075,0.999285360615371
RNF213,0.0916626969096021,9.35309793879689,0.216472088998081,0.641741258125445,0.999285360615371
TMEM41A,0.260897015954988,4.55653871260608,0.216353185713537,0.641832768262588,0.999285360615371
ABCC1,0.181941582874986,5.13764645171428,0.216247419165279,0.641914193835607,0.999285360615371
TBCA,-0.0852247535284448,8.19377249257238,0.2162417144391,0.641918586371876,0.999285360615371
RBX1,0.0946305092970908,8.00048013635088,0.215701027864235,0.642335225516171,0.999285360615371
LY9,-0.144918343459276,5.8488649351149,0.215644769508668,0.642378613207107,0.999285360615371
MAGED1,0.271269517331878,4.13679137327976,0.21515190565227,0.642759015206336,0.999285360615371
FANCI,-0.289310284229831,3.86613095640221,0.215139698551859,0.642768443602602,0.999285360615371
USP34,0.123763425328678,6.88967233204286,0.214706119728913,0.643103537809562,0.999285360615371
HEATR5A,-0.321428514591443,3.98891033644716,0.214609856830219,0.643177990961262,0.999285360615371
MIOS,0.223599615477133,4.59387971931476,0.21450856730835,0.643256353783127,0.999285360615371
GPR89A,-0.331738273045897,4.07462764056032,0.214506271865801,0.643258129916766,0.999285360615371
SNRPN,-0.109793674251819,6.78374796837383,0.214500826302753,0.643262343550298,0.999285360615371
SORL1,0.173997331664418,6.16381961886312,0.214358717251574,0.643372326772089,0.999285360615371
KLHL28,0.191494854154183,5.3692889101595,0.214186528136167,0.643505649355164,0.999285360615371
CENPB,-0.174630351044826,5.45341674399571,0.213977532671105,0.64366755780458,0.999285360615371
NFIC,-0.150668980871064,5.70641984256096,0.212973813633123,0.644446477572013,0.999285360615371
BBX,0.106174915845667,6.97176586829231,0.212740690540976,0.644627707446207,0.999285360615371
NFKBIZ,0.245926017667916,6.71598484608769,0.212706020505294,0.644654670214379,0.999285360615371
EFCAB14,0.115287323011467,6.46441588353647,0.212695334440408,0.644662981267744,0.999285360615371
PARP1,-0.0877228968053245,7.2526545070399,0.21261681749283,0.644724055342669,0.999285360615371
BMP2K,-0.324926196332088,4.08573229584162,0.212227985975492,0.64502670799387,0.999285360615371
LRP8,0.271377330874454,4.51345568321315,0.212204790400008,0.645044773226369,0.999285360615371
RIT1,-0.217481549865418,5.38073533478258,0.211965541523629,0.645231175470791,0.999285360615371
NR1D1,-0.289048217975175,4.37563870232025,0.211855109359572,0.645317257768596,0.999285360615371
AGO4,-0.202621911010444,4.80623886968398,0.211804436475941,0.645356766577319,0.999285360615371
PSME1,-0.0878579435183627,9.34464416537725,0.211736565370419,0.645409693528656,0.999285360615371
NFE2L3,0.266754959717483,4.65989011366659,0.21169309917039,0.645443594551887,0.999285360615371
KAT7,-0.154033952751358,5.59931123201479,0.211621454192827,0.64549948253319,0.999285360615371
ZMYND11,0.154085273871827,5.56989736591561,0.211607990060475,0.645509986756495,0.999285360615371
HDGFL3,-0.256834707937526,4.15330227229285,0.211383467631766,0.645685210639561,0.999285360615371
ANKRD36C,-0.20906789547255,5.8513514621105,0.21091947424549,0.646047682182788,0.999285360615371
RDH11,0.137981910195961,5.80381110211789,0.210262015109834,0.646562116750721,0.999285360615371
MRPS31,0.125741583806622,6.50756293187087,0.210170567987138,0.646633747425314,0.999285360615371
DCAF6,0.21046042593964,4.91423445874856,0.209058392671643,0.647506429212184,0.999285360615371
EIF2S2,-0.103253305472116,8.39448430577371,0.208993725270805,0.647557257540319,0.999285360615371
POU2F2,-0.169377441543717,6.75343187152451,0.208988372817597,0.647561464973935,0.999285360615371
POLD4,0.120790310739138,7.43093474864651,0.208802988928571,0.647707230967016,0.999285360615371
RBIS,0.304030574117385,6.5809831284796,0.208501202123017,0.647944691120602,0.999285360615371
FRS2,-0.247532179225018,4.3020714131249,0.20847054782319,0.647968822992776,0.999285360615371
PSMA7,-0.0647101620023006,9.23766186277221,0.208444734389591,0.647989145670558,0.999285360615371
ECT2,-0.393351401223254,3.91656342177117,0.207956966154786,0.648373447256067,0.999285360615371
JMJD4,-0.318476350239142,4.28147797978601,0.207799232657656,0.648497838405971,0.999285360615371
HEMK1,0.273652573239239,4.68158643752556,0.207667900543697,0.648601452515094,0.999285360615371
DHX37,-0.226432566917018,4.58645511315774,0.207611928405438,0.648645623604444,0.999285360615371
POLR2E,0.155094799881988,6.36853371064469,0.207331835869578,0.648866770099018,0.999285360615371
KATNA1,0.175083558614389,5.30665081219408,0.20720224537547,0.648969149038954,0.999285360615371
LDAH,0.286359386057125,4.2397869974142,0.206984024742177,0.649141634836342,0.999285360615371
NPC2,0.187777119849938,5.96445771069565,0.206982882875391,0.64914253767845,0.999285360615371
NBAS,-0.234940546684973,5.03013709832155,0.206794092448099,0.649291850334674,0.999285360615371
LAG3,-0.225230619080281,7.04045981317289,0.206704850666217,0.649362459490705,0.999285360615371
NUCB2,-0.256185182347407,6.32410119148895,0.206285562923146,0.649694451358134,0.999285360615371
PPP1R3B,0.287955430491856,4.05010979893671,0.206191765396969,0.649768775902079,0.999285360615371
RMND1,-0.181570595912604,5.04122311057718,0.206125064165036,0.649821641927272,0.999285360615371
ANXA2,-0.152906126536141,7.99419784957101,0.206093112638111,0.649846969705363,0.999285360615371
ACAT2,0.220375423598165,5.34821918598086,0.205933600742473,0.649973449231617,0.999285360615371
DDX55,0.203680149843568,4.87024800850612,0.205927316965369,0.649978432947926,0.999285360615371
LAIR2,-0.342661445516566,4.936383962878,0.205839724793194,0.650047912583718,0.999285360615371
CAMKK2,-0.281468424457592,4.43407700389074,0.20583812072601,0.650049185123932,0.999285360615371
SLC38A9,-0.308040508853369,4.57316169559981,0.205631922320924,0.650212816460505,0.999285360615371
CAPG,0.218338596259397,6.93802415604418,0.205519047583962,0.650302431522736,0.999285360615371
RHBDD3,-0.32256039238441,3.99815207679885,0.205391730927509,0.650403548122425,0.999285360615371
ANKRD36,-0.243915020865921,5.40010695683014,0.205268971451272,0.650501081127184,0.999285360615371
PEX11B,0.213080373315943,4.71397926909865,0.20516633119534,0.650582656298173,0.999285360615371
RBM12,-0.22274540504575,5.2083314480051,0.205055219700867,0.650670991861339,0.999285360615371
CTLA4,0.172314171920625,7.59357208500025,0.204981689781601,0.650729465280208,0.999285360615371
INSIG2,-0.174043717771606,5.12306931674677,0.204744290688669,0.650918339183318,0.999285360615371
CTSL,-0.35260195586527,5.37269285292034,0.204470441636101,0.651136376475092,0.999285360615371
NUP153,0.159842435379188,5.4475927971746,0.204158016869746,0.651385342438535,0.999285360615371
ARHGEF1,0.116603533489452,7.39756073060635,0.203700961410959,0.651749975717533,0.999285360615371
PPM1B,-0.184934663444654,6.05271768302791,0.203680927709506,0.651765969621198,0.999285360615371
SCLY,-0.310007433945152,4.23721411165798,0.203039996656237,0.652278157281452,0.999285360615371
DTHD1,0.667746549141576,4.21757201401674,0.202985003867502,0.652322148988682,0.999285360615371
ERLIN2,0.268962431229516,4.21374499728751,0.202938324773061,0.652359495747389,0.999285360615371
OTUD7B,0.264525955581834,4.50971639030735,0.202836787645463,0.652440750872725,0.999285360615371
KIAA0408,-0.359408341260279,3.86155745918176,0.201875587626081,0.653211166096736,0.999285360615371
FCMR,-0.185241558115016,6.41292948909811,0.201795358003068,0.65327557086999,0.999285360615371
VDAC2,-0.106225501053637,7.13245694798418,0.201651855306999,0.653390806836151,0.999285360615371
BBS2,0.310460003790329,4.05146079068538,0.201528304518316,0.653490060440188,0.999285360615371
C9orf78,-0.0758444220446382,7.67169058900653,0.201501295788169,0.653511762570897,0.999285360615371
KLC1,-0.134640816210866,6.18905256520727,0.200990136924318,0.653922820270962,0.999285360615371
IL15RA,0.351655058486571,4.20694481631996,0.200814660417709,0.654064077634101,0.999285360615371
ATP5F1B,0.10220888379447,7.46297521444997,0.200476160743914,0.654336777015074,0.999285360615371
C1orf35,-0.175442924955456,5.55561619370342,0.200323804107263,0.654459607540276,0.999285360615371
RBM4B,0.304932924811314,4.2932597831655,0.200242547264448,0.654525140055788,0.999285360615371
PRPF38A,-0.133464068500344,6.0278488002301,0.200150458334626,0.654599427793608,0.999285360615371
DSTN,0.113840819485823,7.23790171486872,0.199425563775947,0.655184914425342,0.999285360615371
MICU1,0.156685036904887,5.35634023538852,0.199191509579856,0.65537422909573,0.999285360615371
BRIX1,-0.190716712588095,5.51912787205279,0.1990836684096,0.655461501283277,0.999285360615371
POLR3D,0.176750495193476,5.31387471274558,0.198611166354127,0.655844215601332,0.999285360615371
EIF4B,-0.0921755577368471,7.77776988951677,0.198587692083528,0.655863243369725,0.999285360615371
PIP4K2A,0.0879937873946556,7.18377692223136,0.198418560891067,0.656000377547214,0.999285360615371
SPATA33,0.23176908457755,4.54137581570475,0.19838957540204,0.656023886458423,0.999285360615371
FXN,-0.266106689687503,4.54768366487767,0.198222806440469,0.656159185750042,0.999285360615371
DPP8,0.151369941715806,5.69835349558426,0.198196492801284,0.656180540176226,0.999285360615371
RBM17,-0.107993157326859,7.08998638485703,0.198096936856981,0.656261348633414,0.999285360615371
CMTM6,0.128428871644937,8.09906614714448,0.19806079023277,0.656290694467911,0.999285360615371
CCR5,0.210541465711029,5.9979347976312,0.198026804436434,0.656318288948905,0.999285360615371
FAM24B,0.304248470867284,3.88914286415226,0.19790859102196,0.656414293435048,0.999285360615371
SLC12A6,-0.179785854371749,5.31790353645231,0.197758906662664,0.65653590566566,0.999285360615371
PIBF1,-0.192297612544154,5.14199717143939,0.197749798498432,0.656543307444101,0.999285360615371
NUDT18,-0.350448552516873,4.08697024626565,0.197634325935439,0.65663716429417,0.999285360615371
ZNF121,-0.219176231876439,4.89996372835839,0.197307770249964,0.656902768745281,0.999285360615371
CREBZF,-0.112781528009318,6.38297214651811,0.197078339313894,0.657089534105008,0.999285360615371
ZNF280D,0.160505610460662,5.79518933830167,0.197031375430381,0.657127780506345,0.999285360615371
PHKB,0.144526018361903,5.97169878368538,0.196950781077714,0.657193427574052,0.999285360615371
IFFO1,0.24082546530126,4.54305370135491,0.196755740192035,0.657352362115294,0.999285360615371
GPS2,-0.127797658352796,7.14865689116523,0.196603804656373,0.657476236388079,0.999285360615371
DDX21,-0.101085718833855,7.77674438442223,0.196573682139299,0.657500802323105,0.999285360615371
NDUFS8,-0.0986864026209664,6.95872520339496,0.196533641332664,0.657533460446791,0.999285360615371
SAMSN1,0.139804186798655,7.62327761710286,0.196349730833102,0.657683512867773,0.999285360615371
JAK3,0.112705211062069,7.10284230248909,0.196257200519497,0.657759040064187,0.999285360615371
RTL8A,-0.231890301864849,4.70922311884129,0.195974023567246,0.657990313607155,0.999285360615371
PPP5C,-0.160291129861286,5.27000039682089,0.195949953139809,0.658009981387289,0.999285360615371
RHOH,-0.111213783602783,7.23494865961046,0.195829891068797,0.658108104857558,0.999285360615371
SKI,-0.135372554915855,6.02374025898141,0.195768823182888,0.658158027783599,0.999285360615371
SLC4A10,-0.267157969130583,4.16144783376869,0.195533721500585,0.658350310103278,0.999285360615371
FAM32A,0.123688021381093,6.14325864315089,0.195461690099135,0.658409249992115,0.999285360615371
SPTAN1,0.0939001694583599,7.24469031598695,0.195157927996853,0.658657947068174,0.999285360615371
SSB,0.077964137502824,7.41658805125711,0.194964523471086,0.658816412388257,0.999285360615371
ACP6,-0.232178318456477,4.62996953573742,0.194737126408921,0.659002849554425,0.999285360615371
THOC7,0.0936802745994826,6.71611285270818,0.194314790679098,0.659349457413837,0.999285360615371
ZNF780B,0.256395592133511,4.37060301766269,0.194141995176629,0.659491399111273,0.999285360615371
LRRC8C,0.14766187362014,5.43913392618166,0.194132987662808,0.659498800340849,0.999285360615371
WDR53,-0.306371621010641,4.03778484969045,0.19398082053139,0.659623862942319,0.999285360615371
SLC35F2,0.235084464075665,4.63971619909716,0.193979070623367,0.659625301491326,0.999285360615371
LRRC45,-0.325691474400559,4.14052109645585,0.193710524263551,0.659846157605963,0.999285360615371
ALKBH5,0.138777443345845,5.92272812562417,0.193510759151813,0.66001056566265,0.999285360615371
SLC22A18,-0.294173377893445,4.23794406370011,0.193271557449073,0.660207563606196,0.999285360615371
BAZ2A,0.111961421960303,6.25851437255181,0.193170182616125,0.660291096172899,0.999285360615371
MANBA,-0.26710254603564,4.49826127484138,0.193160538512114,0.660299044248727,0.999285360615371
PPIL3,-0.204993173115125,5.12414949678524,0.19293418908082,0.660485655512773,0.999285360615371
A1BG,-0.162863283546043,5.99633738743556,0.192847351158978,0.660557282728302,0.999285360615371
RUFY2,0.199496713240144,5.04837755155161,0.192754982171667,0.660633493293321,0.999285360615371
CNOT7,0.134246022583679,6.56702429740421,0.192548270971539,0.66080412274015,0.999285360615371
TRAV6,-0.376909172416028,4.24129774524616,0.192507398088168,0.660837874132336,0.999285360615371
WSB2,0.148849225874468,5.88782022555627,0.192488979260567,0.66085308515014,0.999285360615371
ACTN4,0.106151521682875,7.89297394914408,0.192449578834985,0.660885626539903,0.999285360615371
PDXDC1,-0.149307805063957,5.58825238074171,0.192257215610322,0.661044559213798,0.999285360615371
RPP21,0.196082728445693,5.83468412774393,0.192256242174977,0.661045363718125,0.999285360615371
TULP3,-0.322557345761774,3.94238542834772,0.192244939239576,0.661054705307745,0.999285360615371
ERC1,0.192778566631584,5.10698385553957,0.192193780746244,0.661096990600858,0.999285360615371
FAM162A,0.171768484469715,6.34117984096494,0.191666394830396,0.661533295500613,0.999285360615371
CBX5,0.133793475264039,6.3515063672339,0.191615230347765,0.661575661785118,0.999285360615371
ZNF302,-0.213556198467171,5.27863954264413,0.191590766339655,0.661595921366396,0.999285360615371
SLC35D2,0.181065895256297,5.78411344022244,0.191446186520512,0.661715684928303,0.999285360615371
ARF3,0.147598031649778,6.07777672653262,0.191271115379477,0.661860778304898,0.999285360615371
EXT2,-0.253870467176238,4.34956207529372,0.191121520424634,0.661984820518321,0.999285360615371
SNHG25,0.206321577466875,5.67190420169745,0.191099842585274,0.662002800300328,0.999285360615371
SMIM7,-0.108901118537353,6.52456642513926,0.191081792680766,0.662017771969482,0.999285360615371
U2SURP,-0.0962181652490499,7.43081903212082,0.190790163897997,0.662259783122509,0.999285360615371
CPEB2,0.213902568578516,4.52177108457089,0.190583674348442,0.662431273821867,0.999285360615371
RUFY1,0.169477953927445,5.38997034699683,0.190153803128901,0.662788639344897,0.999285360615371
CBL,0.110919861455273,6.32590756531532,0.190015048438902,0.66290409312832,0.999285360615371
YRDC,-0.26202073009632,4.97651265204384,0.18999594119051,0.662919995648894,0.999285360615371
LINC01871,-0.151728270511326,7.68051939641997,0.189974158259833,0.662938126238709,0.999285360615371
TMEM50B,0.16842167587088,5.85402320289873,0.189922261708091,0.66298132628745,0.999285360615371
UTP14A,-0.21996531251438,4.84765032133858,0.189910966738598,0.66299072944645,0.999285360615371
E2F6,-0.306743236645255,4.00394664495473,0.189904109999183,0.66299643790314,0.999285360615371
FASTKD1,-0.29397115763848,4.21069244222638,0.189864999923429,0.663029000647213,0.999285360615371
TINF2,-0.152429177062672,5.72357141443023,0.18980428979792,0.663079555330231,0.999285360615371
VRK2,0.247909647076293,4.52722545396092,0.189681240909174,0.663182050414626,0.999285360615371
ZNF736,-0.259720405762512,4.21582318958935,0.189637216221062,0.663218730926409,0.999285360615371
DIPK2A,0.219582660415088,4.64254389621087,0.189567381423807,0.6632769263092,0.999285360615371
TIMM17A,0.155267839218987,5.73373558075789,0.189254622127685,0.66353771434182,0.999285360615371
YWHAE,0.0854756747787223,7.75005878966613,0.189235097205078,0.663554003301263,0.999285360615371
ELP2,0.190766130326032,5.55059136236412,0.189057780397377,0.663701978274994,0.999285360615371
SLC27A4,-0.32176872749445,4.09295264856812,0.188158454321087,0.664453759855196,0.999285360615371
RPL24,0.0421984918574315,11.1775893329356,0.187529913146999,0.664980450068504,0.999285360615371
PGP,-0.14465760723425,6.09986990253573,0.187492977674637,0.665011432980978,0.999285360615371
RRP36,0.125947163429803,5.98653659120233,0.186999113239615,0.665426054306709,0.999285360615371
TSSC4,-0.154119484378395,5.78262895313898,0.186984710075375,0.665438156157401,0.999285360615371
EXOC3,-0.165695941825556,5.32499729375545,0.186799180638658,0.665594091494851,0.999285360615371
CEP63,-0.175797234826137,5.21510145302204,0.186452195402126,0.66588597540253,0.999285360615371
GALNT2,-0.231457132432857,4.8048684161572,0.186380299210573,0.665946494758758,0.999285360615371
HNRNPA2B1,-0.0801165158368347,9.57066425393131,0.186366062362435,0.665958480414176,0.999285360615371
RIPK1,0.175433955994028,5.2459555646916,0.186356093428515,0.665966873339952,0.999285360615371
CYP2R1,-0.234740818120701,4.4031916759177,0.186319879297304,0.665997364549916,0.999285360615371
XCL2,-0.408301321564066,5.72517050898559,0.186260044887668,0.666047751027565,0.999285360615371
WTAP,0.111382729534549,7.07900595881094,0.18604694579502,0.666227279514651,0.999285360615371
YWHAH,-0.108908167744808,7.5783657062994,0.18601533864685,0.666253917808359,0.999285360615371
AIFM1,-0.197949440065309,4.7792591736642,0.185983907624756,0.666280410326052,0.999285360615371
ODF2L,-0.0956885778247138,7.3253063519745,0.185854433320827,0.66638956937338,0.999285360615371
CCDC124,0.151079604838785,5.81737285953391,0.185713805407733,0.666508183059769,0.999285360615371
TUBGCP5,0.242296345047888,4.44234243146369,0.185679070831089,0.666537488403542,0.999285360615371
TRAV17,-0.315013299046808,4.47271889621522,0.185661591554474,0.666552236788504,0.999285360615371
PITPNA,0.160958594883535,5.42694170293366,0.185593352633216,0.6666098222169,0.999285360615371
N4BP2L1,0.149716814549346,5.69318259554298,0.185541169646172,0.666653866840669,0.999285360615371
IDS,0.0954995590728775,7.99182912814446,0.18538031928712,0.666789677489402,0.999285360615371
ZBTB4,0.171947056649894,5.40709579607484,0.185111847139968,0.667016512006573,0.999285360615371
UBR2,-0.141512728333691,6.0840070296196,0.185029125247624,0.667086443757367,0.999285360615371
KMT5B,0.126836471972342,5.98415830559573,0.184987528945767,0.667121615598424,0.999285360615371
MGMT,-0.166469408126456,6.13157888139944,0.184829584306385,0.667255208714664,0.999285360615371
KBTBD8,0.316977465945597,3.9284664001716,0.184797001623895,0.667282776292112,0.999285360615371
UBLCP1,0.129380694041406,5.87319879716943,0.18472674094339,0.667342232295564,0.999285360615371
TMEM204,0.186799778952437,5.21829180772172,0.184547303610756,0.667494136596852,0.999285360615371
WBP1L,0.207825067506286,5.0111561595653,0.184290404302075,0.667711769385295,0.999285360615371
ZMYND8,0.140819064147164,5.96539011311052,0.183861455491314,0.66807555501176,0.999285360615371
NBDY,-0.120913543265578,6.20478913284455,0.183766690569215,0.668155991588949,0.999285360615371
SEC61A1,0.185367528051941,5.74438965948726,0.183529442470817,0.668357475782089,0.999285360615371
PFDN5,-0.0545757192964978,9.97887841822057,0.18348216996948,0.668397640615043,0.999285360615371
PIP5K1C,0.223950010891849,4.51034821124849,0.183335046590745,0.668522682420227,0.999285360615371
FKBP15,-0.191948584217262,4.9766545469441,0.18323704067852,0.668606011692396,0.999285360615371
ZMAT1,-0.243092010616106,4.7547964711644,0.183226792261699,0.668614726904866,0.999285360615371
NACC1,0.282959793703709,4.49814897150748,0.183145600178669,0.668683782520754,0.999285360615371
FBXW11,0.123153643438101,5.99369960991734,0.183126534499648,0.668700000917099,0.999285360615371
ARPC2,-0.0578391522430156,9.58103155852573,0.183051388885239,0.668763933958398,0.999285360615371
LAMTOR2,-0.102568198061725,6.69803779268773,0.183010362465275,0.6687988453258,0.999285360615371
LINC00299,-0.28594922907666,4.38260071946996,0.182933345940292,0.668864394920363,0.999285360615371
SRGAP2,0.223420846389677,4.78427069726554,0.182851791611689,0.668933824484529,0.999285360615371
SNX19,0.273280241383437,4.63243791694309,0.182554053642498,0.669187453038466,0.999285360615371
TRAF3IP2-AS1,0.297363098203825,3.99367871850804,0.182496836465504,0.669236221593618,0.999285360615371
TYK2,-0.170164331891396,5.12416776495038,0.181902289387359,0.669743514373068,0.999285360615371
BLM,0.257712506364996,4.80956516465751,0.181716959771716,0.669901845759053,0.999285360615371
PPDPF,-0.0730393749246664,8.52956201627527,0.181503881632203,0.670084001305272,0.999285360615371
ZNF444,0.304891214305489,4.39926123251957,0.181310760398993,0.670249205323016,0.999285360615371
CYTH2,-0.146232184627425,5.4415600108602,0.181188151809248,0.670354143809153,0.999285360615371
ZNRF1,0.131145632422087,6.48114426180594,0.180687235407074,0.670783305344289,0.999285360615371
TBK1,0.169587756938815,5.40384339833717,0.180680927490663,0.670788714145245,0.999285360615371
DENND3,-0.221342828594977,4.77640019839379,0.180543819780837,0.670906306401314,0.999285360615371
RAB21,0.106466312621,6.58418630227516,0.180507307660971,0.670937630395302,0.999285360615371
UBAC2,0.116865168777526,6.17554798639734,0.180261907721235,0.671148257757068,0.999285360615371
MTOR,0.180940733649758,4.90897450635648,0.180039830419798,0.671339013145939,0.999285360615371
SLC25A51,0.300624446474676,4.00534825800303,0.179895249467297,0.671463276940848,0.999285360615371
RGCC,-0.126597590267247,7.51165002037749,0.179739207629261,0.671597457213405,0.999285360615371
JAK1,-0.0635256097681256,8.80605576889019,0.179678874987086,0.671649355632211,0.999285360615371
ZBED4,-0.192017089571307,4.94901239403327,0.178981082706766,0.672250348059611,0.999285360615371
DHRS4,-0.246296903734741,4.55016893245073,0.178754307116183,0.672445962006343,0.999285360615371
TOMM70,0.1943885179492,5.17029320684489,0.178523513699293,0.672645191912892,0.999285360615371
SWSAP1,-0.309353693683814,4.08775626047555,0.178470432402797,0.672691035230144,0.999285360615371
MRPL1,0.155043297143578,5.67127530980821,0.178386313750938,0.67276370021482,0.999285360615371
SLC35F5,-0.18298863686932,4.85930454193052,0.178154465662765,0.672964084232807,0.999285360615371
ZNF700,-0.320601487917749,4.08976998771264,0.178151987548592,0.672966226872024,0.999285360615371
MCPH1,-0.191750277608631,5.25155431128219,0.178116718339027,0.672996723412053,0.999285360615371
LMO4,-0.12439881308091,6.76111636245956,0.178062426429403,0.673043675431878,0.999285360615371
CHMP2B,-0.118065316156948,5.9859755981022,0.178057006558547,0.673048363036667,0.999285360615371
CAPN15,-0.204926220405372,4.93949374706438,0.177582762587733,0.673458858851612,0.999285360615371
RHNO1,-0.188610610313293,5.22143304089088,0.177574017755379,0.673466434256313,0.999285360615371
ATF5,-0.215229413866658,4.77812969421902,0.177510574685229,0.67352139979936,0.999285360615371
RNMT,-0.113159249439514,7.06351246723724,0.177429026416348,0.673592068239799,0.999285360615371
PHF13,-0.320665134960115,3.93034596182128,0.177069186452904,0.673904128410177,0.999285360615371
EGLN2,0.227188902297888,5.39439688965045,0.177026817754218,0.673940895917842,0.999285360615371
MAGEH1,0.224060836087481,5.23874357278315,0.176779595014633,0.674155538861135,0.999285360615371
TRNAU1AP,0.171700136976925,5.79138147461229,0.176767322381348,0.674166198768356,0.999285360615371
SMAD7,0.160368845748473,6.36037938770746,0.176661614344596,0.674258033923675,0.999285360615371
ARID3A,0.225863258683576,4.58143433565503,0.176633930775367,0.674282089706247,0.999285360615371
SPATC1L,0.348638944065636,3.95165212600228,0.176500899972002,0.674397718469707,0.999285360615371
XAB2,0.273889872030367,4.89014919270981,0.176423377278546,0.674465123900174,0.999285360615371
GYPC,-0.101881837720928,7.98916138365262,0.176415757464362,0.674471750214725,0.999285360615371
PHF8,0.172773462386662,4.99278076790546,0.176223232464487,0.674639228982684,0.999285360615371
ZNF511,0.160467894213658,5.60372994339104,0.17598281525796,0.67484852065521,0.999285360615371
SRSF3,0.0736959005773155,8.46339276764113,0.175962737270076,0.674866006857896,0.999285360615371
DNAJC8,-0.0725878669502567,8.05908536036453,0.175866700679887,0.674949662708027,0.999285360615371
MAN1B1,0.196916499086712,5.16807643718061,0.175710979611946,0.67508536579882,0.999285360615371
ING2,-0.15613759365937,5.35642609403146,0.175501228185745,0.675268265428198,0.999285360615371
RAC2,0.0648773000252599,8.99743998584671,0.175333057394148,0.675415000281873,0.999285360615371
CCL4,-0.295513627163653,7.75409896078282,0.175149316739716,0.675575414961418,0.999285360615371
GNA15,0.210086582388581,5.18098258396026,0.174771026799071,0.675905992402344,0.999285360615371
HERC3,0.196949578054219,4.92056304873306,0.174619578267105,0.676038457031723,0.999285360615371
MBD3,0.196032157072189,5.13822683946341,0.17441774460066,0.676215095997534,0.999285360615371
JAG2,-0.307255176718844,3.84760457391699,0.174041856548074,0.676544382492098,0.999285360615371
TENT5C,0.179129032166645,6.48371860165592,0.173982791073872,0.676596163137973,0.999285360615371
NUDC,-0.0902715175943986,6.99248558334678,0.173737396379366,0.67681140268571,0.999285360615371
NCAPH2,-0.184566287969069,4.8001835582545,0.173638905533924,0.676897840731063,0.999285360615371
GIMAP6,-0.128842665235204,5.98538765652108,0.173599399040103,0.676932520709519,0.999285360615371
PARL,0.173262620229727,5.58909013988462,0.173357667264721,0.677144820996725,0.999285360615371
JKAMP,-0.149334718891107,5.5373694294615,0.173293391087737,0.677201300605267,0.999285360615371
UBE2D3,0.0550512242840255,8.36679491195146,0.173225498021004,0.677260971730173,0.999285360615371
SAP30,0.169382126495941,5.00964014570111,0.173143190156324,0.677333330402085,0.999285360615371
FAM76A,0.141255412387986,5.43817970838764,0.172998945865707,0.677460187440114,0.999285360615371
DCP2,0.109072547776544,6.74428339572923,0.172819181202257,0.67761837007409,0.999285360615371
RNF166,0.0873856261054762,6.69475466483625,0.172766977947783,0.677664324033161,0.999285360615371
POM121,0.179367191223272,5.15698286254928,0.172754288771419,0.677675495407657,0.999285360615371
CDK5RAP1,0.21997773587233,5.34513120012148,0.172682643755881,0.677738579712952,0.999285360615371
SLC18B1,0.277907886022479,3.87519389791701,0.172670232617161,0.677749509430596,0.999285360615371
SLC25A3,0.0620018874876224,8.22403202305278,0.172670159171407,0.677749574111073,0.999285360615371
ENTPD5,-0.281088799304445,3.92274262605287,0.172571525359981,0.67783645117417,0.999285360615371
RPS12,-0.0647659638774302,12.748991507427,0.17236485591561,0.678018580912766,0.999285360615371
MCL1,0.0502753589200176,8.51115845932823,0.172124816543271,0.678230279023149,0.999285360615371
STOML2,-0.12182331817073,6.11732866297849,0.171995651881286,0.678344264921454,0.999285360615371
NTPCR,0.226071451227739,4.96530898783916,0.17175825348491,0.678553896375767,0.999285360615371
RFFL,0.145499758968132,5.80163175293574,0.171476196710756,0.678803183585729,0.999285360615371
FAM120B,0.231106152683174,4.46487214762338,0.171301100986444,0.678958057410245,0.999285360615371
BNIP1,-0.265977942325656,4.31045512896703,0.17129575381361,0.678962788493807,0.999285360615371
SEM1,0.0689736813211739,7.91149280774464,0.171239343703817,0.679012704427117,0.999285360615371
GOT2,0.188904844579891,5.14217647426712,0.171233742387681,0.679017661420988,0.999285360615371
HMGN2,0.120016026850905,8.48723021487482,0.171190240255275,0.679056162713736,0.999285360615371
CTSD,0.120543609302972,6.83721688646266,0.171160609439259,0.679082390564249,0.999285360615371
ICE2,0.139306154878863,5.92054924029122,0.171143928052871,0.679097157338472,0.999285360615371
LSM10,-0.0994319477742311,6.55528197691213,0.171100264060826,0.67913581377077,0.999285360615371
LINC02694,0.228507862940829,5.09782635425786,0.171050555041717,0.679179828994446,0.999285360615371
CSNK1D,-0.110402825012945,6.18824998245709,0.170929083934549,0.679287418018747,0.999285360615371
CSNK2A1,-0.120812368471923,6.64965356569316,0.170896358317695,0.679316411307954,0.999285360615371
PTGDR,0.27262332947694,4.35443699205957,0.170855105074171,0.679352964287204,0.999285360615371
TAP1,0.114685070905861,7.44686867448234,0.170850228338246,0.679357285724731,0.999285360615371
ITFG2,-0.151336078689414,5.33333890495652,0.170753923455777,0.679442639474305,0.999285360615371
PPP1R3E,-0.263558749630098,4.5447011540988,0.170729449968135,0.679464334494563,0.999285360615371
KCNAB2,-0.119287956738548,6.36417109167937,0.170722859701986,0.679470176880965,0.999285360615371
SLC38A10,-0.162775774755385,5.48252763998709,0.170532684867815,0.679638827104314,0.999285360615371
MED24,-0.192604768257316,4.69758782404817,0.170384443095596,0.679770366746473,0.999285360615371
BAK1,-0.158605571156148,5.48256923121687,0.170349566176956,0.679801323877533,0.999285360615371
NSD1,0.120967510787363,6.78736105188614,0.170290361804309,0.679853882813268,0.999285360615371
WDR45B,-0.133565483515988,5.82204856041906,0.170258920388832,0.67988179941177,0.999285360615371
PRAG1,-0.289619977594504,4.0703220670847,0.17021190040137,0.679923553737539,0.999285360615371
OGDH,0.113905665233268,6.24611657560314,0.170089623296022,0.680032168912319,0.999285360615371
HDAC3,0.17873951332319,5.17812039126213,0.169803839968328,0.680286200150805,0.999285360615371
FBXL4,-0.216193128100932,4.64976862301097,0.169584212983796,0.680481595365344,0.999285360615371
EDC4,0.260288663798722,4.31097604659418,0.169556688736506,0.68050609325501,0.999285360615371
ARL6IP1,0.0945877600049383,7.6936073829631,0.169550159031466,0.680511905344456,0.999285360615371
FBXO44,0.192452110241369,4.84556049774723,0.169306099875364,0.680729236302154,0.999285360615371
KMT2E,0.0757299622871498,8.09362937044502,0.169296221723915,0.680738036501262,0.999285360615371
TOMM5,0.113595392160933,7.21580032421462,0.169288426649818,0.680744981150559,0.999285360615371
RAP2A,0.180145479333708,5.06162568046303,0.169242277184956,0.680786099644377,0.999285360615371
KLC2,0.240489422241714,4.35692652677625,0.169191710585476,0.680831161266886,0.999285360615371
ZDHHC20,-0.122441298790121,6.12090115477136,0.169013654683315,0.68098989565684,0.999285360615371
LMBRD2,-0.230848549959693,4.52434846989306,0.168898856278709,0.681092288688727,0.999285360615371
REXO2,0.121016810894364,6.50511727929147,0.168897204712593,0.68109376207967,0.999285360615371
COPRS,-0.5603555520547,4.3607503798154,0.1687449641231,0.681229614743824,0.999285360615371
ARL17A,-0.243747352749617,5.24504361613187,0.168714191179205,0.681257083838068,0.999285360615371
PSMD12,-0.142264376927009,6.18925382141935,0.168595285609086,0.681363250970732,0.999285360615371
FOXN3,-0.124423586875009,7.04166946373969,0.168579844560114,0.681377041018566,0.999285360615371
TIMM23,0.216061702022718,4.5403965126757,0.168546538926584,0.681406788031376,0.999285360615371
CASP6,-0.226806490932713,4.87440544860612,0.168516879342018,0.681433281457315,0.999285360615371
FBL,0.100510363004468,6.70997618144343,0.168506889608903,0.68144220540043,0.999285360615371
SDHA,0.121320820683653,5.99640437382612,0.168448330417771,0.681494523214751,0.999285360615371
DDX18,-0.0928911241127235,7.77831825768285,0.168374940260907,0.681560106280778,0.999285360615371
MED11,-0.157969870722585,5.44518633976175,0.168244213428704,0.681676968044918,0.999285360615371
ATL3,0.149680530834091,5.88475066915712,0.168229657526521,0.68168998340937,0.999285360615371
HMGN3,0.0929891178458987,6.65846023666707,0.168227076233954,0.681692291577054,0.999285360615371
RNF111,-0.174166197127468,4.97760819844013,0.168108822673945,0.681798054994839,0.999285360615371
NXT1,0.17269792870199,5.62741640799288,0.168030283085351,0.681868323114003,0.999285360615371
CREB3L2,-0.138062498810462,5.70570716205007,0.167982837942635,0.681910780821706,0.999285360615371
XBP1,0.116834726764017,7.29239265928733,0.167911529255772,0.681974606711416,0.999285360615371
PKN1,0.11606215104735,6.22229741926449,0.167373789956823,0.682456428668071,0.999285360615371
EBAG9,-0.140553072010648,5.61423673814919,0.167252806865438,0.68256495569347,0.999285360615371
GNA12,0.2704965059617,4.16324545899834,0.166606871393689,0.683145164193252,0.999285360615371
SPSB3,-0.100652904125437,6.47234346314333,0.166563549048487,0.683184125210368,0.999285360615371
KPNA5,0.187796099332767,5.14500831877991,0.166048987760664,0.683647337490336,0.999285360615371
SMIM26,0.0877542584854971,7.09165539409778,0.16595249849755,0.683734291065126,0.999285360615371
ZNF346,-0.295021316621025,4.04760361532018,0.165521429589617,0.68412311935371,0.999285360615371
ARRDC2,0.153676850847095,5.6463846721698,0.165484697158007,0.684156279634038,0.999285360615371
STAM2,0.2081206612695,4.69113178814729,0.165419264587403,0.684215359652716,0.999285360615371
MNAT1,0.166092160790013,5.14138260148718,0.165278420490413,0.684342576052825,0.999285360615371
ATP6V1F,-0.0890287110301145,7.55408705824402,0.165007836110789,0.684587156762183,0.999285360615371
NDUFAB1,-0.0848234232613616,7.02588386646626,0.164893699851699,0.684690394369856,0.999285360615371
KLF6,0.128218351814254,10.1437323327218,0.164813061864066,0.684763357484477,0.999285360615371
RLIM,0.166172567467179,5.06553975330996,0.164734133825533,0.68483479353487,0.999285360615371
FBXL8,-0.212932353700508,4.59012661682742,0.164553048874087,0.684998764943741,0.999285360615371
GABPB1-AS1,0.131959074674917,7.24553627279239,0.16452806563435,0.685021395374034,0.999285360615371
GLOD4,-0.0973133943333437,6.40232646266031,0.164401718207987,0.685135874623963,0.999285360615371
MSMO1,0.158161246604978,5.77894439997471,0.164393749496824,0.685143096528172,0.999285360615371
ZNF584,-0.255077532345975,3.88943874389666,0.164367475592407,0.685166909554282,0.999285360615371
FYTTD1,0.105684162791548,6.40663752945343,0.164321775462838,0.685208334577766,0.999285360615371
CORO1B,0.147328829315583,7.49353649766481,0.164314838003214,0.685214623645787,0.999285360615371
RTTN,-0.291283887724111,4.04338146028964,0.164128635131309,0.685383481335588,0.999285360615371
KIDINS220,0.117315888774604,6.19707169484669,0.163739414043985,0.685736806151464,0.999285360615371
C2orf69,0.213816435740022,4.61350918592402,0.163711380288422,0.685762273328301,0.999285360615371
DAZAP2,0.0963707547183378,7.86971503655387,0.163033303538153,0.686379044491339,0.999285360615371
RGS19,0.116987350157848,6.58583423317755,0.16303036752387,0.686381718298656,0.999285360615371
STMN1,0.235144461147184,6.43299314871252,0.162853684761377,0.686542673604277,0.999285360615371
WIPF1,-0.0525362974699879,8.16412993223995,0.162800243284634,0.686591377974187,0.999285360615371
CARM1,0.229186516382715,4.62432371777315,0.162565599199251,0.686805333043216,0.999285360615371
EPS15,-0.101547650081244,6.90337523099445,0.162302586198436,0.687045369171642,0.999285360615371
NT5C2,0.163116070552963,5.07064397207215,0.16229880754824,0.687048819364839,0.999285360615371
LRRC2,-0.266659000548906,4.20531081573856,0.162287434011251,0.687059204545384,0.999285360615371
CROCC,0.236309588754692,4.08585873581669,0.162198259931255,0.687140644091017,0.999285360615371
BRD4,-0.0899904914089495,7.08050475727483,0.162044493897621,0.687281134326332,0.999285360615371
PLEKHJ1,0.108855567924191,6.45058660258588,0.161961750475083,0.68735676593316,0.999285360615371
YEATS2,-0.187032755917444,4.88240813624521,0.161894110597039,0.687418608826247,0.999285360615371
SMARCA5,-0.0744819622746536,7.37636074390388,0.161641089315157,0.687650078444538,0.999285360615371
UCHL3,0.193629468955272,5.21435955561133,0.161536167208617,0.687746125300207,0.999285360615371
IPP,0.206088442982139,4.50186767135893,0.161494656579226,0.68778413459171,0.999285360615371
ZNF75A,0.218107033443516,5.24524795925444,0.161423273229531,0.687849510169714,0.999285360615371
MED25,-0.209122357362372,4.89280147362145,0.161417302979981,0.687854978711326,0.999285360615371
SRM,-0.124159919323043,6.32711171874465,0.161279068723996,0.687981629354486,0.999285360615371
MFSD4B,0.194271758310302,4.79734975668117,0.161202921333352,0.688051422749266,0.999285360615371
APBB1IP,0.0594492629737655,7.94843746502998,0.161180154012371,0.688072294005013,0.999285360615371
IDH2,0.121792262085337,6.5087323531415,0.161109198194591,0.688137351595697,0.999285360615371
CRK,-0.136888290926252,5.64232310497742,0.161079891452715,0.688164227058556,0.999285360615371
TNFRSF14,0.104699435093555,7.35001749042203,0.161043776363204,0.688197349955198,0.999285360615371
PDK2,0.24150262437637,4.39583379739862,0.160969038067496,0.688265909761618,0.999285360615371
TXNDC12,-0.0995028978766509,6.40350155414942,0.160880731215718,0.68834694025336,0.999285360615371
NR4A1,0.316513241995702,4.65308464695483,0.160636089018247,0.688571559193421,0.999285360615371
ITGAE,0.12920907468174,6.63622401547194,0.160519978074973,0.68867823626431,0.999285360615371
DUSP7,0.241950062447064,4.35488705641835,0.160359532912949,0.688825719161749,0.999285360615371
PAIP1,0.184230378000819,5.37902420775959,0.160301270640801,0.6888792956496,0.999285360615371
SMIM19,0.154822686419611,6.2249271446409,0.160094168155133,0.689069833273556,0.999285360615371
DPP7,-0.100552524417366,7.20665976427075,0.159904487203214,0.689244468284664,0.999285360615371
TRUB1,-0.238386381669033,4.12529803844936,0.159825171467354,0.689317528131354,0.999285360615371
GZMA,-0.149739099507253,9.05636809748891,0.159793715173308,0.689346509188498,0.999285360615371
PFDN1,-0.0977961963710244,6.48244734916474,0.159768964338952,0.689369314751786,0.999285360615371
TNPO3,0.137663536976234,5.60593669420325,0.159578358976521,0.68954500832064,0.999285360615371
PPP2R2D,0.176254656292355,5.71358655444246,0.159041844639781,0.690040203219707,0.999285360615371
GTF3C1,-0.157566099490981,5.1784958850689,0.15896754811793,0.690108854105469,0.999285360615371
POLR3E,0.223238712255515,5.31341262648626,0.158898411749316,0.690172753649907,0.999285360615371
SLC25A1,-0.148407837171313,5.43453292917701,0.158598595490709,0.690450046505616,0.999285360615371
CCNG1,0.152887489230086,5.43964730903931,0.158557097916013,0.690488450534011,0.999285360615371
ITGA6,-0.242760905713717,4.76371877833078,0.158536962213773,0.690507087265184,0.999285360615371
CCDC93,0.159877535598513,5.19939535004283,0.158020552946095,0.690985522485054,0.999285360615371
IFI27L1,-0.256902199102203,4.11837741531205,0.158008383566663,0.690996807903465,0.999285360615371
RNF31,-0.288752678831483,4.13986428810483,0.157932636872193,0.691067063816751,0.999285360615371
KEAP1,-0.197388740708631,4.82938876952407,0.157869131053161,0.691125981215996,0.999285360615371
EEFSEC,0.223686021012905,4.47561869841739,0.157745708713819,0.691240525307855,0.999285360615371
PPWD1,-0.165734172488485,5.79785445438098,0.157516023162628,0.691453826869732,0.999285360615371
ADAM8,-0.19949197595351,5.92489770844235,0.157429526072182,0.691534200586311,0.999285360615371
SETD7,-0.215589264192427,4.35401518281473,0.157427054732395,0.691536497348439,0.999285360615371
HAGH,-0.117135000469857,6.32073810664412,0.157408716163449,0.691553541116353,0.999285360615371
HNRNPH3,-0.0816941882077286,7.24429653241233,0.156906197934969,0.692021026714092,0.999285360615371
SPCS1,0.0861122103703846,8.03475739898871,0.156897124516167,0.692029475542487,0.999285360615371
TMEM141,0.160580945432988,5.45362946474109,0.156864755996327,0.692059618200873,0.999285360615371
RPS27,0.0471394614147504,12.9744245250354,0.156716356721088,0.692197858693243,0.999285360615371
PPIB,0.049821893311554,8.74629153664041,0.156598358214644,0.692307833567348,0.999285360615371
RALY,0.114085969592027,6.80329949633906,0.156580045201927,0.692324905631925,0.999285360615371
HSPD1,-0.122855107567642,7.4345837616375,0.15641680108622,0.692477138852114,0.999285360615371
PLAC8,0.18136284310887,5.76832184462419,0.156359275782378,0.692530805935288,0.999285360615371
CFAP36,-0.132083783652783,5.58948386281584,0.156303668748258,0.692582694259257,0.999285360615371
WDR86-AS1,-0.493549043220849,4.63876557549475,0.156126479603138,0.692748105133118,0.999285360615371
ARRDC1,-0.144610614092044,5.56948169731225,0.156111134471804,0.692762435334565,0.999285360615371
GSDMB,0.249841495079274,4.29228009471637,0.155990758209882,0.692874878144988,0.999285360615371
MBOAT7,0.162532384887751,4.90537108921269,0.155498254315081,0.693335446429126,0.999285360615371
KLHDC3,0.174913270787381,5.16483368953234,0.155491288778105,0.693341966337791,0.999285360615371
AGO2,-0.110064997405264,6.6166325676701,0.155445286814672,0.693385029509944,0.999285360615371
TRIM52,-0.132797109359905,5.79641936425163,0.155377913999722,0.693448111566772,0.999285360615371
LOXL1-AS1,0.219677074618274,4.27555848548745,0.155324875174625,0.693497783636657,0.999285360615371
MCM3AP,-0.145427285366635,5.32515980331784,0.155262749976391,0.693555977763544,0.999285360615371
PIP4P2,-0.310633637856833,4.42348339562353,0.155252048121849,0.693566003799105,0.999285360615371
RAB11A,-0.0862866213398241,6.86921923045045,0.155221125570129,0.693594975844149,0.999285360615371
ABHD8,0.281469501394017,4.21875130306889,0.154818764633163,0.693972261275488,0.999285360615371
UMAD1,-0.176996868907627,4.8455809088584,0.154650977941081,0.694129758623782,0.999285360615371
HPRT1,-0.164075799651944,5.8881088409235,0.154614797165525,0.694163733579615,0.999285360615371
RCBTB1,-0.228458332787439,4.43672901590302,0.154419181444943,0.694347502805999,0.999285360615371
RPUSD3,-0.17412977976223,5.16443090435735,0.154349772624816,0.694412740522643,0.999285360615371
UHRF2,0.128231503941048,5.78560512497195,0.154149797029415,0.694600793360243,0.999285360615371
NUDT5,-0.110534486809161,6.52217122053656,0.153619885673413,0.695099792597508,0.999285360615371
GIMAP1,0.119182279635465,7.05920159030382,0.153589119386073,0.695128794627093,0.999285360615371
NFKBIL1,-0.273309323247657,4.27999157685994,0.153585715769777,0.695132003272736,0.999285360615371
FAM43A,-0.32009556327075,4.21509278784095,0.153249439209496,0.69544921918952,0.999285360615371
IDH3A,0.194930453188618,4.85126666301594,0.152949987425583,0.695732035634596,0.999285360615371
ACOT7,0.221821296267764,5.30932063651185,0.15282665673946,0.695848607779833,0.999285360615371
RPS21,0.0564193016692172,11.5505162684757,0.152761696513647,0.695910029978635,0.999285360615371
RNF44,-0.110000892678165,5.95654235452693,0.152698972392486,0.695969352148933,0.999285360615371
DDB1,-0.135451414370656,5.86246873017284,0.152637372681372,0.696027624564025,0.999285360615371
ZCCHC3,0.183226513472961,4.81328613950699,0.152613182773536,0.696050511565012,0.999285360615371
MICAL2,-0.146972438595431,5.45188168181202,0.152553021261465,0.696107441749565,0.999285360615371
TC2N,-0.102265062421029,6.86308381693806,0.15242053389013,0.696232858742635,0.999285360615371
ATAD5,0.227936515006641,4.1503744448016,0.152383157537717,0.696268251812146,0.999285360615371
NDUFB11,-0.0846342252091899,8.03023973343986,0.152347040451769,0.696302457187409,0.999285360615371
SAP30BP,-0.12803732311958,5.87395868608507,0.152279168172623,0.696366749566478,0.999285360615371
KCNQ1OT1,-0.188603253273493,5.13971161564023,0.152131262384117,0.696506911326298,0.999285360615371
SIVA1,-0.0775733366480254,7.10393980579883,0.151838740640066,0.696784348585761,0.999285360615371
ITGB2,-0.106958757224475,8.00540314938364,0.151811710023026,0.696810000845578,0.999285360615371
SDCCAG8,0.165773702985857,5.41665634090022,0.151792255534879,0.696828464929743,0.999285360615371
EPB41,-0.105124765529724,7.36285701185442,0.151766380378554,0.696853024925641,0.999285360615371
CYB561D1,0.220712597612464,4.33864296995639,0.151552231472934,0.697056381877358,0.999285360615371
RMC1,0.230366627776738,4.58278583520031,0.151510263600674,0.697096254180879,0.999285360615371
GATA3,-0.112148186355949,6.79075293499089,0.151464059427529,0.69714015861022,0.999285360615371
GCNT2,-0.282245727608052,3.89920927655349,0.15139262833646,0.697208049502963,0.999285360615371
RPP38,0.147195841127556,5.45062576248321,0.151317389792251,0.697279579092268,0.999285360615371
TOX4,-0.0986469418517365,6.43552867051381,0.151056449191632,0.69752781513357,0.999285360615371
CENPC,-0.0951423424285737,6.50913995706609,0.150991633411827,0.697589513451113,0.999285360615371
UBL3,-0.141978649682356,5.95694977853408,0.150744416689349,0.697824979758177,0.999285360615371
PUM3,-0.147165641342129,6.05042408439165,0.150505360490637,0.698052884816702,0.999285360615371
UBE2I,-0.0688328111678834,7.47604799022951,0.150410092495356,0.698143766920246,0.999285360615371
FABP5,-0.153480600537825,6.83802908601016,0.150360221475363,0.698191355211351,0.999285360615371
FANCA,-0.248519799232457,4.18899505704401,0.150331179847704,0.698219071709523,0.999285360615371
MRPS28,-0.170320708580292,5.10894221722234,0.150285916398765,0.698262275990673,0.999285360615371
NSA2,0.0756838862605155,8.7648828893223,0.14993462537587,0.698597840455589,0.999285360615371
CTBP1,-0.108180432351286,6.3814836162426,0.149776312258528,0.698749214001142,0.999285360615371
PPP2R5E,-0.131265170746793,6.32688694387301,0.149772341379705,0.698753012000876,0.999285360615371
TMEM258,-0.0611483022066128,8.37065976954918,0.149698067371439,0.698824063031973,0.999285360615371
TRIM44,0.11805419948253,6.08819431935291,0.149697813793651,0.69882430564095,0.999285360615371
PRPF39,-0.207096961502731,4.76303522051905,0.149543310612849,0.698972169546547,0.999285360615371
ANKLE2,-0.109112281288344,6.32844358321706,0.1494540677486,0.699057617497236,0.999285360615371
IL26,0.241760036195094,4.8107197502352,0.149250272247709,0.69925285691582,0.999285360615371
RAB11FIP1,0.092627863105035,7.80218316468485,0.149210360927967,0.699291110547676,0.999285360615371
CIAO2A,-0.301408030226328,5.51079020829504,0.14899247886207,0.699500046766451,0.999285360615371
RNF149,-0.073911006491124,7.14421772170836,0.148718798690521,0.699762738988042,0.999285360615371
TSHZ1,0.209234340699456,4.37964714096895,0.14862019361804,0.699857453215963,0.999285360615371
SNHG20,0.194587273772986,3.78086702610694,0.148377642123833,0.700090587575815,0.999285360615371
HNRNPM,-0.0714245047136277,7.90512159912924,0.148106718308579,0.70035125155554,0.999285360615371
RNF34,-0.13561867388412,5.71306451111019,0.147953729353876,0.70049856778906,0.999285360615371
CD63,0.0902905024096081,7.82505515787986,0.147932411688124,0.700519101950443,0.999285360615371
USP53,0.214326310054149,4.34540835198917,0.147463859257389,0.700970862874483,0.999285360615371
MED1,0.169006667807033,5.60339782018599,0.147454518036515,0.700979877702195,0.999285360615371
INTS7,-0.282417107360195,4.19660949101415,0.147453667455338,0.700980698579348,0.999285360615371
SGPP1,-0.183033646517388,4.84953450273308,0.147299712328842,0.701129322049245,0.999285360615371
KIF22,-0.163847005617717,5.04098494985373,0.147198700789442,0.70122688385321,0.999285360615371
BOD1L1,-0.076609805123683,7.62100829955523,0.147191190574773,0.701234139113395,0.999285360615371
GPR108,-0.115669256796916,5.98448807699568,0.147136063946149,0.701287400820697,0.999285360615371
PPM1F,-0.256162564595509,4.34359467930622,0.147122602040966,0.701300409051428,0.999285360615371
ALG11,-0.225723490352445,4.24406642931352,0.147077176322327,0.701344308934754,0.999285360615371
HDAC2,-0.141278265124432,5.94224451963227,0.14697271853905,0.701445287524394,0.999285360615371
CENPE,-0.456460155920621,4.18420428931313,0.146885851643315,0.701529292478976,0.999285360615371
CDYL2,0.214793485912631,4.64700739640506,0.146107924161022,0.702282863186682,0.999285360615371
STK11,0.140373652614657,5.51615122275312,0.145889967665578,0.702494407710319,0.999285360615371
SERINC3,-0.0905638503484431,6.55461707758316,0.145885995010998,0.702498265174844,0.999285360615371
MMS22L,0.197367125764106,4.69552353927355,0.145877383025979,0.702506627655647,0.999285360615371
NSMAF,-0.147767866087369,5.20171360611655,0.145771079754816,0.702609874437805,0.999285360615371
SLC39A6,0.175569879059521,4.9525125117449,0.145657128213923,0.702720597494453,0.999285360615371
ULK4,0.211508798033062,4.35673921388064,0.145556685477469,0.702818235631154,0.999285360615371
IL17RA,0.14556773011954,5.29621202361454,0.145067112017095,0.703294692328474,0.999285360615371
PDCD2,-0.103984858757049,6.42718575201002,0.144829934886015,0.703525846027508,0.999285360615371
KLRC4,0.624793220043825,4.20500243805785,0.144823122200728,0.703532488895948,0.999285360615371
GLCE,-0.250022981294647,4.03022464980778,0.1447817794662,0.703572804934966,0.999285360615371
GPATCH4,0.137622446361443,5.64666501355106,0.14471101971224,0.703641822751748,0.999285360615371
NFRKB,0.231224047601291,4.71139224888463,0.144697869602137,0.703654651265636,0.999285360615371
CYB5R3,-0.149999969547481,5.86063436577215,0.144577056989871,0.703772540548797,0.999285360615371
UBA52,-0.0503292011535904,11.1617391825232,0.144198999556142,0.704141814688967,0.999285360615371
ZSCAN16,0.245181107961826,4.16919480951446,0.144178535220647,0.704161819378036,0.999285360615371
STMN3,0.161102320365361,5.63528761043476,0.144023353655587,0.704313568321017,0.999285360615371
ZNF75D,0.280501586890493,4.0172153576231,0.143989554345527,0.704346632391603,0.999285360615371
ATAD2B,-0.153624383192708,5.48902697306462,0.143958948906739,0.704376575897682,0.999285360615371
UBE2B,0.075705962864085,7.59429510296318,0.143916502347896,0.704418110452194,0.999285360615371
RHOT1,-0.169947677059523,5.1355935838917,0.143835513379955,0.704497378738196,0.999285360615371
IL4R,0.190521105886644,5.60548317052344,0.143654532919804,0.704674606410646,0.999285360615371
UQCRB,0.037748061657235,9.49028070244296,0.14353328194461,0.704793414575891,0.999285360615371
SUPT7L,0.194924153347423,4.83502832094155,0.14347286222436,0.704852638459543,0.999285360615371
ERMP1,0.213643371618043,4.50355388343025,0.143343824390072,0.704979170120193,0.999285360615371
SMYD2,-0.171077859633641,4.76914002501618,0.1433020416153,0.705020155345036,0.999285360615371
JARID2,0.166265988661102,6.279476980231,0.143287587067132,0.705034335575068,0.999285360615371
CYB5R1,-0.22677941485831,4.85213159355371,0.143236366477741,0.705084590684915,0.999285360615371
CCNC,0.169570737427937,5.61683018744129,0.143134440058255,0.705184626416604,0.999285360615371
ETS2,-0.195494624052551,4.36766864928846,0.143044988228716,0.705272452507826,0.999285360615371
PASK,0.26272145923769,6.51366110733029,0.142980630089319,0.705335660390592,0.999285360615371
C11orf58,0.0611728548207795,8.15094560346738,0.142879021971591,0.705435485599945,0.999285360615371
TMEM38B,0.280943575417576,3.84729815233268,0.142720473760647,0.705591332848207,0.999285360615371
RPS6KB2,-0.128715550602458,5.80106645884056,0.142716705811566,0.705595037811165,0.999285360615371
DPF3,-0.256729782058209,4.05019671653646,0.142686898572443,0.705624348753871,0.999285360615371
IKBIP,0.154518886210746,5.05768597222612,0.14247511485414,0.705832707030756,0.999285360615371
PLCG1,0.144003178446552,5.29939121864501,0.142298238358745,0.706006858307536,0.999285360615371
PMVK,-0.102718682123284,6.49361159188893,0.142282489651027,0.706022370360674,0.999285360615371
SPCS2,0.0503674934085065,8.23680714925802,0.142047372558135,0.706254071061799,0.999285360615371
ALAS1,0.229801906782649,4.68995170709908,0.141930510610429,0.706369316416363,0.999285360615371
OSBPL3,0.145224010337314,5.1587404735257,0.141794352906473,0.706503658958815,0.999285360615371
TMEM127,-0.167264320080237,5.08792772730216,0.14143941765337,0.70685420903142,0.999285360615371
CHMP6,-0.167209753661056,5.02160997358385,0.141324810060052,0.706967507880209,0.999285360615371
SLC66A2,0.209183004478214,4.69189424819585,0.141111105175888,0.707178912510413,0.999285360615371
MAPRE2,0.124239744629692,5.78161393583902,0.141078820167065,0.707210865893023,0.999285360615371
AKAP8,0.167689622668446,5.14885366838217,0.140701361062188,0.70758475770979,0.999285360615371
GNB1L,-0.216686547422683,4.30774265435651,0.140663393519262,0.707622398082941,0.999285360615371
ZNF384,0.221890108943081,4.90421652472905,0.140653934096754,0.707631776894395,0.999285360615371
RHEB,-0.08707046123156,6.51783004637186,0.140487126407947,0.707797222222366,0.999285360615371
TM2D3,0.131065324086355,5.88995552005858,0.140473488946167,0.707810753256087,0.999285360615371
RBM3,-0.0797708585162095,8.28567447109134,0.140357838973625,0.707925530807877,0.999285360615371
SYNGR2,-0.100857403783125,6.52675522327432,0.140317671064619,0.707965408321573,0.999285360615371
ZNF428,-0.109616083600819,6.17727507612848,0.140263826257314,0.708018874067428,0.999285360615371
HDGF,0.0931331118415537,6.53011020481436,0.140203679666175,0.708078611071205,0.999285360615371
PIK3C2B,0.211319166506457,4.22393125974407,0.14012969061061,0.708152116318579,0.999285360615371
SLC39A8,-0.210651718945766,5.05972694352246,0.140128904555283,0.70815289735272,0.999285360615371
ANXA1,-0.12779372103785,9.2421548692661,0.140084158067442,0.708197362126098,0.999285360615371
CORO1A,-0.0698575290626847,9.47485809045628,0.140049865218359,0.70823144455507,0.999285360615371
COX14,0.0786117526122503,7.2368312989617,0.13982104026849,0.708458987306651,0.999285360615371
ILK,0.162590835287443,6.15953711458305,0.139774804083636,0.708504990180937,0.999285360615371
SLC39A10,-0.103300472403654,6.94630346778423,0.139624407856235,0.708654687509755,0.999285360615371
SLC35E1,0.129211789375127,5.83595210852278,0.139525442012722,0.708753243583223,0.999285360615371
ALDH16A1,-0.175694433242259,4.98652178687246,0.139416903275045,0.708861378720198,0.999285360615371
NFKBIE,-0.249234183719255,4.21626255935843,0.139396624602817,0.708881587303298,0.999285360615371
NMD3,0.186634256864538,5.10288729088549,0.139223205558118,0.709054475403098,0.999285360615371
ZNF611,-0.332364786425372,4.21453049091832,0.139158602129749,0.70911891239921,0.999285360615371
SIRT5,-0.206321610190853,4.38923204810648,0.13905980238955,0.709217490572556,0.999285360615371
HOOK2,0.205272500042716,4.41323346551282,0.138899575746994,0.709377442727031,0.999285360615371
SMAD2,-0.087535177620444,6.41172186581862,0.138825707815627,0.709451219500143,0.999285360615371
SRRT,0.187699206739121,5.50216800383846,0.138694313252874,0.709582507175241,0.999285360615371
PPP1R16B,0.190260562189234,5.60612473331879,0.13851334420211,0.70976344499256,0.999285360615371
ZBTB21,0.187920497477487,4.48021374218846,0.138349076673041,0.709927800721819,0.999285360615371
TRIM26,0.176775681654479,5.02707617035286,0.138309998313577,0.709966916416775,0.999285360615371
MED13,-0.0972516728444044,6.31174859456004,0.137947041511737,0.710330520877189,0.999285360615371
EXOC4,-0.163931020278086,5.39840427229894,0.137932620111222,0.710344979249576,0.999285360615371
PSME2,0.0963017056558984,8.41978529712573,0.137923472807724,0.710354150449638,0.999285360615371
NUDT16,0.172348357962991,4.62627253597736,0.137856820021295,0.71042098781126,0.999285360615371
DENND2D,0.136704941080515,6.66322161332499,0.13784147736072,0.710436375561789,0.999285360615371
RRM2B,-0.225670033152901,4.30727359021948,0.137760036384766,0.710518072199811,0.999285360615371
PRADC1,0.20791397953398,4.34571529395406,0.137605844090761,0.710672823824673,0.999285360615371
ESYT2,0.133615338532255,5.96282569104452,0.13757436266318,0.710704431574172,0.999285360615371
DHX33,-0.234579243370523,4.26335030116606,0.137435033793192,0.710844368929347,0.999285360615371
STK10,-0.0791422072961895,7.13366775247664,0.137430187083659,0.71084923825756,0.999285360615371
ANKRD28,-0.121155790047893,7.41641182588942,0.137190880575723,0.711089783121908,0.999285360615371
CHD8,-0.112526942554939,6.13338929921624,0.136953127890543,0.71132900249735,0.999285360615371
MRPS9,-0.153342784071615,5.17513151180776,0.136784629382534,0.711498683450149,0.999285360615371
IMMT,0.1005450939733,6.4169656919079,0.136699195626267,0.711584762134232,0.999285360615371
PGRMC2,-0.12303733207537,5.53935611314248,0.136620970430219,0.711663604660388,0.999285360615371
TNFAIP8,-0.0769471935780682,7.94105455703287,0.136506504541433,0.711779020130583,0.999285360615371
ZNF286A,0.239204923318444,4.2095373386214,0.136459021089753,0.711826913632231,0.999285360615371
YWHAQ,-0.0881638744726429,7.69149253862973,0.136453129945654,0.711832856310423,0.999285360615371
DUSP6,-0.187443704825515,5.8347229589731,0.136418707767355,0.711867582519301,0.999285360615371
PRDM1,0.127048965462098,7.57035750912772,0.136380052273854,0.711906585369227,0.999285360615371
CERS2,0.115119191567358,5.95961408475672,0.136296174015015,0.711991238961757,0.999285360615371
PPIG,0.0564164822561653,7.75344469680013,0.135959382523367,0.712331441945789,0.999285360615371
FHL3,0.255173935590469,4.18369203616162,0.135925546612345,0.712365647043886,0.999285360615371
TRUB2,-0.193538825784737,4.6337933521945,0.135880720370082,0.712410969837983,0.999285360615371
SUMF2,0.100632742475165,6.59967749159621,0.135823881473037,0.712468450565835,0.999285360615371
GGNBP2,-0.0816989806670101,6.97707696930677,0.135806332146487,0.712486200821214,0.999285360615371
C17orf80,-0.211894223779364,4.297934544459,0.135579335273672,0.712715914153173,0.999285360615371
POLR1B,0.222421304122906,4.11086701021723,0.135564021538254,0.712731419007956,0.999285360615371
SPAG1,0.248144334077327,3.99394786394846,0.135464637545883,0.712832067515539,0.999285360615371
MIEF1,0.190688929664589,4.71787246210869,0.135350216921083,0.712947995904051,0.999285360615371
ATP5IF1,0.0523111209513231,8.44823055450806,0.135321023187711,0.712977583241759,0.999285360615371
ENTPD1,-0.245000165367424,5.85366754429033,0.135118118698504,0.713183323566775,0.999285360615371
PPP4R1,-0.169760747432538,4.95845137255618,0.135057058544383,0.713245271431764,0.999285360615371
UNC13D,-0.158289793539177,5.49338712443865,0.135043936893617,0.713258585923831,0.999285360615371
CRIM1,-0.174478380756127,4.95439888014874,0.135036212397246,0.713266424285982,0.999285360615371
TERF1,-0.106932077421665,6.02900915543397,0.134990896007167,0.713312413805067,0.999285360615371
SEPTIN7,0.295849683365043,9.06856052151971,0.134778786518467,0.713527790523686,0.999285360615371
ATG101,0.158044704776131,5.37859955448167,0.134687830068664,0.713620206939287,0.999285360615371
SNHG21,0.222914840584405,4.10846059029522,0.134517497207959,0.713793369143694,0.999285360615371
SESN2,-0.2748361608064,4.06447136714894,0.134120771694082,0.714197167321829,0.999285360615371
PFN1,-0.0417067205582904,10.7222490696053,0.134015360093699,0.714304572025014,0.999285360615371
TEDC1,0.237585221189206,4.35896254938193,0.133945318079249,0.714375964871963,0.999285360615371
DLAT,-0.226855335258136,4.21994609020572,0.133490584502098,0.714839984038639,0.999285360615371
FAM199X,0.151495948094961,5.03385515124299,0.133429604319488,0.714902277517363,0.999285360615371
TNFAIP3,-0.144001628212282,8.92646259657194,0.133353981185657,0.714979551718987,0.999285360615371
ADAM19,0.141609834056806,7.2179290379039,0.133273696495685,0.715061616432249,0.999285360615371
EEF1G,0.263142722464541,9.29784747214284,0.13327248156611,0.715062858513639,0.999285360615371
SSNA1,-0.102252285571527,7.18693738750547,0.133173158266466,0.715164423247347,0.999285360615371
TMEM179B,0.138900296772042,6.21972820022055,0.133054655334238,0.715285656607301,0.999285360615371
TTC14,0.0819915175350111,7.08970808372802,0.132896531084018,0.715447519506388,0.999285360615371
SPG21,-0.133222942695967,5.65142259243625,0.132860674064204,0.715484239492652,0.999285360615371
RGS1,0.170511213645624,8.50465624605599,0.132848453231119,0.715496755725609,0.999285360615371
RPL7,-0.0834080425104102,10.312670737205,0.132659741488645,0.715690111821049,0.999285360615371
WDR55,0.152513740190319,4.9417822110663,0.132589695323215,0.715761921520056,0.999285360615371
LDLRAP1,-0.191788775609763,5.07411782508864,0.132448550099895,0.715906685605141,0.999285360615371
SRF,-0.19777535698231,4.86243139245133,0.132320308436931,0.716038291048784,0.999285360615371
GNPDA1,-0.18777087144074,4.97471292204235,0.132067692736754,0.716297744243874,0.999285360615371
SF1,0.0955807221534295,8.28932782323982,0.131911895966631,0.716457898004391,0.999285360615371
RUNDC1,-0.213560630114242,4.52846049943804,0.131908327951358,0.716461567055904,0.999285360615371
RAD17,0.169606200293681,5.10354974548109,0.131299813392054,0.717088136532725,0.999285360615371
SIN3B,0.174279869603101,4.73877369980579,0.131245399932642,0.717144244413718,0.999285360615371
DNAJC9,0.146300957455357,5.57805381154145,0.131178335874193,0.717213414934779,0.999285360615371
PIKFYVE,0.132350738871951,5.35671063543793,0.131113783787882,0.717280013477148,0.999285360615371
B4GALT7,0.276300587266292,4.39976812575716,0.13109196697841,0.717302526124532,0.999285360615371
HACD1,-0.21528318218428,4.14493010170727,0.131026780776484,0.717369804039131,0.999285360615371
MLYCD,-0.208742279770218,4.64044783303938,0.130792583409729,0.717611672678004,0.999285360615371
NUP107,0.142478649195871,5.40769768161079,0.130581076222803,0.717830318426854,0.999285360615371
KCNA3,0.219755103766191,4.48201226402644,0.130533567182006,0.717879458472055,0.999285360615371
FLYWCH1,-0.273365878166304,4.22787009782009,0.130466558877966,0.717948784386458,0.999285360615371
CDIPT,0.124066799485008,5.6893110052972,0.130388263262333,0.718029813506967,0.999285360615371
IPO7,0.116887063818919,5.83319226337577,0.130029792589312,0.718401150939146,0.999285360615371
RNF125,-0.106332774585541,6.4754157701487,0.130017252278474,0.71841415183127,0.999285360615371
RNF11,0.134933931854304,5.27918194140493,0.129805971867697,0.71863329876754,0.999285360615371
GIMAP8,-0.212294283306893,4.66620779175169,0.129674821144498,0.718769433954192,0.999285360615371
CD6,0.0740566039640118,7.66524781322037,0.129575817255951,0.718872252066749,0.999285360615371
EXOSC10,0.137206504039379,5.24403071327506,0.129503565204526,0.718947315709687,0.999285360615371
ZBP1,0.184119278885025,5.61371178078099,0.129437646733948,0.719015819944065,0.999285360615371
UTP4,0.192812519307423,4.44338794012843,0.129332194520206,0.719125449679617,0.999285360615371
AMN1,-0.218357245639145,4.10773889663469,0.129323951183533,0.719134021705352,0.999285360615371
USP12,0.152529285996469,5.65998567032739,0.129150576529227,0.719314380908537,0.999285360615371
SNHG10,-0.207503664340285,4.32751191831308,0.129144193499151,0.719321023692825,0.999285360615371
ORMDL2,-0.127680598227569,6.5119103059099,0.129099165580058,0.719367889267306,0.999285360615371
TBC1D9B,0.165284566033646,4.97913744281093,0.129055836189398,0.719412995707282,0.999285360615371
CPNE7,-0.193927476343127,6.12525587541292,0.128819890605541,0.719658768176426,0.999285360615371
GTPBP1,0.155440753921921,4.91242521397631,0.128708541443299,0.719774843163115,0.999285360615371
LEF1,-0.181673658996426,6.17043326725609,0.128621872777483,0.719865229404512,0.999285360615371
ZSCAN16-AS1,0.127503991346085,5.50958970477951,0.128452353483816,0.720042119483312,0.999285360615371
SLC25A13,0.189553645152948,4.46397048667214,0.128345680086735,0.720153498623366,0.999285360615371
DKC1,-0.108096917617926,5.76866768592552,0.128333832937862,0.720165871613947,0.999285360615371
CHMP1A,-0.118085859948811,5.76253958626486,0.128306137345099,0.720194799003903,0.999285360615371
METRNL,-0.138497881452576,5.49035684108497,0.127959305785076,0.720557354999362,0.999285360615371
TM2D1,0.104514406846027,6.2110454060949,0.12775533510743,0.720770832042414,0.999285360615371
CYB5R4,0.124706684098942,5.46968555634036,0.127470142847841,0.721069638586515,0.999285360615371
SMG5,-0.169262857211363,4.64291741656397,0.127146102075447,0.721409605894428,0.999285360615371
ZNF680,-0.262087248166215,4.26287400863301,0.126907873347477,0.721659855089958,0.999285360615371
HMGCS1,0.148627116860156,5.69374791224832,0.126906774840435,0.721661009637955,0.999285360615371
SZT2,-0.170087773552392,4.82404538851689,0.126906478667138,0.721661320921664,0.999285360615371
NDUFS3,0.116186017402859,5.96449920911538,0.126754438254178,0.721821172328322,0.999285360615371
HBS1L,-0.157822315027458,5.79101273104696,0.126690448644098,0.72188848166881,0.999285360615371
SF3B4,-0.12332629691656,5.50406111477922,0.126666502139418,0.721913675423836,0.999285360615371
MYL12A,0.0517351949946672,10.0931743557674,0.12641200785119,0.722181590947619,0.999285360615371
RPGR,-0.138510842656717,5.33509708560278,0.126370277046401,0.722225551487778,0.999285360615371
GRPEL2,0.168629424918217,4.73464205510492,0.126219792461473,0.722384144608419,0.999285360615371
USP9X,0.114567742389079,6.19258705142026,0.126099597500112,0.722510892515437,0.999285360615371
AKAP13,-0.0613004222934184,8.49288581662503,0.126073350937013,0.722538579070931,0.999285360615371
CASP4,0.0705443942748201,7.15754685043148,0.125814013880461,0.722812319024369,0.999285360615371
MINK1,-0.14807169431761,4.95870746148804,0.1257017137715,0.722930954535649,0.999285360615371
BISPR,0.152959883043591,5.07800999719306,0.125701194840168,0.722931502880896,0.999285360615371
TRAF1,-0.174551582505566,5.66325895161045,0.125654632341512,0.722980709808819,0.999285360615371
CSGALNACT2,0.0990091625390283,6.22950271558607,0.125629595024137,0.723007173316327,0.999285360615371
MED21,-0.157270039547406,5.26475677185609,0.125559952580602,0.72308079838764,0.999285360615371
PRKCB,-0.0875357005933905,6.38504680343465,0.125227581460422,0.723432493688165,0.999285360615371
SARM1,-0.282035410369535,4.01174766658101,0.124770774272733,0.723916717772937,0.999285360615371
CARD19,-0.14287810136578,5.58433999476006,0.124556155475322,0.724144561954472,0.999285360615371
SLIRP,0.095694031826683,6.50603620104923,0.124490187192293,0.724214639728978,0.999285360615371
MTERF3,-0.200758549533087,4.37412314987561,0.124441945095693,0.724265900283198,0.999285360615371
NDC80,-0.237632429642497,4.20303992508855,0.124399872446482,0.724310614495576,0.999285360615371
HIF1A,-0.0854029851150516,7.12664550124627,0.124299459513889,0.724417366300835,0.999285360615371
GBP4,0.124268540111116,6.75031477609366,0.124274641640664,0.724443758349117,0.999285360615371
SNX20,-0.142292478156255,5.82200667350476,0.124263228726488,0.724455896168549,0.999285360615371
CSDE1,0.0709342931842565,7.82934910920943,0.124041473528703,0.724691860905735,0.999285360615371
TGOLN2,0.055343539233378,7.8103623247985,0.123641302715075,0.72511827436949,0.999285360615371
LCK,-0.0690912046901325,8.2198831480149,0.123599750690616,0.72516259573215,0.999285360615371
PPP1R16A,0.268292151890463,3.9522938738335,0.123597055605089,0.725165470727426,0.999285360615371
SMUG1,-0.177230659950568,4.70413416619098,0.123555873634537,0.725209406171428,0.999285360615371
SPOCK2,-0.0792703489086008,8.447477209285,0.123540077817527,0.725226260297604,0.999285360615371
IAH1,-0.078774658994195,6.65963693052797,0.123154847593945,0.725637676026381,0.999285360615371
ARHGAP31,0.25058511911473,4.33980753306186,0.123136121186619,0.725657693745172,0.999285360615371
PTRHD1,-0.129652990138152,6.03060680513273,0.123128098788627,0.725666269864412,0.999285360615371
MCM4,0.202570082819578,4.24409132306786,0.123121787722205,0.725673016753229,0.999285360615371
CTDSP2,0.102847113487911,5.88698312852127,0.123067960758533,0.725730568731196,0.999285360615371
USB1,-0.14466390169121,5.20928354602356,0.122963313531152,0.72584249837878,0.999285360615371
ICAM1,-0.250714605003119,4.51104039390958,0.122895431338481,0.725915133108709,0.999285360615371
TSR1,-0.17203355920378,4.73331335035985,0.122840740633901,0.72597366918052,0.999285360615371
DNAJC24,-0.182602673472096,4.80386847637936,0.122764567159987,0.726055222886281,0.999285360615371
RUBCN,-0.144486438858008,4.86301261924437,0.122586883144464,0.726245567435619,0.999285360615371
TMPO,0.0994272732904872,6.94331593307943,0.1225100306869,0.7263279438432,0.999285360615371
EIF5A2,0.23243249132607,4.71077133619462,0.122487908536641,0.726351661450445,0.999285360615371
WDR6,-0.12004966403621,5.50620052905759,0.122484669749731,0.726355134021514,0.999285360615371
INTS10,0.131217829032066,5.67813590013304,0.122430726982405,0.726412978098255,0.999285360615371
AP1G2,-0.124828973608727,5.50097128214266,0.122397776257639,0.726448318959629,0.999285360615371
PEPD,-0.139006111128235,5.49863807496262,0.122251195164459,0.726605597300605,0.999285360615371
SENP2,0.167069753653561,5.0262183073274,0.121834390497469,0.727053398741254,0.999285360615371
R3HDM2,0.0932841594627014,6.66724680335743,0.12178153970644,0.727110241278222,0.999285360615371
EAF1,0.168275795360802,4.84885045967423,0.121623223658645,0.727280597561085,0.999285360615371
NIPA1,0.188351819665184,4.57879513178237,0.121525691844159,0.727385608768149,0.999285360615371
BAZ2B,0.166265146015931,5.46810200116048,0.121507998425436,0.72740466410064,0.999285360615371
SOCS3,-0.197478433053536,6.26965165466806,0.121505143322786,0.727407739114617,0.999285360615371
DDHD2,0.15909613801482,4.87306836091897,0.121501368665655,0.727411804573001,0.999285360615371
GTPBP3,0.224565946482793,4.4658593542504,0.121335649808067,0.727590360339983,0.999285360615371
INTS8,0.15722034563338,4.89751010823522,0.121270004043275,0.727661128963304,0.999285360615371
SWI5,-0.149088576172705,4.94170663293735,0.121186970336368,0.727750673217814,0.999285360615371
RTP4,0.222893189321436,4.96343867691436,0.121131096118265,0.727810947809666,0.999285360615371
NSUN2,0.167057200757977,4.8256769431778,0.12072385964861,0.728250727663937,0.999285360615371
GALNT7,0.168382424167389,4.87420066497842,0.120541404876004,0.728448032568982,0.999285360615371
PPP2R3C,0.129031444413538,5.8828669638377,0.120451613612843,0.72854519344857,0.999285360615371
ZNFX1,0.118497787170728,5.83611162578516,0.120397045232,0.728604260352482,0.999285360615371
VHL,-0.169698336243486,5.65653955048201,0.120101554506267,0.728924371595274,0.999285360615371
UBE2J2,-0.115760503747328,5.859286636924,0.120097500147526,0.728928766832388,0.999285360615371
CHIC2,-0.113537101871755,5.9362851312279,0.119913295423668,0.729128546659232,0.999285360615371
KDM5D,0.17125325802589,5.13121805395329,0.119876669657973,0.729168289729164,0.999285360615371
TNRC6B,0.0668400660615463,8.05560360153472,0.119749704801748,0.72930611352092,0.999285360615371
SDCBP2-AS1,-0.296339024718696,3.80867421761315,0.119712007277498,0.729347050955914,0.999285360615371
PDE7A,-0.0739584302775686,6.83997607164651,0.119650162940502,0.729414226134744,0.999285360615371
TBPL1,-0.127198445752209,5.2389077863773,0.119513158996952,0.729563108765733,0.999285360615371
TRAPPC2L,0.0860655133752155,6.38466796995541,0.119346301628937,0.729744562295618,0.999285360615371
INPP1,-0.195389233992456,4.86720424325686,0.118980597827242,0.730142753929822,0.999285360615371
ZNF692,-0.242380278173128,4.14774998586874,0.118913805139776,0.730215554170913,0.999285360615371
STRIP1,-0.192345756421151,4.67032982354542,0.118861717318676,0.73027234281973,0.999285360615371
GNG5,-0.0572070688389979,8.28921439204359,0.118695276867562,0.730453897581131,0.999285360615371
RPL11,-0.0450866693687331,12.1624866738846,0.118627863906955,0.730527472771225,0.999285360615371
MLXIP,-0.141032081203196,5.53202836476674,0.11854849864498,0.730614122802917,0.999285360615371
AKIP1,-0.174304942752325,4.80612060133992,0.118541508887283,0.730621755690022,0.999285360615371
SVIP,0.09532137341241,6.48360053919552,0.118358366577962,0.730821838736572,0.999285360615371
PMM2,0.130713234735408,5.26158005515208,0.118255289345584,0.730934526801124,0.999285360615371
NEK7,-0.103812899118413,6.04125304923813,0.118225003685357,0.730967646708329,0.999285360615371
CCNY,0.117388780444861,5.81527661724514,0.118063278685295,0.731144586896268,0.999285360615371
BRD8,-0.119179356604632,5.58080899269746,0.117943771415902,0.731275424557969,0.999285360615371
FLT3LG,-0.10197523936089,7.33100625692844,0.117939362960911,0.731280252392136,0.999285360615371
SLC25A44,0.209882906791749,4.25729946459187,0.117902366390016,0.731320772446723,0.999285360615371
RPRD1B,-0.200835995742104,4.4960209508402,0.117604087111726,0.731647719213605,0.999285360615371
ZFHX2-AS1,0.0916678584478549,3.75694389114467,0.117539168587847,0.73171893841284,0.999285360615371
UBL5,0.0453728929851363,9.02591077636819,0.117520337946566,0.731739600776579,0.999285360615371
RNF135,-0.25111615250788,4.02397738978056,0.117512446413837,0.731748260496433,0.999285360615371
YDJC,0.131812701640702,5.77114704221293,0.117208265878702,0.732082298898296,0.999285360615371
PSMB5,-0.12983848987701,5.67166443555581,0.117164853889388,0.732130011611592,0.999285360615371
SLF1,-0.100490133729262,6.36769460218656,0.117006476979142,0.732304162327999,0.999285360615371
MORF4L1,-0.0589000849281371,8.34596691612872,0.116999482355386,0.732311856627536,0.999285360615371
BCKDHA,0.202583665420406,4.66006967793977,0.116986175488179,0.732326495296765,0.999285360615371
SEC61B,0.0636447755459232,8.54585346541908,0.116834534956851,0.732493378311585,0.999285360615371
GMPPA,-0.204951098648665,4.55345377230701,0.116735932750355,0.732601956639971,0.999285360615371
CHM,-0.121528832600017,5.34411768692413,0.116655553541133,0.732690506144682,0.999285360615371
TRIM69,-0.118976501830258,5.73470739921806,0.116513800086837,0.73284675144416,0.999285360615371
DDX31,0.26518657679091,3.81919087895623,0.116458627087617,0.732907593620134,0.999285360615371
SHMT1,0.227636399982981,3.88485887139118,0.116452523599346,0.732914325246932,0.999285360615371
AP2S1,0.0729459299327107,7.0632376581842,0.116342284030964,0.733035944004164,0.999285360615371
PGM3,-0.203567850297627,4.43238081460213,0.116314343111455,0.733066779268268,0.999285360615371
CMC1,0.115595948623095,6.16534933212232,0.116208882750634,0.733183201325831,0.999285360615371
BIN1,0.120757045839303,6.7556644911808,0.116066635479498,0.733340327420563,0.999285360615371
NKTR,0.0611365708246685,7.93225051250311,0.115983152130081,0.733432593031768,0.999285360615371
GPR89B,0.281737536028084,3.8754400042972,0.115840330053283,0.73359052563813,0.999285360615371
TMEM70,-0.13834712413531,5.52504550995174,0.115820930607789,0.733611985917484,0.999285360615371
ANKRD13D,-0.0941943910146355,6.51813560107809,0.115798633290918,0.733636654390961,0.999285360615371
ATP5F1E,0.044156277007808,11.0102828306839,0.115791948076975,0.733644051044891,0.999285360615371
FXR2,-0.182016915073939,4.57869369444136,0.115765265597663,0.733673575445073,0.999285360615371
TPP2,0.121293714356931,5.82498931288546,0.115536889689224,0.733926430858869,0.999285360615371
SH3BP2,0.133052772064495,5.31687681283114,0.115463634764662,0.734007596990642,0.999285360615371
TTC39C,-0.0915805682975452,7.4137950132851,0.11538681446077,0.73409274440412,0.999285360615371
AAMDC,0.239233236664008,4.22228056992726,0.115242995781106,0.734252237669455,0.999285360615371
OS9,0.0901319750273158,6.27951350656554,0.115189013143336,0.734312132443127,0.999285360615371
RTRAF,-0.061181606214824,7.42085032600579,0.115155717601681,0.734349082290341,0.999285360615371
TRMU,-0.16688081830994,4.86624346089118,0.115133273589159,0.734373992975245,0.999285360615371
MRPL4,0.138267673042661,5.87380845559473,0.115117379639688,0.734391635360821,0.999285360615371
THEMIS,-0.112010934080559,6.21617382852143,0.115089761080139,0.734422295369294,0.999285360615371
ANKFY1,-0.145867693073035,5.26557634765028,0.115086106110834,0.734426353143493,0.999285360615371
AHI1,0.177782621897155,5.44698510305885,0.115009907406542,0.734510965882163,0.999285360615371
ANAPC16,-0.0641257790913322,8.29905958709631,0.114899893308284,0.734633183140899,0.999285360615371
TARDBP,-0.0912991067454068,6.35425220232511,0.114848050342935,0.734690799328587,0.999285360615371
EFHD2,-0.0960716623783723,7.53988312357845,0.114818103076509,0.734724088122988,0.999285360615371
GRSF1,0.10413393582173,5.99175526997231,0.114731819430897,0.734820026400525,0.999285360615371
LINC02195,-0.212747510186991,3.98852735874071,0.114726929304293,0.734825464907491,0.999285360615371
ZNHIT3,0.0933737634323344,6.3168273066308,0.114709879295269,0.734844427920615,0.999285360615371
NUBP2,0.110089936951772,5.92348678514222,0.114566100675656,0.735004400959201,0.999285360615371
CPSF4,0.190149970765147,4.4572262311884,0.114490685178215,0.735088355572254,0.999285360615371
SOAT1,0.128970867122979,5.51710890314342,0.1143653881505,0.735227907839458,0.999285360615371
TFRC,0.138984299499176,6.30330852882101,0.114163735110548,0.73545268225223,0.999285360615371
CHMP2A,0.0619885603833155,7.30428225127439,0.114118293210666,0.735503365014785,0.999285360615371
COPS5,0.106991552381886,6.12885808664733,0.11388270052641,0.735766309255798,0.999285360615371
BET1,0.154358406725636,5.00608050219715,0.113865296606637,0.735785745727433,0.999285360615371
DDT,0.0709607215845507,7.48439954333741,0.11382216049293,0.735833926712631,0.999285360615371
HIP1,-0.186561792698129,4.44267175089086,0.113636962940198,0.736040899193265,0.999285360615371
CD274,-0.227662871187801,4.01738742638234,0.113627514615988,0.736051463454803,0.999285360615371
COPS3,0.15210939342431,5.67953579781867,0.113597833139963,0.736084653778784,0.999285360615371
TAPBPL,-0.14607910806621,5.13340444187603,0.113593934688016,0.736089013451833,0.999285360615371
MRPL47,0.0976851622916384,6.22641914063543,0.11357311904257,0.73611229318102,0.999285360615371
MAP3K14,0.153523355711407,4.92166700885951,0.113570825375707,0.736114858509497,0.999285360615371
SLTM,-0.0615931354245311,7.54631554444961,0.113551195388997,0.736136814649318,0.999285360615371
POT1,-0.250248250030362,4.10587301399926,0.113377585344946,0.73633108954126,0.999285360615371
KLF9,-0.10613615856789,5.62309216135272,0.113341641223258,0.73637133279047,0.999285360615371
PCGF3,0.179497145386656,4.52461811327858,0.113296446543593,0.73642194310218,0.999285360615371
VKORC1,-0.0870238498421596,6.33634113073891,0.11324245824175,0.736482415499664,0.999285360615371
LAMP2,-0.10166564811518,5.90101950553274,0.113058918897181,0.736688118355147,0.999285360615371
SGSM2,0.211941956489517,4.4458276213719,0.11290872038084,0.736856592586386,0.999285360615371
RABGGTB,0.119623590245012,5.82164111669218,0.112708634144042,0.737081218564672,0.999285360615371
USP9Y,-0.0980573086020758,5.50618223506849,0.112617589158882,0.737183503282178,0.999285360615371
DNAJC13,0.120528539430572,5.21827363672248,0.112606010351467,0.737196514819304,0.999285360615371
YY1AP1,-0.136698927787325,5.22756890874939,0.112581455953002,0.737224109974306,0.999285360615371
TKT,-0.0979461239086134,7.03217989252884,0.112455402957419,0.737365825802056,0.999285360615371
NR2C1,0.225109350624412,4.54007120988803,0.112366047807779,0.7374663373838,0.999285360615371
IER5L,0.178806934831539,4.78286387837419,0.112356300461911,0.737477304422831,0.999285360615371
C12orf75,-0.115627822157418,7.27302775983564,0.112299352853697,0.737541388509988,0.999285360615371
HIVEP1,-0.1401042213372,5.45597540751141,0.1122352860998,0.737613505497192,0.999285360615371
PPID,0.1000911944288,6.10456215417794,0.112180377282858,0.737675332038191,0.999285360615371
RWDD2B,0.205905871942638,4.34704858638282,0.112090423330535,0.737776655276938,0.999285360615371
CCDC137,0.128240492005642,5.71885103663213,0.112035640508505,0.737838384257857,0.999285360615371
ZNF316,-0.203759776981827,4.53307698119522,0.111981461835725,0.737899448995203,0.999285360615371
TRAF3,0.137762485690883,5.77839875015177,0.111772411880832,0.738135223121091,0.999285360615371
DANCR,0.196458828528764,6.26830352140243,0.111515619681406,0.738425178423822,0.999285360615371
MAP7D3,0.142472607555678,5.8005514890094,0.111185772307032,0.738798168486425,0.999285360615371
WDR46,-0.126509263654396,5.57701491961271,0.11111769847097,0.738875222608967,0.999285360615371
DDX46,0.0720365097355848,7.94510827221695,0.111036957510315,0.738966648907748,0.999285360615371
VPS25,0.121615059517899,5.54641620808917,0.110964512250284,0.739048713084535,0.999285360615371
UQCRQ,-0.0511376509668506,7.77474313327621,0.110948663671866,0.739066669924643,0.999285360615371
SMN1,0.236701013294173,3.85423384290915,0.110931855305225,0.739085715786019,0.999285360615371
POLD2,0.150369759395748,5.20846735490923,0.110802286681697,0.739232586148011,0.999285360615371
PRAF2,-0.136185523914763,5.12474160796615,0.110738906708153,0.739304464208049,0.999285360615371
CPT1A,0.144278324502891,5.56418489978404,0.110728626355957,0.739316125119335,0.999285360615371
TBL2,-0.229896203255972,4.29421379725973,0.110726471949068,0.739318568919949,0.999285360615371
TFAM,-0.0905837317868547,6.23081694126071,0.110618361385193,0.739441235513662,0.999285360615371
TSPOAP1-AS1,0.196722728418303,4.86319969699213,0.110597801154626,0.739464571511612,0.999285360615371
ZDBF2,-0.17505147771874,4.62741674989839,0.110563912651994,0.739503040444879,0.999285360615371
FAM222B,0.152095107936645,4.76841313890877,0.110519790831528,0.739553135662255,0.999285360615371
ZNF66,0.228610567360894,4.01115757109142,0.110501075276687,0.739574388361527,0.999285360615371
CPOX,-0.185506353275761,4.24744033167146,0.110472437199752,0.739606912583194,0.999285360615371
ARPC4,-0.0541247113194242,8.0244775038437,0.110435590447782,0.739648766272186,0.999285360615371
LMAN2,-0.0723091029950997,7.12516192253806,0.110062868443915,0.74007257233759,0.999285360615371
MPLKIP,0.0887329643438383,6.33695283219688,0.110040216118705,0.740098354978445,0.999285360615371
ARF1,0.0540549348003486,7.85299938310369,0.11002849584953,0.740111696023236,0.999285360615371
SMPD4,0.156861917177557,4.77567493040995,0.110020098522348,0.740121255087176,0.999285360615371
OAZ2,0.168196047492263,5.00953098845607,0.109945199578181,0.740206533920732,0.999285360615371
MAN2B2,0.149575641471778,5.28670258710733,0.109940712897089,0.740211643413073,0.999285360615371
MAP3K2,0.0805057109723326,6.62130048396561,0.109927786800117,0.740226364471894,0.999285360615371
FUS,-0.0818840739807716,8.39677965075681,0.109890625038211,0.740268691994282,0.999285360615371
KPNB1,0.0774191390334382,7.41686365109297,0.109794773768233,0.740377903981768,0.999285360615371
AACS,0.248209380980589,3.99744675160354,0.109767251918935,0.74040927187987,0.999285360615371
KBTBD7,-0.229264289002813,4.04606132394912,0.109750891562602,0.74042792058716,0.999285360615371
HPS5,-0.226613084672359,4.53757781745935,0.109631137057583,0.740564472351519,0.999285360615371
ZC2HC1A,0.171358491607957,5.63137024759803,0.109603910707612,0.740595529126304,0.999285360615371
CCL20,-0.234570411469014,7.5322618887779,0.109588522386233,0.740613084295398,0.999285360615371
TMEM205,-0.166762197969394,5.20063795248203,0.109488440623238,0.740727292074952,0.999285360615371
ZNF880,0.160566776958779,4.75547296262293,0.109270937264395,0.740975694740583,0.999285360615371
SFMBT1,0.175962697367146,4.49402340296909,0.109251330781216,0.740998100061134,0.999285360615371
AIDA,0.0904848485224844,6.01693763719025,0.109090261989291,0.74118224599029,0.999285360615371
EIF5,0.0728689578606565,7.40346205217645,0.109072768027371,0.741202255475357,0.999285360615371
RNF114,0.0967466659816967,5.86464435626047,0.109067216469652,0.741208605684608,0.999285360615371
MIER1,0.0713202619681441,7.60544888338284,0.108945168970738,0.741348256343304,0.999285360615371
IRF3,-0.0907883152161242,6.77579657540119,0.10891410587773,0.741383813576892,0.999285360615371
AP3S2,0.191473266078802,4.47689303796309,0.108683952953538,0.741647439861357,0.999285360615371
COG4,-0.146101798322688,5.04491960708466,0.108681575760766,0.741650164406238,0.999285360615371
SHLD1,0.187595581668447,4.55503754582864,0.108676081872044,0.741656461180755,0.999285360615371
IFIH1,0.169351383435455,5.51625697795861,0.108659439630756,0.741675536623075,0.999285360615371
RFX3,0.184674839899054,4.66463630249784,0.108573004899682,0.741774634716792,0.999285360615371
ATF6B,0.0903971478295063,6.23252497911197,0.108502288758327,0.741855743852937,0.999285360615371
MED13L,-0.0926283574651143,6.2488503349268,0.10846827602327,0.741894765799669,0.999285360615371
HEATR1,0.161333693600468,4.92832465325502,0.108339240148386,0.742042867079355,0.999285360615371
RAD51C,-0.160280889714376,5.0515362388239,0.108274450841392,0.742117266048745,0.999285360615371
CENPX,-0.112500886119462,6.31285678720304,0.108258020035489,0.742136137821537,0.999285360615371
PDGFA,-0.215177449146344,4.11338501333618,0.108140194137171,0.742271514503891,0.999285360615371
STK32C,-0.187424212859214,4.28025336646147,0.108025990310448,0.742402807606902,0.999285360615371
ZNF337,0.183039614149926,4.22278671092267,0.107970925680625,0.742466139496947,0.999285360615371
FNIP2,0.256991257101565,3.99678070982791,0.107635680115997,0.742852104586346,0.999285360615371
TIGD5,-0.223453535729684,4.15894402999892,0.107578479203589,0.742918025925787,0.999285360615371
HERPUD1,0.0911156057734114,7.04445919197984,0.107507618936133,0.742999715947265,0.999285360615371
CCNL2,-0.12406702353418,5.98287460985858,0.107476327188071,0.743035799582948,0.999285360615371
PAG1,0.0567079896245678,7.88541326700648,0.107344147631903,0.743188284785938,0.999285360615371
UPF3A,-0.0834324299666237,6.86442219026056,0.107336977807009,0.743196559023279,0.999285360615371
NAPG,-0.120343175560546,5.51650679188834,0.107314795653631,0.743222159968922,0.999285360615371
MBNL2,-0.0984776651805841,5.8226944088052,0.107258691175272,0.743286924547934,0.999285360615371
CRTAP,0.127186886020897,5.17089552611474,0.107253673223997,0.743292717967138,0.999285360615371
AGO1,0.147905832272931,4.91538515673368,0.107204400591211,0.743349613103846,0.999285360615371
GDF11,0.205014561073918,4.5654427725611,0.107049181486126,0.743528939382669,0.999285360615371
ARIH1,0.112117873215286,6.08632722491405,0.106806163030644,0.743809990484483,0.999285360615371
FBXL17,0.17511352951356,4.69788830723138,0.106685135328338,0.743950091169366,0.999285360615371
STMP1,0.0697743346754543,6.98751269952447,0.106163168656011,0.744555325257743,0.999285360615371
CLSTN3,-0.125949263567654,5.30100915831737,0.106139696777042,0.744582580152087,0.999285360615371
KDM2B,-0.140672234912502,5.21987298246031,0.106111547187215,0.744615271070941,0.999285360615371
CACNA2D4,0.210749746154674,4.28002468252856,0.10609336916318,0.744636384275752,0.999285360615371
AMFR,-0.142851222159639,4.9228718431284,0.105997341235231,0.74474795091576,0.999285360615371
MED17,-0.117281854154344,5.45240741120672,0.105994968684211,0.744750708087369,0.999285360615371
CREB1,-0.0868998457810843,6.49301495816361,0.105982079078345,0.744765687858102,0.999285360615371
FXYD5,-0.0667225349431581,8.94239657203274,0.105976619873196,0.744772032625899,0.999285360615371
SMCHD1,-0.0698140005037131,7.92912962384467,0.105915361784646,0.744843240065296,0.999285360615371
ALG6,0.182919613577843,4.54388885065472,0.105903289385168,0.744857275912921,0.999285360615371
TSN,-0.114736024988155,5.62717466886573,0.105806436894959,0.744969912470902,0.999285360615371
TMIGD2,-0.152837860053199,5.76270793399378,0.105789912242535,0.744989135841148,0.999285360615371
PLEKHF2,-0.136172227975063,5.12847013670243,0.1057788036298,0.745002059586261,0.999285360615371
LTN1,-0.117487359105574,5.69521744267073,0.105770501955835,0.745011718232525,0.999285360615371
TPRA1,-0.18494706833863,4.29844552753502,0.105768997962695,0.745013468109726,0.999285360615371
PAOX,0.221256252608622,4.11704637861958,0.105768252332012,0.745014335646797,0.999285360615371
THRAP3,-0.0710846631971636,7.63060441693014,0.105526205381921,0.745296134809133,0.999285360615371
DHRS13,-0.228343015686242,4.01179362321247,0.10548108952392,0.745348699695086,0.999285360615371
UBXN4,0.0628858071026364,8.14261952371122,0.105465227688402,0.74536718341278,0.999285360615371
TCF3,0.133961638498238,5.07334245746666,0.105360228052412,0.745489577733021,0.999285360615371
PRPF40A,-0.0624723240071559,7.41682791178466,0.105324853176331,0.745530828141972,0.999285360615371
TMEM200A,0.20833929082392,4.29064489996639,0.105300299834919,0.745559464132814,0.999285360615371
CHD2,0.0654955203096461,7.38249204058803,0.105279910322409,0.745583246751537,0.999285360615371
NT5C3B,-0.195362998322209,4.43770918327865,0.105240778628755,0.745628897649637,0.999285360615371
VPS13A,-0.143912933625061,5.8927088862356,0.105223808999153,0.745648697276621,0.999285360615371
SOD2,-0.135322960186089,6.04368447619862,0.10515651298137,0.745727233520105,0.999285360615371
RPA1,0.146138655711013,5.5548623201233,0.105137821687944,0.7457490516848,0.999285360615371
ARHGAP45,-0.0663951804136281,7.2034263428564,0.104976604459619,0.745937328016758,0.999285360615371
MFSD8,-0.131365314912133,5.35523362490716,0.104960841044203,0.745955745774746,0.999285360615371
SLC1A4,0.220141144179679,4.12428061052391,0.104705464642798,0.746254337220489,0.999285360615371
POP5,-0.0945984424551425,5.91437130996787,0.104269436004536,0.746765082200346,0.999285360615371
CERS6,0.171364599512365,4.56632414483686,0.104253219804029,0.746784099878183,0.999285360615371
CCP110,-0.174076975163388,4.82071325604633,0.104173648879495,0.746877440988924,0.999285360615371
BTRC,-0.188280368006767,4.49001254580347,0.104119790491779,0.746940642206857,0.999285360615371
MTMR1,-0.185812856232209,4.44469371563094,0.103943409043174,0.747147747023508,0.999285360615371
REPS1,-0.214522128153057,4.74011538397305,0.103894732605951,0.747204936416296,0.999285360615371
SLC25A17,-0.191746631217967,4.36959854178495,0.103887029410892,0.747213988167914,0.999285360615371
PDP1,0.148066980179515,4.76001547777107,0.103847248925341,0.747260738704511,0.999285360615371
PSMA6,-0.0765161096755369,7.2623560908124,0.103726695312215,0.747402475249153,0.999285360615371
SPRYD3,-0.166393857765775,4.75595841037801,0.103696262834969,0.747438269501666,0.999285360615371
PNPLA2,0.114111996201197,5.4905765911906,0.103696045813937,0.747438524779573,0.999285360615371
C15orf39,-0.206334842658537,4.05088707338825,0.103640094370316,0.747504349287953,0.999285360615371
WDR18,0.198914072479968,4.76760157339643,0.103585118175619,0.747569045559829,0.999285360615371
NASP,0.0650360106950286,7.42193524618418,0.103485127987426,0.747686763118513,0.999285360615371
BBS9,0.211375255791562,3.92289094513779,0.103364302338139,0.747829093844641,0.999285360615371
UFM1,-0.0722767822626701,7.12144926332129,0.10334931040623,0.747846760505864,0.999285360615371
FDX1,0.105827529931861,6.29974186347064,0.103180519709618,0.748045763001493,0.999285360615371
CMPK2,0.260951778564015,4.56608980213198,0.103176259151947,0.748050788477909,0.999285360615371
GPN2,0.167026556028866,4.65709674519895,0.10314378609791,0.748089095339618,0.999285360615371
PPP6C,-0.112601959646762,5.68424500764093,0.103106622407502,0.748132943677619,0.999285360615371
MYO1C,-0.189764002265519,4.63363476320609,0.103049750051813,0.748200062566731,0.999285360615371
OXNAD1,0.0668226633802895,7.35373336259122,0.102959414131956,0.748306716067491,0.999285360615371
EIF3F,-0.0593529796458498,8.19963592661565,0.102908026508128,0.748367408982623,0.999285360615371
PRNP,0.119724433477974,6.66333415316852,0.10283970467593,0.748448128446911,0.999285360615371
ARAF,-0.125104551964584,5.25051433773862,0.102758259787791,0.748544390912971,0.999285360615371
CAMSAP1,0.141851550622282,4.86992200238907,0.102721676287317,0.748587643880811,0.999285360615371
CAST,-0.0747265279341,8.68356425865301,0.102625784885667,0.748701057381779,0.999285360615371
NEK4,0.204534933620926,4.18952837980978,0.102561349522755,0.748777299749526,0.999285360615371
YAF2,-0.0846338568838772,6.52786266860648,0.102301952944771,0.749084495047706,0.999285360615371
RFNG,-0.137072093387116,5.18130328432173,0.102078394362898,0.749349593137656,0.999285360615371
RNF187,-0.0899771962644831,6.14383350362745,0.102038474480613,0.749396964204064,0.999285360615371
YTHDC1,-0.0666730505959816,7.30348906289792,0.101993382344983,0.749450485226672,0.999285360615371
WIPI2,-0.121728894304652,5.83415904216684,0.101552008522908,0.749975053007301,0.999285360615371
SIRT1,-0.132741836258282,4.91634194019962,0.101539476614388,0.749989965355793,0.999285360615371
SAMD10,0.183856613707137,4.34830989713192,0.101266237285085,0.750315358902652,0.999285360615371
DENND4C,-0.131070057691388,5.25739962343788,0.101159131822861,0.750443039873007,0.999285360615371
CGRRF1,0.179850710876723,4.80695675418165,0.101029621751689,0.750597528945944,0.999285360615371
GLI4,-0.173114541895845,4.67161904205773,0.100910281767831,0.750739982943206,0.999285360615371
TCEA1,0.0562402220627343,7.88778080130572,0.100904561677588,0.750746813240755,0.999285360615371
GBP3,0.140816849166045,5.65649810904113,0.100902842701007,0.750748865893643,0.999285360615371
ARHGDIB,-0.0406141014772997,9.76526698643361,0.100882533790045,0.750773118492651,0.999285360615371
PRKACA,0.16167398186908,4.78641120568229,0.100838094420975,0.750826196701132,0.999285360615371
MZB1,0.275541228577319,4.4002509231346,0.100834637708729,0.750830325924365,0.999285360615371
TTBK2,-0.140468238538655,4.79184069059634,0.100812620489286,0.750856628471154,0.999285360615371
SLC38A2,0.0764387662199998,7.63212083831221,0.100775736555388,0.750900698405163,0.999285360615371
HIPK1,-0.0735647620825635,6.89127183063861,0.100620033081217,0.751086835084375,0.999285360615371
ZNF827,0.157970527167419,4.6103637805534,0.100570998336224,0.751145486789296,0.999285360615371
POU2F1,-0.127985399879416,5.09138836139471,0.100555819903995,0.751163645287248,0.999285360615371
RPLP2,-0.0462827275321799,11.7553242550049,0.100324799551991,0.751440209528138,0.999285360615371
APMAP,0.10099291574728,5.99119513577717,0.100297347177037,0.751473097211111,0.999285360615371
SRSF8,0.0976273550376098,6.03394326161969,0.100287796232276,0.751484540312875,0.999285360615371
TMEM223,-0.120994637414629,5.56483128260124,0.0999196653957632,0.751926060005897,0.999285360615371
SIPA1,-0.117813818530941,5.77764778991141,0.0997989626445772,0.752071020210211,0.999285360615371
PTPA,0.133652897337158,4.94027200814942,0.0997875211198611,0.75208476612275,0.999285360615371
CNOT3,0.133901486871043,5.15869442690768,0.0997762095773176,0.752098356725967,0.999285360615371
DAPK3,-0.153470851998184,4.47320642898529,0.0997012876432741,0.752188395402395,0.999285360615371
C5orf15,-0.146116654280148,5.11248635809959,0.0995823678745147,0.752331385628173,0.999285360615371
LPAR6,-0.147135693676309,4.81178475323973,0.099516826505738,0.752410233305627,0.999285360615371
MAF1,0.0809556949017652,6.59910602681212,0.0994224038321647,0.752523876020648,0.999285360615371
GLIPR2,-0.12432878451657,6.83119287401213,0.0993983142313262,0.752552878636094,0.999285360615371
MON2,-0.110988155714823,5.61548865848074,0.0993548291844171,0.752605242134968,0.999285360615371
ABCD2,-0.1826104341332,4.51610053741986,0.0993458901310653,0.752616007858356,0.999285360615371
LUC7L,0.0909470306806022,5.93830450229457,0.0989674956557813,0.753072215383814,0.999285360615371
ANKMY2,0.180103551721471,4.18302517444071,0.0989473818871822,0.753096492156838,0.999285360615371
PLPBP,0.155790367888668,5.39350403891063,0.0989271397278948,0.753120926631722,0.999285360615371
COPS8,0.129040061300819,5.33384256427738,0.0988233937429506,0.753246202394147,0.999285360615371
FCHO1,-0.181939551477091,4.55586765439487,0.0987196705712492,0.753371522862474,0.999285360615371
CD55,0.135513035750126,5.75173383182855,0.0986529824879447,0.753452134984338,0.999285360615371
DMAC2,0.149727425774309,4.78687969969309,0.0985171020205158,0.753616479093712,0.999285360615371
RSBN1L,0.0651130531979356,7.2824264537878,0.0984907406682858,0.753648376923505,0.999285360615371
OSGEPL1,0.188092924442217,4.02273058900796,0.0984054529070661,0.753751609174239,0.999285360615371
HEXA,-0.140190015655802,5.73907847100143,0.0982584294925637,0.753929681645907,0.999285360615371
CSNK1E,-0.109760312559607,5.53696418961263,0.0982069702912121,0.753992042795331,0.999285360615371
SRFBP1,-0.110608940129803,5.48044382299247,0.0981778593950775,0.754027328960243,0.999285360615371
CHCHD1,0.0834520938503725,6.65870823196625,0.0979740791826345,0.754274497907864,0.999285360615371
PHF2,0.141992178380641,4.71891167092757,0.097928537494024,0.754329774876878,0.999285360615371
FKTN,0.203048218759163,3.94789047161144,0.0976963434174571,0.754611823857811,0.999285360615371
TECR,0.0805269442179085,6.83175084970145,0.0976485528527604,0.754669921283912,0.999285360615371
WAPL,-0.0908604249591049,6.45161064564134,0.0975772072287739,0.754756682870104,0.999285360615371
RNF121,-0.198677826122996,4.39241744694564,0.0971497549406344,0.755277227216026,0.999285360615371
KDM5C,-0.162177289407468,5.3570647689806,0.0970642812690663,0.755381466304871,0.999285360615371
TWF1,-0.135827170173484,5.20613220683513,0.097055240655429,0.755392494694659,0.999285360615371
WDR20,-0.160362052216848,5.07578095678191,0.0970483213007682,0.755400935801091,0.999285360615371
SAMD9L,0.13564764115215,7.26435653322702,0.0968841907859996,0.755601259887254,0.999285360615371
XKR6,0.225791934038733,3.89256507195445,0.0967835663365584,0.755724165785576,0.999285360615371
BTF3,-0.0500963421615093,9.55412292279731,0.0967116823379151,0.755812010101796,0.999285360615371
ENTPD3-AS1,0.173980290565153,4.3365255664284,0.0965867069011779,0.755964818958889,0.999285360615371
XYLT1,0.174623808801452,4.28494856116109,0.0965651412524977,0.755991198483262,0.999285360615371
PMPCB,-0.10165424311872,6.03713106252011,0.0964942883835143,0.756077889848275,0.999285360615371
C17orf75,0.168931674196205,4.65639828846567,0.0963659699068735,0.756234981597617,0.999285360615371
SRD5A3,0.239422022818724,4.08267546419449,0.096241426575002,0.756387561384935,0.999285360615371
CYCS,-0.090974256473583,7.46430669291426,0.0961201324154111,0.756536264628453,0.999285360615371
MAD2L1,-0.170894936835822,4.58321185004602,0.0960786655975205,0.756587125374089,0.999285360615371
SEC61A2,0.158984177150393,4.32712597093613,0.0960667563681668,0.756601734753843,0.999285360615371
RPL37,-0.0401472396871215,12.0093271261959,0.0960089289517043,0.756672687353203,0.999285360615371
LENG8,-0.126804762328314,6.85673767364371,0.0958336100958164,0.756887941855495,0.999285360615371
FTX,-0.0823796665399526,7.05364579653787,0.0957496537160232,0.756991098951061,0.999285360615371
CSAD,0.159329817580658,5.38504561433352,0.0955977851177998,0.757177825673174,0.999285360615371
LRCH3,-0.103752762665692,5.546335830347,0.0955189058675288,0.757274874057107,0.999285360615371
YKT6,0.190041855533412,4.76553496333674,0.095457645406622,0.757350275610095,0.999285360615371
AK3,-0.118896013817199,5.39817215486759,0.0953924304222262,0.757430573662725,0.999285360615371
GABARAP,0.152571903804985,8.25704755437442,0.0953546220576342,0.757477140199743,0.999285360615371
MOSMO,0.132061928751497,5.11954398455379,0.0952234911160339,0.757638725557308,0.999285360615371
GNL3L,-0.1441287204911,5.44871085632645,0.0949989508294848,0.757915697260322,0.999285360615371
LRRC23,0.198504779613719,4.17136123238936,0.0949684208731263,0.757953383802888,0.999285360615371
LRRC59,-0.133941442337644,5.19965359730517,0.0948614294234531,0.758085507703708,0.999285360615371
PURA,0.0828307029653321,6.46208363744127,0.0945499908461098,0.758470568640471,0.999285360615371
PAK1IP1,-0.147497794481299,4.93409143428036,0.0944946743470894,0.758539034218268,0.999285360615371
MAP3K1,0.106838502537581,6.35252407154018,0.0944252929734546,0.758624938994248,0.999285360615371
CFL2,0.213265720077934,4.67884472258907,0.0943709065498233,0.758692301876171,0.999285360615371
APOBEC3C,0.096207911111887,7.26741772448891,0.0943707617737992,0.758692481223721,0.999285360615371
ANKRD39,0.112577093888557,5.57979987712015,0.094269340836874,0.758818157801942,0.999285360615371
SMIM15,0.099693231318853,5.63900662206577,0.0942015531207829,0.758902198753376,0.999285360615371
NSUN4,-0.203370097443904,4.14037045944929,0.0941645792302772,0.758948051696158,0.999285360615371
CIC,-0.145930263231883,4.84060847445987,0.0941413223637539,0.758976898602585,0.999285360615371
MRPS18C,0.100992249804058,6.43794412753077,0.0939549142767468,0.759208252876812,0.999285360615371
ECHDC2,-0.110847356133936,5.5749839659212,0.0937793584373416,0.759426367921261,0.999285360615371
PCBP4,0.156271015099733,4.57944695256307,0.0937717614715936,0.759435811623757,0.999285360615371
PTGES3,-0.0495386038015222,8.29318113310811,0.0937297254523379,0.759488073689934,0.999285360615371
ATP5MF,0.062800299764292,8.09213743136329,0.0934240833791016,0.759868454897841,0.999285360615371
IGFBP4,0.195719889900723,4.54485145954534,0.0932360883329935,0.760102758694737,0.999285360615371
TRMT11,0.128862598376197,4.90986121581241,0.0932158394819353,0.760128010838337,0.999285360615371
MNT,-0.164870896069458,4.6713124604292,0.0931503135340961,0.760209748162167,0.999285360615371
TBC1D17,-0.153704831167774,4.9672911871751,0.0931056350563111,0.760265498291136,0.999285360615371
KDM2A,0.0806701023611021,6.68032202616953,0.0930210065468628,0.760371138451897,0.999285360615371
WDR83OS,-0.0567901579682393,7.95473486708603,0.0929802951366234,0.760421976443667,0.999285360615371
TLE3,-0.0984784130719356,6.03896664542284,0.0929307544035929,0.760483856380122,0.999285360615371
DHX57,0.160198830509472,4.59944484989489,0.0928891510646466,0.760535835867997,0.999285360615371
E4F1,0.174688114572629,4.65392053527693,0.0928207969224104,0.760621265615681,0.999285360615371
RCN1,0.222273862995983,4.07361779404503,0.0928060968322164,0.760639642438617,0.999285360615371
UBTD2,-0.240063494345331,3.94774185361916,0.0927437503646011,0.760717600459203,0.999285360615371
USP38,0.13492737742376,4.98841244964141,0.0926028728482073,0.760893859211159,0.999285360615371
DNAJC11,0.18663310831212,4.2190130987064,0.0925704091834305,0.760934496854545,0.999285360615371
LIN54,0.167312546686349,4.35641637082997,0.0925609096567896,0.760946389725425,0.999285360615371
ITFG1,0.126122354030531,5.29368088071923,0.0924239016818547,0.761117990180953,0.999285360615371
CD69,-0.126864107913863,9.07087230472941,0.092416532615978,0.761127223763103,0.999285360615371
RAB11FIP4,0.163031788629086,4.77931192621653,0.092292904825527,0.761282191782231,0.999285360615371
IER5,0.11568241481888,6.81849461263416,0.0922698646661182,0.761311085261852,0.999285360615371
COG6,0.158867290133921,4.35809268529407,0.0921926685009211,0.761407921732233,0.999285360615371
OTULIN,0.0981613970383766,6.49227027724455,0.0921550077812121,0.761455180190883,0.999285360615371
CAMK2G,-0.147263134939047,5.06421151075877,0.0920793404091604,0.761550163092616,0.999285360615371
TOM1,0.140020535173547,4.9191284290511,0.092077672066317,0.761552257791698,0.999285360615371
ZBTB14,0.161386367340613,4.64812718786105,0.091939211119616,0.761726175649951,0.999285360615371
CNOT6L,0.0966878166927078,7.32701544569055,0.0919367036816006,0.761729326507526,0.999285360615371
CCDC167,0.103958448888244,7.78931383152135,0.0919084559556325,0.761764825965486,0.999285360615371
COQ4,0.0967606110385341,5.93201899857893,0.0918293659873797,0.761864251540898,0.999285360615371
ITCH,-0.0989076911523402,5.64402929943134,0.0917798139837274,0.76192656817373,0.999285360615371
GRAP2,0.0803437254300286,6.44063225686152,0.0917003439845701,0.762026548056958,0.999285360615371
ICAM2,-0.128966888470088,6.00324574820169,0.0916910216099218,0.762038279480364,0.999285360615371
B3GALT6,-0.148405246284094,4.91181487333717,0.0915640364104497,0.762198144537252,0.999285360615371
ANKRD13A,0.109313795834494,5.43063285994263,0.0915364149955025,0.762232933894158,0.999285360615371
MTREX,0.130103622733195,5.59657539878213,0.0913385847129575,0.762482270091931,0.999285360615371
MALSU1,0.142827924612139,5.25942847303991,0.0913145074305994,0.762512636100383,0.999285360615371
NPTN,0.0999027411693288,5.86417312380429,0.0912005148591479,0.76265646164,0.999285360615371
ELMO2,0.178896703201617,4.39028923937373,0.0911151016059577,0.762764292666147,0.999285360615371
VPS11,0.144480850994489,4.64541860258116,0.0909962266494375,0.762914459661826,0.999285360615371
EYA3,-0.169337389001116,4.6725559951016,0.0908968239157133,0.763040110841072,0.999285360615371
NDUFV1,0.0870630611989165,6.03335419796488,0.0907202716263029,0.763263468723271,0.999285360615371
SH2D1A,-0.0831675447205694,6.5927720105398,0.0906509746067883,0.763351201783144,0.999285360615371
HERPUD2,-0.106028005680798,6.23537599584358,0.0906379739146708,0.763367665302358,0.999285360615371
EML2,0.129945249508463,5.40804934899247,0.0905204025862574,0.76351661110955,0.999285360615371
AMMECR1,-0.161763420026505,4.96980902994726,0.0904647758262414,0.763587118901294,0.999285360615371
RAD50,-0.140085630453762,5.6325007734074,0.0901268575800316,0.764015944406276,0.999285360615371
AQR,-0.108235625143653,5.62080988964252,0.0900873245416243,0.764066169906636,0.999285360615371
ZNF821,0.169225617773726,4.40951845110356,0.0900709949519012,0.764086919650274,0.999285360615371
BTN3A3,-0.125562077328531,5.30657013849837,0.089959059005686,0.764229210063354,0.999285360615371
FAM200A,-0.191309909510589,3.95027080727112,0.0898326111743195,0.764390063765765,0.999285360615371
IFT43,-0.167890594643861,4.61523196995567,0.0898129309442659,0.764415109988933,0.999285360615371
JMY,-0.0960290067290756,5.6891645859158,0.0897708306917977,0.764468699300232,0.999285360615371
UBP1,-0.102311279310428,5.47655088006086,0.0896038832809367,0.764681341192733,0.999285360615371
MTRF1,-0.204621852806366,4.11919095477677,0.0894134920866474,0.76492410717433,0.999285360615371
NIT2,-0.134770192109777,5.30442695946527,0.089359648848351,0.764992813236538,0.999285360615371
RSF1,0.0593931339563642,7.28082994381922,0.0893110844221781,0.765054802673422,0.999285360615371
TRG-AS1,0.112499295367257,6.82512978224824,0.0891615287041248,0.765245816549519,0.999285360615371
FAM210B,0.153454200324683,4.75286401288101,0.089120497123055,0.765298252942969,0.999285360615371
OSBPL11,0.146312261778588,4.77351864893442,0.0890949301632773,0.765330932940179,0.999285360615371
WASHC5,0.144856254969452,4.67338131316427,0.0890644304397306,0.765369924736092,0.999285360615371
SAT2,-0.0901300461999747,5.92908096189171,0.0888559398134667,0.765636660580666,0.999285360615371
C14orf119,-0.106332623543412,5.95308521634453,0.0887108464987172,0.765822489186429,0.999285360615371
HIKESHI,0.0873244426557594,6.17511616013219,0.0887100372009471,0.765823526160294,0.999285360615371
CCNB1IP1,0.117483809462498,5.14682065961939,0.0884600004568057,0.766144151529363,0.999285360615371
STXBP5,0.16033625712789,4.47520389610726,0.0882330971158112,0.76643553978782,0.999285360615371
DUS4L,0.205986752921682,4.08149457942288,0.0880871961538468,0.766623120584514,0.999285360615371
RIC8A,-0.122077792714278,5.52813702035567,0.0879773027173023,0.766764519143406,0.999285360615371
HNRNPDL,-0.0491728498582477,8.32931980521667,0.087943117665727,0.766808524228107,0.999285360615371
CCDC82,-0.0769777576931561,6.31604529963023,0.0876959471262211,0.767126974450195,0.999285360615371
LY75,-0.116670309787732,5.80617366816714,0.0875457539519466,0.767320719201485,0.999285360615371
CAMTA1,0.0872581599325167,6.28118959260261,0.0875144918491309,0.767361069110606,0.999285360615371
TMEM267,0.193693343125461,4.44789673986401,0.0874621783946488,0.767428607475732,0.999285360615371
GPR174,0.0857245206211728,6.83594455216051,0.087421539041042,0.76748108935911,0.999285360615371
TBCC,-0.113685028866479,6.05269862191324,0.0873997825925237,0.767509191207378,0.999285360615371
NUDT2,-0.144666046815661,5.18019208193994,0.0872703404186694,0.767676464656677,0.999285360615371
MMADHC,0.0793608863551153,6.17837657657308,0.0872173791258142,0.767744943505421,0.999285360615371
SCFD1,-0.0884118393713466,5.99491337102326,0.0871552811849341,0.767825264819078,0.999285360615371
INTS11,-0.0938932919615463,5.63165965449539,0.0871047118443951,0.767890697313097,0.999285360615371
MAP2K4,-0.134062082123812,4.85337617105857,0.0870742945355225,0.767930064710429,0.999285360615371
PRRC1,0.109369432999341,5.26109966877805,0.0870534144235435,0.767957092981704,0.999285360615371
ANKHD1,-0.118056857175647,6.45429964076562,0.0869349324681679,0.768110528773103,0.999285360615371
HSD17B8,-0.183654105323827,4.36281071219531,0.0868332401152223,0.768242312450685,0.999285360615371
TPI1,-0.0546964911919103,8.01422204144186,0.0868291588625034,0.768247603118547,0.999285360615371
ATP6V0B,-0.0594927911555438,7.39160662030554,0.086820324052816,0.768259056448235,0.999285360615371
IMMP1L,-0.113454901679551,5.22703801673517,0.0866962163863629,0.768420014958506,0.999285360615371
EXOSC8,-0.0880142086123757,5.77040094126427,0.0866565892652833,0.768471434785292,0.999285360615371
SLC9A9,0.172810691388649,5.61874426052105,0.0866485878773098,0.768481818870761,0.999285360615371
ZMYM3,-0.249027310358468,3.90024121439414,0.0866053397760389,0.76853795465082,0.999285360615371
PPP6R3,0.085096238127997,6.21201898320538,0.0864944637024472,0.768681940749809,0.999285360615371
ORC2,-0.162250945181067,5.06825050266894,0.0863273201659922,0.768899186643204,0.999285360615371
DCPS,0.139368378301694,5.20447884971708,0.0862871184904037,0.768951473108909,0.999285360615371
FEZ2,0.137498110471347,5.18379249390828,0.0861661875533706,0.769108836196396,0.999285360615371
ZNF544,0.147912790379984,4.68051848760407,0.0861544158606371,0.769124160682029,0.999285360615371
DHX9,0.0749840853169428,6.40339507885639,0.0861543615619222,0.769124231371173,0.999285360615371
SRA1,-0.11467660347815,5.77463888231308,0.0861355472937717,0.769148726308582,0.999285360615371
CRTAM,-0.221230781994714,4.37283957310534,0.0859994526568926,0.769325999147108,0.999285360615371
NEMP1,-0.176749954306284,4.14128098451494,0.0856651105022515,0.769762151128035,0.999285360615371
ORAI2,0.0907720421061042,5.86811587856916,0.0855942005062289,0.769854772496823,0.999285360615371
CARF,0.197769623302484,4.54358024211282,0.085562604116955,0.769896056549402,0.999285360615371
LSP1,-0.0598031279359784,8.49470659818073,0.0854688157643828,0.770018649793397,0.999285360615371
FARSB,0.178230483037981,4.56995419088465,0.0854057464368268,0.770101130447188,0.999285360615371
CTU1,-0.152416538753891,4.78742111447897,0.0852996639714032,0.770239937311297,0.999285360615371
SEPHS1,0.1212331886535,4.97850040736852,0.0852074255333513,0.770360705687758,0.999285360615371
MRPS25,0.126812566723917,5.26265113599566,0.0851740306566953,0.770404447302904,0.999285360615371
DUSP1,-0.119306497209412,8.77909589019677,0.085092162036208,0.770511720671848,0.999285360615371
PNPO,-0.193332016797456,3.98459450114523,0.0848846373097913,0.770783893758918,0.999285360615371
TRIM59,0.0980630764597875,6.33494059861225,0.084845785741809,0.770834888515627,0.999285360615371
QSER1,-0.170516487471164,4.20116226973095,0.0848094876349315,0.770882543164333,0.999285360615371
NOP16,-0.141676708090922,4.73767496950551,0.0844958622987662,0.771294753583591,0.999285360615371
ACOT13,0.123580495815344,5.1911694891324,0.0844943335919943,0.771296764854727,0.999285360615371
PABPC1,-0.0437674827752966,9.43706271148506,0.0844488315770384,0.771356639452971,0.999285360615371
PURB,0.0966572491682055,5.6642958553426,0.0844011561571598,0.771419392731972,0.999285360615371
SUPT6H,0.0865865473227888,5.86737937745446,0.0843771310863151,0.771451023270378,0.999285360615371
STAG1,0.0897052125162879,5.92018901100415,0.0835646983618084,0.772523530736538,0.999285360615371
SYMPK,-0.1251931391692,5.4048168395545,0.0834996979597094,0.7726095826192,0.999285360615371
TOP1MT,0.182302263185656,4.12547232427232,0.0834343331490111,0.772696153534184,0.999285360615371
EMC4,-0.0926487156144397,6.07854608867238,0.0833919235849692,0.772752341555972,0.999285360615371
INPP5E,0.172160970801495,4.23331402080988,0.083286144231959,0.772892555085976,0.999285360615371
TAGLN2,0.0809706800432399,8.90493949140454,0.0828750009171806,0.773438455209748,0.999285360615371
COMMD10,-0.130834302052715,5.18561696398299,0.0828625648008234,0.77345499022635,0.999285360615371
SARNP,0.0808494758531987,6.44913298546313,0.0827760688238328,0.773570032162435,0.999285360615371
MGA,0.109605643254703,5.67583658240046,0.0827550160890596,0.773598042703234,0.999285360615371
MIDN,-0.0845716784800364,6.32239066600941,0.0827023829339773,0.77366808769178,0.999285360615371
PRIM2,-0.154909862369585,4.75171170381509,0.0826942588182149,0.773678901536052,0.999285360615371
PRDM15,0.302092100819856,3.70275501624258,0.0826110826753066,0.773789648699717,0.999285360615371
LRRC47,0.121850765420616,4.98692982046039,0.0825322714226466,0.773894639813964,0.999285360615371
BAG4,0.149553344961658,4.6794659587347,0.0825100838004573,0.773924207604605,0.999285360615371
LIN9,0.24722329775527,3.69552311775327,0.0824862494223808,0.773955974698984,0.999285360615371
CIAPIN1,-0.142601354075462,4.81377939387495,0.0823460658109134,0.774142915770991,0.999285360615371
CYB5B,-0.0930662391688637,6.09582428361925,0.0821650594155976,0.774384550775038,0.999285360615371
DNASE1L1,0.196778321969292,3.91877182837896,0.0820510727746395,0.774536865397229,0.999285360615371
ZNF234,-0.186812543477035,3.98457495682878,0.0820509154661337,0.774537075679763,0.999285360615371
NUDT14,0.146951896143414,5.4775899179701,0.0819198071832794,0.774712410906533,0.999285360615371
CDC40,-0.0708309720623151,6.6833133169406,0.0818120180518775,0.774856674435643,0.999285360615371
ARPC1B,0.039119405543946,9.22841002534638,0.0817622132603653,0.774923367228554,0.999285360615371
ZNF107,-0.127489727230951,4.63793628330788,0.0816262518880713,0.775105542853911,0.999285360615371
HDGFL2,-0.116736299274067,5.30252989842734,0.0816081647642584,0.775129790286382,0.999285360615371
SCML4,-0.0994545963829351,5.95950262569688,0.081518460737577,0.775250089654129,0.999285360615371
CEP250,-0.128270581386848,5.08257635308473,0.0814541936321866,0.775336320354111,0.999285360615371
PHRF1,0.130530163753276,5.06066359273909,0.0814312699674495,0.775367087193495,0.999285360615371
CCDC141,-0.172252443693345,4.25847970469367,0.0814172593991174,0.775385893687583,0.999285360615371
APBA2,0.193577706119455,4.22476271984245,0.0809593090879837,0.776001569917553,0.999285360615371
UBE2Z,0.0755613097860379,6.17257135286252,0.0808482380353848,0.776151179206854,0.999285360615371
SLC16A1-AS1,0.124878532524771,5.48382468387535,0.0807480611651457,0.77628620966598,0.999285360615371
NFIL3,0.151716581794246,4.26528429892588,0.0805744753508719,0.776520404045547,0.999285360615371
CFAP410,0.147642011924802,4.20254195285358,0.0804611199425338,0.776673485358573,0.999285360615371
RCOR1,0.140515063347044,5.08845804956829,0.080325865397235,0.776856292981517,0.999285360615371
RNASEH1,0.123072553214177,5.41812937245775,0.0800295495426973,0.777257370173462,0.999285360615371
MLX,-0.0834434721801119,5.91975718377848,0.0798792552131182,0.777461107049789,0.999285360615371
CHP1,-0.112441392410746,5.43259992415112,0.0798685931620149,0.777475568235811,0.999285360615371
ZBTB20,-0.0955346838518693,6.53810171903816,0.0798458800184427,0.777506378072458,0.999285360615371
PABPC1L,-0.211970208891209,4.08233856881732,0.0798167192953407,0.777545940835099,0.999285360615371
ACP1,-0.0901037601944385,6.75533436744767,0.0797839900897301,0.777590354304002,0.999285360615371
PRR13,0.0429422376098509,7.83445100416307,0.0797654656657514,0.777615496270954,0.999285360615371
NDC1,0.199940465693089,3.80853795472099,0.0797286349585686,0.777665493502887,0.999285360615371
ISG20L2,0.107825985590074,5.36819279648128,0.0796572260881945,0.777762465701354,0.999285360615371
CRYZ,-0.177494560834738,4.57996506636038,0.0796402286742328,0.777785554854059,0.999285360615371
CD74,0.182201172454457,7.70052388651295,0.0795815908624178,0.777865228418319,0.999285360615371
RPL35,0.0339618058952661,11.0333533584338,0.0794857183201181,0.777995562605388,0.999285360615371
SNX8,-0.199454094975698,4.05498344521066,0.0794254514511827,0.778077536001413,0.999285360615371
MPV17,0.107391107178714,5.44168579860987,0.0794039081659577,0.778106846750993,0.999285360615371
MPRIP,0.0770781799450657,6.43713455907569,0.0793966290246342,0.778116751367892,0.999285360615371
ITGAL,-0.0741620119226935,7.1124836151869,0.0793819109396026,0.778136779539727,0.999285360615371
RNF38,-0.111048483774608,5.56443266859985,0.0792756286797776,0.778281466531862,0.999285360615371
PREB,0.137062164361003,4.64324063437964,0.0792644938584282,0.778296630939404,0.999285360615371
LSM7,0.056067494659819,7.90996228250093,0.0790449055545572,0.778595921350445,0.999285360615371
MGAT1,-0.0889414134891462,6.34563666469538,0.0787248863160279,0.779032899602269,0.999285360615371
GRHPR,-0.11909362783178,5.55400127309524,0.078546467839594,0.779276941633104,0.999285360615371
TRIM41,-0.119061450251771,5.04136236146412,0.0784605677279444,0.779394543016321,0.999285360615371
DPP9,0.113957315426317,5.14244258739267,0.0784342829828795,0.779430541967452,0.999285360615371
CSTF1,-0.134514146088247,4.75653472808708,0.0784043893312045,0.779471491496783,0.999285360615371
TRAF3IP3,-0.0487618426861339,8.04218804815913,0.0782976652443708,0.779617755172367,0.999285360615371
TKFC,-0.173306363376651,4.12679426876891,0.0782879536476528,0.779631070096597,0.999285360615371
ESS2,-0.189541458318228,4.40442006609367,0.078212705940107,0.77973426741709,0.999285360615371
NAPEPLD,0.155894232028615,4.39697166537214,0.0780004054995729,0.780025712478327,0.999285360615371
NGLY1,-0.0798088894356849,5.81951185292705,0.0779695294427469,0.780068134584974,0.999285360615371
AEBP2,-0.0872811228758677,5.84529482116947,0.0778696099932148,0.780205480842396,0.999285360615371
MCU,-0.199673440501457,3.90253141377813,0.0778283058911846,0.780262283959228,0.999285360615371
ZNF254,0.190511831556685,4.23641495362997,0.0776863697862957,0.780457604317971,0.999285360615371
HIGD1A,-0.0899975140132954,5.81880812202687,0.077604413159353,0.780570473618401,0.999285360615371
UBA3,0.10358289720981,5.46469291745802,0.0775781899335613,0.780606601369344,0.999285360615371
CISD2,0.0829035781156903,6.32530501796427,0.0772895204050705,0.78100473715813,0.999285360615371
TNIP3,-0.164943731697521,5.18206477054223,0.0771251180920345,0.781231840466587,0.999285360615371
FBXL20,0.0935003096212552,5.38537995303964,0.0770325113852941,0.781359881025376,0.999285360615371
MCRIP1,-0.0752525701389356,6.46910060318792,0.0767926058244015,0.781691967004888,0.999285360615371
SIGMAR1,0.154942253804401,4.84365777499829,0.0766551101722826,0.781882545321443,0.999285360615371
AMMECR1L,0.194123829177589,4.04020512580023,0.0766354493420955,0.781909811602121,0.999285360615371
NOL10,-0.158080281241722,4.88233342258283,0.0765748763561831,0.781993839875059,0.999285360615371
NDUFB6,-0.0765300453099258,6.45864221568546,0.0765690824321332,0.782001879217588,0.999285360615371
CSRP1,0.116748718125624,5.13092122214257,0.0765021169358384,0.782094820771565,0.999285360615371
TMEM140,-0.152989221505751,4.79564252862088,0.0764309677820556,0.782193616824059,0.999285360615371
COX7C,0.0305221706618578,9.74176835422982,0.0763387960381969,0.782321677980329,0.999285360615371
TPD52L2,-0.149906138117345,5.12285831071212,0.0759963925928595,0.78279813505294,0.999285360615371
RDX,0.0974959240312668,6.38758764096,0.0759717683478343,0.782832444360397,0.999285360615371
PIK3CB,-0.145435256483007,4.75196555999117,0.0758906472447656,0.782945513873837,0.999285360615371
STK39,0.11752262213522,5.4901538633296,0.0757820510773541,0.783096980946037,0.999285360615371
CALHM2,-0.124409760274331,5.46625698301387,0.0756387782340511,0.783296992865024,0.999285360615371
CELF2,-0.0391837117977443,8.37144695029544,0.0755985735164622,0.783353156106425,0.999285360615371
MALAT1,-0.0354071961391835,16.14846412659,0.0755649980323341,0.783400071071949,0.999285360615371
CASTOR1,-0.201424864918312,3.98396395511421,0.0755284071468232,0.783451212220121,0.999285360615371
CALR,0.0470859578132111,8.18201288102365,0.0755107366367334,0.78347591412964,0.999285360615371
PEX2,-0.107011469632987,5.57640751496511,0.0754014790038724,0.783628716326188,0.999285360615371
IL10RA,0.0718972130314579,7.19187317029832,0.0753739820381547,0.78366719093984,0.999285360615371
SCAMP1,0.10728934981205,5.3088376579064,0.0753578399325328,0.783689780994148,0.999285360615371
SASS6,0.14606161917947,4.42016966822278,0.0751997732147451,0.783911124923965,0.999285360615371
SNAPC3,0.140516762958519,4.79892442797722,0.0751782708164726,0.783941254475124,0.999285360615371
CDKN2AIPNL,0.153288883384657,4.69586334679202,0.0750890592569391,0.784066308842105,0.999285360615371
PHF19,-0.122380581942745,5.90791725302511,0.0750803039135661,0.784078586149963,0.999285360615371
ID3,-0.180585119688985,5.23786987712746,0.0747841710627739,0.784494296844417,0.999285360615371
GPX4,-0.0493956164436103,8.39820097971521,0.0744603371381665,0.784949908136615,0.999285360615371
POLR3H,-0.153231373808375,4.26170309188208,0.0744155393452211,0.785013019204434,0.999285360615371
KLHDC10,0.138908050618361,4.67899931567527,0.0743819135330739,0.785060404612212,0.999285360615371
SLC39A4,-0.186380858649374,4.57026866311095,0.0743641338386034,0.785085464362798,0.999285360615371
HOXB4,0.177669537683614,4.49112624899847,0.0742340044611716,0.785268974448214,0.999285360615371
HPGD,0.151933644345348,5.65932637116753,0.0741364473776756,0.785406664026573,0.999285360615371
TRADD,-0.0609313956185559,7.09985630131,0.074038045514623,0.785545644518298,0.999285360615371
ROGDI,0.130442624626882,4.76547698514199,0.0737762325388154,0.785915906810173,0.999285360615371
AGL,-0.161776394606562,5.0735292434678,0.0735812112577605,0.78619216934841,0.999285360615371
FAHD2A,0.168480304217188,4.59415008767693,0.0735401368499034,0.786250404476359,0.999285360615371
PYHIN1,-0.0920030572499885,6.92269337315516,0.0735316621136555,0.786262422095455,0.999285360615371
DNM1L,-0.0933673801147988,5.85098845372207,0.0735213502309371,0.786277045887016,0.999285360615371
REL,0.122139517212124,7.06739545084454,0.0734124893007611,0.786431494169535,0.999285360615371
SMC5,0.0938087363808366,6.40272295823896,0.0733326528251865,0.786544841662582,0.999285360615371
TGS1,0.0850143574499626,5.80581027403444,0.0731478212117942,0.786807509939506,0.999285360615371
RPL9,-0.0407891667948002,11.3875074029487,0.0729017625215533,0.787157742597126,0.999285360615371
RPL30,0.0353035144992315,12.1847142250722,0.0728522381254422,0.787228310786935,0.999285360615371
TNK2,0.0970588166155749,5.40570120354517,0.0726520677241105,0.787513799655536,0.999285360615371
CEP44,-0.102357808305013,5.00098668758772,0.0725781142291169,0.787619380996685,0.999285360615371
STAT5A,0.123808211341324,5.7722987151514,0.0724755639575605,0.787765884675723,0.999285360615371
SLC52A2,-0.0895907954525738,5.65789165053986,0.0724477010280307,0.787805708956742,0.999285360615371
IL1R1,-0.165690470435915,5.65423579523532,0.0724019500829272,0.787871118265796,0.999285360615371
PLEKHO2,0.132267347577099,4.83566849118253,0.0723872167374928,0.787892186984125,0.999285360615371
ERO1A,0.0960754692694977,6.51362069005099,0.072124377759998,0.788268434401664,0.999285360615371
CAAP1,-0.11218627494987,5.18940186314945,0.0719792088841835,0.788476555156275,0.999285360615371
HCG18,-0.0694572170215978,6.20342875936457,0.0717856745744196,0.78875436501436,0.999285360615371
WDR48,-0.114138989736548,5.27011549374015,0.0717693933385206,0.788777754295561,0.999285360615371
ZNF490,-0.159797354074466,4.14252882958723,0.0717040524197863,0.788871650300903,0.999285360615371
POLDIP3,-0.104135531528842,5.27603919488149,0.0715725057708347,0.789060824226517,0.999285360615371
ZNF787,0.106658937394202,5.17960029045916,0.0715444233981941,0.78910123290393,0.999285360615371
ACACA,-0.195235233416028,3.94317744173797,0.0714712707573249,0.789206534634059,0.999285360615371
CHCHD3,0.107493883986584,5.35137026726189,0.0713873343156344,0.789327430585931,0.999285360615371
TBL1XR1,0.0574210240605458,7.33822661722315,0.0713137251307394,0.789433514593551,0.999285360615371
ZNF770,-0.102356024148098,5.31041403755201,0.0712834460821021,0.789477169146541,0.999285360615371
UBALD1,-0.138095749299242,4.56184221491169,0.0712221875564367,0.789565518473431,0.999285360615371
TAF5,-0.223443023275261,3.83237162585649,0.0711652764038639,0.789647634334997,0.999285360615371
GABPB1,0.124716344627899,4.79504388282643,0.070932394804867,0.78998402106266,0.999285360615371
MIA3,0.068611992418135,6.17688186681415,0.070919398309492,0.790002811311996,0.999285360615371
SAMM50,0.135482016652582,5.37554504291916,0.070856817029096,0.790093316749641,0.999285360615371
TGFBRAP1,-0.151083851792534,4.57553373874486,0.070818113217463,0.790149311864705,0.999285360615371
MRPS36,-0.0752655082548576,6.6488572381335,0.0707989198293717,0.790177086162637,0.999285360615371
SRSF6,0.085772542891226,6.51270022167153,0.070564244850253,0.790517005262719,0.999285360615371
NHLRC2,0.115991331245001,5.1636982843035,0.0704532218031844,0.790678029410881,0.999285360615371
ADIPOR2,0.116147034897761,5.19364675153647,0.0704217070595696,0.790723762094723,0.999285360615371
DEAF1,0.129639278318057,5.00685133244004,0.0703775767945061,0.790787820230301,0.999285360615371
PIAS4,0.143486800032997,4.5585844306462,0.0703362526941191,0.790847824516708,0.999285360615371
ZFP36,0.091868787150908,8.03331339294761,0.0701006444932624,0.791190298252839,0.999285360615371
LINC00685,-0.191353804187434,4.54739449143134,0.0700958265125635,0.791197307961051,0.999285360615371
KIAA0232,0.109944487177181,5.55474448549326,0.0700267744261609,0.791297800581173,0.999285360615371
BCL7B,-0.101864089117791,5.68901447513084,0.0699338315229809,0.791433145634038,0.999285360615371
ACTR1A,-0.104100604101253,5.36895271947156,0.0697769097392254,0.791661876393604,0.999285360615371
C5orf24,0.0802885491850715,5.83333124168768,0.0697093573118224,0.791760426201376,0.999285360615371
SBNO1,-0.0922337977492709,6.4617315293016,0.0696736255245902,0.791812574676586,0.999285360615371
YPEL5,-0.0954936838019943,7.44844280104912,0.0695021526628317,0.792063028634213,0.999285360615371
NAPA,-0.0825483947596854,6.21524548307397,0.0694610630102623,0.792123093411438,0.999285360615371
MITD1,0.0602039112560132,6.69891120453681,0.0693292310293145,0.792315933525774,0.999285360615371
ABRAXAS1,-0.133905539040499,4.86155141554792,0.0692578935752053,0.792420365704104,0.999285360615371
CCDC90B,0.0804826802415193,6.20348250591128,0.069249005951086,0.792433380484467,0.999285360615371
SNX11,0.172086756823239,4.29834626605892,0.0691714938190984,0.792546924890456,0.999285360615371
LMBR1L,0.0998062160697812,5.15489501022216,0.0691592284413272,0.792564898181355,0.999285360615371
LTO1,0.0369458968956631,4.26628494740433,0.0691135681899588,0.792631822231565,0.999285360615371
TMEM161A,0.160061123955906,4.29011606858952,0.069097275047227,0.792655708747938,0.999285360615371
KATNBL1,-0.0960323177867556,5.67050107509678,0.0690429314616274,0.792735400785228,0.999285360615371
DEF6,-0.0802145062405196,6.70223482198289,0.0689757751857023,0.792833928296861,0.999285360615371
VPS4B,0.0572928372495343,6.98804819676688,0.0689155107034694,0.792922388256569,0.999285360615371
EBPL,0.119449557668543,5.46926259686327,0.0686294700428149,0.793342821406961,0.999285360615371
LSM14B,-0.163602915667314,4.56261366173059,0.0685187377493222,0.793505831182727,0.999285360615371
IL2RG,0.0386231024381959,9.25826683058895,0.0685113155303014,0.793516762514289,0.999285360615371
ADTRP,-0.234113454167813,4.80828294400693,0.0684538064136824,0.793601482520089,0.999285360615371
PCYOX1,0.136095359918116,4.55865248428044,0.0684212870201506,0.793649405549716,0.999285360615371
AP3S1,-0.0983007841203321,5.87377927987927,0.0684174059124487,0.79365512585527,0.999285360615371
PLEKHA3,0.087210071955514,6.26603804035543,0.0683961758178917,0.793686419636434,0.999285360615371
DGKQ,0.170566854312645,4.11248325857688,0.0683653255004764,0.793731903157954,0.999285360615371
RPL13,-0.0436290186313415,12.9502984352951,0.0681519195863771,0.794046834384054,0.999285360615371
PEX13,-0.142134850689075,4.66666092621043,0.0681452741682591,0.794056649730611,0.999285360615371
REEP5,-0.0717175777893319,7.64143177994615,0.0681094091146086,0.794109631586724,0.999285360615371
TSPAN31,0.105922843426613,5.23320106101486,0.0680454730495725,0.794204118474059,0.999285360615371
SEL1L3,-0.0793579436515788,6.02350432183474,0.068028109259366,0.794229787458333,0.999285360615371
STX2,-0.123524019755783,5.29514044193594,0.0679527333853578,0.794341256597086,0.999285360615371
SLC4A1AP,-0.112007950744851,5.2815162306096,0.0679105345920483,0.794403690848118,0.999285360615371
NABP1,-0.0960150588879172,6.62252814018593,0.0678902094453306,0.794433769841699,0.999285360615371
ARHGEF9,0.117383604528874,4.94124972245325,0.0678614825064976,0.79447629077003,0.999285360615371
BORCS6,-0.151077088960624,4.74822734550146,0.0678382707408503,0.794510655291444,0.999285360615371
PRKDC,0.0537426558516483,6.95088901789481,0.0678011016785192,0.794565696369245,0.999285360615371
RPP14,0.150143497425021,4.20968836538436,0.0677967911768675,0.79457208053354,0.999285360615371
COA1,-0.0841402507970565,6.11524888132331,0.0676953148009218,0.794722437023694,0.999285360615371
DVL1,-0.146808058092509,4.28734111452782,0.0675657561458998,0.794914577716187,0.999285360615371
G3BP2,0.0793284287791889,7.82776959288794,0.0675628655709488,0.794918866796923,0.999285360615371
GPSM3,0.0502578415237656,8.19812035892866,0.0675287994850962,0.794969421973941,0.999285360615371
RGL2,0.134958922239298,4.55254320777908,0.0675076660181162,0.79500079156706,0.999285360615371
FBXO32,0.125760496354382,4.83093698075287,0.0674662576412892,0.795062271549084,0.999285360615371
TRIM37,-0.126251847514926,4.90550293403964,0.0674212629012665,0.795129099124471,0.999285360615371
S100A11,-0.0570559555517649,9.6523080577389,0.0672924087884894,0.795320609017156,0.999285360615371
LITAF,-0.0798851670360924,6.76562191279364,0.0671661449551344,0.79550845902359,0.999285360615371
NDUFS6,-0.0484859415389883,7.59701093061718,0.0671640283104011,0.795511609683546,0.999285360615371
TNKS,0.109405396238347,4.9847893459464,0.0671047080753802,0.795599930371661,0.999285360615371
CLSTN1,-0.0832721235980211,5.83915824006709,0.0670990042272557,0.795608424909774,0.999285360615371
VCP,-0.0642455582465549,6.95854919189891,0.0670424722507299,0.795692636811855,0.999285360615371
ABCC4,0.175364667170669,3.99572654660178,0.0670405986924649,0.795695428374696,0.999285360615371
BHLHE40,0.104547600942914,7.04376726916481,0.0670098155262444,0.795741300613355,0.999285360615371
EPC2,0.123192071747153,5.44065028519999,0.0669748476070744,0.795793422498249,0.999285360615371
FAM98A,0.127298265925689,4.65391912890467,0.0668913505866655,0.795917938813724,0.999285360615371
RPS6KA3,-0.0624488487659979,7.13531893695106,0.0668867934855477,0.795924737051779,0.999285360615371
VGLL4,0.118799632011476,5.0869219430479,0.0667371320198988,0.796148137984761,0.999285360615371
MRPL32,-0.0921121672321539,5.84284553716126,0.0666498131946884,0.796278602980731,0.999285360615371
TMEM187,0.199184238381421,4.35867226135137,0.0665786052899087,0.796385063789013,0.999285360615371
FADS1,-0.170465280240797,4.15804409264243,0.0664812688530319,0.796530686862153,0.999285360615371
PLP2,-0.0709832216710234,8.05838146327739,0.0664618397922645,0.796559767896005,0.999285360615371
CLPB,-0.168688260532683,4.14123873863372,0.0662791500776265,0.7968334362454,0.999285360615371
RAP2B,0.0668175821296536,6.19264009850203,0.066258133391127,0.796864944926589,0.999285360615371
YTHDC2,0.115647244566862,5.4498968926716,0.0661411678146244,0.797040399727322,0.999285360615371
REST,-0.0496211584258939,7.20623444967665,0.0659935229528443,0.797262111474304,0.999285360615371
TCERG1,0.0737425601955269,5.94252706323138,0.065928716778199,0.797359511524567,0.999285360615371
P2RY10,0.078874666169614,6.46031356784509,0.0659207624232323,0.797371469989845,0.999285360615371
ATF7IP,0.0580588264869748,7.13546929966,0.0658980740102706,0.797405583656271,0.999285360615371
GPR132,-0.152207957202624,4.75579025644079,0.0658917847562961,0.797415041111592,0.999285360615371
DPM2,0.108634813728166,5.47222720971145,0.0658570224084976,0.797467323615317,0.999285360615371
CNBP,-0.0523418364731651,7.80545829628396,0.0658396890142292,0.797493398501796,0.999285360615371
CCDC6,0.102245262795357,5.69069476575151,0.0658160075759824,0.797529028760618,0.999285360615371
CCNL1,0.0744323339305778,8.11241643473908,0.0658035955331648,0.797547706212403,0.999285360615371
NAE1,-0.101066995698399,5.47536047437368,0.0657262425151188,0.797664148179333,0.999285360615371
ZNF764,0.126222415921464,4.83833050991023,0.0656279554586803,0.797812208213343,0.999285360615371
RALGAPA1,0.0851734180238346,5.97111093946517,0.065441274949066,0.798093750167671,0.999285360615371
TRAPPC6B,0.0954910785836889,5.45757931868426,0.0654062883027464,0.798146562818808,0.999285360615371
PPIE,0.086135096395024,5.85089414805788,0.0653712632021311,0.798199448592961,0.999285360615371
ZFPL1,0.130607537827869,4.9144444892034,0.0653668620325121,0.79820609515912,0.999285360615371
AP1M1,0.10369115954071,5.68318622853182,0.0652182899076017,0.798430606079248,0.999285360615371
ARFIP2,-0.14413012814182,4.64007568780973,0.0649239420947012,0.798876207973435,0.999285360615371
EEF1E1,0.0789136435893157,5.88485067188882,0.064921368653053,0.798880108547047,0.999285360615371
GFPT1,0.121373492273602,5.27552776162386,0.0649052942547428,0.798904474426556,0.999285360615371
CEP85,-0.197618379489558,4.06208393892146,0.0646918124763083,0.799228379350069,0.999285360615371
WDR59,0.119048364761269,4.95120589796413,0.0646049983500561,0.799360260692285,0.999285360615371
HPS3,-0.118585948349354,5.11758033603876,0.0645090928191969,0.799506062712952,0.999285360615371
DHX8,-0.110272208028486,5.25070981390396,0.064498827626597,0.799521675380854,0.999285360615371
BTBD9,0.146425136623861,4.24406114025365,0.0644095933707973,0.799657450439331,0.999285360615371
FBXW4,0.0985695520654852,5.35943882479948,0.0643169370046834,0.799798538420558,0.999285360615371
NEDD1,-0.117833961937484,5.03208048999733,0.0642816647312721,0.799852275985273,0.999285360615371
ASAH1,-0.158176521734405,5.34675955119052,0.0642646152822195,0.799878256570078,0.999285360615371
ZNF513,-0.180890235341733,4.12795814063639,0.0642029308468395,0.79997228426068,0.999285360615371
NIP7,-0.0858486085210401,5.59681521513263,0.0641295751336877,0.800084165472963,0.999285360615371
LRRC8B,0.165922202596714,4.44535875002161,0.0641060673182317,0.800120033703655,0.999285360615371
MFNG,-0.0799261905562509,6.26927747275967,0.0639941223264238,0.800290935484459,0.999285360615371
DPH7,0.128731220130096,4.84604661631932,0.0639580443824279,0.800346048071278,0.999285360615371
PEBP1,-0.0557183933419239,7.79127823494999,0.0639485156536566,0.800360606896802,0.999285360615371
ZDHHC24,-0.104292081964977,5.41569600546993,0.0639219815369891,0.800401154124014,0.999285360615371
SERINC5,0.10633520810181,6.34800611219751,0.0639176884557777,0.800407715294634,0.999285360615371
PDCD11,-0.107178343884369,5.13954595653682,0.0638913313506038,0.800448002332388,0.999285360615371
SLC25A53,-0.123411447033019,4.80799387023005,0.0637784056958601,0.800620710222144,0.999285360615371
LYRM1,0.117462424807181,5.13193173973589,0.0637408750596293,0.80067814538252,0.999285360615371
NUP205,-0.143221108441253,4.52968454019718,0.0637208163875016,0.800708849627934,0.999285360615371
MINCR,0.206946320873061,4.18004822474851,0.0636679283040245,0.800789831221165,0.999285360615371
EIF4ENIF1,0.139757669151445,4.50824932488546,0.06352486863954,0.80100906188368,0.999285360615371
GMEB1,0.100681341813531,5.38300679346753,0.0634874427287429,0.801066458243631,0.999285360615371
FAM177A1,0.0515451033640411,7.02435178306336,0.0633776861691899,0.801234884677094,0.999285360615371
TRAPPC2,0.0901157605894489,5.64983650459828,0.0633325045931823,0.801304262918962,0.999285360615371
DHX15,0.0742372079620632,5.77791477371532,0.0633220935026131,0.801320253323821,0.999285360615371
GRPEL1,-0.103665905307096,5.54278060995914,0.0633157308142991,0.801330026471597,0.999285360615371
MFF,-0.0929331860400258,6.15278212629047,0.0632373216565618,0.80145050654921,0.999285360615371
WDFY1,-0.0891928821632969,5.3666496860731,0.0630932150238603,0.801672141768262,0.999285360615371
UFL1,-0.0751331193819097,5.97648063054603,0.0629931998947946,0.801826122717392,0.999285360615371
ZC3H7A,0.0764938483892772,6.22902490717021,0.0629756672032045,0.80185312902129,0.999285360615371
SPRTN,0.134679101241422,4.92493954171277,0.0628581762135649,0.802034208280083,0.999285360615371
CDK11B,0.0865515311333103,5.74751911495725,0.0628476743538329,0.802050402692406,0.999285360615371
CCDC71L,-0.174502731010046,5.22476383825974,0.0627651311664152,0.802177738670476,0.999285360615371
SELENOF,-0.0564255379428708,7.27130040174596,0.0627186441926781,0.80224949138408,0.999285360615371
MSANTD2,-0.164603716623876,4.07233318857181,0.062610340327506,0.80241676824886,0.999285360615371
NUDT15,-0.147434590368041,4.24371649553376,0.0625980064279226,0.80243582788074,0.999285360615371
WWOX,0.162785152989655,4.10646585165236,0.0625628492009156,0.802490167457612,0.999285360615371
WDR44,-0.138398254589853,4.78547239513578,0.0625592848672163,0.802495677454909,0.999285360615371
ZNF493,-0.116570288541493,5.06891787944947,0.0625363453235259,0.802531143003757,0.999285360615371
PPP6R1,0.0681813227536859,6.28190058450682,0.0625360863792146,0.802531543382558,0.999285360615371
PHAX,-0.0774680871410669,6.02178227619196,0.0625176963732699,0.802559980199084,0.999285360615371
STAT5B,-0.0857711708405308,6.12631620347588,0.0624823747816379,0.802614611116407,0.999285360615371
TUBGCP6,0.151534085852709,4.49563189775369,0.0624181631954741,0.802713967418337,0.999285360615371
TMEM175,0.143519051973588,4.23008473639649,0.0623850178382845,0.802765275362152,0.999285360615371
POU5F2,-0.160477709921897,4.30147938098771,0.0623150532454879,0.802873625858112,0.999285360615371
USP22,-0.0789480031877555,5.92483714413482,0.0622225262843408,0.803017016790126,0.999285360615371
ETFA,-0.088147669090304,5.87390519499604,0.0621816467274048,0.803080404748515,0.999285360615371
C7orf50,-0.115421149901671,5.44309632723595,0.0621469396647072,0.803134238993404,0.999285360615371
HNRNPUL2,-0.081261763364699,6.26995160661982,0.0621409492835703,0.803143532309884,0.999285360615371
DBR1,-0.166400098557681,4.42144410042478,0.0621109156183763,0.803190132905687,0.999285360615371
PEX1,-0.128876184644627,4.74119832261848,0.0620203126992784,0.803330786029093,0.999285360615371
IFNAR2,-0.0932564789261913,6.1002642934603,0.0619570028671213,0.803429133786277,0.999285360615371
RPS13,-0.0366775247135358,11.3263154258924,0.0615811019583958,0.804014173727246,0.999285360615371
LDHB,-0.061413534636249,8.61993863053311,0.0615048537182901,0.804133075073156,0.999285360615371
SNX12,0.191623393797206,4.00952482409747,0.0613545904949255,0.804367624448842,0.999285360615371
ZNF518B,0.106200076956446,4.740794225621,0.0613188729523735,0.804423421625446,0.999285360615371
ZNF211,-0.16408058322085,3.89666666842263,0.0612851727387529,0.804476083189793,0.999285360615371
CHD9,0.0679840146481684,6.1872366245061,0.0612845735053469,0.804477019719581,0.999285360615371
MAML1,-0.120021061647733,4.96787134132345,0.0611526752104616,0.804683279273503,0.999285360615371
RPS16,-0.0417952027449661,11.4224623268629,0.0611407672477355,0.804701912287227,0.999285360615371
ODF2,0.105069906737942,4.89721600542169,0.0611314579752857,0.804716480335054,0.999285360615371
RANBP1,-0.0646004276655938,7.29066082177818,0.0610347654609491,0.804867863767845,0.999285360615371
SIK3,0.0745336530928628,5.92218907220465,0.0610150371239335,0.804898766410067,0.999285360615371
GRK2,0.0642734215130811,7.08875598831956,0.0607706949001035,0.805281946460472,0.999285360615371
NOC4L,-0.148536150950457,4.29040262598197,0.0607135272351371,0.805371715299678,0.999285360615371
PPT1,-0.0931663105032365,5.6439017151414,0.0607044149024958,0.805386028291051,0.999285360615371
MOB1A,0.0525184797275503,7.44732210553586,0.0606810892464829,0.805422671732582,0.999285360615371
VPS72,0.114815748384229,5.0183576912169,0.0606733399805144,0.805434847095773,0.999285360615371
WAC,0.0423912395706239,7.33945564966258,0.0606681446509132,0.805443010269375,0.999285360615371
GNPAT,0.112153375246543,5.53406454687827,0.0605246848453085,0.805668568445434,0.999285360615371
SPG11,0.0825522185479502,5.80954369547626,0.0605200516681244,0.805675857794582,0.999285360615371
ZNF557,-0.142620208322631,4.34237620081562,0.0604972580814476,0.805711723113742,0.999285360615371
N4BP2L2,-0.0268927842530218,9.10811923014912,0.0603063433499642,0.806012405937825,0.999285360615371
RHOQ,-0.127175713467911,4.47613103207308,0.0602978219514228,0.806025838546316,0.999285360615371
MCF2L2,-0.128024913714061,4.81947135828723,0.0600476250025785,0.806420683092952,0.999285360615371
CEP57,-0.0823326317029879,6.24125968061282,0.0600393874769267,0.806433697834313,0.999285360615371
NDUFA7,-0.0874992376117384,6.67710387060598,0.0599525042784208,0.806571025168509,0.999285360615371
ACTG1,-0.0496649489007554,10.8167790457443,0.0599450934958341,0.806582743510787,0.999285360615371
ERP44,-0.067588851765576,6.2923232253162,0.059895956704775,0.806660460771423,0.999285360615371
MTCH1,0.0787754584782142,6.93895303240334,0.0598759050698234,0.806692185169434,0.999285360615371
NDST2,0.115807091725833,4.98625202611604,0.0598745576220843,0.806694317215835,0.999285360615371
PA2G4,-0.0328031107122651,8.18383559445364,0.0597738111642201,0.8068537989105,0.999285360615371
APEX1,0.0643454654063266,6.64610843038139,0.0597350581664848,0.806915182855087,0.999285360615371
TPD52,-0.0921370139841683,5.11992950972217,0.0596754204029928,0.807009689072,0.999285360615371
RBM22,-0.0664570343973794,6.15984687281522,0.0596571197127922,0.807038699672983,0.999285360615371
OAT,-0.135017593251874,4.84990871797777,0.0596566487850367,0.807039446258811,0.999285360615371
PRR7,-0.150367701278818,4.19336084158848,0.059627965638839,0.807084925004203,0.999285360615371
WDR74,0.103211014160135,5.45288883182474,0.0596105743102413,0.807112505580782,0.999285360615371
PCYOX1L,-0.136132356189977,4.64539594682447,0.0596000796239196,0.807129150966333,0.999285360615371
MGME1,-0.0909343859360351,5.22323011335255,0.0595360412491672,0.807230754453492,0.999285360615371
TSPOAP1,0.153284078983358,4.38648727464965,0.0594306767858441,0.807398052118576,0.999285360615371
KRR1,-0.057331385720927,6.50909816021661,0.059341839515298,0.80753923003275,0.999285360615371
PI4KA,-0.12647758001293,5.20993409392156,0.0592785277853096,0.807639911743314,0.999285360615371
EIF2B1,-0.0893915394968717,5.69692109361234,0.0592498811993565,0.807685485796203,0.999285360615371
COPS7A,-0.120895346283774,4.82536133632541,0.0591811476441002,0.80779488210148,0.999285360615371
CCL4L2,0.329804732383534,4.51297317392809,0.0589118187560587,0.808224195555358,0.999285360615371
C3orf62,0.128902951058936,4.48821887110974,0.0588961715271843,0.808249169335616,0.999285360615371
TMEM68,0.149044109659698,4.63219958926589,0.0588889404669146,0.808260711665688,0.999285360615371
AFDN,-0.13961845603234,4.5675195756426,0.0588374177187276,0.808342974801922,0.999285360615371
HEATR6,-0.134184163542522,4.36025235980313,0.0587864183826881,0.808424439805523,0.999285360615371
RRAS,-0.149062129721891,4.56888734267633,0.0587510633388426,0.808480936987764,0.999285360615371
CPTP,-0.165165711154121,4.36724503903981,0.0587178556917856,0.808534019034586,0.999285360615371
C4orf33,0.141409408116374,4.14893629716935,0.0586082706660562,0.808709302293207,0.999285360615371
IFT88,0.130381686035606,4.54470049123332,0.0584910754043833,0.808896950335747,0.999285360615371
NSMCE4A,0.0877154534780822,5.44281836108331,0.0584638535983224,0.808940565199224,0.999285360615371
CSNK1G3,-0.0781283353613942,5.90447288240459,0.0583731537965413,0.809085962319966,0.999285360615371
RASSF2,-0.0731882879632292,5.89297943959979,0.0583563625004047,0.809112892868333,0.999285360615371
AGA,-0.111376196772262,5.19311009192263,0.058288893263164,0.809221144074805,0.999285360615371
CKAP2,-0.0848222382845929,5.66943492411352,0.0581412486957476,0.809458264339243,0.999285360615371
MACO1,0.0988012148285544,5.15849258929117,0.0581331585580855,0.809471266471372,0.999285360615371
TMCO1,-0.0453686240627978,7.68051459843202,0.0581170519281571,0.80949715522633,0.999285360615371
RPS26,0.134520032382183,10.8306467964569,0.0581170088115535,0.809497224534263,0.999285360615371
PDLIM7,0.144607414645067,4.23095719757465,0.0581147470526666,0.809500860244536,0.999285360615371
TOMM7,-0.0439302296423982,9.53332865433101,0.0580805050023123,0.809555912472524,0.999285360615371
POLR2I,-0.0678223911039715,6.86368663700616,0.0579971590842909,0.809689982631726,0.999285360615371
CLIC5,-0.143213875901038,4.40020684044291,0.0576340796597528,0.810275224202427,0.999285360615371
SRSF1,-0.0538520630591341,6.71501845367836,0.0575069240009398,0.810480645062776,0.999285360615371
RTF1,0.0456167694191274,7.66681672993535,0.057495130939845,0.810499709001037,0.999285360615371
DIS3L,-0.142461529337011,4.87538880134302,0.0574687842674493,0.810542306884056,0.999285360615371
MFSD5,-0.147308223856509,4.43783506839127,0.0574241374394724,0.810614516444922,0.999285360615371
NCOR2,0.0841594754007718,5.70546189730435,0.0572934228437561,0.81082609856718,0.999285360615371
MBD1,0.112200230688833,5.01777651910284,0.0571623152484264,0.811038573318989,0.999285360615371
TMBIM6,0.0246144482732551,8.6671732890793,0.0571081039679307,0.811126504129947,0.999285360615371
SERBP1,0.0296293336215267,8.85467495868685,0.0570732018744202,0.811183138746721,0.999285360615371
NCOA3,0.0582058874894861,6.95171650807398,0.0570367940408438,0.811242236194614,0.999285360615371
THAP7,-0.101634639083007,5.34162632464313,0.0570257671401429,0.811260139069768,0.999285360615371
ZNF12,0.109144331213358,4.93937806833464,0.0569871970452027,0.811322774470344,0.999285360615371
HNRNPAB,-0.0640566730098987,7.10333073730801,0.0569638092460814,0.81136076569255,0.999285360615371
SF3B2,-0.0519371465775085,7.38882583656053,0.0568882161310178,0.811483615823489,0.999285360615371
DHRS1,-0.113852459133378,4.82664008763258,0.056837182961214,0.811566601149839,0.999285360615371
ATG7,-0.121816070831737,4.44495622362784,0.0566259722071543,0.811910471517126,0.999285360615371
COPS9,-0.0370608669412286,7.95020028413448,0.0565349545870681,0.812058865412813,0.999285360615371
COPZ1,-0.063652942958968,6.58094834907344,0.056336448166018,0.812382945971873,0.999285360615371
SATB1-AS1,0.0185540934187011,3.70423285012655,0.0563341273218505,0.81238673853428,0.999285360615371
TGFBR2,0.0737952524351169,6.94396301129042,0.0563233460585941,0.812404357608366,0.999285360615371
PDCD5,0.0654323311432457,7.10207732784256,0.0563178376686686,0.812413360277207,0.999285360615371
VAMP5,-0.0954020667924191,6.73390295093502,0.0562926332305018,0.81245455922967,0.999285360615371
ARID2,0.0706222977481532,5.99912732850106,0.0562853186039085,0.812466517477702,0.999285360615371
PAN3,-0.0746404738353787,5.87810384754045,0.056278764084702,0.812477233768645,0.999285360615371
SMIM10L1,0.0706983771451053,6.04427395976333,0.0562669150273472,0.812496608021392,0.999285360615371
NAA60,-0.0904707159170931,5.41302448370416,0.0558881921167078,0.813116992139712,0.999285360615371
MYEF2,0.124463908028333,4.64377701676272,0.0557695587499474,0.813311781153549,0.999285360615371
TMED1,-0.113932402599733,4.7389457508459,0.0556421507475413,0.813521221357557,0.999285360615371
CRTC3,0.107194775832158,5.90097185946574,0.0555928530304115,0.813602327539806,0.999285360615371
FNDC3B,-0.107172886975441,4.79645611094051,0.0555758083005244,0.813630378905902,0.999285360615371
GLUD1,-0.0907757139806982,6.189417382607,0.055536372128234,0.813695298401864,0.999285360615371
PIGX,0.108081262048361,5.19318623121494,0.055473581302234,0.813798714361204,0.999285360615371
RUNX1,0.0617689792620384,6.52666125145113,0.0553428966299094,0.814014149170999,0.999285360615371
GNAI3,-0.0836149885688181,6.67130915316871,0.0553171892165807,0.814056559650178,0.999285360615371
BBS7,-0.171229559155745,4.23875791123536,0.0553063050586111,0.814074518785426,0.999285360615371
MSH6,0.0912925360603596,5.06168571007042,0.0553043942320279,0.814077671889931,0.999285360615371
RBM6,-0.0501917681191659,6.87599093520629,0.0552802737840992,0.814117478610291,0.999285360615371
PHC3,0.0533572773107186,6.47478322001518,0.0552045728645201,0.814242469726603,0.999285360615371
FAU,-0.0245839325695313,11.3567983817352,0.0551684126597287,0.81430220639001,0.999285360615371
GLG1,0.0500451944545514,7.03502481503763,0.0551564403442999,0.814321989208547,0.999285360615371
SMNDC1,0.0683633145618711,6.51883220939396,0.0550497605024027,0.81449836500099,0.999285360615371
PABPN1,0.0479232748128254,6.93648925227869,0.0549555140624882,0.814654334484305,0.999285360615371
SNRPB2,-0.0417715902128824,7.59373848281027,0.0549177465069235,0.814716876028934,0.999285360615371
BRPF1,-0.153476256557111,4.23058875403923,0.0548420488383741,0.814842296645502,0.999285360615371
ZNRF2,0.0978972252481741,5.54701034711832,0.0548038422537829,0.814905634369741,0.999285360615371
RABGEF1,-0.182679906486235,4.50362416526694,0.0547259826001181,0.815034779880269,0.999285360615371
ADCY7,0.0775431640399512,5.58080116746618,0.0546925290621623,0.815090298895952,0.999285360615371
NEK9,-0.112163080213,4.82439106697015,0.0545423961764691,0.815339678087712,0.999285360615371
LGALS8,-0.0638312103207219,6.13899909748705,0.0544718815020957,0.815456931860714,0.999285360615371
HAX1,0.0652324908066306,6.65864511134171,0.054446395055205,0.815499331125774,0.999285360615371
ZNF808,-0.133918739272274,4.42893816244717,0.0544240884045948,0.815536449068105,0.999285360615371
IFITM3,0.154869467580932,4.91490316731057,0.0542925110936992,0.815755555167616,0.999285360615371
SYF2,0.0353809874003658,8.13523841085757,0.0542525641689551,0.815822131248921,0.999285360615371
BCL2L13,0.109578783965454,4.84481623562633,0.0541406941729967,0.816008712912838,0.999285360615371
MPC2,0.050100165381007,6.79814055257574,0.0541009593394222,0.816075033302985,0.999285360615371
PPP1R2,-0.0480946395993288,7.7049633697318,0.0540524013289776,0.816156115096718,0.999285360615371
LSM8,0.0353184703857635,7.69296018223144,0.0540330939662361,0.816188365049229,0.999285360615371
NDUFS5,-0.0270740800579291,8.51037985006459,0.0540066856208856,0.816232485926898,0.999285360615371
SETD5,-0.0673847180201518,6.29523793982649,0.0539783446637081,0.816279848302597,0.999285360615371
GTF2H2C,0.135400940432504,4.23368065338429,0.0538023459860924,0.816574264702281,0.999285360615371
ACSS1,-0.099984290567241,5.06917756974456,0.053780244306882,0.816611272965771,0.999285360615371
GPBP1,0.0443172678597479,7.77494092040804,0.0536922621953337,0.816758674537403,0.999285360615371
HNRNPLL,-0.0873876694210151,6.07883322661199,0.0536474109670166,0.816833865392463,0.999285360615371
ZNF451,-0.0777072306978578,6.17088060663976,0.053409838995627,0.817232696392481,0.999285360615371
TNFAIP8L2,0.127925398492444,4.66921085662821,0.0533286807035545,0.817369157351754,0.999285360615371
NDUFAF6,-0.13700562773539,4.23865993368379,0.0532446122661412,0.817510626856473,0.999285360615371
EIF3M,-0.0397720925547926,7.47734604528881,0.0532350854255217,0.817526665944569,0.999285360615371
LINC00426,0.0998354518042707,4.84827700464963,0.0531950423376593,0.817594097757441,0.999285360615371
APOOL,-0.127701063589016,4.41170962051766,0.053169831757252,0.817636565617388,0.999285360615371
ZNF581,-0.10298207595071,5.08542571639892,0.0530643338195631,0.817814394686719,0.999285360615371
ANKRD36B,-0.130599466956801,4.97798284089283,0.0527753164525322,0.818302522811388,0.999285360615371
ISY1,0.0788054886970711,5.79335400869101,0.0527399821454004,0.818362296183264,0.999285360615371
UBL7,-0.112806739207078,4.94704408628648,0.0525522913777241,0.818680157690213,0.999285360615371
GTF2H2,0.102353823513619,5.06978304838372,0.0524262999177161,0.818893864311041,0.999285360615371
ATXN7,0.0836355722150772,6.20274851106417,0.0523689909220053,0.818991161208185,0.999285360615371
SP3,-0.0583760547622831,6.31053674512481,0.0523200245782256,0.819074338682714,0.999285360615371
TSPAN2,-0.154348899859078,5.01521857396789,0.0521776075054916,0.819316490823069,0.999285360615371
HELLS,-0.102149670936337,5.25220667873173,0.052158100245137,0.819349686135248,0.999285360615371
FASTKD5,0.136339761569731,4.10034372164323,0.0521547065298549,0.819355461853946,0.999285360615371
DCUN1D4,-0.144074968235592,4.31696966311115,0.0521342514428529,0.819390278281186,0.999285360615371
FAM98C,-0.0823455426135284,5.62690537622245,0.0520464413228829,0.819539820830025,0.999285360615371
LMBR1,0.130129143049344,4.5343341651131,0.0520052534983329,0.819610010318612,0.999285360615371
ALKBH4,0.162336344966583,4.27031892219204,0.0519778117989667,0.81965679082773,0.999285360615371
C1orf216,-0.144723057219971,4.45696069335087,0.0519660152423249,0.819676904687255,0.999285360615371
TNIP1,-0.062142883074686,6.72385478094648,0.0518233757601614,0.819920304170329,0.999285360615371
ULK1,-0.102502255316807,4.58637878579259,0.0517545575630329,0.820037861287531,0.999285360615371
PM20D2,-0.113002824217368,4.32910698689903,0.0516293306594022,0.820251988367453,0.999285360615371
MTIF3,0.0579498145359647,6.79771737082044,0.0515056770648208,0.820463693358213,0.999285360615371
MPDU1,0.101842788253901,5.14766519963459,0.0513943343660976,0.82065454984915,0.999285360615371
TUBG1,-0.144960623941697,3.96311210536939,0.0512989442997842,0.820818234317417,0.999285360615371
ADORA2A,-0.295312834976944,4.69952973588493,0.0511263494115752,0.821114805438024,0.999285360615371
RBM38,0.103828603369244,6.37309493375906,0.0509777906338798,0.821370496771424,0.999285360615371
DEGS1,0.0861939951443363,6.5395485421576,0.0508534644396228,0.821584781415872,0.999285360615371
GALK1,0.138303237243372,4.72146637539278,0.0507891230905742,0.821695786198002,0.999285360615371
SLC9A6,0.139038307903251,4.03305729250316,0.0507627729808498,0.821741267995493,0.999285360615371
ACADVL,-0.0804814939693388,6.03597707340348,0.0506246239299379,0.821979924398336,0.999285360615371
YIPF2,-0.134853552348494,4.61584092608267,0.0506075059834004,0.822009519947626,0.999285360615371
PIK3CG,0.0986379626464006,5.47555100106739,0.0503078625757567,0.822528433345453,0.999285360615371
BCOR,-0.0829551361446978,5.36485426315994,0.0502222466712041,0.822676998363027,0.999285360615371
PSKH1,-0.137616350256318,4.0210330024134,0.0502032403225812,0.82270999716893,0.999285360615371
RNF216,-0.0734330610777036,5.92480229075123,0.0501092907733352,0.822873208732231,0.999285360615371
MRPL48,-0.086924634394434,5.23622981877438,0.0500965445375421,0.822895364193492,0.999285360615371
ZDHHC21,-0.101049564528778,5.27375596036735,0.0500934069162398,0.822900818449513,0.999285360615371
OGFOD2,-0.133960065754177,4.09687313506046,0.0500365562604159,0.822999675365994,0.999285360615371
LCOR,0.0615500341720086,6.14507947812624,0.0500288395236819,0.823013098450582,0.999285360615371
CARD8,0.0565751007896062,6.90559441273961,0.0499234741053876,0.823196488011808,0.999285360615371
DENND1A,0.18096035102909,3.94494884999976,0.049856459940866,0.823313232563435,0.999285360615371
ABITRAM,0.146500993825536,3.65218047311021,0.0497576484951559,0.823485521139575,0.999285360615371
ZNF322,0.13943893328975,4.30106165166337,0.0497458512784625,0.823506102874844,0.999285360615371
VPS29,0.0516992699635937,6.95094883440388,0.04971654250933,0.823557246817282,0.999285360615371
ENY2,-0.042807029301549,7.33155641649358,0.0495464693203225,0.823854338172464,0.999285360615371
TMEM65,-0.0730709201555626,5.74120780257746,0.0493373882476149,0.824220304523292,0.999285360615371
ZBTB32,-0.184085664779213,4.1324217062129,0.049317067927273,0.824255915672682,0.999285360615371
ALDOC,0.151070700630907,4.18683921638142,0.0492951194198028,0.824294388852391,0.999285360615371
RPUSD4,0.124068376969151,4.56313965146354,0.0492476285379873,0.824377665614893,0.999285360615371
MTPAP,0.13971525610795,4.62407353453242,0.0492410034216668,0.824389286313884,0.999285360615371
OARD1,-0.0710419746019912,6.00846048452913,0.0492012848819776,0.824458971306697,0.999285360615371
BIVM,-0.138214241893556,4.25142146568865,0.0491640656701868,0.824524298092264,0.999285360615371
FAM13A,0.15624847916701,4.09900592943674,0.0491422281654153,0.824562639137422,0.999285360615371
UBAP2,0.081214798881564,5.44136675362257,0.0491079818930338,0.82462278479151,0.999285360615371
EIF2A,0.0641723559864923,6.39271867044751,0.0490982168426903,0.82463993887414,0.999285360615371
LIMA1,-0.089056126203435,6.15503425852521,0.0490717149406876,0.824686503294584,0.999285360615371
PTTG1,-0.0819283236422214,6.4927325355443,0.0490523132897707,0.824720600782707,0.999285360615371
CLN5,-0.0969547708360348,5.424955453198,0.0489617721875391,0.824879816119035,0.999285360615371
GPR107,-0.114730386202811,4.60180456428607,0.048883340029974,0.825017862903752,0.999285360615371
CDK16,0.118098474701921,4.39801704439613,0.0488391424183803,0.825095705362827,0.999285360615371
SYT11,-0.106464146045969,5.10475722170271,0.0488382678011412,0.825097246143558,0.999285360615371
PHKG1,-0.112074286240678,4.8768909954768,0.0487884805359435,0.825184978389562,0.999285360615371
UXT,-0.0353773656411754,7.85864306903844,0.0487775118400116,0.825204313102816,0.999285360615371
TMED2,-0.0591335349522518,7.04701903928085,0.0487724617730478,0.825213215711181,0.999285360615371
TOGARAM2,-0.163231122066621,4.07300284434496,0.0487224314803569,0.825301438709698,0.999285360615371
KANSL1,-0.0638495932577157,7.49250998790036,0.048656526241782,0.82541772798898,0.999285360615371
CUL2,0.097770517453585,5.30213233072824,0.048499474515399,0.825695177862636,0.999285360615371
MED31,0.0758768114281329,5.66601885549556,0.0484482024155355,0.825785857864431,0.999285360615371
IGBP1,-0.0526995514965312,6.90020897596377,0.0484137343108131,0.82584684654658,0.999285360615371
MRPL49,-0.100817431776122,5.1087097740584,0.0483572777240937,0.825946791364229,0.999285360615371
ALKBH3,-0.169704090084018,4.28914435490565,0.0483367436761206,0.825983157856004,0.999285360615371
CABIN1,-0.0771163790658585,5.96724915119651,0.0482951829549307,0.826056788085101,0.999285360615371
STAM,0.0830717128794925,5.58051679449069,0.0482758769846186,0.826091002422299,0.999285360615371
CRAMP1,0.143811033911201,4.36620978414337,0.0481465215147701,0.82632043340657,0.999285360615371
SS18,0.0616474386849902,6.14568546714826,0.0481402986622399,0.826331478691968,0.999285360615371
EFL1,-0.115571865582749,4.33437539839525,0.0480632794422675,0.826468246356904,0.999285360615371
SLFN12,-0.176765283091583,4.13829734569267,0.0479746162404808,0.826625833224151,0.999285360615371
DCP1A,0.0832405404213718,5.33005837839283,0.0478363927724992,0.826871811475809,0.999285360615371
UBR3,-0.0956610463765984,4.97480881234418,0.0477441908554397,0.827036098286142,0.999285360615371
MED7,0.115685832418463,4.8164935280192,0.0477044473834276,0.827106965083344,0.999285360615371
KLRG1,-0.133723864650863,5.18801521082033,0.0476454943235041,0.827212141587714,0.999285360615371
RCC2,-0.0751748714701513,5.50885232732183,0.0476045942013244,0.827285150409254,0.999285360615371
PDCD4,-0.0496248779860465,8.2718413113688,0.0475748425883431,0.827338279213774,0.999285360615371
TBC1D31,-0.109553548700805,4.97285308408706,0.0474391963793934,0.827580729627899,0.999285360615371
RPP25L,0.106108558661646,4.97605106941511,0.047415209418201,0.82762364104527,0.999285360615371
RNF4,0.0910171496188958,5.8433618236407,0.0473998832462321,0.827651064717188,0.999285360615371
SDHAF1,0.0875994556504082,5.21731699313209,0.0473869699362481,0.827674174573039,0.999285360615371
OGFOD1,0.0920038798626471,5.05776426132305,0.0473351615006159,0.827766924911593,0.999285360615371
NLK,0.21252888694963,4.02868334071926,0.0473058210172574,0.827819475453511,0.999285360615371
TP53,-0.0925817802845571,5.55201700155673,0.0472783365740668,0.827868717202145,0.999285360615371
DHX34,0.175133997602789,3.85330951000125,0.047183688454755,0.828038405697561,0.999285360615371
CUEDC2,-0.0904469724143826,5.33422866448112,0.0471412904526964,0.828114476133265,0.999285360615371
TRAF3IP1,-0.129251430321606,4.33217447366445,0.0471355164462288,0.828124838618463,0.999285360615371
LSM6,0.0499987216356432,6.83115241529224,0.0470536680305926,0.828271801752186,0.999285360615371
PLA2G12A,0.11463545042355,4.26329135884514,0.0470474680874773,0.828282939527033,0.999285360615371
HCCS,-0.138758491949483,4.34804078894959,0.0470386363611404,0.828298806447867,0.999285360615371
UTY,-0.0719118128177228,5.35718378470257,0.0469954309438743,0.828376451010777,0.999285360615371
FANK1,-0.263622292260767,4.18057506623301,0.0469026414195213,0.82854332969807,0.999285360615371
LHFPL5,0.0681584633200338,3.71932471051368,0.0467198391270145,0.828872599506963,0.999285360615371
HINFP,-0.120401825969926,4.56817724445011,0.046584475103586,0.829116856601132,0.999285360615371
DDX39A,0.0686280927225824,6.20176550773726,0.0465229437888155,0.829228009330122,0.999285360615371
ZSCAN25,0.167797541924699,3.89409600468087,0.0464030839644316,0.829444750190032,0.999285360615371
FBXO8,0.116584867808809,4.61981503935859,0.0463630119382437,0.829517277202095,0.999285360615371
GLYR1,-0.0799784499343671,5.67772921398301,0.0463201254159387,0.829594934557933,0.999285360615371
TIMM10B,0.0880411646744282,5.29687093961519,0.046300884138283,0.829629788188143,0.999285360615371
SYTL3,0.104117405638604,5.64315135718225,0.0462511023281955,0.829719998085156,0.999285360615371
GPCPD1,-0.0724241895566038,5.87704040302626,0.0461598291945329,0.829885526675348,0.999285360615371
NEAT1,-0.0620733060101396,10.5131192723823,0.0461132252013989,0.829970111477845,0.999285360615371
STK40,0.0870057044802142,5.12799361089154,0.0460594496029216,0.830067768104584,0.999285360615371
ARFGEF2,-0.0986330295852292,4.87678438514125,0.0459753278139203,0.830220653175291,0.999285360615371
LYSMD2,0.0701568154151332,6.10699130058011,0.0459017223871996,0.830354545594556,0.999285360615371
MMGT1,-0.109088561849071,4.91968817899092,0.0458616176409876,0.830427545645353,0.999285360615371
IKZF4,0.10706140463448,5.01317710028224,0.045815038916686,0.830512371768445,0.999285360615371
HDHD3,-0.113267683510527,4.6211560455881,0.045784869248191,0.830567338859635,0.999285360615371
RNF13,0.0683461531285194,5.79553889290963,0.0457701148608898,0.830594227249263,0.999285360615371
DENR,-0.0465817658404285,6.85506929251752,0.0457566865099182,0.830618703010604,0.999285360615371
GMCL1,-0.0640608193183649,5.85168672763186,0.0457540434497084,0.830623520940308,0.999285360615371
LTBP3,-0.0839823600415466,5.30353569902225,0.0456760571570172,0.830765744611194,0.999285360615371
HCFC1R1,-0.0852556361099464,5.334298136453,0.0456733840567658,0.830770621796125,0.999285360615371
CLN3,-0.101761866711823,5.32368345808453,0.045615841388102,0.830875647045738,0.999285360615371
ODC1,0.101585186705458,6.33080342898107,0.0456148891854618,0.830877385561442,0.999285360615371
SYNE3,-0.0829868545069348,5.94520933468468,0.0454806901410194,0.831122593982416,0.999285360615371
LINC01719,0.452043424702813,3.65018318255558,0.0453562490113448,0.831350310939809,0.999285360615371
NUP210,0.0672122223020061,5.91459475925716,0.0453339971367903,0.831391064430277,0.999285360615371
PDE4D,0.0932221958548557,6.81353979531894,0.0453337150698268,0.831391581092653,0.999285360615371
TMEM80,-0.0936729484471596,5.19435244829724,0.045275942041318,0.831497439451965,0.999285360615371
SMDT1,-0.0696795015682679,7.62253778224132,0.0452705200307371,0.831507377903507,0.999285360615371
VIM,-0.0478857641812241,10.3790420544776,0.0452476115653013,0.83154937559255,0.999285360615371
WASF2,-0.04217171313032,7.57967643739466,0.0452375296106666,0.831567862185116,0.999285360615371
ANO6,-0.081202233456182,5.25160796454237,0.045161754121132,0.831706875494212,0.999285360615371
RBM19,-0.104751708728915,4.76292723477222,0.0451532551775316,0.831722474762173,0.999285360615371
DCTN1,-0.0852484212692676,5.50294929533302,0.0450386411584738,0.831932991521501,0.999285360615371
ZC3HAV1,-0.0399582051359241,7.62765644708724,0.0449993585441852,0.832005208079702,0.999285360615371
CEACAM21,-0.107154521124153,4.51492129487786,0.0448689604494454,0.832245166386897,0.999285360615371
UVSSA,-0.134780211350674,4.62402355486981,0.044818029900398,0.832338987606301,0.999285360615371
MCFD2,0.0835520482503034,5.30468853396271,0.0447326221711606,0.832496445731103,0.999285360615371
DDX6,-0.0412675966538972,7.7292234427354,0.0446801487336082,0.832593263919835,0.999285360615371
IARS2,-0.0615768559779592,5.87050950815897,0.0446735658040272,0.832605414206133,0.999285360615371
ANKAR,-0.118024842263551,4.31839961368764,0.0446728513783121,0.832606732896723,0.999285360615371
SNX5,-0.0698656417772232,6.67483370676753,0.0446600216865747,0.832630415881841,0.999285360615371
CLIP1,0.0752155129942695,6.69285663420808,0.0445692804256836,0.832798021369766,0.999285360615371
PPP2R2A,0.0585995526275279,6.15256485584475,0.0445486916628752,0.832836075062614,0.999285360615371
PAK2,0.0279965670060572,8.63080058333286,0.0445461319614253,0.832840806736387,0.999285360615371
NUP133,-0.136322557964525,4.22653498002815,0.0445008430963512,0.832924547858815,0.999285360615371
GLTP,0.0632952542810761,5.94979152788311,0.0444583822587177,0.833003100268546,0.999285360615371
GDPD5,-0.174724562820741,4.0759789050906,0.0444060385242224,0.833099989943363,0.999285360615371
AHDC1,0.137734255248015,4.18171130728637,0.0443632927294964,0.83317915781888,0.999285360615371
HACL1,-0.115884487959339,4.665876852011,0.0443376565554381,0.83322665672005,0.999285360615371
ZC3H6,0.0823576664441913,5.55177170818809,0.0443245043430913,0.833251030806616,0.999285360615371
RPAP1,-0.131065235051885,4.10734271398231,0.0443029792514196,0.833290929921424,0.999285360615371
FAM120AOS,0.0679973886049585,5.86007125815624,0.0442879844877346,0.833318730340084,0.999285360615371
MBOAT1,-0.107401601611755,4.83418491134405,0.0442367734307396,0.833413713145933,0.999285360615371
C1D,0.0663903201075852,6.29262646926276,0.0441984072172872,0.833484909827428,0.999285360615371
ACAA1,-0.062836353368708,6.01006333889923,0.0441044719967429,0.833659362967428,0.999285360615371
TMEM64,0.121401783957096,4.58312075229072,0.0440832081033165,0.833698880428953,0.999285360615371
NR1H2,-0.0685502114206074,5.86574443163043,0.0440710452455129,0.833721488725027,0.999285360615371
ALG3,0.108645054449771,5.01697352743852,0.0440160979083117,0.833823665345405,0.999285360615371
RFX2,0.162011532769075,3.88591799492661,0.0439823748351671,0.833886407631133,0.999285360615371
SETD1A,0.159418113882234,4.07696763039943,0.0439577963110089,0.833932152167862,0.999285360615371
ACP2,-0.152009365104144,4.15713093301609,0.0438764865774353,0.834083577708719,0.999285360615371
GNGT2,0.137556813424053,3.93794190614334,0.0438623671439871,0.834109887671439,0.999285360615371
NAXD,0.123282004346345,4.29174697009208,0.0438199533557899,0.834188947548674,0.999285360615371
KYAT3,0.0951637958471499,5.05240706759874,0.0437638890762742,0.834293513439065,0.999285360615371
GABPB2,-0.0829937413666336,5.32232385706749,0.0436880551129413,0.834435063203599,0.999285360615371
MAP2K3,-0.0602370412855057,6.19569945952894,0.0436754608449483,0.834458583758854,0.999285360615371
TRIP12,0.065336458804884,6.56114400338403,0.0436553042885812,0.834496234710187,0.999285360615371
ADAM12,-0.212557013680218,4.71273318459081,0.0435612500958626,0.834672041000152,0.999285360615371
NCF4,0.0946088978822058,5.61697691979678,0.0435582518544102,0.834677648575222,0.999285360615371
NDUFA8,-0.0721937733456065,5.84306974775677,0.043553396402757,0.834686730095464,0.999285360615371
VPS35L,0.110531289038066,4.50122688551507,0.043540904671648,0.834710096757614,0.999285360615371
GMDS-DT,-0.122120483194813,4.70518397004152,0.0434761458844761,0.834831288733317,0.999285360615371
LNX2,0.132113918279943,4.12457028433207,0.0434647457133437,0.834852633180107,0.999285360615371
COPB1,0.0471673405607296,6.83046159269037,0.043356988950384,0.835054529734368,0.999285360615371
COA4,0.0542004678443644,6.33478188834415,0.0432980784953259,0.835165016950285,0.999285360615371
PDCL,-0.0911505058592297,5.19609422792952,0.0432521419929337,0.835251225798786,0.999285360615371
GLRX5,0.057703728664987,6.23082665438154,0.0431923173220561,0.835363570149707,0.999285360615371
HK1,0.0792383583218602,5.84998437486556,0.0430862051076382,0.83556303740187,0.999285360615371
AFF1,0.0771582088813436,6.00559239512792,0.043055092853745,0.835621570049196,0.999285360615371
ZC3H13,0.0427523666163209,7.33405203964642,0.0430421716850589,0.835645885610131,0.999285360615371
SOCS1,0.0665878549682884,7.11085688030312,0.0429732212179594,0.835775703701837,0.999285360615371
PRDX6,-0.0571077650726421,6.86126913542524,0.0429704170643355,0.835780985584958,0.999285360615371
POLR2M,-0.102529359805668,4.90487502071024,0.0429229676894707,0.835870388146333,0.999285360615371
STAT3,0.061762377148776,7.42551590411867,0.0428026624167615,0.836097294653462,0.999285360615371
S1PR2,-0.134544249838763,4.39458248564682,0.0427837957509034,0.836132909023392,0.999285360615371
MKNK2,0.0811680403097745,6.15692600448461,0.0427000885238016,0.836291020958593,0.999285360615371
CWC22,-0.0647987276942403,5.89561728063394,0.0426775675522073,0.836333587691197,0.999285360615371
ALYREF,-0.0690298282933604,6.14028882643878,0.042519297233266,0.836633064223234,0.999285360615371
CRIP1,0.107103443054458,10.9870388269321,0.0425166759871374,0.836638028990091,0.999285360615371
B3GALT2,0.206723013584618,4.54151180267488,0.0424905825500481,0.836687459923003,0.999285360615371
CANT1,0.0918627068868685,4.92717562858475,0.0424871610421764,0.836693942738601,0.999285360615371
PRPF18,-0.0758112166414211,5.46926259056043,0.0423445422114206,0.836964408636704,0.999285360615371
AP1S2,-0.0480878490474341,6.50653594853266,0.0422977783161791,0.837053196183341,0.999285360615371
ITGA4,0.0365987430512272,8.60563965924089,0.0421037289467776,0.837422172691178,0.999285360615371
HSPA13,-0.0977985434655509,4.72678647685831,0.0420598327005379,0.837505762333476,0.999285360615371
ZNF567,0.0948356566547968,4.80158347509818,0.0420045902619002,0.8376110226406,0.999285360615371
KLHL9,0.102493553713549,4.71208902059532,0.0419955076567575,0.837628335763322,0.999285360615371
INO80B,0.109854560240938,4.55789119995915,0.0418322980985622,0.837939776434687,0.999285360615371
PRDM2,0.0472156972284234,6.94261925099601,0.041747895692545,0.838101083598948,0.999285360615371
ASL,0.108322654293471,4.55208107843873,0.041731764275184,0.838131932774984,0.999285360615371
RIC1,0.104303366511981,4.35956661600878,0.0416544681236815,0.838279837572753,0.999285360615371
TNFSF10,0.081582713727684,7.36408378218354,0.0416319998567758,0.838322857008148,0.999285360615371
PGLYRP2,-0.117589416135053,4.67912148456761,0.0415572128699644,0.838466136978619,0.999285360615371
CMTM7,0.0605444621085022,6.37889782191134,0.0414913273355531,0.838592474481771,0.999285360615371
PDK3,0.0985888974601476,4.9514466774489,0.0414042814147635,0.838759547958408,0.999285360615371
RING1,0.0957408491096332,5.14880908428704,0.0413767745232718,0.838812381930712,0.999285360615371
NCOA6,-0.0850037956096427,5.20674460517325,0.0412675351645753,0.839022384608683,0.999285360615371
PKD2,0.12767628982097,4.45285404803712,0.0411871759904656,0.839177052597188,0.999285360615371
AGMAT,-0.133745916616217,4.36057208716936,0.0411384951879548,0.839270825373869,0.999285360615371
YIF1A,0.0608122742587628,6.02203021106715,0.0410967901290178,0.839351206878781,0.999285360615371
ABT1,0.0655573104214885,5.76573357502035,0.0410542226866966,0.839433294324277,0.999285360615371
TNFRSF25,-0.0600961364370586,7.60757536699068,0.0410351745654154,0.83947004124376,0.999285360615371
CD70,0.130189724203364,5.23263470231532,0.0409994782827674,0.839538929088025,0.999285360615371
BANF1,-0.0554799684246133,7.21653848609433,0.0409176636465105,0.839696935491121,0.999285360615371
XYLT2,0.148478216433196,4.0068550916789,0.0408587235538995,0.839810866826609,0.999285360615371
INIP,0.0798235344300758,5.29170564171133,0.0407822009377217,0.839958912907225,0.999285360615371
SLC25A5,0.0329452523032259,7.82606920100097,0.0407240001426601,0.840071609104131,0.999285360615371
UNC119,0.0923128771529424,5.52686676159221,0.0406180514868204,0.840276976476974,0.999285360615371
FOCAD,0.12561417782213,4.17689714900402,0.040572685748657,0.840364997142541,0.999285360615371
ZFAND3,-0.100450094742666,5.12788292636889,0.0405680623172238,0.840373970608852,0.999285360615371
ASAP1,-0.0688506947537083,5.75031544157927,0.040525677476186,0.840456258765185,0.999285360615371
CYBC1,-0.0541396998923248,6.50735928396399,0.040511601553014,0.840483596404994,0.999285360615371
PRELID3B,-0.0612410949314329,5.93176482733654,0.040501764645775,0.840502704147805,0.999285360615371
CCDC59,-0.0592630566577092,6.7500974951503,0.0404283031016703,0.840645476245281,0.999285360615371
NUDT4,0.0604462875901241,5.80913216964511,0.0402975449637868,0.840899938242478,0.999285360615371
RAB10,-0.0470646992468116,6.45340252426732,0.0402943960894433,0.840906071404353,0.999285360615371
RPS28,0.0271566882776879,12.1146030871535,0.0402847288155002,0.840924902216427,0.999285360615371
FGD5-AS1,0.0619658330108391,5.91613872276221,0.0402723125404556,0.840949091236012,0.999285360615371
COQ10B,-0.0653085363046851,5.96192080116924,0.0402436748178765,0.841004897194872,0.999285360615371
TSPYL4,0.129699963443211,5.10883545705282,0.0401911616441382,0.841107282625435,0.999285360615371
ACSL4,0.0722940147097676,5.55999811334605,0.0401841220595252,0.84112101305746,0.999285360615371
HGS,0.0814394896437958,5.39033476701694,0.0401710619051023,0.841146489687124,0.999285360615371
LRRC28,0.117362963185731,4.45089004277562,0.0401407801680662,0.84120557728222,0.999285360615371
MED4,-0.0439883066833176,6.80894570453186,0.0401266239500799,0.841233207720593,0.999285360615371
INPP5D,-0.0719285335626714,6.39852910077014,0.04004548206942,0.841391680242116,0.999285360615371
LSM5,0.0455852792984661,6.81025126766383,0.0400051866247395,0.841470440505101,0.999285360615371
MON1B,0.0834240561239294,5.28143154463109,0.0399431301228788,0.841591815003324,0.999285360615371
SAYSD1,-0.0846861246637021,4.94225390990453,0.0399279746287498,0.841621472085841,0.999285360615371
RPS6KB1,-0.109204838000191,5.37713665109667,0.0399190691543083,0.841638901525391,0.999285360615371
SLC38A1,0.0342440406177723,7.61810513811268,0.0398350368920326,0.841803465763467,0.999285360615371
NPEPPS,-0.0532637437014684,6.38296686334077,0.0397476257406986,0.841974838669373,0.999285360615371
BTF3L4,-0.0527517266495145,6.47044635739194,0.039735126288285,0.841999360329822,0.999285360615371
TPM3,0.0357501916506351,9.83018603069448,0.0397197303378256,0.842029569906882,0.999285360615371
ZMAT3,0.0735588946257909,5.6047068610616,0.0396808646452271,0.842105858358421,0.999285360615371
ATP6V1B2,-0.0839364776618459,5.17346027158739,0.039652265764289,0.84216201916412,0.999285360615371
OXLD1,-0.0961802500618921,5.88528756119393,0.0396124972616363,0.842240149226673,0.999285360615371
TOM1L2,0.155132905492265,4.26156159825426,0.0395347969869633,0.842392918610467,0.999285360615371
ULK3,0.0915959912208517,4.75683279972953,0.0394513446979552,0.84255717115945,0.999285360615371
SCAMP4,0.0990394159098978,5.00818011631518,0.0394014555004176,0.842655450381515,0.999285360615371
FRYL,0.0587898051861477,6.403792795827,0.0393017344902802,0.842852089792296,0.999285360615371
PGAM1,-0.0575656527802426,7.01925451381055,0.0392930138275318,0.842869298350127,0.999285360615371
ATP2C1,-0.0929589217577999,4.93284644047358,0.0392510333541232,0.842952166560892,0.999285360615371
TMEM154,-0.0666638685733566,5.79006352622763,0.0392484583299826,0.842957251081036,0.999285360615371
IDE,0.111212542617497,4.43383260921967,0.0392374111134437,0.842979066356424,0.999285360615371
RNF115,-0.0480110510118245,6.4229082569302,0.039223486297459,0.843006568662487,0.999285360615371
GCFC2,0.1114624342212,4.43673779150594,0.0391759745251967,0.843100445329798,0.999285360615371
VAMP3,0.0942887880771929,4.90125428575692,0.0391601615223287,0.843131702748097,0.999285360615371
KIF3A,-0.0805391501695912,5.53399432168723,0.0390134338606316,0.843422051272303,0.999285360615371
ZFP36L1,-0.0407273439058925,8.93236282070252,0.0390090222536941,0.843430789852686,0.999285360615371
COPB2,-0.0733559083111572,5.89602435468735,0.0389640729537319,0.843519855413377,0.999285360615371
NUDT3,-0.0608562698136332,5.68001177376414,0.0389621794582666,0.843523608483702,0.999285360615371
THAP1,-0.0888501924298269,5.39475463580591,0.0389115883058864,0.843623919591921,0.999285360615371
LPAR2,0.0944817685700912,5.17116903576371,0.0388705949849779,0.843705250013517,0.999285360615371
IBA57,0.138749068661798,4.22829642784011,0.03879421088849,0.843856914389931,0.999285360615371
ZFP30,0.147176671147247,3.83058144908837,0.038760015368803,0.843924861533635,0.999285360615371
PSMD7,0.042287346773984,7.03427254676674,0.0386549726373673,0.84413377836078,0.999285360615371
CCDC91,-0.0511373888047453,6.3560567412279,0.0386539254526923,0.844135862563186,0.999285360615371
IL16,-0.0490646522991696,6.79966400718242,0.0386385829149791,0.84416640204312,0.999285360615371
DNAJC14,-0.124328922141462,4.06829021676778,0.0384713849648826,0.844499620389328,0.999285360615371
D2HGDH,-0.102300936764932,4.76007194435715,0.0384483963175875,0.844545494536791,0.999285360615371
PRIM1,-0.109055677818554,4.60436620941503,0.0383698349643247,0.844702372337587,0.999285360615371
ZFAND4,-0.124632501112592,4.21609166708235,0.0382638510082529,0.844914274331064,0.999285360615371
PPIL4,-0.0679983687953764,6.01161008391212,0.0382510401415992,0.844939908727405,0.999285360615371
PRMT2,-0.0466794040388811,7.71889684258365,0.0382488053316266,0.844944381012907,0.999285360615371
EBP,-0.0578196083618366,6.21094057776701,0.03824455869524,0.844952879724638,0.999285360615371
VAV3,0.111849036080708,4.970647876189,0.0382159618672588,0.845010122767787,0.999285360615371
GMNN,0.11562481246009,4.43193492250397,0.0381431583250667,0.845155956026454,0.999285360615371
GUK1,-0.0223834510062983,8.45635444449535,0.0381290611483873,0.845184210867289,0.999285360615371
SAP25,-0.0998824153213829,4.76050877512175,0.0380523549461103,0.845338047508328,0.999285360615371
NOP14-AS1,-0.157047771971396,4.01369506188261,0.038045132969863,0.845352539690343,0.999285360615371
HSPA9,-0.0485873712736717,7.05801090250532,0.038016424739741,0.845410161992313,0.999285360615371
ARIH2OS,0.127527203217753,4.09781877847415,0.0380056562679556,0.845431781971416,0.999285360615371
GHITM,0.0433291751337339,7.13098958849898,0.0379811028676933,0.84548108999494,0.999285360615371
ETF1,-0.0675406795382256,5.93141351274822,0.0379050880796648,0.845633847512704,0.999285360615371
TMEM199,0.0947334592978098,4.85456666720414,0.037903754173513,0.845636529517602,0.999285360615371
CTPS1,0.117296450786628,4.28682670560417,0.0378778602248957,0.845688602630621,0.999285360615371
WDR76,0.0901458641451431,4.78922891037397,0.0377800161750699,0.845885535429713,0.999285360615371
BRAF,-0.0760565947261302,6.0033386051721,0.0377535450014399,0.845938859996334,0.999285360615371
TMEM19,-0.136875171867905,4.30434520411822,0.0376945388735983,0.846057794108415,0.999285360615371
EPHB6,-0.103370367871245,4.91435521961846,0.0376815046327152,0.846084079248108,0.999285360615371
TBC1D7,-0.131472129376333,4.47703475087169,0.0376522082447224,0.846143176217577,0.999285360615371
NNT-AS1,-0.0765672350080804,5.11884618557485,0.0375989497145959,0.846250670999634,0.999285360615371
EEF1AKMT2,0.0769295269726421,5.08619429717915,0.0375810834694867,0.846286749172049,0.999285360615371
ZFAND2A,-0.0959238813405402,5.30114426260268,0.0375268366695138,0.846396346914934,0.999285360615371
RUFY3,0.0999479155966363,4.76459997778448,0.0375223973693579,0.846405319510132,0.999285360615371
LSM2,0.0452358962237593,6.81945367053039,0.0374007147301469,0.846651475979059,0.999285360615371
EHD4,-0.0792449227393752,5.47685141759141,0.0373972038591894,0.846658584415649,0.999285360615371
CERS5,0.0745791341607814,5.41090792124267,0.0373299099393698,0.846794900919001,0.999285360615371
HUS1,0.104248685420149,5.11410112926168,0.0371967182967197,0.847065081949694,0.999285360615371
MIAT,-0.117963671485788,6.46899931281324,0.0371142574523624,0.847232606405568,0.999285360615371
ARL16,-0.0991687301843144,5.46946173495002,0.0371039185431243,0.847253624169657,0.999285360615371
SLC2A3,0.0796161086758781,7.74334964229475,0.0370488519393,0.847365619176695,0.999285360615371
BRMS1,-0.0591051583832216,5.87406408434304,0.0370441522717719,0.847375181403742,0.999285360615371
DEGS2,0.137934160757108,4.06900179793201,0.0369722216966437,0.847521614255605,0.999285360615371
CCNI,-0.0301566014363948,8.9922547414805,0.0369558588269072,0.847554945627164,0.999285360615371
TMEM161B,-0.0743140935055824,5.32006906479568,0.0369437734772156,0.847579568549602,0.999285360615371
CNOT2,0.0482767884399836,6.4983142067137,0.0368747371192093,0.847720304678921,0.999285360615371
FOXP3,-0.0591328916989588,6.21200765382674,0.0368240010078011,0.847823821399148,0.999285360615371
TSPAN3,0.075877076809095,5.50059863952567,0.0367635395790451,0.847947277255714,0.999285360615371
ZNF292,-0.0435190395189615,7.51347315470427,0.0367057086521712,0.848065460424628,0.999285360615371
STAU1,0.0686249527252201,6.58293867637067,0.0364467078569355,0.848595941746795,0.999285360615371
ARRDC1-AS1,-0.112941738279055,4.49945910905542,0.036259397294824,0.848980806637899,0.999285360615371
RRM1,-0.0786509463323709,5.04732553492493,0.036257680190527,0.848984339511914,0.999285360615371
INTS9,0.132089240659543,3.98195660744884,0.0361840482129239,0.849135916028921,0.999285360615371
SKAP2,-0.0892073503067793,5.28480903361824,0.0361568386412934,0.849191969246846,0.999285360615371
RAD51D,0.0923232796384495,4.70021662425754,0.0361475779117662,0.849211051844761,0.999285360615371
NME7,-0.103173025965632,4.55583980007303,0.0361187676542478,0.849270434272262,0.999285360615371
SYCE1L,-0.109479451391768,4.3898536616977,0.0361167281940809,0.849274638847156,0.999285360615371
DHFR,0.117522977106724,4.35728742029387,0.0360128164643143,0.849489027498542,0.999285360615371
RBBP5,-0.0969797388264662,5.00786294064911,0.0359729373627715,0.849571390357563,0.999285360615371
SAMD1,0.0739293447481114,5.38361459951254,0.0359199028377972,0.849680996600323,0.999285360615371
TMEM131,-0.0817035456375544,5.29807967323113,0.0357595196820633,0.850012970815781,0.999285360615371
PARD6A,0.10372954757782,4.51914070158757,0.0356947317200422,0.850147292876109,0.999285360615371
PPP1R35,-0.0503245190787098,6.483775836944,0.0356411744532394,0.850258426176404,0.999285360615371
LINC00649,-0.0827825238312481,5.67041052590286,0.035618147493917,0.850306234546507,0.999285360615371
LACTB2,0.10715388733634,4.61560969802329,0.0356068087888346,0.850329781746779,0.999285360615371
DDIT4,0.0645521675205413,7.11566004873793,0.0354131485909583,0.850732558828307,0.999285360615371
ZBTB25,0.0658902824006775,5.94787330409538,0.0353964038261942,0.850767438319698,0.999285360615371
SNU13,-0.033668992111019,7.84078294369453,0.0353179963178043,0.850930875603443,0.999285360615371
ADAM15,0.152546044722944,4.20638882875701,0.0353155884681335,0.850935897639942,0.999285360615371
PRPF38B,0.0380248049928109,8.29086088343671,0.0352401802475555,0.851093265870157,0.999285360615371
ZFX,-0.0703991364270447,6.11406098790201,0.0351880059800287,0.851202249573076,0.999285360615371
TRAPPC2B,-0.0892272519939244,5.05720463209127,0.0351807340272217,0.851217446159341,0.999285360615371
ACTR6,-0.0628286739996055,5.98154002764332,0.0351334283350866,0.851316343092238,0.999285360615371
GLRX3,0.057891427645877,6.01223259380906,0.0350037542848476,0.851587792640567,0.999285360615371
TIMM10,0.0660875956950437,5.8640758113993,0.03494974602852,0.851701002805454,0.999285360615371
RNASEH2C,0.064992315573131,6.48504540953032,0.0349397900936452,0.85172188195827,0.999285360615371
LHPP,-0.131075500685494,4.20736305384866,0.0348299058799455,0.851952531152947,0.999285360615371
USP30-AS1,-0.112797879672769,4.71571705073086,0.0348201490148909,0.851973029199399,0.999285360615371
RBBP8,-0.11464064413633,4.2490744727128,0.0348001735621857,0.852015004590633,0.999285360615371
SYVN1,0.0944692551063885,4.46280034891198,0.0347855432912354,0.852045755800653,0.999285360615371
PPP1CC,-0.0438771547632609,7.07665541193924,0.0347835754952044,0.852049892400597,0.999285360615371
HOXB2,0.0827539827202529,6.11754926803135,0.0347632150052704,0.852092700288377,0.999285360615371
CNPY2,0.0384878359850223,7.007946864837,0.0347577292047525,0.852104236390808,0.999285360615371
PSAP,-0.121308446705133,5.88224226173143,0.0347349373275634,0.852152175571462,0.999285360615371
MPI,0.128317779857232,4.22992504060183,0.0347193452096519,0.852184980550094,0.999285360615371
ERP29,-0.0344528962364768,8.11914922415089,0.0346320921175085,0.852368697196254,0.999285360615371
KDM7A,0.0573460801930449,5.65751460063197,0.0346280021415648,0.852377314759096,0.999285360615371
GPM6B,0.100357154113663,4.1869987639667,0.034573463752432,0.852492277286672,0.999285360615371
ACYP2,0.0907769383603561,5.3168919113978,0.03450158982481,0.852643925101909,0.999285360615371
SETD1B,-0.0798889002717599,5.21263770052618,0.0344909211299402,0.852666449055142,0.999285360615371
DEXI,-0.0963483225453604,5.16911590675581,0.0344025203237663,0.852853221339473,0.999285360615371
HSPA5,0.0475293541505599,7.44619122777464,0.0343327797053057,0.853000743803782,0.999285360615371
TRAK1,0.111571664303295,4.10563659647337,0.0343310090157445,0.853004491363248,0.999285360615371
PIGF,0.0712756703012002,5.22726466694572,0.0342305350231111,0.853217302608856,0.999285360615371
ZNF266,0.148223967306655,4.41755227326262,0.0342236325945713,0.853231934306549,0.999285360615371
GATAD2A,0.0546965199362871,5.97473488794526,0.0342157564778383,0.853248631882759,0.999285360615371
TNFSF13B,0.10570148748186,5.90376391283387,0.0341912495420402,0.853300599953692,0.999285360615371
ZDHHC3,-0.0991298948625106,5.21876484079122,0.0341214025038887,0.85344881953819,0.999285360615371
TBRG1,0.0471169212798916,6.1677987056209,0.0340711297280851,0.853555598486799,0.999285360615371
TUBA1C,-0.0697133460733422,5.9346805105249,0.0339756644992839,0.85375859027482,0.999285360615371
RELCH,0.0356537022844312,4.5701805282947,0.0339135879655288,0.853890744506312,0.999285360615371
DDX5,-0.0241284559967575,11.0086983293758,0.0338369694621541,0.854054029562277,0.999285360615371
PAPOLA,-0.0373790530140528,7.56996247229008,0.0338198780057972,0.854090479980016,0.999285360615371
TMEM218,-0.0963884458788302,4.66434402317586,0.0338034511037044,0.854125522098382,0.999285360615371
DAP,-0.0808187129295589,5.52200194823312,0.0337949062430845,0.854143753605776,0.999285360615371
FUT11,-0.0889953918148482,4.64576846190435,0.0336654531094887,0.854420249760029,0.999285360615371
TSR2,-0.0681527023291821,5.67824363754463,0.033638857202213,0.854477123392963,0.999285360615371
NUP43,0.0918879976501799,4.68115567989837,0.0335981369203786,0.854564246137973,0.999285360615371
OXR1,-0.0743755327549484,5.15040127109331,0.0335293796431628,0.854711479159401,0.999285360615371
NFATC2IP,0.0429214096850583,6.56917696425937,0.0335290497733194,0.854712185900281,0.999285360615371
GRK6,-0.0578128547627301,6.38416114498916,0.0335095928477891,0.854753878411159,0.999285360615371
ZNF91,0.0771556659107868,5.77042953006156,0.0334026088105617,0.854983348787714,0.999285360615371
SLC46A3,0.104613533178263,4.54861879447771,0.0333726122119487,0.855047756725193,0.999285360615371
PCMTD2,-0.075096501199369,5.41800340581712,0.033332093551433,0.855134804877293,0.999285360615371
EIF4EBP2,-0.0492162011884322,6.25686378424663,0.0333174100395581,0.855166363654515,0.999285360615371
DPY19L3,-0.131627648777604,3.95252162088569,0.0332599707264727,0.85528988512197,0.999285360615371
ZNF213-AS1,-0.122396249070557,4.23803069088109,0.0332522880815169,0.855306414766051,0.999285360615371
KIAA0319L,0.0948108233267745,5.68302672187537,0.0332270371985786,0.855360757369109,0.999285360615371
SLC30A5,0.0757501213877535,5.24804800277082,0.0332030581445579,0.855412382613801,0.999285360615371
PPP2CA,-0.0565178929951395,6.35699908416394,0.0331150949905954,0.855601926307893,0.999285360615371
ACBD3,0.0543381621572175,5.96548003858703,0.033104886895817,0.855623939624843,0.999285360615371
PAXBP1,0.0604351507532626,5.89888442295283,0.0330741870715059,0.855690163611433,0.999285360615371
CNOT1,0.0437888554014496,6.49836375563185,0.0330653300469983,0.855709275402733,0.999285360615371
TOB2,0.0708177742850132,5.8064481170373,0.0330630093116859,0.855714283549788,0.999285360615371
TSC22D3,0.0667007164798061,9.34771860460077,0.0329879972403084,0.855876257500948,0.999285360615371
PHYH,-0.0796718073731915,4.85187463377727,0.0327523411747848,0.856386352146769,0.999285360615371
SPPL3,0.0679787848813954,5.38997189733665,0.0324778905640351,0.856982815141015,0.999285360615371
PRKCA,0.105359551506689,5.22572563988332,0.0323747640068142,0.857207612164867,0.999285360615371
RNF24,0.113557312299562,4.62771273410206,0.0323087825021702,0.857351633720538,0.999285360615371
IFT74,-0.113926683354954,4.40629633261258,0.0321158168179707,0.857773704192409,0.999285360615371
NORAD,0.0572865068450803,6.58645851693448,0.0320665923271264,0.857881581427051,0.999285360615371
ARL15,0.101741373933635,4.12767861982522,0.0320429764225061,0.857933366861201,0.999285360615371
RPS24,-0.0199283019261233,12.1372276153663,0.032032501866798,0.857956341983985,0.999285360615371
CUL9,0.0985378310747445,4.65363537145143,0.0319487164309109,0.858140258515053,0.999285360615371
CCR2,0.086658922915357,5.36636508923951,0.0319209124432156,0.858201345741698,0.999285360615371
DYRK2,0.0527622408684289,6.11740221585755,0.0318556212493064,0.858344902891467,0.999285360615371
TARBP1,0.0935664289592852,4.71437491730514,0.0318113374019298,0.85844235715222,0.999285360615371
MANBAL,-0.1062605548826,4.20028113294304,0.0317640485298654,0.858546501795615,0.999285360615371
NFAT5,0.057044953682749,6.70438309991494,0.0317531424137165,0.858570531766849,0.999285360615371
TAF1B,-0.0689004094878695,5.24919572376698,0.0317487492161419,0.858580212713738,0.999285360615371
NUSAP1,-0.134425258067769,4.96894410479189,0.0316814827613996,0.858728528939436,0.999285360615371
AASDH,-0.0757658012983989,4.9946538298178,0.0316030742362337,0.858901617564524,0.999285360615371
FRAT2,0.0959163770020771,4.54675174398472,0.0315821200110804,0.858947911997386,0.999285360615371
ASH2L,-0.0937116965687058,4.7375269860925,0.0315346634478075,0.859052816983893,0.999285360615371
RUNX3,0.0508535875455279,7.52422159752291,0.0314963704702187,0.859137524802628,0.999285360615371
CBR1,-0.068959385800515,5.35291170810826,0.0314274636924452,0.859290087238643,0.999285360615371
SRPK1,0.0488269347969479,6.30826525660546,0.031390825543351,0.859371275856223,0.999285360615371
ALMS1,0.114891223725369,4.51020210136892,0.0313867584417658,0.85938029139728,0.999285360615371
XPO4,0.0870479239045187,4.57951466255771,0.0313805539725109,0.859394046000285,0.999285360615371
MRPL28,0.0542213347024623,5.98343561051183,0.031331429148425,0.859502999697358,0.999285360615371
HMGB2,-0.0646958488402477,7.74514363627669,0.0311820846471349,0.859834772165139,0.999285360615371
ZFYVE21,0.0841815051356654,4.78067299979411,0.0311180772926889,0.859977216852889,0.999285360615371
ZBTB18,-0.148551333036202,3.89696203073586,0.0310726244662582,0.860078461247856,0.999285360615371
TAPBP,0.040039759167316,8.2155336846201,0.0307919275651649,0.860705401317856,0.999285360615371
LRRC42,0.181135627453689,4.05829133516492,0.0307259904924848,0.860853099364628,0.999285360615371
TBX21,0.0884826858692947,4.8213268850221,0.0306690363259925,0.860980807373797,0.999285360615371
TPGS2,0.0780408704711009,5.70645876383704,0.0305254712879126,0.861303265798139,0.999285360615371
FAM217B,-0.0612315990192527,5.4296892867984,0.030524782038448,0.861304815789647,0.999285360615371
TMEM250,0.0739559637866413,5.32268832618663,0.030486561703249,0.86139079432832,0.999285360615371
MRPL13,-0.0603199547826985,5.92097078269203,0.0303543999286227,0.861688527640155,0.999285360615371
ETFB,0.0481666445978332,6.74346035493219,0.030160023037876,0.862127634829671,0.999285360615371
COMMD1,-0.0717321176330084,5.78670220420294,0.0301263909997083,0.862203759079858,0.999285360615371
NRBP2,0.127861413102079,4.07933118158091,0.0300692298931153,0.862333240554155,0.999285360615371
TMEM120A,-0.0840443790093869,5.30876343170179,0.0300690787409721,0.862333583112329,0.999285360615371
RANGAP1,-0.0705336774741249,5.30270360281717,0.0300295542522484,0.8624231884592,0.999285360615371
NDUFA13,0.0318047877117505,8.79035575103659,0.0300086378551256,0.86247063227185,0.999285360615371
MAN2C1,0.0969049897296596,4.8254171456851,0.0299125829745819,0.862688728649166,0.999285360615371
GNE,-0.112503845384019,3.98907621003266,0.0296328008912603,0.863326047960873,0.999285360615371
ARL4A,-0.0653097991278444,6.05871550610088,0.0295821637789082,0.863441725519774,0.999285360615371
PXK,0.0792435496947951,4.90656621398179,0.0295539073947637,0.863506319911237,0.999285360615371
SETDB2,0.0706649657067572,4.90767451599384,0.0295153748258983,0.863594457027709,0.999285360615371
DNAJB4,-0.130156783367944,3.97284630188419,0.0295142879393353,0.863596943966337,0.999285360615371
CAMLG,0.0459140816695532,6.80418226934606,0.0294994508201754,0.863630897951268,0.999285360615371
PIK3IP1,-0.0487264831187904,7.01992691292251,0.0294079168632173,0.863840563386513,0.999285360615371
CDK7,0.0981689047666774,4.44340976418826,0.0294018466560253,0.863854479522812,0.999285360615371
TENT4B,-0.0685072707002057,5.27946923268864,0.0293999872312689,0.863858742606999,0.999285360615371
MAP1LC3B,-0.0331674400271679,7.65581664308215,0.0293630573028203,0.863943440243394,0.999285360615371
POLK,0.0577590807143493,5.9096635328424,0.0293526922647622,0.86396722198632,0.999285360615371
RAB1A,0.0524684627172108,5.97014784413029,0.0293142708379826,0.864055414574379,0.999285360615371
SELENON,0.113182659746276,4.26795266117637,0.02928490112064,0.864122869983482,0.999285360615371
CLPX,0.0636430075631343,5.31506550463591,0.0292836082317187,0.864125840248478,0.999285360615371
TFB1M,0.10904299682522,4.65179588025596,0.02922724415399,0.864255395962625,0.999285360615371
UBE3D,0.151529299859595,4.01212486809569,0.0291184906221602,0.864505735393968,0.999285360615371
DUSP10,-0.0773798666420806,4.73785641997917,0.0291161994171816,0.864511014682189,0.999285360615371
EIF4E3,0.0551365028680525,6.14462483168041,0.0290964036287029,0.864556636124553,0.999285360615371
DBNL,0.0413940723749847,6.64456030160233,0.0290796956777051,0.864595153755889,0.999285360615371
TMEM120B,-0.0444511178660255,6.46164023270218,0.0290496612086777,0.864664422284602,0.999285360615371
NAAA,-0.0506736231860845,5.87152562051368,0.029042345140887,0.864681300920236,0.999285360615371
GPBP1L1,-0.0500969919816575,6.39261679634042,0.0289484059356973,0.864898219352818,0.999285360615371
STK24,0.0342001583917155,7.08927474701456,0.0289475161361317,0.864900275751399,0.999285360615371
ACTR5,0.12355594827365,3.94564942804564,0.0288237418330333,0.865186645712566,0.999285360615371
CLNK,-0.110720547379873,4.45075994799276,0.0288028597567021,0.865235021775069,0.999285360615371
EIF2B3,0.0885941158198862,4.55814367078307,0.0287938138973125,0.865255983292426,0.999285360615371
MED10,-0.0350852067186125,7.01950301326788,0.0287875749879021,0.865270442378935,0.999285360615371
BANP,0.096721575594056,4.76904227004223,0.0286359631772655,0.865622309613927,0.999285360615371
PRPF4B,0.0303391740247749,7.91753558736042,0.0285299488174857,0.865868921878219,0.999285360615371
HDHD2,-0.0935718865802166,4.54533237314767,0.0285189434807762,0.865894549646418,0.999285360615371
CNOT10,-0.0886405570515714,5.05897963564573,0.0284898974289156,0.865962212673727,0.999285360615371
ATP13A2,-0.0885874429971805,4.76837650402465,0.0284371804025092,0.866085108120198,0.999285360615371
NME1,0.0834569246908218,5.68807163067451,0.02841038300215,0.866147623902126,0.999285360615371
CDKN1B,0.0401294258636252,6.99383550570734,0.0284027280125514,0.866165487830912,0.999285360615371
BAP1,-0.091291881158411,4.47457187935747,0.0283104938408449,0.866380923367199,0.999285360615371
CCDC22,0.0868103513263602,4.80453695892315,0.0282236961119686,0.866583990598349,0.999285360615371
TRIR,0.0218575636124098,8.56726890625485,0.0281656683475227,0.866719928312962,0.999285360615371
RPF2,-0.0645083355006299,5.24728687807336,0.0281653254713028,0.866720731973535,0.999285360615371
HSD17B12,0.059395948827571,5.3391206471692,0.0281647964698095,0.866721971899204,0.999285360615371
UBE2D1,-0.0635536965355226,5.414384953216,0.028147335924384,0.866762904362036,0.999285360615371
MRM3,0.118245582382603,4.19087911031279,0.0281277080221329,0.866808933310149,0.999285360615371
LRPPRC,0.0566665843770493,5.79302872972898,0.0280939255563126,0.866888194486423,0.999285360615371
RNF157,-0.0634278749759156,5.15267260471778,0.0280399527325734,0.867014928465908,0.999285360615371
SIT1,-0.045199883280318,6.80130994879596,0.027924803987144,0.867285729863911,0.999285360615371
E2F3,-0.0771803003719292,5.25814906885224,0.0279217800317149,0.867292849186579,0.999285360615371
CPSF6,-0.0541188660250325,5.85028908718736,0.0278176302463535,0.867538292170224,0.999285360615371
SURF6,-0.0676876325745413,5.08316036930633,0.0277369006463424,0.867728867413234,0.999285360615371
POLG2,-0.100889247163776,4.50470489735325,0.0276119870827642,0.868024308617905,0.999285360615371
ATP6V1H,-0.0524974148332159,5.62253983441719,0.0275710059216294,0.868121385386189,0.999285360615371
SPINDOC,0.113113662463506,3.94827279757293,0.0275620072322944,0.868142711536646,0.999285360615371
SSR4,0.0185321025076401,9.00182874078183,0.0275487094101088,0.868174232827113,0.999285360615371
PCLAF,0.15294846343426,4.09977394886629,0.027520316475389,0.868241561898026,0.999285360615371
ATP6V0E1,0.0213818992502747,8.48516162375625,0.0274188188917961,0.868482538626656,0.999285360615371
TBCK,-0.115050553868896,4.33095017382761,0.0274137163939585,0.868494665123643,0.999285360615371
TIPARP-AS1,-0.101506961993305,3.98290648745392,0.0274015807522723,0.868523511112396,0.999285360615371
DIP2A,0.0471757478772781,6.50839532179663,0.0273566394737479,0.868630392126066,0.999285360615371
TMEM229B,-0.108989603371865,3.92496970804665,0.0272873594551264,0.868795333274612,0.999285360615371
XPNPEP3,0.0938601789544011,4.38962768172477,0.0272830781271374,0.868805533269074,0.999285360615371
CD59,-0.0615693702508967,6.27624010580763,0.0271125649220245,0.869212440713337,0.999285360615371
LDHA,-0.0384116304967336,8.32638069792787,0.0269756982795641,0.869540006816641,0.999285360615371
INTS5,0.107333991537928,4.23263803395865,0.0269729180413272,0.869546669658784,0.999285360615371
COX5A,0.0368722731375595,7.79036007383673,0.0268765626826131,0.869777803597575,0.999285360615371
SKAP1,0.0235772836552913,7.98317858544124,0.0268493065488471,0.869843261847866,0.999285360615371
UBE2H,-0.04493237170598,6.35017242561681,0.0268442225984789,0.869855475222824,0.999285360615371
HSD17B11,-0.0502191224550016,5.93490254511776,0.0268389925673382,0.86986804077271,0.999285360615371
NAA16,0.066571466823443,5.20783735860584,0.0268280943542223,0.869894228603206,0.999285360615371
TSEN15,-0.0552917325609941,5.53944912642106,0.0267633919690375,0.870049817611352,0.999285360615371
MAPRE1,0.0402096239523778,6.39138025873765,0.0266740217959143,0.870265042855114,0.999285360615371
CREBRF,0.0446282160160412,7.18768278970222,0.0266725563977737,0.870268574974585,0.999285360615371
CARS2,-0.0641452066851935,5.33887652345457,0.026666414635617,0.870283379842484,0.999285360615371
STX7,0.0540389870040075,5.49303154617325,0.0266214695421674,0.870391774404243,0.999285360615371
RALBP1,-0.0406067499417324,7.15938027001107,0.0265334500563661,0.870604324393555,0.999285360615371
SMARCD2,-0.0618592494447576,5.31624280390185,0.0264642419108796,0.870771702920045,0.999285360615371
FCF1,0.074482702683808,4.86658019704882,0.0264245202820774,0.870867870373863,0.999285360615371
CKS2,0.0878672856327321,5.54830036128107,0.0263981708811514,0.870931704131519,0.999285360615371
MRPS22,0.0933436877098625,5.14125493363209,0.0262991669517056,0.87117184264167,0.999285360615371
MRTFA,0.014583604478207,4.41478992051116,0.0262727562219354,0.871235981411044,0.999285360615371
TAB1,0.111473694041726,4.21142362375167,0.0262251657487553,0.871351639013687,0.999285360615371
HMGCL,0.0790640560675723,4.73641491082697,0.0261894411844317,0.871438530058647,0.999285360615371
STYXL1,-0.0755822150427252,4.6420762316385,0.0261843724823088,0.871450863330931,0.999285360615371
POFUT2,0.101485138035069,4.18235753789338,0.0261318013916299,0.871578852719127,0.999285360615371
JMJD6,0.0601941415107684,5.37473013645566,0.0261050561342167,0.871644017328197,0.999285360615371
TMEM208,-0.043432355986957,6.36704855163974,0.0261004753884038,0.87165518171444,0.999285360615371
HSPA1A,0.0954698525856631,6.97168629280611,0.026030727710296,0.871825298030668,0.999285360615371
COQ10A,-0.0948549807164915,4.32942857563199,0.0258319802013922,0.872311334718206,0.999285360615371
EIF4G2,0.0234528670318232,8.2030246441941,0.0257406795073756,0.87253525329259,0.999285360615371
FNBP1,-0.0237324064494548,8.46904395632791,0.0257374028813793,0.872543296913499,0.999285360615371
CDADC1,-0.0880841763642506,4.33638697694591,0.0256566574403436,0.872741680942815,0.999285360615371
KHDC4,0.06453833358988,5.75107438898923,0.0256216806393006,0.872827715064722,0.999285360615371
TTC33,0.0848911069987395,4.66131156125627,0.0256022405135923,0.872875558919535,0.999285360615371
RAVER1,0.101814692223994,4.50443803658884,0.0255942984622664,0.872895110364489,0.999285360615371
MOB1B,0.0808476148430681,4.71451731859151,0.0253997621617437,0.873374987560166,0.999285360615371
OPA3,-0.0932438821673463,4.41642814810531,0.0253777566887301,0.873429388567961,0.999285360615371
CYB561A3,0.0622815978362661,5.12641342626631,0.0253232297326917,0.873564292120758,0.999285360615371
TEFM,-0.0749505014633788,4.89291652602308,0.0253184984811341,0.873576004590693,0.999285360615371
MAT2A,-0.0519750982429655,6.12199838497319,0.0252830920954459,0.873663690660415,0.999285360615371
LINC01550,0.0944591196856337,5.06120525093646,0.0252718248720178,0.873691607827237,0.999285360615371
MBD2,-0.0287565404385757,7.29311267156943,0.0252712241160804,0.873693096518965,0.999285360615371
DCAKD,-0.0959617758774138,4.09337207251495,0.0252121851243317,0.873839485560327,0.999285360615371
TADA3,-0.0611055969762542,6.04184536889072,0.0251467117996178,0.874002034372306,0.999285360615371
ATPAF2,-0.113725816134996,4.14785038739444,0.0251231629671977,0.874060551442098,0.999285360615371
CHUK,0.0954335390034327,4.5214097133536,0.0251000875432084,0.874117919405973,0.999285360615371
BCL7C,0.0550600985584367,6.83244836509151,0.0250758633711072,0.874178172371832,0.999285360615371
TIMM9,-0.0525127474640024,5.48093507913035,0.0250165449837567,0.874325841532502,0.999285360615371
FYN,-0.0354943653106607,7.93003810259151,0.0249621683640804,0.874461366224697,0.999285360615371
GMFB,-0.0613811851471926,5.17909991702657,0.0249484037891357,0.874495696131693,0.999285360615371
RARA,-0.0708256612273809,5.4784829107675,0.0249281783931181,0.874546157437273,0.999285360615371
ZNF131,0.0421196244447913,6.24875605905412,0.0249165003478069,0.87457530310469,0.999285360615371
NOB1,0.0748354732889228,5.35018843695308,0.0249149717746917,0.874579118583435,0.999285360615371
SNHG17,0.0312710740439767,4.97684590408262,0.0248995655388349,0.874617580862634,0.999285360615371
ATG5,0.0601778310348182,5.78783181099493,0.0248961011540239,0.874626231516163,0.999285360615371
POLR1E,-0.0820828825145577,4.79004024675025,0.0247727290200537,0.874934697863313,0.999285360615371
DPY19L1,-0.124044491783292,3.93582450704488,0.0247558358414963,0.874976996958244,0.999285360615371
DLEU2,0.0567631434169903,5.56880601611853,0.0245500173261952,0.875493541661257,0.999285360615371
BRD7,-0.0347828025418552,7.17825175141807,0.0245087022261217,0.875597497604812,0.999285360615371
HADHA,0.034713227991381,7.3041306216944,0.0245007938940525,0.875617406570811,0.999285360615371
ERGIC1,0.0595433472733409,5.41444346120902,0.0244877766954197,0.875650184110293,0.999285360615371
TTLL3,0.0818726454837924,4.54421964539169,0.0243997459465533,0.875872081773417,0.999285360615371
TMEM160,-0.0329182010047283,7.23751912952873,0.0243183604734867,0.876077593878975,0.999285360615371
RO60,-0.176218253917505,6.04958582429904,0.0243183401806135,0.876077645165809,0.999285360615371
RNF40,0.0880547841158982,4.57942848262182,0.0242732487483526,0.876191660384964,0.999285360615371
AP2A2,0.0640575053944484,5.55337557393557,0.0242018114051596,0.876372514413361,0.999285360615371
C1QBP,0.0532787786487343,6.92930834423593,0.0241125479953048,0.876598882368165,0.999285360615371
RNF168,-0.0713592205294814,5.78596235030323,0.0240102135298486,0.876858926528411,0.999285360615371
LINC00861,0.0431628661473604,6.85836240010695,0.0239640182942473,0.876976500056491,0.999285360615371
TUT1,-0.12342730437449,4.06527417926907,0.0239448335216537,0.87702536216562,0.999285360615371
CPNE2,0.110420791993577,4.05505107097957,0.0239361669079337,0.87704744192234,0.999285360615371
ENGASE,0.0961329056832137,4.09245035005748,0.0239278340594318,0.877068675211993,0.999285360615371
DNAL1,-0.0845338092819,4.06875284507802,0.0238893030432514,0.877166907010905,0.999285360615371
EPM2AIP1,0.0496974678706775,5.87499671779395,0.0238877990056317,0.877170743080945,0.999285360615371
DCAF16,-0.0623191801431901,5.28017552035268,0.0238579039419093,0.877247016549951,0.999285360615371
FBRS,0.0531617956315646,6.06592437111208,0.0238385841828865,0.877296334497658,0.999285360615371
LRR1,0.108628718613205,4.12699018225641,0.0237557437481009,0.877508035304176,0.999285360615371
GFI1,-0.0717375523164399,5.03063688633943,0.0237553083345894,0.877509149011805,0.999285360615371
EIF4EBP3,-0.179095718916938,3.88186360231292,0.0237526819282081,0.877515867097585,0.999285360615371
TAOK2,0.093453684812245,4.39271875814698,0.0237194518377315,0.877600899219483,0.999285360615371
SPG7,0.0590494402959854,6.30349508092294,0.0236632262538983,0.877744913249734,0.999285360615371
PGK1,-0.0293920060308021,8.01593877704816,0.0236584538033711,0.877757145279681,0.999285360615371
FBRSL1,-0.0698187048366623,4.91252640491001,0.0236417130416875,0.877800062679083,0.999285360615371
MRPL57,0.0315320165113447,7.27618912971487,0.0236174798832494,0.877862215500467,0.999285360615371
HTATIP2,-0.0565936378809113,5.72116422552138,0.0235774107893292,0.877965055724234,0.999285360615371
MLKL,-0.0878645378011591,5.05667224518584,0.0234838260030728,0.878205596804705,0.999285360615371
C16orf87,0.0501955082320751,5.92345393071383,0.0234428787975105,0.878310997710369,0.999285360615371
PPP1R10,-0.0379846550960903,6.74227891687124,0.0234018170207122,0.878416788177331,0.999285360615371
RPL13A,0.0248640823185573,11.8391719913537,0.0233551912599346,0.878537028771675,0.999285360615371
CEP135,-0.0502066643793325,5.46706568526104,0.0233373812514053,0.878582990432817,0.999285360615371
POLR2B,0.0440042317347872,6.39183856081545,0.0231892951948858,0.878965847973601,0.999285360615371
SLC9A8,-0.0932584069436806,4.51219160459943,0.0231840196721471,0.878979510203035,0.999285360615371
UBE2O,0.0693486729197935,4.45570637823158,0.02315477487317,0.879055275475512,0.999285360615371
STT3B,0.0481475691498767,6.58737434855308,0.0230929362507446,0.879215643790204,0.999285360615371
SMPD2,0.105420820792368,4.01939431526189,0.0230268396091233,0.879387297654728,0.999285360615371
HLF,-0.0847380998056364,5.17557313304895,0.0230031209211923,0.879448956842377,0.999285360615371
ZNF124,0.125351435782859,4.14492014244319,0.0229286968094584,0.879642641432204,0.999285360615371
PRPSAP2,-0.0863957070665564,5.24211684929647,0.0228423626994356,0.879867724416028,0.999285360615371
LEMD2,0.0810498758005311,5.00436969996417,0.0226655682023846,0.880330009768129,0.999285360615371
MOSPD1,-0.101216757320276,4.44265806232603,0.0226334504640882,0.880414189467619,0.999285360615371
TANK,0.0336136064756262,7.39948719710416,0.0225741200042009,0.880569853737752,0.999285360615371
PIGN,0.0921090836871701,4.51215698820177,0.0224811436287808,0.880814215545509,0.999285360615371
RABL2B,-0.0763694533936713,4.75141089985594,0.0224683093937408,0.880847987214671,0.999285360615371
NF1,-0.0768667722606591,5.03832874285392,0.0223830378823777,0.881072619307656,0.999285360615371
ZNF655,-0.0403213578927707,6.38375372583658,0.0222169453943657,0.881511418772254,0.999285360615371
SEC22B,-0.045245078355147,6.1298372862378,0.0222028611504825,0.881548704914778,0.999285360615371
PABPC4,-0.0554145400326721,6.2988389940736,0.0221998563306318,0.881556661335956,0.999285360615371
MIR762HG,-0.0773362644529647,4.31634825026644,0.0221780003165648,0.881614550144688,0.999285360615371
SON,0.0191405286701462,9.15415897670504,0.0220152990994578,0.882046407352337,0.999285360615371
DNAJC1,0.0368097706304609,6.67291932667311,0.0219804258011855,0.882139183451548,0.999285360615371
ALG8,0.0759016997615791,4.99093512926703,0.0219402598026619,0.882246133379025,0.999285360615371
CRBN,0.0353515962432183,6.55517900990747,0.0219193803195878,0.882301768660121,0.999285360615371
RMDN1,0.0564893470550404,5.29004907827459,0.021890075685473,0.882379899215271,0.999285360615371
C6orf47,0.0640478215119025,4.83469922739807,0.0218762778079622,0.882416704933841,0.999285360615371
PSME3,0.057997249050472,5.06478334101308,0.0218187865688186,0.88257019013413,0.999285360615371
ZFAND6,-0.0427859375155126,6.43780930399292,0.0217828560138003,0.882666219401025,0.999285360615371
POLR1C,-0.096651943455499,4.45727551716525,0.0217225760871642,0.882827507602445,0.999285360615371
COL5A3,-0.118442509362622,4.31234940501086,0.0217059488358373,0.882872036588036,0.999285360615371
SETD3,0.0527086487440282,5.44485166866723,0.0216959701518711,0.882898768594991,0.999285360615371
METTL9,0.0280713736285926,7.05104600906077,0.0216847334545029,0.882928878227563,0.999285360615371
ACLY,0.0571124850965406,5.56047760201391,0.0216398867928902,0.883049127913046,0.999285360615371
CORO2A,0.0704201191159118,4.74051119132985,0.0215837893001698,0.883199724387973,0.999285360615371
ATXN10,0.0499070737906482,5.68848451086631,0.021559571298539,0.883264800585512,0.999285360615371
MRPL15,-0.069434064489938,5.09961532966385,0.0215530301975591,0.883282383582938,0.999285360615371
COX7B,-0.0244166814108365,8.27754157471938,0.0215305068715601,0.883342948927248,0.999285360615371
AHNAK,-0.0441875788191465,9.03594950871981,0.0215242631058779,0.883359744174909,0.999285360615371
ICE1,0.0474664285265367,5.87460829886211,0.0214819367572936,0.88347366445604,0.999285360615371
CDCA4,-0.0629991758773407,4.92769470806581,0.0214744431721599,0.88349384518938,0.999285360615371
PPIL1,0.0836003283730076,4.67142904701399,0.0214497671444462,0.883560324841351,0.999285360615371
HMGB1,0.0252626861561625,10.291487310046,0.0214453356358568,0.883572267898945,0.999285360615371
CCDC7,0.0764155283395143,4.70715160583636,0.021391342896024,0.883717881415226,0.999285360615371
CSNK1A1,0.0262024300499602,7.75215263004988,0.0213590252641218,0.88380512894372,0.999285360615371
VAMP1,-0.0732237095081316,4.98620995947958,0.0213500393807706,0.883829400003212,0.999285360615371
RBFA,0.0617760381345515,5.07411194408813,0.0212700304847289,0.884045736125954,0.999285360615371
CASP9,0.102558634207273,4.04101914022695,0.0212469362082821,0.884108258013738,0.999285360615371
IFT57,-0.0594702636121207,5.12079238033043,0.0212069526343406,0.884216585486636,0.999285360615371
CAMK1D,-0.0521405044030268,5.3034212201796,0.0211866577844049,0.884271610212893,0.999285360615371
ZNF335,0.0739556913072064,5.27004969131974,0.0211365817389151,0.884407494902769,0.999285360615371
MTFMT,-0.0989782663761618,4.12938281354998,0.0211138569654707,0.884469214310136,0.999285360615371
POR,-0.0617839580006246,5.18416229275194,0.0210961004126489,0.884517463873365,0.999285360615371
TADA2A,-0.0965331048200371,4.50065426270148,0.0210863527568392,0.884543959819624,0.999285360615371
DYNC1LI2,0.0493924785818546,5.99598023257805,0.0210495502122257,0.884644052415643,0.999285360615371
UCP2,0.0428702294209362,8.09266381489984,0.0210242631635289,0.884712877885367,0.999285360615371
DDAH2,0.0577457210211387,5.55126886103629,0.0210113305481983,0.884748093792459,0.999285360615371
LIME1,0.0673885957485501,7.4520924597697,0.0210016072599402,0.884774577891623,0.999285360615371
ACTR3,-0.0253728626386611,8.48563326070402,0.0209386697036003,0.884946157554241,0.999285360615371
ERGIC3,-0.0432814627297733,6.17845899007243,0.0208758839158989,0.885117585983176,0.999285360615371
TRDMT1,0.0764218399585499,4.94342546389591,0.0208113813227691,0.885293976214521,0.999285360615371
RCAN3,0.0280888376446547,7.49192948562868,0.020632296934977,0.885785172395065,0.999285360615371
MSC,-0.105766990036059,4.63875842302138,0.0206302562981833,0.885790782005511,0.999285360615371
GPR137,-0.0742498813956468,4.99382841042251,0.0204867553685482,0.886185971557505,0.999285360615371
NRAS,0.0601370105032346,5.15504562602222,0.0204819311262519,0.886199281618256,0.999285360615371
SCMH1,0.0922538739353276,4.10288244006683,0.0204630366440526,0.886251426808927,0.999285360615371
SPATA13,0.0436306481952962,6.39251048525938,0.0204602715052538,0.88625906012844,0.999285360615371
ZNF226,-0.0660008028776393,5.205294617351,0.0204429591360729,0.886306863855806,0.999285360615371
OSBPL2,-0.0631380586725285,4.98308175682395,0.0204316283677635,0.886338162089841,0.999285360615371
PLAA,-0.0864290410746364,4.49472485266114,0.0203646858073689,0.886523254096385,0.999285360615371
KMT2E-AS1,-0.0445891740124115,5.83755895081058,0.0203500155943637,0.886563857769324,0.999285360615371
ADNP,-0.0424345604996463,5.93774580499717,0.0203477357266877,0.886570169243302,0.999285360615371
SMIM8,-0.0776843446021228,4.75726260903394,0.020312454783582,0.886667885306627,0.999285360615371
DAAM1,0.062295962023228,5.39491630665429,0.0203007807234528,0.886700237495795,0.999285360615371
NBPF19,-0.0699505653845734,4.91096921161502,0.0202676111230105,0.886792211858478,0.999285360615371
ITGA1,-0.0401885607269876,5.87887345697133,0.0202407459874436,0.886866761175721,0.999285360615371
CCR6,0.0512676928290787,6.49860715155851,0.0202025968021893,0.886972709911153,0.999285360615371
ARMH1,0.0701778937441694,5.07639242725448,0.0201938396732082,0.886997044796096,0.999285360615371
TMEM256,0.0391913503004389,6.32078407828306,0.0201787556995718,0.887038973757277,0.999285360615371
TMEM167A,-0.0325410551483012,7.33615200636738,0.0201444366449586,0.887134430130702,0.999285360615371
DNAJC5,0.064402283628024,4.84917307040548,0.0201256017598332,0.887186853480166,0.999285360615371
SDR39U1,0.0589090997496891,5.01124869193793,0.0200988328505964,0.887261402764134,0.999285360615371
AGO3,0.0454363897473187,6.14977114857743,0.0200750089351978,0.887327793077615,0.999285360615371
METTL14,-0.0535606046080231,5.33400807222522,0.0200066630440396,0.887518476486478,0.999285360615371
MRPL30,0.0648636013493572,4.74159416364824,0.019981885586704,0.887587687036294,0.999285360615371
INSIG1,-0.0470457466885592,5.73354138678945,0.019981270353739,0.887589406115265,0.999285360615371
ASMTL,-0.0801321043018008,4.9810873335587,0.0199701688567515,0.88762043046778,0.999285360615371
POLR3C,0.0930784076908039,4.2676406888257,0.0199436881999091,0.887694469102289,0.999285360615371
CARD16,-0.0301515884058476,7.30020833829088,0.0198794832098166,0.887874191549051,0.999285360615371
USPL1,-0.0799339789393079,4.44572473760737,0.0197704188881573,0.888180163904175,0.999285360615371
PPP3CA,-0.0530546558812405,6.52598219514474,0.0197197314073243,0.888322657018897,0.999285360615371
PPM1A,-0.0475744877996369,5.69211646049953,0.0197167520075645,0.888331038542837,0.999285360615371
STX6,0.0832683965127787,5.31609399074182,0.0195802890390837,0.888715625006232,0.999285360615371
MRPS5,-0.0384356126291476,6.70017170952642,0.0195329225161238,0.888849434906935,0.999285360615371
CDK10,0.0637194452855316,4.96230687160528,0.0195279181134396,0.888863581945691,0.999285360615371
CD2AP,-0.0423384475039403,5.63221241948713,0.0195001509960271,0.888942110922115,0.999285360615371
COPS4,-0.0584008254234179,5.17233700720386,0.0194797727678022,0.888999779443505,0.999285360615371
ARHGAP11A,0.105130385172329,4.16253108289983,0.0194483333153705,0.889088810570329,0.999285360615371
SNRPE,0.0370999627892555,6.98462273434194,0.0194356668844762,0.889124700456631,0.999285360615371
ARL8A,-0.0546716608779639,5.8630968348204,0.019408805669535,0.889200850234809,0.999285360615371
TTI2,-0.0755093631371703,4.58895931800714,0.0193579497879703,0.889345170583989,0.999285360615371
VCPKMT,0.0739676447633923,4.4611560304517,0.0192704648583373,0.889593890821321,0.999285360615371
PIM1,0.0490905089530624,7.77096562381434,0.0192117907643983,0.889761024189499,0.999285360615371
MYL12B,-0.0258464397659019,9.46164721860903,0.0191904247296932,0.889821950012215,0.999285360615371
SEC22A,-0.0864470626952252,4.25020783185953,0.0191309038382386,0.889991857946318,0.999285360615371
THUMPD2,0.0890743928777404,4.63099434775207,0.0191011097132403,0.890077009221999,0.999285360615371
MRPL42,0.036559134871601,6.31981860030129,0.0190552126981594,0.890208314916254,0.999285360615371
SMIM13,-0.0683161955493139,4.74485029723911,0.0190330879177196,0.890271668745391,0.999285360615371
XIST,0.0572486866398592,8.25317350566459,0.0189554726230838,0.890494215686467,0.999285360615371
DMWD,0.0707186281899439,4.77209458429808,0.0189237519353398,0.89058530228251,0.999285360615371
UBE2J1,0.0427352156098226,5.68431633944709,0.0189041825403571,0.890641534996877,0.999285360615371
PHF14,-0.0411444406566016,6.52570778146304,0.0188777118386696,0.890717645845196,0.999285360615371
PTCD1,0.104681656100189,3.79596083995113,0.018864266123952,0.890756326948369,0.999285360615371
FBXO22,0.0526118156746654,5.62631371070525,0.0188258656649261,0.890866876135727,0.999285360615371
CRCP,0.0477205608503661,5.53223807677657,0.018743296382052,0.891104970473664,0.999285360615371
AKAP17A,0.0554527183543699,5.9271865509175,0.0186892162982595,0.891261203865209,0.999285360615371
CLIP4,0.0560044823041508,5.1026255201599,0.0186615413121523,0.891341243940911,0.999285360615371
ANKRD27,-0.0677589728516055,4.52903685282266,0.0186192923548916,0.891463550741633,0.999285360615371
RBPJ,-0.0396688726810579,8.91213953604315,0.0185954296937751,0.891532693393618,0.999285360615371
PRR12,-0.0517448119291626,5.22549061368563,0.0185827410490873,0.89156947745926,0.999285360615371
VPS45,0.0527353930305658,4.95988532075389,0.0185162609375311,0.891762411070545,0.999285360615371
IMP3,-0.0363242719324398,6.80561328539464,0.01848099625537,0.891864896800097,0.999285360615371
DPH5,-0.0603378340326753,4.94082068777519,0.0183815898556823,0.892154327505855,0.999285360615371
CYBA,0.0187474430820298,9.57649858801933,0.0183774121838134,0.892166508604944,0.999285360615371
UGCG,0.0414892909118029,6.2538847000289,0.018356792661109,0.892226650900664,0.999285360615371
CDC42EP3,0.0371905450538082,6.98985092117488,0.0182684711875325,0.892484653909677,0.999285360615371
UFSP2,-0.0538376012220862,5.31030984456093,0.01825034832898,0.892537672531253,0.999285360615371
TNRC6C,0.0414043589604235,6.09920226259629,0.0182177388794074,0.892633139385276,0.999285360615371
SDF2,0.0466178615380123,6.08201788506806,0.0181536163062006,0.892821117576015,0.999285360615371
ASB2,0.0715769513079255,4.8583643540284,0.0181007718844981,0.892976287579368,0.999285360615371
GFOD2,-0.0664922040906378,4.65238480436696,0.0180997805455085,0.892979200705084,0.999285360615371
VAV1,-0.0529059299070861,5.44057710209239,0.0180795481825271,0.893038672810796,0.999285360615371
FBXO6,-0.0721168358875137,4.71402599336422,0.0180233894007138,0.893203926733865,0.999285360615371
APAF1,-0.0633668785842979,4.95174251391327,0.0180185224391103,0.893218260683488,0.999285360615371
SAC3D1,0.0782524944916435,4.72197767076142,0.0179922292096109,0.893295732388516,0.999285360615371
CHID1,-0.0577841192079952,5.02119625665107,0.0179086813331466,0.893542285310283,0.999285360615371
RCSD1,-0.0545107502418738,6.77806846263233,0.0178235687505435,0.893794058441926,0.999285360615371
SNAP23,0.0498987479098425,5.88389062530516,0.0177958606037301,0.893876154398549,0.999285360615371
HECA,0.0417742921462166,6.55192568619448,0.0177637990954231,0.89397123007384,0.999285360615371
TOMM20,0.022104185133451,7.96454179133816,0.0177394196908764,0.894043583584141,0.999285360615371
PTK2B,0.0409932314766811,6.3156634177513,0.0177012058900665,0.894157096885953,0.999285360615371
SPAG9,0.033626838889744,6.53158058863041,0.017692241324248,0.894183743995102,0.999285360615371
AAMP,-0.0500950538556304,5.39344622352157,0.0176792526189082,0.894222365022523,0.999285360615371
ANXA6,-0.036830126986216,7.22155301639454,0.0176539284042221,0.894297706382939,0.999285360615371
CEP120,-0.0621338258391956,4.7877406834454,0.0176156526449098,0.89441168396689,0.999285360615371
NEMF,-0.0462250043737696,6.566094114643,0.0175502386423645,0.894606765910801,0.999285360615371
SERGEF,0.0824880283956454,4.59233373851865,0.0175476562084391,0.894614474999499,0.999285360615371
BCCIP,-0.0492754905587903,5.57327150097654,0.01753634348551,0.894648252575026,0.999285360615371
FRG1,-0.0412248518830148,6.62950779889276,0.0174999675915828,0.894756939072062,0.999285360615371
BTG2,-0.0563117765791251,7.45949813874785,0.0174555566476222,0.894889789206694,0.999285360615371
SIRPG,-0.0558848884496248,5.96469867794562,0.0173478536025833,0.895212686153882,0.999285360615371
WHRN,0.102656519323993,3.97185574158867,0.0172878717223881,0.895392955811501,0.999285360615371
LGALS1,0.0538456511356764,8.61824683495907,0.0172294861177384,0.895568733826574,0.999285360615371
CDK4,0.0814548466689877,5.07365723452135,0.0172018221598762,0.895652125813061,0.999285360615371
KAT8,0.0500614707338546,5.15939657594365,0.0171962902779192,0.895668809649972,0.999285360615371
MAP2K5,0.0917686449545241,4.04382482255551,0.0171199385827983,0.895899361389843,0.999285360615371
RCL1,0.0854291836560885,4.17637550913837,0.0171154472235777,0.895912939776864,0.999285360615371
RELA,-0.045253457989311,5.67897752778768,0.0170891819850745,0.895992381797299,0.999285360615371
RASA2,-0.0307973697671716,6.47943479711425,0.017063400591983,0.896070420785683,0.999285360615371
PGRMC1,-0.0573052615412653,5.13552316390134,0.0170610855389377,0.896077431268535,0.999285360615371
NUTF2,-0.0498127944889116,6.40966823190383,0.017029340212332,0.896173611845361,0.999285360615371
PBX2,0.058881728088298,5.1238537626163,0.0169838921585281,0.896311467174428,0.999285360615371
ZNF106,0.0342394989155649,6.76126023400229,0.0169175945203612,0.896512901348283,0.999285360615371
MDP1,0.0787897480945249,4.42640194840758,0.0169069680516181,0.896545225377342,0.999285360615371
RGL4,-0.0716377951246135,5.89842273953791,0.0168664498043398,0.896668570330488,0.999285360615371
DYNC1I2,0.0286242524488246,7.15229280918574,0.0168412864704237,0.896745247965665,0.999285360615371
NVL,0.0650118060509618,4.70015747996201,0.0168363052680185,0.896760433575664,0.999285360615371
BRAT1,-0.0712709674911676,4.57232423184374,0.016795711286445,0.896884272961643,0.999285360615371
TMED8,-0.0570828221372523,5.24966954165844,0.0167712877608679,0.896958854733924,0.999285360615371
DTWD1,0.0528879511876641,5.15331725884813,0.0167421234355842,0.897047985789262,0.999285360615371
PRPS1,0.0551749070848956,5.48634315416529,0.0167073267446547,0.897154433628223,0.999285360615371
NDUFC2,0.0218486729860812,7.88806994585988,0.0167055118478459,0.897159988736925,0.999285360615371
ZNF264,-0.046387657275474,5.46124599380236,0.0166907063571031,0.897205317439459,0.999285360615371
SREK1,-0.0303666185469434,6.66840563357997,0.0164809835420847,0.897849616602807,0.999285360615371
SLC1A5,0.0503676395493746,5.94098084797337,0.0164669555936108,0.897892860799202,0.999285360615371
TNRC18,-0.0506148093218391,5.18287855735675,0.0163150374178578,0.898362386146631,0.999285360615371
FAM204A,-0.0309380849989353,7.03170302149997,0.0162806811000351,0.898468877028058,0.999285360615371
SMARCA2,0.0285045849144306,7.13225070232704,0.0162804245843873,0.898469672553507,0.999285360615371
TAF1C,-0.106694669157033,3.95077398097461,0.0162317902573399,0.898620616204516,0.999285360615371
NDUFV2,-0.0328503803311491,7.90071352101912,0.0162283089826616,0.898631429650704,0.999285360615371
TUBD1,-0.0637351772886971,4.6172453285295,0.0161183068187754,0.898973724616871,0.999285360615371
SSBP3,0.0692965649420643,5.40449262152282,0.0160051508753405,0.899327073897542,0.999285360615371
ANKRD52,-0.0675152017140347,4.30950550921412,0.015996201464322,0.899355074079516,0.999285360615371
ZC3H4,0.046012213827134,5.47869334476768,0.0159731952289519,0.899427090643589,0.999285360615371
ASCC2,-0.0451666897961976,5.59740770107643,0.015886386660025,0.899699303681049,0.999285360615371
SLC35A4,-0.0651889783360832,4.65980535377474,0.0158207137092354,0.899905742331317,0.999285360615371
MBNL1,0.0154214517459104,9.01339246895753,0.0156957701125435,0.90029969966667,0.999285360615371
RALGDS,0.0333264616085045,6.64562911613191,0.0155872850282925,0.900643055681232,0.999285360615371
HARS2,-0.0830144193872291,4.07952660397623,0.0155860212278007,0.900647062756977,0.999285360615371
TMEM123,0.0277592804994159,7.83383253372766,0.0155718156790812,0.900692115010564,0.999285360615371
ABHD14B,-0.0517347048712129,5.78978598304964,0.0155382341015802,0.900798700513095,0.999285360615371
PSMD9,-0.0371887095427835,6.47015555256056,0.0155282351637673,0.900830459013586,0.999285360615371
MTX1,0.0561457301419463,5.08110421718167,0.0155100388889053,0.900888280446684,0.999285360615371
DCTPP1,0.0550313110324045,5.72439041569822,0.0154656590255975,0.90102944883051,0.999285360615371
THEMIS2,0.133756784356177,4.66121506154729,0.0154420837112568,0.901104523456586,0.999285360615371
MRPL2,0.0546766896490929,5.28895494102717,0.0153916684816586,0.901265264224471,0.999285360615371
MCOLN2,-0.0489184762361338,4.85049161987336,0.0153211233509651,0.901490635284978,0.999285360615371
RRAGA,-0.0406926348533358,5.82753260883533,0.0152092131343728,0.901849239138585,0.999285360615371
ZBTB44,0.0341644380715572,6.30268868414441,0.0151332720549675,0.902093347246876,0.999285360615371
RETREG3,-0.0434092874213421,5.56264190629911,0.0151285740847626,0.902108468994147,0.999285360615371
AGAP2,0.0531887533609724,5.18552531857633,0.0150494842207429,0.902363400834679,0.999285360615371
ZNF839,-0.0740656851832771,3.92678255885501,0.0150097238753482,0.902491817948074,0.999285360615371
TMEM14C,0.0310152516629633,6.65729506386207,0.014981778951892,0.902582177201819,0.999285360615371
RICTOR,0.0257105525021788,7.01601478625256,0.0149746024996347,0.902605395892074,0.999285360615371
DHRSX,0.0846937454606292,4.72766174008022,0.0149547696356969,0.902669592514148,0.999285360615371
ALG5,-0.0408821053704681,5.65881241193749,0.0148852595106632,0.902894930272358,0.999285360615371
SELPLG,-0.032915523914592,7.24237347648089,0.0148802926162652,0.902911052359584,0.999285360615371
PRDM8,0.0788763876676373,4.42852674192205,0.0148678401766347,0.902951483854569,0.999285360615371
MDH2,0.032655603122192,6.8446304859018,0.0148578985734318,0.90298377531861,0.999285360615371
EIF2AK1,-0.0491430474908315,6.14825340422169,0.0148229356124787,0.903097426181627,0.999285360615371
CDCA7,0.0623885221579441,5.23106642803633,0.014821274988158,0.903102827601447,0.999285360615371
ZNF518A,-0.0362634712503023,5.76426942377544,0.0148066539106466,0.903150398022788,0.999285360615371
TBC1D14,-0.0547375344042517,4.91235987352259,0.0147090755873016,0.903468486270726,0.999285360615371
ZRANB1,0.0622280096408322,4.98396986485281,0.0146835929158478,0.903551731486444,0.999285360615371
PUS7L,-0.0342728223706713,5.95158366184294,0.0146699793488523,0.903596233483846,0.999285360615371
ARF6,-0.0247425249196208,8.13611851422248,0.0145777210451037,0.903898374498419,0.999285360615371
ATG16L1,0.0583536319894814,5.04388227959871,0.0145341316429572,0.904041464865326,0.999285360615371
MPPE1,0.055540740764786,5.27421112271877,0.0145075140758237,0.904128949080404,0.999285360615371
LYRM7,0.0511677391975293,5.09380858009143,0.014488910493629,0.90419014200244,0.999285360615371
MED12,-0.0642945605974407,4.51309152068266,0.0144660725001202,0.90426531772975,0.999285360615371
TMEM126B,-0.0354278181609436,6.24114213848712,0.0144523697314227,0.904310451974069,0.999285360615371
CCL3,-0.110015113939928,5.86586741506052,0.0144454997761727,0.90433308843433,0.999285360615371
KLF11,-0.0707812099452218,3.95998519604345,0.0144436326080708,0.904339241685403,0.999285360615371
ILVBL,-0.0779521562496709,4.21348853475042,0.0144145698302189,0.904435070113467,0.999285360615371
PTPN9,-0.0449626904406427,5.4047090306767,0.014388425826219,0.904521358258942,0.999285360615371
SMG7,0.0406153667796216,5.59564414603428,0.0143282748470099,0.90472018869226,0.999285360615371
CTSO,-0.0740094201669868,4.18577599124932,0.0143173848554738,0.904756231037024,0.999285360615371
GTF2E2,0.0582957324528976,5.64349375083386,0.0142988750652684,0.904817524361288,0.999285360615371
ZNF566,-0.0657987881476924,4.28807101490354,0.0142918113194241,0.904840925858632,0.999285360615371
IFI44,0.0440323739972764,6.54056429304167,0.0142498552924302,0.904980043114246,0.999285360615371
USF1,0.0682771278127923,4.53647062550379,0.0142429844764678,0.905002845061888,0.999285360615371
AAK1,-0.0260132190307613,8.25667449225394,0.0140846106342849,0.905529989643446,0.999285360615371
COA6,0.0457519147980685,6.14479541456769,0.0140590811015251,0.905615245020619,0.999285360615371
MSL2,-0.0429418534896518,5.45296239794964,0.0140306720229866,0.905710208911381,0.999285360615371
DAPK2,-0.0824226057721629,4.65451528019922,0.014007234945538,0.905788626157193,0.999285360615371
FAAP100,-0.0767759176158136,4.21122415933536,0.01399085334603,0.90584347624706,0.999285360615371
PWWP3A,-0.011306466046164,5.15264332033003,0.0139883726216326,0.905851785231166,0.999285360615371
MEF2D,0.0413779739348368,5.56369654520082,0.0139345455558129,0.906032258913492,0.999285360615371
ECH1,0.0268694355527783,7.18049133394015,0.0139261652721672,0.906060388461403,0.999285360615371
QDPR,-0.0700971467968518,4.5877859927197,0.0139069013818371,0.906125082851123,0.999285360615371
TCEANC2,-0.0618642358495948,4.46176863689328,0.0138788821016433,0.906219261827724,0.999285360615371
TBRG4,-0.0570579703531906,4.86135762962265,0.0137821796546511,0.906545042647878,0.999285360615371
NOP2,0.0771439809739472,4.38507334316862,0.0137770661855541,0.906562301616122,0.999285360615371
NCOA2,0.0375114007649324,5.75800077098384,0.0137538594900875,0.906640669634721,0.999285360615371
STX16,-0.0355080988128453,6.70781150716925,0.0137450423587566,0.906670462278789,0.999285360615371
DYRK1B,-0.0730310716239889,4.38383838139932,0.0137382883843067,0.906693290172064,0.999285360615371
GALNT6,-0.0544845616200625,5.14298205274722,0.0136986265419345,0.906827458960736,0.999285360615371
COX7A2L,0.0251261861155749,7.37676325544865,0.013684484678496,0.906875345917541,0.999285360615371
CLDN15,-0.0732288811470803,4.27202166846619,0.0136478557812758,0.906999494859766,0.999285360615371
SEL1L,0.0342737200593357,5.95623018015412,0.0136171347922556,0.907103749979557,0.999285360615371
DNAJB11,0.0407312779972142,5.77422804062538,0.013559211388916,0.90730064431255,0.999285360615371
TYW5,0.0542383429133848,4.9197121387205,0.0135167994984364,0.907445082073937,0.999285360615371
FAM174A,-0.069878254144751,4.19341137850743,0.0134779528039779,0.907577579870317,0.999285360615371
OBSCN,-0.0612267131553608,4.45197618688789,0.0134639641716845,0.907625339494931,0.999285360615371
SYNJ2BP,-0.0658310172201541,5.27461253498819,0.0133197476651787,0.908119193108959,0.999285360615371
AGER,0.0792905231147853,4.19122145643867,0.013207364415031,0.908505918336581,0.999285360615371
ASB6,-0.0555575339107408,4.52977073976698,0.0131879215809221,0.908572992558942,0.999285360615371
SGK1,0.0910902176649059,4.96105317150113,0.013185811895486,0.90858027359984,0.999285360615371
UBE4A,-0.0345919567015225,5.70594579890299,0.0131686529719897,0.908639515178638,0.999285360615371
ELK3,-0.0322257525091548,6.47448269701868,0.0131230978455186,0.908796985292092,0.999285360615371
LIN7B,0.0753019668268624,4.20304017631784,0.0131109957605524,0.908838865025705,0.999285360615371
PML,-0.054186265611186,5.41891548931729,0.0130942341985119,0.908896901415733,0.999285360615371
HIVEP2,0.0418545795068776,5.92869706362491,0.013070556215542,0.908978949864808,0.999285360615371
PAQR3,-0.0812694020913811,4.00390801799673,0.0130588026911767,0.909019705892669,0.999285360615371
SDAD1,-0.0349250949593796,5.83514796253264,0.0129613131043449,0.90935847543043,0.999285360615371
SATB1,-0.0457545936172658,6.52609799348865,0.0128637394691538,0.909698831738436,0.999285360615371
DOCK9,0.0538386709478213,4.90563427277856,0.0128569540919017,0.909722549032566,0.999285360615371
ZNF644,0.0264699847137803,6.64277898257631,0.0128259403020259,0.909831033988224,0.999285360615371
VPS26C,0.0433784927033048,5.35171958062206,0.0127628467523806,0.910052143405844,0.999285360615371
MYO9A,0.0479727611485302,5.12383966781069,0.0127516493302728,0.91009144221816,0.999285360615371
USP33,-0.0326092277960456,6.05089678231894,0.0126547969282349,0.910432090203295,0.999285360615371
CHPF,0.0787854190814959,4.07552475073374,0.0125517183769119,0.910796089980326,0.999285360615371
PI4K2A,0.063128858494125,4.30307252408016,0.0125480305658314,0.910809140682243,0.999285360615371
TPRKB,-0.0327847481411449,5.97775222700529,0.0125476926045174,0.910810336782167,0.999285360615371
EOGT,0.0704533756789803,4.0040033209926,0.0125183683298289,0.910914182324567,0.999285360615371
PPP1R12C,-0.0451554061939818,5.03109285967298,0.012497251948389,0.910989037688572,0.999285360615371
SGPL1,-0.0536642727634696,4.62408730066357,0.0124860140676084,0.911028900907561,0.999285360615371
BROX,0.0407054831629436,6.14641272256522,0.0124724171290502,0.911077156510453,0.999285360615371
BCAS2,0.0408333230916183,6.08836840773617,0.0124456225605734,0.911172328580534,0.999285360615371
CASP8AP2,0.0345346837587634,5.79860385455632,0.0124356161533221,0.911207897101108,0.999285360615371
PEX19,-0.0642999977959156,4.50526492638977,0.0123271768277817,0.911594285894184,0.999285360615371
LENG1,-0.0403721444158864,5.67414024250516,0.0122639477730928,0.911820376736486,0.999285360615371
DOLPP1,0.0999235323622851,3.82015848081898,0.0122493812360531,0.911872546486118,0.999285360615371
PTPN13,-0.0835541565138411,5.09787739211332,0.0122363317043224,0.911919309783602,0.999285360615371
MAVS,-0.0479938913105423,5.29240541392947,0.0121901154403048,0.912085130152064,0.999285360615371
DHPS,-0.0354160213747121,5.90739563254895,0.0121659617327623,0.912171918380365,0.999285360615371
CD4,-0.0295004326814928,7.35938273960219,0.0121563141513441,0.912206608089782,0.999285360615371
LRBA,0.0472269965979608,6.12589786966408,0.0121388915619853,0.912269289633492,0.999285360615371
USE1,0.0493076895920732,5.60611679650865,0.0121339330782995,0.912287137175261,0.999285360615371
LRRC37A2,0.0646386459212347,4.18606399167872,0.0121323443175889,0.912292856533483,0.999285360615371
ENO1,0.0197361008888066,8.69356554906733,0.0121316095765067,0.912295501646154,0.999285360615371
ST3GAL2,0.0543355991346229,4.79985404769111,0.0121072432066036,0.912383268033327,0.999285360615371
ETS1,-0.0158997610956441,9.36434112240872,0.0120626937123944,0.912543964397661,0.999285360615371
ZNF146,-0.0448604169381796,5.3805883907507,0.0120560743447342,0.91256786700896,0.999285360615371
HSD17B7,0.0516792995105267,4.77927082843266,0.0120328578607172,0.912651754531124,0.999285360615371
CNDP2,0.0385538311985914,5.85712879906624,0.0120304534651687,0.912660446949949,0.999285360615371
ANXA7,0.0252130590964339,6.75496281389705,0.0120260697250423,0.912676297397601,0.999285360615371
TRIM14,0.0345982593327479,6.09266817212396,0.0119870832729845,0.912817390938662,0.999285360615371
RNF41,-0.0443406729644479,5.1211785241345,0.0118659445360194,0.91325728484854,0.999285360615371
C8orf33,0.0392704429220196,5.4897271966841,0.0118621564311745,0.913271077231873,0.999285360615371
NFE2L2,0.0280782010332722,6.63089142380162,0.0118235371957915,0.913411816142434,0.999285360615371
SRGAP2C,-0.0525138565555976,5.15359142989691,0.0117860603550071,0.913548614380453,0.999285360615371
ATG4B,-0.0404055172797513,5.35211044186758,0.0117423203952924,0.913708552892078,0.999285360615371
ADK,0.0610012359849945,5.48519655615601,0.0117234300435172,0.913777720086369,0.999285360615371
MRPL36,-0.0346701840226696,6.10802035780631,0.0117173024424275,0.913800168461834,0.999285360615371
LACTB,0.0535986578836957,5.23210909370506,0.0115595342267198,0.914380208351063,0.999285360615371
CCDC30,0.0754373701426328,3.82392308588334,0.0115447467298431,0.914434779740064,0.999285360615371
NTAN1,-0.0495916019410424,5.69077475084902,0.0114522418483958,0.914776962597523,0.999285360615371
TMBIM1,0.0397868039999275,5.8300993267687,0.011426450180565,0.914872616995235,0.999285360615371
HAUS8,-0.0772571662303593,4.13494928546899,0.0114173709718735,0.914906315331449,0.999285360615371
MYC,0.0498559103509477,5.38472427002129,0.0113363705152807,0.915207557911075,0.999285360615371
CCT7,-0.0304003015375651,6.70895786144661,0.0112689429662218,0.915459153670111,0.999285360615371
TTC9C,0.0407924915727277,5.22368059429489,0.0112650184353384,0.915473820878066,0.999285360615371
TAF6,-0.0550800963404605,4.97606208046655,0.0111652578270949,0.915847529042796,0.999285360615371
SLC44A2,0.0411800803154083,5.70139608820381,0.0111096754583784,0.916056475869051,0.999285360615371
PLA2G6,-0.0726883031059959,3.92374736988523,0.0110828027915559,0.916157685884766,0.999285360615371
COX19,0.0372186448076144,6.10678795213128,0.0110639808413566,0.916228648536407,0.999285360615371
AP4S1,0.0710719786900982,4.35925455649295,0.0110152670393582,0.916412593539626,0.999285360615371
SC5D,0.045722579763326,5.12074132114237,0.0109927070590032,0.916497920115854,0.999285360615371
DCLRE1C,0.0376944572985065,5.49541896386009,0.0109901432693533,0.916507622505129,0.999285360615371
EIF3G,-0.0224012571361354,8.01948308725941,0.010987209155978,0.916518727749222,0.999285360615371
SNHG8,-0.0257367456070881,7.95912396357083,0.0109609938642272,0.916618015885062,0.999285360615371
SYNC,-0.0351451633421351,5.4897775350291,0.0109587980768566,0.916626337684066,0.999285360615371
FH,-0.0543309465952885,4.5411657152273,0.0109373329029161,0.916707732827895,0.999285360615371
SIN3A,-0.0351986200515648,5.90491937109926,0.010706433767556,0.917588451552743,0.999285360615371
ZNF514,0.0629002211907799,4.38225282931383,0.0106377660339518,0.917852218873094,0.999285360615371
AP1S1,0.0418802742969929,5.38098338796211,0.0106225304086465,0.917910858663567,0.999285360615371
RACGAP1,-0.0674233789595718,3.89833228495985,0.0105689351068463,0.918117477924683,0.999285360615371
PLXNC1,0.0624097010008732,4.82173168305443,0.0104679479066334,0.918508244950068,0.999285360615371
ZNF331,0.0419982077748221,5.37565548346906,0.0104559219665177,0.91855490565902,0.999285360615371
PRKAG1,-0.0369733918287578,5.45035126801858,0.0104091503764678,0.91873663796149,0.999285360615371
DDX52,0.0296466961184965,6.07092088040072,0.0103542630058691,0.918950431284527,0.999285360615371
KIAA1586,-0.0522824759442535,4.46727986556209,0.0103480500829605,0.918974667447944,0.999285360615371
CRLF3,-0.0305045426131229,6.23861660685231,0.0103437357601877,0.918991501634275,0.999285360615371
FAM117A,0.0353769905644082,5.58860243470876,0.0103414293643631,0.919000502484771,0.999285360615371
PPAN,0.0507867522884802,5.11463664275298,0.0102856513644269,0.919218489166192,0.999285360615371
SCAMP3,-0.0375419753610373,5.6415201606251,0.0101938082156714,0.919578727688527,0.999285360615371
SRP9,-0.020833164633249,7.48832526820458,0.0101611353873281,0.919707276176858,0.999285360615371
PSMB7,-0.023129789054116,6.76934149912416,0.0101547308553833,0.919732498728837,0.999285360615371
NMB,0.0615490841978522,4.63663486994891,0.010129114200538,0.919833463562665,0.999285360615371
PDCD10,0.0218036021852465,7.18894650027964,0.0101241301798325,0.919853122436488,0.999285360615371
NBL1,-0.0462144641552998,4.90834967590657,0.0100906058809507,0.919985482233722,0.999285360615371
CD2BP2,-0.0340991469617976,5.99087487601275,0.0100825655410866,0.920017259908447,0.999285360615371
PCNT,-0.0480873545075196,5.17029377122406,0.0100745671737599,0.920048884396743,0.999285360615371
TCP1,0.0289806855039707,6.29763421248658,0.0100517254415493,0.920139267467839,0.999285360615371
MAD1L1,0.0331151791487333,5.96304495296031,0.0100143372274708,0.920287434044545,0.999285360615371
CENPH,-0.0553820785441113,4.22296795094457,0.0100089542259099,0.920308789450801,0.999285360615371
ZNF831,0.0332534204057195,5.8257418167767,0.00993092797983053,0.920618988437017,0.999285360615371
GTF3C4,-0.0565280261169079,4.41624459606055,0.00987142768597948,0.920856364119217,0.999285360615371
CCNYL1,0.0726495819330009,4.04200780789467,0.00978690392542347,0.921194816193631,0.999285360615371
NDUFAF2,-0.0358444626318916,5.7594636288222,0.00975255069534953,0.921332795870133,0.999285360615371
LAYN,-0.0568620981505774,4.68879961104519,0.0097454579731604,0.921361314320389,0.999285360615371
STAU2,-0.0402976405367682,5.22208016980346,0.0097357014381636,0.9214005605684,0.999285360615371
CISD1,-0.0518343790896927,5.28946898045951,0.00968853911209777,0.921590554451219,0.999285360615371
PPP1R15A,0.0449083700502806,8.04538880810286,0.00967565271197302,0.921642548611842,0.999285360615371
UBE2V2,-0.0292154237721767,6.06415181273366,0.00961591344361068,0.921884043080879,0.999285360615371
GTF3C2,0.0506209952786307,4.63320583239568,0.00956281278863713,0.922099337700581,0.999285360615371
SPTLC1,-0.0369125524349254,5.47300572408175,0.00955007883624859,0.92215105668106,0.999285360615371
ATP6V1E2,0.0562792301970173,4.14288488592974,0.00950792570215597,0.922322510550696,0.999285360615371
GYG1,-0.0411911395382609,6.11879753986266,0.00948281690377684,0.922424820582831,0.999285360615371
H6PD,0.0463600775989755,4.88160959068523,0.0094763616008926,0.922451145891364,0.999285360615371
MTFP1,0.0505927962559959,5.02266719741602,0.00946712564159924,0.922488826712548,0.999285360615371
SNX25,0.0751223787917031,4.15851948521431,0.00946572773541732,0.922494531499697,0.999285360615371
ELOF1,0.0336626736157413,5.93037213781146,0.00940539046212407,0.922741171537993,0.999285360615371
NUP155,0.0512461349135972,4.64493844899053,0.00940455275643615,0.9227446014306,0.999285360615371
ORMDL3,-0.0317952987185974,5.84467961907001,0.00938375923992041,0.922829787636461,0.999285360615371
RNF7,-0.0261898000578358,7.32981359555228,0.00935263967921429,0.922957455423701,0.999285360615371
SLC20A2,0.0392427109940914,5.0766084035668,0.0093311314119866,0.923045818275997,0.999285360615371
MRPL33,-0.0223315765440842,7.42881037538326,0.00932617705202077,0.923066186935005,0.999285360615371
DNAJC27,-0.0525312563779936,4.49961902617306,0.00928828114150448,0.92322216782616,0.999285360615371
LNPK,0.0474278857257394,5.17754597070406,0.00928262048296702,0.923245494844034,0.999285360615371
METTL16,0.0382533185595275,5.21506775409922,0.00924008679586308,0.92342100209932,0.999285360615371
CD2,-0.01566006265845,10.5542086220902,0.00920416751066355,0.923569534036795,0.999285360615371
ZDHHC2,0.0410363418920771,5.46249278740601,0.00918238376934255,0.923659755772604,0.999285360615371
ZNF446,0.0789324287888789,4.0251457683532,0.00914968051748133,0.923795405870701,0.999285360615371
TMEM60,-0.0319958546737743,5.72886791330571,0.00914073558388395,0.923832551228682,0.999285360615371
NR3C1,0.0216779910441907,7.66843701056566,0.0091353300275081,0.923855007612195,0.999285360615371
TUBA4A,-0.0288061591120041,7.11265850551316,0.00912627313716641,0.923892647819585,0.999285360615371
ESD,-0.0217418768439254,6.45131828224666,0.00905631193777623,0.924184042188734,0.999285360615371
OTUB1,-0.027642983934025,6.49190196739294,0.00904529427404555,0.924230035077042,0.999285360615371
EP400,0.0356797716573146,5.61568129085157,0.00901801862608309,0.924344018150429,0.999285360615371
NNT,0.0325639396161496,5.52017720032836,0.00897163772988563,0.92453824082347,0.999285360615371
KMT2C,-0.0198927615841045,6.96961084955056,0.00884106337253598,0.925087765267506,0.999285360615371
ANAPC15,-0.0352674118718815,5.79582111825573,0.00880504833979856,0.92524005432211,0.999285360615371
KCTD13,0.043631519875592,4.80788165962426,0.00876281798124978,0.925419025555892,0.999285360615371
POLR2J3,-0.032264558484699,7.43189749215171,0.00874029392674913,0.925514659862331,0.999285360615371
MEPCE,0.0473526490270404,4.71479366135278,0.0087238529677407,0.925584544613811,0.999285360615371
DMTF1,0.0291639888357936,6.22446388475772,0.00871349892679518,0.925628590105108,0.999285360615371
ACTB,0.0162996064471348,12.1240590707286,0.00870938069715521,0.925646116152978,0.999285360615371
ZNF706,-0.0194142334862188,7.59007318414373,0.00868840392296022,0.925735452446651,0.999285360615371
MKRN2,0.044229042253672,4.72219618919022,0.00868752084968705,0.925739215681082,0.999285360615371
NAB2,0.0735023531528529,3.86032760821141,0.00864188606773908,0.925933952492981,0.999285360615371
ZNF148,-0.0237350750346911,6.35358621280262,0.00863463282561128,0.925964951897737,0.999285360615371
SOS2,0.0345762013390068,5.41645195894658,0.00862548080753101,0.926004085166905,0.999285360615371
RRP8,0.0362039331509414,5.19592189126452,0.00852852411721017,0.926419956852282,0.999285360615371
APPL2,-0.0403922857305356,5.16069001881157,0.00852662285666028,0.926428135607851,0.999285360615371
RPL21,-0.0150181769505267,11.7653573882865,0.00850186838079026,0.926534707330133,0.999285360615371
FTH1,0.0184101449292431,10.2905587112141,0.00846920630584691,0.926675562163264,0.999285360615371
LINC01215,0.0613085523335328,4.01917480318508,0.00845032427412207,0.926757115678449,0.999285360615371
ECE1,-0.0372068885741023,5.04275306839034,0.00843936583348537,0.926804488497629,0.999285360615371
DDX11,0.0603584433746178,4.37350202279185,0.00843775997600105,0.926811433148379,0.999285360615371
PPP2R2B,0.0514503162795684,4.59357590511004,0.00843062573901321,0.926842293749551,0.999285360615371
GPN3,-0.0412238602204141,4.88052062101184,0.00841101978192782,0.926927171207831,0.999285360615371
TAS2R14,0.0820617613118145,3.86291690630402,0.00838563027242145,0.927037235004338,0.999285360615371
FZR1,0.0453857050522081,4.58149191067089,0.00838487228879714,0.927040523452605,0.999285360615371
RASGRP1,-0.0198891488507297,7.92095585867629,0.00835093907214457,0.927187893717576,0.999285360615371
CMIP,0.0298543469716777,6.00801650559659,0.00832082935243506,0.927318911729627,0.999285360615371
RPS29,0.0107206021675752,12.5549369522102,0.00830660845452869,0.92738087497483,0.999285360615371
B2M,-0.00764238621192393,13.9127150850533,0.00829698751013552,0.927422825653937,0.999285360615371
RNASEH2B,-0.0214069965628637,6.80505902806915,0.00828113160456212,0.927492016491864,0.999285360615371
NADK,-0.0449301417145083,4.79508088084643,0.008257397304547,0.927595711420616,0.999285360615371
IRF5,-0.0709639965743674,4.09204232565832,0.00821924320591094,0.927762721734709,0.999285360615371
MTMR12,0.0434264126263004,4.73939108740682,0.00813338902612415,0.92813996258272,0.999285360615371
ZNF865,-0.071664171509416,3.98126763563603,0.00812806178780434,0.928163436306284,0.999285360615371
TRAF4,-0.0602658977905774,4.45939357376676,0.00812259456169073,0.928187534931072,0.999285360615371
CHMP7,0.0366815120111744,5.66007482553136,0.00810641076952834,0.928258918361881,0.999285360615371
BTN2A2,-0.0472832136370269,4.60393978202957,0.00808292220366624,0.928362649577464,0.999285360615371
SRPK2,0.0258477573452881,6.27989634761962,0.00805584092376677,0.928482435845768,0.999285360615371
AKAP11,-0.0287572947643041,5.74695770698332,0.00798878265265657,0.928779925303598,0.999285360615371
PXMP2,0.0487113810936519,4.50315360792514,0.00794354810501119,0.928981309908578,0.999285360615371
WBP2,0.0252895844028542,6.15406648141215,0.00793000982425696,0.929041694763781,0.999285360615371
SMYD3,0.0843484081431795,4.35428235282255,0.007918750502526,0.929091954350616,0.999285360615371
SERPINB9,-0.0332759506831595,6.33147040682592,0.00787953040217815,0.929267307636401,0.999285360615371
GOLPH3,-0.0279291830232535,6.00547469951527,0.00781732013862424,0.929546354687024,0.999285360615371
PIGK,-0.0449137202991187,4.61610637755905,0.00778709718794346,0.929682325008517,0.999285360615371
ZNF468,0.0551774970230487,3.92037672362569,0.00767395384330172,0.930193722778234,0.999285360615371
ARFGAP2,-0.0328676787746168,5.80559533850449,0.00765705598092836,0.930270424828755,0.999285360615371
LSM14A,0.0188099253044859,7.0931732270611,0.00762730532964184,0.930405675248534,0.999285360615371
EBLN3P,-0.0265431373070599,6.14273678430569,0.00760142272752873,0.930523557359265,0.999285360615371
SBNO2,0.0404114558147278,5.49854743643107,0.00758028435478764,0.93061998201219,0.999285360615371
DUT,0.0185559724991581,7.00503187882537,0.00757989675258841,0.930621751359564,0.999285360615371
GSTP1,0.0279110780677359,7.34701433969047,0.00757344680376093,0.930651201125973,0.999285360615371
DROSHA,-0.048641671481924,4.36517843264682,0.00757071654965991,0.93066367097611,0.999285360615371
FLVCR1,-0.0536408925165443,4.37687391422016,0.00753851253557869,0.930810927214603,0.999285360615371
AKNA,0.0242763451109216,7.27947389010574,0.00752502895283058,0.930872676418796,0.999285360615371
ADA2,0.0327529148754103,5.26591652570922,0.00749814215919997,0.930995973366413,0.999285360615371
RGP1,0.0397849024304298,4.83127255870871,0.00739326618473513,0.93147905338949,0.999285360615371
KIF21A,-0.0317171288901068,5.43606917893906,0.00739145380600448,0.931487431811643,0.999285360615371
PHF23,-0.0383595853127476,5.09425818978117,0.00738349256825899,0.931524247976568,0.999285360615371
BTBD10,0.0471312831523599,4.77507312292063,0.00738157556720864,0.931533115995075,0.999285360615371
IFIT3,0.0729467761421267,5.080187999394,0.00728914301156536,0.931962092635763,0.999285360615371
EXOC8,0.0479566942147072,4.57200625236418,0.00723538260653456,0.932212853861623,0.999285360615371
CHCHD4,0.0554367215410801,4.21059295213607,0.00718610605164116,0.93244352602993,0.999285360615371
ZNF512,0.0534229038151328,4.61104556352483,0.00718423594748074,0.932452295978952,0.999285360615371
ANKRD17,0.0282704516793335,5.88151337302055,0.00717133510385537,0.932512826490745,0.999285360615371
GPATCH8,0.021691193143835,6.54643918983948,0.00715486523939646,0.932590182526114,0.999285360615371
RAB4B,-0.0471149232644144,5.55443874118783,0.00712739797303286,0.932719391152992,0.999285360615371
TMA7,0.00837588358605068,9.86018159797174,0.00710606066027708,0.932819937039903,0.999285360615371
THEM6,-0.0412873338035006,4.62030626873223,0.00705463136411311,0.933062909274308,0.999285360615371
CCT3,0.0183103652707654,7.14827562622717,0.00698973474672471,0.933370782817678,0.999285360615371
EPS15L1,0.0417767955304047,4.76142034602377,0.00698877463700853,0.933375348417053,0.999285360615371
GMFG,-0.00998033889704753,9.09794851154911,0.0069831357241803,0.933402169454789,0.999285360615371
ITPRIPL2,0.063252502410806,4.14866632206423,0.00696487364990972,0.933489106477027,0.999285360615371
CEBPZOS,0.0329110292568632,5.78199906564044,0.00696317506717037,0.933497198449817,0.999285360615371
PRDX1,0.0142542973304329,8.09282690421674,0.00693345648962662,0.933638937576424,0.999285360615371
GEMIN7,0.0446307297532015,4.68859312166488,0.00692798673335204,0.933665058217707,0.999285360615371
COPG1,0.0326412125696256,5.07739075783239,0.00688407698870286,0.933875125111636,0.999285360615371
ERAP1,0.039792369737608,5.38862521073138,0.00684583674927453,0.934058618947167,0.999285360615371
ATRX,0.012043084884484,7.99489754801352,0.00680031024861449,0.934277749687756,0.999285360615371
DUSP2,-0.0360599258118849,6.84524954779419,0.00678951705927133,0.934329808281,0.999285360615371
COX4I1,0.0105921167767745,9.76502221004423,0.00674783040271976,0.934531266995383,0.999285360615371
ALDH9A1,-0.0324033522465465,5.55843680654255,0.00674321961632174,0.934553587932551,0.999285360615371
EDEM1,0.0364864394075014,6.119887387619,0.00672638028749262,0.934635172898281,0.999285360615371
ERG28,-0.0340506057510278,5.54238103876373,0.00668372204730261,0.934842309344688,0.999285360615371
TIRAP,0.0533042477692513,3.90584920829378,0.00664581145085208,0.935026951733878,0.999285360615371
RAB8A,0.0191362319711412,6.69762677079163,0.00663691169844327,0.935070374481369,0.999285360615371
ZNF638,0.0220482848554046,6.74455367274542,0.00662977855344593,0.935105198944048,0.999285360615371
INF2,-0.0477794133344448,4.36751499877301,0.00661725797462154,0.935166370830459,0.999285360615371
GSK3B,-0.02828951630672,5.51034328276621,0.00660848384822188,0.935209273368709,0.999285360615371
PAFAH1B3,0.037627153536591,5.31837307248641,0.00657937028057631,0.935351834731119,0.999285360615371
TBP,-0.0405542155414833,4.41660278644209,0.00657640379294477,0.935366378636317,0.999285360615371
IFRD2,-0.0395138248698484,5.00110480912211,0.00654093684315171,0.935540520106617,0.999285360615371
KLHDC4,-0.0453021001045919,5.39036120594537,0.00652664403099834,0.935610831616142,0.999285360615371
PARP16,0.040951937022887,4.27022315141356,0.00647114180574349,0.935884604574171,0.999285360615371
GIGYF1,-0.0397459346780107,5.49094854159665,0.00645693522077906,0.935954870408743,0.999285360615371
DCK,0.0223133685616881,6.16932532629922,0.00644921629259798,0.935993080883707,0.999285360615371
XPC,-0.0250280730005144,6.40601957133618,0.00639524545577075,0.936260894499866,0.999285360615371
PPARA,0.0502627909292471,4.55732927219622,0.00639432563419717,0.936265468667274,0.999285360615371
MRPL10,0.0321205267055996,5.50679002073458,0.00635479398879113,0.936462368869809,0.999285360615371
KIAA0825,0.0512800288296828,4.13452292236163,0.00632716865163729,0.936600331907476,0.999285360615371
TRMT10B,0.0412111806463232,4.92282561668258,0.00626412364235307,0.936916323049387,0.999285360615371
HIRA,-0.0433666608257732,4.19700571227646,0.00625021460198383,0.936986252421216,0.999285360615371
TSC2,0.034238846007352,5.20228672281909,0.00623541221208157,0.937060759269914,0.999285360615371
ZNF33B,0.036289077321131,5.11242602323673,0.00623279819051703,0.937073926015745,0.999285360615371
KIF21B,-0.0389534224037071,5.34607254142994,0.00620907481282984,0.937193547185137,0.999285360615371
TMUB2,-0.038311574329409,5.14953729557044,0.00618018462703063,0.93733953206422,0.999285360615371
TCF7,-0.0360257037009124,6.86071969721443,0.0061794040808536,0.9373434809969,0.999285360615371
CYB5D2,0.0599098967675559,4.50306286114762,0.00612748925497542,0.937606693801742,0.999285360615371
EMG1,0.0266499109586168,5.50388657157429,0.00611706896611253,0.937659660617522,0.999285360615371
IRS2,-0.0537340389070748,4.84391424213838,0.00609863452711323,0.937753475031246,0.999285360615371
PGGHG,0.0644597367680984,5.06262631620618,0.00609492687122426,0.937772360827712,0.999285360615371
TSEN54,-0.0301745507002895,5.87406576345458,0.00608896635675649,0.937802734194278,0.999285360615371
LINC00667,0.0289336032974462,5.46615026038591,0.00607671191065862,0.937865226963468,0.999285360615371
IFNGR1,0.0243511236129361,5.7481543918574,0.00606157726472034,0.937942495160048,0.999285360615371
PSMA3,-0.0214029020349142,6.72029174655662,0.00604619425836361,0.938021130845717,0.999285360615371
FKBP2,-0.0426502458495713,5.69575325918314,0.00604586453138367,0.938022817462994,0.999285360615371
TMCO6,-0.0579008042692173,3.95390428792786,0.00603491113217203,0.938078872541028,0.999285360615371
ELF4,0.0416780698265079,4.35585783058367,0.00602813957987891,0.93811355221545,0.999285360615371
MANEA,-0.0441332456901654,4.49106346074211,0.0060029123303238,0.938242923279903,0.999285360615371
PRKCD,0.0394378493314228,4.60639587920826,0.0059764388131498,0.938378979902035,0.999285360615371
C6orf62,-0.0144877803860317,7.39163012660365,0.00597361251669071,0.938393523117398,0.999285360615371
SCAMP1-AS1,0.0342642465473306,4.96057054343296,0.00595028172743639,0.938513708326922,0.999285360615371
MED9,-0.0433318786483614,4.26033370941286,0.00583446702666279,0.939113850767567,0.999285360615371
MLLT6,-0.0161597676941346,7.03230151300601,0.00583323018359039,0.939120292167819,0.999285360615371
PTBP1,-0.0184492206328338,6.47292307949065,0.00581776259058842,0.939200904491263,0.999285360615371
EIF2B5,0.0316331284979148,5.26086272515439,0.00579740549851238,0.939307163833112,0.999285360615371
TRAM1,0.0147721778136235,7.44457466701952,0.00576615744502718,0.939470637234341,0.999285360615371
PSMA2,0.0198681098939067,7.6452898753846,0.00575005226268033,0.939555065074194,0.999285360615371
RPAP3,0.0289145011668921,5.50825159018342,0.00573229464438541,0.939648293402874,0.999285360615371
PANK3,0.0255639197953411,5.60866705349968,0.00572595919767949,0.939681589937683,0.999285360615371
LYPLAL1,-0.0367343743077536,4.75744191011865,0.00572069115924734,0.939709290717605,0.999285360615371
C6orf120,-0.0378642170489743,4.37209102517665,0.00570410070050542,0.939796611776605,0.999285360615371
NAPB,-0.0435569330116847,4.27591882642597,0.00570247348394304,0.939805183227728,0.999285360615371
ZBTB38,-0.0226152849284994,6.9217903531684,0.00569703373814434,0.939833846314386,0.999285360615371
MTF1,0.0372963333509775,4.63710035708034,0.00566103884517233,0.940023858297488,0.999285360615371
CMSS1,-0.0326585361173652,5.07891274505225,0.00566018382625444,0.94002837919785,0.999285360615371
ARGLU1,0.0113084637343779,8.8171658100177,0.00565658199434083,0.940047427604073,0.999285360615371
ARHGAP18,0.030234752161828,6.27750094546013,0.00563643318746188,0.940154097898021,0.999285360615371
RIF1,-0.0200157321698316,6.71405311948052,0.00557807183650638,0.940464156811993,0.999285360615371
HTT,-0.0268684007974639,5.37663234401038,0.00555523241080635,0.940585940648237,0.999285360615371
NAF1,-0.0470876362011248,4.625110688519,0.00550088294296813,0.940876757784343,0.999285360615371
KCNN4,-0.0366174151514267,5.0260331743781,0.00549415853400603,0.940912839484643,0.999285360615371
SLA,-0.022743340071957,7.60160539898264,0.00549225003764065,0.940923084100904,0.999285360615371
ADAP1,-0.0488320689053923,4.34744976162194,0.00549146498055464,0.940927298727778,0.999285360615371
MYL6,0.0083464828977945,10.493207055568,0.00547501717754173,0.941015669518986,0.999285360615371
MYL6B,-0.0386447172446279,4.63069468275615,0.00546495677498271,0.941069787867135,0.999285360615371
NFKB2,0.0399416893605572,6.24440487841155,0.00546229443915891,0.941084117861773,0.999285360615371
NSUN6,-0.0261386491185334,5.71122048829978,0.0054613630644802,0.941089131805231,0.999285360615371
MRPL55,-0.0233942048379854,5.75599078938107,0.00544354281404935,0.941185147906229,0.999285360615371
IPO5,-0.0359805322478174,5.20817722607426,0.005406587511807,0.941384769233543,0.999285360615371
CUL5,0.0213263634216575,5.90204161078172,0.00540573246191656,0.941389396059274,0.999285360615371
RALA,0.0223962958891982,6.33395817920839,0.00538061779558419,0.941525460424265,0.999285360615371
UBE2E3,0.0326561125556821,5.3984955709614,0.00536185572400783,0.941627316636797,0.999285360615371
C3orf38,0.039038007784397,5.16181030815852,0.00534938650213945,0.941695109130797,0.999285360615371
TTC31,0.0320363905219213,4.872040142098,0.00531741564505239,0.941869291654655,0.999285360615371
METTL3,-0.041491739183775,4.67377282479881,0.00529570250218114,0.941987888784153,0.999285360615371
TAF12,0.0225988907165103,5.96420200175356,0.00528449054438696,0.942049224163163,0.999285360615371
NMNAT1,0.0475904637186773,3.94508004138322,0.00528004352204192,0.942073569858409,0.999285360615371
DCAF1,-0.0377014344626934,4.90298559133318,0.00525604057880713,0.942205154829492,0.999285360615371
PDHA1,0.028967598874828,5.45685983756771,0.00525562891169784,0.942207414234541,0.999285360615371
SH3BGRL,-0.0117885869962625,7.57368404873237,0.00525263499866568,0.942223848785518,0.999285360615371
NCMAP-DT,-0.131632565644724,4.1125921026748,0.00522166007430513,0.942394157221362,0.999285360615371
TAF8,-0.0295595043042776,5.10942051803766,0.0051964231100321,0.942533292562387,0.999285360615371
RFWD3,0.0516189933506413,4.50677092949392,0.00518551600080386,0.94259353025704,0.999285360615371
NCSTN,-0.0298312730838182,4.8963434728574,0.00516366409103952,0.942714405701729,0.999285360615371
ZBTB24,-0.0304748964463169,5.64161478973922,0.00515130517509022,0.942782883788479,0.999285360615371
BBS4,-0.0450944325966298,4.50361484135115,0.00514275033013689,0.942830332708118,0.999285360615371
ALDH6A1,0.0428942241799812,4.34266476749053,0.00510820933621048,0.943022316809932,0.999285360615371
RNF20,-0.0263088460104425,5.38505219739242,0.00508776971829761,0.943136230671419,0.999285360615371
MUS81,-0.0286027123965335,5.49399334665677,0.00507610510447876,0.943201342863707,0.999285360615371
ZNF740,0.0473358146196938,4.47957039185801,0.00506806836973439,0.943246247895581,0.999285360615371
ASXL1,-0.0168807095960574,6.53650108927771,0.00504042213654543,0.94340099437195,0.999285360615371
BCL6,-0.0415939519898142,4.51529222096382,0.00503468816983954,0.943433142926576,0.999285360615371
NFS1,-0.0674200126607263,4.06984376267464,0.00503175525805588,0.943449593956408,0.999285360615371
MRPS11,0.0240561466420541,5.80454203312353,0.00502537356620536,0.943485406236288,0.999285360615371
TGFBR3,-0.0308241958210298,4.73807407083048,0.00500553590548947,0.943596875847733,0.999285360615371
NEU1,0.0346897658266356,5.64492884740193,0.00499827191491065,0.943637748379962,0.999285360615371
SUMO4,0.0338431138860285,5.02891617423192,0.00498817749955549,0.943694596547727,0.999285360615371
SRRM1,-0.0111409116006098,8.60261833894365,0.00496983915432026,0.943798019704787,0.999285360615371
BLZF1,-0.028467944491881,5.00997660163972,0.00495379384097205,0.943888668203715,0.999285360615371
CITED2,0.0222548700995535,6.85944708778357,0.00494100017237287,0.943961052200407,0.999285360615371
SNTA1,0.0338360434082008,4.96001242407902,0.00492755552751589,0.94403722084655,0.999285360615371
CLEC16A,0.0455786285190635,4.20473977131674,0.00490653229352134,0.944156534480437,0.999285360615371
SPNS3,-0.0425604222674865,4.53720237437512,0.00488296754790341,0.944290577746703,0.999285360615371
PLEKHF1,0.0258128688731799,5.88443007017687,0.00487750775755202,0.944321681001188,0.999285360615371
SELENOS,-0.0173295847357909,7.08680842203726,0.00487442950177197,0.944339224876025,0.999285360615371
CMC2,0.0170999101443614,6.67300813591499,0.00486824297610866,0.944374500528525,0.999285360615371
MIR222HG,-0.0418112552874647,4.31626491423461,0.00486476094277322,0.944394365035865,0.999285360615371
SAR1A,-0.0188588772404655,6.30343464581475,0.00485598890492511,0.944444439960487,0.999285360615371
CAPNS1,0.0139305700396544,7.17421060812363,0.00483997519749835,0.94453597110154,0.999285360615371
ARHGEF6,0.0179642123907582,6.46850230642852,0.0047838632990036,0.944857902117304,0.999285360615371
C4orf3,-0.0118133680819212,7.74470881810161,0.00475406161816494,0.945029654922081,0.999285360615371
PHF11,0.0226383225539143,7.0308512722622,0.00474616880444501,0.945075233252279,0.999285360615371
CXCR4,-0.028818333602202,8.65418926667599,0.00473237309848784,0.945154990327847,0.999285360615371
PARP8,0.0225591612927086,6.55317432700013,0.00473106812142277,0.945162540831451,0.999285360615371
ZNF354A,0.044410946138289,4.16447521659984,0.00472891414820964,0.945175005854871,0.999285360615371
MRPL39,0.0512445939807119,4.53592506435239,0.0047239062569524,0.945203997505238,0.999285360615371
MYO1G,0.0285313441075393,6.47777915673941,0.00471618209514446,0.945248744460419,0.999285360615371
ENTPD1-AS1,-0.0569312023362616,4.34078521021145,0.00468834913927907,0.945410290089175,0.999285360615371
VRK3,0.0305101263733655,5.54862666534122,0.00468518300739973,0.945428697161367,0.999285360615371
ZNF649,-0.0690423902505182,3.87713738863043,0.00464228324873872,0.945678723927968,0.999285360615371
PMAIP1,0.0225892713785903,6.28990606729904,0.00461686450279686,0.945827416333708,0.999285360615371
FANCM,-0.0410810203979526,3.96279560331496,0.00458050222578166,0.946040841998398,0.999285360615371
RSRC2,0.0126493517444367,7.81938463375403,0.00456282308137546,0.946144915867568,0.999285360615371
DUSP5,0.031477740428674,5.78073983911679,0.00456077274859368,0.946156998896657,0.999285360615371
BTBD7,-0.0292391791108535,5.72896225761056,0.0045601710246288,0.94616054549649,0.999285360615371
MRPL19,-0.0233111653850737,5.642343020391,0.00455486921503123,0.946191804869368,0.999285360615371
LIG1,-0.0314623036798733,4.75488515640591,0.00453587258331822,0.946303958988424,0.999285360615371
CDKN1A,-0.0384895303588364,5.01742670455643,0.00451180299999265,0.946446402664241,0.999285360615371
NCF1,0.0191650310215182,6.84269166102377,0.00450466161114704,0.946488738748538,0.999285360615371
PRPF31,-0.0241563986534259,5.95328800310062,0.00447128741914327,0.946687038347719,0.999285360615371
NFATC3,0.0270562029123754,6.04889805207612,0.0044253417496769,0.9469612541108,0.999285360615371
PLAGL1,0.0510068099947405,4.58346352268272,0.00441702763424345,0.947011027451069,0.999285360615371
KLHDC2,0.0242566464453033,5.73171660944735,0.00441334898933832,0.947033065065561,0.999285360615371
EPS8,0.0366524553744741,3.95540028640493,0.00434196854225277,0.947462523759726,0.999285360615371
PACS2,-0.0299757791850746,4.84106661233909,0.00432304820209239,0.947576950827187,0.999285360615371
TRAF2,0.0319187739892114,4.75631063761476,0.00430673178273366,0.947675831927149,0.999285360615371
PCAT1,-0.0374588327574718,4.02136342072461,0.00430407595706939,0.947691944607049,0.999285360615371
ZNF136,0.0300179637147079,4.54320285893299,0.00428657426886403,0.947798251027734,0.999285360615371
SPTSSA,-0.0280105821466089,4.81315001930737,0.00426179721548436,0.947949121884421,0.999285360615371
ARID1B,-0.0143663153722767,7.78145151810052,0.00423142941202315,0.948134637573139,0.999285360615371
CCDC32,-0.0291291771041968,5.55717043569083,0.00421178697918734,0.94825498864557,0.999285360615371
RNF220,0.0250249128253528,5.64766109878953,0.00420800157453627,0.948278214549565,0.999285360615371
DHRS7B,-0.0447899052504555,4.26678559507357,0.00419941151038117,0.948330959089851,0.999285360615371
CSRNP1,0.0443509408157103,5.51898345750974,0.0041851645423634,0.948418557610565,0.999285360615371
BEX4,0.0340500318323418,5.31110008587574,0.00418274726448686,0.948433435268315,0.999285360615371
PTP4A3,-0.0514413250014252,4.64686060314394,0.00415076856280194,0.948630662900433,0.999285360615371
TCP11L1,-0.0527524719208399,3.91403071023655,0.00413918534770374,0.948702290131513,0.999285360615371
PQBP1,-0.019126600844481,6.21812552147958,0.00408348108402734,0.949048163321073,0.999285360615371
BICD2,0.0311493005682447,5.03942758838631,0.00407985538002365,0.949070757535656,0.999285360615371
ANGEL2,-0.0230427488268235,5.51452724255399,0.00407160862047107,0.949122186243196,0.999285360615371
NXF1,0.0362224862210891,5.02062890555855,0.00403102356256468,0.949376049475185,0.999285360615371
RARG,0.0719414310655599,4.12961881682377,0.00401421668289359,0.949481553586182,0.999285360615371
NSD3,0.0121938648504085,7.89909337121219,0.00397791025729077,0.949710224412201,0.999285360615371
BICD1,-0.033769370742216,4.4379960923736,0.00395449385744584,0.949858265408036,0.999285360615371
CIR1,0.0144121177818585,6.82208052064908,0.00392313872324124,0.950057186771014,0.999285360615371
PIGG,0.0323712383060791,4.58710319929846,0.00389029516049533,0.950266408594749,0.999285360615371
RBM26,0.0170643670115455,6.86146697855567,0.00386879370224946,0.950403858866075,0.999285360615371
ACTL6A,-0.0260839353559921,5.21802477532858,0.0038251373501339,0.95068412121436,0.999285360615371
DUSP22,-0.0231560513785114,5.22728571456812,0.00380679213589374,0.950802371545416,0.999285360615371
GORAB,-0.0458373297055543,4.08300907620385,0.00379556770374023,0.950874863520868,0.999285360615371
NCOA7,0.0172616553937839,6.76393222161274,0.00379243445344457,0.950895118536494,0.999285360615371
HIPK2,0.030743860618852,5.34775211529471,0.0037869196941962,0.950930789318644,0.999285360615371
AAAS,-0.0439820269700666,4.42502167763158,0.00375059043072667,0.951166430174854,0.999285360615371
KLRC2,-0.0425740792699703,5.06189667166745,0.00374715961824634,0.951188742381282,0.999285360615371
ARRB2,0.018379880474163,6.52001029033679,0.00373274396517509,0.951282606469893,0.999285360615371
TP53TG1,0.0249910145493167,5.1173514046033,0.00368678218336527,0.951583096701958,0.999285360615371
ITM2A,-0.0190215683264167,7.89435445233107,0.00366090898281612,0.951753078602548,0.999285360615371
APOBEC3G,0.022666061713032,7.66784773566261,0.00362982911680732,0.951958066329518,0.999285360615371
TRAP1,0.0336939554308469,4.6779238339797,0.0036072143157817,0.952107776748061,0.999285360615371
PRPSAP1,0.0263564669151292,5.40246630079753,0.00359733916213045,0.952173298163148,0.999285360615371
NBN,0.021916947352189,5.58731639857832,0.00356553125388714,0.952384958752315,0.999285360615371
DOK2,-0.0168323476937392,7.0110522293449,0.00355243720830956,0.952472366160516,0.999285360615371
STRBP,-0.0335371999199984,5.06187517022684,0.00355093915320026,0.952482376509173,0.999285360615371
TET2,0.0200394222454975,5.65970088523533,0.00354479875998948,0.952523430189307,0.999285360615371
ARID1A,-0.0173942947674189,6.78367038065399,0.00354065303384488,0.952551168028478,0.999285360615371
GTPBP4,-0.0253997959805867,5.78458591474208,0.003537542958572,0.952571987331061,0.999285360615371
CALCOCO2,0.0174996077366116,6.71546597780386,0.0035348867067988,0.952589775945038,0.999285360615371
RPS15,0.0070044417848339,11.8223154765149,0.00352828285695139,0.952634030258858,0.999285360615371
EIF4A2,0.0126492584522832,8.45388230502901,0.00351724132485032,0.952708115708954,0.999285360615371
RAB43,0.0385447426688992,3.90823558064406,0.00349630061353068,0.952848942989792,0.999285360615371
ELMOD3,0.0307992762889848,4.98767950448679,0.00347857199912127,0.952968499927414,0.999285360615371
TBC1D15,-0.0227251917503991,5.81084048276219,0.00343863767098185,0.953238931107282,0.999285360615371
TWF2,0.0199957189336556,6.77480916201415,0.00339431751217845,0.953540914107721,0.999285360615371
CCL5,-0.0252997204908456,10.1939834148917,0.00338960780916153,0.953573120459159,0.999285360615371
MAZ,0.0124919778589024,7.10390549959263,0.00335269803966476,0.953826301841073,0.999285360615371
OGT,-0.0101722578451649,7.26619117811442,0.00331709168132832,0.954071871065248,0.999285360615371
LYRM4,-0.0220851653999855,5.37153185309678,0.00325540846569439,0.954500437307875,0.999285360615371
CLK3,-0.0226813065779998,5.39289551108228,0.00325056744613761,0.954534243739188,0.999285360615371
MTMR3,-0.0280370697808731,4.77590318676549,0.00324171700832565,0.954596114614305,0.999285360615371
NOP58,-0.0141601252797592,6.73854200133752,0.00324026892777596,0.954606245792911,0.999285360615371
RANBP10,0.0395339525497227,4.02753771671654,0.00321781798942666,0.954763610413031,0.999285360615371
TUFM,-0.0110204536697051,6.94121029315318,0.00318689563529073,0.954981257891742,0.999285360615371
SPHK2,0.0430434681016465,4.3071813167938,0.00318059451380748,0.95502573816917,0.999285360615371
BMS1,-0.0205584702255397,5.51090445444064,0.0031343401750128,0.955353614746176,0.999285360615371
ABLIM1,0.0158628880574552,6.21082339287299,0.00312524203948072,0.955418392409983,0.999285360615371
MSRB1,0.0290274143501304,4.59374925166046,0.00310261335729933,0.955579917355699,0.999285360615371
PLEKHM3,0.0222349443834781,3.85961644258273,0.00310047221612209,0.955595231509208,0.999285360615371
KDM3B,0.0303845576548563,5.08034387357089,0.0030657020759115,0.955844665625281,0.999285360615371
CAND1,0.0129720179550849,6.43198683276002,0.00306569306515847,0.955844730450022,0.999285360615371
PRKCQ,0.0194508507942728,5.74613161436668,0.00305421165219144,0.955927407277389,0.999285360615371
CALML4,-0.0545603379847815,3.71200341121755,0.00304206322196521,0.956015057147815,0.999285360615371
RALGAPB,-0.0212398897294861,5.21917764080765,0.00303215346129271,0.956086685297862,0.999285360615371
CTNNA1,0.0263154214329526,5.07152510998717,0.00301902988206493,0.956181723992414,0.999285360615371
XRN2,-0.014224474142145,7.35467858708131,0.00300510072767324,0.956282823456934,0.999285360615371
MRPS33,-0.0137687099145707,6.34500850740472,0.00299293147435264,0.956371341864949,0.999285360615371
EED,0.0174464618183702,5.91037843690262,0.00299030855287441,0.956390444467009,0.999285360615371
GALT,-0.0237506336202321,5.05034183844288,0.00297785309285104,0.956481271849604,0.999285360615371
SPOP,0.0157201797193988,6.00989205648376,0.00296893377585405,0.956546430178003,0.999285360615371
TIMM17B,0.0207230005093316,6.0090177839261,0.00295944040716023,0.95661589006658,0.999285360615371
PLCL1,-0.0271669032815197,3.97319256601532,0.00295887340020684,0.956620042205559,0.999285360615371
RAB30-DT,-0.125287737607838,4.5760272506075,0.00293662511537463,0.956783280486065,0.999285360615371
TUBA1A,-0.0179606533613117,7.67278497500073,0.00293600227970714,0.956787859212574,0.999285360615371
TCAF2,-0.0278245897557922,4.35339001017957,0.00292158274830712,0.956893999744653,0.999285360615371
MCM9,0.0309538940155006,4.60603213991538,0.00291474952858906,0.95694439003343,0.999285360615371
TMEM156,-0.0234639959220547,5.95592226113463,0.00290816008357098,0.956993038788737,0.999285360615371
SELENOK,0.0106465606902336,7.69538110959089,0.00287707135730031,0.957223310755861,0.999285360615371
KHSRP,0.0174251568540282,5.63551266718157,0.00287661846344633,0.957226674504766,0.999285360615371
POLE3,-0.014031958190684,6.4825065202799,0.00284910076041456,0.957431555565367,0.999285360615371
NDUFB3,-0.0113090630883383,7.28621471673157,0.00277941484788258,0.957954879197482,0.999285360615371
EIF1,-0.00709411798547123,11.3389964896518,0.00275292154842077,0.958155560727617,0.999285360615371
TXK,-0.0251836651341023,5.2137650459402,0.00275050171726221,0.958173938639056,0.999285360615371
ZNF543,-0.0425548529164486,3.78267099166326,0.00274440162050027,0.958220303101044,0.999285360615371
KLF7,0.0320283906043675,4.13366812710895,0.00270198467337579,0.958544136930686,0.999285360615371
ING4,0.0161567596572245,5.94843806590552,0.00269505942506854,0.9585972494061,0.999285360615371
KLHL8,0.0316401666152354,4.23995391437199,0.00266230916566812,0.958849356117751,0.999285360615371
RBM45,0.0344333315262201,4.0514329699564,0.00265262476712636,0.958924202687466,0.999285360615371
ERCC3,0.0265509862696594,4.45867213945855,0.00264788670543403,0.958960871042964,0.999285360615371
SMPD1,-0.0218911700704763,4.889526900019,0.00264647162007847,0.958971828914654,0.999285360615371
KIFAP3,-0.0211776451927529,5.3751461714327,0.0026041793489604,0.959300690345733,0.999285360615371
PRKD3,0.0234573540232321,5.06663877610619,0.00259957218037599,0.959336676542022,0.999285360615371
SPSB1,0.0282135731367255,4.35304852659863,0.0025949646140262,0.959372697835292,0.999285360615371
UBE3B,0.0222948019870296,4.58617671771743,0.00257169773949606,0.95955508665405,0.999285360615371
PSMB10,0.0209569196495381,7.12913969035171,0.0025675813879964,0.95958744068957,0.999285360615371
ZNF345,-0.0233708267062776,4.15258469296877,0.00256478277500349,0.95960945230693,0.999285360615371
TRDC,-0.0482788839208654,5.73793464687074,0.00256131480600885,0.959636745245705,0.999285360615371
KLF10,0.021182732271298,4.9887795188528,0.00254610436059721,0.959756670927398,0.999285360615371
ACAD9,-0.0396848405722974,4.17264231437727,0.0025440497461986,0.959772897891591,0.999285360615371
USP19,-0.0308240011091888,4.30249780633535,0.00251895964297333,0.959971587325091,0.999285360615371
KNOP1,0.0182616568227265,5.64237195271526,0.0025116216935217,0.960029884112032,0.999285360615371
TNFSF8,0.0237728665480409,4.9804255229278,0.00250409108372907,0.960089800334885,0.999285360615371
PPCS,0.011666536235715,6.45023166186369,0.00245927268295176,0.960448275365136,0.999285360615371
POC5,0.0236510887678238,4.6347346660433,0.00244743019264604,0.960543541994506,0.999285360615371
DOCK8,0.00963901628339462,7.76848070307705,0.00244392583602959,0.960571776987022,0.999285360615371
ACAP1,0.00857365313913743,8.01979774923091,0.00244106450333348,0.960594846116371,0.999285360615371
LINC00339,-0.137445810127318,4.17883694828505,0.00242346209000033,0.960737062470263,0.999285360615371
SEC24A,-0.0207470564489382,4.66779194790889,0.00240132146095107,0.96091668193702,0.999285360615371
YIPF6,0.0202686083536258,5.23624885745426,0.00235976991620035,0.961256030638674,0.999285360615371
NDUFB4,-0.00803928905829959,7.72833151223945,0.00234256059379234,0.96139745441783,0.999285360615371
SUSD3,0.0152232240930785,6.48071607407624,0.00233771942857786,0.961437332195897,0.999285360615371
STX10,-0.0174771202001183,5.89566116624158,0.00233601546259266,0.961451377996879,0.999285360615371
ARL5B,-0.0247737229508643,4.47132734916648,0.00233597837613075,0.961451683757873,0.999285360615371
PSMB2,-0.0139407769952346,6.86674369895403,0.00228739417065782,0.961854349564018,0.999285360615371
CDC14A,-0.0156777805374454,6.63551357957751,0.00222521897131145,0.962375962759252,0.999285360615371
ANAPC10,-0.0222173234325433,5.13420754538457,0.00220121145057561,0.962579323240519,0.999285360615371
RBM43,-0.0188225842039287,5.28932951694473,0.00218075195162371,0.962753508381319,0.999285360615371
SLC41A3,-0.0220084645664895,4.77958206334181,0.00218053066985924,0.962755396764196,0.999285360615371
DHCR24,0.0346843572109284,4.19580550381932,0.00217325146568292,0.962817569941821,0.999285360615371
RNASEL,0.022238545895055,4.46342020886719,0.0021495478157405,0.963020754194463,0.999285360615371
PKP4,0.0255922901684345,4.18066084418163,0.00213909784670463,0.963110686281802,0.999285360615371
RPRD1A,0.0189527710931396,5.07993590376318,0.00209726047779668,0.963472961336167,0.999285360615371
PSMD4,-0.0103013865095261,6.72752538425668,0.00207229401508968,0.96369087602086,0.999285360615371
KLF13,0.0100069858237295,6.91373797731565,0.00205451607723717,0.963846849999879,0.999285360615371
DBP,-0.0268250870034436,5.13979691214993,0.00205216235933747,0.963867550854042,0.999285360615371
SBF1,0.0181784923067704,5.34014377521019,0.00203569559956662,0.964012709317853,0.999285360615371
IRAK1,0.0152559649085496,5.31844897169201,0.00202146965777672,0.964138588788885,0.999285360615371
ANGPT2,-0.0255194905361421,4.28273953133911,0.00202072078826632,0.964145227502798,0.999285360615371
GLO1,-0.0125235370811714,6.06266847662196,0.00199687042451302,0.964357309062818,0.999285360615371
CCDC186,-0.0115018345081297,6.72156142000836,0.00199663181748022,0.964359437190832,0.999285360615371
LRRC40,-0.0227832663985896,4.71846236513055,0.00198861227089964,0.964431037507415,0.999285360615371
IL6ST,-0.0192984011184196,6.20034024627084,0.00197740889531772,0.96453130641279,0.999285360615371
NOL12,-0.0214897595371777,5.13401082960472,0.00197299484478819,0.964570889784115,0.999285360615371
CST7,-0.0150487544071889,7.51833187806959,0.00197164909506853,0.964582966731652,0.999285360615371
MTCH2,0.0150618510005154,5.67134360486273,0.00194553650115736,0.964818127633277,0.999285360615371
CHD3,-0.00851754881213824,7.08042997758742,0.00194075792531834,0.964861332615406,0.999285360615371
EHMT2,-0.0219151907776526,4.97582378465434,0.00193560271267756,0.96490800272121,0.999285360615371
ANAPC4,-0.0173172437159376,4.99183425603929,0.00189582358576601,0.965270237328861,0.999285360615371
CARD8-AS1,-0.0169263068111002,5.15708432105214,0.00187700369540345,0.965442940540468,0.999285360615371
SLC35B1,-0.0208330950960906,5.24389059228097,0.00187177082252532,0.965491114647869,0.999285360615371
RETREG1,-0.0229430213185135,5.4033099797924,0.0018534115673603,0.965660666764069,0.999285360615371
RPS6KA4,0.0352725150671806,4.54986348556985,0.00184381406284118,0.965749636920982,0.999285360615371
SCAF1,-0.0181697533363263,4.97162389158592,0.00179583562795216,0.966197923382362,0.999285360615371
SDHD,-0.010992624861136,6.16174167730056,0.00179560344636798,0.966200107261736,0.999285360615371
PI4KB,0.0205937747784256,5.08003380359265,0.00178594878548211,0.966291043707529,0.999285360615371
OSBP,0.0157624181200126,5.37364768178357,0.00178405660559022,0.966308894827038,0.999285360615371
NR1D2,-0.01532913798543,5.52073481956509,0.00177749319009379,0.966370888725205,0.999285360615371
UCKL1,-0.0181928818678097,5.22443541184976,0.00177273209634521,0.966415930809309,0.999285360615371
RRP9,-0.0261708279196767,4.26596373233672,0.00177117231843482,0.966430700182535,0.999285360615371
MSL3,0.0140495671324853,6.45916522103723,0.00175533483919565,0.966581034090767,0.999285360615371
HMGN4,0.0119239771695503,6.2375688578203,0.00173082905436317,0.966814995355055,0.999285360615371
BLOC1S5,0.0171125090281647,5.0255237846991,0.00172978795875167,0.966824971509945,0.999285360615371
SUCLG1,-0.0133236537581776,6.26867645238878,0.00172445538559884,0.9668761173729,0.999285360615371
NUBP1,0.0199123515921995,5.11833541939853,0.00172257172164692,0.966894202930411,0.999285360615371
NRIP1,0.0195772084950875,5.33816661371959,0.00169576804272609,0.967152633602568,0.999285360615371
TCF12,-0.014539187947777,5.1123453480778,0.00168121089490469,0.96729384558138,0.999285360615371
CMTR2,-0.0164384058154592,5.3229262932026,0.00168005988894393,0.967305037020772,0.999285360615371
SUPT3H,0.0210758155056191,5.13167593956945,0.00165739894060835,0.967526160740485,0.999285360615371
METTL8,-0.0185066398764528,5.90021181479128,0.00164439794559357,0.967653707324927,0.999285360615371
CAMKMT,0.0246822198089473,4.13793086278633,0.00163771417445702,0.967719475198796,0.999285360615371
SPAST,0.0149798058415015,5.25763280473465,0.00163554232534935,0.967740874979728,0.999285360615371
PRELID1,0.00708646309346487,8.08200923667792,0.00162993477645657,0.967796193483728,0.999285360615371
MRPL3,0.0141560699884512,5.88692823879056,0.00159467366756161,0.968146250613288,0.999285360615371
CHST7,0.0307015971564359,4.49204765610204,0.00158816373133064,0.968211300901784,0.999285360615371
GORASP2,0.0190894693421069,5.45609741755169,0.00158659076468126,0.968227038730836,0.999285360615371
PLCL2,0.0196067416573589,5.20416777300522,0.00158519604613616,0.968240999690842,0.999285360615371
MEN1,-0.0238754147589164,4.12151471523563,0.00158072966365808,0.96828574906718,0.999285360615371
SLFN12L,0.0106402848253921,6.36536710874125,0.00158067526816907,0.968286294454003,0.999285360615371
DENND1B,0.0137622747597666,5.75205246957547,0.00157768389948387,0.968316301371398,0.999285360615371
BDH2,0.0171384178848062,4.69790202359739,0.00156696778768861,0.968424031016716,0.999285360615371
LYST,-0.0141179584502361,6.73437887078053,0.001562855240131,0.968465472604226,0.999285360615371
SRSF10,-0.0111219885377531,7.36077133963965,0.0015547786043264,0.968547019020867,0.999285360615371
COQ2,0.0305964276395242,4.22194833873013,0.00155152165514494,0.968579963081374,0.999285360615371
IPO11,0.0403670739835677,3.90350522783847,0.001538128595449,0.968715799359932,0.999285360615371
CSNK1G2,-0.00926502343829094,6.58006809174084,0.001535013972358,0.968747473556101,0.999285360615371
SYNJ1,0.0229588522056583,4.56646492045507,0.00152442002015007,0.968855450493933,0.999285360615371
ITPKB,-0.0133926480030125,5.8384681559636,0.00146254468970497,0.969493753024059,0.999285360615371
CSKMT,-0.0141432644722777,5.74699890096833,0.00145935062560199,0.969527066441717,0.999285360615371
URGCP,-0.0248019189779109,4.226813277847,0.00145752111908593,0.969546164256785,0.999285360615371
CENPK,-0.030349894915828,4.81750521625528,0.00145104142053043,0.969613901129054,0.999285360615371
GLYCTK,-0.0320116822114779,3.84427760351027,0.00145019637202104,0.969622746174066,0.999285360615371
CLTA,-0.00931557520074785,7.10177745286903,0.00144449872080088,0.969682450449854,0.999285360615371
UVRAG,0.0168661650826744,5.23330044069438,0.00143902662257744,0.969739902321624,0.999285360615371
KANTR,0.0247799131783231,3.97667942892368,0.00140846700539221,0.970062780496013,0.999285360615371
UBE2N,0.0103192304352164,7.0873887784969,0.00140673216811393,0.970081214666957,0.999285360615371
EIF5B,0.006867334039208,7.83302380997555,0.00140335310790718,0.970117152858688,0.999285360615371
BCL3,0.0173167198112758,5.3303886665456,0.00140012431612035,0.97015153336438,0.999285360615371
FARS2,-0.0181129184732332,4.90555632399736,0.00139668719610953,0.970188175821031,0.999285360615371
NDRG1,-0.0155277301130098,5.65254449467475,0.00135218336194498,0.970666763084005,0.999285360615371
TAX1BP3,-0.0174108539901983,4.75157893890188,0.00134804930804933,0.970711617742808,0.999285360615371
EXOSC5,0.0178831340608343,4.68820087465392,0.00134428916964069,0.970752475248988,0.999285360615371
SNX13,0.0169042592097616,5.10515025863406,0.0013412358345839,0.97078569477417,0.999285360615371
TTC9,-0.0155728709244385,4.66123814504057,0.00133280858906559,0.970877578079656,0.999285360615371
AP2M1,0.00663314848483692,7.2236866184557,0.00129544010937366,0.971288560163702,0.999285360615371
UGDH,0.0235643296834691,4.16822062913496,0.00127476907120005,0.971518454130995,0.999285360615371
COMMD8,-0.0119895693893487,6.48358205163702,0.00127154675025665,0.971554459009326,0.999285360615371
PNMA1,-0.0199749421475385,4.96036882512678,0.00126430265985888,0.971635568619109,0.999285360615371
ALOX12-AS1,-0.02214915067732,4.54160337384174,0.00126368827694279,0.97164245834539,0.999285360615371
SLC5A3,0.0130586150029027,6.18527032313677,0.00123916883831043,0.971918802974551,0.999285360615371
ZNF675,0.01591179322135,4.80422594818521,0.00123867911239017,0.971924350148712,0.999285360615371
ALDH18A1,0.0209547017501609,4.42463485685202,0.00123765339523274,0.971935972107988,0.999285360615371
BCAS3,-0.0209968955786776,4.64364673910049,0.00122930343425764,0.972030761886959,0.999285360615371
RPS3A,-0.00696974069488715,11.900123260231,0.00122207995240586,0.972113024091999,0.999285360615371
RNF170,-0.016371338055743,4.83188297898358,0.00121433764221024,0.972201465527981,0.999285360615371
SNRNP200,0.00703701893411445,6.92452221206361,0.001192316579818,0.972454569949635,0.999285360615371
PRPF3,0.0147991701060889,5.21242942040408,0.00119137440980666,0.972465450993612,0.999285360615371
SH3BP5,-0.0131111255665449,6.00618012074933,0.00118083907344868,0.972587417362981,0.999285360615371
MPV17L,0.0213234428640465,3.91316919817299,0.00117079138392384,0.972704246830985,0.999285360615371
PITPNM1,0.0126908460703869,5.43324981772753,0.00115931498085686,0.972838304391851,0.999285360615371
AHSA1,0.0105123548906169,6.25018817058704,0.00115777125311212,0.972856387501864,0.999285360615371
NEURL4,-0.0175533764256343,3.83427647520096,0.00113248248299058,0.973154355027981,0.999285360615371
DLD,-0.0120160589485955,5.32861642333161,0.00113148617550962,0.973166161970612,0.999285360615371
NCOA5,0.0191674086694426,4.20568524089259,0.00112316752678865,0.973264947622278,0.999285360615371
FAM8A1,-0.020871429459615,4.37545671552542,0.00110834958743666,0.973441825238753,0.999285360615371
NOP9,0.0276834081096016,3.84822358000279,0.0011051359720895,0.973480341169599,0.999285360615371
MYO19,-0.0146138432990594,4.60731495658691,0.00110418605702378,0.97349173685533,0.999285360615371
VTA1,-0.0112731397389522,5.41981102660685,0.00109919565425187,0.973551685151146,0.999285360615371
ZKSCAN1,0.0113111465803298,6.20765634398262,0.00107944726845588,0.973790263791584,0.999285360615371
CTSS,-0.0107445689067406,6.44084970798197,0.00107435689485413,0.973852113559275,0.999285360615371
CLASRP,-0.0163996829942194,4.8051464644399,0.0010726704361339,0.973872636940653,0.999285360615371
ABCC5,-0.0196773832480666,4.15330551278366,0.00107220296748523,0.973878328664849,0.999285360615371
ITPRIPL1,-0.0178571854539344,4.65853593713444,0.00106057922077696,0.9740202566373,0.999285360615371
OXCT1,0.0110116163309976,5.54465930975311,0.00105642748252421,0.974071138648641,0.999285360615371
TRIM4,-0.0104422277967071,5.37202955333296,0.00104247100015975,0.974242921511012,0.999285360615371
ABRACL,-0.00716444960818277,8.09691836053016,0.00100518119311133,0.974707632349425,0.999285360615371
ELP5,-0.0123084730488278,5.37378559781076,0.000995881784231045,0.974824861046775,0.999285360615371
REPIN1,-0.0142310641968028,4.73260134019895,0.000984594050652987,0.97496789323318,0.999285360615371
APIP,-0.0136549092044161,5.14563279667931,0.000982489082126392,0.974994656911539,0.999285360615371
CLN6,0.0206230765727335,4.39987413459342,0.000981161351425897,0.9750115531409,0.999285360615371
NDUFAF5,0.0220165485244897,4.20720481633695,0.000963412058634816,0.975238533010534,0.999285360615371
CHD1,0.00890485131252564,6.60273006747417,0.000955083607465212,0.975345759385003,0.999285360615371
THAP3,0.0154974466170791,4.78396506090918,0.000951436482939272,0.975392862341101,0.999285360615371
NDUFS2,0.00948101041311205,6.24457827508257,0.000951101407814292,0.975397194396789,0.999285360615371
KPNA2,-0.019431644227189,5.1067615661019,0.000946183327481975,0.975460866441337,0.999285360615371
RRBP1,0.0102536146808353,5.82161749771302,0.000934273720478274,0.975615744107719,0.999285360615371
WNK1,-0.00621704545800276,7.69581743601233,0.00093016506071919,0.975669403903212,0.999285360615371
ARHGAP26,0.0104069760381044,5.35601327495011,0.00092191023252397,0.975777573142621,0.999285360615371
PCED1A,0.0432278528884994,4.07921909726719,0.000883861240389194,0.976282542341411,0.999285360615371
UEVLD,-0.0187998730465334,4.50147619946346,0.000880213743659652,0.976331516857597,0.999285360615371
HLA-F-AS1,0.0407031825662962,3.80376394671969,0.000876840011972746,0.976376906055703,0.999285360615371
CLCC1,-0.0149970107186395,4.59366817742898,0.000874546282318534,0.976407815148501,0.999285360615371
MRPL46,-0.0128883622560234,4.98870698341205,0.000871602353559098,0.976447545492387,0.999285360615371
HIVEP3,0.0146502669968642,4.96757593890836,0.000838519268970828,0.976898727961828,0.999285360615371
FGD3,-0.00679757875164111,6.40975079524266,0.000837996376450434,0.976905929937796,0.999285360615371
HDLBP,-0.00785685060792258,6.2133028327181,0.000830605521153771,0.97700796825696,0.999285360615371
ATXN2,0.00889627187769574,6.23142464247518,0.000825773544875119,0.977074924428576,0.999285360615371
CHMP4B,-0.00855754633939176,6.18498682211435,0.000821962257443687,0.977127875453064,0.999285360615371
VAPA,-0.00483390300113228,7.45335803101527,0.000816708552141776,0.97720106811713,0.999285360615371
SSBP1,-0.00413107205534457,7.70153575101816,0.000803926760315932,0.977380129352045,0.999285360615371
KIF16B,0.0143521164745777,4.32872301377659,0.000795653770008897,0.977496786755339,0.999285360615371
CNP,-0.0108440652857474,5.03959336106187,0.000794941762993773,0.977506855069797,0.999285360615371
PCGF5,-0.00736719260817858,6.35464022161752,0.000777223554401019,0.977758873308199,0.999285360615371
SSH2,-0.00744411648700796,6.07235582139565,0.000762906749724124,0.977964618600384,0.999285360615371
SLBP,-0.00917729105316871,6.24116682488199,0.000752822099631345,0.978110706072972,0.999285360615371
TMEM43,0.0115619097343823,5.81293929832301,0.000751321849751463,0.978132522353402,0.999285360615371
SNX10,-0.0112984723683955,5.61493717825169,0.000749560972327146,0.978158156443956,0.999285360615371
SYPL1,0.00956185977538701,5.91964294493516,0.000744992152856838,0.978224808203919,0.999285360615371
ARNT,0.0123655385335836,4.71285292839774,0.00074237889575457,0.9782630234112,0.999285360615371
SPN,0.0071992323835359,7.09304676088762,0.000731757864404159,0.978419038151839,0.999285360615371
PDRG1,-0.0145156061690849,5.04917403688615,0.000730857669211105,0.978432313254292,0.999285360615371
FAM210A,-0.0182413583777238,4.64484475966032,0.000718250364805328,0.978619098985481,0.999285360615371
NUTM2B-AS1,-0.00637079891904539,6.63618816585212,0.000710788823338859,0.978730420184665,0.999285360615371
SSRP1,-0.00786152054696532,5.75086243767731,0.000700087959099704,0.978891095556985,0.999285360615371
ST7L,-0.0123652986381114,4.42404732975338,0.000695398621370913,0.97896189385928,0.999285360615371
ETV3,0.0143176487712773,4.85764574339066,0.000688943174406376,0.97905974831227,0.999285360615371
MED19,-0.00882136510902077,5.54865774513025,0.00068636542241407,0.979098951103027,0.999285360615371
GRINA,-0.027203432479871,4.52989253561635,0.000673912948599309,0.979289375972118,0.999285360615371
FAM50B,-0.00402400658642278,4.81559818491163,0.000671702205007563,0.979323366432908,0.999285360615371
PROSER3,0.00334344142934155,4.20908569147053,0.000669857821639752,0.979351766910983,0.999285360615371
RNF103,0.0340254495308684,4.39230256921976,0.000667430168665106,0.979389208492257,0.999285360615371
GLRX,-0.00703014000622522,7.24858213424186,0.00066636571337142,0.979405647023946,0.999285360615371
MTERF2,-0.00916004140535708,4.62385028240507,0.000663163127608613,0.979455184390372,0.999285360615371
TESPA1,-0.00915526960471683,6.21390128575917,0.000655290357371996,0.97957747103298,0.999285360615371
ANKRD12,-0.00307031532414902,9.25017043541466,0.000646352061377087,0.979717202811372,0.999285360615371
KRIT1,-0.00853489685988369,5.73463747451558,0.000642373268590291,0.979779713862168,0.999285360615371
PYM1,0.0109660663162224,5.68571729740468,0.000641855541474001,0.979787862130959,0.999285360615371
IQCG,0.0123834651856208,4.50306080195102,0.000641810123468645,0.979788577100904,0.999285360615371
SEC31A,0.00700595318961908,6.35525710984383,0.000641519638893584,0.979793150506023,0.999285360615371
SRSF7,0.00696406687778911,8.57367545901298,0.000637086466252157,0.979863075614881,0.999285360615371
DFFA,0.010047952373572,5.15137454865151,0.000620891935934509,0.980120606455754,0.999285360615371
MRFAP1L1,0.0064136021408369,6.25872884928216,0.000615317939960391,0.980210021890882,0.999285360615371
AP1AR,0.0134935195071044,5.16077326069545,0.000611026929689729,0.980279132675668,0.999285360615371
MAN2A1,0.00802925944326507,5.67277578126635,0.000607960413717024,0.980328670700946,0.999285360615371
TRIM27,-0.00846409532297481,5.76943155222886,0.000607690414078377,0.980333038391249,0.999285360615371
PSMB8,-0.00474471747871089,8.09904013556959,0.000604480263355356,0.980385042465725,0.999285360615371
NPIPB5,0.0099774401731305,5.50772953751572,0.00060261045179999,0.98041539689142,0.999285360615371
BSDC1,-0.00833466658910922,5.6853261759308,0.000597232188294328,0.980502971017912,0.999285360615371
RNF25,0.0170176304696124,4.0295001547311,0.000593833537216426,0.98055851473036,0.999285360615371
CEP295,0.0131979959971407,4.64147023363316,0.000592003484410242,0.980588488927646,0.999285360615371
SLX4,0.00837845575845785,3.8995593479995,0.000586625991189749,0.980676835447954,0.999285360615371
CHD6,-0.0096995487366624,5.9495653943634,0.000583193207013721,0.980733444469337,0.999285360615371
KTI12,-0.0108854251985304,4.46271822679814,0.000581525185843645,0.980761011488539,0.999285360615371
YBX3,0.0164373125014622,4.76990657689684,0.000580885480765403,0.980771594246855,0.999285360615371
IL10RB,0.015296227708146,5.17403938740656,0.000576347456224369,0.98084683561796,0.999285360615371
APTX,0.00713318497275876,4.98669072329876,0.000568551929045924,0.980976782272917,0.999285360615371
LLGL2,-0.00156212714013039,4.81582885703495,0.000561762472816696,0.981090686453209,0.999285360615371
GBP5,-0.00794720449765506,7.36491687440362,0.000559526086078677,0.981128356117523,0.999285360615371
FURIN,-0.0107260339379465,6.76180721337291,0.000547859815085872,0.981326095613865,0.999285360615371
QKI,0.00567347322319563,6.38417085080452,0.0005397507960474,0.981464784480388,0.999285360615371
KLRC3,0.0349419473307014,4.30636337711647,0.000538948317910126,0.981478565806946,0.999285360615371
TAF6L,0.0216239443574645,3.8678563714441,0.000534764706436874,0.981550579742541,0.999285360615371
IL6R,0.0123928074231529,5.73015246774321,0.000534716142897906,0.981551417335017,0.999285360615371
RPL39,-0.00318774378479725,12.4703538540428,0.000530834927921831,0.981618481520913,0.999285360615371
KHNYN,0.0113906101931275,4.8402163189903,0.000511985954663174,0.981947721392435,0.999285360615371
UBE2W,-0.00727737173590294,5.74779681744451,0.000502924772511904,0.982108153075392,0.999285360615371
NADSYN1,0.0132238277556044,5.10416580187269,0.000502810147548161,0.982110191775353,0.999285360615371
SBNO1-AS1,-0.126891490552488,3.73697513489314,0.000500876831896591,0.98214461249238,0.999285360615371
ORC5,0.0144470979415586,4.12676958310959,0.000494353445567697,0.982261247964122,0.999285360615371
ARL6IP4,0.0033801681105541,8.07398418297076,0.000491087281009328,0.982319934905506,0.999285360615371
PDCL3,-0.00634782558016789,6.38325489548056,0.000470675376712748,0.982691209022826,0.999285360615371
UPF2,-0.00431506613218616,7.26687469897975,0.000461489666342629,0.9828609143479,0.999285360615371
TMEM106C,-0.0109024235302315,5.13850868351512,0.000452186426791457,0.983034522280714,0.999285360615371
TBC1D5,0.00995648981072703,5.52077405421946,0.000447082758714856,0.983130521287885,0.999285360615371
RNF6,-0.0106629704296948,5.31182418700505,0.000445047259098885,0.983168961469697,0.999285360615371
CC2D1B,-0.00854034257792523,4.56216696630544,0.000444287245219499,0.983183336788912,0.999285360615371
EIF6,0.00790768648885979,6.60724816696835,0.000440888732050837,0.983247769129045,0.999285360615371
CES2,-0.0120207399734673,4.53452652823883,0.00043921801950475,0.983279535218941,0.999285360615371
RAB7A,-0.00465318133543616,6.86051312474851,0.000431744786727251,0.983422373035696,0.999285360615371
TMEM50A,-0.00392525204025512,7.95245923476321,0.000429257920774973,0.983470179007651,0.999285360615371
SNHG14,-0.0717064077906685,5.73988863478533,0.000412494066260649,0.983796118526663,0.999285360615371
RAB4A,0.0069715158396254,5.95987991479763,0.000411596733538744,0.983813750528629,0.999285360615371
LIX1L-AS1,0.0464318112547104,3.77825256199076,0.000401672626761496,0.984010049974385,0.999285360615371
ARHGEF5,0.0552210576539102,3.85953963667535,0.000398872199930622,0.984065880306637,0.999285360615371
FAR2,0.0182892908037725,4.44002534829255,0.00039318642598829,0.98417984039833,0.999285360615371
MBIP,-0.00742716738968364,4.84973342822232,0.000371775688922327,0.98461655349394,0.999285360615371
BRWD1,-0.00560423107335364,6.39765452223555,0.000361648217417354,0.984827503375794,0.999285360615371
MED23,0.00676398091121225,5.35968370016613,0.000358305372223811,0.984897780192395,0.999285360615371
ERCC8,-0.0013441941007812,3.83286557557564,0.00035302112863711,0.985009543478748,0.999285360615371
RECQL,0.0053648565659954,6.46060701364933,0.00034502530281344,0.985180260792537,0.999285360615371
TUBB4B,-0.00517745440597396,6.63553661271301,0.000342782039236766,0.985228510853308,0.999285360615371
LIMD1,0.0117513857619951,4.73491769910222,0.000338674642378578,0.985317267439058,0.999285360615371
CNOT4,-0.00526838795649088,6.2577950231874,0.000338084555071561,0.985330062749176,0.999285360615371
MTX2,-0.0102111366135662,4.75236683692409,0.000330616258729322,0.985492979166166,0.999285360615371
CD44,-0.00287559316205159,9.30435135179363,0.000328330969590951,0.985543198391619,0.999285360615371
DHFR2,-0.0149647339125756,3.89666699471373,0.000319670460456223,0.985735118221197,0.999285360615371
KLHL42,0.00709982745226886,4.86105890619915,0.000310220031231268,0.985947534553263,0.999285360615371
ORAI1,-0.00407970018612097,6.77582428445439,0.000309411544336058,0.985965856182692,0.999285360615371
TUBA1B,-0.00518064251204439,7.89431723901276,0.000298219820550116,0.986221982617912,0.999285360615371
SRGN,0.00414932417188706,9.82996846120983,0.000293197286470814,0.986338486586226,0.999285360615371
ATP5MC1,0.00432088970187471,6.81687997986136,0.000292973543389863,0.986343699720867,0.999285360615371
PWP1,0.00562874976815925,5.78469516357116,0.000292294987882968,0.98635952201248,0.999285360615371
NFATC2,-0.00445616389416026,6.44973401846973,0.000292009313614727,0.986366188747879,0.999285360615371
ITPR3,-0.00811094984743956,4.88206774665463,0.000290004900922014,0.986413057443244,0.999285360615371
ARSG,0.00863714001113387,4.5414723169944,0.000284837493893519,0.986534638332414,0.999285360615371
PTPN4,-0.00526430167947629,6.62728661570125,0.000282956910414356,0.986579158939138,0.999285360615371
AK2,0.00711767573352999,5.68010392065944,0.000253512582897741,0.987296556159978,0.999285360615371
SLC25A6,-0.00356760270596981,8.82910016473906,0.000249584910928746,0.987395339312561,0.999285360615371
EXOG,0.00632601747651784,5.6067740235705,0.000246391683351277,0.987476225198112,0.999285360615371
FAM107B,0.00227890931910021,9.10913384031857,0.000242382593022228,0.987578523239666,0.999285360615371
ITM2C,-0.00433201864844045,5.80507837607939,0.000233383056304604,0.987811287581784,0.999285360615371
BIRC2,0.00488555867659693,6.34102353055532,0.00022030212174684,0.988157770982614,0.999285360615371
CPSF2,-0.00654445454457692,5.75659815412259,0.00021263151921147,0.988365747315981,0.999285360615371
P2RY8,-0.00759360619344514,5.81716436035866,0.000210985696391219,0.988410857663069,0.999285360615371
COMMD3,-0.00456049675376897,6.49438956328551,0.000210354425814074,0.98842820682811,0.999285360615371
TMEM87B,-0.00538151322057163,5.20336389092793,0.000204137267836302,0.98860048341706,0.999285360615371
EBNA1BP2,-0.00690718508005391,5.41729909163825,0.000201270104302154,0.988680815754959,0.999285360615371
FBXO33,0.00737468814767734,5.17497070836842,0.000200790067783174,0.988694321241629,0.999285360615371
DOP1B,-0.0506762367276889,4.19708477107835,0.000198238603001499,0.988766377463479,0.999285360615371
LYL1,0.0050221252171884,4.11854049493317,0.000196599011690779,0.988812926369546,0.999285360615371
DDX50,0.00455526111587375,5.96602124002356,0.000195946175711725,0.988831514762567,0.999285360615371
ITPK1,-0.00544921278346076,4.5990742565127,0.000187136289461876,0.9890854578268,0.999285360615371
SLC41A1,-0.00859621020177443,4.64514993493606,0.0001857310807587,0.98912651121371,0.999285360615371
CLN8,0.0116792079462422,4.28569086278346,0.000182634370366586,0.989217533984584,0.999285360615371
ZNF414,-0.00483768943197003,4.88957149937017,0.000182468773154199,0.989222423104281,0.999285360615371
TNFSF14,-0.00761601203836991,6.26338667639642,0.000177901121592328,0.989358164832843,0.999285360615371
SLC16A7,0.00383569542521034,5.77280107325229,0.000171883232596315,0.98953969430361,0.999285360615371
NSD2,-0.00661986795767484,5.26095946589045,0.000169644830886995,0.989608024889721,0.999285360615371
TSPAN5,-0.00493259719136179,5.96403816675,0.000169026073688627,0.989626992813451,0.999285360615371
MTF2,-0.00440492790240808,6.06723078449948,0.00016749421930129,0.989674101555462,0.999285360615371
CKAP5,-0.00384623478389581,5.02110043300231,0.000162534223726141,0.989828132188127,0.999285360615371
FANCD2,0.00782100138379355,4.07500917122029,0.000149419756780844,0.990247111508178,0.999285360615371
TOMM22,-0.00279845015309874,6.48446636624255,0.000148533208257362,0.990276086401757,0.999285360615371
RBL1,0.0040036006616045,5.06265223223715,0.000148423118361052,0.99027969047826,0.999285360615371
NELFE,0.00461718018158083,5.75179574449684,0.000146840968522355,0.990331634654405,0.999285360615371
GABPB1-IT1,-0.0555751517539726,5.66736789132485,0.000136719291589316,0.990670785787868,0.999285360615371
RER1,0.00198073304235114,7.23650906446351,0.000135892406612825,0.990699039064519,0.999285360615371
ECSIT,-0.00645674645234487,4.80436428262532,0.000133241282382457,0.990790208057561,0.999285360615371
KDM6A,-0.00426628021991259,5.1355939193532,0.000131855735322262,0.990838216390367,0.999285360615371
CMTM8,-0.0113120889712709,4.88899448716943,0.000131457872171836,0.990852048666952,0.999285360615371
FMR1,-0.00341127446089707,5.85110754917366,0.00012903122344099,0.990936871668009,0.999285360615371
SERP1,0.00228907489065134,8.25855898226677,0.000127696745199302,0.990983858218398,0.999285360615371
RIPK3,-0.000390739175017579,4.47501382180136,0.000125614767686244,0.991057657103088,0.999285360615371
SGF29,-0.00355785354038387,5.18546430799049,0.000118610625094107,0.991310530292006,0.999285360615371
TNFSF12,-0.00297338767400175,6.89174905469664,0.000113455536901341,0.991501452677584,0.999285360615371
ARHGAP27,0.00300908573272153,4.6052361766175,0.000110048912922878,0.991630009320407,0.999285360615371
SIAH2,0.00527064035928301,6.01577541711819,0.000109498355140403,0.991650971693935,0.999285360615371
LARP1B,-0.00326459361922919,4.98113558272582,0.000108942387392119,0.991672193604269,0.999285360615371
FAM114A2,0.00556185650929466,4.72482363445967,0.000104879315831141,0.991828958938731,0.999285360615371
SELENOO,-0.00375007745588071,4.389811586007,0.000101827649107378,0.991948708519426,0.999285360615371
EIF3J-DT,-0.0023359334952432,4.96065988369404,9.46431648607415e-05,0.992237924935458,0.999285360615371
CTC1,0.00831086304261021,4.66383669105403,9.21337050385773e-05,0.992341518621376,0.999285360615371
FBXO21,0.00411622113014939,5.12282347269482,9.11227756112964e-05,0.992383649254606,0.999285360615371
TMEM263,-0.00393037971064766,5.57274847016947,8.70404043009643e-05,0.992556208310169,0.999285360615371
GZMM,0.00340122232867526,7.14998711866077,8.20910208645387e-05,0.992770938027861,0.999285360615371
MRPS15,-0.00272376145048941,6.43311952473257,8.07433649150369e-05,0.992830520302036,0.999285360615371
NRBP1,0.00211942802690635,6.40318641006952,7.99263399180461e-05,0.992866884780986,0.999285360615371
NUTM2A-AS1,0.000338482089744931,5.82838820711155,7.2945065710428e-05,0.993185519682357,0.999285360615371
ERCC1,-0.00330135014146416,5.52055208528044,7.27551696506623e-05,0.993194395230079,0.999285360615371
MT1F,0.00147142368914062,4.84792724278366,7.16649332375141e-05,0.993245577475555,0.999285360615371
RAP1A,0.00211546961046802,7.56512606562303,7.03869841309768e-05,0.993306070325182,0.999285360615371
NUP214,0.00277640401145395,5.34861609358808,7.0143440595416e-05,0.993317660804487,0.999285360615371
SNTB2,0.00235257110456728,5.49217466785991,6.89973349814466e-05,0.993372477275136,0.999285360615371
UCK1,-0.0206332480045613,4.27903387521375,6.38400115651194e-05,0.993624974605112,0.999285360615371
ROCK2,0.00324467906501418,5.44447427865491,5.9039615560863e-05,0.993869335521678,0.999285360615371
ARID5A,0.00288313209701095,6.50355356266215,5.64687793200847e-05,0.994004296139943,0.999285360615371
RBM28,-0.00287692646137304,5.68743530611007,5.64559122828712e-05,0.994004979259792,0.999285360615371
MAL,0.0023488443313822,5.91244773865241,5.59397439801046e-05,0.994032447483343,0.999285360615371
PATL2,0.0124993924398356,4.46112255762897,4.79467924421329e-05,0.994475202424064,0.999285360615371
PDE6D,0.000714398877302588,4.95631965911,4.78892725865876e-05,0.994478517305334,0.999285360615371
ZWILCH,0.000580588764597107,3.96523070402639,4.74892372928082e-05,0.994501626707254,0.999285360615371
PGAM5,-0.0032146428491123,4.60008760155774,4.50977325385793e-05,0.994641858844654,0.999285360615371
STX12,0.00208453280685196,5.37313744194778,4.26950733327658e-05,0.994786542313848,0.999285360615371
USP48,-0.00161247754492544,6.33416610140737,4.23554814652505e-05,0.994807317044449,0.999285360615371
CBX6,-0.00177380282886719,6.13209369712062,3.9697356438495e-05,0.99497289470864,0.999285360615371
EZH2,-0.00214327725906476,5.60601084486296,3.87304047677617e-05,0.995034496687086,0.999285360615371
HSPA4,-0.00245216135130519,5.93344264792351,3.83214178398816e-05,0.995060783394824,0.999285360615371
GLS,-0.00105800110857794,7.56414815566076,3.72430569051119e-05,0.995130772949265,0.999285360615371
LARP1,-0.00161383711893559,6.53487355670808,3.66909169891017e-05,0.995167001184923,0.999285360615371
EPG5,0.00148800038431539,5.21716705437772,3.16399035291681e-05,0.9955119741815,0.999285360615371
EID2,0.00344935924814829,4.83489209335393,2.82566791689476e-05,0.995758704062754,0.999285360615371
ADAL,0.00666988023143303,4.11324915771685,2.80208607250643e-05,0.99577643901909,0.999285360615371
DPEP2,0.00743257021148144,4.04045496330282,2.7311055040613e-05,0.995830275865178,0.999285360615371
RPL41,0.000492510822277759,12.9108299655825,2.37814476307108e-05,0.996109033569546,0.999285360615371
RAD1,0.00198809477989389,5.01878770325064,2.08304397730785e-05,0.996358437457748,0.999285360615371
CDK13,0.00136362556090917,6.90732742749911,2.07700159968738e-05,0.996363722877463,0.999285360615371
CTDNEP1,0.00119868738718089,6.85913096897892,1.95649898433459e-05,0.996470782218323,0.999285360615371
FAM91A1,-0.00131511130944896,5.50881545898576,1.73461875903058e-05,0.996676919780602,0.999285360615371
TXNIP,-0.00131466830756187,10.1261672485955,1.68573082675039e-05,0.996724082502607,0.999285360615371
JUND,0.00116144336876912,10.2377404239186,1.62916640285005e-05,0.996779512595582,0.999285360615371
ACADS,-0.00710192096893514,4.51923198024202,1.60104241544445e-05,0.996807430786151,0.999285360615371
GADD45G,-0.00240477950590915,6.08098364508876,1.45581358026448e-05,0.996955668854081,0.999285360615371
TRAPPC11,-0.00120399187942287,4.81363513353393,1.37467957515014e-05,0.997041716396181,0.999285360615371
ZNF766,0.00216361388524408,5.1421908062026,1.30206542223732e-05,0.997120908137924,0.999285360615371
TATDN2,0.000338594786781382,5.30050742795955,1.24595707973185e-05,0.997183623572436,0.999285360615371
SNAPC2,0.000479411292992928,5.01686934900451,1.10688229817413e-05,0.997345455676058,0.999285360615371
MRPL41,-0.000553716247387583,7.57420794348246,1.10444105736462e-05,0.99734838459413,0.999285360615371
TSTD3,0.0413592117241898,4.1452505920845,1.03972575082878e-05,0.997427243352342,0.999285360615371
POLR3K,0.00129835023903208,5.69912419907756,1.01746668441649e-05,0.997454931804085,0.999285360615371
ACSL3,-0.000865968532510934,5.22013855927738,9.24131517265891e-06,0.997574472049473,0.999285360615371
ZNF776,-0.0083747250892834,3.97788120193276,8.7184754313796e-06,0.997644084527335,0.999285360615371
RNF5,-0.00172739395160516,5.84777612154642,8.40326394957458e-06,0.997687064852224,0.999285360615371
TMEM11,-0.000423412784010057,4.99654045226193,8.35624148365355e-06,0.997693545202372,0.999285360615371
DYNLT1,0.000538164428657077,6.74909525950186,8.06123605201492e-06,0.997734623989152,0.999285360615371
C2CD2L,-0.00355565580116656,4.23919321461103,7.17930450022664e-06,0.997862132777961,0.999285360615371
MED26,-0.00944066205494236,4.25149189603933,6.87285771405755e-06,0.997908257403592,0.999285360615371
MYCBP,-0.000372341919299243,5.56663552498303,6.56726560777088e-06,0.99795528926641,0.999285360615371
TYW3,-0.000798783806738849,5.56845122612227,5.65354150694475e-06,0.998102857537092,0.999285360615371
ACOT8,-0.000451799183800065,4.88894549803493,5.63963227051545e-06,0.998105192710861,0.999285360615371
PTOV1,0.00068132865486806,5.05585463810535,4.93880589047535e-06,0.998226828743278,0.999285360615371
TTLL1,-0.00303132559207893,3.93506015824209,4.86659125265021e-06,0.998239840010217,0.999285360615371
SMIM27,-0.00128051330876167,5.96629302205257,3.1690729755951e-06,0.998579615409424,0.999383113843179
MAD2L2,-0.000872621937485453,5.3430659770315,2.39330207918442e-06,0.998765649073658,0.999383113843179
SAP18,0.000228987793091219,7.87724315877893,2.13800606729819e-06,0.998833339824168,0.999383113843179
ZFP91,-0.000858015967164531,6.1586035558598,2.00461274246777e-06,0.998870320729123,0.999383113843179
HGH1,0.00116224298904159,4.20011825967485,1.58780464687425e-06,0.998994600926071,0.999383113843179
MAT2B,0.000250730533314437,7.05359488496582,1.21201075842237e-06,0.999121598211859,0.999383113843179
HAT1,0.000213342022036061,5.67288145917927,1.13289034686659e-06,0.9991507532029,0.999383113843179
ELK4,0.000431100178567308,6.4104425174546,7.15447878718578e-07,0.999325116189949,0.999441303274728
TLK1,0.00019899103893701,7.2043916940893,6.34340580063508e-10,0.999979904384667,0.999979904384667
