gene,logFC,logCPM,LR,PValue,FDR
GZMH,2.41513560508266,5.83968864167532,21.6238410610952,3.31703029330795e-06,0.0283572919774897
FARP1,2.941669129636,4.39103688388767,16.247849115027,5.55726474913434e-05,0.237545281701747
TRIB2,-1.54511814736152,6.00953644721594,15.0538864844496,0.000104484887807545,0.278003280365838
SYNJ2,-2.34966439404372,5.03401380950601,14.2405070640514,0.000160870199663989,0.278003280365838
ZFP62,-2.84039373043207,4.70543464596053,14.2204483897785,0.000162594034603953,0.278003280365838
ETV6,-1.66536254852177,5.79786237102183,13.4051083302785,0.000250939964812939,0.35754762653097
ERAP2,-1.46050189105186,6.36367275289997,13.1016416551983,0.000295037114152834,0.360324612698939
PUM2,-1.25125824576992,6.35496962394474,12.5231307033903,0.000401944827820075,0.419084553799678
EXOC7,-1.64994904448838,5.63039816494298,12.349124884558,0.00044119323712681,0.419084553799678
INPP4B,-1.16346087901096,6.40153494614313,11.7059612940779,0.000623001887316355,0.462186867937804
RTKN2,1.59055615193525,5.7446359024301,11.1122370071515,0.00085759989244198,0.462186867937804
PCSK7,-1.01089542466555,7.38889969183293,10.950781344368,0.000935641518419579,0.462186867937804
GIGYF2,-1.41390043643706,5.99055202557903,10.9126258982967,0.000955110415655606,0.462186867937804
ST8SIA1,-2.07325748272677,5.51060142196812,10.8553786597934,0.000985092177908259,0.462186867937804
CHMP5,0.786627012245295,7.0765474915633,10.8281080448943,0.000999707380842116,0.462186867937804
LAYN,-2.0292306455274,4.69098163892169,10.7333285813046,0.00105223000929009,0.462186867937804
DNAJC30,-2.7615116267135,4.3547785267871,10.643431882806,0.00110462502111783,0.462186867937804
OPTN,0.631976203186651,7.51633640814276,10.475228281452,0.00120985838372148,0.462186867937804
LAPTM5,-0.430921092876335,8.85389784742842,10.4065332596355,0.00125570257711349,0.462186867937804
OAS1,1.46468197083833,5.93865335875764,10.3629947813135,0.00128566470177235,0.462186867937804
NEDD4,-3.15469105559467,3.90897285893252,10.3349645485777,0.00130533631435504,0.462186867937804
MEF2D,-1.42649096748922,5.5801339734831,10.1988582516731,0.00140527632797265,0.462186867937804
BLOC1S4,-1.36939863532767,5.96256529800677,10.1964275014851,0.00140712990446223,0.462186867937804
SLC25A45,-1.63612656814672,5.69076262466358,10.1864311306649,0.00141477872853587,0.462186867937804
TMEM69,-2.40308451691778,4.60877791910205,10.1177284674632,0.00146849875148798,0.462186867937804
NFATC1,-2.25072991077317,5.00857506266093,10.1070481133807,0.00147703353018991,0.462186867937804
DGKA,-1.01506947310565,6.56468265088811,10.1039383637542,0.0014795279917208,0.462186867937804
RAD18,-3.30372476593884,3.82119809055229,10.061777015868,0.00151377147061159,0.462186867937804
AP1G1,-1.40798429741569,5.62354429700216,9.96712887064211,0.0015935980579876,0.466391145230571
CCDC18-AS1,1.79609901319184,5.63627563495516,9.91805599194094,0.00163665157994118,0.466391145230571
ATP6V1C1,-1.8353316954807,4.87918799032326,9.77507502093926,0.00176893503038585,0.487804639040603
FCHO1,-2.26371472695589,4.56852127748124,9.71679644061619,0.00182591513034265,0.487804639040603
MIS12,-1.76071776083893,4.95204739805061,9.60696078287836,0.00193841187995775,0.502166156416934
CHD7,-1.43551733661059,5.49064559781209,9.48191290663986,0.00207507489395776,0.510084257283858
CHI3L2,-3.23941885925847,4.75027257724677,9.47025057502005,0.00208830845770675,0.510084257283858
TPD52L2,-1.62581670796625,5.18952839255479,9.38158404043679,0.00219176080844959,0.517885617279483
MGST2,2.01244992930562,4.30683414454838,9.32880445111094,0.00225579482987579,0.517885617279483
PPP1R37,-2.79900515183305,4.25246520690714,9.29166919972532,0.00230198309236406,0.517885617279483
MRS2,-2.12519522700913,4.75267765590221,9.19142382912126,0.00243151675104432,0.533000941145587
COL5A3,-3.3750815522226,4.36686042462442,9.06783089713462,0.00260145475328759,0.54538469650259
OSTC,-0.845328054279473,7.03550621840662,9.05646039883785,0.00261768237425038,0.54538469650259
THAP2,-3.33571365355388,4.62002272480622,9.01386235178502,0.00267939609932258,0.54538469650259
NR2C2AP,-2.14136464360538,4.99652781630887,8.96996707455466,0.00274453542830897,0.54565193899101
KIAA0319L,-1.55804730119548,5.73090309112177,8.92318351870156,0.00281573267963557,0.547084060868284
PTPN7,-0.59626446378351,7.64998278712305,8.79554193401421,0.00301967530083825,0.556467897237807
PANK4,-2.9192531167641,4.36675072386792,8.78335269950698,0.00303991958065391,0.556467897237807
RAF1,-1.34639551333865,5.83962808054343,8.7717581459261,0.00305930414904398,0.556467897237807
GUSB,1.175466160536,5.48667448323968,8.69590098447968,0.00318926433390307,0.568021266469528
EPN2,-3.95287047054349,4.01416040296896,8.49641002137374,0.00355847898324022,0.610077608048299
HEXB,-1.71130866803295,5.16099266467926,8.47872834128967,0.00359323191977307,0.610077608048299
RRS1,-1.55785549968624,5.16026549007916,8.3983552713869,0.00375560657019634,0.610077608048299
FBH1,-2.01780401016574,5.01843901660196,8.38632454225231,0.00378054607724209,0.610077608048299
CBX7,-1.22574569814529,5.50971086491157,8.38552475029434,0.00378220999257923,0.610077608048299
N4BP2,0.95393910606859,6.12157219250721,8.34192182501231,0.00387405963185781,0.613321033199119
ZBED1,-1.68405887237044,4.92902167764269,8.20736032509121,0.00417208011920606,0.621644065752341
TMEM14B,-0.697336271422065,7.12938476732361,8.18895884614327,0.00421461045875461,0.621644065752341
DTX2,-3.11605779215149,4.2449454964365,8.16187021813786,0.00427802337925152,0.621644065752341
FKBP5,-1.44165821881277,6.11113590909043,8.15750326236088,0.00428833670571618,0.621644065752341
MFSD11,1.42707269870652,5.06309645082185,8.15671147122582,0.00429020936710587,0.621644065752341
NPRL3,-1.78901092774772,4.87046305648344,8.02768655269355,0.00460676428477464,0.64698026597707
ICAM3,-0.613381102477633,7.58105301201218,8.00135024001994,0.00467424813151559,0.64698026597707
CXXC5,-2.2908286060957,4.19004039179072,7.9089299986732,0.00491913568107046,0.64698026597707
KIF11,2.26004876996912,4.0577942451965,7.8915211220454,0.00496670759983224,0.64698026597707
SLFN13,1.46426575501589,4.82520764298183,7.89059295734944,0.00496925704843298,0.64698026597707
CCNT1,-1.41035797118761,5.46113692661777,7.87925783831525,0.0050004997311321,0.64698026597707
PIGC,-1.43305962476734,5.45486604882751,7.82012297568696,0.00516676800961425,0.64698026597707
MTRNR2L12,-0.726511482300241,7.4818488184684,7.75136519184269,0.00536719535155647,0.64698026597707
MTMR4,-1.78641463895965,5.25970129542058,7.74701571631723,0.00538013741650807,0.64698026597707
SH2D3C,-1.74144261162958,4.97840735320597,7.71458060273226,0.00547765839729586,0.64698026597707
COA6-AS1,2.26865556807923,3.96847384988202,7.69534881056404,0.00553633093334008,0.64698026597707
LSR,-2.5768788240959,3.99986594347607,7.64376137380813,0.00569690004131327,0.64698026597707
ZNF248,-2.14005622484695,4.334820086699,7.64076855427824,0.00570635986084284,0.64698026597707
BST2,0.747613668355533,7.9622446900067,7.63027646327985,0.00573965039331419,0.64698026597707
NAP1L5,-3.47161548048566,3.66539781548953,7.62838522083839,0.00574567218774403,0.64698026597707
BTBD6,1.13436492999327,5.68087568857541,7.615345140745,0.00578736812201186,0.64698026597707
MTHFD1L,-1.9828242623219,4.3997828115038,7.61006208014614,0.00580434855569898,0.64698026597707
CASP7,1.39049482663588,4.95331333728154,7.56842826629417,0.00593995603292559,0.64698026597707
DPY19L4,-2.41288968010801,4.11128081865733,7.55108765233362,0.00599738642733561,0.64698026597707
ZNF548,-3.08250787293239,4.16806231977709,7.53996676340319,0.00603451558502263,0.64698026597707
DBP,-1.48325056945315,5.13723079053849,7.52168451963401,0.00609606476176468,0.64698026597707
ZNF410,-1.74208186644609,4.94721989104213,7.48448329442372,0.00622329246930137,0.64698026597707
ZMAT1,-2.08415476227388,4.7460730987192,7.45289335525968,0.00633345593498862,0.64698026597707
TRBC2,-0.471461156641807,9.96265544514868,7.42961523104478,0.0064159058814796,0.64698026597707
CTSL,1.42138947151741,5.36188318812096,7.42634029495067,0.00642759314362132,0.64698026597707
ZNF664,-2.28453087301895,4.62162874957668,7.42436621650167,0.00643464853262822,0.64698026597707
LEMD2,-1.53114913709731,5.06353801070564,7.3869829176097,0.00656975991980667,0.64698026597707
OSER1,1.19838554098307,5.050950859646,7.307196868979,0.00686789788615498,0.64698026597707
PIGBOS1,-1.39272246136719,5.38808360765677,7.245034915425,0.0071097331905897,0.64698026597707
NUCB1,-0.871953862592782,6.39409635759197,7.23566586746362,0.00714692986852651,0.64698026597707
CYTH1,-0.752334820430528,7.54158727620837,7.18532182848439,0.0073502367497875,0.64698026597707
AAAS,-2.49104029339836,4.42451203847034,7.13948156776517,0.00754049555136882,0.64698026597707
MBNL3,-2.31790592641509,4.3694710851153,7.13433173118277,0.0075621820319898,0.64698026597707
FBXL16,-2.33221024811215,4.17896430308045,7.11934391108894,0.0076256607710052,0.64698026597707
UMPS,-1.62865859615804,4.67977588248654,7.11737259556132,0.00763405043285362,0.64698026597707
TMBIM4,-0.529609857923377,7.77755765917459,7.11582402072097,0.0076406475829523,0.64698026597707
C19orf25,-0.903743047868922,6.20188276901714,7.0908559638606,0.00774782335249869,0.64698026597707
CD40LG,-0.903795242240873,7.54006337580138,7.08553541673712,0.00777085985507359,0.64698026597707
WRAP53,-3.23932026285984,3.89990185272724,7.08235320947156,0.00778467139357365,0.64698026597707
TANGO6,-2.48959976603996,4.04906869467871,7.0623598424153,0.00787202355462558,0.64698026597707
PTTG1,0.921330546155406,6.45828655869767,7.03120652070902,0.00801013680547259,0.64698026597707
CCR6,-0.832410262050129,6.57647599413328,7.00366762312309,0.00813428913486072,0.64698026597707
NUS1,-1.33532715910345,5.34827744804136,6.99016150278465,0.00819589581617606,0.64698026597707
TCTA,-1.97115115214261,4.47253961137094,6.98432270078623,0.0082226764457038,0.64698026597707
CDC123,0.942381312470162,6.21198339534881,6.94665903492753,0.00839759195681522,0.64698026597707
SPOCK2,-0.573856005691746,8.48437502176659,6.94102846635282,0.00842406635092143,0.64698026597707
SUMF1,-2.96122292942315,4.05920735637571,6.93555098693602,0.00844990288876935,0.64698026597707
TTPAL,-1.93632726784772,4.66856620252929,6.92429813576516,0.00850323578428693,0.64698026597707
SYTL2,-1.19827762895875,6.0886841502017,6.88001564925978,0.00871648003239737,0.64698026597707
USP3,0.732936958963014,6.51970366846751,6.85816876409341,0.00882369327304705,0.64698026597707
UNG,-1.95927755449174,4.54730596500875,6.85459467998928,0.00884136109622048,0.64698026597707
MAN2B2,1.16982624885654,5.21298000005935,6.83740425612267,0.0089268461398159,0.64698026597707
PPP3R1,-1.0062280063322,5.70693581020997,6.80309814383522,0.00909998313797629,0.64698026597707
UQCR11,-0.365696607474824,8.81825066847504,6.79923582689765,0.00911968973795778,0.64698026597707
PTAR1,-1.03994785221245,5.98536080223614,6.79686187923369,0.00913182394910494,0.64698026597707
ANXA4,1.20661135491774,5.27308048750551,6.79594912906835,0.00913649378529109,0.64698026597707
MIF4GD,-1.79872365442992,5.35639073675915,6.79436827036084,0.00914458760211522,0.64698026597707
EML4,-0.449128728045054,8.41005235133358,6.78814495984068,0.00917652165705613,0.64698026597707
CDK6,0.678481104397636,6.86107469089197,6.78070281455559,0.00921485998206678,0.64698026597707
TRMT61B,-3.07725663944458,4.13641108847132,6.78054107131506,0.00921569502363236,0.64698026597707
SMARCA4,-1.04536533298001,5.92467022304304,6.78034550990323,0.00921670476380017,0.64698026597707
SRM,-0.883559215675555,6.36486077641526,6.76962842644188,0.00927221376666169,0.64698026597707
CPQ,-1.87381435427229,4.35745171108315,6.75635238515761,0.00934145194812983,0.64698026597707
SGTA,1.35157624777711,4.79466774015408,6.75330824193079,0.0093574024817749,0.64698026597707
PPP1R14B,-0.860988568565924,6.98517797244932,6.74767252139708,0.00938700588820435,0.64698026597707
COQ6,-1.96536424535186,4.3611975379298,6.73387596221614,0.00945988223735334,0.64698026597707
DHX40,1.61681145763871,5.1046306632822,6.71643113255215,0.00955285998823994,0.648153968567169
DDX60,1.3166537325104,5.78893366809917,6.7019126754135,0.00963095426481312,0.648307307164468
C2CD5,1.34317689189457,4.78947365302804,6.67334299630048,0.00978654527173686,0.652519779781882
FHOD1,1.24228707415359,5.06233606605778,6.66251479405824,0.00984618687470614,0.652519779781882
VSIR,-1.0539348391899,6.09389597024713,6.62782093354423,0.010039801117743,0.656131245534589
GBE1,-3.1298033296758,4.02100075078924,6.6058379812471,0.0101644957758885,0.656131245534589
PRDX5,0.576867613043257,7.65935580682426,6.60006907716557,0.0101974811435397,0.656131245534589
NOL9,-1.79196359179158,4.98563738058372,6.59026060410066,0.0102538160257591,0.656131245534589
TFPT,1.11326559095386,5.23279201567877,6.5723578593381,0.0103574643742958,0.656131245534589
MTERF2,-1.8928079519899,4.62945064592089,6.57171968436779,0.0103611788685425,0.656131245534589
ICAM2,-0.964710756430496,6.02666100029997,6.5350314354075,0.0105770355385359,0.663035193225101
RABGAP1,-1.41097025633693,5.15519739161462,6.52693060790371,0.0106253154137138,0.663035193225101
API5,-1.36500554263801,5.52800639583314,6.4812105004136,0.0109020712230234,0.671035606047418
GALNT10,-1.05122051858956,5.97419718592878,6.47942251535535,0.0109130434052507,0.671035606047418
CD79B,-1.06774403542443,5.53571985479539,6.46709481244784,0.0109890027894068,0.671035606047418
MYBL1,-1.55249205079484,5.42232695223127,6.43378158308707,0.0111969936601102,0.678887225533917
SH2D2A,-0.810335725590521,6.98325516860241,6.40708360241156,0.0113665958967665,0.68431710085533
DDX3Y,1.35009105060691,6.1820335332526,6.38158425135624,0.0115310458086343,0.689363011314785
TMA7,-0.229305967127858,9.85650117294703,6.34686503857564,0.0117588915591827,0.695774993321007
THOC1,-1.08357398848505,5.49205894596541,6.34051322447811,0.0118010731116559,0.695774993321007
BRCA2,1.56502893908769,4.34691317951632,6.31413121283457,0.0119779421503034,0.701365941390024
STX11,-1.23378390845117,5.07513175384979,6.26924876650551,0.0122851218466,0.707989972105638
GSK3A,-1.28401636170862,5.59816746055144,6.25235533486187,0.0124028279191783,0.707989972105638
SLC25A20,1.29227522261698,5.07529615399755,6.24993209733219,0.0124198067482737,0.707989972105638
PSMA4,0.687962421887707,7.57222849542671,6.2400177779409,0.0124895222191969,0.707989972105638
RPL3,-0.467354584003941,11.3725882348719,6.23780382317055,0.0125051451383731,0.707989972105638
MANEA-DT,-2.23475790534416,4.49566023296638,6.17912097811831,0.0129266480007403,0.717947465305771
IL1R1,-1.55613974465989,5.74113671773717,6.15083323052001,0.013135020313221,0.717947465305771
SIGIRR,-0.868475278811991,6.88754639862993,6.14276282018235,0.0131950991330827,0.717947465305771
TVP23B,-2.72152567583665,4.06312828101522,6.11220835638705,0.013425128314051,0.717947465305771
RAB11FIP4,-1.54983801029212,4.79123405559774,6.10878378226416,0.0134511659238508,0.717947465305771
SNX18,1.60772965984726,4.40376861622645,6.09980433753037,0.0135196850356961,0.717947465305771
DXO,-2.34502722622139,4.10211113151703,6.0992874395842,0.0135236402185088,0.717947465305771
ANKZF1,-1.08961807506119,5.59417535675791,6.06762631147733,0.0137681868873485,0.717947465305771
F11R,-2.20491848809396,3.92781166424254,6.05437827207398,0.0138718586896411,0.717947465305771
POLR3E,-1.43064655515907,5.3709195149148,6.03897307435513,0.0139934217381166,0.717947465305771
SPRYD7,1.60643596340929,4.31279526410646,6.03037558851595,0.0140617408493133,0.717947465305771
CCL5,1.15350981508258,10.0704002171321,6.02962992884774,0.0140676823137955,0.717947465305771
CCDC50,-0.899932124134095,5.91543145388503,6.0188982675602,0.0141534795762285,0.717947465305771
DDX42,-0.83625481873192,6.25075428719193,5.99744135769056,0.0143266411780371,0.717947465305771
TMED5,-0.790415811081584,6.17788782570292,5.99277621667444,0.0143645774905998,0.717947465305771
FASN,-2.75348554580462,4.17827638020748,5.98898827538316,0.0143954565778678,0.717947465305771
NUP42,1.63068006479994,4.91123525351786,5.97692110003041,0.0144942838171593,0.717947465305771
MX1,1.12713577170454,7.40890363379089,5.97321845493869,0.014524747389659,0.717947465305771
YES1,-2.2137822014187,3.94753313832545,5.970929793111,0.0145436103439371,0.717947465305771
GAK,-1.17967921868438,5.78827354891281,5.94354127804742,0.0147713107085535,0.717947465305771
ATF4,0.524836444896587,7.50770910161482,5.93672026041353,0.0148285874796202,0.717947465305771
TANGO2,-1.49634306238298,4.62377342089631,5.92701508340819,0.0149104772600662,0.717947465305771
USP14,-0.844444970605283,6.21320371435777,5.91471790202272,0.0150149069915664,0.717947465305771
CEP19,2.05150075858799,3.9195505034424,5.91027159004937,0.0150528509660445,0.717947465305771
OXNAD1,0.570337733943794,7.32094446447761,5.89990084236086,0.0151417372042374,0.717947465305771
PPDPF,-0.348588198594582,8.55117351252047,5.89335405735939,0.0151981269575155,0.717947465305771
HSCB,1.6128907354561,4.42816006904719,5.88096130336817,0.0153054631051274,0.717947465305771
TACC3,0.966837093596664,5.46753206299142,5.86580237341942,0.0154378202275422,0.717947465305771
EMD,-0.954871102915142,5.99781908045576,5.85986441975929,0.015489987150995,0.717947465305771
ARFGAP2,-1.00620787033017,5.80818624952885,5.85775701949221,0.0155085450073379,0.717947465305771
WDR59,-1.40425586586783,4.99994614037257,5.84710228004616,0.0156027223823893,0.717947465305771
MRPL18,-0.964428374233479,6.03540661518406,5.84254146843679,0.0156432153634084,0.717947465305771
ZNF529,-1.80186361767306,4.47746676948499,5.83780420791697,0.0156853895981868,0.717947465305771
RSAD2,1.79986081835276,5.554957120022,5.83703559951226,0.0156922432984165,0.717947465305771
SMIM7,-0.709575472706705,6.53546319917977,5.8319405586242,0.0157377540010229,0.717947465305771
CCDC88B,-1.03460321277057,5.89655172291757,5.82836475147468,0.0157697755775941,0.717947465305771
RAB39B,-2.01863880269156,4.42123794989839,5.80713216027953,0.0159613027908805,0.717947465305771
NRBP2,-2.27629083363222,4.09570722872949,5.78507326281414,0.0161628242396639,0.717947465305771
RAB2B,-1.66926886995024,4.76612039618268,5.77772484238795,0.0162305374002823,0.717947465305771
TRBV28,-2.42979712927237,5.45127615463373,5.75719814232708,0.0164212376400569,0.717947465305771
UBIAD1,-2.10528112983072,4.60658264598792,5.75621851103355,0.0164303963072711,0.717947465305771
LINC00324,-1.67464503522632,4.92724784460853,5.74311623787095,0.0165533982767771,0.717947465305771
SRP54,-1.02984475364427,6.17202732034116,5.73038098960533,0.0166738648328222,0.717947465305771
TIMM13,0.793306932172985,6.247276857415,5.72842261226428,0.0166924697625034,0.717947465305771
GIHCG,1.56192924633889,4.53791492399388,5.71292712719495,0.0168404366062725,0.717947465305771
URB1,-1.95599167286072,4.18086254913237,5.70760247488421,0.0168915936140842,0.717947465305771
PRKCZ,-1.82294255233094,4.38174549488536,5.67065124186248,0.0172510505863753,0.717947465305771
NDUFAF1,1.74987679673804,4.52348940673113,5.66362088474767,0.0173203298072853,0.717947465305771
BCAP31,-0.617722879107719,7.01874562367413,5.66203550157591,0.017335992272352,0.717947465305771
SNAI3,-1.54894041375782,4.5706864947317,5.63131818468751,0.0176423598211654,0.717947465305771
SLC25A38,-1.26912132477856,5.29435757345945,5.62924044541042,0.0176632834281774,0.717947465305771
NOM1,-1.49839433767109,5.19815136538536,5.62918775160494,0.0176638144072886,0.717947465305771
C2orf74,1.17401869460984,4.9736937794966,5.61364446865712,0.0178211607086757,0.717947465305771
AKAP7,-1.45013981987265,4.67489199081483,5.61268968167797,0.0178308731594702,0.717947465305771
ARFIP2,-1.48198926699577,4.6771334329447,5.61074462978958,0.0178506758635712,0.717947465305771
FLNB,-2.37726889762787,4.20507440394407,5.60947361087308,0.0178636284565758,0.717947465305771
C18orf21,-1.63797074015317,4.91112780221914,5.60832766314666,0.0178753148017687,0.717947465305771
KLF12,-1.22191140046012,5.71619078630885,5.59880818930498,0.0179726997798883,0.717947465305771
ZCRB1,0.672706485178064,6.88134820971184,5.59208672493653,0.0180417906839284,0.717947465305771
ADRM1,-0.759263608756598,6.40569291751657,5.58356195479769,0.018129812679534,0.717947465305771
MRPL23,-1.02002637192097,5.60476089022809,5.57901023543919,0.018176992649543,0.717947465305771
SLC30A9,-1.50366836209005,4.70603528243457,5.57793086821612,0.0181881992074044,0.717947465305771
MTRNR2L8,-1.13807967148577,5.08263193432875,5.57531095292931,0.0182154302302133,0.717947465305771
STAMBPL1,1.2210141526014,5.17958463337793,5.57122992710066,0.0182579317207409,0.717947465305771
PIP4K2C,1.42976750810884,4.38779149846144,5.56819186715704,0.0182896378177773,0.717947465305771
EPS15L1,-1.59028022186853,4.80331858931728,5.56575818543974,0.0183150774589013,0.717947465305771
CREB1,-0.734533734421443,6.52018449821589,5.55416250839478,0.0184367916359051,0.717947465305771
PRAG1,-1.93694752883301,4.07280010645337,5.54907000388962,0.018490508887781,0.717947465305771
TRABD2A,-2.59210497472004,4.3427584360688,5.53708229989009,0.0186175978722744,0.717947465305771
GON4L,-0.746816666836577,6.44669862914036,5.52383111967287,0.0187591322277407,0.717947465305771
PEX2,-1.02914946055881,5.60827774621955,5.51231346861104,0.0188830538221557,0.717947465305771
GOLGA7B,-2.52136452202554,4.18172326402363,5.50710343259961,0.0189393875735282,0.717947465305771
ABR,-1.5684900223416,5.19530700488564,5.49520922011955,0.0190686459756566,0.717947465305771
GNB5,-1.00788941936861,5.50393240285677,5.49181582843577,0.0191056899850769,0.717947465305771
FMNL1,-0.694194555031358,7.64265986357026,5.48035571041158,0.019231345149016,0.717947465305771
FAM228B,1.85941583445018,4.36173878155857,5.47400893529436,0.0193013019295513,0.717947465305771
GTPBP1,-1.27458392669522,4.92879708048134,5.46888866558852,0.0193579313212428,0.717947465305771
TYW1,-1.86437928597774,4.48565276848568,5.46591084583522,0.0193909445000744,0.717947465305771
RNGTT,-1.23763745431173,5.22142936440914,5.46121242163795,0.0194431513126762,0.717947465305771
EML3,-1.22451370988014,5.11329365670864,5.45567708173452,0.0195048440281129,0.717947465305771
CDC37,-0.553932554593497,7.58461968675547,5.45043898308558,0.0195634102697428,0.717947465305771
STMN1,1.39619574878655,6.39857333042338,5.44717845504298,0.0195999574197063,0.717947465305771
ZNF197,-2.02582830813155,4.1305394472917,5.43449187392933,0.019742833855296,0.717947465305771
DAP,1.25282374701332,5.43831979977285,5.42200896376239,0.0198844678187278,0.717947465305771
PRELID1,0.409939762749939,8.09725987069784,5.41205395235701,0.0199981725073826,0.717947465305771
CD3D,-0.35659923572313,10.0879964887189,5.41134268431432,0.0200063221997913,0.717947465305771
CALU,1.19868952985143,5.28018406786799,5.40485094140014,0.0200808633566564,0.717947465305771
PDK1,-1.31450751872158,4.9047028116719,5.4022008735305,0.0201113751509643,0.717947465305771
SH3GLB2,-1.03662107295406,5.46549069031441,5.39839583737471,0.020155268648191,0.717947465305771
SPAG7,-0.700607617075242,6.40961839935618,5.38266167073719,0.0203378268429785,0.721444322326239
UBA6,-0.899767694963324,6.15609128080516,5.36093922334807,0.0205926802182278,0.723598896027264
TRMT10B,-1.3331652828583,4.93990878887646,5.35681115458229,0.0206414842071578,0.723598896027264
SMC4,0.637884285454894,6.69465814853476,5.34684312888695,0.0207598249640024,0.723598896027264
FAM168B,-1.55624972539919,5.00487011381352,5.34371420084721,0.0207971163063626,0.723598896027264
METRN,-1.87313391216049,4.44599342982559,5.34164865677141,0.0208217719525918,0.723598896027264
HP1BP3,0.398848667899503,8.25261176608344,5.33124655626926,0.0209463985783287,0.724982839862882
MAP1LC3A,-1.52352618669456,5.11979669572594,5.32158427871383,0.0210628530771377,0.725687451838498
SUB1,0.449786759697019,9.17869423576873,5.31207197221266,0.0211781547582324,0.725687451838498
EXOC1,-1.0596708849752,5.57306146377272,5.30851698866476,0.0212214133769592,0.725687451838498
STK26,1.12602570593222,5.45760253652567,5.26814842168826,0.021719102453319,0.739747437742725
ACSL6,-1.68285429076778,4.1045868797427,5.25646215150592,0.0218654224943969,0.74101652757922
CRTAM,-1.7910916364591,4.40594236987874,5.24210403301531,0.0220465947329643,0.74101652757922
PTP4A2,0.401652179051125,8.31115160280274,5.22952256780637,0.0222066271138501,0.74101652757922
MAEA,-0.989590519849515,5.6713073647375,5.2173302712988,0.0223628577530343,0.74101652757922
MDM4,-0.523641374100228,7.51304035191373,5.21388249096851,0.0224072434244999,0.74101652757922
MKNK2,-0.86292635728693,6.1910794205863,5.213198800057,0.0224160558919748,0.74101652757922
NFKBID,-1.86652152200977,4.96224829967146,5.20299883470873,0.0225479561268576,0.74101652757922
TCF20,0.944872221107243,5.47283378815781,5.200235642295,0.0225838264441126,0.74101652757922
SH3BP5L,-3.07041287249576,4.04249595202389,5.19481878448581,0.0226543169487902,0.74101652757922
MGAT5,-0.991455164089465,5.60821226064576,5.19045089665377,0.0227113230647224,0.74101652757922
LARP4B,-1.02101263023299,5.52439153344589,5.1829457013692,0.022809622206417,0.74101652757922
CHN1,-2.1328755193748,4.13152355871384,5.17174764485019,0.022957109091109,0.74101652757922
PSAP,-1.34476103342233,5.97920368071175,5.16786138703576,0.0230085248119451,0.74101652757922
CCDC126,-2.03378002682907,4.40721964505862,5.14591570500192,0.02330111814459,0.74101652757922
AP4E1,1.39149674534537,4.46666568712389,5.12059424172644,0.023643518851784,0.74101652757922
SF3B2,-0.474764575994273,7.40315444003406,5.11185472168515,0.0237629037360087,0.74101652757922
HDDC2,0.826991691305613,6.1199911077579,5.10584300450684,0.023845388719258,0.74101652757922
NPLOC4,-1.06618997912687,5.38435832816239,5.1045492505648,0.0238631787334335,0.74101652757922
COX5B,0.367646192612179,8.53372228514639,5.10401982592243,0.0238704626586299,0.74101652757922
BORCS5,0.831752781843859,5.62792295334589,5.10392925436252,0.0238717089904252,0.74101652757922
REEP4,1.4887021324948,4.45179184422699,5.09726140169815,0.023963649250274,0.74101652757922
PIAS1,-0.791830762997417,6.06172398047822,5.09598763389248,0.0239812544547304,0.74101652757922
RCHY1,-1.23560335560027,5.08031417005297,5.07436651411057,0.0242821433979314,0.74101652757922
SLC16A7,-0.992183822592944,5.77644825781978,5.07138767611781,0.0243239041754236,0.74101652757922
ARHGAP21,1.31851639517382,4.49371188799076,5.07084027001678,0.0243315864461501,0.74101652757922
OCIAD1,-0.521845145267515,7.14629825535058,5.05642999230313,0.0245347277505084,0.74101652757922
GEMIN7,1.40683893947594,4.67092728867422,5.0436682537059,0.0247160992278829,0.74101652757922
EIF3J-DT,-1.40354358693118,4.99635158868761,5.03385639969121,0.0248564925755164,0.74101652757922
STX2,1.00184010969034,5.25161940553697,5.01987292885677,0.0250580078633822,0.74101652757922
RYR1,1.67121936445715,4.54097343580089,5.01971281386268,0.0250603250712731,0.74101652757922
SPICE1,-2.14422373524951,4.30877188934023,5.01763662125183,0.0250903921922011,0.74101652757922
TESPA1,-0.812923628796815,6.25782973788096,5.00919827903356,0.0252129810470031,0.74101652757922
CD27-AS1,2.33857108187466,3.82872752269647,5.00897319873652,0.0252162594260486,0.74101652757922
CD9,1.52932765448295,4.42815160130802,5.00888016170283,0.025217614674673,0.74101652757922
RPL10A,-0.379023351147663,11.1840477602546,5.00328646708438,0.0252992358449697,0.74101652757922
CMTR1,1.12482777777014,4.97574569483794,4.99157566957861,0.025471005208356,0.74101652757922
UBE2G2,-0.75758727183806,6.64901163920117,4.98406237999358,0.025581844591283,0.74101652757922
ACAT1,0.942249743721069,5.76379962545439,4.98060601650389,0.0256330025261662,0.74101652757922
MRPL14,0.684713642002964,6.38388121651784,4.96231309852893,0.0259055327529505,0.74101652757922
NOP10,0.358081785601469,8.31980210680374,4.96219857453033,0.0259072483955826,0.74101652757922
PNKP,-0.866640409587635,5.98253811794902,4.96128799238414,0.0259208936988656,0.74101652757922
DIDO1,-0.879228400259997,6.08301342070907,4.94867466921244,0.0261106775044445,0.74101652757922
SREBF1,-1.74780863687852,4.58359296384695,4.93111488012397,0.0263772946793677,0.74101652757922
ZBTB1,-0.807091877848162,6.27304382558965,4.92850677112278,0.0264171352825143,0.74101652757922
PI4KA,-1.45219429126611,5.23472797011191,4.92810694692592,0.0264232483900126,0.74101652757922
POM121C,-1.18724269161196,5.3556697036157,4.92011450554105,0.0265457576747957,0.74101652757922
C9orf72,-1.65301546075845,4.52635249330138,4.89981319963008,0.0268596008189903,0.74101652757922
CAPS,-2.6241602898103,4.27696869209513,4.89208080884159,0.0269801500758694,0.74101652757922
ERO1B,-1.72192640025319,4.73694123000623,4.88635190506775,0.0270698273401247,0.74101652757922
HDAC4,1.57161073898155,4.87082448653008,4.87628969069618,0.0272280870321307,0.74101652757922
FBXL12,-2.00817693907065,4.17068693695711,4.87475218285739,0.0272523537470634,0.74101652757922
LY6G5C,-2.55917759156664,4.05121055402665,4.87349009346259,0.0272722903003467,0.74101652757922
ZNF44,-1.38782297147889,4.72724937646451,4.8699477805186,0.0273283273989429,0.74101652757922
ZNF354B,-2.99443663968904,3.9281216704769,4.86801543186619,0.0273589463699425,0.74101652757922
CALML4,2.43746432107291,3.66517941039632,4.86308131656045,0.0274372917202859,0.74101652757922
ZNF736,-1.4993148829294,4.20580239049322,4.8628068202155,0.0274416571008219,0.74101652757922
TRAPPC13,-1.83988009927497,4.57921714586452,4.86257067927113,0.0274454130843606,0.74101652757922
SMARCC1,-0.682824185246563,6.4367438094598,4.85428084771822,0.0275776079886143,0.74101652757922
GLE1,1.37652839105553,4.60472241319668,4.84014415818486,0.0278045706040262,0.74101652757922
CCDC167,0.797921914182486,7.7839029676181,4.83463758696249,0.0278935029740482,0.74101652757922
RHOC,-0.924509238038631,5.92993529779641,4.82929766635699,0.0279800265814937,0.74101652757922
ANO9,-1.52481106271662,4.59075875442697,4.82790651872793,0.0280026133951069,0.74101652757922
NIPSNAP1,-1.47697779325555,4.76972711947864,4.82486833556236,0.02805200763188,0.74101652757922
CCL3,-1.87264002064615,5.99593522306911,4.81899574329088,0.0281477403466968,0.74101652757922
GAMT,-2.17572257481055,4.08132590329202,4.81868395600878,0.0281528324761778,0.74101652757922
PCED1B-AS1,1.6286458377292,8.74206459040022,4.81553984222642,0.0282042359493067,0.74101652757922
PHF5A,-0.983703603503629,5.61557119007863,4.81398931877082,0.0282296215853984,0.74101652757922
PTPRJ,-0.777767076175792,5.98432081831234,4.81213009222188,0.0282600927562415,0.74101652757922
ZNF677,-2.58192974894405,4.02565741188426,4.80708487660088,0.0283429522284907,0.74101652757922
RDH13,-1.89051183740467,4.16470086040988,4.80341409322826,0.0284033977707147,0.74101652757922
IZUMO4,-1.87674570903051,4.57596969088766,4.80012516440614,0.0284576694087179,0.74101652757922
RNF113A,0.841492017034295,5.65308069190356,4.79525548581153,0.0285382237975063,0.74101652757922
SAP30L,-1.22145904117949,4.92473332490048,4.79064703619181,0.0286146755437987,0.74101652757922
CERS6,1.40548215627148,4.52926013114325,4.7847435420857,0.0287129230126246,0.74101652757922
EIF1AD,-1.37804724427393,4.54875324907012,4.78395804187727,0.0287260219568539,0.74101652757922
USP18,1.56933302866113,4.9284612955267,4.76370784476523,0.0290658693447984,0.74101652757922
MALT1,-1.03487181591023,6.09507402706835,4.75905266823887,0.0291445846807032,0.74101652757922
MAPKAPK5-AS1,-0.752584840043966,5.90318558792535,4.7544335274028,0.0292229101366599,0.74101652757922
TRAPPC4,-0.706121380972844,6.49990646409589,4.74841579553736,0.0293252800825188,0.74101652757922
ZNF276,0.746663865491197,5.97850396332976,4.74807631107865,0.029331066300976,0.74101652757922
TSPO,0.5915675429261,7.76019240331165,4.74018255660183,0.0294659443378895,0.74101652757922
ZNF263,1.41703970979726,4.24967967445092,4.73641749367646,0.0295305041635697,0.74101652757922
VPS8,-1.07847747773021,5.32118038594617,4.73301293603792,0.0295890092414643,0.74101652757922
MCPH1,-1.16558065260868,5.20256803716817,4.7245612268808,0.0297347688404571,0.74101652757922
SMARCD1,0.760413666659547,6.0840229527466,4.72436565715631,0.0297381505105936,0.74101652757922
SP1,1.01881609390153,5.36056305270232,4.72195762872882,0.0297798214981137,0.74101652757922
UAP1,-1.5502794582626,4.51439566190094,4.71822360111422,0.0298445592877951,0.74101652757922
LIG3,-1.37265364326425,4.77761819213594,4.71800520327184,0.0298483502429865,0.74101652757922
HAX1,-0.604945171020121,6.70223793835393,4.70354304745112,0.0301005048071408,0.74101652757922
ESCO1,-0.839506100904162,6.10457217989238,4.67951918452738,0.0305242908492958,0.74101652757922
DUSP4,0.87085866887012,6.63148768132788,4.67242988114773,0.0306505325819143,0.74101652757922
NF2,-1.23611028535369,4.9839325068087,4.67041445364848,0.0306865212920049,0.74101652757922
ATOX1,0.709879569596966,6.75265811723809,4.66559138685881,0.0307728239143734,0.74101652757922
NHLRC3,-1.01467299176176,5.79982142564977,4.66410110520592,0.0307995417502444,0.74101652757922
CKS2,0.900173699909496,5.5897709650646,4.66277736542729,0.0308232940996627,0.74101652757922
PNKD,0.674839004773718,6.34039222880867,4.65756754729466,0.0309169614501193,0.74101652757922
ACSL5,1.0641756136082,5.23781704029647,4.64865688668685,0.0310778548721208,0.74101652757922
ZNF397,-1.17164522671621,5.04249604411442,4.64834815043922,0.031083445127603,0.74101652757922
KLHDC7B,1.60003272798365,4.21604827782818,4.64702515721022,0.0311074123080636,0.74101652757922
QTRT1,-1.70432059572836,4.61872540222431,4.64624957052192,0.0311214717001672,0.74101652757922
GLRX2,1.07141458950178,4.97647168968235,4.64570553954195,0.0311313375372156,0.74101652757922
DCXR,-0.643857298846261,6.35553377909433,4.63120073943827,0.0313955841447621,0.74101652757922
ZNF174,1.71121671711382,3.92023679837894,4.63013753026027,0.0314150453569884,0.74101652757922
RBM23,-0.72973449296762,6.21130098771428,4.62744140465652,0.0314644522634867,0.74101652757922
KLHDC4,-1.04180705470421,5.40999238520655,4.62696660064476,0.0314731615091557,0.74101652757922
FAM107B,0.324072506604568,9.06671055476114,4.62089388190361,0.0315847743505598,0.74101652757922
SECISBP2,-0.76048732170967,6.38507365459409,4.61807625058069,0.0316367008526636,0.74101652757922
SCO2,1.43078885982881,5.34528350988864,4.61351495414059,0.0317209504720803,0.74101652757922
TET3,-2.02265169026853,4.20643523659051,4.61270637888513,0.0317359097050938,0.74101652757922
COX11,-0.892019508734346,5.53864755434885,4.61200721632374,0.031748850657303,0.74101652757922
LINC-PINT,1.44403737903714,7.52297300249013,4.61044766812209,0.0317777365169713,0.74101652757922
ACTA2,1.46140793727908,4.60014225526514,4.60864525736919,0.0318111548254621,0.74101652757922
NMD3,-1.24151017258571,5.11516589860643,4.6077541137885,0.0318276909700901,0.74101652757922
PCNX2,-0.99658672391878,5.45790384424471,4.60751800835811,0.0318320736676285,0.74101652757922
ITPR2,-0.930542281414787,6.08342017920888,4.5997366377887,0.0319768679939099,0.74101652757922
SELENOM,-0.919108098371204,5.69977431761137,4.59876588610902,0.0319949797238192,0.74101652757922
DTYMK,0.919574786235695,5.1991321786241,4.59741159092713,0.032020265276742,0.74101652757922
TRMT2A,-1.28130983902841,4.7421046420839,4.59258396520285,0.0321105699202193,0.74101652757922
NCOR1,0.487191923875032,7.76393761897694,4.58734064040624,0.0322089517313794,0.74101652757922
AKAP1,-1.76851266407039,4.52165645202223,4.5831248870038,0.0322882811104004,0.74101652757922
IMP3,-0.575312153027416,6.85761664956717,4.58237431944684,0.0323024261888861,0.74101652757922
SUCLA2,-1.16656915860578,5.05535191415499,4.57872031680326,0.0323713814042696,0.74101652757922
MMP25-AS1,-1.28179291284704,4.7290981652763,4.57030860890285,0.0325307046180569,0.74101652757922
EMC1,-1.49451736391351,4.52590341633663,4.56342192342076,0.0326617523057602,0.74101652757922
MOSPD1,-1.6362645313574,4.48676813371605,4.56025086872123,0.0327222799583612,0.74101652757922
FKBP3,0.612102010078752,6.60670071330496,4.55880426610613,0.032749930941185,0.74101652757922
PPP1R21,1.24777866316696,4.97067175225138,4.55739948338514,0.0327768059104853,0.74101652757922
TAF4,-2.28544436050252,4.35735575952412,4.5465327723786,0.032985477167918,0.74101652757922
CCDC69,-0.896765790299015,6.18907268556164,4.54502650699465,0.0330145109679493,0.74101652757922
SLC39A7,-1.15716299644211,5.20093855273635,4.54450346559266,0.0330245990183276,0.74101652757922
NMI,0.703658281162743,6.29144054377593,4.53688818042381,0.0331718424321463,0.742371939666018
CKAP2,0.8582169067273,5.58349495978969,4.52492990713694,0.0334044439247552,0.743381608490917
PPP2R5D,1.32361809817431,4.54884215134022,4.52213409579254,0.0334590708376042,0.743381608490917
YPEL1,1.47261723831527,4.36283193072013,4.51428934153533,0.0336128471188998,0.743381608490917
GET1,1.86375445982796,4.00238297689056,4.50713959016505,0.0337536428554539,0.743381608490917
SMIM20,-0.945039987755006,5.32507228194355,4.50193643062692,0.033856492850338,0.743381608490917
CNIH1,-0.708278128343576,6.32069374078883,4.5008189133493,0.0338786253187486,0.743381608490917
SYNE1,-0.784172818678423,6.81437633224879,4.50079229926366,0.0338791525959195,0.743381608490917
REC8,1.06685109365921,4.83207899939071,4.48829137935927,0.0341277708952827,0.743381608490917
TXN2,-0.711802851696977,6.25822103296842,4.48485723175589,0.0341964025459673,0.743381608490917
MAST4,-0.793936376203995,6.15996818243094,4.4836930962731,0.0342197005918287,0.743381608490917
POU5F2,-1.71168208286584,4.30161592526502,4.48037956513736,0.0342861057310509,0.743381608490917
COPZ1,-0.673218929192909,6.63034429310133,4.474501399973,0.034404239304689,0.743381608490917
MAPKAPK3,0.77006775263478,5.95186955945959,4.47362605552344,0.0344218674806302,0.743381608490917
HNRNPL,-0.805497977976179,6.51497605006284,4.47300732662209,0.0344343334848992,0.743381608490917
DPH2,-2.58770827881457,3.96892051178086,4.44971997623365,0.0349069701903782,0.748666482804751
C2CD3,-1.7371173307453,4.30973666612205,4.44930652545488,0.0349154225526559,0.748666482804751
EIF4ENIF1,-1.53029462369146,4.51689345504868,4.4385236167031,0.0351366199774864,0.748666482804751
SNHG3,1.16739605472261,5.94828590975785,4.43794396488974,0.0351485522168522,0.748666482804751
SYMPK,-1.12443938229247,5.40192183362868,4.42674209473308,0.0353799790799753,0.748666482804751
SNHG19,1.52908093545377,4.31605446685824,4.42414460658297,0.0354338696135113,0.748666482804751
NAT14,-2.05033004824281,3.79065995879552,4.4227806945363,0.0354622013081479,0.748666482804751
MT2A,1.01664963236821,7.76095519025369,4.42005459723292,0.0355188998721875,0.748666482804751
ST13,0.413371793971601,7.9018357435141,4.41862302425367,0.0355487123240099,0.748666482804751
UPK3BL1,1.83546570802641,4.91744123847218,4.41832744640284,0.0355548709812526,0.748666482804751
PABPC1,-0.345098406335384,9.42599409290545,4.4047956550684,0.0358380180689749,0.751696851528812
CSNK1G3,-0.750371869703764,5.90699562027067,4.40073437093954,0.0359234583230922,0.751696851528812
ABCD3,-2.17906965831275,4.48134014987076,4.39820821991675,0.0359767103478634,0.751696851528812
RECK,-2.58187809425339,4.05177401242913,4.39337577534418,0.0360788100432213,0.751696851528812
DCAF17,-1.63625958732736,4.31135239243736,4.38882602119105,0.0361752142518256,0.751696851528812
GTPBP4,-0.837532249536583,5.80572353790447,4.38641763841087,0.0362263542905451,0.751696851528812
COMTD1,0.829585001023254,5.81230525247268,4.37883360065395,0.0363878900671247,0.753220513762347
TACC1,-0.70425349263669,6.70301192486605,4.37371180262294,0.0364974079336836,0.753662658031548
GGNBP2,-0.538351063420121,6.9607517496821,4.36683273952724,0.0366450441448266,0.754887909383428
PIAS2,-1.18743244635284,4.98612533128923,4.35674437622373,0.0368626892319247,0.757545986162799
GBP1,0.775909984419245,6.83951940809477,4.35210020611756,0.0369633365677785,0.757792720186903
STAMBP,0.849525810735397,5.62956951347874,4.34605909411913,0.0370946889316463,0.757989576727933
SENP1,-1.29249275219099,4.77606846662572,4.34098548759626,0.037205382433966,0.757989576727933
WDTC1,1.17286078974825,4.84685093962697,4.33728469343286,0.0372863427692489,0.757989576727933
ZC3H12A,-1.53835804552878,4.87253932240237,4.3354022287109,0.0373275952511943,0.757989576727933
TIFA,-1.19522537949281,5.51799453578928,4.32693319895867,0.0375137785114264,0.758770939456901
RPL4,-0.356800065023233,9.80054322301131,4.32558146745997,0.0375435849093776,0.758770939456901
DMAP1,-1.26657880068407,5.24562188666851,4.31572233355771,0.0377617359386623,0.761379906933074
ARHGEF3,0.681817354271504,6.31730174063657,4.30743720926479,0.0379460861900796,0.763296684327036
ST3GAL5,-0.933172014854315,5.94618932417488,4.30023764699557,0.0381070477556467,0.764735096861559
SNHG6,1.51781713879115,8.47485750834883,4.29493306175555,0.0382261008389879,0.765327719139361
ITGAE,0.800698284896948,6.57915035729009,4.28226915956013,0.0385119013955631,0.768186269759763
SH2B1,-1.27677021613638,4.85379053769349,4.27681508139254,0.0386356790437411,0.768186269759763
PSMB8,0.436607312744945,8.11429406480921,4.27380496960281,0.0387041706221244,0.768186269759763
TNFRSF10A,-1.22845760613266,4.86440766144769,4.27274561258456,0.0387283053300337,0.768186269759763
TCEAL4,1.09739339072955,5.0242815156437,4.25842511812638,0.0390561138093102,0.768498365732546
CYTH3,-2.12079633901405,4.14286734312514,4.2549598017699,0.0391358743120659,0.768498365732546
FBXO5,1.6363241073364,4.04363255339774,4.25320627576017,0.0391762999539583,0.768498365732546
TUBA1C,0.767624127183882,5.93237466436658,4.24346060386184,0.0394017754610223,0.768498365732546
EIF3E,-0.328157237662128,8.6704851072638,4.24216774524166,0.039431789104282,0.768498365732546
FAIM,1.72672567480933,4.13836874615928,4.24203384389717,0.0394348989871269,0.768498365732546
DPP9,-1.15741658466952,5.15504751132364,4.23955535166022,0.039492508898747,0.768498365732546
CENPC,-0.611088278943235,6.49322858110586,4.2384321862073,0.0395186447482934,0.768498365732546
UNC119,0.873549293883249,5.51047742720229,4.23695355034118,0.0395530800002714,0.768498365732546
NBEAL1,1.04614182696729,5.33429929098082,4.2281392833468,0.039759005535043,0.770395298911299
RSL24D1,0.42380054363163,7.953929789618,4.22401396754627,0.0398557704299986,0.770395298911299
RALB,1.03894461585624,5.00311054081945,4.21185301132803,0.0401424629793036,0.770395298911299
RAB8B,-0.580635709084631,7.25051015098344,4.21170912364206,0.0401458680345442,0.770395298911299
NOP2,-1.50473074579598,4.40682768037889,4.21035094568184,0.0401780238135414,0.770395298911299
SP2,1.09679320655293,4.84938662410963,4.2061465097409,0.0402777381575295,0.770395298911299
SYF2,0.352892015496857,8.09971623633235,4.20354624106851,0.040339537305019,0.770395298911299
QDPR,-1.52471867853232,4.53739685907904,4.18903212699476,0.0406863195422954,0.770395298911299
PLEKHN1,-1.99175349356731,3.88396257726346,4.18840980900646,0.0407012582320027,0.770395298911299
ATAD2,1.03943861266158,5.32354485098752,4.18345928384857,0.0408203004928447,0.770395298911299
CLN3,-1.07306210158165,5.38046075621681,4.18326865828831,0.0408248916528566,0.770395298911299
ENTPD1-AS1,-1.46790862383057,4.37055458918527,4.17975620163102,0.0409095852441017,0.770395298911299
CPNE7,1.09587346633015,6.14441800469397,4.17932155235911,0.040920078481622,0.770395298911299
ABCB8,-1.34504248093026,4.76828543476534,4.17163632278879,0.0411060817058627,0.770395298911299
STRAP,-0.795543509051128,6.22950615887612,4.17048511733149,0.0411340203503992,0.770395298911299
PTPN12,-1.2061339363195,4.96121331205559,4.16699446014327,0.0412188572169261,0.770395298911299
PPP2R1A,-0.678477796546571,6.1423778497914,4.1635617728831,0.0413024644284489,0.770395298911299
GEMIN6,-1.41582858293334,4.69430551161298,4.15325431239844,0.0415545872479844,0.770395298911299
SCOC,-1.23715819788143,5.11756948648583,4.14795235970155,0.0416849034598353,0.770395298911299
ZNF76,1.35934166182526,4.39242993709446,4.1408312896981,0.0418606076209448,0.770395298911299
IL4I1,-1.92449848304601,6.11217635846687,4.14045056119962,0.0418700235443076,0.770395298911299
YIPF4,-0.645004821669253,6.62834025828451,4.13717512441853,0.0419511214584557,0.770395298911299
NARF,0.777162751238576,5.78635341125648,4.13688351769079,0.0419583494694363,0.770395298911299
WDR4,-2.19990472754977,3.82282534949467,4.13623851418561,0.041974341721071,0.770395298911299
SESN3,-1.11101576143615,5.5393298906815,4.13408211904176,0.0420278540209239,0.770395298911299
IL7R,-0.614737795287803,9.81085980127292,4.13126628859556,0.0420978385814879,0.770395298911299
TUSC2,-0.826316498587764,5.74750167672634,4.1285790171163,0.0421647421671983,0.770395298911299
ZMYM1,-1.4940477432788,4.32505149370947,4.12289361192082,0.0423066573102413,0.770395298911299
DDX19A,0.96546541492794,5.16178172972911,4.11837235698183,0.0424198721001179,0.770395298911299
BTF3L4,-0.596009646461324,6.48025822781208,4.1169656822847,0.042455160955509,0.770395298911299
FNDC3B,1.0590844123442,4.63147968596324,4.11532151852257,0.0424964467525384,0.770395298911299
UBE2T,1.75393350098189,4.07905982793477,4.11146743649908,0.0425933902510858,0.770395298911299
NOTCH2,-0.907889108226254,5.39099971037149,4.10716367934706,0.0427019194708773,0.770395298911299
PRR34-AS1,-1.70144945400549,4.36451572625458,4.10371105293375,0.0427891956313053,0.770395298911299
CSE1L,-1.29860407325877,4.61544237832807,4.09183447100172,0.0430908493013693,0.770395298911299
CRELD1,-1.44800657876348,4.56642580167954,4.08519331230088,0.0432605024824332,0.770395298911299
RBMXL1,-1.35706186866941,4.73082712771848,4.08327084943072,0.0433097441918016,0.770395298911299
EXD3,-1.77976324747369,4.18049721388499,4.08295683441383,0.0433177929306137,0.770395298911299
NCAPD3,-1.19224930258834,4.68838855874424,4.08167734584543,0.0433506046680687,0.770395298911299
KRR1,-0.583060400060648,6.51873821316413,4.08081011034808,0.0433728592805648,0.770395298911299
POLR2D,-1.09647060440036,5.0973484429627,4.07562819645989,0.0435060859415158,0.770395298911299
IDI1,0.521274749499904,6.96128726878307,4.07559520655275,0.0435069354875611,0.770395298911299
AP2A2,0.941740184076851,5.47620493937774,4.07486797927336,0.0435256672563057,0.770395298911299
INO80E,-1.05534039357072,5.24247180270487,4.06196688668626,0.0438593851113589,0.772250058975375
MYADM,0.745106998684006,7.03695530637396,4.05741542001363,0.043977761301693,0.772250058975375
NDUFAF4,-1.10019207883351,5.01968232912242,4.05262604778889,0.0441026881337184,0.772250058975375
NSMCE3,-0.806752592361044,6.17013897846123,4.04347839859558,0.0443423361162438,0.772250058975375
ZSCAN26,-2.52509891139266,3.83085946790028,4.04286716337849,0.0443583978888408,0.772250058975375
PXMP4,1.46567915253261,4.26912629167124,4.04180845744832,0.044386232593373,0.772250058975375
NMT2,0.874159255207141,6.1091916200754,4.04134811640359,0.0443983412703726,0.772250058975375
ZNF738,-1.69892165665728,4.41466565497801,4.03948376166268,0.0444474162843957,0.772250058975375
PMAIP1,0.811617049674048,6.14647566352602,4.03634640858894,0.0445301291040777,0.772250058975375
RPS16,-0.357292715212326,11.4591393365696,4.03365915998442,0.0446011042551364,0.772250058975375
ST3GAL2,-1.36948583480932,4.82462939656832,4.03261809756165,0.0446286326154662,0.772250058975375
ZFAND6,-0.727403154099034,6.45210143578043,4.02842255610403,0.0447397549329376,0.772250058975375
SACM1L,-0.722280274834661,6.00772341665714,4.02597270492445,0.044804775909672,0.772250058975375
ZNF32,-1.01479345606698,5.47791332370881,4.02009812111532,0.0449610976799349,0.772335625220523
APEH,-1.04949183753838,5.17919417367458,4.0118789305015,0.0451807736602694,0.772335625220523
CNIH4,0.628210896394487,6.09456293719969,4.0067999243432,0.0453170861326133,0.772335625220523
CNOT8,0.740700931574756,5.75017635070676,4.00677290512044,0.045317812442919,0.772335625220523
SOCS3,-1.06087442094022,6.28398527746428,4.00332111750828,0.0454107017033338,0.772335625220523
ETV7,1.55380722165548,4.81573882946306,4.00006375190577,0.0454985429171401,0.772335625220523
HNRNPC,0.31609518227823,8.88216427591698,3.99833470968962,0.0455452426167097,0.772335625220523
SEPTIN2,1.26277987084985,6.75813746905892,3.99088396401561,0.0457470581903352,0.772335625220523
OTUD6B-AS1,-0.729072259209596,6.27755136188915,3.98989066196018,0.0457740344843698,0.772335625220523
HAUS5,-1.91772433104216,4.00635900322298,3.98490220294154,0.0459097657263315,0.772335625220523
MKI67,1.96313938011117,4.37868553341711,3.98475804459397,0.0459136944373831,0.772335625220523
ZNF680,-1.57222075505532,4.2773548292249,3.97798120430621,0.0460987823209243,0.772335625220523
OPA1,-1.08324985821266,5.32741900441166,3.97746157998533,0.0461130066284068,0.772335625220523
WASHC2A,-1.10220403497747,4.88759063179838,3.97736382228728,0.0461156831854903,0.772335625220523
SPN,-0.604660069838631,7.10179417543247,3.9755682712848,0.0461648736095084,0.772335625220523
PSMD3,-1.0806818938708,5.62885356543519,3.96972035933788,0.0463254651110375,0.77302684122375
ASCC1,-1.27745980716119,4.61929971340033,3.96361409405031,0.0464937799058644,0.77302684122375
KLF3,-0.992458166085962,5.55449235528745,3.9614799387209,0.0465527582751232,0.77302684122375
NAA80,1.46042151524109,4.12761381106818,3.96077910527056,0.046572143329494,0.77302684122375
EDRF1,-1.29691658826154,4.85751689049901,3.95766779162057,0.0466583050732782,0.77302684122375
NDUFA6,-0.471926783490886,7.18733208276593,3.95006465404286,0.0468695669978975,0.774912132744373
SUPT20H,-0.684284915019532,6.05518512341819,3.94705813716766,0.0469533845784987,0.774912132744373
TELO2,-1.72258919404264,4.35934398038698,3.94065620435014,0.0471323887701818,0.776367613865672
IFT74,-1.30347590195715,4.41448604803526,3.93552463788325,0.0472763918947981,0.777242065978133
JAGN1,-0.910453637085051,5.66956397513267,3.92340948066624,0.0476182142754625,0.777578868095958
ZNF333,-1.78690938459962,4.19252479994261,3.91875355576777,0.0477502712157428,0.777578868095958
LRP12,-1.64382874192996,4.53796938241386,3.91739927647701,0.0477887554086368,0.777578868095958
TMEM109,0.757523553495068,5.81869587074335,3.91348022505798,0.047900306528409,0.777578868095958
TERF2,0.935838606675938,5.03543672805997,3.91263306120634,0.047924456129789,0.777578868095958
OTUD6B,-1.06487057619305,4.8607529688795,3.91039639523839,0.0479882772052267,0.777578868095958
MAP9,-1.94644902796686,4.22352943880823,3.89862443654071,0.0483256599833143,0.777578868095958
RFC4,1.44901555522447,4.41869284105775,3.89692448363986,0.0483745868782038,0.777578868095958
IL12RB1,-0.769365080740302,5.77407869327473,3.88822537816494,0.0486257783272975,0.777578868095958
TADA2B,-1.17324199133092,5.09122838778959,3.87918077204767,0.0488884068808349,0.777578868095958
MRI1,-0.960704121002289,5.28548446502064,3.87696599934836,0.0489529452991876,0.777578868095958
ZNF688,-0.875827419985574,5.47880501181942,3.87571038392885,0.0489895738507328,0.777578868095958
TBPL1,0.874869830383575,5.15158767514944,3.87553992440277,0.0489945486911102,0.777578868095958
ENO2,1.23304060172019,4.47080598466844,3.87509971771888,0.049007398536965,0.777578868095958
WASL,-1.33139651377444,4.58090212628289,3.8741350255556,0.049035570813385,0.777578868095958
ZC3H8,-0.645714077966095,6.16907696279978,3.87335708173264,0.0490583018617583,0.777578868095958
PHTF1,1.16640393994213,4.64124325800553,3.867172214089,0.0492394163326911,0.777578868095958
CAP1,0.3174909088974,8.22906112832137,3.86555100914445,0.0492870075720067,0.777578868095958
SUDS3,0.679898628278642,6.11156623459929,3.85829567112154,0.0495005874349997,0.777578868095958
NOP53,-0.427871952720226,8.68523371371767,3.85629800432155,0.0495595654636887,0.777578868095958
TBL1X,0.946042339394934,5.05944347977815,3.85299446359593,0.049657260333445,0.777578868095958
TOMM7,-0.355300017778576,9.52874868286779,3.85234932113653,0.0496763627191823,0.777578868095958
ANKRD40,-0.993794503254429,4.96922221750929,3.84835951865003,0.0497946716129923,0.777578868095958
CYREN,-1.42852512210738,4.53343719978031,3.84699422042671,0.0498352248842705,0.777578868095958
TNFSF13B,0.859243176707143,5.88807309643635,3.8461164148921,0.0498613166530344,0.777578868095958
CD48,0.261529145412299,9.17999748493981,3.84491889316231,0.0498969348988132,0.777578868095958
TRAF5,-0.756974686074721,6.37910537584675,3.84346665039952,0.0499401654596914,0.777578868095958
RP9,1.00539383784849,5.36344904892054,3.84127680098682,0.0500054280408796,0.777578868095958
NECAP2,-0.555787417721897,6.8712601352936,3.8380999612681,0.0501002654586599,0.777578868095958
TRMT10C,-0.827591175796999,5.69229041671526,3.8378866940426,0.0501066388768519,0.777578868095958
FAM193B,-1.55661084762399,4.388232907639,3.82738744026808,0.0504214673094315,0.777578868095958
SPIN1,0.90109426115152,5.25427896212201,3.82715597323163,0.0504284315389971,0.777578868095958
RPS9,-0.373044931718534,11.0525768299521,3.82489527938432,0.0504965033041381,0.777578868095958
FANCF,-1.52564117195471,4.40047211292072,3.82276783919204,0.0505606513766469,0.777578868095958
JAK3,-0.507334536880996,7.12908174093181,3.82135902010636,0.0506031784830979,0.777578868095958
PDXK,-0.809472095777029,5.55569588877354,3.81724862799107,0.0507274724532302,0.777578868095958
PREX1,0.526203320475789,7.27989934442034,3.81371756350314,0.0508345058771866,0.777578868095958
ZNF75A,-1.24016589957772,5.29665741450819,3.80179556423265,0.051197652367104,0.777578868095958
SCAI,-1.54857631144819,4.71121003206763,3.80003324171055,0.051251565350016,0.777578868095958
GPR34,-2.43959445273478,3.98595153720152,3.7995071947295,0.0512676698154713,0.777578868095958
UNKL,-1.24916724286775,4.72283112496645,3.79614565890428,0.0513707067222058,0.777578868095958
MDN1,-1.16205972441657,5.14914916234677,3.79372796275167,0.0514449486941343,0.777578868095958
GCDH,-1.21962790653907,4.82666614628143,3.79330458666037,0.051457961286582,0.777578868095958
NAT9,-1.25668972665952,4.67121995365958,3.78824888365502,0.0516136191295167,0.777578868095958
SNX17,-0.664021667627546,6.33738793401424,3.7854342360987,0.0517004938430028,0.777578868095958
ABL1,-1.4438019892986,4.3105127700565,3.7808317843738,0.0518428829523694,0.777578868095958
CRYZL1,1.20487113078915,5.16663569055486,3.77707576187554,0.0519593929481751,0.777578868095958
DNAJC14,-1.89845057244874,4.01141597287634,3.77688893623565,0.0519651954163973,0.777578868095958
LAT2,1.20793190816865,4.41900480260079,3.77503411318685,0.0520228400880364,0.777578868095958
LRRFIP1,0.37148815478861,8.82255940101024,3.77381028417374,0.0520609116080815,0.777578868095958
GATD1,-1.30003196596683,4.78374644193568,3.76769589009236,0.0522515634957825,0.777578868095958
SMARCC2,-0.712871841051653,6.33638794843145,3.76398365243925,0.0523676744811966,0.777578868095958
TRAF1,-0.943123875246487,5.67128534369986,3.76363905329292,0.0523784666589377,0.777578868095958
AKR7A2,-0.984104493648832,5.4422733305324,3.76006366178918,0.0524905800042872,0.777578868095958
KPNA6,-1.01982876331655,5.72630909075188,3.75953079880032,0.0525073106929493,0.777578868095958
YWHAE,0.434997405276064,7.72984702977765,3.758829573012,0.0525293361927408,0.777578868095958
GAS5,1.49136513659822,8.69045540814862,3.75433664721391,0.0526706912376108,0.777578868095958
CHD1,-0.627971520079054,6.60354779230904,3.74943600800649,0.0528253328557594,0.777578868095958
SP100,0.489867042556773,8.5071225280998,3.74921119373571,0.0528324384794531,0.777578868095958
VPS37A,-0.953821008803487,5.12810085282799,3.74501003092178,0.0529654094168464,0.777578868095958
SNHG32,1.3117131060386,7.19342601542213,3.74260376361251,0.0530417296914144,0.777578868095958
ZFAND3,-1.0212455434729,5.15851495372703,3.73877882492126,0.0531632861199941,0.777578868095958
RIOK2,1.22760559110615,4.5777703701574,3.73568564752615,0.0532618029110315,0.777578868095958
CD80,-2.33926709935308,4.40046925027664,3.73555731075658,0.0532658945738708,0.777578868095958
RPL41,-0.217475624742434,12.9205585113172,3.73372528171682,0.0533243400559031,0.777578868095958
MED27,-1.0733066824433,4.88672306509126,3.72790980286584,0.0535103161291335,0.777578868095958
SH3YL1,-0.960511598504399,5.49066780330393,3.72545525783727,0.0535890172810667,0.777578868095958
LMNB1,0.851845771332841,5.46486598498995,3.71663357570383,0.0538728844280103,0.777578868095958
UBE2K,0.524302205750854,6.97643790646106,3.71259414955059,0.0540033977606234,0.777578868095958
EPSTI1,0.778012990435335,7.15178988640364,3.71205627482168,0.0540208016784282,0.777578868095958
THOC2,-0.588486010049682,6.78269721164735,3.71036944727728,0.0540754206108066,0.777578868095958
WHAMM,-1.00479582595979,5.55337984918237,3.70899458602644,0.0541199814535512,0.777578868095958
TRIM5,1.20836256474439,4.60302074985437,3.70486560368917,0.0542540405802294,0.777578868095958
TMEM97,1.53322573302512,3.9169745961349,3.69759544165094,0.0544909430091345,0.777578868095958
WDR45,-1.1362809331309,5.03829496509539,3.69651733663303,0.0545261669149021,0.777578868095958
UBE2Q2,-0.924351834431527,5.61463342322141,3.69590423653732,0.054546208917469,0.777578868095958
SNX30,-1.27468969246651,4.4288537079254,3.69518765770046,0.0545696434955206,0.777578868095958
STK19,-1.27756814876278,4.74708123604559,3.69341020830713,0.0546278182417863,0.777578868095958
EEF1D,-0.320579002068422,9.9639940849916,3.69048838107936,0.0547235906038598,0.777578868095958
TALDO1,0.47850992946235,6.97361824893873,3.68888837470617,0.0547761114003241,0.777578868095958
HSPA14,-0.999817052566809,5.20684775465548,3.68176220665866,0.0550106802823045,0.777578868095958
SKIL,0.529416199513718,6.75128751393955,3.67778417701843,0.0551420862489709,0.777578868095958
ACD,1.2487436441345,4.74907481851748,3.67740806717864,0.0551545274668237,0.777578868095958
PRXL2B,1.38251593246735,4.0228804545017,3.67737629391721,0.0551555786207623,0.777578868095958
FAM89B,-0.456331505760352,7.1849187976105,3.6739884709733,0.0552677798425615,0.777578868095958
TTC1,-0.560506560868736,6.4862123749598,3.67285344661858,0.0553054247887581,0.777578868095958
GDAP2,-1.19787203574825,4.66908279819259,3.67187442032809,0.0553379176439579,0.777578868095958
AGGF1,-0.88384915568145,5.52319083436666,3.67181698087459,0.0553398246277004,0.777578868095958
PHF13,-1.64503409590379,3.92361142062854,3.67024862626557,0.0553919207709017,0.777578868095958
ABHD16A,-1.04529392938525,5.03870778780566,3.65910039338777,0.0557637345071155,0.781515026723492
TXNL4A,-0.487030675334678,6.96847274474724,3.64852657048856,0.0561188374657503,0.78308765235232
ARHGDIA,-0.527804148384156,7.44392879575343,3.64673063255982,0.0561793887865985,0.78308765235232
NSF,-1.06583293124102,5.17666341477123,3.64544615402045,0.0562227384071366,0.78308765235232
STRADA,-0.87497343489871,5.29389366605716,3.64331193223356,0.0562948443444933,0.78308765235232
FASTKD3,-1.66180055429269,3.90600498985056,3.64063248665779,0.0563855099430453,0.78308765235232
CDYL,-1.17758014059067,5.18891774977374,3.63651953755766,0.0565249832404814,0.78308765235232
PHLDA1,0.869823606237741,6.64140817704492,3.63406945069332,0.0566082415573851,0.78308765235232
CREBZF,-0.614371230706537,6.36702827192653,3.63405461922653,0.0566087459531798,0.78308765235232
STK11,-0.867998060541466,5.5213651417513,3.62055631422641,0.0570697867212793,0.787666464660785
DRAP1,0.414521392138328,8.32748341896904,3.61876868810085,0.0571311421535294,0.787666464660785
RAB22A,-0.782327198562392,5.97509073139811,3.61222643771411,0.0573562850326433,0.787666464660785
ARID4B,-0.380570324091944,7.93582311416278,3.60986856507133,0.0574376588803326,0.787666464660785
CIAO3,2.25382911003527,4.07048479876804,3.60930081441214,0.0574572711448115,0.787666464660785
KIF5C,-1.11007306407845,4.96722201360149,3.60617935883706,0.0575652251789139,0.787666464660785
GOLGA8B,-0.862004668064195,6.11406711016789,3.60561711494068,0.0575846929948521,0.787666464660785
SH2D3A,-1.16500179654404,4.80383110584404,3.59711243722892,0.057880023650715,0.788740066066913
SDF2L1,-0.611476369790851,6.52380010386823,3.59596953479733,0.0579198341637263,0.788740066066913
MZT2A,-0.464428431300545,7.67370281179306,3.5894620203049,0.0581470642342804,0.788740066066913
TAF6,-1.07014267354007,4.99331184536732,3.58890568178276,0.0581665344147846,0.788740066066913
RELT,-1.26826573500614,4.54531790121843,3.58618422954497,0.0582618769459985,0.788740066066913
HYOU1,-0.888932754427333,5.34581583294041,3.58287661716382,0.0583779784208007,0.788740066066913
MT1E,1.87796201968282,4.35734661695087,3.58242315402228,0.0583939147149603,0.788740066066913
ZC3H13,-0.404189509376244,7.32340158142035,3.58221389035737,0.0584012705369465,0.788740066066913
DPF2,-0.752885870746066,5.79254316386675,3.57594861312897,0.0586219578052531,0.790471793812475
ADAM10,-0.579790150261915,6.45593005335346,3.57176161361302,0.0587699340052206,0.791219158756899
MFSD12,-1.04337849864058,5.17248118337927,3.55983817318446,0.0591935093911745,0.79523437565825
PEPD,-0.840277099536385,5.51373152464039,3.55704289352267,0.0592932793961479,0.79523437565825
GXYLT1,1.04289441008695,4.76730591958587,3.5555332250547,0.059347237299095,0.79523437565825
HCP5,1.17556282892349,5.62749151404094,3.55245505736887,0.0594574176222488,0.795463948752121
XAF1,0.79215505294025,7.88924649409669,3.54823737181062,0.0596087393082967,0.796077138999174
PITPNA-AS1,-1.16733597584583,5.07337521431902,3.54367683044868,0.0597728228776188,0.796077138999174
MRNIP,-1.22863262454648,5.04829879463185,3.54340525922922,0.059782608870917,0.796077138999174
SCYL1,0.987422357089669,5.0465103414603,3.53913317015472,0.0599367768582218,0.79688881082572
CASS4,-1.74970348492738,4.35731009469288,3.53357126401892,0.0601381247515174,0.79799886985635
ATP5PF,0.29934380131545,8.22751824902631,3.53167444190448,0.0602069564928466,0.79799886985635
TOR3A,-1.19682015892683,5.31383508877555,3.52425454655852,0.0604770153571565,0.799743920145317
STT3A,-1.10232283563804,4.93021503175277,3.52292033899643,0.0605257125200632,0.799743920145317
ACTR5,-1.74128978653167,3.93751302869514,3.51506314934792,0.0608133393105312,0.801865257814048
ARRDC3,-0.926303212674015,5.78087575338453,3.51339861919429,0.0608744589901907,0.801865257814048
ZC3H10,-2.2550662043901,3.71382551797008,3.51040669739702,0.0609844834308472,0.801865257814048
BANP,-1.19148064444143,4.77132466064069,3.5083173085909,0.0610614437755229,0.801865257814048
ANAPC10,0.906498943310665,5.08963240766072,3.50154936063395,0.0613114443278032,0.802814807080305
RPL23A,-0.313172017988917,11.4082435256826,3.50127596446706,0.0613215661508292,0.802814807080305
ZNF700,-1.54908061047459,4.11619795468812,3.4972602054341,0.0614704449390892,0.803533384991244
DHX58,1.23610888401508,4.37496333023449,3.49406286235791,0.0615892572501118,0.80383334105306
ANXA7,-0.480714133527867,6.77137114424048,3.49158653604486,0.0616814448158624,0.80383334105306
BORCS7,-0.741706246293611,5.96217698435325,3.47750932249123,0.0622083047912826,0.808788886690387
TRIM52-AS1,1.45735297672629,4.48716555243659,3.4744620243439,0.0623229841887817,0.808788886690387
GYPC,-0.420185730037743,8.01144468962957,3.47386381750223,0.0623455230236244,0.808788886690387
ZNF317,1.28576199409862,4.34937179662965,3.46178234748909,0.0628025842399077,0.813483776768138
IRS2,-1.24226610939196,4.77348701067399,3.45569327364832,0.0630342956497867,0.813734933058176
MAU2,-1.0702509984012,5.04084774793239,3.45227944427242,0.0631646027428025,0.813734933058176
ABHD14A,-0.841233768512906,5.43024919082646,3.4513628053568,0.0631996400555124,0.813734933058176
MOSPD3,-1.06491505387667,4.94297973425365,3.45128243099228,0.063202713247237,0.813734933058176
DYNC1H1,-0.624063904714479,7.09795694127076,3.44697950556982,0.0633674725411697,0.813908167089439
STIMATE,-1.43824073789674,4.50162690047013,3.44595994957721,0.0634065784631614,0.813908167089439
HMGN3,0.496790547660153,6.63751847644394,3.44210052987615,0.0635548429219081,0.813987204555721
NSUN5,-0.940330072163698,5.52006011968566,3.43877922476195,0.0636827309579938,0.813987204555721
RILPL2,-0.571510112912887,6.42042125424495,3.43666548657709,0.06376426406118,0.813987204555721
PDIA4,-0.655186144241622,6.0297408767373,3.43153764967787,0.0639625227542099,0.813987204555721
SINHCAF,-0.715088263780449,6.15546285168331,3.4305237215314,0.0640018022681862,0.813987204555721
UPRT,-2.3870516635921,3.9524265763876,3.42675256170215,0.0641481227034707,0.813987204555721
PGM3,-1.69886516051756,4.35032089599545,3.42455361096616,0.0642336063027141,0.813987204555721
EIF2AK2,0.669646570426571,7.29457806216716,3.42139945965567,0.0643564352700349,0.813987204555721
EDC3,-2.23825805742751,4.01355895975433,3.4180655033102,0.0644865386344785,0.813987204555721
SNTB1,1.36277844040527,4.18388773664252,3.41593025621196,0.0645700112895403,0.813987204555721
TTC14,-0.481543505482683,7.08771972273271,3.4143778539699,0.0646307713107988,0.813987204555721
VPS16,-1.44493271823777,4.70223503515475,3.41170787858972,0.0647354151510014,0.813987204555721
RPS10,-0.547781937421212,9.3804603867093,3.40867843240892,0.0648543666337278,0.813987204555721
PERP,0.749370814527798,5.74011914628209,3.40816643351191,0.0648744933469512,0.813987204555721
ZC3H14,-0.912486355945183,5.3087875672048,3.40799765117338,0.0648811296534084,0.813987204555721
RNPEP,1.15209814846713,4.72113103644331,3.40428035910144,0.0650274726675113,0.813987204555721
ZNF292,-0.432981356790061,7.53067109219276,3.40369076196538,0.0650507163806367,0.813987204555721
TAF13,-1.61709276952906,4.31519287278968,3.39981998613391,0.0652035345096096,0.813987204555721
CASP3,0.769900670387081,5.90045032021087,3.39935778405097,0.0652218078278944,0.813987204555721
FAR2,1.46529487998365,4.42622935767825,3.39514362653086,0.0653886683365343,0.814880066485469
PML,-1.13698777599403,5.40730019981675,3.38742191641956,0.0656955948170327,0.815195097579259
FN3KRP,1.19820110859701,4.5607556767675,3.38425527029835,0.0658219086891004,0.815195097579259
CHD2,-0.393675189257984,7.40502702179016,3.38137181487588,0.0659371519980425,0.815195097579259
VPS29,0.494548088186004,6.9523676060291,3.3797602100021,0.0660016569961507,0.815195097579259
CXCR3,0.960285547470237,6.78280779198942,3.37938943159873,0.0660165070529966,0.815195097579259
ABCC10,-1.45632754718699,4.36507989340683,3.37884967192725,0.0660381313618175,0.815195097579259
MARK2,-0.752206849571447,5.85642414045839,3.37776930325792,0.0660814367320653,0.815195097579259
TM9SF1,-1.36470339997385,4.64105415382068,3.36762007400417,0.0664897412007471,0.819050140526206
KLHL28,-0.803084203654874,5.4169259041993,3.36129986644885,0.066745364749643,0.8196366590827
RXYLT1,0.934056753153676,4.97201429303542,3.3592521135987,0.066828412047406,0.8196366590827
ENGASE,-1.52902697212312,4.08051273212664,3.35279483189854,0.067091013072801,0.8196366590827
TSHZ2,1.06999327514094,5.73493128729075,3.35259164119156,0.0670992941896434,0.8196366590827
SP140,0.553399945475256,6.42235006810356,3.35239309238521,0.0671073871792008,0.8196366590827
ZC3H7A,-0.657423953723653,6.25409241530451,3.35226509142186,0.0671126051418751,0.8196366590827
PINK1,-1.65351719354014,4.42457174041794,3.34334941600999,0.0674771220300299,0.822912861961093
DEGS1,-0.719822703428216,6.55602683454051,3.34027818252078,0.0676031788102216,0.823205797415936
WIPI1,-1.34539571511999,4.4826616228151,3.33701123953104,0.0677375447276468,0.823205797415936
ZNF568,-1.56390643607254,4.29303831869729,3.33528914645282,0.0678084874916596,0.823205797415936
ATP5PB,-0.441880781096623,7.33433318519455,3.33340220072704,0.067886312688997,0.823205797415936
TBCD,0.822239959191552,5.55573264114857,3.32228378990013,0.0683468242005937,0.824399408598394
GRAMD2B,-1.16491759656474,4.46569823669224,3.32193184200642,0.0683614559087274,0.824399408598394
MDC1,-1.44353589275981,4.40825527828329,3.31611081546609,0.0686039429792173,0.824399408598394
KLHL5,-1.04953637725452,5.18015633064807,3.31580041233305,0.0686168992851948,0.824399408598394
TACO1,-1.55449648429585,4.44993178962654,3.31537823294419,0.0686345253618478,0.824399408598394
DDX5,0.22993634944799,10.9217086858671,3.3148922913557,0.0686548195197349,0.824399408598394
REV1,-0.82444408704192,5.30669732120358,3.31272285256009,0.0687454991402097,0.824399408598394
GRAMD4,-1.33352243207386,4.34739241242618,3.31243924764581,0.0687573629104263,0.824399408598394
HSD17B8,-1.55194215012554,4.35428282603598,3.31016364980329,0.068852635131507,0.824399408598394
ELF2,-0.662563585436815,6.22460200372367,3.30635338206174,0.0690124756039397,0.824939582579914
CERS5,-0.814765361141654,5.42818468294303,3.30182902166212,0.0692027880235269,0.824939582579914
SNX19,-1.20021054691085,4.65422179245204,3.29996115872325,0.0692815214184537,0.824939582579914
AIP,0.428200563558072,7.14474313913607,3.29990876059508,0.069283731464777,0.824939582579914
DOCK10,0.500726425880766,6.98642490333048,3.29616556745198,0.0694418071155598,0.825325551525339
DDX23,0.655744373889748,5.94702474703672,3.29043110603643,0.0696847234931011,0.825325551525339
TTI1,-1.51132645113417,3.96894349618521,3.28764174081846,0.0698032119345909,0.825325551525339
CACYBP,0.522424168788876,7.42182785541946,3.28730438040175,0.0698175571602745,0.825325551525339
FLYWCH2,0.961830557744005,5.44432616404496,3.28006555161138,0.0701261280447817,0.825325551525339
NDUFA2,-0.384064301854277,7.39901207709956,3.27866145393405,0.0701861496888919,0.825325551525339
ACTL6A,-0.982628259127533,5.23041616313672,3.27594214401799,0.0703025498479568,0.825325551525339
WDR47,-1.63090215945656,4.01641331240259,3.27546848820638,0.0703228458339142,0.825325551525339
KMT5A,-0.884259065595511,5.63511668899577,3.27496559629621,0.0703444014445647,0.825325551525339
FNTA,0.583873229085593,6.38882778469091,3.27141511558624,0.0704967882780485,0.825325551525339
UBE2L3,0.430829956863584,7.51624060706561,3.26983130542311,0.070564879503316,0.825325551525339
HLF,-1.24757991383934,5.21346601889182,3.26816759351597,0.0706364817384635,0.825325551525339
TTC39C-AS1,-1.45638282042443,4.75458430448597,3.2679703547851,0.0706449755867124,0.825325551525339
CLEC2D,-0.425320679077801,8.52203189375905,3.26494612847717,0.0707753473324798,0.825325551525339
SGMS1,0.926636287211833,5.09804336298607,3.26409587838189,0.0708120472677948,0.825325551525339
SCAP,-1.41733653573643,4.75757883482963,3.26296718948573,0.0708607971481576,0.825325551525339
GCNT1,1.1278228214459,4.57041705731117,3.26002841520244,0.0709878962777373,0.825680986773301
PHYKPL,-0.647279061871546,6.15007128482537,3.25505336089489,0.0712036196248698,0.826341941947054
PARG,-1.14080401195677,4.63505326785441,3.25426102616742,0.0712380408486348,0.826341941947054
ETS2,-1.19252731760459,4.3149296491085,3.24830045185624,0.0714975571243843,0.827507329000184
NTHL1,1.16780907962815,4.40638466298381,3.24220914127053,0.0717638126340412,0.827507329000184
SLC44A1,-1.4584030132037,4.40637587348903,3.24004504004027,0.0718586627447891,0.827507329000184
SRGAP3,1.02986227267818,5.2837400707583,3.23561846784185,0.0720530932549181,0.827507329000184
PRUNE1,-1.67698368679381,3.90219167664015,3.23458839015935,0.072098418711132,0.827507329000184
SLC26A11,-1.08834675378205,4.75307057531583,3.23448198332097,0.0721031025643177,0.827507329000184
VDAC3,0.591724469180664,6.40433526168465,3.23427659699013,0.0721121442538373,0.827507329000184
IDH3G,0.641537056334341,6.29724924895696,3.23067885742462,0.0722707242887866,0.827507329000184
ARID3A,1.15270371458905,4.54372785673819,3.22937945225206,0.0723280909443126,0.827507329000184
GBA2,1.27896867358209,4.35924577903265,3.22884688927377,0.0723516168521964,0.827507329000184
MPPE1,-0.950641897546745,5.28403341880636,3.22479911589578,0.0725306952140033,0.827507329000184
ZNF765,1.55535068020943,3.84375174084198,3.21640355139242,0.0729036424557945,0.827507329000184
TBC1D1,0.765991513755186,5.56022766654003,3.21581221611355,0.0729299881472061,0.827507329000184
MGRN1,-1.05009912631896,5.21272245053797,3.21334016909771,0.0730402356172294,0.827507329000184
MTFR1L,-1.34466915736331,4.61125063298815,3.21204181666787,0.0730982106779919,0.827507329000184
ALG11,1.44243433453829,4.1382396288933,3.20567664650091,0.0733831485482089,0.827507329000184
UBE2E1,-0.875343862172706,5.26978501081337,3.20541731608165,0.0733947827548334,0.827507329000184
LINC01138,1.28753500042913,5.65464487546497,3.20538635014831,0.0733961720957809,0.827507329000184
BAG3,-1.69504537232085,4.11180326318932,3.20340297200988,0.073485218659038,0.827507329000184
ZNF609,-1.14659154798632,5.23738080029674,3.2030951252722,0.0734990502639871,0.827507329000184
YIF1A,0.635945993809008,5.99337549275685,3.19895665173328,0.0736852640645145,0.827507329000184
REX1BD,0.399839729935522,7.4547413532069,3.19850673059656,0.0737055391080768,0.827507329000184
SETD4,-1.38206502382523,4.37139548983348,3.19836439544094,0.0737119544821665,0.827507329000184
FAHD1,-1.6053551537782,4.36262459396453,3.1934719761844,0.0739328318904108,0.827507329000184
ANKS3,-1.25307373037325,4.59646914296393,3.1933406384812,0.0739387711598102,0.827507329000184
KBTBD7,-1.46412143150968,4.01199716897805,3.19173015821204,0.074011640927118,0.827507329000184
MRPL12,-0.942196038768057,5.37061618452041,3.18999695497832,0.074090149710634,0.827507329000184
TMEM256,-0.577695936161066,6.34700492942111,3.18821857384031,0.0741707978564941,0.827507329000184
ZYG11B,-0.998632073206198,5.01398663666413,3.18779170004243,0.0741901702614801,0.827507329000184
LETM1,-0.962451029225914,5.11532683791919,3.18342210196496,0.0743887842727397,0.827507329000184
MUL1,1.67141611805279,4.19956241423968,3.18247185917541,0.0744320517724422,0.827507329000184
TMEM185B,1.26575685858113,4.26236957113584,3.18171674455859,0.0744664537514707,0.827507329000184
PYURF,0.546409423656135,6.8095274720566,3.18026219541068,0.0745327691344183,0.827507329000184
TMEM200A,1.52665156506455,4.24606122112945,3.17469947644064,0.0747869686910248,0.82864527705769
SPCS3,-0.407664402691277,7.53373044997368,3.17015060709255,0.0749955304495463,0.82864527705769
ZNF790,-2.11153186043182,3.8306083904357,3.16882067588932,0.0750566246239473,0.82864527705769
OMA1,-1.09896156512333,5.00912325987034,3.16846527433242,0.075072960057269,0.82864527705769
THOP1,-2.26336950137762,4.02179563637254,3.16585517397866,0.0751930460103415,0.82864527705769
WDR89,-1.43198285789638,4.48672581831288,3.15643747830029,0.0756280557606714,0.82864527705769
RAB2A,-0.412190979903987,7.25034749748216,3.15457375562471,0.0757144624903236,0.82864527705769
DPH3,-0.764064892458002,5.62110231913098,3.15183681731861,0.0758415459965008,0.82864527705769
NKIRAS2,-1.39143272784826,4.66788417631595,3.14678689913155,0.0760766296418096,0.82864527705769
MPC2,0.464769372035108,6.76800071635512,3.14660302241255,0.0760852042317629,0.82864527705769
RBM48,-1.09512191728034,5.01051925582622,3.14466381628838,0.0761756971095838,0.82864527705769
EIF4EBP1,-1.14097569611726,5.36729363703393,3.14423908545564,0.0761955325776333,0.82864527705769
SAR1A,-0.551518923075815,6.32665777477229,3.1395055712603,0.0764169698749735,0.82864527705769
DNAJA4,-1.40635240199675,4.47166226260616,3.13930311763707,0.0764264562218437,0.82864527705769
TDRD3,0.79686382980666,5.19913692076075,3.13921981748873,0.0764303597752863,0.82864527705769
TMEM9,-1.24440076700394,4.59507901249885,3.13803376430316,0.0764859630353962,0.82864527705769
PAAF1,-1.29217986677321,4.78185561846419,3.13260487763326,0.0767410300336128,0.82864527705769
SIL1,-1.12156401071291,4.68781061017806,3.13124099169148,0.0768052535643316,0.82864527705769
HM13,-0.694721557949045,6.57800788570776,3.13082208230291,0.076824991038772,0.82864527705769
COX4I1,0.207706251896253,9.77556167559925,3.12968904056576,0.0768784031480123,0.82864527705769
FBXO34,0.71703925527066,5.50509964131131,3.1278715652198,0.0769641632084703,0.82864527705769
CCDC115,-0.643540408058621,5.93748788533158,3.1259576045816,0.0770545873129053,0.82864527705769
TIMM8B,-0.496020614706036,6.54822502683574,3.12245098259033,0.0772205525272923,0.82864527705769
NUDT8,1.68592805088895,4.01252712562224,3.12142779349749,0.0772690515758628,0.82864527705769
RBM42,-0.835171176196183,5.66221230753301,3.12035464777569,0.0773199537744445,0.82864527705769
ADSL,-0.754606956582134,5.78022095262694,3.11653049916252,0.0775016370201814,0.82864527705769
SNX16,-2.01137861507608,4.01956568633544,3.11262475590684,0.0776876710413806,0.82864527705769
TUBGCP3,-1.159914594454,4.67764974764903,3.11100118466685,0.0777651445267729,0.82864527705769
PSTPIP2,1.29972171347042,4.05048064585984,3.11035701786128,0.0777959058788875,0.82864527705769
TRIM37,-1.12870098645131,4.87481423351311,3.10958220341263,0.0778329234900201,0.82864527705769
PLK3,-0.842488975527145,5.80161000344562,3.10342912273943,0.0781275676253541,0.82864527705769
PNPLA6,-1.61427876767931,4.669450097617,3.09858722125195,0.0783602692408936,0.82864527705769
ZDHHC18,-0.742444488828238,5.73628113316419,3.09511599426167,0.0785275554757149,0.82864527705769
PEX6,1.38394905962676,4.32439660126455,3.09090327249408,0.0787310927037186,0.82864527705769
PAG1,0.347803859346445,7.82494855815868,3.08772806124114,0.0788848781592499,0.82864527705769
CROT,1.08511904418873,4.40017791406833,3.08230904223192,0.0791480860132832,0.82864527705769
WRNIP1,0.862068255908293,4.93618269799288,3.08225367447116,0.0791507801646539,0.82864527705769
TBC1D10B,1.01973114763397,4.86221400664247,3.08040163872965,0.0792409556980486,0.82864527705769
NT5C2,0.960519286686917,5.0287856414662,3.07862139886661,0.0793277398190974,0.82864527705769
PCMT1,0.500438696145833,6.78734778374465,3.07835639735206,0.0793406670127919,0.82864527705769
BCDIN3D,-1.52365300181121,4.10239762729579,3.07695393182133,0.079409119301436,0.82864527705769
SEPHS2,-0.736305583105712,5.77105410531401,3.07657753035885,0.079427501733297,0.82864527705769
YJU2,-1.06098236444162,4.82476677382064,3.0739329682076,0.0795567843486805,0.82864527705769
PDE3B,-0.848972570660387,6.24473112144688,3.07302312267958,0.0796013156516609,0.82864527705769
VPS39,-1.25917471625732,4.73782815498462,3.07138840262048,0.0796813925654157,0.82864527705769
C17orf80,1.17761851945346,4.20844872697489,3.06936931927053,0.079780417386772,0.82864527705769
JUN,0.717710482316655,9.94909872164584,3.06598771111515,0.079946563659123,0.82864527705769
CAPN1,-0.730338388181698,5.98510728452587,3.06402941126857,0.0800429499551634,0.82864527705769
CCL4,-1.42167551389749,7.81052606014172,3.06027701435109,0.080227990706098,0.82864527705769
ALMS1,-1.3255578571293,4.49094555817776,3.05983121887638,0.0802500047009779,0.82864527705769
MAPK1IP1L,-0.694973667235379,6.33123586908361,3.05813288527235,0.0803339304290009,0.82864527705769
GNGT2,1.35130511674744,3.85167181917815,3.05748779158274,0.0803658335016206,0.82864527705769
BRMS1,0.675006004784927,5.82566681138738,3.05744857225632,0.0803677735316098,0.82864527705769
ZFYVE1,-2.13820337163689,4.015116639451,3.05511768115569,0.0804831645105266,0.82864527705769
UTP20,-1.14232196147079,4.56264105244145,3.05460525495219,0.0805085561590797,0.82864527705769
RASSF5,-0.505085405163414,6.96225765915717,3.05401885399911,0.0805376239881466,0.82864527705769
ZNF587,-1.15724578424162,4.46943377390403,3.05159109750561,0.0806580880588922,0.82864527705769
PPME1,-0.935025177497099,5.01365413015644,3.05158455143408,0.0806584131342119,0.82864527705769
SNX15,1.75836089078801,4.4961886769735,3.05100695757383,0.0806871017787911,0.82864527705769
ZNF678,-2.11590267200935,4.20133681395859,3.04870926471036,0.0808013354138308,0.82864527705769
HACD4,0.686738641148748,5.88878891435344,3.04769520674865,0.0808518064545728,0.82864527705769
PIP4P2,-1.46005753076428,4.42951646968614,3.04469974615207,0.0810010932353029,0.82864527705769
ZBTB33,-1.17224867934872,4.2049287294613,3.03900666581271,0.0812856431841313,0.82864527705769
TAGLN2,0.529836228991872,8.8993866785247,3.03151124642785,0.0816619226555419,0.82864527705769
NCBP2AS2,1.22443491398921,5.5405725925054,3.02811494787062,0.08183303941856,0.82864527705769
THEMIS2,-1.37687483627825,4.68940433941202,3.02528477604272,0.0819759283994505,0.82864527705769
CASC3,-0.731506304720499,5.66802261330945,3.02459681172104,0.0820107028277858,0.82864527705769
SLC9B2,-1.36920973660266,4.00462297327988,3.02334624913158,0.0820739556035812,0.82864527705769
ACTR1B,-0.886576239911834,5.44450749096455,3.01838594787313,0.0823253640503016,0.82864527705769
ZNF322,-1.41004316380965,4.32996116686821,3.01818737755463,0.0823354456984185,0.82864527705769
BCL7C,-0.598202285048361,6.90215304688311,3.01778196895692,0.0823560329068784,0.82864527705769
INPP5F,-0.932503744840592,5.14985227887283,3.01526895873407,0.0824837710793359,0.82864527705769
AFF4,-0.624025228155648,6.04484863889446,3.01143487511017,0.0826790726776556,0.82864527705769
RASSF7,-0.752632305121029,5.77581501516641,3.01014352520442,0.0827449641593194,0.82864527705769
RAPGEF6,-0.574130887407581,6.8831197315213,3.00631546065273,0.0829406255940633,0.82864527705769
MTA1,-0.974115128500717,5.00653336022358,3.0044548614076,0.0830359055994285,0.82864527705769
DPM2,-0.818028289172317,5.53383930327454,3.00338441929676,0.0830907757617275,0.82864527705769
POLL,-1.16139972552182,4.49693271643964,3.00059770590471,0.0832338046182745,0.82864527705769
RPUSD1,-1.54005351012665,4.36829554806296,3.00015924635671,0.0832563328793697,0.82864527705769
ZNF564,-1.74632831006499,4.01225440863089,2.99800313647507,0.0833672106997837,0.82864527705769
KLHL12,-1.701948059093,4.25639691488599,2.99740399925795,0.0833980496059522,0.82864527705769
UGGT1,-0.862423275345904,5.50607313130237,2.99727038873536,0.0834049285127514,0.82864527705769
ZNF316,-1.17761847676195,4.50921432505374,2.99652675221338,0.0834432256669595,0.82864527705769
TOMM40,-0.837936576643236,5.49954030027263,2.99588543312302,0.0834762687460362,0.82864527705769
GNAS,-0.273286348627221,9.32623602506261,2.99346699976151,0.083601002395543,0.82864527705769
CLK4,-0.651184970234899,5.73469036403936,2.9925591347019,0.0836478786107212,0.82864527705769
DNAJC2,-0.595854152080126,5.97313771333685,2.99181688625027,0.083686224565965,0.82864527705769
EHBP1,1.19916615888574,4.42828078254797,2.98874771504891,0.0838449854904963,0.82864527705769
APAF1,-1.06008628420423,4.97246123097237,2.98820916922181,0.0838728767304214,0.82864527705769
RANGRF,-0.705185694250039,5.73359605269086,2.98810854336021,0.0838780892462386,0.82864527705769
SLC25A33,1.07096739778541,4.32832535223047,2.98626036886412,0.0839738887339039,0.82864527705769
C1orf56,-0.531285723311567,7.02711799010713,2.9847361103573,0.0840529871157597,0.82864527705769
CYB5A,0.701339336031381,5.63364940594357,2.98432707767969,0.0840742267572071,0.82864527705769
DUSP28,1.07046925699649,4.56259952299138,2.98418578580085,0.0840815648997985,0.82864527705769
MAP4K1,0.779207771938418,5.65353776952299,2.98266733792227,0.0841604707953777,0.82864527705769
TMED1,-0.957809727320559,4.74855895944683,2.98231017548347,0.0841790423061473,0.82864527705769
SMIM14,1.11829947245541,4.6910552676124,2.98219538797093,0.084185011896381,0.82864527705769
B4GALT1,-0.554464242516521,6.25445976768743,2.98052489692611,0.0842719385364141,0.82864527705769
KCTD10,-1.57863980260459,4.31348464195254,2.97648518747556,0.0844825524327514,0.82864527705769
KLF13,0.440534057370523,6.84223705031429,2.97425666611712,0.0845989818615122,0.82864527705769
ZNF160,-1.18261371292574,5.0940614326169,2.9730845276178,0.084660290011912,0.82864527705769
CEBPG,0.702817612298421,5.74174167578542,2.97154933997505,0.0847406599389305,0.82864527705769
RYK,-0.994153571958635,5.02402068646165,2.96861518816048,0.0848944978296808,0.82864527705769
LRRC8B,-1.33309592189263,4.45813701177347,2.96745447604558,0.0849554374191168,0.82864527705769
METTL6,1.38716040287665,4.27185605948993,2.96169498168644,0.0852585223202583,0.82864527705769
KMT2B,0.5358927372097,6.19333061930746,2.9600529735734,0.0853451446404998,0.82864527705769
COMMD4,-0.669864854972388,5.6481190660407,2.95966749290333,0.0853654940394976,0.82864527705769
CPSF3,1.02354428546864,4.70493365941005,2.95884372268412,0.085408998193663,0.82864527705769
ZBTB48,-1.60570582763951,4.15612912153425,2.95863559125289,0.0854199936233913,0.82864527705769
DYM,-1.00588984887855,4.84700130438947,2.9580808002971,0.0854493103004355,0.82864527705769
TMC6,-0.519387923298462,6.9246118843224,2.95751762181257,0.0854790813291205,0.82864527705769
NSMF,1.29460742452098,4.09897806899973,2.95728651905634,0.0854913012475006,0.82864527705769
ADA,0.789693611457987,5.80205053737807,2.95330447632205,0.0857021550355272,0.82974827111973
DENND2D,-0.619442442566675,6.71195259854853,2.94547175009747,0.0861185506245068,0.831663686293532
CRAT,-1.53363786623407,4.06600814356318,2.94462849940246,0.0861635090326522,0.831663686293532
SNRPN,-0.477506251852606,6.79242923360837,2.94408884345741,0.0861922944357719,0.831663686293532
TOPBP1,0.714956378007932,5.44380615545907,2.93920509899286,0.0864532685408679,0.831663686293532
STX17,-0.776062962168482,5.53151460372558,2.93281620268379,0.0867959659764389,0.831663686293532
LRIG1,-1.23398391923427,4.56346666762514,2.9305794338118,0.0869162925438368,0.831663686293532
ABCA7,-1.13209267362925,4.69447089664804,2.93037114325892,0.0869275066840951,0.831663686293532
CHCHD7,-0.598067815728868,6.17844182492158,2.92457929096743,0.0872399621109207,0.831663686293532
NOD1,1.49015222770951,3.85140109004757,2.92351414871966,0.087297556059697,0.831663686293532
SAMD9,0.588821726512725,7.11951342428336,2.92328927651006,0.0873097205240187,0.831663686293532
IER5L,1.17468988646568,4.5876023190044,2.9228259810205,0.0873347882853912,0.831663686293532
HAGHL,-1.57813760786697,4.05274861076797,2.92201065899819,0.0873789222537197,0.831663686293532
RFX3,1.21608290160776,4.57466359768502,2.9206620351016,0.0874519772670947,0.831663686293532
ST3GAL1,-0.601467817297274,6.07066174664399,2.92049787646399,0.0874608742626929,0.831663686293532
DRG1,-0.939135229870125,4.9690265359439,2.91981565930057,0.0874978592643589,0.831663686293532
DHX30,-0.702878919190359,5.78525672400795,2.91886532871469,0.0875494077215628,0.831663686293532
HINT3,-1.1321376054669,4.53737266630222,2.91817579128827,0.0875868306567961,0.831663686293532
PAPOLG,0.769140053133307,5.23587498603599,2.91540217197348,0.0877375370945574,0.831663686293532
UAP1L1,1.4965363053499,3.73168655264453,2.91446280379647,0.0877886419447855,0.831663686293532
PGM2L1,-0.799148043089662,5.70323662784202,2.91341595531417,0.0878456320883214,0.831663686293532
PARP9,0.667207540631006,6.29620339218818,2.90969574422027,0.0880484839019133,0.831843874131409
SELENOF,-0.468829748953715,7.27708096803961,2.90816042095136,0.0881323483165855,0.831843874131409
PHF11,0.504162826935366,6.99295834385752,2.90751624007528,0.0881675613710321,0.831843874131409
RMND5B,-1.12039755123734,4.70590380744329,2.90593837836503,0.0882538769256273,0.831843874131409
MXRA7,1.04429437670205,4.60584713835183,2.9024408452323,0.0884455330806139,0.832732227209436
ABHD5,1.00226420046995,4.56767628616547,2.89064143835445,0.0890954468899112,0.837159388711503
CSNK1A1,-0.332120403627418,7.76350405734787,2.89034941489882,0.0891115971139861,0.837159388711503
ADD3,-0.511340506699176,6.9077060714995,2.88832797871272,0.0892234787958591,0.837290362487156
PELP1,0.80535664629557,5.10872728385009,2.88582842818927,0.0893620336364919,0.837431489464487
AGAP2,-0.840881890228571,5.22921851371815,2.88452404142434,0.0894344309136831,0.837431489464487
WDR26,0.67849059723692,6.1884999003377,2.88064642818483,0.0896500256660093,0.837953888162678
PPP1R7,0.433438847961247,6.85602297733607,2.8777077699697,0.0898137901311062,0.837953888162678
LAT,-0.406887542466065,7.86665102968084,2.87739027941626,0.0898315025419621,0.837953888162678
AMDHD2,-1.20295333703627,4.53928615774995,2.8730017282958,0.0900767230564698,0.837953888162678
MAPK13,-0.948621660178821,4.99584227983003,2.87149882229488,0.09016086829443,0.837953888162678
ADGRE5,0.535077039138536,7.73098208424911,2.8713489619486,0.0901692634039707,0.837953888162678
LEO1,-0.882030406014491,5.67521767238647,2.87054990422817,0.0902140405803569,0.837953888162678
POM121,-0.873931714960596,5.19990570793719,2.8668339357931,0.090422591313168,0.837953888162678
TLE5,1.19604776636323,8.56800633149341,2.86501391745496,0.0905249267524242,0.837953888162678
ZMAT3,-0.73967800008304,5.62852475451984,2.86420858817159,0.0905702486710112,0.837953888162678
DHTKD1,-1.31081121166431,4.42185795505265,2.8627990254231,0.0906496346243731,0.837953888162678
FAM184A,1.03328915505042,4.47903778603707,2.86019424845799,0.0907965333242913,0.837953888162678
ZPR1,-0.793690515913989,5.38379527358516,2.85911860633588,0.0908572704792862,0.837953888162678
PKD1,-1.22489669378303,4.60130314076838,2.85902656372701,0.0908624698007723,0.837953888162678
ETS1,-0.221590188707961,9.3478864604441,2.85543652280061,0.0910655169617556,0.838057241049404
NOP14,-0.79076517177689,5.54998636861731,2.85161596880048,0.091282142800841,0.838057241049404
TTC13,-1.29983792093659,4.67368460835895,2.85118465690122,0.0913066333599603,0.838057241049404
ATP5F1A,0.36017183932402,7.45187220100262,2.85032984138647,0.0913551921971788,0.838057241049404
SURF4,0.447402296597003,6.73200266759254,2.85017790573938,0.0913638260215281,0.838057241049404
PRKCQ-AS1,0.9720547552949,6.99501876240709,2.84302846259995,0.0917711005679677,0.839965480844294
FAM50A,0.515230257632268,6.67039648918419,2.8420769337197,0.091825453792074,0.839965480844294
ELP4,-1.10212830163096,4.63944272170564,2.84120200200282,0.0918754624932278,0.839965480844294
PINX1,-1.30387855184861,4.72976315604834,2.83963901979689,0.0919648719230622,0.839965480844294
TMEM138,-0.968873074956425,5.06216814310623,2.83477256464752,0.0922438603478932,0.840963202600172
PI4K2B,1.01139440676567,4.50446067544468,2.83430265256261,0.0922708485248522,0.840963202600172
CDC73,-0.54308945013191,6.35336481261619,2.82650927278889,0.0927196944294274,0.842404329738388
ERO1A,0.700504630149915,6.47194029755201,2.82593946664081,0.0927526043668981,0.842404329738388
TMEM238,0.509954093176769,6.24487293960925,2.8206282803713,0.0930599706939724,0.842404329738388
RNF141,-1.39486224735718,4.15083060410178,2.815187488736,0.0933759860022505,0.842404329738388
NIP7,-0.65988380902504,5.61201030849392,2.81384778421179,0.0934539784193928,0.842404329738388
RHBDF2,-1.00965188645665,4.78726346609196,2.81319390701844,0.0934920703427725,0.842404329738388
NME2,1.08400521175778,8.50997443662298,2.81246210478626,0.0935347218488505,0.842404329738388
SERAC1,1.57377534451782,3.90945397675177,2.80966288215866,0.0936980638474438,0.842404329738388
PES1,-1.22718956286213,4.37144135542283,2.80912083167863,0.0937297297558935,0.842404329738388
MSRA,0.992971715353271,4.71816301002168,2.80861295173565,0.0937594100264248,0.842404329738388
ATG12,-0.604396034384585,6.65337720657413,2.80840546039412,0.0937715386660915,0.842404329738388
ARMC10,-0.779610838414101,5.42863287004578,2.80782161514375,0.0938056757470389,0.842404329738388
ANKRD12,-0.273158916875418,9.22427703022844,2.80412127237343,0.0940223471375046,0.842404329738388
ZNF124,-1.54895252757432,4.15546250221255,2.80373736428343,0.0940448578004387,0.842404329738388
PIK3R5,0.80330211949266,5.29791159755231,2.80204811226519,0.0941439777050313,0.842404329738388
SIRT7,-0.553985493371179,6.24891319994314,2.79201853014542,0.0947348273389353,0.842404329738388
FBXW5,0.514470308097383,6.62738886061903,2.79150128505149,0.0947654078299289,0.842404329738388
YWHAQ,0.403751022921621,7.69489167312693,2.79146764690897,0.094767396951441,0.842404329738388
PLEKHO1,0.481083559712238,7.30306625731014,2.78988534678422,0.0948610143357978,0.842404329738388
CDPF1,-1.63356428220241,4.03604382865197,2.78888233133859,0.0949204102472934,0.842404329738388
SETDB1,-1.2715270296328,4.26010043566363,2.78805466269763,0.0949694530703244,0.842404329738388
HIPK2,-0.806724240389125,5.3850168802964,2.78585146262068,0.0951001363588753,0.842404329738388
ZFAS1,0.424344436356057,8.89777413269735,2.78359359760547,0.0952342652426097,0.842404329738388
MICOS10,1.0836721124635,7.72701907610533,2.78077841889172,0.0954017900065998,0.842404329738388
EPG5,-0.796731155811288,5.24304139229278,2.780279581509,0.0954315081137901,0.842404329738388
ENTR1,-0.846574737152965,5.26016834446282,2.77733769471844,0.0956069753984941,0.842404329738388
OIP5-AS1,1.09649881821399,6.81302798791748,2.77224281632654,0.0959116884157267,0.842404329738388
RPS19BP1,-0.418897900764504,7.23303174907233,2.7711967917679,0.0959743795296628,0.842404329738388
CNP,0.896996280498123,4.98042521086315,2.77098158508321,0.0959872829902543,0.842404329738388
FAM200B,0.548907672635989,5.99076997762866,2.77071898036115,0.0960030309238033,0.842404329738388
ST6GALNAC6,-0.907201073194039,4.93952097708987,2.76539675900932,0.0963228022792403,0.842404329738388
PPP1R3E,-1.11715274212178,4.51189374038449,2.75947457694358,0.0966799852840475,0.842404329738388
THAP11,-0.755261371636589,5.70052693483457,2.7560138325355,0.0968893802182996,0.842404329738388
INO80D,0.53656914619519,6.12845950420466,2.75485830965379,0.0969594060246255,0.842404329738388
PJA2,-0.507115267308477,6.77699333845629,2.75243491662404,0.0971064452173467,0.842404329738388
TCOF1,-0.784965946516103,5.55493234326182,2.75090658549035,0.0971993015662179,0.842404329738388
PLEK,-1.86072569255102,4.09538800587301,2.75077622954358,0.0972072260415134,0.842404329738388
MTERF1,1.17578824763492,4.20756333524916,2.74771107219452,0.0973937633220591,0.842404329738388
MRPS2,-0.923182338302658,4.98712820843243,2.74685808491754,0.0974457432335499,0.842404329738388
TRPT1,0.894933141897016,4.68065326871542,2.74681401891503,0.0974484293787271,0.842404329738388
TFE3,1.04977670284525,4.44313125034642,2.74569545231686,0.0975166412362495,0.842404329738388
IFT22,1.1345265442547,4.12156235795192,2.74497081539352,0.0975608584618053,0.842404329738388
CTSB,-0.691535376378401,6.56620833181436,2.74481761172546,0.097570209723663,0.842404329738388
ATF7IP2,-0.631035822630137,6.66090162722292,2.74389128123072,0.0976267720076711,0.842404329738388
ACAD9,-1.25969928547825,4.18272079106841,2.74179653495475,0.0977548103378129,0.842404329738388
TAPT1,-1.17494929486586,4.76225026330839,2.74162916416973,0.0977650485318155,0.842404329738388
OTUD4,-0.781696916490585,5.63004874751546,2.73982714156019,0.0978753536833834,0.842404329738388
FADS1,1.59487640472782,4.05287164450823,2.73835827831807,0.0979653659418941,0.842404329738388
PPIA,0.167431604966333,9.66890132000003,2.73815072481598,0.097978092144022,0.842404329738388
EXOC4,-0.946206454230122,5.39788306554018,2.73683652437838,0.0980587145851906,0.842404329738388
ASB7,-1.31489962239133,4.34877497778432,2.73555416087387,0.0981374536790106,0.842404329738388
TRIM13,-0.782885924347954,5.6777714697236,2.73474854102703,0.0981869552495189,0.842404329738388
CLN5,-0.870415182140301,5.45148074480688,2.73351205266864,0.098262984666179,0.842404329738388
LINC01003,-0.985741204059004,4.7411917855604,2.73277009598246,0.098308637060112,0.842404329738388
LRCH1,-0.952758168813504,4.72560495567374,2.73193834914738,0.0983598417273834,0.842404329738388
DDX41,-1.0167251746039,4.77404287270327,2.72593508534356,0.0987302835658911,0.842404329738388
TMEM199,-1.03682671604457,4.88015135314188,2.72389033369065,0.0988568058723082,0.842404329738388
LINC02446,1.21587035390062,5.65897044128098,2.72375052997678,0.0988654629127495,0.842404329738388
MEGF9,1.05252827484522,4.24164528982817,2.72010960657488,0.0990912107771247,0.842404329738388
GZMK,0.669356048739663,6.80209984698086,2.71987793401576,0.0991055941773498,0.842404329738388
SHFL,1.18873778643935,6.39183164038246,2.71740080409752,0.0992595294236632,0.842404329738388
LST1,-1.00834615957221,5.59946399153542,2.71681752344348,0.0992958139400871,0.842404329738388
SLC16A1-AS1,0.786403294772055,5.41592651510849,2.71571738781865,0.0993642902040011,0.842404329738388
LBR,0.401489742531124,6.95696615630059,2.71549690707819,0.0993780198915494,0.842404329738388
AKIRIN2,0.656873150645437,6.3146287198778,2.71497088255927,0.0994107846434946,0.842404329738388
DHX8,-0.841361207546368,5.25719471373654,2.71358086026398,0.099497422428609,0.842404329738388
CNBD2,-1.02224306891145,4.44373638467978,2.71356600496634,0.0994983487797696,0.842404329738388
SGPP1,-0.928595873169186,4.88220804617784,2.71341153150868,0.0995079820406186,0.842404329738388
RNF19A,-0.363212876748505,8.1693739904657,2.71318585671103,0.0995220573840377,0.842404329738388
METTL15,-1.11807343173068,4.77222485543583,2.71230038451093,0.0995773053107354,0.842404329738388
PPFIA1,-1.00756403818047,5.40008596185596,2.71101778528356,0.099657390871878,0.842404329738388
APOLD1,-0.907428288046795,5.05006203043404,2.70889791316901,0.099789910019414,0.842404329738388
NKTR,-0.33416387151912,7.91822102804935,2.70851075894953,0.09981413288892,0.842404329738388
SYVN1,-1.08785627307364,4.46205773832219,2.70823316221581,0.0998315050867026,0.842404329738388
GPX7,-1.16932530000714,4.92331100427056,2.70736834714763,0.0998856469883592,0.842404329738388
ORC2,0.951048810239194,4.9912991736135,2.70685366454689,0.0999178840045298,0.842404329738388
NANS,-0.967845579087736,5.2458018559305,2.70223123178688,0.10020791876059,0.842553280102798
ABHD17A,-0.491830164891951,7.53843161688869,2.7000130489805,0.100347425155764,0.842553280102798
KATNAL1,-1.8673429807136,4.12997612371828,2.69817420551792,0.1004632349126,0.842553280102798
RPL22,-0.267382138441635,10.834901850625,2.69560295136756,0.100625416564645,0.842553280102798
RABEPK,-1.49488997748795,4.2175549241146,2.69458554779255,0.100689668183754,0.842553280102798
TNFSF14,-0.745366968887976,6.34411344407618,2.69455432882579,0.100691640449506,0.842553280102798
ATP5F1C,0.40482021198181,7.41410148170903,2.6932283736553,0.100775446970375,0.842553280102798
VPS28,-0.41017263477658,7.79501631281617,2.692855073611,0.100799055013377,0.842553280102798
LIMK1,1.05368800095884,4.4851878593675,2.691564635683,0.100880710769452,0.842553280102798
DCTN2,0.710707711533251,6.18221367100208,2.690926632314,0.100921108764214,0.842553280102798
ZNF140,1.1897248618034,4.26644044023055,2.68895870734116,0.101045828016768,0.842771496307662
CHMP7,-0.736519418394163,5.65621714608881,2.68538433912595,0.101272788320342,0.84290459036674
FBXO3,-0.743647649239029,5.61099750397568,2.68388783100904,0.101367976962979,0.84290459036674
POLR2C,-0.769672715268613,5.79270298125959,2.68239493313688,0.101463033428023,0.84290459036674
PDE12,-0.84102884829912,5.08873303060143,2.68141562674323,0.101525441190998,0.84290459036674
PRPF39,-0.935825650999721,4.75568129295304,2.67947769700339,0.101649062389049,0.84290459036674
ZMYM3,-1.64186569623295,3.90909024921091,2.67720660734822,0.10179414546632,0.84290459036674
SNHG21,1.28302882609019,4.05915984268332,2.67705701777119,0.101803709580142,0.84290459036674
RFX1,0.670731758855989,5.39737631991518,2.6732098456428,0.102050019135566,0.84290459036674
LMBRD1,-0.627888604016106,5.9036035031248,2.67177445626963,0.102142084716188,0.84290459036674
ARID2,-0.578268082478824,5.98841628595612,2.67021478060543,0.102242224988273,0.84290459036674
BCL6,-1.26966258709273,4.48943795392045,2.66936516567085,0.10229682039872,0.84290459036674
MTA2,-0.792800700694742,5.16386445395748,2.66913513323559,0.102311607539252,0.84290459036674
STARD3NL,0.922821412605652,5.00157534450059,2.66454355061001,0.102607257240843,0.84290459036674
THUMPD1,-0.53162142862106,6.51923393187432,2.66282064754305,0.102718435155671,0.84290459036674
MCUB,-0.497295428642022,6.67014059901345,2.66209012026981,0.10276561543364,0.84290459036674
NDFIP1,-0.36556787605856,7.35843656381411,2.6595001297279,0.102933078204086,0.84290459036674
SETD3,0.711402637298252,5.39897716310984,2.65910506505356,0.102958648406418,0.84290459036674
DNAJC24,-1.03576783824802,4.81849250603853,2.65858522400661,0.10299230523787,0.84290459036674
PLSCR3,0.897092987985475,5.5230580737484,2.65812520016191,0.103022099278507,0.84290459036674
TAX1BP1,0.298604080660145,8.08670535283368,2.65794576967094,0.103033722883758,0.84290459036674
NME6,-0.940772973833576,5.21537405788754,2.6518236610762,0.103431177677654,0.845123015792428
NDRG3,0.875925819351086,4.86648269031238,2.65050427260119,0.103517053623654,0.845123015792428
KLHDC10,-0.914011896837007,4.70570353205099,2.64885056573918,0.103624799827531,0.845123015792428
ZNF641,-1.13355945833514,4.60740173149798,2.64729777665396,0.103726082577966,0.845123015792428
SMG1,-0.44414075246123,7.35571408511234,2.64611102140895,0.103803563354036,0.845123015792428
DAP3,-0.543458454447071,6.32133019376239,2.64144133293742,0.104109053457038,0.845123015792428
TM2D1,-0.593299550003856,6.21770954496891,2.64024646284004,0.10418737972628,0.845123015792428
OTUD3,-1.42461040326151,4.08286067915489,2.63943288312326,0.104240748534892,0.845123015792428
MYO9B,0.572053324347107,6.20900311456628,2.6357549476522,0.104482385903408,0.845123015792428
GATAD2B,-0.712066239075764,5.71338058093061,2.63261726674348,0.104689014043194,0.845123015792428
TMED10,-0.393343573557675,7.17472908538186,2.63255915684413,0.104692845019413,0.845123015792428
DHX16,-0.700143490316225,5.1910607303912,2.63244821442875,0.104700159479539,0.845123015792428
RAMAC,1.2396935443829,4.20344120042892,2.63104849858733,0.104792491191562,0.845123015792428
RPS14,-0.243662239282282,12.0525015247991,2.6299119293702,0.104867530172499,0.845123015792428
SNX4,0.918763663523901,4.85424235276295,2.62765840140093,0.105016487569837,0.845123015792428
TTC17,-0.604172510400854,5.94486349257898,2.62713843335446,0.105050890183638,0.845123015792428
TNRC6C,-0.569054707864575,6.06484953288207,2.62566628637562,0.105148358755644,0.845123015792428
NABP1,-0.707528904483347,6.65006556944579,2.62524325458726,0.105176385363743,0.845123015792428
KIAA2026,0.510044682877675,6.30063624201375,2.62147684098,0.105426278236999,0.845123015792428
KLRD1,0.953452097710581,6.37616597631052,2.62027331562342,0.105506266519578,0.845123015792428
LRPAP1,-0.585263855054791,6.67587158630478,2.61968552025925,0.105545356547807,0.845123015792428
GSDMB,1.42703247813782,4.26405455616264,2.61935612538997,0.105567269164926,0.845123015792428
JMJD1C,-0.51057142516557,7.18155134867057,2.61890869344056,0.105597042052419,0.845123015792428
SNF8,-0.510477692229651,6.40691128835628,2.61533711940631,0.105835030991043,0.845123015792428
ZNRF1,-0.5606111093484,6.5239095842019,2.61432380063193,0.105902659712587,0.845123015792428
MAL,-1.10322328012752,5.98960506724711,2.61415441573273,0.105913969053426,0.845123015792428
ZNF561,1.17212863720262,4.25015851973324,2.61157802848434,0.106086150358236,0.845123015792428
EP400,-0.715529579985785,5.61236750864118,2.61015762647212,0.106181207811845,0.845123015792428
ARMH1,0.999900162578879,5.05448031178183,2.60961529065895,0.106217527148017,0.845123015792428
IFIT1,1.09528001846926,5.27475633936424,2.60394593043738,0.106598011658048,0.845123015792428
CD28,-0.587406695365996,6.6086228348339,2.60107689766418,0.106791128950045,0.845123015792428
TSC22D1,-1.21059202090944,4.44552695678476,2.6008703632246,0.106805045780121,0.845123015792428
SLC9A8,-1.1120552994782,4.56022735823754,2.59807160202782,0.106993829939117,0.845123015792428
LPCAT1,-1.14418272034239,4.53533042051081,2.59766855848037,0.107021046484922,0.845123015792428
ZBTB16,-1.23473046034835,4.38731120849427,2.59726622306646,0.107048222789379,0.845123015792428
POC1B-AS1,-1.32505123023068,4.10384864586334,2.59454131108013,0.10723248020878,0.845123015792428
MITD1,0.438526563505148,6.68666570723205,2.59145704177911,0.107441457283727,0.845123015792428
RANBP6,0.885149773459607,4.83919884335874,2.59102153549994,0.107471001349855,0.845123015792428
EI24,-0.76987605105757,5.26460068825551,2.58875142312112,0.1076251466923,0.845123015792428
ATP6V1G1,-0.291511075912371,8.16084894044314,2.5870459763286,0.107741109726683,0.845123015792428
TOP2B,-0.509328104123982,6.36775915692542,2.58698795500842,0.107745057338473,0.845123015792428
CCS,-0.652164485086751,5.75786022712428,2.58661431636897,0.107770482492831,0.845123015792428
AK1,-1.97971217364708,4.02880967743551,2.58409684333758,0.107941961904167,0.845123015792428
NKG7,0.767878322029704,7.20843687751501,2.58375872903927,0.107965015603675,0.845123015792428
CAPZA2,0.42230986195468,6.88579512186459,2.5788919174614,0.10829744987818,0.845123015792428
LINS1,-0.7293425582651,5.64869094073626,2.57800817194562,0.108357935844435,0.845123015792428
ZFP14,-0.781119698444906,5.41070139833776,2.57627940449131,0.108476364741774,0.845123015792428
SKA2,0.539979247126696,6.18596163192802,2.57465424930113,0.108587825356983,0.845123015792428
M6PR,-0.350324041387874,7.14791473469008,2.57388939482035,0.108640326125641,0.845123015792428
HDAC10,-0.945656211459055,5.03304179804974,2.57064349371352,0.108863440175116,0.845123015792428
TSFM,-0.819334972553652,4.95378763500971,2.5697578786472,0.108924402225385,0.845123015792428
MCM4,1.13357455752422,4.21222393270103,2.56898894215541,0.108977363031143,0.845123015792428
WDR70,-0.762408768716009,5.15615098403089,2.56748872392284,0.109080772628448,0.845123015792428
NOC2L,-0.780295082432122,5.59312802165925,2.56666804511131,0.1091373873975,0.845123015792428
SPPL2A,-0.48945705427892,6.85273629963271,2.56654226314695,0.109146067356625,0.845123015792428
TM9SF4,0.790626897234281,4.95574477449574,2.56629435988662,0.109163176880605,0.845123015792428
EHMT1,0.594364344432831,5.86533562902644,2.56538257791899,0.109226130640424,0.845123015792428
CNPY4,-1.24205418152011,4.43459821168054,2.56157010841809,0.109489794204793,0.845123015792428
NDUFAF2,0.686271975983995,5.68923478345409,2.56109252357905,0.109522872391304,0.845123015792428
RNF166,0.394538917098313,6.64836787734189,2.55751433196957,0.109771052643337,0.845123015792428
ECD,-0.992048259652947,4.84685176818838,2.55501148009024,0.109945015720704,0.845123015792428
CCSER2,0.50396155716458,6.78632039667248,2.55486732757484,0.109955044404693,0.845123015792428
TNFAIP1,-1.32794287334142,3.98470464230963,2.55399832634697,0.110015522092622,0.845123015792428
NUDT9,0.933429375113535,4.56265479441341,2.5534696235681,0.110052334782122,0.845123015792428
MED4,0.436352345840751,6.74933555313923,2.5529116432165,0.11009120071106,0.845123015792428
SNRK,-0.685010917716463,5.91545640860316,2.55114790764036,0.110214152394487,0.845123015792428
SUMO4,-0.853626466917161,5.05793316408445,2.55013191112186,0.110285047018194,0.845123015792428
HSPA1B,-1.75351508879455,5.46266334616839,2.54872963441647,0.110382978051128,0.845123015792428
KDELR2,-0.481941867703472,6.41542507280495,2.54565755173416,0.11059785806541,0.845123015792428
ARL15,1.34336382004061,4.03023135847264,2.54557359629748,0.110603736870788,0.845123015792428
IKBKE,-0.824510230926751,5.06980957267673,2.54540825248461,0.11061531573356,0.845123015792428
CZIB,1.05025200493827,5.1826169611139,2.54534983960086,0.110619406648444,0.845123015792428
RNF139,-0.779389279190758,5.38654810417979,2.54404354235609,0.110710935964255,0.845123015792428
G3BP2,0.488645279211927,7.80209153493022,2.54294924152232,0.110787675297467,0.845123015792428
PIP5K1C,-1.17005836804957,4.5091711771473,2.54238786984661,0.110827064957063,0.845123015792428
ARHGEF7,-0.844140119233796,5.10145812528313,2.54143751032055,0.11089378377838,0.845123015792428
TAF5,1.63364369306995,3.74013645988947,2.53916953279646,0.111053182986139,0.845123015792428
SUPT5H,-0.496918798334417,6.47237780278384,2.53688318076121,0.111214128818393,0.845123015792428
INO80B,-1.02516059561673,4.59409144105145,2.53623943235155,0.111259491243932,0.845123015792428
KLHL22,-1.29032848563207,4.10878593759955,2.53599400457285,0.111276790937738,0.845123015792428
ATG3,0.548886273057882,6.20047608056808,2.53549093400096,0.111312260589809,0.845123015792428
HCG11,-1.22280573105982,4.1850323945764,2.53407164303992,0.111412396653117,0.845132723147738
COX14,0.385728543228779,7.20652347410881,2.5324390621301,0.111527703716565,0.845257392795136
RAB12,-1.65667127219175,4.07776511051068,2.52975215817821,0.1117177623394,0.84529398879205
KDM6B,-0.867186065804265,6.01234191161479,2.52957529762904,0.111730285101768,0.84529398879205
DGKZ,-0.516575779098945,6.51557779422523,2.52761336064425,0.111869305426149,0.84559742890199
RAD21,0.334422553364422,7.87371157020738,2.52524697328257,0.11203723801027,0.845762148230646
ZNF394,-0.689347970365157,5.52603134293858,2.51749001087133,0.112589666410089,0.845762148230646
CCDC25,0.477676428519745,6.19544512965979,2.51700571335384,0.112624256038196,0.845762148230646
KDM5B,-0.47352391853672,7.30501504910769,2.51311466863258,0.112902588506313,0.845762148230646
RAB29,-0.676943633767633,5.98872864675283,2.51156127900205,0.113013916453655,0.845762148230646
ARSA,-1.12429491346041,4.82062278876077,2.51035081666435,0.11310075141772,0.845762148230646
DBI,0.310122889170701,8.26777689488598,2.50965964725184,0.11315036682455,0.845762148230646
EXOSC1,-0.659205000380109,5.95972629058806,2.50825643903496,0.113251169530189,0.845762148230646
PEX16,-0.734444662275368,5.37204296919953,2.50735391625115,0.113316056631881,0.845762148230646
HLA-C,-0.225266286111133,10.9158891654955,2.50617057980348,0.113401194984564,0.845762148230646
ABCF1,-0.372909777651758,7.28993518382879,2.5060853973715,0.113407326385268,0.845762148230646
CHM,0.709588442232615,5.24362070718253,2.5048917366096,0.113493284099086,0.845762148230646
UBC,-0.199609479521547,10.0371159575483,2.50481081432131,0.113499114060832,0.845762148230646
CLTB,0.458936581125481,6.73864563614978,2.50445753376153,0.113524569655996,0.845762148230646
ANKH,-0.598848558414548,5.90304537294741,2.50116967697112,0.113761777882924,0.845762148230646
NBEAL2,-0.652627419527894,5.71111361184448,2.49890645970128,0.113925379159213,0.845762148230646
MDP1,-1.1640308514944,4.46776437314408,2.4982768564031,0.113970937420041,0.845762148230646
CEP104,-0.85138595414272,5.04021278477974,2.49649037104234,0.114100317367457,0.845762148230646
BDH1,-1.65329690045664,4.03278202247832,2.49614642076372,0.114125245347704,0.845762148230646
LINC00342,0.577463797148414,6.12647575219586,2.49542851989019,0.11417729494691,0.845762148230646
DMAC2L,0.921325606686434,4.89858689223748,2.49517606992688,0.114195604417484,0.845762148230646
FOS,0.783913110323988,9.92485113627316,2.49279971684999,0.114368113248391,0.845762148230646
CDK5,1.1665032957871,4.01787540231768,2.49231010895603,0.114403691507192,0.845762148230646
KCMF1,-0.56914343551761,6.02256190556854,2.48845601572447,0.114684182905669,0.845762148230646
PLEKHM2,0.690865150759887,5.33312813634659,2.48684249034479,0.114801836486212,0.845762148230646
ST6GAL1,-0.730960673909107,5.84336706949081,2.48634244404903,0.114838325429159,0.845762148230646
RORC,-1.22632434407406,4.93724554769807,2.48576214314155,0.114880686681689,0.845762148230646
IQCG,-1.08452911175686,4.53200622006933,2.48373924029222,0.11502849094702,0.845762148230646
XRN2,-0.39163043681844,7.3442795993406,2.48312286656216,0.115073568251206,0.845762148230646
TMEM242,-0.76128809732768,5.37127640444576,2.48279168947028,0.115097796298307,0.845762148230646
SLC25A24,0.782794418593632,5.70704858461179,2.48245936317198,0.115122114076085,0.845762148230646
CSDE1,-0.305189359278621,7.85020958559541,2.48149927179274,0.115192400040054,0.845762148230646
SLC12A9,-1.1172748892575,4.83501976939933,2.48106954674473,0.115223874508164,0.845762148230646
GOLGA1,-1.16143392263573,4.38300411462219,2.47932175888618,0.115351986033364,0.845762148230646
RPS6,-0.277468862969005,11.793259845495,2.47929857600409,0.115353686376995,0.845762148230646
A2M-AS1,-1.54931449517831,4.06104475175404,2.47790206360308,0.115456164322753,0.845788130929919
HLA-E,-0.183947585265396,10.1021120519768,2.47064719992511,0.115990155410163,0.848404309237682
SARAF,-0.358854709841841,9.01832084511137,2.46993369386603,0.116042819789742,0.848404309237682
HMGB2,0.47898275045721,7.71672364041377,2.46901034473075,0.116111012025744,0.848404309237682
ANP32B,0.240052285899994,8.65594468109989,2.4627356623927,0.116575590783257,0.848528308845913
ARSK,1.17661390359236,4.05895891900549,2.46098253839955,0.116705759080409,0.848528308845913
NIT1,0.857366341491154,4.82974203988871,2.45883306981595,0.116865574841791,0.848528308845913
CLDN15,1.38243387357482,4.14599344944732,2.45873774064087,0.116872668285401,0.848528308845913
SMS,-0.518251032816493,6.40688708018744,2.45867408067546,0.116877405488086,0.848528308845913
POLR3K,0.610291881295849,5.70194116659966,2.45644622502897,0.117043323173299,0.848528308845913
SAMHD1,0.35898878495052,7.75504918127456,2.45586819814269,0.117086413746026,0.848528308845913
DUSP6,-0.776375946070376,5.86154885519087,2.45438289649823,0.117197219970996,0.848528308845913
WSB2,-0.607541851571112,5.92386957012077,2.4532571352539,0.117281281013938,0.848528308845913
ZDHHC21,-0.773116765652898,5.2360490518169,2.4529412286773,0.117304881853964,0.848528308845913
ATP8B2,-0.744219828931059,5.96735395064867,2.44771347279069,0.117696201610264,0.848528308845913
ZMIZ1,-0.877225796661171,5.051798324954,2.4461086689706,0.117816617267789,0.848528308845913
PNP,-0.499185054194476,6.25063537967413,2.44533090614138,0.117875025303781,0.848528308845913
MRPL38,0.745474103754538,5.50510952804109,2.44129740463411,0.118178445075351,0.848528308845913
SLAIN2,-0.565595725614424,6.10258964999315,2.44069763972863,0.118223636035967,0.848528308845913
KLHL6,-0.868961974765378,5.61017239931925,2.43921695598631,0.118335284123601,0.848528308845913
HSPA5,-0.422190391600767,7.47157615921431,2.43728096643612,0.118481439587403,0.848528308845913
CCDC90B,0.543002131927578,6.16039511072111,2.4357600057662,0.118596402918562,0.848528308845913
ATP10A,1.0190065355209,4.43970346984172,2.43403385114804,0.118727025526615,0.848528308845913
GTPBP10,-0.939989295897957,4.68850278488221,2.43259927759199,0.118835704524205,0.848528308845913
FAM98B,-0.825450753089376,5.01132882677464,2.43255250994904,0.118839249352514,0.848528308845913
S100PBP,0.745395597318887,6.2485069670893,2.43151237902974,0.11891811797697,0.848528308845913
DDX49,-1.00703499363737,5.0480358194983,2.43116255956482,0.11894465628273,0.848528308845913
FCHSD1,-1.15482831453654,4.39358592629434,2.43075967213273,0.118975228594671,0.848528308845913
IL23A,-1.39750248409061,4.56470314446277,2.42919745536485,0.119093856544434,0.848528308845913
DUSP7,-1.33547637007796,4.37174166511873,2.42882265638281,0.119122336609798,0.848528308845913
FASLG,-1.33245286410276,4.46114130071857,2.4283556211627,0.119157836028851,0.848528308845913
SLC22A18,1.1794526931805,4.15855577822275,2.42699430505899,0.119261376676588,0.848528308845913
MBTPS1,-0.69376239171795,6.15149788135366,2.42359128131025,0.119520643795351,0.848528308845913
SETDB2,0.88869683540035,4.80710451589351,2.42319903732672,0.119550567865742,0.848528308845913
PUS10,-1.26664753025356,4.18144490594052,2.42215080031616,0.119630577967166,0.848528308845913
JPX,0.497973763018494,7.09514114135079,2.42164926134254,0.119668880521686,0.848528308845913
HSDL1,1.07343622003288,4.29689015055325,2.42108022782344,0.119712354074892,0.848528308845913
AKT1S1,-1.1091852233618,4.36531450501332,2.42099961158178,0.119718514483219,0.848528308845913
TPT1,-0.23238121167481,13.0433296727326,2.41830237884912,0.119924829890793,0.848528308845913
ERG28,-0.765068521360261,5.56585907564091,2.41828944523543,0.119925820150127,0.848528308845913
AVL9,-0.82404684921674,5.33923009586477,2.41578008378277,0.120118120235018,0.848528308845913
LMBRD2,-1.02330317726033,4.49364851264108,2.41559578724555,0.120132256896422,0.848528308845913
GEMIN5,-1.82351695877321,3.99421159054931,2.41291598910644,0.120338021926693,0.848528308845913
APPL2,-0.818224627725133,5.13459411934346,2.40927433277916,0.120618267864931,0.848528308845913
NR1H2,-0.622729242055721,5.86395621688547,2.40794107415507,0.120721050307303,0.848528308845913
RPL19,-0.218809941059682,11.8030093132798,2.40279724724769,0.121118504009792,0.848528308845913
TMEM147,-0.539933836464713,6.55802047186162,2.40227374485602,0.121159035248634,0.848528308845913
LINC02611,-1.63874316747045,4.22246690266148,2.3993473652776,0.121385881956272,0.848528308845913
KDM4B,-0.883953502096359,4.9316559809592,2.39850638348906,0.121451160101737,0.848528308845913
ZNF431,-0.777277307625311,5.44294791443201,2.39541462440005,0.12169148126351,0.848528308845913
ARHGAP12,-1.33131828459079,4.20327868504113,2.39401239561981,0.121800649614355,0.848528308845913
ARFIP1,-0.878349504038579,4.6745571816914,2.39158507506285,0.121989881594496,0.848528308845913
JTB,0.270711041004685,7.83889001081644,2.39059630007586,0.122067059107237,0.848528308845913
TMUB1,-0.665029978031084,5.81531672037342,2.38979215424494,0.122129865551821,0.848528308845913
COX10,-1.20366208321653,4.46425891304581,2.38918603010591,0.122177229528669,0.848528308845913
WDR43,-0.658325926869678,5.83707708736239,2.38869017866502,0.122215991680741,0.848528308845913
ABCA2,-1.25691027243046,4.33381329010072,2.38831370153802,0.12224543110128,0.848528308845913
RIOK1,-0.813771587877642,5.26881613181939,2.38812902872698,0.12225987485439,0.848528308845913
EEF1A1,-0.314122586182172,12.772929569892,2.38773953647042,0.122290344287141,0.848528308845913
RAC2,-0.26406281735242,9.04124880013214,2.38721768023074,0.122331181567546,0.848528308845913
DCAF13,-0.796567329062101,5.47144543701175,2.38703053304812,0.122345830246025,0.848528308845913
NCR3,-0.855951206088967,5.35100113613685,2.38677564431149,0.122365784426591,0.848528308845913
ZFPM1,-0.713580041135231,5.33735157164936,2.386565479591,0.122382240064216,0.848528308845913
PARP4,-0.777117243090089,5.82261020453451,2.38466567313914,0.122531103963799,0.848528308845913
ISG20,0.434572508452828,8.40923329563465,2.38359704033033,0.122614927493722,0.848528308845913
PABPC4,-0.599125251013555,6.31872670713123,2.38238419714306,0.122710139941465,0.848528308845913
ITGA6,-1.02671769381911,4.77946527757585,2.38066591466332,0.122845171564158,0.848528308845913
CIAO1,-0.559673996469547,6.08520670971421,2.37932884640113,0.122950359409933,0.848528308845913
ZNF430,-0.54254512999952,5.88653883517683,2.37926458181796,0.122955417653542,0.848528308845913
ZNF780B,-1.0174267637651,4.37868305718499,2.37603526296851,0.123209893770492,0.848528308845913
IFT27,-0.846056601022267,4.99721201271359,2.37264837375233,0.12347741471222,0.848528308845913
RALA,0.555703202744869,6.29272034959612,2.37024193650269,0.12366788417397,0.848528308845913
PIGN,-1.04333661268541,4.51444883858018,2.36719538130455,0.123909486858165,0.848528308845913
PLEKHG2,-1.2355061451644,4.45782564501935,2.36530965877926,0.124059293870257,0.848528308845913
SLC38A9,-1.12032415143936,4.61516118708223,2.36319655818552,0.124227403372489,0.848528308845913
UVSSA,-1.12589550036081,4.61165457039693,2.36153865105566,0.124359476647767,0.848528308845913
SERPINB8,-1.34443265851082,4.1928914528254,2.36111358583652,0.124393363575861,0.848528308845913
ARHGAP35,0.6841940337667,5.71880709966861,2.36013701968817,0.12447125595007,0.848528308845913
CRADD,-1.21010422265148,4.46669623228652,2.35969603878174,0.124506446995557,0.848528308845913
MDM2,-0.621141923372472,5.84831853245913,2.35929684382493,0.124538312977667,0.848528308845913
HYLS1,1.31873902891815,3.74132302389471,2.35909900155509,0.124554109214772,0.848528308845913
NBPF14,-1.39470999742169,4.03878803863687,2.35831088108647,0.124617056876276,0.848528308845913
PSMB5,-0.63098607581924,5.72907149874515,2.35817165342231,0.124628180746175,0.848528308845913
MAVS,-0.779242513690274,5.30879727764249,2.35712965225772,0.124711468513604,0.848528308845913
ABI3,-0.812373549650511,5.21807947292853,2.3562475353554,0.124782024958834,0.848528308845913
EMC8,-0.865426843246851,5.22751784028607,2.35386198986604,0.12497305588472,0.848528308845913
DYRK1B,1.12130338282891,4.28036780640706,2.35327902021225,0.125019788605876,0.848528308845913
ADD1,0.469375671730485,6.59944812539369,2.34888026300299,0.125373033700005,0.848528308845913
HECTD1,-0.521928208968852,6.18037821844068,2.34879416055131,0.125379959271296,0.848528308845913
TMEM127,-0.948883127786975,5.08446491404501,2.34870374491641,0.125387232227087,0.848528308845913
RNF125,-0.478580919583763,6.44496300677646,2.34628208674023,0.125582202866357,0.848528308845913
CALR,-0.314818546445892,8.21422083225504,2.34601308123351,0.12560388160943,0.848528308845913
ERCC5,0.654077659103146,5.89162305961236,2.34551560556994,0.125643983372165,0.848528308845913
POU3F1,1.71325510811083,4.2732968488129,2.34444832950553,0.12573006505129,0.848528308845913
SPG21,-0.698313554619489,5.66256342971427,2.34423279466211,0.125747457075002,0.848528308845913
F8A1,-0.869194838108286,4.93782331996015,2.34018599234028,0.126074500232753,0.848528308845913
R3HDM1,-0.635391497184837,5.60312006303875,2.3397794328353,0.126107408655839,0.848528308845913
PRKAR2A,-0.653260248153516,5.94095007623116,2.3393763016112,0.126140049010865,0.848528308845913
COIL,-0.712809743014277,5.57452381482299,2.33697011130895,0.126335066652636,0.848528308845913
GOLGA5,-0.909944477467129,4.8107800391709,2.33644803323542,0.126377424440636,0.848528308845913
DBR1,-1.07882949809813,4.45971834798265,2.33601424532126,0.12641263099033,0.848528308845913
MFSD14A,-0.997431336915965,4.90039939502218,2.33528145722905,0.126472129392959,0.848528308845913
TECPR1,-0.913805776818495,4.84732738245523,2.33458651617432,0.126528583593777,0.848528308845913
ING2,0.671069591364032,5.26255203471062,2.33448871801202,0.126536530570107,0.848528308845913
SMC3,-0.410684987984741,7.24082055336463,2.33246029062813,0.126701483675161,0.848528308845913
PLEKHA8,-1.41152058621819,3.88773654927758,2.33126728596653,0.12679861131707,0.848528308845913
C15orf40,-0.58563368188439,5.72026150927971,2.33073354188482,0.126842092530712,0.848528308845913
TRAPPC2L,0.427309146168913,6.40974784365263,2.32917749724412,0.126968949670914,0.848528308845913
WDR83,-1.0238852226794,4.69762703802994,2.32867551991667,0.127009903669673,0.848528308845913
COPA,0.567152356846543,6.2158923064481,2.32858921218972,0.127016946596668,0.848528308845913
CCAR2,-0.90693671676703,4.99199833204489,2.32823705350917,0.127045688131583,0.848528308845913
BEX4,-0.85323294476873,5.32307826399744,2.32818556920255,0.127049890644665,0.848528308845913
CDK16,0.995994950355041,4.31359627190697,2.32778205646195,0.127082833563734,0.848528308845913
WDFY2,-0.677355977766687,5.76036803775524,2.32489869893425,0.127318508625559,0.848528308845913
LPIN1,-0.5418216286098,6.11164622802991,2.32482398769613,0.127324621707891,0.848528308845913
VPS13C,-0.400893079562001,7.52980746498442,2.32453492410822,0.127348276775133,0.848528308845913
OBSCN,-1.19730287612009,4.43603935296388,2.32319670216491,0.127457851820496,0.848528308845913
MFN2,1.26020782254496,4.35047732951366,2.32134328628252,0.127609784818046,0.848528308845913
CTDSP1,-0.486774551144659,6.29843022764197,2.32126428909451,0.127616265056626,0.848528308845913
BTN3A1,0.562549905123301,6.15925625295596,2.32095638965753,0.127641525930032,0.848528308845913
GFPT1,0.862233922335323,5.18483487682922,2.31414220084002,0.128202006823708,0.849955478258555
TAF1C,-1.33512261205115,3.91670483126005,2.31337288698857,0.128265456386444,0.849955478258555
STXBP3,-0.516642403371469,6.22267280758748,2.31308704707771,0.128289040090943,0.849955478258555
RBM19,-0.900015506595827,4.75242902165142,2.3128629676905,0.128307531515214,0.849955478258555
ECT2,1.46379643503036,3.83036121477499,2.31040562019426,0.128510510994288,0.849955478258555
RAE1,-0.965705326674013,4.84107120123447,2.31012294337489,0.128533883319265,0.849955478258555
GTF3C5,-0.886871457116029,4.74110069594285,2.30868381023472,0.128652947353323,0.849955478258555
SHPRH,-0.760340224371005,6.0766656655302,2.3069880037857,0.128793404459713,0.849955478258555
WARS2,1.14034693122289,4.08356464121291,2.30236728678499,0.129176988195776,0.849955478258555
NELL2,1.10958008830615,4.4408352401058,2.30154599563074,0.129245299899269,0.849955478258555
IL21R,-0.840384853455198,4.92516447212464,2.29978786424797,0.129391669562945,0.849955478258555
RFC1,0.431375160125299,6.87184034963152,2.29944410363088,0.129420310238786,0.849955478258555
RING1,-0.930391000306592,5.18556066996226,2.29869779973049,0.129482513432351,0.849955478258555
ALDH9A1,-0.688272106424353,5.55916635121091,2.29795697034669,0.129544293285993,0.849955478258555
VEZT,-0.689339478837567,5.64904720210797,2.29687512450265,0.129634570485559,0.849955478258555
ZNF354A,1.10438993197249,4.12120971886014,2.29531355742126,0.129765002836693,0.849955478258555
IRAK4,-0.585447056967192,5.80479904367565,2.29369542527856,0.129900314210633,0.849955478258555
NRBF2,0.62217338267831,5.78624155330674,2.29343147038711,0.129922401551171,0.849955478258555
C8orf82,0.829657316830496,4.82309670529522,2.29297317144697,0.129960761249029,0.849955478258555
HPS4,-0.893439630059052,5.17570313180267,2.29181649616089,0.130057631318936,0.849955478258555
DEDD2,-0.69278856317823,5.67404600494614,2.29175272752212,0.130062974201242,0.849955478258555
BRD4,-0.399009420036659,7.06187283689436,2.29041475242015,0.130175133458069,0.849955478258555
LINC02361,1.12648693647304,4.31587315687184,2.28990240221189,0.130218111100848,0.849955478258555
SIAH1,-1.14132653164448,4.58897246036218,2.28961376772413,0.130242329689871,0.849955478258555
AGMAT,-1.20736658585705,4.3822383116484,2.28647487742425,0.130506030573141,0.851026739412496
TFAM,-0.504671305625483,6.23374923661795,2.28340939621724,0.130764139095148,0.851958378097048
ATP2A2,-0.575421018894212,5.75185651374264,2.28241236254245,0.130848210368631,0.851958378097048
SUPT3H,0.82556452556716,5.08904241645107,2.28055081254962,0.131005340289596,0.852325672350662
NOC3L,-0.737983390461927,5.44893363717108,2.27852029137181,0.131176972815622,0.852325672350662
CCNG1,0.674117845763263,5.41045856490896,2.27820414639616,0.131203717956892,0.852325672350662
FXYD5,-0.295673986611092,8.9752173750384,2.27646774417786,0.131350722130004,0.852350386147052
PLAAT3,1.1100514054139,5.15481590551341,2.27493136626507,0.131480945462541,0.852350386147052
SIKE1,0.595941533754857,5.48567008006201,2.27326504577871,0.131622345612993,0.852350386147052
TXLNG,-0.870573238431662,5.06539017655653,2.2728899114374,0.131654202054955,0.852350386147052
CCL20,-1.21107121503715,7.72351639796598,2.27227980031219,0.131706031126477,0.852350386147052
TRMO,1.2017591880503,4.66413960427875,2.26989846123012,0.131908544421731,0.85253817565303
ZNF326,0.627321132966901,5.45994621639513,2.26959359340381,0.131934496009938,0.85253817565303
KBTBD4,-1.86860578555581,4.21498760489209,2.26656560488935,0.132192560362706,0.85356057291599
FBXO32,0.966366516273671,4.80284392737124,2.26431423840435,0.13238480136223,0.85415672969487
CEP85L,-0.602597958389699,6.20114330722075,2.26131255170571,0.132641596899013,0.854910218896389
IFT43,-0.909055254885732,4.62763165222281,2.26061227094545,0.132701586206048,0.854910218896389
DOHH,-1.05801936701046,4.67927925311538,2.25733186860318,0.132983004493965,0.856078091429902
RPL9,-0.268385368722975,11.4069731295533,2.25371599804097,0.13329397454791,0.856224128995749
DYNLT1,0.428907202727947,6.70834557915816,2.25296234645118,0.133358891933965,0.856224128995749
AIMP1,0.353496231839303,7.03951584199764,2.25206372032442,0.133436343190751,0.856224128995749
HMGB1,0.262529540100953,10.2529627223948,2.25143320556227,0.133490716332254,0.856224128995749
ZBTB24,-0.684449017897975,5.67735476110162,2.25067670055287,0.133555987060688,0.856224128995749
MIB2,0.689278215290164,5.586344520512,2.24880597268481,0.133717545371196,0.856224128995749
ZFP36L1,-0.336686778865526,8.94850229794349,2.24869271192749,0.133727333716628,0.856224128995749
UTP25,-0.96784543126908,4.63256598855826,2.24777205988748,0.133806929037118,0.856224128995749
MVB12A,0.750933810245026,5.13530101449609,2.24490931031833,0.134054767680062,0.857168443453143
ALDOA,-1.69951801964514,4.45464049515869,2.24102076195292,0.134392235852851,0.858524614840053
PLEKHA5,-1.34316481815191,4.90628554503384,2.23991138226901,0.134488687594948,0.858524614840053
EIF3I,-0.405285913236465,7.14827162272882,2.23899825606975,0.134568134739229,0.858524614840053
MTMR1,-1.1526093017894,4.44010179978269,2.23549154593192,0.134873726578498,0.858754129866345
CXCL13,2.44625537743425,7.05256698008666,2.23491403532131,0.134924128077498,0.858754129866345
MYO7A,-1.29916340524519,4.12579552324913,2.23220793848014,0.135160580065317,0.858754129866345
POLD3,-0.842595680015783,5.02393304233121,2.22997127633798,0.135356363999015,0.858754129866345
CARD11,-0.608349571714936,5.48055973127892,2.22924956606796,0.135419605870448,0.858754129866345
FKBP11,-0.587521495585405,7.22139710411931,2.22911950524397,0.135431006328078,0.858754129866345
ST8SIA4,-0.623345503375478,6.4207963828606,2.22888760093065,0.135451336522918,0.858754129866345
CMAS,-0.767591178444386,5.24112839373366,2.2282208728467,0.135509805138646,0.858754129866345
RPRD1A,0.707272150601735,5.00925578475985,2.22800340141193,0.135528882370628,0.858754129866345
CRTC2,-0.941812620010832,4.74120389022769,2.22649111511494,0.135661627713976,0.858754129866345
POLR2J3,-0.560984562644991,7.4423724367215,2.2259510492076,0.135709068832546,0.858754129866345
NIFK-AS1,-0.97612470952362,4.75643783335238,2.22466953856939,0.135821715155829,0.858831244724248
EIF2B4,-1.13807101078969,4.83339514062102,2.21519613945626,0.136657692889806,0.860327200199323
ZNF721,-0.555995323873855,5.87625844662117,2.21477812946811,0.13669471257983,0.860327200199323
BTBD1,0.693075420396746,5.14601249297387,2.21409638358392,0.136755113278957,0.860327200199323
TERF1,-0.632399470850869,6.01413081845327,2.21251456633618,0.136895372862331,0.860327200199323
PRKACB,-0.500500755345376,6.89327466154294,2.2117130854076,0.136966501602539,0.860327200199323
SKAP2,-0.742029606499621,5.26203940733508,2.21079079280213,0.137048403211048,0.860327200199323
SERP1,-0.324626813992364,8.29423892986487,2.20919074210384,0.137190621422073,0.860327200199323
CSTF2,-1.88754388710052,3.82700257370669,2.20875282908995,0.13722957350685,0.860327200199323
PARVB,-0.773491923753035,5.0277907895227,2.20859164011318,0.137243914283989,0.860327200199323
IL10RB,-0.783058677027016,5.22970186504655,2.20799489080762,0.137297020924408,0.860327200199323
TRIM52,-0.642154551704974,5.79694600595831,2.20714114356266,0.137373038679208,0.860327200199323
COMMD10,-0.80961812011215,5.19213143153904,2.20644899981108,0.137434701858111,0.860327200199323
RERE,-0.707717938559972,5.92642164785461,2.20591954273864,0.13748189219779,0.860327200199323
TMUB2,-0.838521563160153,5.16629844525246,2.20502881790001,0.137561323195179,0.860327200199323
MRPL20-AS1,-2.12760823221263,3.88572303545543,2.20495600318534,0.137567818770906,0.860327200199323
GCC1,-1.11064848204953,4.17647320992031,2.2031038216329,0.137733161804978,0.860567308062663
TMCO4,-1.67167938487926,4.18998774236247,2.20111106279144,0.137911302871553,0.860567308062663
FAM174C,0.949764109161763,6.35077668684201,2.20086701288701,0.137933137261976,0.860567308062663
IFI35,0.60925703467459,6.30713836178636,2.19895703236035,0.138104151222247,0.860567308062663
GTF3A,0.248183505339288,7.99223012982007,2.1988970351869,0.138109527039651,0.860567308062663
RPS23,-0.254388887065809,11.9759713517081,2.19366925251746,0.13857884471883,0.860838152813111
IFFO2,-1.22272277222387,4.79934835368037,2.19141255528062,0.138781989355746,0.860838152813111
CEP126,1.19197986997907,3.83594522726622,2.18984302679957,0.138923472993541,0.860838152813111
USP40,-1.301375290833,3.92686472449225,2.18892036028857,0.139006721394066,0.860838152813111
MSH3,-0.627556540674407,5.16217845180902,2.18791665796767,0.139097344882307,0.860838152813111
GPATCH1,-1.29826770052519,4.42639472947104,2.18711951699175,0.139169365337772,0.860838152813111
ANXA5,0.455267869500386,7.83250908581736,2.18711554057134,0.139169724706069,0.860838152813111
SLC35A3,-0.649104969140576,5.71924105107296,2.1870025927909,0.139179932776754,0.860838152813111
AEBP2,-0.653260932132194,5.83767256943673,2.18345267287452,0.139501198412386,0.860838152813111
TMEM168,-1.15048458499967,4.68989970516134,2.18294993142897,0.139546763449487,0.860838152813111
CREB3,-1.12221738407877,4.75936676114008,2.18191919728881,0.139640234361312,0.860838152813111
DLEU1,1.00108450411539,4.3487882175182,2.18163246039184,0.13966624925067,0.860838152813111
NR1D1,-1.11963296580556,4.36662035742244,2.18161693914969,0.1396676576076,0.860838152813111
ODC1,-0.774382159841264,6.34107812197762,2.17965077007428,0.139846191622376,0.860838152813111
ARAP2,-0.495947613661065,6.8524600192509,2.17941068520435,0.139868009589156,0.860838152813111
VIPAS39,1.07471741795589,4.20105688785307,2.17915080143972,0.139891631108303,0.860838152813111
NBL1,0.799565408626659,4.83120914651788,2.17795569412742,0.140000315222285,0.860838152813111
VPS52,-1.2156771501949,4.07632596971731,2.17561606279284,0.140213357921006,0.860838152813111
NUDT22,-0.660268985737022,5.81053709011497,2.17509100988888,0.140261218306378,0.860838152813111
ASTE1,-0.980796883524344,4.61210851683135,2.17335853947046,0.140419269142352,0.860838152813111
DAG1,-1.20317035298506,4.14570773478434,2.17321645745343,0.140432239955554,0.860838152813111
RFX7,0.798340947639748,4.87833072226525,2.17312854373508,0.140440266362997,0.860838152813111
LRIG2,0.758877918356669,4.83990772153677,2.17098539844403,0.140636092180708,0.860838152813111
JMJD8,-0.95442370881213,4.80100744323843,2.17084073387261,0.140649321675261,0.860838152813111
TERF2IP,-0.298531744961816,7.84033248718858,2.17061072162434,0.140670359045493,0.860838152813111
SLC7A1,-0.763622742653697,4.99135069901667,2.16768104674656,0.140938622286778,0.860915779585068
IKBKG,0.757416962033601,4.98422428151481,2.16760989590061,0.140945144541773,0.860915779585068
SLA,-0.477063898006705,7.62682464876361,2.16717350371113,0.140985155154883,0.860915779585068
CD70,-1.18555316785795,5.31530133279232,2.16469771517915,0.14121238949916,0.861687878535561
ANKRD46,-1.27505045371588,4.18376064245987,2.16232724694085,0.141430342976901,0.861767680037302
TRIM66,-1.08073653413912,4.09312273593979,2.16097877995902,0.141554496893571,0.861767680037302
COX7C,-0.190403289717085,9.75624917968709,2.15964372537303,0.141677536608843,0.861767680037302
ZCCHC17,-0.627252999369171,5.84219623707841,2.1595344358302,0.14168761414357,0.861767680037302
DENND6A,-0.846454263948171,4.86482872516965,2.15908045701085,0.14172948393174,0.861767680037302
TBC1D10A,0.801050716257289,5.289482500017,2.1579536006304,0.141833472330701,0.861787032661805
ATIC,-0.730729364266894,5.45906078241196,2.15680032460925,0.141939987600079,0.861810814475094
GGCT,0.680415123029063,5.46531109512014,2.15572912321844,0.142039003110938,0.861810814475094
CCDC66,-0.537940307449131,6.59473475311048,2.15382367893911,0.142215323081938,0.862268650374106
TRPS1,-0.780366176236535,6.25529299883261,2.15167197718345,0.142414726391797,0.862865695197356
FUNDC1,-0.968340394629266,4.74895489468664,2.14913126463045,0.142650585203506,0.863257575300282
DBT,-0.865690616554574,4.81978484599626,2.14880009247613,0.14268136084914,0.863257575300282
ZNF675,-0.823083852827006,4.83125433124889,2.14471258557527,0.143061826248514,0.863350572207105
SCARB2,0.827906909579661,4.84951355670867,2.14192362760039,0.143322077722115,0.863350572207105
PYCARD,0.501949410192596,6.62108276252854,2.14177741579443,0.143335736158899,0.863350572207105
IK,0.257998136651025,7.94693950777957,2.14164708129912,0.143347912644924,0.863350572207105
FOXK1,-0.781267628171692,5.13310152920176,2.1416214114139,0.143350310988362,0.863350572207105
PLPP1,0.78031431750289,4.66301477333472,2.13886156100434,0.143608428087248,0.863350572207105
SRSF5,0.368622236239808,8.92326794289,2.13865208012076,0.143628041294474,0.863350572207105
CCDC34,1.20762938636719,4.11975362932845,2.1381800877569,0.143672243891094,0.863350572207105
TUBB4B,0.518303722850715,6.62344038693111,2.13676711245418,0.143804662123247,0.863350572207105
ECHS1,-0.523817114609442,6.29376392621216,2.13607393903627,0.143869673711744,0.863350572207105
JMJD6,0.681727288865402,5.33492425429363,2.13470986659138,0.143997704455326,0.863350572207105
C8orf76,-0.869629396241992,5.02467857723425,2.13377829362273,0.144085214861165,0.863350572207105
PSMA3-AS1,-0.496431949981684,7.49276728700059,2.13331705708106,0.144128564811915,0.863350572207105
TMCC1,-1.00785554765912,4.65025119468234,2.13316092979493,0.144143241976298,0.863350572207105
TNRC18,-0.750416784380481,5.15238323815435,2.13243444881133,0.144211558908849,0.863350572207105
FDX1,0.502835018069639,6.28251342524768,2.13014445714916,0.144427144229582,0.863381070336783
EVI2A,-0.387490880144781,7.3388423079037,2.12868972927355,0.144564284321763,0.863381070336783
IGSF8,-1.08795423527705,4.69851796268561,2.12855436189632,0.144577053130987,0.863381070336783
CCDC32,-0.723506805452323,5.5705874899795,2.12606577717843,0.144812020556501,0.863381070336783
OSER1-DT,-1.12070679559744,4.02435188432595,2.12497499593769,0.144915145616744,0.863381070336783
PPHLN1,0.375602091323115,6.71047364023939,2.12449314806824,0.144960727008229,0.863381070336783
NECAP1,0.498059319755714,6.03291954587695,2.12298940453204,0.14510308062425,0.863381070336783
SERPINB1,0.406115622057159,7.15922297661206,2.12278148580256,0.145122775882601,0.863381070336783
TRIM59,0.469323533565895,6.35426461761142,2.12275186781267,0.145125581714114,0.863381070336783
RCE1,-1.08193567562641,4.60400339114298,2.11991935145588,0.145394200091311,0.864170441529285
DNAJC7,-0.395525562149312,6.86848832950598,2.11767433951872,0.145607501258525,0.864170441529285
CDK12,-0.503136266560094,6.53113867274767,2.11725357163806,0.14564751813434,0.864170441529285
SUGT1,0.468020162734386,6.65150259011638,2.1162328655105,0.145744643297604,0.864170441529285
PTCD3,-0.613922390398495,5.61529942172235,2.11563113371013,0.145801935218658,0.864170441529285
DDB2,-0.584477940712317,5.7163706390285,2.11244597138063,0.146105623242978,0.864170441529285
TMX3,-0.618325028265692,5.66052174607805,2.11221781254542,0.146127404314301,0.864170441529285
PIGS,0.74132402287602,5.12299025153032,2.11111538603928,0.146232698520703,0.864170441529285
PTPRE,-0.516041923412143,6.15030794278231,2.11030946271283,0.14630972745456,0.864170441529285
PCBP1-AS1,0.950062890424093,4.82410036920711,2.10993618683139,0.14634542010347,0.864170441529285
IKZF1,-0.326052250724474,8.18010176953446,2.10923319535621,0.14641266683063,0.864170441529285
MAP2K7,-0.787448889283975,5.23636604172588,2.10626256358843,0.146697216460132,0.864170441529285
CHCHD10,0.416940570868728,6.87082631714959,2.10587394753277,0.146734487170908,0.864170441529285
KLRK1,0.97080391690354,6.27729292348178,2.10581259894351,0.146740371860598,0.864170441529285
RMC1,0.976139450285275,4.56695495901509,2.10545652166627,0.146774532822613,0.864170441529285
RPS3,-0.258304945202548,11.6659190615865,2.10350703934138,0.146961719275912,0.864677039290965
NCBP1,0.760356110104721,4.94776349152844,2.099217047899,0.147374587347714,0.865812714547502
MDFIC,0.376761352501778,7.17525611035071,2.09854167027238,0.147439704761035,0.865812714547502
UBFD1,0.86988250602224,4.58201551790082,2.09788251670551,0.14750328922546,0.865812714547502
TMEM205,-0.788429931604072,5.23792389656422,2.09723672475289,0.147565614795351,0.865812714547502
SOX4,1.05352827358168,4.9888541202826,2.09564803022121,0.147719066724835,0.865812714547502
ATR,-0.620053143349764,5.7561769095245,2.09519974480244,0.147762399172395,0.865812714547502
ZBTB20,-0.523164634413526,6.45896877328099,2.09155578690897,0.148115166670256,0.86687664393621
TCEANC2,0.895191728977965,4.36920048861896,2.09087194017592,0.148181475032677,0.86687664393621
TOMM6,0.936969936194685,7.79855221973814,2.09018439685485,0.148248175626943,0.86687664393621
BCL2L12,1.08731763318613,4.21384100421985,2.08792499318174,0.148467605922858,0.867058996305629
VMA21,0.396739465733501,6.37834336854766,2.08673203470996,0.148583612437235,0.867058996305629
IRF2BP1,-1.05778331832622,4.26861586281085,2.08425272037575,0.148825035364546,0.867058996305629
GGPS1,0.755209174734809,5.2299083724763,2.08381493120628,0.148867711049883,0.867058996305629
EXOSC2,-0.970082820709814,4.36858265484091,2.0832911079033,0.148918791511821,0.867058996305629
MIIP,0.643430012653202,5.386672604682,2.08070553496515,0.149171213138392,0.867058996305629
MIR762HG,1.00322209451523,4.2264410287202,2.07822533911819,0.149413801566378,0.867058996305629
FURIN,-0.77528345503173,6.87143619608214,2.07702515406925,0.149531351962896,0.867058996305629
RNF216,-0.539754191208529,5.92836689722692,2.07668001099417,0.149565175855587,0.867058996305629
USP13,-1.63194850960403,3.86411385343151,2.07652541488353,0.149580329021263,0.867058996305629
RGS3,-1.138444148366,4.38958801742418,2.07396905525653,0.149831149481943,0.867058996305629
SDCBP2-AS1,-1.25328154768468,3.80853725981723,2.07252779319214,0.149972770332834,0.867058996305629
NACA,-0.164160972710594,10.899091633052,2.07210877518434,0.150013972146,0.867058996305629
NFATC3,-0.689578725985772,6.05774595217351,2.0716877756524,0.150055381692323,0.867058996305629
COX16,0.505891754263149,6.755460078209,2.07031396022477,0.150190600223088,0.867058996305629
PPP6R2,-0.492569683900668,6.34243198471751,2.06691557518407,0.150525680594989,0.867058996305629
MKKS,1.0366973982028,4.29342731250142,2.06640065943315,0.150576524958912,0.867058996305629
GBP4,0.526381269163547,6.75990142677799,2.06603158106341,0.150612980845003,0.867058996305629
DENND11,1.13629363304365,4.3426933486727,2.06578366276626,0.150637474695217,0.867058996305629
SH3TC1,-1.18561953274502,4.39770853331592,2.06395865171428,0.150817921024222,0.867058996305629
ADCK5,-1.4294985972833,4.03923290854074,2.06308786217868,0.150904105731431,0.867058996305629
HGSNAT,0.714382710408933,5.17415108227418,2.06302662359264,0.150910168798788,0.867058996305629
OTULINL,0.712971748607729,5.33112639785922,2.06237718954057,0.150974484478599,0.867058996305629
PPP1R3F,-1.19429118632912,4.19091566780337,2.061672797382,0.15104427791529,0.867058996305629
XIAP,-0.738864969710736,6.35487541718003,2.05834589462262,0.151374412000435,0.867058996305629
XPOT,0.558601772373008,5.86257102201292,2.05774969717026,0.151433659913455,0.867058996305629
TRAC,-0.279464528045483,9.95013545147656,2.05450297786142,0.151756768037855,0.867058996305629
ARL8A,0.603225212598633,5.83503580502782,2.05357593648253,0.151849168853286,0.867058996305629
RPL26,-0.213156555255737,12.0568767073202,2.05252165494745,0.151954329479179,0.867058996305629
MHENCR,-0.556132369891985,5.58468726929496,2.05172469140128,0.152033878334178,0.867058996305629
CUL2,-0.805382267225364,5.30230589815133,2.05005275445524,0.15220091588687,0.867058996305629
CDC42SE1,-0.280287319069718,7.63232952998734,2.04938413307876,0.152267773754224,0.867058996305629
NPM3,-1.08247866142626,4.30921315012989,2.04937987934753,0.15226819920665,0.867058996305629
MORF4L2,0.529895369427776,5.83945587436689,2.0473258189679,0.152473800938245,0.867058996305629
SPPL3,0.651369731968166,5.33367775249526,2.04722000466549,0.152484400963616,0.867058996305629
HSD17B4,0.758699489938328,4.80465874980037,2.04716841786522,0.152489569011867,0.867058996305629
PDLIM7,1.08605159373787,4.16412964474606,2.04658960108313,0.152547569409199,0.867058996305629
ZNF683,1.06918086795507,5.60589580615595,2.04606497077703,0.152600161637504,0.867058996305629
INO80C,-0.946220089548257,4.59221843701714,2.04572109608275,0.152634644935508,0.867058996305629
TRPM7,0.534693274437828,6.05761044381518,2.04512737498694,0.152694203280684,0.867058996305629
CEP97,-1.09558293915904,4.61162492594189,2.04461291902969,0.152745831541071,0.867058996305629
KLF2,-0.688647020491089,7.88082105051342,2.0445629968573,0.152750842536519,0.867058996305629
ACAD8,-1.238489512024,4.28863366925307,2.04388381167445,0.152819035038338,0.867058996305629
LINC01089,0.809944185875309,5.32648578829885,2.04270054016328,0.15293792193669,0.867058996305629
MRPS18B,-0.654522165457834,5.81609394974491,2.04267855587162,0.152940131756997,0.867058996305629
LCLAT1,1.17173755467471,4.04300276627997,2.0426322651069,0.152944784937289,0.867058996305629
BABAM1,-0.59312403065146,5.83332120750361,2.03675779185593,0.153536595417519,0.869837212872346
SMYD4,-0.989349048155321,4.64294760368106,2.03428959563257,0.153786022374817,0.869850259568095
DCLRE1A,-1.39107473732679,3.85074330081878,2.03427594648729,0.153787402984678,0.869850259568095
TNKS,-0.747899392588033,4.97532495624802,2.03371510079305,0.153844144632935,0.869850259568095
SYNGR2,-0.469614884976123,6.54620644312269,2.03255637645274,0.153961449817948,0.869938158951511
CEP152,-1.16380183956491,4.20611835880067,2.03093757639754,0.154125501333619,0.870107595810241
HSPBP1,0.940908706470766,4.33830161468702,2.03015870076763,0.154204504339941,0.870107595810241
ISG15,0.810814983321857,9.0847774843372,2.02818359073392,0.154405049947446,0.870107595810241
MRPL51,0.379317035520217,7.4621962600986,2.02817860817042,0.154405556233088,0.870107595810241
NUP205,-1.00950643693597,4.50818969146949,2.02532586611066,0.154695737040104,0.870107595810241
LINC01943,0.548541099984465,8.00653064514667,2.02466262452334,0.154763290564395,0.870107595810241
TRDC,1.40147707455712,5.69159445679663,2.02433547945126,0.154796623785074,0.870107595810241
CD2AP,-0.545651839361529,5.59318858778774,2.02424673270244,0.154805667707027,0.870107595810241
ABTB1,-0.675158412226353,5.65983363933011,2.02184647924566,0.155050498087679,0.870450027251865
BBX,0.417575407398133,6.92332477117205,2.02154063537309,0.155081726291801,0.870450027251865
NOA1,0.777319277987381,4.80396335708742,2.01990512944904,0.155248840910357,0.870450027251865
C10orf143,-1.29746933147701,3.95984976845303,2.01597063603978,0.155651702199981,0.870450027251865
LGALS1,0.712973339085772,8.55817356140162,2.01537180637535,0.155713121672781,0.870450027251865
CMTM3,0.383310858362132,6.97826775663285,2.01504318018011,0.155746839192023,0.870450027251865
TMEM209,-0.820421832870265,4.89380661071094,2.01391830073836,0.155862316211663,0.870450027251865
NOTCH1,-0.717606281211194,5.50766153954622,2.01198075600438,0.156061447255998,0.870450027251865
DALRD3,0.639701668471915,5.42263838315424,2.01160240644154,0.156100365821088,0.870450027251865
GGA2,0.57377587416901,5.56872063660047,2.01116700209663,0.15614516691477,0.870450027251865
ITGAL,-0.409682784481068,7.11223659671364,2.01113406183933,0.156148556909125,0.870450027251865
SCAF8,-0.707001524201268,5.37079130179535,2.01082855216738,0.156180001936097,0.870450027251865
ERI3,-0.901623034979083,4.74385866252471,2.01072912021446,0.156190237665734,0.870450027251865
ZNF506,-0.647180093701331,5.65966599907951,2.0088531583907,0.156383495915107,0.870536039369558
PLIN2,0.447235529343298,6.41931881952115,2.00857535781548,0.15641213752118,0.870536039369558
CALCOCO2,0.443539159991473,6.70804996933613,2.0076153806524,0.156511158323899,0.870536039369558
IL10,-1.55717603676213,5.06240524623624,2.00572661725036,0.15670619060982,0.871054111523633
SLC25A37,-0.774439439551427,5.06883332440694,2.00309738919791,0.156978142683879,0.871499652329901
VTA1,0.611829539356404,5.34659026327048,2.00244379965374,0.15704582940166,0.871499652329901
RGL2,-1.02267786191748,4.50323745111388,2.00199651164416,0.157092170340435,0.871499652329901
TSC1,-0.979605292768886,4.78367768029998,2.00066037051904,0.157230692829471,0.871702459791926
DNAJC4,-0.646648896452172,5.39603378500254,1.99879215465955,0.157424610260039,0.871898148584246
RNASET2,-0.425587848361613,7.37403966027044,1.99835556904683,0.157469966243312,0.871898148584246
MPHOSPH10,-0.626718195461625,6.06581612698605,1.99357646715201,0.157967430126104,0.872729820481452
TMX1,-0.638141038025333,6.15456821973384,1.99205635887619,0.158126034947991,0.872729820481452
FBXL8,0.993748588418159,4.53148619933926,1.98981466843619,0.158360258745439,0.872729820481452
MRPS28,-0.708144224302786,5.14091391657408,1.98895450764491,0.158450237705248,0.872729820481452
PARN,0.834660907603779,4.88204559465406,1.98878383090675,0.158468098625858,0.872729820481452
ZNF433-AS1,0.941030727890415,4.88172829851481,1.98858726364408,0.158488671767574,0.872729820481452
SYNC,0.616866242334017,5.39023539789288,1.98682111310825,0.158673657172902,0.872729820481452
TMEM106B,-0.53904381245026,5.7738695485935,1.98626818011177,0.158731621489913,0.872729820481452
SRRM1,0.229644458099488,8.54421119272117,1.98582338626161,0.15877826700059,0.872729820481452
DOLPP1,-1.71029069183516,3.82584221501255,1.98513010595312,0.158851002384741,0.872729820481452
RAD23A,-0.38501049090494,6.87400533905577,1.98189819641058,0.159190578485119,0.872729820481452
SLCO3A1,-0.767370107240455,5.55137141461439,1.980773741927,0.159308918402341,0.872729820481452
SRSF11,-0.275561581797953,8.07655084346688,1.97998558970654,0.159391924876597,0.872729820481452
BTRC,-0.944865299854212,4.5233066691993,1.97857432917537,0.159540678821071,0.872729820481452
PTMS,0.533457940837787,7.49726638171757,1.97814083682347,0.159586402821596,0.872729820481452
PACC1,1.61327897851865,3.80009974283312,1.97795227292939,0.159606296862123,0.872729820481452
MIS18BP1,-0.410115828143801,6.98428359291191,1.97734020486607,0.159670891290849,0.872729820481452
ACSF3,-0.754872248878308,5.24275940189842,1.97638776618219,0.159771465852524,0.872729820481452
PECR,-1.06001997899502,4.3692318551364,1.97598472809317,0.159814047144203,0.872729820481452
SIT1,-0.398508189504064,6.83406505210409,1.97591997224166,0.159820889856016,0.872729820481452
BCKDHB,-1.01536654277845,4.19291323777464,1.97336875292307,0.160090741409495,0.872729820481452
E2F3,-0.686445432424005,5.33178915524082,1.97276686985167,0.160154480367829,0.872729820481452
WASF2,0.32062814683255,7.55793517588698,1.97205885282205,0.16022949584085,0.872729820481452
JADE2,-0.499661571906661,6.00162012125202,1.97176610471971,0.160260524641102,0.872729820481452
GNL3,-0.597296155965553,5.76956798980532,1.97174758891314,0.160262487388739,0.872729820481452
DDOST,-0.461053798585809,6.20078444451703,1.96850781800194,0.160606337774411,0.872729820481452
CD151,-0.819568648360873,5.17334206530095,1.96713013593949,0.160752811611921,0.872729820481452
SLC66A3,1.35599579505842,5.38783318423759,1.96620266662875,0.160851505007817,0.872729820481452
USP10,-0.508484502359105,5.95802201411879,1.96530829871021,0.160946741449634,0.872729820481452
PRC1,1.19496613472,3.90353174527925,1.9647378353201,0.161007520608373,0.872729820481452
CYTH4,-0.596909051898205,5.7525529178678,1.96408434192237,0.161077178229531,0.872729820481452
HAVCR2,-0.769992044654759,4.88090320687913,1.96277338704661,0.161217020054937,0.872729820481452
CBFA2T2,-0.711883758287997,5.24830920514681,1.96251516916614,0.161244580916677,0.872729820481452
CCDC141,-1.03366079469565,4.2614330719289,1.96101442529332,0.161404869057509,0.872729820481452
ZGPAT,0.832491230060934,5.32107076163432,1.96052553372952,0.161457124736647,0.872729820481452
SNX25,-1.24815201240518,4.17460815922562,1.96003078867062,0.161510025713231,0.872729820481452
ZNF770,-0.707229421192595,5.31038896820652,1.95915734350154,0.161603467733584,0.872729820481452
SLC41A1,-1.01016906858911,4.65390648847172,1.95687860680744,0.161847539609545,0.872729820481452
ESD,0.405109271688333,6.38800875218805,1.95662768118802,0.161874441543671,0.872729820481452
TBC1D10C,-0.338816137700886,7.76718986016853,1.95662565653282,0.161874658629299,0.872729820481452
CORO1B,-0.51629234565283,7.55409374418532,1.95619829288239,0.161920488436455,0.872729820481452
VAMP2,-0.365081658321864,7.94070785646376,1.95424432377957,0.162130217652316,0.872729820481452
ZNF580,-0.786070011151626,5.14556985112101,1.95371688576204,0.162186883302759,0.872729820481452
PGM2,0.811421229140552,4.77220045234135,1.95367945438136,0.16219090562639,0.872729820481452
SLC10A3,-1.15157200812258,4.42490456175809,1.95157028384258,0.162417738141221,0.872729820481452
PTPN6,-0.580140780001914,6.29818081104178,1.94928510454091,0.162663908350075,0.872729820481452
NDUFAF8,-0.419840275779308,6.60449399040222,1.94897027477576,0.162697856648156,0.872729820481452
KAT8,-0.697892942971672,5.13080837278241,1.94850551177372,0.162747987126069,0.872729820481452
DCP1B,-0.965040682633563,4.31484589586342,1.9469497090144,0.162915928169434,0.872729820481452
CENPE,1.43067673537066,4.1369110484479,1.94681966357085,0.162929974874173,0.872729820481452
NDUFA10,-0.434137395227162,6.39733474496471,1.94648544794609,0.162966081122358,0.872729820481452
BRI3BP,-0.855029929924402,4.56258392350313,1.94583626804063,0.163036239948165,0.872729820481452
CCDC159,-1.25248374160939,4.53554597321196,1.94532602897928,0.163091407221444,0.872729820481452
ISG20L2,-0.64075407099482,5.38694794047876,1.94494337730092,0.163132793675209,0.872729820481452
HACD3,0.648901240101813,5.33376193523286,1.94323187269745,0.163318051684505,0.872970467821457
PLEC,0.527168412130362,6.78284766162381,1.94264156838636,0.163382003569345,0.872970467821457
DNAJB4,-1.28661284567077,3.94194676081007,1.9392441229194,0.163750629558261,0.874128382311821
RBX1,0.319801392517468,8.00492355393135,1.93662313607384,0.164035658266562,0.874128382311821
CHRNB1,0.932780582091124,4.660061158153,1.93628024339634,0.164072989281984,0.874128382311821
PDCD1,-0.835479532400388,5.88087615966343,1.93494591604856,0.164218351038414,0.874128382311821
KTN1,-0.26454005736525,8.25572902750321,1.93479344300822,0.1642349708331,0.874128382311821
CIAO2B,0.890644265286954,7.41839438599668,1.93366014340957,0.164358562476839,0.874128382311821
GALNS,1.00409507801948,4.50707473242161,1.93111654220156,0.164636341323198,0.874128382311821
UTP18,-0.589493923549454,5.44889371820077,1.92944433368401,0.164819250399656,0.874128382311821
IFRD1,0.622018978309627,5.76920234389367,1.92519081815081,0.165285555307942,0.874128382311821
RPLP2,-0.23102245575216,11.7627048236554,1.92451686027863,0.165359578403515,0.874128382311821
PSME1,0.27102527469377,9.3104597615797,1.92208439779913,0.165627059614188,0.874128382311821
EXOG,-0.617313737363347,5.62082807618524,1.91904691717545,0.165961765683966,0.874128382311821
MRPS12,-0.42912713643115,6.34473883694835,1.91703668105014,0.166183703175452,0.874128382311821
TRUB1,-1.14135969345094,4.07003753359199,1.9165662170601,0.166235693166852,0.874128382311821
GGA1,-0.634257475976167,5.96211058161396,1.91627531299558,0.16626784967927,0.874128382311821
ORC3,0.746093849535401,5.00376166634905,1.91603958766191,0.166293911960456,0.874128382311821
OGDH,-0.453717243277151,6.27615970218886,1.91520229668603,0.166386522389241,0.874128382311821
CEACAM1,-1.63209199567058,4.26668320905974,1.9139262739872,0.166527773267918,0.874128382311821
FAR1,-0.696880595083225,5.32647780954595,1.91295314830039,0.166635586848366,0.874128382311821
SH3GL1,-0.868878895161012,4.87180454719547,1.91070432138562,0.166885042492416,0.874128382311821
FAM91A1,0.627956244118683,5.43566370131783,1.91002429651422,0.166960559788593,0.874128382311821
TMEM184C,-1.21769589194321,4.14102543983006,1.90806487312074,0.16717837419673,0.874128382311821
CUL5,-0.475377123400883,5.8870969794156,1.90803568275521,0.167181621529825,0.874128382311821
DLG3,0.925409191462204,4.44676862103254,1.90692305544571,0.167305451563364,0.874128382311821
COG3,0.828992045603398,5.06863232496697,1.90471869372146,0.167551096720279,0.874128382311821
REV3L,-0.592684377693566,5.95265370286567,1.90470892875718,0.167552185807118,0.874128382311821
STUB1,-0.404099335417964,6.95855717342563,1.9038400364939,0.167649125866636,0.874128382311821
CERK,-0.65979659972331,6.48791981782788,1.90300555197182,0.167742287634165,0.874128382311821
SHISA5,0.421527084600168,6.90111406145858,1.90270529213429,0.167775823120692,0.874128382311821
TSEN34,0.899996661752313,4.54968050603093,1.90158138087206,0.167901418976017,0.874128382311821
SLFN5,0.336103994461238,8.63423176615628,1.90112939360285,0.167951958429912,0.874128382311821
RACK1,-0.151614122872702,10.7027420806089,1.90103449227091,0.167962572140876,0.874128382311821
NPHP3,-0.736680739638149,5.58306052262666,1.90071633732882,0.167998160016358,0.874128382311821
MAN1C1,0.845292668262547,4.72030410045552,1.90002701119086,0.168075295654782,0.874128382311821
ING1,0.768742872848317,5.01375315726208,1.89993326718512,0.168085788749605,0.874128382311821
ERLIN2,-1.02087153360565,4.22402873397138,1.89787166913351,0.168316740551568,0.874128382311821
CISD3,-0.469956938054536,6.23221348260814,1.89621263826212,0.168502858650965,0.874128382311821
PHF14,-0.432975570421183,6.49191813276196,1.89574621007586,0.168555227296907,0.874128382311821
CLN6,-0.906969165010294,4.39568769563368,1.89525587222725,0.168610300539967,0.874128382311821
SHISAL2A,-0.93805457555039,4.92241541044355,1.89428851149534,0.168719012037247,0.874128382311821
IL32,0.359439776016068,11.2346819985583,1.8941452772882,0.168735115452395,0.874128382311821
CTU2,-1.14146503682254,4.04261899190256,1.8929781831418,0.168866394233385,0.874128382311821
SEC22C,0.678770812854605,5.51651858112942,1.89280777926194,0.16888557164661,0.874128382311821
CLSTN1,-0.51559408223598,5.85753467354175,1.89158798706946,0.16902292115482,0.874128382311821
TGFBR1,-0.700388226690682,5.38794478238203,1.8907944353733,0.16911234444073,0.874128382311821
TSEN54,-0.654019124834186,5.85583478328013,1.88991191175592,0.169211857473272,0.874128382311821
NFIA,-1.12881642277356,4.51852740953861,1.88887749993671,0.16932858287022,0.874128382311821
SMIM19,0.533308799416571,6.23107301799471,1.88818644071154,0.169406615036472,0.874128382311821
PABPC1L,-1.33884116022576,4.07817412209056,1.88535493728358,0.169726770304964,0.874128382311821
TXK,-0.892992874817179,5.27844041603712,1.88510878499411,0.169754635280333,0.874128382311821
KLHDC2,0.566765662161676,5.66076886156045,1.88468379281334,0.169802757677112,0.874128382311821
MANEA,-0.938702240232126,4.48629342764902,1.8834386505656,0.169943836833386,0.874128382311821
NSUN3,0.772296685045214,4.69027225624472,1.88206351306267,0.170099801263025,0.874128382311821
FAS,-0.57992011977506,5.93498381217179,1.88192689760434,0.170115304792773,0.874128382311821
ORC5,-1.06005186808217,4.12619364632165,1.87993293933249,0.170341769814958,0.874128382311821
MRPS26,-0.575698568856026,5.97898346279647,1.87943524258317,0.170398349982118,0.874128382311821
RUNDC1,-1.02097660715829,4.51987918283282,1.87851720458164,0.170502772843796,0.874128382311821
LATS1,-0.639842497227507,5.44052633978876,1.87697129636177,0.170678779300558,0.874128382311821
RPS12,-0.233378472945307,12.7587477570741,1.87660673730064,0.1707203158754,0.874128382311821
AUP1,-0.477937561115218,6.17688175324442,1.87659031388292,0.170722187374952,0.874128382311821
USP48,-0.428973738880481,6.30780814320195,1.87617116002297,0.170769959235417,0.874128382311821
SHKBP1,0.593535975760199,5.83232229441525,1.87570922994395,0.170822624173667,0.874128382311821
PARP6,1.01719692462653,4.4803554100624,1.87441316679576,0.17097048875603,0.874128382311821
TMEM267,-0.97068556018879,4.47693939642902,1.87436272019045,0.17097624705356,0.874128382311821
SREK1,-0.388822710407793,6.64984157422344,1.87327761329143,0.171100162022539,0.874128382311821
PSMD11,0.436218888717442,6.30266508015312,1.87288709964985,0.171144782393336,0.874128382311821
ACP6,-0.958194225669017,4.59447069986072,1.87196180315618,0.171250560804192,0.874128382311821
SLC35E1,-0.573164721564782,5.83184799167959,1.87183666238913,0.171264872460289,0.874128382311821
NAGK,0.524466432897987,5.84955017859343,1.87113486241141,0.171345158898017,0.874128382311821
OGG1,-0.873045019369664,4.70715821191235,1.870506927835,0.17141703173156,0.874128382311821
GORASP1,1.16034853107835,3.94792204485786,1.87004011775866,0.171470484843308,0.874128382311821
RARS2,-0.63060654815434,5.23439781266186,1.86990191466768,0.171486313765269,0.874128382311821
THYN1,0.505445451599578,5.81711033672191,1.86945983517082,0.171536958074913,0.874128382311821
AK6,0.579661697739834,5.59890210748186,1.86924137030034,0.171561991597822,0.874128382311821
GORASP2,-0.646468339522191,5.41749992887306,1.86807077680539,0.171696199470157,0.874128382311821
FBXO45,-0.920618242788493,4.8307412656023,1.86803386141168,0.171700433760613,0.874128382311821
PRDX2,-0.338706329996019,7.53611082232188,1.86720230353009,0.171795847388747,0.874128382311821
QRICH1,-0.733398994498543,5.1061898020947,1.86708070388685,0.171809804936565,0.874128382311821
DUSP22,0.689898848887892,5.07401364290021,1.86629675373652,0.171899820221788,0.874128382311821
ATE1,-0.694888349850042,5.11903514777582,1.86617871374299,0.171913378588782,0.874128382311821
DNAL4,1.05635330738061,4.02441636842486,1.86580427792865,0.171956395350564,0.874128382311821
CAPN12,-0.934394237512156,4.26641846380841,1.86557145909745,0.171983148795003,0.874128382311821
ZDHHC4,-0.735368629151885,4.94192838019446,1.86189115108035,0.172406692910903,0.8755432232923
NIPA2,-0.686447258085417,5.43931889080287,1.86077938727891,0.172534874747614,0.8755432232923
LOXL1-AS1,1.01169432360118,4.22336032931918,1.85836610510823,0.172813493645663,0.8755432232923
JAZF1,-0.74346705092479,5.38258784609043,1.85780960816085,0.172877815874132,0.8755432232923
AFG3L2,-0.598764400488901,5.60777451991677,1.85704111468484,0.172966686815527,0.8755432232923
UBE2S,0.489710200157734,6.36446266033802,1.85704096321527,0.17296670433711,0.8755432232923
GUK1,0.188808019707741,8.45460980566544,1.85693969681951,0.172978419012831,0.8755432232923
RAP1B,-0.288609578560282,8.41596690015418,1.85230593699408,0.173515438252569,0.876703360944652
MYO18A,0.966602332136838,4.27881288617469,1.85152667361423,0.173605937537527,0.876703360944652
FASTKD2,-0.722925977243477,4.84433312317459,1.8515033653632,0.173608645263774,0.876703360944652
MTMR2,-1.25503833744183,4.00980842753848,1.85084515756214,0.173685129522482,0.876703360944652
DEXI,-0.837649613731662,5.20850708918911,1.85049875895838,0.173725396883497,0.876703360944652
PDE4A,0.662544083857388,5.39087995054646,1.84887268762404,0.173914564403962,0.876703360944652
NFIL3,0.837416144243157,4.21573618063421,1.84833734532139,0.173976894829188,0.876703360944652
PSMD10,-0.719027133191656,4.98978505269725,1.84697912398022,0.174135149279503,0.876703360944652
PEX14,-1.21256182948516,3.97428015796103,1.84677934800386,0.174158440344558,0.876703360944652
CREM,-0.436772191523686,7.49199113592452,1.84361135254944,0.174528263836617,0.876703360944652
MPND,-0.971628265806324,4.34107616257787,1.84357828830945,0.174532128434769,0.876703360944652
WDR37,-0.903957008957359,4.49123077264198,1.84348163339283,0.174543426172061,0.876703360944652
HERC5,0.744618829304382,6.11311591251589,1.84183242637278,0.174736327462476,0.876703360944652
RAP1GDS1,-0.637872315080591,5.45980569486022,1.84026050188425,0.174920417905964,0.876703360944652
CSF2,-2.76736317553422,6.91970154827197,1.83826787849164,0.175154098227605,0.876703360944652
THRA,-0.937555340857743,4.46169911914958,1.83812798410823,0.175170517526127,0.876703360944652
PWWP3A,1.029957571433,4.99433628298193,1.83757628667248,0.175235287128549,0.876703360944652
NELFA,-0.875339722086782,4.95048238841252,1.83644269095447,0.175368458550807,0.876703360944652
PDCD10,0.345746915750201,7.17118337361183,1.83569854097922,0.175455942461049,0.876703360944652
HPS6,-1.07796808416716,4.10000491450772,1.83497128679739,0.175541488661333,0.876703360944652
GPS2,0.397762375405161,7.09237045625963,1.83439079931472,0.175609805335609,0.876703360944652
MRPL47,0.429772340364373,6.21264681149842,1.83431075573589,0.175619227944385,0.876703360944652
CSNK2B,-0.31201590070188,7.06688801650599,1.8334510202025,0.175720471459516,0.876703360944652
ABCD4,-0.716499760150511,5.31292555730199,1.83333281881187,0.175734396260557,0.876703360944652
CD52,-0.173354313285821,10.6963022463252,1.83301890004597,0.175771383864678,0.876703360944652
ZNF251,-1.30465281800389,3.92770675912594,1.83196365714727,0.175895784081038,0.876766889693518
SCLY,-1.01743011814818,4.26025241698485,1.83117149930649,0.175989236485446,0.876766889693518
ALYREF,-0.459994001935991,6.183214832473,1.82815517532001,0.176345602465535,0.877686628081509
SPOUT1,-0.86390990242539,4.83172858991618,1.82633832156961,0.176560657637414,0.877686628081509
C12orf75,0.553461833191165,7.16845213868623,1.82624693057622,0.176571483284777,0.877686628081509
CD320,-0.581987949491977,6.00945244534975,1.82550050103803,0.176659929668856,0.877686628081509
RPL7,-0.327445159177211,10.3439545994861,1.82527062764826,0.176687178258074,0.877686628081509
PREP,0.831731183583618,4.72973055114476,1.8230349232506,0.176952445833722,0.878071456858284
RBM43,0.65937229935405,5.20417594440073,1.82288652996693,0.176970069033434,0.878071456858284
NAA40,1.00376131189956,4.18565789755367,1.82044127624057,0.177260759413396,0.878531333599462
TRNT1,-0.743970992588698,5.07509975706811,1.8203780510379,0.177268282893797,0.878531333599462
PAFAH2,-0.978904185833045,4.03697677161419,1.81933028893939,0.17739301497221,0.878640141945205
LONRF1,1.19037244978114,3.95090797120033,1.8179613131769,0.177556138975207,0.878795467452311
LAMTOR5,-0.318420159940521,7.51226664090901,1.81618441400538,0.177768128481504,0.878795467452311
MATK,0.552174054730798,5.61572429341035,1.81521051852912,0.177884441141618,0.878795467452311
ATF6B,-0.457246026791788,6.23767580063443,1.81495192440864,0.177915339883888,0.878795467452311
MTX3,0.782921638431406,4.93344338700727,1.81475938452352,0.177938350001164,0.878795467452311
CNOT4,-0.459388481689606,6.25474874394577,1.81334906397853,0.178106999837295,0.878803141137805
GPR89A,-1.16700805277208,4.0563751913717,1.81225720730427,0.178237693700069,0.878803141137805
ATP10D,-1.08580762677614,4.96089948930708,1.81216870791989,0.178248291815762,0.878803141137805
SLC4A7,-0.45383429048583,6.83175447002986,1.80711668482994,0.178854498060208,0.880557116787728
HAUS1,-0.651527259057458,5.18761746637643,1.80645140443078,0.178934504234958,0.880557116787728
SNX11,-0.95172188364658,4.33730111366208,1.80634436458101,0.178947380637117,0.880557116787728
SNHG29,0.914400466067213,8.65140996448498,1.80509043829192,0.179098301976815,0.880557116787728
RHBDD2,-0.534515170910147,5.72030664637166,1.80451636580772,0.179167445860896,0.880557116787728
FAM200A,-1.06271627987388,3.8814573298156,1.80269673712288,0.179386814124283,0.880557116787728
PUM3,0.542188507947339,5.9737288759316,1.80218863237669,0.179448124945499,0.880557116787728
ARRDC1-AS1,-0.865884187310959,4.51486222325899,1.80208392956382,0.179460761994777,0.880557116787728
NOLC1,-0.615465175334304,5.56542348594307,1.8008294604779,0.179612249490591,0.880557116787728
CTNNBL1,0.489833606527801,5.86414710221989,1.80064891652665,0.17963406382943,0.880557116787728
CENPF,1.25236505995361,5.07125324849196,1.79814281165028,0.179937182150978,0.881231060095053
AP2M1,0.307973378397912,7.21164308068205,1.79698287276091,0.180077679244798,0.881231060095053
RUVBL2,-0.858810515935872,4.55646553349112,1.79621261226522,0.180171046809454,0.881231060095053
SOCS1,-0.534448222256914,7.1523326610229,1.79610687118377,0.180183868645006,0.881231060095053
UTP14A,-0.747664651761689,4.88059255867724,1.7944620690049,0.180383448208882,0.881702743703677
POLRMT,-0.899464791673256,4.55339831447037,1.79328498815055,0.180526431662491,0.881897408161507
NDUFB5,-0.459444068518382,6.59874123028815,1.79189873177188,0.180694992454538,0.882216727866273
DDHD1,-0.49199594437865,6.65065816157411,1.78998164922379,0.180928398804904,0.882374422622791
RPS2,-0.269683579169924,12.0032062472387,1.78779714112372,0.181194789867321,0.882374422622791
EXOSC4,-1.01141920311614,4.40987485792311,1.78746611555468,0.181235196561179,0.882374422622791
IFT52,-1.01497805035997,4.40788587748467,1.78694404655132,0.181298944204018,0.882374422622791
STIM1,-0.955011991029673,5.45398427103014,1.78674583952714,0.181323153224869,0.882374422622791
APOL6,0.279370934400754,7.44884169300646,1.78604974175284,0.181408204314066,0.882374422622791
DECR1,0.460872084712116,6.33744807227586,1.78570954151082,0.181449787691059,0.882374422622791
DHRS13,-1.1488613754906,4.00899907796339,1.78373446910309,0.181691422998511,0.883047171810274
BTF3,-0.226802277224498,9.59031322728331,1.78084324914475,0.182045814387184,0.883672583850446
GZMA,0.432822763008722,9.06364641982946,1.77915258493183,0.182253418561533,0.883672583850446
CUL4B,0.793575505383871,4.87407768773746,1.77755966806673,0.182449270880216,0.883672583850446
HIF1A,-0.401519592478261,7.13800131822377,1.77692264070689,0.18252766291962,0.883672583850446
CD164,0.247161492606124,7.76842135036648,1.77613254143452,0.182624946084977,0.883672583850446
SPECC1L,0.700529236367725,4.85484461264124,1.77549917615501,0.182702974330931,0.883672583850446
LYRM4,-0.603386125722913,5.40724780468091,1.77504695269537,0.182758710219221,0.883672583850446
TNFRSF9,-1.13915994513243,5.53775851287329,1.77363747371626,0.182932552931083,0.883672583850446
CPSF6,-0.528952986073413,5.85582478846486,1.77321985142033,0.182984098548039,0.883672583850446
NISCH,-0.711555171989754,5.05742845294026,1.77316965742563,0.182990294945378,0.883672583850446
MICAL1,-0.569011515358264,5.46750443024359,1.77311472697337,0.18299707633229,0.883672583850446
TRAF3,-0.556466289644055,5.80552246634816,1.77193341958888,0.183142984035443,0.883672583850446
PATL1,-0.8510159332048,4.94179632530514,1.77176451092711,0.18316385759539,0.883672583850446
PSMD2,-0.504252453251526,6.19525487444787,1.76838502503643,0.183582071246884,0.884137801621126
SLC25A28,-0.73844230155477,5.10751641112063,1.76621691309897,0.183850959633349,0.884137801621126
PPM1B,-0.605143230574085,6.04707667237438,1.76619214341558,0.183854034197676,0.884137801621126
CPD,-0.687627435628258,5.28851446027563,1.76477439801493,0.184030112854448,0.884137801621126
NCF1,-0.431609267477376,6.87232273282673,1.76384668183703,0.184145437606017,0.884137801621126
YLPM1,-0.595726131498105,5.612612711542,1.7630527531284,0.184244197769448,0.884137801621126
POLR2J,0.302538510665588,7.18849083240434,1.76156655953665,0.184429236947724,0.884137801621126
NUDCD3,0.475097131232493,5.84681637991881,1.76131832864768,0.184460164054514,0.884137801621126
MMUT,-1.31855987655729,3.88582225421522,1.76075304514591,0.184530615232902,0.884137801621126
PPP2R2B,0.951257830677077,4.53172424474221,1.75979693303081,0.184649846396839,0.884137801621126
MVP,-0.504626660724748,6.17677826292765,1.75806096308447,0.184866557715163,0.884137801621126
TXNDC5,-1.37504690841534,3.9372353270596,1.75761946042977,0.184921720164084,0.884137801621126
ZDHHC20,-0.536039909253936,6.1089561678949,1.75693335683559,0.185007481592084,0.884137801621126
RORA,-0.477891892246381,8.41901635527702,1.75524028182548,0.185219309855778,0.884137801621126
CASP1,-0.597763191757321,5.96788340915092,1.75506432337153,0.185241340962771,0.884137801621126
ILF3,-0.383257730997745,6.77033028715943,1.75506079562643,0.185241782689796,0.884137801621126
EIF3L,-0.376584862735485,7.22433190539243,1.75482517232494,0.185271289058903,0.884137801621126
PDZD11,0.607840794308068,5.42550586330949,1.75259185339964,0.185551231800966,0.884137801621126
MCM5,0.810379768757135,4.72640431706164,1.75225217423543,0.185593853035042,0.884137801621126
TMCO6,-1.25281451028269,3.94776240720667,1.75168147633222,0.185665486943215,0.884137801621126
ADAT1,-0.738611067991362,4.69062546427114,1.75144274323009,0.185695462210033,0.884137801621126
SLC35B1,-0.800069114810804,5.25960383396746,1.75065428655074,0.185794500576381,0.884137801621126
MTMR9,0.61467564923188,5.32501274009916,1.74989922163908,0.185889402110321,0.884137801621126
C16orf54,-0.425201211906639,6.5371388345954,1.7498957536846,0.185889838115592,0.884137801621126
EPN1,-0.634961958460808,5.32134751556603,1.74974742058547,0.185908488265281,0.884137801621126
RPAIN,-0.429344494526234,6.17970905528762,1.74942362918305,0.185949206610689,0.884137801621126
TBC1D23,-0.831771354944318,4.79036029396896,1.74461321856258,0.186555361440252,0.885544817964
LLPH,-0.402378012649424,6.39935093499548,1.743457877737,0.186701286550791,0.885544817964
CMC1,0.47458260707398,6.15088244360007,1.74092022940571,0.187022269828716,0.885544817964
MMAB,-0.864056843968134,4.48362887311033,1.74067876110255,0.187052846204936,0.885544817964
HIRA,-0.864117201787681,4.13589962734622,1.74014241465798,0.187120782875678,0.885544817964
SNAPC5,-0.593718114934179,5.36363676411319,1.74006194190143,0.187130978484907,0.885544817964
ANKRD17,-0.558771300713423,5.86544965880557,1.73993769159,0.187146721821879,0.885544817964
UNC50,-0.654168075849777,5.2249580925586,1.73862175606006,0.187313554143354,0.885544817964
NUP210,-0.472462490170395,5.92324406328525,1.73737647253664,0.187471588619778,0.885544817964
PRR5,-0.720755917515562,5.39167449390033,1.73534229641441,0.187730072353259,0.885544817964
COQ10B,0.511942862426534,5.86372871469583,1.73507969770139,0.187763471104872,0.885544817964
PLAAT4,0.905396362261025,7.90156765769779,1.73417572735988,0.187878495907646,0.885544817964
ZNF524,0.592596034537234,5.77621918851796,1.73198181930059,0.188157998688056,0.885544817964
PWWP2A,-0.598467725979553,5.48724540623693,1.73094058620639,0.188290820572956,0.885544817964
ADPGK,0.482427059461473,5.95407113619533,1.72891527717196,0.188549485973984,0.885544817964
NCOA4,-0.501871316130304,6.06172842984827,1.72801015022924,0.188665219358303,0.885544817964
LINC00963,0.806456573942883,5.36236260404315,1.72729515221585,0.188756700523217,0.885544817964
ZNF836,0.794526652122918,4.56674172251054,1.72679728272322,0.188820431457272,0.885544817964
MTURN,1.02757667341534,3.93831665920379,1.72611520135323,0.188907783539702,0.885544817964
LSG1,-0.577352552673801,5.40274979682572,1.7256673011755,0.188965170347383,0.885544817964
USP4,0.502190464335106,5.76953677353837,1.72556467920161,0.188978321553983,0.885544817964
EPM2AIP1,-0.495593609475234,5.88900648240577,1.72539708870378,0.188999800895728,0.885544817964
TRAPPC6A,0.378553837979878,6.68883370907504,1.72482216321725,0.189073508193084,0.885544817964
RPS4X,-0.241050298260498,11.8284143321862,1.72440546792702,0.189126950795468,0.885544817964
ANKRD36C,-0.779144934867576,5.85743920231682,1.72398350643414,0.189181086736038,0.885544817964
THG1L,1.05240712127891,4.07523339793424,1.72385267131052,0.189197876014999,0.885544817964
CRTC3,-0.63709303825291,5.91529345772386,1.72372143691949,0.189214718273014,0.885544817964
EVL,-0.317715865486697,8.93756639954361,1.72370614103483,0.189216681418088,0.885544817964
STAT6,-0.587925234336589,5.50348050602228,1.72336167102971,0.189260898586827,0.885544817964
ZNF692,-1.4763363765071,4.08964983361196,1.72241922930203,0.189381934665712,0.885544817964
EPB41L4A-AS1,-0.427395746832719,6.33979824929015,1.72174122305974,0.189469065546647,0.885544817964
DPYD,-0.762538552582129,5.07670694057025,1.72016726179255,0.189671516121865,0.885544817964
RPLP0,-0.236467474299489,10.8178774933174,1.71953202842425,0.18975329431843,0.885544817964
NUTF2,0.60022449824752,6.38848556736636,1.71942557584354,0.189767002750035,0.885544817964
CAMTA1,0.408816288618677,6.28308182256777,1.71644534554632,0.190151250781758,0.886010808384147
AHCYL1,-0.532744254235328,5.81761057429642,1.71632399255784,0.190166916309616,0.886010808384147
PER1,-1.0524521711135,4.67331895125392,1.71580376257318,0.190234090151661,0.886010808384147
HDGF,0.391271047671355,6.49895401365873,1.71488902775174,0.190352270872767,0.886010808384147
WDR48,-0.650152862130399,5.26813927664967,1.71307263895869,0.190587196144317,0.886010808384147
GSPT1,-0.334602807999771,7.04540950335252,1.71296981845092,0.190600504690138,0.886010808384147
OSBPL9,-0.619879047851318,5.2963550734848,1.71266410581155,0.190640080927908,0.886010808384147
CAMK4,-0.436124307254292,6.75921965855263,1.71223247220824,0.190695974666842,0.886010808384147
DPY30,-0.413233207173193,6.41057169997158,1.710132598328,0.190968167449336,0.886447561020891
BABAM2,-0.664249924837762,5.30972792269298,1.70688877328736,0.19138953434129,0.886447561020891
HLA-B,-0.187458305037371,11.8007817022782,1.7045327282873,0.191696260383391,0.886447561020891
GYG1,0.63387120132027,6.12838583732652,1.70216037498028,0.192005689375855,0.886447561020891
ARHGAP25,0.382650350375218,6.50410948386552,1.7007659746257,0.192187834800945,0.886447561020891
NCL,-0.199993660491296,9.17005537070091,1.69976254282492,0.192319034257327,0.886447561020891
TXLNA,0.601058976630573,5.97554064823911,1.69924033594023,0.192387354570124,0.886447561020891
ARHGAP9,-0.469359548262917,6.50888414260503,1.69909855208073,0.192405909040351,0.886447561020891
ODR4,-0.954012985721757,4.57296770004079,1.69851049802875,0.192482886734467,0.886447561020891
POLR2L,-0.235258731926495,8.19893209065904,1.69684809919466,0.192700693381535,0.886447561020891
SF3A3,-0.454191035805548,6.0233085411875,1.69407822148583,0.193064241119416,0.886447561020891
PSEN1,-0.603021880625208,5.38634259420461,1.69331792765102,0.193164170151832,0.886447561020891
RPL14,-0.171136679482064,11.4688141718457,1.69312977086334,0.193188909820596,0.886447561020891
RCN2,-0.428866436981044,6.26413112096688,1.6930749162702,0.193196123036908,0.886447561020891
VPS4A,-0.554836950589348,5.6355013211701,1.69239483450713,0.193285577913877,0.886447561020891
SLC27A5,-0.868796245014176,4.47033887738812,1.69192352512147,0.193347600211854,0.886447561020891
SLC39A13,-1.01275362937661,4.62207666121533,1.69160789535992,0.193389148740532,0.886447561020891
SFMBT1,0.892624280753884,4.40968937644495,1.69139320673149,0.193417415651982,0.886447561020891
TOE1,-1.06230645917605,4.59211714857242,1.69090467500867,0.193481756026369,0.886447561020891
NUP43,-0.769103611079509,4.68641597796845,1.69042869039257,0.193544467987602,0.886447561020891
EAPP,-0.367167549925303,6.60031045289817,1.68833121662399,0.193821097686684,0.886447561020891
MFAP1,0.50548114214914,5.99029804100495,1.68761061068717,0.193916242956737,0.886447561020891
ENOPH1,0.576095435128126,5.27457125923541,1.68679202342893,0.194024391454729,0.886447561020891
CRIM1,-0.720283237050838,4.95984102270692,1.68623030527416,0.194098644227279,0.886447561020891
ZDHHC3,-0.68089137117362,5.20781427465153,1.68622939379821,0.194098764741065,0.886447561020891
LRRFIP2,0.578565031968384,5.44297064334953,1.68601418234482,0.194127222079744,0.886447561020891
EIF2B1,0.557585892639667,5.65503736632824,1.68531246848507,0.19422004336299,0.886447561020891
SETX,-0.450669546105677,7.0880415741367,1.68481453654871,0.194285940269129,0.886447561020891
PPM1D,1.03764430640676,4.0751737421764,1.68477378930436,0.194291333965326,0.886447561020891
SAE1,0.588412855331076,5.44975654101298,1.68428513561583,0.194356030500104,0.886447561020891
TOMM70,-0.762183793479338,5.21812324304464,1.68406835489892,0.194384739796435,0.886447561020891
PPP4C,0.331189873048676,6.8838500107939,1.6840172998127,0.194391501984738,0.886447561020891
ZNF701,-0.989936139090856,4.35577741654519,1.68398464444093,0.194395827295985,0.886447561020891
AHI1,-0.792120914279848,5.4851558573942,1.68263339574728,0.194574903361963,0.886447561020891
MICOS13,0.820558442881412,7.01467195145465,1.68261847225628,0.194576882194878,0.886447561020891
RPL35A,-0.20472553448421,11.4358600444568,1.68018525576085,0.194899838201922,0.886447561020891
CCNG2,-0.597469099869797,5.77503235352272,1.67912391145768,0.195040904746115,0.886447561020891
MRPS7,0.570032371900116,5.96719650726845,1.67810937710286,0.19517586133838,0.886447561020891
PAICS,-0.740772638081305,4.80745493948016,1.67738515735923,0.195272266208476,0.886447561020891
FAM53C,-0.854519831764774,4.74087451729167,1.6768088064796,0.195349027267874,0.886447561020891
PIP4K2B,-0.794273840769726,4.60716541205739,1.67487116334768,0.195607350586515,0.886447561020891
ANTXR2,0.492582402988473,5.75759040589245,1.67461095398404,0.195642071708717,0.886447561020891
DCP2,0.37563142604909,6.6926055622189,1.67205678860918,0.195983270937628,0.886447561020891
SLC38A6,-1.12064489613282,3.95045493198497,1.67148655674444,0.196059540712689,0.886447561020891
PTPN4,-0.437788554266988,6.62095981617361,1.67129942209687,0.196084577961525,0.886447561020891
CRK,-0.562789158449851,5.60685496857696,1.67019828077781,0.196231978494574,0.886447561020891
TPI1,-0.32170075463982,8.06650809563231,1.66992759648519,0.196268232595835,0.886447561020891
TOR1B,-1.23963744606559,4.37320052151832,1.66946424706129,0.196330309512926,0.886447561020891
AP2S1,0.339015325802368,7.07246619331968,1.6691889042004,0.19636720927566,0.886447561020891
SENP2,0.652008821462876,4.99336212542856,1.66903564676671,0.196387751417049,0.886447561020891
BBS4,-1.00273582652819,4.4666481306937,1.66855415315967,0.19645230567664,0.886447561020891
TRIT1,-1.21616129805282,4.16272011257978,1.66768089501432,0.196569447581542,0.886447561020891
PITRM1,0.834765966953559,4.63700926309195,1.66730902779324,0.196619355995763,0.886447561020891
CD4,-0.379489046274904,7.41176267487804,1.66598208606946,0.196797566308876,0.886447561020891
DNPH1,-0.318413966588102,7.33616372376266,1.66463847331348,0.196978208460264,0.886447561020891
NAA25,-0.68738395366054,5.04216819058853,1.66394756718979,0.197071173055233,0.886447561020891
MLLT10,-0.569634080972509,5.69477685618552,1.6638235953612,0.197087859475621,0.886447561020891
ZNF652,-0.466845806496132,6.32147338861536,1.66207968276004,0.197322763067111,0.886447561020891
MED22,-1.07792702373526,4.06044518792026,1.66200947383493,0.197332227022,0.886447561020891
TMEM128,-0.716811839515103,4.91920195079195,1.6609640972377,0.197473203656428,0.886447561020891
ELMOD2,0.770016867482735,4.74679623913085,1.66085860508581,0.197487436598224,0.886447561020891
CNOT10,-0.689501136049426,5.06460188884264,1.66081352563335,0.197493519059401,0.886447561020891
TAF7,-0.393037392374548,7.21699358235917,1.65886775393838,0.197756266800794,0.886447561020891
SLC35C2,-0.606379797223759,5.4482819242125,1.65823472908277,0.197841835821493,0.886447561020891
PPCS,-0.377160509690494,6.45312495092384,1.65671954690463,0.19804682672644,0.886447561020891
TBC1D22B,1.2305232865292,3.96160026338646,1.65657894932068,0.198065860978956,0.886447561020891
DCAF10,-0.588974157694127,5.14478764506493,1.65620368485159,0.198116675195878,0.886447561020891
TNIP1,-0.368639351914747,6.74461377344255,1.6561654983631,0.198121846850398,0.886447561020891
ZNF141,-0.685443395865947,4.84504156561309,1.65437181493015,0.198364946673699,0.886447561020891
PRMT1,-0.53980741704953,6.71947573394793,1.65285066546397,0.198571383970493,0.886447561020891
SF3A1,-0.462857382108826,6.11453228579128,1.65254850110856,0.198612421119912,0.886447561020891
SDR42E2,0.922105048403283,4.04410681056377,1.65158492738532,0.198743351222606,0.886447561020891
DDB1,-0.541108722477738,5.84856700762298,1.6508924008235,0.198837514087578,0.886447561020891
CCR7,-0.705162900100021,6.23418727286557,1.65031038995815,0.198916690627794,0.886447561020891
BTAF1,-0.641221675273983,5.11585889069103,1.65010153227501,0.198945112571524,0.886447561020891
RPL34,-0.221027716893904,12.3836526837465,1.64921584801228,0.199065691972749,0.886447561020891
MZF1-AS1,-0.805878299174781,4.50154394840124,1.64918181373026,0.199070327201526,0.886447561020891
SLC25A19,0.883199761563209,4.1315147107335,1.64812993499476,0.199213648150947,0.886447561020891
MFSD8,-0.64047028617146,5.3323838404438,1.64759931665944,0.199285992114725,0.886447561020891
TUBGCP2,-0.498780548545903,5.77988779146324,1.64753678838371,0.19929451918772,0.886447561020891
ZDBF2,-0.841839656300775,4.65744753314836,1.64667062445975,0.19941268332015,0.886447561020891
TMEM87A,-0.377501304131554,6.39055771675232,1.64533089152717,0.199595614943033,0.886447561020891
MIR22HG,0.970603553314391,4.34850371508812,1.6452670679421,0.199604334546055,0.886447561020891
MLH1,0.930601432256322,4.78158989213664,1.64526659756978,0.199604398810166,0.886447561020891
SF3A2,-0.602517092909169,5.63274664077484,1.64388481191909,0.199793288720757,0.886447561020891
ATAD2B,-0.613933078160816,5.49112773765747,1.64215824114069,0.200029605891772,0.886447561020891
VPS26C,0.645230809673876,5.27790135046235,1.64203894630656,0.2000459459993,0.886447561020891
TRIM22,0.348596837983383,7.56205427422104,1.64133231981378,0.200142766535792,0.886447561020891
C12orf57,-0.311959016531903,8.60539696838684,1.64056920078558,0.200247389411355,0.886447561020891
CCDC71L,-1.00545595991453,5.22846637151497,1.63949854736473,0.200394283308211,0.886447561020891
CCDC88A,0.89403407552526,4.26250731127361,1.63948401459301,0.200396278078789,0.886447561020891
VIRMA,0.522459626696084,5.51296653497831,1.63948166636926,0.200396600398547,0.886447561020891
MAPKAPK5,-0.587257126501528,5.34911455652354,1.6389180363682,0.200473982495494,0.886447561020891
CLOCK,-0.704485019912979,4.98512875532372,1.63566235507988,0.200921650679773,0.886447561020891
PCK2,-0.807968641089237,4.56773570593004,1.63545310850383,0.200950463026914,0.886447561020891
CRY1,0.69399146313365,4.91863649573164,1.63539477005736,0.200958496844272,0.886447561020891
OTULIN,0.488503568970423,6.43180646957706,1.6350549192965,0.201005305375327,0.886447561020891
ULK1,0.793830266342489,4.52393320557733,1.63481520519214,0.201038329534043,0.886447561020891
LNPEP,-0.295111383173211,7.17385294920876,1.63435312735114,0.201102005585608,0.886447561020891
MRPS18A,-0.656552232147277,5.21155094625647,1.63393970121044,0.201158997354138,0.886447561020891
HSPB1,-0.317553440311476,7.09684899222401,1.63261900439993,0.201341185820545,0.88662735689987
EBLN3P,-0.495042527662333,6.12926423597291,1.63018831870048,0.201677003410869,0.88662735689987
ELP2,-0.561974887746343,5.5534730558187,1.62943147407282,0.201781701705909,0.88662735689987
PCSK1N,1.09594766435769,4.0079201638597,1.62880880981309,0.201867886075549,0.88662735689987
PROSER3,-1.00471239141121,4.21514025816223,1.62856894679732,0.201901097614071,0.88662735689987
AGFG2,0.840435113204964,4.74448579636118,1.62760808533317,0.202034203395752,0.88662735689987
GFI1,-0.639011467269338,5.05208794273433,1.62566440187462,0.202303772966626,0.88662735689987
PHF20,-0.415619161661055,6.54477719021194,1.62520332031119,0.202367782505197,0.88662735689987
RNF41,-0.649894708067903,5.12174681898406,1.62484491681555,0.202417554253386,0.88662735689987
PHF20L1,0.387050444230488,6.90395828856141,1.62417340078202,0.202510846960523,0.88662735689987
PTS,-0.700197049900541,4.78709857759744,1.6240866719102,0.202522899762117,0.88662735689987
SLC4A2,-1.02169880637552,4.28386707278111,1.62404918941253,0.202528109005191,0.88662735689987
TOP3A,0.928899656153387,4.5583503044033,1.62374815228856,0.202569952268205,0.88662735689987
FLI1,0.513664657228487,6.03187261527573,1.62228683703922,0.202773215414245,0.88662735689987
RPUSD3,-0.632187902775557,5.14455890304844,1.62206898682063,0.20280353807917,0.88662735689987
PRORP,0.831785649774251,5.18633153534722,1.62074957098953,0.20298730227766,0.88662735689987
GRWD1,-0.729835917047093,5.0671205473156,1.62061200543722,0.20300647327287,0.88662735689987
CD300A,-0.985011866759716,4.3358655396038,1.62018065136301,0.203066600164925,0.88662735689987
PAN3,-0.482418349122073,5.83534177454221,1.6184344914077,0.203310213631707,0.886973107832501
FUBP1,-0.335102342295347,6.70962342851579,1.61748999059088,0.203442128026607,0.886973107832501
HAUS4,0.849561635718653,4.56699554229429,1.61738324226505,0.203457043450641,0.886973107832501
TMEM219,-0.360556186744019,6.71139987106675,1.61561810029609,0.203703865042656,0.887072709879662
NSUN4,-1.09421253825401,4.14070298418515,1.61454400241774,0.203854229914015,0.887072709879662
MPHOSPH9,0.602221016996049,5.52548967927654,1.61262657752577,0.204122978957079,0.887072709879662
ARL14EP,-0.461276244944738,6.56145283448326,1.61219153938768,0.204184012644233,0.887072709879662
AP5S1,1.12103088145931,4.01320489640842,1.61072591486847,0.204389790866431,0.887072709879662
SVIP,-0.42573202393808,6.50933456764068,1.61070896565302,0.20439217201853,0.887072709879662
CAPN15,-0.727769655188843,4.90131812974471,1.60955588368909,0.204554242399826,0.887072709879662
PPA2,-0.640555831256365,5.17047689853317,1.60880524410521,0.204659829297127,0.887072709879662
CLDND1,-0.374073314688427,6.93980125556767,1.60849328469078,0.204703729217451,0.887072709879662
GFM2,-0.85438230786226,4.34027312999522,1.6083942188017,0.204717672407457,0.887072709879662
RNF24,-0.757134096240634,4.66223018905707,1.60801086426992,0.204771638820477,0.887072709879662
CDK11B,-0.523319346183973,5.77486916868175,1.6077726663,0.204805179391832,0.887072709879662
C5orf15,-0.7083227976902,5.10320820089217,1.60760484731046,0.204828813814768,0.887072709879662
TBL1XR1,0.341979969782497,7.29100306577635,1.60548121362905,0.205128169266921,0.887472822518386
RAP1A,-0.311755303823883,7.56893704440613,1.60535913267056,0.205145393943551,0.887472822518386
AKT1,0.516529758528322,5.8691157735605,1.6017706959582,0.20565245771971,0.887472822518386
AP1B1,-0.75376272299585,4.86809631697451,1.600417369841,0.205844073373834,0.887472822518386
DHRSX,-0.878085796167598,4.78106784579871,1.59917835762066,0.206019688302234,0.887472822518386
SEPTIN6,0.800834712937423,8.05355292724523,1.59761011474021,0.206242221381668,0.887472822518386
DDX10,0.663904436237727,4.94186864299292,1.59724136291557,0.206294588335896,0.887472822518386
ARHGEF2,-0.645876355614647,5.26386196433644,1.59606828406031,0.206461283340553,0.887472822518386
KIF1C,0.84193548959669,4.51190283833042,1.5956180981218,0.206525297189587,0.887472822518386
CBX3,0.303767283301154,8.11649601120221,1.59522028565884,0.206581883342844,0.887472822518386
SUN1,0.630703060443524,5.18753275863625,1.5948737990453,0.206631183660272,0.887472822518386
KYAT3,0.690209100499421,5.04214765691943,1.5947587464253,0.206647557151684,0.887472822518386
SPOP,-0.452149555618452,6.02716780366226,1.59302440386301,0.206894562552511,0.887472822518386
UBE2B,-0.283334173969167,7.60634860884578,1.59292201869744,0.20690915516766,0.887472822518386
TNFRSF14-AS1,0.876573519302282,4.16163410645134,1.59190425897986,0.207054279202345,0.887472822518386
NCK1-DT,-0.795250159707236,4.72377208755499,1.5902394870498,0.207291921141192,0.887472822518386
NCK2,-0.522595779840962,6.37168995450642,1.58955902275358,0.207389148474948,0.887472822518386
ITGB2-AS1,-0.60316209637736,5.85196798081203,1.58934220840994,0.207420139057601,0.887472822518386
FTH1,-0.280975685083282,10.323166256776,1.58805285446226,0.207604547309105,0.887472822518386
NFX1,0.683555488665353,5.21146099396419,1.58709794628922,0.207741246798413,0.887472822518386
TATDN2,-0.555315542017237,5.33494527284025,1.58683197328043,0.207779341002296,0.887472822518386
EIF4E,0.473471472338338,6.12571956967805,1.58623153312709,0.207865369912515,0.887472822518386
SNX29,-0.893629852102507,4.63864200470891,1.58584231224048,0.20792115858371,0.887472822518386
VAV1,-0.609391250714389,5.45002278758591,1.58578185146196,0.207929826270739,0.887472822518386
MICU1,0.585936155641369,5.2931417057207,1.58553028300559,0.207965895836577,0.887472822518386
LGALS9,0.708657553386988,5.03475692471902,1.5842370695645,0.208151431964205,0.887472822518386
USP15,0.348027893418292,7.49752620569965,1.58421558859656,0.208154515471093,0.887472822518386
SSBP4,-0.418679885948842,6.92461971520554,1.58338257807149,0.208274132475096,0.887472822518386
OAS2,0.52651951871799,6.37383930593461,1.58337237216755,0.208275598506458,0.887472822518386
SNHG5,1.01876666935946,8.48017366391522,1.5830733580954,0.208318555926564,0.887472822518386
WAS,0.344169124443567,7.10148893607527,1.58281102842902,0.208356251765772,0.887472822518386
HOXB-AS1,1.10772363019566,4.57208321027253,1.58274234180465,0.208366123122052,0.887472822518386
ABCA5,-0.778133668521346,4.84197884223081,1.58222330490142,0.208440734837584,0.887472822518386
DLG1,-0.433299010124104,6.17378048594555,1.58215367885474,0.20845074600736,0.887472822518386
DNAJB14,-0.390922091196436,7.06230739095024,1.58088092650495,0.208633848773847,0.88781024050155
HLA-A,-0.208333409422543,11.5813606661311,1.57964537084097,0.208811782353802,0.888125336986393
PTDSS1,-0.510167965409706,5.74125550353461,1.57883367649551,0.208928772986327,0.888181044385931
UBXN1,-0.226402613586088,7.96991342914148,1.57742171950766,0.209132465195121,0.888605091924995
SARS2,-0.995788397461469,3.9392464067911,1.57542426798803,0.209421023841308,0.889141593635024
SLC46A3,-0.806251782144404,4.60281757596087,1.5749701762778,0.209486689218508,0.889141593635024
NCOA3,-0.321448266447504,6.96469637600867,1.57352501279653,0.209695834001777,0.889141593635024
PRADC1,0.773987451188689,4.32997539256187,1.57303869231597,0.209766270141931,0.889141593635024
CISD2,0.410563626788289,6.32197142494692,1.57295249740132,0.209778757089934,0.889141593635024
TP53,-0.644328794542802,5.5797518948412,1.56955689026036,0.210271375649909,0.890787904078827
ZNF567,-0.63271935730837,4.80258035480566,1.56620228406759,0.210759392377831,0.892413098285329
RPE,-0.798847041995208,4.62837003450319,1.5638403431713,0.211103804946346,0.893157084637888
NDUFAF5,-1.17291681408852,4.12937581195787,1.56318165222277,0.211199972639568,0.893157084637888
COPS4,-0.668007047865975,5.17047056192333,1.56274664385527,0.211263511558174,0.893157084637888
FAM210A,0.95583051872052,4.56657111040525,1.55989148327132,0.21168110991072,0.893157084637888
GLCE,-1.09661618073217,3.98602731972205,1.55932737312649,0.21176373295081,0.893157084637888
ORAI3,-0.86267380643391,4.55776263947634,1.55904837777295,0.211804610464041,0.893157084637888
PFDN6,0.434090325792229,6.29144736975972,1.55804697145516,0.211951410457286,0.893157084637888
THAP9-AS1,0.59257078102176,5.01003626097784,1.5579789640764,0.211961384296218,0.893157084637888
SULF2,0.949747833939254,4.10491510229314,1.5577636529925,0.211992965102081,0.893157084637888
TMED7,-0.599372519187788,5.3411501457207,1.55705663697218,0.212096706121833,0.893157084637888
GALNT2,-0.809312615536074,4.79238318837117,1.55684484002678,0.212127794979586,0.893157084637888
PPP1R11,-0.432520828160624,6.04083360023331,1.55587934374245,0.212269584988938,0.893157084637888
BET1L,-0.72145020742746,4.71051757666391,1.55454112833781,0.212466297487387,0.893157084637888
ZNF585A,-0.60747558894333,5.45046628609159,1.55375124362937,0.212582509036998,0.893157084637888
CFLAR,-0.309379623789601,8.29603558146937,1.55331513171859,0.21264670419967,0.893157084637888
AIM2,-0.833311643996466,4.53873731043896,1.55310424281988,0.212677755053151,0.893157084637888
SPTY2D1,-0.393420708452193,6.76801148901265,1.5525342477673,0.212761706906814,0.893157084637888
CIAO2A,0.577541241128266,5.49890669073837,1.5517033695354,0.212884153486979,0.893157084637888
FOXRED1,0.900125955047827,4.20068348713905,1.55096052345984,0.212993697611294,0.893157084637888
DSTN,0.397493182175047,7.18278357414976,1.55075105646632,0.213024598850936,0.893157084637888
CD109,1.05016829622905,3.91887484493279,1.5480927752852,0.213417219877622,0.894356309015467
CSNK1E,-0.509559477617412,5.54125023967778,1.5465308191353,0.213648317531401,0.894356309015467
RAB37,-0.776382468038716,5.08758927144347,1.54601711543303,0.213724387006214,0.894356309015467
CENPX,0.509553270495373,6.29400088624691,1.54460679847794,0.213933392891097,0.894356309015467
PXN-AS1,-2.30276654260714,4.167942177969,1.54457872346172,0.21393755601204,0.894356309015467
WHRN,1.2135534877821,3.89782800693048,1.54319871780713,0.214142309726542,0.894356309015467
SQOR,0.41595672719471,6.31345722834317,1.54272898517806,0.214212057858257,0.894356309015467
COX18,0.650369874455938,4.66254413973505,1.5425795293344,0.214234255434171,0.894356309015467
ZNF43,-0.802225757939046,4.46550620092346,1.54245898769875,0.214252160587633,0.894356309015467
ST6GALNAC4,-0.784957001141416,4.52836334018705,1.54098635504757,0.214471047891722,0.894397498584615
IRF2BPL,-0.589535007456344,5.1953872154336,1.54012024159259,0.214599908329055,0.894397498584615
POLR2M,-0.698031289195591,4.89950111017814,1.54001741537897,0.214615212934845,0.894397498584615
NPIPB4,0.834286365567313,4.47016928172636,1.53946862959211,0.214696915906768,0.894397498584615
ZMYM5,-0.456912880404994,5.65511775504765,1.53813793962672,0.214895182039863,0.894397498584615
ZBTB32,-1.06302062475297,4.14194914512939,1.53760866274655,0.214974102166055,0.894397498584615
P4HA1,-0.604470981615418,5.2637701116429,1.53747278153778,0.214994368884242,0.894397498584615
ADCK2,-1.06971324413782,4.49181919410759,1.5315469082964,0.21588042978517,0.897255341421139
MTPAP,-0.842835356899516,4.68097149039493,1.53058325062207,0.216024930329118,0.897255341421139
MAD2L1,0.779566891307523,4.51298197844928,1.53058141126212,0.216025206251363,0.897255341421139
LSM4,-0.363570188521886,6.67439493928679,1.53007524642488,0.216101151945973,0.897255341421139
MRPL54,0.299732600137932,7.09055434618815,1.52683568261319,0.216587974279544,0.898638548944691
SRA1,-0.502774789265069,5.83655158475469,1.52519175721142,0.216835513106152,0.898638548944691
B9D2,-0.710166563333432,4.8704582786971,1.52420409095731,0.216984395877769,0.898638548944691
TBC1D31,-0.703135987833731,4.99591160226802,1.52405506278786,0.217006871253211,0.898638548944691
SAP25,-0.956914305446413,4.69693723856226,1.52277526324993,0.217199995812239,0.898638548944691
DESI1,0.484167857303895,5.99513158943533,1.52097474034267,0.21747204555552,0.898638548944691
PEX26,-0.642851150604687,5.25650380965519,1.52078382359469,0.217500915901118,0.898638548944691
MIGA2,-1.23568284033449,4.32075017060418,1.52069477747739,0.217514382977565,0.898638548944691
SAT1,0.29511303856377,8.58990271416706,1.520094712924,0.217605160921254,0.898638548944691
MLLT3,0.444982124696145,5.84803518043303,1.51980979437257,0.217648279296103,0.898638548944691
SLC39A9,-0.739683742498995,4.47610735780715,1.51935331647243,0.217717381973866,0.898638548944691
PSMG4,0.459741197548456,5.80752316754878,1.51880914514257,0.217799794064329,0.898638548944691
ZNF586,0.900358710494148,4.32682801686286,1.51762760548444,0.217978860561747,0.898638548944691
EIPR1,-0.770337429727358,4.85599339162951,1.51744092279121,0.218007169037956,0.898638548944691
SELENOI,-0.882462646037307,4.36599260556679,1.51539741316949,0.218317332724537,0.898638548944691
NOL10,-0.805139900643706,4.86410578512289,1.51513752841646,0.218356815717576,0.898638548944691
SMU1,-0.403633049926517,6.14765046921048,1.51408158345875,0.21851732780119,0.898638548944691
HIVEP1,-0.638672150042541,5.47805232222048,1.51406498331633,0.218519852279221,0.898638548944691
AATF,-0.453259078310355,6.01979117380027,1.51334016056192,0.21863011413093,0.898638548944691
PUS3,-0.934342948277666,4.31589840752862,1.51320901316552,0.218650071692076,0.898638548944691
PLXNC1,0.73121780881455,4.84446754657217,1.51284056168768,0.218706153007439,0.898638548944691
MAP3K11,-0.748398045342603,4.99682288667524,1.51257325525699,0.218746849965365,0.898638548944691
NOP16,-0.761623256329395,4.73551446046469,1.51059441313188,0.219048406607523,0.898784474564504
ELOVL6,1.19323484274102,4.16376780520154,1.51008745174048,0.219125742498523,0.898784474564504
XPO1,-0.352602445143408,6.7862081437603,1.5095027685486,0.219214975156768,0.898784474564504
TP53INP1,-0.641448497404753,5.97231939058181,1.50744455661312,0.219529438819176,0.898784474564504
PUS1,-0.985786574730972,4.38256052646816,1.50687304014322,0.219616853412255,0.898784474564504
STIM2,0.402674724225245,6.38136994923304,1.50673076569723,0.219638621035569,0.898784474564504
VWA8,-1.02440297670642,4.19587412924848,1.50637935107741,0.219692397607621,0.898784474564504
TAF1B,-0.563425081911379,5.25101420056031,1.50493454988628,0.219913659143168,0.898784474564504
PAFAH1B1,0.330214539942916,7.02849636343615,1.50425250142366,0.220018202726204,0.898784474564504
NEK1,0.718629066104992,4.51859327100867,1.50310965106088,0.220193510588442,0.898784474564504
CLUAP1,-0.949007411642908,4.72178480616656,1.50281118361172,0.220239321566274,0.898784474564504
DDX6,-0.298284133658333,7.71279050035475,1.50254641533942,0.220279969677807,0.898784474564504
SON,-0.184928758868912,9.12250197308579,1.50203772306313,0.220358090975435,0.898784474564504
TMEM70,-0.55480627636194,5.5063573592049,1.49926168762069,0.220784998287417,0.898784474564504
ZNF528,-1.0965480119548,4.11601922942495,1.49814751713571,0.220956616804927,0.898784474564504
VTI1B,0.393033151276157,6.32268745410482,1.4979370045454,0.22098906050406,0.898784474564504
RBM17,-0.365809442905986,7.07779528628452,1.49754658857901,0.221049245559511,0.898784474564504
NAB1,-0.749257750910238,5.26987883045274,1.49720697744741,0.221101614670327,0.898784474564504
DLGAP4,-0.705579767267446,5.00391414626723,1.49675072621801,0.221171993405417,0.898784474564504
MTREX,0.561327007033644,5.58317708713948,1.49596852816245,0.221292713190178,0.898784474564504
PPP5C,0.54294310448588,5.22018025028435,1.49429633262212,0.221551054263889,0.898784474564504
SUPT16H,0.324214379666294,6.74597886511897,1.49414292630504,0.221574772392587,0.898784474564504
THOC6,-0.705292831765178,4.92205364334895,1.49306487264664,0.221741535806655,0.898784474564504
CBFB,0.472239980816884,6.51024169733229,1.49272441471453,0.2217942322121,0.898784474564504
MSTO1,-1.01775456007011,4.07008718486867,1.49215616118786,0.221882220413055,0.898784474564504
RINL,-0.508519885776212,5.62097033681768,1.49169389319242,0.221953828651949,0.898784474564504
ARMC8,0.482608373290924,5.75981119807679,1.49158790812433,0.221970250306105,0.898784474564504
RASSF2,-0.468532545246425,5.89479589986163,1.49124734048263,0.222023028751295,0.898784474564504
STK11IP,-1.1172969531805,3.95196611012295,1.49065057868881,0.222115546326409,0.898784474564504
SRP19,0.303653338558833,7.42078613964404,1.49052133544255,0.22213558932903,0.898784474564504
CCDC174,0.50356001868318,5.89829774661859,1.48976037715887,0.222253642399672,0.898784474564504
C9orf85,-0.593096137651503,4.88633464729272,1.4896353191722,0.222273050750139,0.898784474564504
UBE2J2,-0.505289775129787,5.86799662027115,1.48931401111602,0.222322925394057,0.898784474564504
TTC39B,-0.685021968819764,5.3535322798549,1.48909516618348,0.222356902994961,0.898784474564504
RPL29,-0.186940912242665,11.4285358063099,1.48840596262129,0.22246394852579,0.898792200353014
GALNT4,0.943723066385506,4.62511417289796,1.48645871236804,0.222766724535139,0.899330594405395
PWP1,0.53186687171771,5.75379556833661,1.48574889312754,0.222877216304506,0.899330594405395
ZNF646,-1.47881092584347,4.04243818380393,1.48512699020258,0.222974076795179,0.899330594405395
TMEM185A,-0.882058990611747,4.68561517276077,1.48436782159068,0.223092384554439,0.899330594405395
IL17A,-2.12803624681641,5.61672493706821,1.48266320315968,0.223358303909095,0.899330594405395
NRDE2,-0.670896942991481,5.05030178562513,1.48096919015117,0.223622945066737,0.899330594405395
TTC4,0.842529021769058,4.29211896540266,1.48066284110783,0.223670843458557,0.899330594405395
ZNF195,0.669966417108692,4.95461170613094,1.48059794289927,0.22368099202362,0.899330594405395
PIGO,-1.21313236825197,3.92658421394725,1.48028513202667,0.2237299160826,0.899330594405395
RB1CC1,0.330497211427697,6.70176584151972,1.48015876078268,0.223749684358585,0.899330594405395
METTL23,0.409237918877168,6.21888424903904,1.47979579212058,0.223806475250937,0.899330594405395
SNAP29,-0.577605499709421,5.31886638163708,1.47945651589002,0.223859574791751,0.899330594405395
GON7,0.571919385590479,5.15118352571584,1.47867384869524,0.223982126290443,0.899400280721935
SNHG17,0.859746918975342,4.94597702548805,1.47778332472576,0.224121664014556,0.899537132763127
WDR20,0.702061031421799,5.01028287439083,1.47711374721412,0.224226649891007,0.899537132763127
WDR12,-0.884153835142281,4.34148884990173,1.4757311500484,0.224443619736235,0.899985227544593
VAMP7,-0.889034164504054,5.00259373068829,1.47295787251794,0.224879587318635,0.900109923497947
ARMC7,0.967657805623158,4.2273938300294,1.47278477810119,0.224906831940079,0.900109923497947
C1orf162,-0.594362719950724,5.33786568745946,1.47267136110428,0.224924685634226,0.900109923497947
POLR3H,-0.833658111945933,4.22396975385852,1.46948293590156,0.225427292483636,0.900109923497947
ZNF253,-1.04756341476655,4.06536689476512,1.46802051530463,0.225658271654174,0.900109923497947
BACH2,-0.943035158542972,4.67561943648358,1.4668429826331,0.225844461222074,0.900109923497947
MAP3K4,-0.507946271089487,5.9924768095329,1.46571971517086,0.226022242351763,0.900109923497947
GNL2,-0.582483094522229,5.13984137192147,1.46336396331883,0.226395636571208,0.900109923497947
IMPACT,-0.780155667082522,4.50363691866646,1.46332286629526,0.226402157152617,0.900109923497947
HSPA1A,-0.75687302620289,7.03484682230921,1.46314448315595,0.226430462589993,0.900109923497947
ANKRD36,-0.693736277921829,5.36775188794415,1.46147538018593,0.226695518176016,0.900109923497947
FRYL,0.485231780945233,6.35639809805509,1.46118706529979,0.226741340673771,0.900109923497947
ANKIB1,0.491883405797736,5.73176144922406,1.4607545671948,0.226810099384647,0.900109923497947
DSTYK,-0.652958854587738,5.0900284838708,1.46059584422314,0.226835339505649,0.900109923497947
CCDC97,0.676462523513815,4.85124079915486,1.46035001664683,0.226874437658754,0.900109923497947
DDX54,0.552545239557229,5.4374609924785,1.46034324562204,0.226875514684912,0.900109923497947
RSKR,1.23751221384254,3.72862169424798,1.46011202385293,0.226912297427069,0.900109923497947
COX7B,0.209753862391071,8.24365945243957,1.45974046472633,0.226971420035674,0.900109923497947
KIAA0408,1.19981979388079,3.81318366604153,1.45935070210404,0.227033459084251,0.900109923497947
POLR2H,-0.479068660715288,5.7876424978214,1.45898277355079,0.227092041472004,0.900109923497947
POGK,0.522601479105802,5.32278107215081,1.45788411811512,0.227267079934011,0.900109923497947
ZNF37A,-0.607512518826942,5.54091868711777,1.45780819035011,0.227279182781601,0.900109923497947
CD3G,-0.192001805539862,9.40280264792967,1.45776973500506,0.22728531283981,0.900109923497947
UBE2O,0.796466085995985,4.33057372133514,1.45761411232475,0.227310122242253,0.900109923497947
CEP162,-0.902665281592249,4.23152330012585,1.45719907600512,0.227376303342979,0.900109923497947
ZNF143,0.535011324552784,5.41161355197309,1.45639926363972,0.227503905621084,0.900109923497947
UBE2Q1,-0.755322816028508,5.86183238064467,1.45486376286062,0.227749121198734,0.900109923497947
KANSL2,-0.642632377021091,5.26292291212046,1.45418417565883,0.227857750993044,0.900109923497947
NEMP2,-0.98971371236508,4.23573650152474,1.45378077044049,0.227922263469316,0.900109923497947
BAX,-0.290901162875836,7.2019144221487,1.45346569081398,0.227972666214179,0.900109923497947
MKRN1,0.476501200031744,5.90562930189768,1.45106752665914,0.228356736058001,0.900109923497947
CDK19,0.553642595666411,5.1306157226017,1.44937175381879,0.228628786669068,0.900109923497947
SERPINB9,-0.493365450507213,6.37901855056458,1.44856159517232,0.228758897015857,0.900109923497947
MTRR,-0.727742251125137,4.61856514478396,1.44842231306945,0.228781274502485,0.900109923497947
PFKP,0.519434977410791,5.87174781355746,1.44673641198007,0.229052345559981,0.900109923497947
GRIPAP1,0.437086555572002,5.99007819363078,1.44660711467318,0.229073150849366,0.900109923497947
LINC01588,-0.779338653773732,4.85057673427901,1.44643960633619,0.229100108076059,0.900109923497947
NBPF9,1.05883708212096,3.98310600465549,1.44619742987789,0.229139088444637,0.900109923497947
LIMD2,-0.265591023007002,8.72304178961736,1.44582819875686,0.229198534713753,0.900109923497947
SRGN,-0.293289381061248,9.86628220767636,1.44547381126171,0.229255608620156,0.900109923497947
UBE3D,-1.0310579002988,4.01863802003092,1.44450640401495,0.229411496146734,0.900109923497947
UBE4B,0.71787385746253,4.9664849632589,1.44443117343018,0.229423624113837,0.900109923497947
DNAJA3,-0.857453198071757,5.00028747524377,1.44330524375405,0.229605228184443,0.900109923497947
INTS5,1.07673854017516,4.19871727359621,1.44294400694448,0.229663529669402,0.900109923497947
SDHB,-0.474468844295871,5.87009719339934,1.44270908643023,0.229701454019202,0.900109923497947
CNBP,-0.255833536027408,7.80453950395194,1.44150052782102,0.229896676719347,0.900109923497947
PSMD9,0.404251355191564,6.5050825134779,1.44104859589885,0.22996973020336,0.900109923497947
FBXL6,-0.914998499985874,4.33117121669793,1.44075763561826,0.230016777887189,0.900109923497947
SNRPD1,-0.28082317322042,7.2395230453289,1.44061487525763,0.230039866186859,0.900109923497947
PEF1,-0.563110938827521,5.51846058393737,1.44037429766767,0.230078780556195,0.900109923497947
LYRM2,0.401990629380102,6.27493802150239,1.43844660659591,0.230390878733247,0.900109923497947
SMG6,-0.562249969863755,5.71618416473234,1.43820365284811,0.230430249765548,0.900109923497947
CXorf38,-0.506523565144666,5.86694679048654,1.437595473417,0.23052884174849,0.900109923497947
MTERF4,-0.337887151998969,6.48727210264591,1.43698515364235,0.230627831820107,0.900109923497947
NR1D2,-0.53041656912711,5.52274456866336,1.43528509596904,0.230903840880594,0.900109923497947
RALGDS,-0.412516519778877,6.62825243452909,1.43509360944835,0.230934954194057,0.900109923497947
PSMD12,-0.449913872388738,6.19298002772936,1.43255591750723,0.231347763946567,0.900109923497947
TRMT1L,0.662055596926964,4.67795411999769,1.43222836352967,0.23140111241787,0.900109923497947
NUDT14,0.658589932038396,5.48339603262529,1.43196433635914,0.231444125127132,0.900109923497947
BCAT2,0.818526537416957,4.14997161217399,1.4313061318442,0.231551395329542,0.900109923497947
SOD2,-0.427278436346695,6.04013208603276,1.43121710375509,0.231565909195035,0.900109923497947
PPM1G,0.267334908929189,7.50202174470795,1.43020517367005,0.231730956955595,0.900109923497947
VPS13B,-0.672035896561651,5.10023025089823,1.42969832794193,0.231813677825233,0.900109923497947
GLI4,-0.753503927309343,4.69625363161215,1.42935451769507,0.231869810414015,0.900109923497947
SEC11C,-0.28765927006331,7.45925288697826,1.4289391974611,0.231937640041576,0.900109923497947
UBE2M,0.363752023726818,6.72441408899463,1.42717393531522,0.23222620798224,0.900109923497947
NCAPD2,-0.79256510934138,4.41566675103077,1.42648976444625,0.232338166117287,0.900109923497947
SLC2A1,0.83399073316665,4.37621717352955,1.42617862803992,0.23238910222041,0.900109923497947
C6orf136,-0.911869084596768,4.0641980418983,1.42541493033828,0.232514184246747,0.900109923497947
DTX3L,0.468143239951523,6.18947030177272,1.42519159923505,0.232550777832423,0.900109923497947
MAP4K2,-0.628689408139082,5.55676044958224,1.42444609315457,0.232672981983599,0.900109923497947
TXNRD1,0.542549461908389,5.62940786850637,1.424056995814,0.232736794032318,0.900109923497947
SHLD1,0.77184081981707,4.55841969626659,1.42379087633676,0.232780449855263,0.900109923497947
MYDGF,-0.340960152210412,6.87011685314544,1.42286082653819,0.232933098458139,0.900109923497947
EPB41,-0.375202652575429,7.34658107382396,1.42013762229604,0.23338075245166,0.900109923497947
ELK3,0.394397022984215,6.44199594918203,1.41864784265862,0.2336260897817,0.900109923497947
NIPA1,-0.798400641962343,4.57711296142138,1.41439879527048,0.234327538562923,0.900109923497947
SAR1B,0.37553033259032,6.21667673932528,1.41431362313641,0.234341625113074,0.900109923497947
MRPS31,0.413703832074937,6.48635722216311,1.41409640699962,0.234377554950194,0.900109923497947
RAVER1,0.873559063078891,4.47293496837505,1.41381662184874,0.234423844179074,0.900109923497947
PGD,0.943250300863735,4.5026512596031,1.41366595676914,0.234448775637259,0.900109923497947
TMEM35B,0.811521970665237,6.35198333330841,1.41112812280109,0.234869208704701,0.900109923497947
TSIX,-1.51283725103029,4.19565170400907,1.41021436514023,0.235020810671788,0.900109923497947
KHNYN,-0.647591312499144,4.83550280977485,1.40958860479866,0.235124699179266,0.900109923497947
PTK2B,0.429644967731241,6.26523452280907,1.40954061736951,0.23513266832905,0.900109923497947
TBC1D22A,0.552221364785306,5.32872498634325,1.4095278426218,0.235134789853861,0.900109923497947
ZNF623,-1.00795647861091,4.0548666409807,1.40934149762003,0.235165739129562,0.900109923497947
LYPLA2,-0.478793296043521,5.79767990990933,1.40922469198088,0.235185141411867,0.900109923497947
SGTB,-0.673128792063772,5.16966493647795,1.40796811754254,0.235393990317599,0.900109923497947
N4BP1,0.314811107002226,6.91691790965152,1.40711655571545,0.235535651739166,0.900109923497947
FLNA,-0.307520242627081,7.89676577014882,1.40649332948114,0.23563939384146,0.900109923497947
TMEM184B,-0.906163126256725,4.10669874401524,1.40555466767279,0.235795747709863,0.900109923497947
ERCC3,-0.947886786888567,4.49053257869717,1.40491482988036,0.235902398155052,0.900109923497947
LDB1,-0.709676325381207,4.87888747194395,1.40413572216145,0.236032341492098,0.900109923497947
LINC00649,-0.585450185470353,5.69005306638733,1.40396533952833,0.236060770278731,0.900109923497947
YEATS2,-0.755351459965398,4.85764107171854,1.40339544242914,0.236155889235281,0.900109923497947
GSTP1,0.371716814780542,7.37337026042985,1.40317348213693,0.236192948188427,0.900109923497947
TCP11L2,-0.633947151678751,4.94542869948459,1.40237969154338,0.236325538779134,0.900109923497947
AKAP17A,0.659966457446284,5.86568318398468,1.40208669186293,0.236374502681565,0.900109923497947
UROD,-0.581974359433126,5.06307573158354,1.40188429644069,0.236408332659149,0.900109923497947
GBP2,0.339504320306568,7.6164919701144,1.40176515971211,0.236428248860404,0.900109923497947
COP1,-0.711725558960702,4.90150526026029,1.40165837579428,0.236446101758011,0.900109923497947
MGA,-0.530293176238708,5.68488197225918,1.40136422123417,0.236495289064318,0.900109923497947
DAPP1,0.66309036930351,5.47857167677114,1.40025058007661,0.236681619880014,0.900109923497947
POLD4,0.351184288360997,7.44902559056164,1.40009916210422,0.236706968378723,0.900109923497947
MAPKAPK2,-0.382907455789099,6.10806622280624,1.39947998274458,0.236810657865011,0.900109923497947
OST4,-0.150575857657087,9.25916114683845,1.39886387971279,0.236913886825008,0.900109923497947
BIN3,-0.556296492828153,5.15248103555075,1.39803464747357,0.237052912015907,0.900109923497947
KIF22,0.697737618016379,4.96332548572446,1.39778867736496,0.237094169227759,0.900109923497947
BBC3,-0.77470530852736,4.90028247868392,1.39755007298632,0.23713419928423,0.900109923497947
KPNA3,0.427789391823355,5.68547763639134,1.39742876109981,0.237154554616104,0.900109923497947
CNTLN,-1.43155159156344,4.07880979629564,1.3974281978537,0.237154649130014,0.900109923497947
SLC23A2,-1.22754645552244,3.89390940805239,1.39685170000504,0.237251410658987,0.900109923497947
TMEM175,0.795941052697939,4.19637709752339,1.39616464141547,0.237366791635721,0.900109923497947
MAP2K1,0.463225426484243,5.79650087522064,1.3955010997164,0.237478287902683,0.900109923497947
PDPR,-0.688011565237277,4.92701461853397,1.39490511462574,0.237578486639143,0.900109923497947
CHST12,0.437147460201827,6.21027636615504,1.39474337159248,0.237605688190296,0.900109923497947
MRPL34,-0.297809458373887,6.80574091356922,1.3945351456813,0.237640712680891,0.900109923497947
RAD23B,-0.448755593065652,6.01185918314984,1.39424035137222,0.237690309055447,0.900109923497947
RSAD1,-0.852813357520272,4.751640489288,1.39318304990413,0.237868293397572,0.900109923497947
POC1B,0.612566105193764,5.58930937144106,1.39297240277032,0.237903772690975,0.900109923497947
ZNF689,-1.01266503633691,3.94539005157372,1.39240383069679,0.237999569331538,0.900109923497947
YME1L1,0.268557049604292,7.18242230505506,1.39229590771049,0.23801775816717,0.900109923497947
PGAM1,-0.420715253567964,7.01549486157189,1.39226727771326,0.238022583616111,0.900109923497947
UBL3,0.474157884751018,5.92397019567318,1.3916294976875,0.238130109165148,0.900109923497947
ATF5,-0.632535933399177,4.8066179976381,1.39003302116488,0.238399523224732,0.900109923497947
IL21,-1.46621110770393,4.61783864144564,1.39002137372073,0.238401490152824,0.900109923497947
WDR81,-1.34173570640563,4.18540584465639,1.38997559532215,0.238409221036928,0.900109923497947
ETHE1,0.416057458382585,6.27899720732313,1.38966131106153,0.238462304398863,0.900109923497947
IPO8,-0.635933216077371,4.89113757804001,1.3896448727632,0.238465081261456,0.900109923497947
RP2,0.87105518780107,4.17599351651502,1.3874576191192,0.238834916486132,0.900109923497947
LINC01619,1.02072516947847,3.75772636098625,1.38740389363453,0.238844009502823,0.900109923497947
COMMD7,0.307964577450622,6.95065926846102,1.38735735321161,0.238851886790471,0.900109923497947
GMNN,-1.02065548020453,4.42382059734437,1.38629857543537,0.239031177481759,0.900109923497947
HOOK2,-0.868536558503019,4.4039826477407,1.38621784627037,0.239044854653961,0.900109923497947
SMIM13,0.700429177389306,4.67075786937504,1.38610203404214,0.239064477274486,0.900109923497947
EZH1,0.474216208253345,5.60456790447876,1.38523051965973,0.239212204895973,0.900109923497947
SMAD4,0.413870806355129,5.7817794183855,1.38419323138628,0.239388176860259,0.900109923497947
RAB28,-0.957553691324248,4.67167272371328,1.3832789644151,0.239543409127471,0.900109923497947
PRPF19,-0.612805679573162,5.11392422245023,1.38110467702187,0.239913070268619,0.900109923497947
THUMPD3,-0.613491927208323,5.33532602586306,1.38061335274869,0.239996698689368,0.900109923497947
NUDT3,0.430830410304807,5.62636187976713,1.37966458406515,0.240158289122547,0.900109923497947
P2RY8,0.66269230916611,5.76672642518498,1.37888257168364,0.240291577734683,0.900109923497947
VPS37B,-0.655763622159796,5.20346524388092,1.37836585071414,0.240379698601938,0.900109923497947
STAM2,-0.714932505481491,4.67877528010108,1.37767526970317,0.240497530668782,0.900109923497947
XYLT1,0.919091226030147,4.20978324379151,1.37747076342766,0.240532438527736,0.900109923497947
MNT,-0.712482002480936,4.67543767338414,1.37713929942292,0.240589030311949,0.900109923497947
VIM,0.213287556180752,10.3747164969849,1.37708619673725,0.24059809818787,0.900109923497947
RBM4,-0.362412437562674,7.02907261170331,1.37636121527664,0.240721938439738,0.900109923497947
UBAC2,-0.415646501619706,6.17089745991726,1.37597852267915,0.240787340678928,0.900109923497947
MCCC1,0.802553124312664,4.36394903235056,1.37578555235343,0.240820327541236,0.900109923497947
EIF2A,-0.38519494635939,6.43539039980384,1.37560572286562,0.240851073021513,0.900109923497947
SIK2,0.920919056109523,3.82846010140799,1.37528999301621,0.240905064962074,0.900109923497947
ARHGAP26,-0.699700308315145,5.31734065917357,1.3748707516987,0.240976780819588,0.900109923497947
ZFYVE28,-0.505752016009443,5.79787661550525,1.37479024550636,0.240990555265055,0.900109923497947
FANCD2,-0.8738406140755,4.07883405131891,1.37475105969705,0.240997260223741,0.900109923497947
XPA,0.495295852374848,5.68023832878306,1.37437355410503,0.241061865625259,0.900109923497947
CPT2,-0.860723536736443,4.07204236455129,1.37409077766639,0.241110273109171,0.900109923497947
RBM12B,-0.708361651257122,5.25255693648736,1.37303465637967,0.241291171323978,0.900254428165752
TEX30,0.644859929817899,4.66578566276592,1.37201584406785,0.241465835575326,0.900254428165752
TUG1,0.690976699750569,5.6400645579764,1.37142338440277,0.241567477073317,0.900254428165752
MARK3,-0.423563761526539,6.21474311036478,1.37102827760554,0.241635289950477,0.900254428165752
NUDT18,-1.00581516121483,4.11338237306471,1.37079401739383,0.241675507385706,0.900254428165752
RPL35,-0.16023216159502,11.0465867286699,1.36951916784319,0.241894514490893,0.900677789365264
CFAP97,-0.379136871464185,6.94758587967506,1.36833840659645,0.242097573678796,0.90086114419935
MFSD6,0.53987662217112,5.40309046423853,1.36800754387205,0.24215451039538,0.90086114419935
PFDN2,0.268901733001911,7.33331637397802,1.36644209029283,0.242424123651616,0.901258697311249
PRIMPOL,-1.064255735194,4.04844848557702,1.36609236538286,0.242484405651332,0.901258697311249
SEH1L,-1.03123387902713,4.56848584807547,1.36429944088234,0.242793738552775,0.901258697311249
BRWD3,-0.642780354595134,5.01808974025846,1.36398685115709,0.242847718800505,0.901258697311249
DNAJC21,-0.330278068755152,6.79084438811819,1.363626398135,0.242909982582336,0.901258697311249
LINC01215,0.840411424042529,3.99515413764865,1.3627091682176,0.243068510411754,0.901258697311249
CDC42EP3,-0.297080642627033,7.01104962481788,1.36228130859337,0.243142501905706,0.901258697311249
APOO,-0.959021507177718,3.98445701657425,1.36195029436419,0.243199764369103,0.901258697311249
RNF115,-0.347889820112619,6.39074725678963,1.36189010501163,0.243210178348,0.901258697311249
SMIM12,-0.682648998406545,5.97218959388613,1.36105866289703,0.243354090329863,0.901401264397746
BRF2,-1.36215891083103,4.0032626528074,1.35870199850548,0.243762563278618,0.902096395829653
APOL1,0.739072198650917,4.42997893816513,1.35844400796177,0.24380733069029,0.902096395829653
ARCN1,0.389322135568656,6.02570181033186,1.35797649769615,0.243888480239222,0.902096395829653
UBR2,-0.494129873938956,6.05715810924488,1.35689847432459,0.244075727097621,0.902096395829653
SEPTIN9,0.791503713295544,7.16383015787832,1.35654234022382,0.244137624205427,0.902096395829653
TGIF1,0.593696830687293,5.24633925803458,1.35632802934776,0.244174881266794,0.902096395829653
TSR2,-0.462214259857546,5.67780453474607,1.35504160229962,0.244398667144419,0.902533134089693
AGPAT5,-0.552504827596033,5.07983067848552,1.35107732804217,0.245089865154689,0.904621202838685
NXT2,-0.833308603918553,4.00413036285099,1.35002096731123,0.245274451307099,0.904621202838685
BCS1L,0.791122336210358,4.23504851979788,1.34893399017342,0.245464564548197,0.904621202838685
PTBP2,0.631901095691798,4.79781651554408,1.34881297432742,0.245485741455901,0.904621202838685
MRPL27,-0.489622685969915,5.84147121151662,1.34877047314862,0.245493179387735,0.904621202838685
ZDHHC17,0.655204339943238,5.1927984596382,1.34779322347975,0.245664279221808,0.904626046203393
RPL37,-0.154393890313494,11.9946839934074,1.34755433355284,0.245706126948682,0.904626046203393
MTMR14,0.49442190054084,5.44062706061073,1.3462060673212,0.245942473872178,0.905091091882234
FAM114A2,-0.663857318454745,4.71112845925873,1.34481160297857,0.246187211478271,0.905091091882234
MED6,-0.472407916675524,6.01081946854372,1.34386709762669,0.246353147421874,0.905091091882234
FAM215B,-0.677856139706044,5.37071236920864,1.34267359139215,0.24656302479602,0.905091091882234
TUT4,0.262015842958336,7.11518917869004,1.34157966663331,0.246755582854788,0.905091091882234
C3orf38,-0.650280384159105,5.11392197381823,1.34084762893762,0.246884542460321,0.905091091882234
MRPS15,0.381988878468065,6.45285044449201,1.3405384109931,0.246939040677109,0.905091091882234
DVL2,-1.01021895315008,4.44562085240669,1.34021431766906,0.246996176402175,0.905091091882234
LONP2,0.442209525320381,6.05921895740272,1.33990932135175,0.247049960206651,0.905091091882234
IPP,0.740205832602626,4.46660014697592,1.33900685148176,0.247209187898809,0.905091091882234
ZNF576,-0.821221587631296,4.32225360745149,1.33887437518068,0.24723257198172,0.905091091882234
ABLIM1,-0.391936065630401,6.18210713611355,1.33833452954056,0.247327890936942,0.905091091882234
SLC27A3,0.886894325922265,4.23595057952945,1.33796537033983,0.247393098174888,0.905091091882234
MEN1,-0.891216289482546,4.10699031565541,1.3364828069487,0.24765518594885,0.905091091882234
TMEM101,0.610179195815937,5.10234916290677,1.33645127624108,0.247660763640812,0.905091091882234
MED16,0.56001498928008,5.15981468550946,1.33604356886905,0.2477328997563,0.905091091882234
SLC38A1,0.238252591542285,7.57499781858312,1.33488185970547,0.247938583315601,0.905091091882234
GAPDH,-0.173608591442068,10.1972446462659,1.33445099359041,0.248014922393549,0.905091091882234
MTLN,0.739439299833677,5.87661310821938,1.33438501726868,0.248026614345728,0.905091091882234
TMEM9B,-0.390320069512145,6.18438873485491,1.33396274009548,0.248101463910845,0.905091091882234
STAU2,-0.515203867548862,5.24471492246788,1.33360713727685,0.248164516748853,0.905091091882234
CENPV,-0.919629186066311,4.17634297386775,1.33324550822767,0.248228658235073,0.905091091882234
FOCAD,0.879255912021889,4.12616415366309,1.33220856579639,0.248412691414408,0.905091091882234
RBM27,0.418980138414564,6.5712536690524,1.33162259081323,0.248516762241308,0.905091091882234
KHDC4,-0.566004570261795,5.76688704846193,1.33135176430906,0.248564879842675,0.905091091882234
OTUD5,0.37209382131143,6.0761357184257,1.33052840523194,0.248711235709603,0.905091091882234
FBXO25,-0.562713056239067,5.14284073957392,1.32938880816903,0.248913978541118,0.905091091882234
CTDP1,0.655349721398437,4.78955220214876,1.32907199672795,0.24897037762859,0.905091091882234
ALG12,-0.881163940689103,4.29946922351326,1.32814559707752,0.24913538607232,0.905091091882234
ZNF254,-0.863022844547306,4.21818295513208,1.32665117989117,0.249401851224642,0.905091091882234
UIMC1,-0.481897897755374,5.6654974306845,1.32660906985471,0.249409364800656,0.905091091882234
NDST2,-0.744993079509184,5.01703753243659,1.32613474028007,0.249494017267296,0.905091091882234
PGRMC1,0.615517491554606,5.08758442145203,1.32610950175866,0.249498522512725,0.905091091882234
MRPL50,-0.538379864211125,5.48369541580235,1.3253223393313,0.249639086362649,0.905091091882234
TRIM34,0.790818408165913,4.02891452925064,1.32503802938287,0.249689879546517,0.905091091882234
SQLE,0.560421149155857,5.86962805119725,1.32460302482136,0.2497676194924,0.905091091882234
KPNA1,-0.510538543832117,5.66919415704723,1.32440815461046,0.249802454498392,0.905091091882234
CEP95,-0.644198178272804,4.98063535173198,1.3233894570895,0.249984653908568,0.905091091882234
SCRN2,-0.990684599114264,4.46708877881459,1.32297874500441,0.250058158020917,0.905091091882234
MON1B,-0.617490844681337,5.29725427476958,1.32237680751861,0.250165933163143,0.905091091882234
RNF167,-0.35494272977826,6.57165929399287,1.32194070024392,0.25024405248647,0.905091091882234
DYRK2,0.444942576177372,6.0638601745433,1.32174554595019,0.250279019909884,0.905091091882234
DENND4B,-0.601325527603107,5.09264689918757,1.31950263399036,0.250681331833139,0.905591279113878
PDS5B,-0.428909535895252,6.01737223127437,1.31910029845333,0.250753582817294,0.905591279113878
ADPRM,-0.919387490543211,4.16418289485588,1.31867957150082,0.250829163849071,0.905591279113878
MARCKSL1,-0.67291467407343,5.41931526218209,1.31861341246013,0.250841051461184,0.905591279113878
NR4A2,1.05147872685694,5.49986832202574,1.31597241264612,0.251316157850987,0.906923526157909
RABEP2,0.695198504333891,4.5357958229184,1.3152488560524,0.251446515846681,0.907011081845265
LYPLA1,0.363910376223162,6.49159550598002,1.31393334809831,0.251683734263162,0.907118130770075
LARP7,0.392020430770806,6.75684144164827,1.31353219035503,0.251756127548443,0.907118130770075
ELAVL1,-0.517130340038103,6.02116969040785,1.31199678493591,0.252033444606277,0.907118130770075
CYP4V2,0.650996480389877,4.61744428266368,1.31104530296837,0.252205484766129,0.907118130770075
WAKMAR2,0.739271125677253,5.16552399476825,1.31065628604516,0.252275865582368,0.907118130770075
RCC1,0.971837038625053,3.95625079240587,1.30998528535686,0.252397319542962,0.907118130770075
COX5A,0.31713028707822,7.82190447283672,1.30895808176204,0.252583386989569,0.907118130770075
MED10,-0.277563665154404,7.03193143457453,1.30841361003477,0.252682080860108,0.907118130770075
PRPF31,-0.468948999675602,5.99436752156887,1.30758516011057,0.252832341112545,0.907118130770075
MIATNB,-0.71451320894977,4.88169094100571,1.30754704022608,0.252839257756886,0.907118130770075
WNK1,-0.298104993636649,7.71336284217812,1.30753079435301,0.252842205552316,0.907118130770075
ICAM1,-0.772752481124024,4.56598303195525,1.30749663604839,0.252848403676176,0.907118130770075
FIS1,0.329680796696038,7.19528680245915,1.30664843808269,0.253002371604493,0.907118130770075
PRPSAP2,0.660040689688037,5.20300411196798,1.30655981862965,0.253018464775892,0.907118130770075
TRMT6,-0.60661417131716,5.21093176424169,1.30618823349715,0.253085957835126,0.907118130770075
PDIA3,-0.285458035483012,7.63148101557016,1.30570412640201,0.253173922098187,0.907118130770075
PFKL,-0.488005137688371,5.76956906962545,1.30365078304868,0.253547441388718,0.907152285003349
KCNN4,-0.613762027409105,5.0677532873906,1.30334723469527,0.253602716723677,0.907152285003349
ABHD3,-0.61543417820976,5.69615303602062,1.30252976589584,0.253751649335436,0.907152285003349
PRDM2,0.327734965267209,6.88685774732319,1.30148168265991,0.253942754517728,0.907152285003349
EIF2B3,-0.750768764674377,4.58008793599079,1.30139076705607,0.253959340216081,0.907152285003349
SPNS1,-0.706381236323151,5.03427545991967,1.30127208704075,0.253980992971576,0.907152285003349
ANKRD10,-0.423371181106284,6.25645054154469,1.30073261355292,0.254079446677104,0.907152285003349
ATP6V0C,0.749017236147964,7.54612154860395,1.30051076552834,0.254119947488618,0.907152285003349
LYRM7,-0.617817403840498,5.11039310724615,1.30032218789917,0.254154380670465,0.907152285003349
DNAJC19,-0.398325594362036,6.37527111636859,1.29959933575125,0.254286422501237,0.907152285003349
ALG13,-0.415739283319379,5.90953661240827,1.29758708316881,0.254654441417448,0.907152285003349
SLC17A5,-0.961718752118304,4.20103333971372,1.29687761534572,0.25478435168239,0.907152285003349
TASOR2,0.623309732834649,5.28938005257614,1.29644260110121,0.254864047275616,0.907152285003349
SMG7,-0.488865334771836,5.58389242531608,1.29602570145225,0.254940453053107,0.907152285003349
CFL2,-0.915510643343429,4.72915467823842,1.29543034913592,0.255049613028377,0.907152285003349
CAMK1,-0.909702856336933,4.37556654894024,1.29471959904771,0.255180007021434,0.907152285003349
CTSH,-0.702946386253583,7.0855195224921,1.29417843040055,0.255279344742485,0.907152285003349
MTIF3,0.358971254105645,6.76562256465803,1.29387129818106,0.255335743586984,0.907152285003349
PCNT,-0.685186781916826,5.20452765545331,1.29335681113099,0.2554302535152,0.907152285003349
HDAC6,-0.796857134818114,4.41965991986045,1.29262468358141,0.255564817780291,0.907152285003349
IAH1,-0.3464026138001,6.63964738094207,1.29181246762396,0.255714204471554,0.907152285003349
SNHG7,-0.308068033106159,6.72925365301381,1.29165569309151,0.255743051596128,0.907152285003349
STXBP4,-0.87414734820494,4.16685638004892,1.29105428401148,0.255853750433215,0.907152285003349
VAC14,0.869851199767437,4.05795238483082,1.29088404151982,0.255885096980178,0.907152285003349
HEXD,0.720691190704316,4.78256744089001,1.29065825131774,0.255926678766426,0.907152285003349
NAF1,-0.931431065115919,4.61046768728597,1.29057306542007,0.255942368865139,0.907152285003349
PPIL2,0.523596077219538,5.45443912655647,1.28937460142198,0.256163235633693,0.907196684740575
PSMC6,-0.354478248074037,6.44563876117228,1.28890501994424,0.256249839616495,0.907196684740575
MFN1,-0.57247597133931,5.06975080960262,1.28768977034751,0.256474133428123,0.907196684740575
DRAM2,0.543036487954342,5.3836352985922,1.28757292680717,0.256495711538398,0.907196684740575
RPA3,0.29015251997904,6.73086955555285,1.2872810611546,0.256549621687326,0.907196684740575
TDG,-0.435318100105509,6.14245423365777,1.28663480116511,0.256669041340069,0.907196684740575
NFKBIB,-0.515380285381478,5.56644291515229,1.28601861985691,0.256782966763957,0.907196684740575
TMEM107,0.566763673500035,5.3786595280563,1.28492408136836,0.256985489305651,0.907196684740575
PHF3,-0.315641168880765,7.16335540557549,1.28440431579935,0.257081730605782,0.907196684740575
RNASEL,-0.842975582970517,4.44313692243372,1.28432490246635,0.257096438926581,0.907196684740575
LIG1,0.747903533287098,4.67879887968743,1.28363753003236,0.257223792129793,0.907196684740575
MAD2L1BP,-0.795316109136068,4.51101833467433,1.28334923139095,0.257277229958098,0.907196684740575
EMC2,-0.546609721779211,5.22434626267841,1.28282640381019,0.257374174059822,0.907196684740575
DHFR2,-1.01601945682956,3.90034534417944,1.28221751578754,0.257487132580026,0.907196684740575
AQP3,-0.458542480790058,6.84579035651327,1.28170416039225,0.257582415830381,0.907196684740575
OFD1,-0.399891407748226,6.30115358117647,1.28117273914364,0.257681098135953,0.907196684740575
HNRNPH3,-0.326510724672789,7.22932082559256,1.28065152615431,0.25777793017931,0.907196684740575
TNFRSF1A,-0.555229385304709,5.62319662302528,1.28018302917291,0.257865006891987,0.907196684740575
CD247,-0.249929922820203,8.16482693404814,1.27806805829985,0.258258556402904,0.908070556618783
TAF2,-0.596731883174393,5.03116310062498,1.2777068765761,0.258325838542155,0.908070556618783
CLASRP,-0.646291140255668,4.80666146959729,1.27606698759925,0.258631595163381,0.908771683950574
KDM4A,-0.727597107875823,4.46745865365729,1.27402688512498,0.259012596168281,0.909174783440779
ZBTB7B,-0.54226203160603,5.28327728882782,1.2738225837412,0.259050788858352,0.909174783440779
DDA1,0.38676226776377,6.03229536588658,1.27302024952538,0.259200846933029,0.909174783440779
LINC01934,-0.454436282842643,5.91857246346719,1.27125745514156,0.259530914677976,0.909174783440779
TP53I11,-0.951137551954071,3.92527098206197,1.27117576164481,0.259546223669879,0.909174783440779
MTMR3,-0.715151665621823,4.79268059820352,1.27066819662395,0.259641364099751,0.909174783440779
NSUN6,0.483823349955557,5.65805198145288,1.27059870781651,0.259654392774231,0.909174783440779
CNOT11,-0.593091301319126,5.24451274090441,1.26945124019638,0.259869652103083,0.909174783440779
EOGT,-0.965674859760157,3.9707871373641,1.26924670486427,0.259908045121909,0.909174783440779
TEX264,-0.463516060579231,6.53243959023504,1.26865978956674,0.260018253089842,0.909174783440779
GRB2,0.298128751892947,7.25150999358532,1.26843565583526,0.260060355043158,0.909174783440779
FCMR,-0.511541706042152,6.43677875340639,1.26836120180848,0.260074342578284,0.909174783440779
MED31,0.483510784999045,5.60431319543185,1.26756388464637,0.260224191427086,0.909174783440779
PRR13,-0.201323762530094,7.86138658489592,1.26690574262254,0.260347964053256,0.909174783440779
RAB8A,0.311978096656594,6.66349857567868,1.26641705269993,0.260439916048784,0.909174783440779
DYNLL1,0.253768494886051,8.71241300119561,1.26620742087009,0.260479372741692,0.909174783440779
TAF12,-0.417664093587056,5.96921473288235,1.26580974873549,0.260554242534789,0.909174783440779
A1BG,0.455671413067255,5.9151836258306,1.26490092727203,0.26072544656596,0.909400996610525
FASTK,0.533095789834766,5.44687864279375,1.26317902496384,0.261050201259202,0.909649977154692
PHF12,0.432026688002435,5.65443392082823,1.2627497185969,0.261131247452415,0.909649977154692
MAN2A1,0.439973237821991,5.61619790764224,1.26129047855107,0.261406961903951,0.909649977154692
ITPRIP,-0.967131407069992,3.84281584876206,1.26111177581586,0.26144075148026,0.909649977154692
FBXO44,-0.616785722214672,4.84282644101133,1.261002009361,0.261461509089828,0.909649977154692
TBL3,-0.978871098526752,4.31294917381585,1.2607057211357,0.261517549479327,0.909649977154692
ZC3H6,-0.517731548289035,5.56857131689573,1.26000798637178,0.261649578882581,0.909649977154692
VPS51,-0.369577679389653,6.31705871488779,1.26000262321173,0.261650594050678,0.909649977154692
NBPF19,-0.710601688150985,4.9217610849029,1.25789182102851,0.262050517632219,0.909649977154692
STK40,0.540132247121364,5.12271609138121,1.25687897524512,0.262242685793508,0.909649977154692
C1orf122,-0.382311207725283,5.95772251058054,1.25484178572658,0.262629733311463,0.909649977154692
MAP1LC3B,0.269539088381908,7.61749443618488,1.25447533972958,0.262699429917126,0.909649977154692
PLSCR1,0.498818993992017,6.18767106875562,1.25347325154258,0.262890140438367,0.909649977154692
LAGE3,-0.401383441025065,5.9454893371046,1.25334104024084,0.262915314811254,0.909649977154692
MAML2,-0.466714835685576,5.85942843023862,1.25251511453379,0.263072647193146,0.909649977154692
EIF4G2,-0.206448451493891,8.19406496463375,1.25248971208744,0.263077488012537,0.909649977154692
ACAT2,0.615616656880399,5.34704302811544,1.25240614368629,0.263093414012409,0.909649977154692
METTL4,0.58814459150741,5.09948718030957,1.25165819980134,0.263236006293674,0.909649977154692
PRXL2C,0.668416317121332,5.09920131344136,1.25144320339247,0.263277012185989,0.909649977154692
NPDC1,-0.664221282397185,5.52475490217616,1.25114206781631,0.263334460587102,0.909649977154692
DUSP5,-0.599106457135042,5.79663087368265,1.25026443972866,0.263501976741639,0.909649977154692
ZMYM6,-0.687310347301494,4.66483073902725,1.24848489685454,0.263842051169614,0.909649977154692
SPPL2B,-0.697264252290615,4.66702584333889,1.24843553144741,0.263851492772818,0.909649977154692
RPN1,-0.395726042079711,6.17150069191536,1.24803504999107,0.263928104173523,0.909649977154692
YTHDF2,0.360604071558395,6.24030128247071,1.24762018426799,0.264007496403865,0.909649977154692
SRBD1,0.710771210518031,4.51659467220549,1.2473347993743,0.264062127308696,0.909649977154692
SEC31A,0.392751652002472,6.29504164753651,1.2455572083366,0.264402725970339,0.909649977154692
SPEN,0.352378030821812,6.33816392599908,1.24498871034827,0.264511769308592,0.909649977154692
NUP62,-0.460121395457981,5.93540920552779,1.24452966258406,0.264599859844814,0.909649977154692
SEPTIN7,0.851267570289226,9.04201181554403,1.24443002404357,0.264618985139059,0.909649977154692
METTL17,-0.583774417928434,5.49205353712614,1.24384677177067,0.264730972998948,0.909649977154692
DUSP16,-0.395882679099997,6.24458289334115,1.24277092512984,0.264937696503782,0.909649977154692
WDR36,-0.683579950887386,4.77658836064077,1.24183018084193,0.265118624676592,0.909649977154692
SCAPER,-0.67983783014054,5.1718473967145,1.24132513771344,0.265215820237373,0.909649977154692
TMEM64,-0.728457137201037,4.59670007347769,1.24085338259635,0.265306649559437,0.909649977154692
WBP11,-0.405657236674207,6.33685161872276,1.24061915668342,0.26535176059644,0.909649977154692
AEN,-0.818772224416148,4.37508827581616,1.24043051783541,0.265388098672066,0.909649977154692
POLR1C,-0.844002741946014,4.43315782305322,1.23990621927443,0.265489128420735,0.909649977154692
CFAP298,0.354993109265649,6.29687858369456,1.23898147446502,0.265667438850286,0.909649977154692
DPY19L3,-1.04529423949728,3.90669467544817,1.23895158337764,0.265673204972323,0.909649977154692
ARHGEF18,-0.970684662607968,4.23736010851725,1.23709567845025,0.266031522439026,0.909649977154692
PHKG1,-0.751289163417703,4.88188689078715,1.23661896649369,0.266123657761024,0.909649977154692
NBPF26,-0.780688191393996,4.41532219524841,1.23658220907006,0.266130763610431,0.909649977154692
UQCRC2,-0.438265654184957,6.49071646765061,1.23621903749545,0.26620098369139,0.909649977154692
INTS14,-0.835604207249812,4.25001019995626,1.23582373832865,0.266277441939181,0.909649977154692
GIPC1,0.44840781634478,5.62774770082664,1.23549366434195,0.266341305366694,0.909649977154692
CKLF,-0.284985079555254,9.17218452583553,1.2352683950575,0.266384901904385,0.909649977154692
ST3GAL3,-1.14535003856781,4.08125961611901,1.23477807893989,0.266479823884117,0.909649977154692
LIME1,0.758274040749127,7.51524395500273,1.23476044392005,0.266483238692787,0.909649977154692
MGAT4A,-0.351452629701138,7.18127865941207,1.23451012562081,0.266531715686412,0.909649977154692
EEF2K,0.710117681889759,4.39848660435416,1.23436696092522,0.266559446099551,0.909649977154692
FTO,-0.634897848271036,4.72531121209737,1.23420781104609,0.266590276994662,0.909649977154692
KRT10,-0.272115060639846,7.73829068941825,1.23352531055599,0.266722542996692,0.909649977154692
GADD45B,0.520827523860583,6.90873691997343,1.23348677823741,0.266730012851026,0.909649977154692
DDX56,0.648392765884501,4.94966492987978,1.23233709612629,0.266953009539062,0.909649977154692
IFI16,0.265416368828762,8.40709812366267,1.23130431549727,0.267153529658254,0.909649977154692
SLC15A4,0.63435040621529,4.83400412193598,1.2311395075439,0.267185545404093,0.909649977154692
SDHAF2,0.34334408799001,6.27574908464886,1.23054241055186,0.267301578069424,0.909649977154692
MAX,0.293434701269273,6.61658794376378,1.22986133740108,0.26743400633787,0.909649977154692
PAM,0.675454198584668,4.58413624449672,1.22955841974001,0.267492932102178,0.909649977154692
CHML,-0.762319571439351,4.34683895899871,1.22947081754259,0.267509976140839,0.909649977154692
PLEKHM1,-0.612178638143398,4.83240214475328,1.22926712655856,0.267549611853255,0.909649977154692
MAP3K7,-0.732586285193101,5.0750527702472,1.22869204340982,0.267661555346275,0.909649977154692
UTRN,0.32968287495146,7.0512471467234,1.22864735959855,0.267670255771211,0.909649977154692
CBR1,0.547009710540358,5.32529811603448,1.22645175793629,0.268098198055361,0.909649977154692
AP5M1,-0.583134942125478,5.17987949064009,1.22586698197335,0.268212319957308,0.909649977154692
MTF2,-0.491537057594914,6.04283746142225,1.22527422154975,0.268328061916826,0.909649977154692
POLM,-0.645714587794577,4.75898683911068,1.22500761998738,0.268380138653734,0.909649977154692
TMEM230,-0.363736139338143,6.89781980572718,1.22446441640174,0.268486284598696,0.909649977154692
RPL6,-0.190885936954292,11.7335276463012,1.22383056662107,0.268610209703497,0.909649977154692
CEP68,-0.759806362824084,4.59110577706877,1.22183144397088,0.269001529653735,0.909649977154692
COQ9,-0.779704578595003,4.73604985895696,1.22179546677827,0.269008578555604,0.909649977154692
STAT1,0.470266905364728,7.78177117546968,1.22113447715459,0.269138125287002,0.909649977154692
PFDN4,0.406269830357038,6.00881731502341,1.22091942190818,0.269180290553615,0.909649977154692
MRPL45,0.639971460446191,4.70800457127446,1.22020692288599,0.26932004714277,0.909649977154692
BCLAF3,-0.595507249660248,4.77287953931274,1.21920543924907,0.269516641251999,0.909649977154692
RASSF1,0.478025624526121,5.66028060963369,1.2191453270771,0.269528447144455,0.909649977154692
GPATCH4,0.454067134090895,5.65522681675897,1.21897307809567,0.269562280025975,0.909649977154692
THOC3,-0.606118640959865,4.9581230087025,1.21875197208945,0.269605717104732,0.909649977154692
SSR2,-0.218429363563559,8.41551686576223,1.21797927061835,0.269757585801567,0.909649977154692
ASCC3,0.375725295197869,6.08642823619855,1.21731914000543,0.269887414196519,0.909649977154692
PFDN1,-0.341011610344498,6.46222766889197,1.21704608105745,0.2699411397335,0.909649977154692
AP3D1,0.402039662674955,5.97183194910164,1.21578359741099,0.27018971269112,0.909649977154692
CIDEB,0.812852519958957,4.08090650058101,1.2153354961671,0.27027800903043,0.909649977154692
LAMTOR2,-0.323330201223559,6.69693494382165,1.21425718814138,0.270490632654519,0.909649977154692
COMMD2,0.391083200384834,5.80819957706129,1.21401254033209,0.270538902054167,0.909649977154692
CENPB,-0.474225574719721,5.48198499351127,1.21347798807589,0.270644407536985,0.909649977154692
KCTD18,-0.747563755114348,4.63100280621314,1.21338181225336,0.270663395381828,0.909649977154692
CHAMP1,0.654324689238934,4.4429996340278,1.21329627152146,0.270680284956634,0.909649977154692
EXOSC5,-0.645267875596708,4.70581046219998,1.21307182615085,0.270724606798948,0.909649977154692
KCTD7,-0.615723173483823,5.17724270689458,1.21299480672085,0.270739818128092,0.909649977154692
PLEKHO2,-0.598146533247562,4.86457829546277,1.21252967556154,0.270831704202198,0.909649977154692
RABGGTA,0.900680722365584,4.37946674545031,1.212404173441,0.270856503668382,0.909649977154692
BATF,-0.362731526978481,7.73275459049876,1.21157889554737,0.271019650964803,0.909649977154692
CLPX,0.501187898362452,5.28532123938777,1.21084924743164,0.271163995815201,0.909649977154692
FBL,-0.308536184546939,6.73068644042825,1.20912257903906,0.271505962508245,0.909649977154692
PDHX,-0.83405682324374,4.30299999238742,1.20900351644207,0.271529562738393,0.909649977154692
HIPK3,-0.432354870708924,5.74752138269513,1.20879232830098,0.271571430132467,0.909649977154692
NABP2,0.556717209709039,5.04790530488332,1.20876692545455,0.271576466712297,0.909649977154692
CDK7,0.758064946061742,4.37900808541683,1.20865147233457,0.271599358882091,0.909649977154692
NAA30,-0.676168119184396,4.64395672884729,1.20847517616202,0.271634319737758,0.909649977154692
SERTAD1,-0.588851890647918,5.23463009855038,1.20839579548518,0.27165006336132,0.909649977154692
BISPR,0.575181194211748,5.03383762245052,1.20770359961822,0.271787395447899,0.909753501834019
NLRP1,-0.574957259330272,5.62630180282736,1.2061316707821,0.272099590020218,0.910143963679753
MAP3K3,-0.507523220903486,5.15538599246716,1.20559099899042,0.272207074469856,0.910143963679753
DHRS1,0.693139798476586,4.73213153944009,1.20550874320892,0.272223431410589,0.910143963679753
DCUN1D1,-0.549433887133236,5.80320314819744,1.20414919149717,0.272493962916474,0.91020970749113
TRAK2,0.508427912071063,5.15380162006546,1.20326212247868,0.27267065861656,0.91020970749113
CDK17,0.565871784607631,5.45472479879797,1.20196770405374,0.272928752067736,0.91020970749113
LRRC75A,-0.434340364387964,6.08080884969519,1.20195413622719,0.272931458970636,0.91020970749113
GHDC,-0.953802783971603,4.35626345228333,1.20161060414108,0.273000007909252,0.91020970749113
NFYC,-0.50122848616293,5.67960788447743,1.20159396741303,0.273003328176101,0.91020970749113
ZBED4,0.590247917450407,4.91201916040326,1.20077790848182,0.273166254879539,0.91020970749113
NCKAP1L,-0.339071468908257,6.8510842252033,1.19995533222626,0.273330606123131,0.91020970749113
MRPL30,0.614343356709134,4.64790649363648,1.19945997287943,0.273429639026574,0.91020970749113
IMMT,-0.380427449044402,6.43716364156678,1.19788747402951,0.273744313323922,0.91020970749113
RIC8A,-0.526532878350742,5.52125941292554,1.19525788543355,0.274271538359956,0.91020970749113
GIMAP6,-0.408607458483589,6.00124078016488,1.19491534297131,0.274340310894724,0.91020970749113
DCTN5,0.468075933786567,5.5045284799429,1.19433010446558,0.274457859789953,0.91020970749113
LZTS2,-1.19558212357091,3.8700598504748,1.19429890597253,0.274464127981075,0.91020970749113
PPID,-0.364419935770102,6.12486989970898,1.19409235725923,0.274505630889773,0.91020970749113
MUTYH,0.765115472125007,4.23808589284376,1.19409155884509,0.274505791334565,0.91020970749113
JAML,-0.358604989917239,7.21867126138645,1.19373880415544,0.274576690437423,0.91020970749113
KCNK6,-0.594663657059932,5.25776498246111,1.1925635429052,0.274813068566638,0.91020970749113
GPATCH2L,-0.423186021322442,6.32792853982586,1.19111925842758,0.275103904825339,0.91020970749113
PITPNC1,-0.503065187038326,6.04524017815637,1.19059824563099,0.275208916272392,0.91020970749113
RHOG,-0.260481086142495,7.34071435460559,1.19058952204944,0.275210674960757,0.91020970749113
TIPRL,0.353050330473386,6.23327281814609,1.19040455716783,0.27524796750709,0.91020970749113
IFT57,-0.579543250896295,5.11526330685201,1.18949867971163,0.275430701848654,0.91020970749113
TNPO2,-1.0704609764481,4.12265139300918,1.18850818350426,0.275630679993598,0.91020970749113
MAP4,0.346866094617873,6.7714571641048,1.18845031053477,0.275642370007887,0.91020970749113
PHF19,0.558468710477933,5.88109842501551,1.18791178185236,0.275751179645811,0.91020970749113
TSPAN3,-0.577821974718425,5.48262812663907,1.18787484702045,0.275758644300427,0.91020970749113
APOBEC3F,0.593179528354781,4.83712448399096,1.18555320714732,0.276228365674373,0.91020970749113
SAP18,0.199454567826389,7.87513866124119,1.18543791938981,0.276251717250597,0.91020970749113
FAM120A,0.321930773835603,6.57924379248027,1.18512137331572,0.276315846533154,0.91020970749113
IRGQ,-0.845529225873609,4.23774436471586,1.18489545066562,0.276361627801125,0.91020970749113
CMTR2,-0.523438267373686,5.34086713635406,1.18457197107813,0.276427194741631,0.91020970749113
RNF123,-1.22606947270994,3.89621653632292,1.18451508983742,0.276438726173961,0.91020970749113
MAP2K6,0.835419529537389,4.38817756176222,1.1840150563658,0.276540123101153,0.91020970749113
TNFAIP8,-0.23604444323231,7.94008117689852,1.18299459840583,0.27674719700997,0.91020970749113
TAPBPL,-0.537737790979789,5.11722095951236,1.182900551214,0.276766291116761,0.91020970749113
NDUFV2,-0.311380955639215,7.95580770272724,1.18137069428795,0.277077126029734,0.91020970749113
PIGB,-0.854072638145339,4.15555273281977,1.18124343377161,0.277103002484615,0.91020970749113
RBM18,0.567960426983442,5.17901971602916,1.18101490592922,0.27714947771467,0.91020970749113
RNF169,0.429951928014373,5.88076550785498,1.1799096911955,0.277374381397294,0.91020970749113
ZNF275,-0.746516277593728,4.29244797900668,1.17968513679865,0.277420104759352,0.91020970749113
MAP2K3,-0.382596754005803,6.2210218825949,1.1786078160843,0.277639598843167,0.91020970749113
PSENEN,0.348806920996518,6.24709224202681,1.17860175681405,0.277640833981246,0.91020970749113
MSC-AS1,-1.0909737374666,4.19540960387438,1.17845986039437,0.277669760509982,0.91020970749113
DSE,-0.710302477341351,5.24874471975042,1.17844821991683,0.277672133667116,0.91020970749113
SLC25A26,0.560788001967033,5.15882946677036,1.17840225211369,0.277681505423888,0.91020970749113
MIGA1,0.475087397831411,5.40258174015304,1.17819137881101,0.277724502647382,0.91020970749113
F5,-0.815575288761182,4.88877423275121,1.17788414362232,0.277787163134667,0.91020970749113
FASTKD5,0.873754458596917,4.0358020550631,1.17744297538768,0.277877170343331,0.91020970749113
APOBEC3D,0.68539554315364,5.44194529410584,1.17670998808363,0.27802679572746,0.91020970749113
NDUFS4,0.333072955620324,6.1150670207206,1.17647652552102,0.27807447396119,0.91020970749113
DENR,0.284389892226267,6.82593532013067,1.1764735752805,0.278075076531622,0.91020970749113
LINC00174,0.930597119999208,3.97548093708804,1.17630453290368,0.278109605255838,0.91020970749113
IL16,-0.329238352206303,6.79934145218743,1.17611969898643,0.27814736575218,0.91020970749113
HOOK3,-0.342120913732568,6.24916471945428,1.17604586881759,0.278162450631828,0.91020970749113
RSBN1,-0.30535418335811,6.66011443648545,1.17565253776279,0.278242832867508,0.91020970749113
RASGRP3,0.935402316188297,4.170096557386,1.17531483617687,0.278311869853996,0.91020970749113
BOD1L1,-0.239094169641652,7.60534726972772,1.17409780953686,0.278560848036977,0.910675598419929
ALAD,-0.79252135367905,4.14498188078149,1.17334710692953,0.278714566028662,0.910829826062321
SLC25A51,1.0210656570617,3.97364452237373,1.17238157708996,0.278912430418095,0.910914712331962
SNAPC3,-0.74965061034586,4.81605720933917,1.17155705476095,0.279081538544584,0.910914712331962
CD8B,0.591186585027561,6.05789795868229,1.17132579673214,0.279128992380473,0.910914712331962
BCL11B,0.201428889875166,8.89171689115855,1.17114182661547,0.279166750065474,0.910914712331962
AGPAT4,-0.676442626225872,4.5837801617899,1.16989888603846,0.279422017677108,0.911153693381297
PPIL4,-0.415860894391902,6.01937782221884,1.16931291784083,0.27954246236467,0.911153693381297
GPATCH8,-0.308928542345249,6.52195925446254,1.16821240734207,0.279768847303697,0.911153693381297
URM1,-0.436572491905342,5.81512819120163,1.16810953320066,0.27979002125998,0.911153693381297
ATP7A,-0.638797115845471,4.8471629506905,1.16800780558959,0.279810961220858,0.911153693381297
ALKBH4,-0.890075708780412,4.26978575995415,1.16767504728655,0.27987947114508,0.911153693381297
CRTC1,-1.07961131289639,4.06822630387467,1.1660717205451,0.280209868800159,0.911248373102874
GNPNAT1,-0.945165846262302,4.32357684881765,1.16447604404875,0.280539178828188,0.911248373102874
ZNF569,-0.892512259766826,4.07118147808897,1.16432648848117,0.280570068606738,0.911248373102874
PARP15,0.455971419382953,5.4358821997455,1.16422467120728,0.280591100792398,0.911248373102874
PHAX,-0.399179765056593,6.03336738249331,1.1632434779836,0.280793885923847,0.911248373102874
ARF4,-0.359912947813945,6.4185971522717,1.16305412359309,0.28083304146716,0.911248373102874
TCTN3,0.629982429001477,5.19596138351843,1.1628012291065,0.280885346868528,0.911248373102874
AFAP1,0.680842068594918,4.55927527662206,1.16264687017007,0.280917278506501,0.911248373102874
TTC19,-0.383838373363452,6.10437304654036,1.16220517157569,0.281008676323437,0.911248373102874
C6orf226,-0.525568175778352,5.06437644922438,1.16220041419254,0.281009660942203,0.911248373102874
IER2,0.486000316071019,8.43041410225685,1.16082609041622,0.281294282430591,0.911248373102874
HINT1,0.16898330193628,9.80285038340596,1.16007396246242,0.281450201798571,0.911248373102874
HNRNPDL,0.210925836579446,8.28786824848907,1.15947765580556,0.281573896356092,0.911248373102874
SEC23A,-0.527068005454761,5.45118338180416,1.15925463401211,0.281620176415111,0.911248373102874
BICD1,0.79626483818183,4.35264885856803,1.15833580802301,0.281810946741495,0.911248373102874
PCNA,0.46697414139661,5.44611940022321,1.15812578468995,0.281854575558504,0.911248373102874
SEPTIN1,0.674909982597331,7.21995617636854,1.15780468252413,0.281921295642932,0.911248373102874
CDC40,-0.298601587117832,6.67845039517035,1.15730683400525,0.282024780377913,0.911248373102874
BLCAP,-0.486046984312597,5.53561886327576,1.15729339546462,0.282027574430977,0.911248373102874
FKBP8,-0.27239602655118,7.21025340546478,1.15708005025152,0.282071936454172,0.911248373102874
CNOT3,0.540057527968065,5.15142175350026,1.15564733165409,0.282370078070735,0.911248373102874
SART1,-0.542128919612348,5.32392458248236,1.15519803712744,0.282463656102294,0.911248373102874
MED29,-0.591433496935256,5.13813073366248,1.15480256806195,0.28254605594999,0.911248373102874
ILRUN,0.824473235937656,4.88479462996184,1.15465588991128,0.282576625507077,0.911248373102874
CCDC57,-0.468113012183109,5.70771022852203,1.15445945053332,0.282617572478829,0.911248373102874
MAK16,-0.708362556491406,4.49958493359801,1.15416038539482,0.282679925777146,0.911248373102874
ACTR1A,0.501164622483406,5.32080167107397,1.15135803703029,0.28326504529156,0.912326309418322
MPHOSPH8,-0.187394643149039,8.16004719896229,1.15124775751213,0.283288102561261,0.912326309418322
BTLA,-1.06554535263552,4.33483080858442,1.14969670941062,0.283612647951383,0.912326309418322
TRAPPC5,0.574351182413003,7.35775320360006,1.14900195195264,0.283758173496433,0.912326309418322
TYSND1,-0.803347753583837,4.62155736175489,1.14877841825768,0.283805015500819,0.912326309418322
RPL18,-0.169533303308752,11.5155070690125,1.14846354949585,0.283871013594882,0.912326309418322
RPS3A,-0.212575546565424,11.9289686929766,1.14735905440593,0.284102675138093,0.912326309418322
RABL6,-0.351646976734615,6.11741600752777,1.14523746352829,0.284548339069351,0.912326309418322
POP1,-1.04339148928494,3.8175054059433,1.14438505624912,0.284727646248974,0.912326309418322
ARAP1,0.59151563680072,4.74366014557103,1.14412083107843,0.284783256117166,0.912326309418322
ZNRD2,0.614364868642699,5.20102602481438,1.14396362407297,0.2848163490548,0.912326309418322
TPMT,0.537438456060943,5.08195946277711,1.14382432942923,0.284845675415752,0.912326309418322
ARAF,-0.498588377723381,5.25725881563731,1.14310561351412,0.284997050934094,0.912326309418322
SUGP2,-0.40452987057722,6.12507085962554,1.14123526522651,0.285391461022086,0.912326309418322
TMEM131,-0.538207037626049,5.29648346731642,1.14054845655627,0.285536465724007,0.912326309418322
FOSL2,-0.604448673601038,5.5693888695332,1.14033612324446,0.285581314195584,0.912326309418322
AP2B1,0.338988734199909,6.87951806088516,1.13972755512129,0.285709903846036,0.912326309418322
FBXO6,0.688097599898508,4.68214176456463,1.13956055601155,0.285745203385981,0.912326309418322
BEX2,-0.578610870839725,5.18858250580099,1.13939613981895,0.285779962366927,0.912326309418322
RBM12,-0.55284319954852,5.21517322179281,1.13894781094498,0.28587477016992,0.912326309418322
SLC3A2,-0.313477583812007,7.09342809173073,1.13722542513618,0.286239373427851,0.912326309418322
LMO4,0.359120222393872,6.66812836951653,1.13722333860882,0.28623981547229,0.912326309418322
CLU,0.960317902712349,4.76057933458637,1.1371941531208,0.286245998699258,0.912326309418322
SLC20A1,-0.45155696534048,5.84998112778869,1.13703650018854,0.286279401924862,0.912326309418322
GLYR1,-0.432189018943547,5.67957873157998,1.13625224856606,0.286445641343934,0.912326309418322
INTS2,-0.736507424527726,4.38887902924888,1.13613317534036,0.286470892256193,0.912326309418322
MCRS1,0.439732745526734,5.35284212433256,1.13551498797227,0.28660203177913,0.912326309418322
HCLS1,-0.265227929405972,7.97757437740138,1.13519437507276,0.286670075200976,0.912326309418322
PAQR3,-1.14882512360153,4.00875651794543,1.13512151822405,0.286685540413257,0.912326309418322
RPS13,-0.169195170934441,11.3417713012608,1.13498713156316,0.286714069245187,0.912326309418322
DPP3,0.624339470195659,4.85273162177337,1.13497274796451,0.286717122940951,0.912326309418322
ARF5,-0.446231646843121,6.30991989435085,1.13485559810299,0.286741995865619,0.912326309418322
COA8,0.722906578103835,5.82465040070504,1.13465426478653,0.286784748784653,0.912326309418322
CTNNB1,-0.289037013305801,6.95030896387407,1.13451152173354,0.286815065028179,0.912326309418322
DDX11,-0.827799436207761,4.40731818221015,1.13422472841596,0.286875987452853,0.912326309418322
TPRG1L,-0.639286864472144,4.86831026121876,1.13419462069649,0.286882384075796,0.912326309418322
USF1,-0.735436444848465,4.56527240707275,1.13381593255068,0.286962854839849,0.912326309418322
MLLT6,-0.309069931912129,7.01730072777552,1.13241304393694,0.287261216984704,0.912878965132261
PPP2CB,-0.632651801766266,4.80307876278327,1.13199476806772,0.287350250926531,0.912878965132261
DNMT1,0.292786395381392,6.9509567581169,1.1312082980891,0.287517753434899,0.913071795733636
RNF146,0.527217014209185,5.02165143506154,1.13011983685706,0.287749778915324,0.913469313014151
SMC2,-0.565234867867827,5.2202163499275,1.12919780671425,0.287946512841521,0.913511430767915
PRKCH,-0.339874193103877,7.02890512837184,1.12851605356827,0.288092088783082,0.913511430767915
THRAP3,-0.24718749564294,7.64684896237522,1.12832315711202,0.288133295289956,0.913511430767915
PAIP2,0.252777327857328,8.00617210316037,1.12740689452783,0.288329129560352,0.913511430767915
CCDC112,-1.0365765976667,4.05628856713623,1.12634123270399,0.288557108229844,0.913511430767915
KAT6B,0.349550494192031,6.59473941061613,1.12623344259521,0.288580180705033,0.913511430767915
SIGMAR1,-0.576262341826777,4.85601255702847,1.12570594702309,0.288693125007406,0.913511430767915
IKBKB,-0.343064299300838,6.15866041800515,1.12531841801589,0.288776136327417,0.913511430767915
PAPOLA,-0.266582335315352,7.54616916602402,1.12438976511594,0.288975183698736,0.913511430767915
DPP4,0.591814462051214,6.27881915369658,1.12406977760979,0.289043810247057,0.913511430767915
CCDC43,0.623760399542363,5.10799079164638,1.12396148652284,0.289067039738932,0.913511430767915
CYB5R3,-0.474704295330279,5.84652124231654,1.12281946885614,0.289312158417532,0.913511430767915
RFFL,0.442793496580161,5.81133688891581,1.12256858658519,0.289366042367316,0.913511430767915
SLK,-0.441220703963389,6.2310607185106,1.12136620250758,0.289624465313818,0.913511430767915
NFIC,-0.468526705314155,5.68073659485839,1.12102694722999,0.289697433080991,0.913511430767915
RNASEK,0.411365152907357,9.00925355635481,1.12093451935694,0.289717316729514,0.913511430767915
PITHD1,-0.387220718505367,6.21157404654633,1.12079676946525,0.289746953554209,0.913511430767915
TBC1D15,-0.489045783486037,5.80601736137185,1.12050002743873,0.289810810586468,0.913511430767915
MED17,-0.459903431231868,5.4123277377263,1.1201628256505,0.289883396074311,0.913511430767915
CD6,-0.260280485220342,7.69099018375029,1.11997339021255,0.289924183789483,0.913511430767915
AKTIP,0.424064413611945,5.60129237615412,1.11931727185969,0.290065510460993,0.913511430767915
APOOL,-0.72121120153292,4.40611389853503,1.11880768315153,0.290175335501343,0.913511430767915
NARS2,-0.988795885454578,4.00588821402675,1.1181866338253,0.290309253871547,0.913511430767915
NEMF,-0.439677579727428,6.54371852303704,1.11810163321837,0.290327588887171,0.913511430767915
BRCC3,-0.636857997721894,4.7263886208177,1.11701406853432,0.290562311850428,0.91364045489101
MDH1,0.291386959982741,6.80004791568895,1.11674254857062,0.290620950216862,0.91364045489101
MIEF1,-0.611918670276508,4.74175287493076,1.11572366622119,0.290841126096338,0.91364045489101
PCBD1,-0.600218906435346,5.38824871137169,1.11527382659652,0.290938402108953,0.91364045489101
KANSL1-AS1,-0.719950938678236,5.48124673215298,1.11524356341442,0.290944947890378,0.91364045489101
RELB,-0.477113936066044,5.95883534584684,1.11494368238919,0.291009820875918,0.91364045489101
ZEB1,-0.440271116893016,5.87882493632502,1.11287594833482,0.291457634589026,0.914710469200289
CISD1,0.670368452597912,5.26143143826654,1.11130987193222,0.291797388626502,0.914893534777872
ZBTB17,-0.808056547072621,4.34330318305761,1.11101928433108,0.29186048605076,0.914893534777872
EMC7,0.313741470323285,6.71683238394533,1.11089309150496,0.291887892652927,0.914893534777872
ACOT13,0.572935857995078,5.12643854121168,1.11057636503461,0.291956693893965,0.914893534777872
CD8A,0.655718549912539,6.58554637672511,1.10848617649688,0.292411257020578,0.914893534777872
ASB1,-0.600601645821262,4.86616755142883,1.10769817207176,0.292582862691142,0.914893534777872
RPL8,-0.148166089374019,11.1172563533618,1.10630706308476,0.292886122167053,0.914893534777872
RETSAT,0.751532078662844,4.24494143067526,1.10621737366836,0.292905688094348,0.914893534777872
TLE4,-0.287146665692251,6.83894842991006,1.10618684449189,0.292912348476957,0.914893534777872
RANGAP1,-0.503730010520514,5.32786637786771,1.10370284812383,0.293454917686605,0.914893534777872
RESF1,0.779225233656307,8.42790647757393,1.10345653911256,0.293508787966519,0.914893534777872
ZNF22,-0.418475693256255,5.65490457023259,1.10331738252162,0.293539228516111,0.914893534777872
USP39,0.535064899402957,5.04691382568414,1.103190538555,0.29356697919293,0.914893534777872
P2RY11,-0.819387776182087,4.15356038108004,1.10243219370235,0.293732958428715,0.914893534777872
TBK1,-0.515238996935764,5.38598905181623,1.10163293426836,0.293908022614274,0.914893534777872
STX5,-0.508865004392746,5.30280703907611,1.10138054036139,0.29396333293871,0.914893534777872
ATP1A1,-0.286841408017154,7.03630508393802,1.10133413588543,0.293973503598009,0.914893534777872
TRIM27,-0.418565337685555,5.77782425699432,1.10071265158089,0.29410976026918,0.914893534777872
CD200R1,0.481546299272872,5.14996765688902,1.10053681083671,0.294148326955213,0.914893534777872
FARS2,-0.659512061481763,4.90701430622486,1.10014369453931,0.294234571526549,0.914893534777872
CUL3,-0.351156304899819,6.46814517508451,1.09964244709262,0.294344585605341,0.914893534777872
FCHSD2,-0.615257984057061,4.75500860444775,1.09950430487916,0.29437491439255,0.914893534777872
RBBP4,0.251342359354113,7.1238256051959,1.09935003577843,0.294408788526839,0.914893534777872
PLCG2,0.463094449803483,5.61824841997522,1.09924479118085,0.294431900811326,0.914893534777872
PLAGL2,-0.770514384185209,4.57225747436355,1.09891421675055,0.294504511856851,0.914893534777872
TPM3,0.217908744606032,9.79504367895545,1.09869169078427,0.294553402845981,0.914893534777872
TMEM50B,-0.46702153063919,5.85949097776931,1.09834742160693,0.294629062408065,0.914893534777872
RIPOR2,-0.299030350528627,7.43360697733796,1.09760418484886,0.294792487394801,0.914893534777872
RRAGA,0.402509144347039,5.80127593999758,1.09753440494738,0.294807836755765,0.914893534777872
VAPB,-0.562788959150615,5.10622206407647,1.0973739329419,0.294843139381253,0.914893534777872
FLOT2,-0.451185497264493,5.81341888107108,1.09688047842899,0.294951729562732,0.914893534777872
PCBP2,-0.205041539949044,8.30994692076171,1.09618470457171,0.295104929428619,0.914893534777872
AAMDC,0.833020404647004,4.21186004511864,1.09556444431425,0.295241588185059,0.914893534777872
RPL13,-0.174943153183827,12.9739158920254,1.0952085479319,0.295320037615634,0.914893534777872
SPON2,-0.810588931817805,4.49142238344063,1.09420208531538,0.295542034503277,0.914893534777872
OSTM1,0.392662165486745,5.66821447020294,1.09261759284234,0.295891961853659,0.914893534777872
MBD5,-0.438103182242226,5.69123624035531,1.09229582035241,0.295963088593393,0.914893534777872
CEP89,0.636966229948887,4.56947838413054,1.09160821668905,0.296115154590251,0.914893534777872
FAM13A,0.798488248348039,4.0128746148853,1.09101414693976,0.296246615913015,0.914893534777872
CNOT6L,0.384055238705834,7.30427462686086,1.09019060878931,0.296428979987745,0.914893534777872
NADSYN1,-0.639530355498051,5.07433354421362,1.08949241920173,0.296583699716028,0.914893534777872
ITSN2,-0.277655153052371,6.8067914117458,1.08946725050793,0.296589279066008,0.914893534777872
SHARPIN,-0.405778301504456,5.6490130918939,1.08844323950136,0.296816394199335,0.914893534777872
PPP6C,0.438778840606679,5.6306330008232,1.08835426911369,0.296836137453859,0.914893534777872
CCL28,0.754907983515875,4.22200129566515,1.08765102022053,0.296992253443767,0.914893534777872
DNAL1,-0.774427018974145,4.03051190979506,1.08735166939621,0.29705873906154,0.914893534777872
CASTOR1,-0.8562928056879,3.9964807375794,1.08717374737629,0.297098264475162,0.914893534777872
RER1,-0.21929174739174,7.23575630486644,1.08713334159588,0.297107241568264,0.914893534777872
LZTFL1,-0.994713734512577,4.00020551179606,1.08633455395544,0.297284782511331,0.914893534777872
ATP13A3,-0.374753330825634,5.98354968919812,1.08631204417665,0.297289787575369,0.914893534777872
TBCA,0.224183897089507,8.16175003358055,1.0854032072733,0.297491958458826,0.914893534777872
S100A11,0.274706544480282,9.64624511610371,1.08471916559475,0.297644240077336,0.914893534777872
BAG5,0.380969336963546,5.88033025307405,1.08359111255678,0.29789558643884,0.914893534777872
PPP3CB-AS1,1.02018039205066,3.67194194115131,1.08319483959407,0.297983946439026,0.914893534777872
GNB1L,0.785169689556815,4.19492113887855,1.08265192549304,0.298105058809503,0.914893534777872
MTRF1L,-0.594383992510829,4.62632691486526,1.08236143664514,0.298169886552268,0.914893534777872
AFF1,-0.413357073399095,6.00373102785578,1.08227755668324,0.298188609225479,0.914893534777872
HAUS6,-0.570236918519936,5.14982887212491,1.08210837905681,0.298226375611086,0.914893534777872
COPS6,0.290675990365801,6.68224782617759,1.08192462938895,0.298267401952348,0.914893534777872
USP5,-0.620143520650276,4.88606890450972,1.08191329303434,0.2982699332919,0.914893534777872
ABCF2,0.578296536463604,4.85042091973451,1.08112905711987,0.298445115483558,0.914893534777872
MAST3,-0.679551594066414,4.87823197374181,1.08087642868907,0.298501575646973,0.914893534777872
IPO11,-0.757760549932741,3.86962326199066,1.07903132607034,0.29891435604525,0.914893534777872
UBL4A,-0.596424675537325,5.14622255333157,1.07792710805439,0.299161739270779,0.914893534777872
TCF12,0.509124579296793,5.02085660666133,1.07782098653,0.299185528050388,0.914893534777872
SFT2D3,-0.791675154259689,4.50610044169788,1.07778529140079,0.299193530212112,0.914893534777872
PNPO,-1.04711545017681,3.92584096742158,1.07768218653828,0.29921664588639,0.914893534777872
NUP107,-0.427766885690386,5.37011687907964,1.07736538686,0.299287685411528,0.914893534777872
DNAJC8,0.208037756885124,8.02350901193158,1.07731126467284,0.299299824003262,0.914893534777872
HSPA4,-0.462951666935364,5.96848443173072,1.0765415594565,0.299472523032741,0.914893534777872
ZNF570,-1.11359461494309,3.97137537274233,1.07649062232939,0.299483956336735,0.914893534777872
BOLA2,0.710423551538433,5.0330950183375,1.07582736204714,0.299632882462812,0.914893534777872
SLAMF6,0.478278507835061,5.42823282292414,1.07582576921252,0.299633240226987,0.914893534777872
STK38L,-0.608130889839109,4.68271681990409,1.07522771428729,0.299767607305593,0.914893534777872
GADD45A,0.444034818204036,6.16173806948567,1.07504579243662,0.299808495703866,0.914893534777872
LMAN1,0.287484587693566,6.78541518500137,1.07471787093588,0.299882216832616,0.914893534777872
SS18,-0.342172349490395,6.1460987410171,1.07467567629898,0.299891704444451,0.914893534777872
CASD1,-0.452134950650015,5.47550290106835,1.07383410649159,0.300081015106274,0.914893534777872
TTC7A,-0.481526296583998,5.3464904476955,1.07282487710117,0.300308243663698,0.914893534777872
GPR82,-0.705470728992436,4.76493542553752,1.07249065675503,0.30038354240001,0.914893534777872
SCAMP1-AS1,-0.55980530443767,4.93803441151884,1.07104374204317,0.300709808182506,0.914893534777872
RPS28,-0.143034415101852,12.0997288647546,1.07084118872831,0.300755518490795,0.914893534777872
CSPP1,-0.613651496548744,4.90070716738493,1.07052157997531,0.300827662969318,0.914893534777872
ATP6V0A2,-0.596849234974472,5.24343072770248,1.07043403046846,0.300847429189765,0.914893534777872
SYNRG,-0.317640247995162,7.27480431718784,1.0700714440409,0.300929308845855,0.914893534777872
HAUS3,0.496025601554405,5.31627440656543,1.06982669460701,0.300984594661628,0.914893534777872
HADH,0.52566081549099,4.94487225571629,1.0695440417716,0.301048458668084,0.914893534777872
NELFCD,0.377007191342547,5.82445951813303,1.0687327556488,0.301231861785,0.914893534777872
SLC4A10,-0.841582332917333,4.17661370365462,1.0684110705493,0.301304623293296,0.914893534777872
MCF2L2,-0.64937442169832,4.79868537049904,1.06815232547208,0.30136316492808,0.914893534777872
WDR54,-0.48910124142596,5.54564407856105,1.0681190644683,0.301370691366003,0.914893534777872
PLP2,0.352976183044421,8.04947121829891,1.06787651783368,0.301425583153003,0.914893534777872
COA1,-0.392237975590267,6.1194633356409,1.06695224690084,0.30163487714862,0.914893534777872
STXBP5,0.731180020470142,4.44156318850222,1.06630766589042,0.301780948464823,0.914893534777872
ATL2,0.678019526509655,4.5055043664272,1.06601923016785,0.301846341691717,0.914893534777872
GMDS,0.700610119994407,4.32056267083629,1.06591721399194,0.301869474849427,0.914893534777872
SMAD7,-0.366611341774097,6.43152506966563,1.06579728214932,0.301896673483259,0.914893534777872
PSD4,-0.451664096127727,5.77131158259096,1.06434033669213,0.30222733817672,0.91542646942122
YIPF6,-0.488353608924758,5.23845794128034,1.0640790383397,0.302286691212552,0.91542646942122
HSBP1L1,0.735398467176591,4.22299603991409,1.06033928203804,0.303137815354766,0.917678889329992
SNX12,-0.762450426224728,4.03706187900459,1.05930503160755,0.303373744638084,0.917948382769953
PCYOX1L,-0.618710556160576,4.65473566950778,1.05900782006593,0.303441587285985,0.917948382769953
BRD7,0.234920991301351,7.1717127173724,1.0584617244866,0.303566292270012,0.918000789747552
R3HDM2,-0.312521350908366,6.64403194694885,1.05727122034829,0.303838382406597,0.918498702685288
HIBCH,-0.493839402750748,5.41731718155074,1.05605304424205,0.304117123398752,0.919016361942712
LY6E,0.374581788433031,8.64805728147244,1.0549410373305,0.304371859679343,0.919026273752599
TMA16,0.43344023908122,5.53946107348698,1.05388361752894,0.304614347297631,0.919026273752599
PKP4,-0.718611767610813,4.15622829016611,1.05309697611188,0.30479490212682,0.919026273752599
SND1-IT1,0.832693204126194,4.38519671552916,1.05257011738325,0.304915907455393,0.919026273752599
MOV10,-0.93302168037332,4.30281361947616,1.05252318357812,0.304926689907897,0.919026273752599
ZCCHC8,0.438588355238032,5.61568091630403,1.05236893245078,0.304962130643913,0.919026273752599
MLX,0.390792710167201,5.8775249245929,1.0516143046315,0.305135590776631,0.919026273752599
PDS5A,-0.388325718674571,6.44502251737515,1.05161005803806,0.30513656726767,0.919026273752599
MRTFB,-1.1976670816221,3.85443825016387,1.05121963898469,0.305226360206818,0.919026273752599
DOCK2,0.26096547755175,6.92854256500072,1.05071023552752,0.305343569948944,0.919026273752599
ABRACL,-0.230185678773481,8.13058605886303,1.05043001483346,0.305408071379194,0.919026273752599
BAG1,-0.337175437132018,6.33820793944828,1.05041983162936,0.305410415689687,0.919026273752599
ZNF621,0.604459180470538,4.67830605872074,1.04972565090869,0.305570280374238,0.91918378850083
MOSPD2,-0.739758738125697,4.68687171134995,1.04819498217193,0.305923165188436,0.919835797294341
GLIPR1,0.328200162014319,7.1458854087818,1.04675387721346,0.306255884366065,0.919835797294341
SP110,0.270845507903895,7.45005479995246,1.04611567148651,0.306403381732984,0.919835797294341
CCT8,-0.276179536146912,7.04755126061975,1.04599484375162,0.306431316906535,0.919835797294341
ADI1,-0.346662763650836,6.33954672837732,1.04556971529148,0.306529632153441,0.919835797294341
GRAMD1A,-0.375382254118405,5.95129631946518,1.04555779519565,0.306532389385175,0.919835797294341
RPL21,-0.184754166554057,11.7639917061753,1.04521392935432,0.306611942673942,0.919835797294341
SF3B6,0.210982922469519,7.50232752117135,1.04494378294204,0.306674459763433,0.919835797294341
ILK,0.535217909187727,6.13297189258672,1.04454794185425,0.306766094878559,0.919835797294341
TUBA1A,0.383429043222493,7.61868771523802,1.0441295494271,0.306862989107903,0.919835797294341
FAHD2A,-0.710394239376974,4.61170300080336,1.04299977096699,0.307124829426359,0.920044197998872
HSPA9,0.295144524595083,7.01768009367363,1.04278933961865,0.307173631539737,0.920044197998872
TRMT61A,-0.895499819631508,4.1362850119663,1.04243697245413,0.307255373176603,0.920044197998872
DENND1C,-0.611875436686237,5.19667976937,1.04187099339578,0.307386727275041,0.920115242112858
LRATD2,0.802422301515282,3.85880367959671,1.03947553766578,0.307943479338685,0.920197439431169
SPAG1,0.765739104533256,3.93366760697369,1.03922792453315,0.308001104228679,0.920197439431169
ACADM,-0.400112157516079,5.76499289740493,1.03867042295124,0.308130898068352,0.920197439431169
YKT6,0.756725736630757,4.7404546981991,1.03853637073972,0.308162117810948,0.920197439431169
DNTTIP2,-0.385803175645652,6.09929219211238,1.03838792671234,0.30819669409113,0.920197439431169
APRT,-0.19137544325093,8.49957767164479,1.03763571223114,0.308371980893415,0.920197439431169
SBF1,0.491705344600791,5.29121661177433,1.03728530854163,0.308453678863229,0.920197439431169
SNHG12,0.345480514416679,6.31769730132845,1.03696074648088,0.308529376841087,0.920197439431169
ADAM12,-1.0700256320845,4.71330161007137,1.03675776700396,0.308576730240798,0.920197439431169
EIF4A1,-0.25320720468808,8.39660161150344,1.03610637622168,0.308728758001622,0.920197439431169
RPS27A,-0.155979603968572,12.3499401646572,1.0359285216364,0.308770284304505,0.920197439431169
IL1R2,-0.738986725679564,4.89040685872566,1.0356054022055,0.308845746281459,0.920197439431169
WSB1,0.328066979368849,7.122332080604,1.03552161978789,0.308865316912313,0.920197439431169
PEAK1,-0.855864266854748,4.02409142112534,1.03397140613092,0.309227720385018,0.920197439431169
LPIN2,0.230884386302752,7.40520784300141,1.03266944377805,0.309532515744188,0.920197439431169
HNRNPH1,-0.214895924056352,8.79003562302666,1.03157660957593,0.309788654900244,0.920197439431169
MPV17L,-0.777305119547548,3.90946686479507,1.03120556299428,0.309875683718969,0.920197439431169
ABI1,0.33875596874748,6.725918629292,1.03073575375978,0.309985922914136,0.920197439431169
ARL4A,0.457049969918423,5.99270730370989,1.03014750949555,0.310124024453806,0.920197439431169
STX4,-0.367186527812001,5.95632583654283,1.02998542867589,0.310162090079602,0.920197439431169
SNAPC1,-0.547838212720404,4.77761256489588,1.02928133460549,0.310327521275958,0.920197439431169
THOC7,0.269100836039371,6.69705987056274,1.02886539255297,0.310425303360341,0.920197439431169
MTHFD2L,0.722854423854386,4.16591899475153,1.02780107775223,0.310675691374758,0.920197439431169
ZDHHC2,-0.525121466735985,5.45805372190636,1.02719960254757,0.310817309210416,0.920197439431169
MAPK1,0.334620617227352,6.31247612992832,1.02714277042616,0.310830694726804,0.920197439431169
ATXN7L1,-0.744957361166442,4.83807216756218,1.02667489325076,0.310940921112424,0.920197439431169
PUF60,-0.324626471765593,6.56623391451997,1.02660002878878,0.310958563027539,0.920197439431169
NEDD9,0.326878280906354,6.26679625594234,1.02594925521274,0.311111973667439,0.920197439431169
TES,0.250701809586262,7.09367174118544,1.02509690395195,0.311313052551426,0.920197439431169
PSIP1,0.269184488620723,7.51068274077489,1.02496831045889,0.311343403845789,0.920197439431169
MRPL33,-0.233987529598953,7.43325382151613,1.02434136279054,0.311491434480005,0.920197439431169
SYCE1L,-0.747533138029661,4.35596163366446,1.02317312349591,0.311767516012647,0.920197439431169
PLGRKT,0.415996102450461,5.85889409932642,1.02207851496837,0.312026486439497,0.920197439431169
SMARCD2,0.469178609683089,5.28769367891795,1.02195997093888,0.312054549275377,0.920197439431169
FUCA2,-0.683899987127007,4.32142382105684,1.02114757905066,0.312246954766038,0.920197439431169
NEK8,-0.77805286656306,3.93577631219346,1.0201204091093,0.312490449473066,0.920197439431169
GABPB2,-0.471570340301849,5.32009956113073,1.02001496801226,0.312515458719281,0.920197439431169
ARL6IP6,0.409499200195528,5.91608699846656,1.01999739020247,0.312519628199305,0.920197439431169
NUB1,0.307646868913332,6.99412319944398,1.01973778165328,0.312581216146797,0.920197439431169
ZNF622,0.460300886750732,5.47265491692086,1.01964757957185,0.312602618844722,0.920197439431169
XRCC1,0.467358281784074,4.95822947544888,1.01852449546362,0.312869258803897,0.920197439431169
IFI6,0.497379658193877,7.81721099205601,1.01822039123918,0.312941509566528,0.920197439431169
PAX8-AS1,0.92508432952699,4.53707979798323,1.0177878759627,0.313044306453397,0.920197439431169
PURB,-0.385752835112034,5.67163017224799,1.01772507469065,0.313059236238575,0.920197439431169
STK16,0.521118136049289,4.98284398230684,1.01742093667045,0.31313155230974,0.920197439431169
BMI1,-0.45781372857832,5.26837908919111,1.0171674208326,0.313191848414916,0.920197439431169
RPL5,-0.169789184396803,11.1120555514,1.01643549818186,0.313366013684157,0.920197439431169
EEF1AKMT1,0.789945702434377,4.00473551020923,1.01613336160629,0.313437945723785,0.920197439431169
BBIP1,-0.425328534314265,5.49831658519845,1.01606026496906,0.313455351656473,0.920197439431169
STYX,-0.449533776916422,5.57908698114266,1.01563966542116,0.313555530282252,0.920197439431169
ZNF12,-0.549499764736312,4.94754779378026,1.01516772870176,0.313667986211758,0.920197439431169
INAFM1,0.691238246657496,4.07281585863145,1.01500353209885,0.313707124321828,0.920197439431169
CTSD,-0.331839867245723,6.89130749963119,1.01489841201089,0.313732184228341,0.920197439431169
RBL2,-0.317657237123308,7.35198428805589,1.01485633416458,0.313742216030588,0.920197439431169
SRGAP2B,-0.699974561812091,4.22352267233457,1.01457911478183,0.313808318530253,0.920197439431169
SUN2,0.222013357342402,7.2028908340872,1.01429908540566,0.313875109541519,0.920197439431169
CCDC12,-0.25888632448615,7.26176071654287,1.01390236827561,0.313969764049347,0.920197439431169
TMBIM1,0.419685519243157,5.79832645297177,1.01312723547892,0.314154814098088,0.920197439431169
NINJ2,0.548872398219591,5.15120351169709,1.01304364868366,0.314174777566397,0.920197439431169
GABPB1-IT1,0.691334903878383,5.60797714568212,1.01269487101164,0.314258095843935,0.920197439431169
FBXW4,-0.465159472069157,5.36633234216648,1.01268824368802,0.314259679301655,0.920197439431169
BNIP2,-0.309652140750846,6.30772111695806,1.01241181547161,0.314325735222147,0.920197439431169
CYB5R1,-0.706914432766204,4.87955400830017,1.01222261343518,0.31437095783718,0.920197439431169
FYCO1,0.476077975392624,4.88164282213844,1.01208016522707,0.314405011077043,0.920197439431169
MTRF1,-0.951319765915656,4.10824551122636,1.01205654290562,0.314410658624219,0.920197439431169
NOL7,-0.270684926613971,7.4411390169304,1.0114689088657,0.314551190938436,0.920293679443083
NORAD,-0.364503902739201,6.63582071346622,1.01015774087149,0.314865052150501,0.920570216695822
MINDY2,-0.463304479404026,5.71900586940071,1.00930012430654,0.315070565952739,0.920570216695822
ASAP1,-0.480821243925363,5.73739375461822,1.00927125584715,0.315077486859729,0.920570216695822
TMEM167A,-0.27036915671332,7.36541024534811,1.0089794607887,0.315147452796581,0.920570216695822
TMEM203,-0.413970084005759,5.65295621525439,1.00844125414488,0.315276556059013,0.920570216695822
TSR1,-0.622073762342526,4.73092068448279,1.00837772593552,0.315291799565489,0.920570216695822
NMRAL1,-0.632421495454935,4.99384123429411,1.00637997862148,0.315771648765818,0.921599407323562
MRPS14,0.48412927160912,5.42936508719651,1.00601300702436,0.31585989746848,0.921599407323562
HPS1,-0.396096021541605,5.7362032577576,1.00478480701351,0.316155487919561,0.921852155580341
FOXN3,-0.332111421214614,6.98879211613789,1.00475699728631,0.316162185069781,0.921852155580341
CBX1,0.376175651352227,5.81197121968648,1.00390223955739,0.316368118844981,0.92213810024062
ROGDI,-0.586330148511783,4.76199423470336,1.00264235214918,0.31667197960744,0.922709186661216
DNAJC3,-0.466626149057284,6.24190877938497,1.00182052890142,0.316870393785883,0.922843257710675
COX17,0.229737300523492,7.83057936319438,1.00146437129037,0.31695643213001,0.922843257710675
ATM,-0.312377827249347,7.65494506428999,1.00111096931575,0.317041835056293,0.922843257710675
GOLT1B,-0.543812892291445,5.41501894143667,0.999761317211338,0.317368269003512,0.92347901011267
NPTN,0.395306783656171,5.83870056839308,0.998666500916375,0.317633390884447,0.923683299451919
DGCR8,-0.597877575824971,4.85210689147563,0.998237429530942,0.317737374507648,0.923683299451919
PPP2R2A,0.375224816397186,6.12841107110087,0.998133312323821,0.317762613602538,0.923683299451919
APLP2,0.426254499137167,5.80879576814556,0.997151330813153,0.318000785596759,0.924061426263322
RPS19,-0.154815146586465,12.2116983942562,0.996459701992555,0.318168675422034,0.924235136317693
C17orf49,0.322408376215234,7.83804900279439,0.995917039045374,0.318300485905543,0.924303958561987
GCSH,-0.698707103246827,4.41653503399594,0.994980284453529,0.31852818827845,0.92465109731493
NBAS,-0.613435548304596,5.00892657554522,0.992870891431153,0.319041714421383,0.924852191239448
IQCB1,-0.534088152998047,5.11092775250208,0.992153899318879,0.319216511898442,0.924852191239448
PDLIM2,-0.42090039090593,6.15703116387458,0.99166117127141,0.319336708386199,0.924852191239448
TMEM63A,-0.522714742261478,5.40001653539026,0.990766687473538,0.319555061554562,0.924852191239448
RASA2,-0.314194118301072,6.46043815531233,0.989916530811119,0.319762775945794,0.924852191239448
ZNF302,-0.557828201506917,5.25952281320723,0.989520809965544,0.319859520925629,0.924852191239448
ARIH2,-0.30784287647785,6.39616367334258,0.989456662600361,0.319875207160454,0.924852191239448
DYNLRB1,-0.205047191390814,7.85507019060886,0.989023981332291,0.319981039026365,0.924852191239448
IL2RG,0.146907556997532,9.27389511229079,0.988910888295756,0.320008708658527,0.924852191239448
BTBD9,0.784524014358078,4.16805960144527,0.988314517556713,0.320154670316609,0.924852191239448
RPS7,-0.122670361614347,11.4857868099709,0.987894961272731,0.320257409140961,0.924852191239448
STX16,-0.353770705993421,6.71204633201271,0.987540823906059,0.320344162269818,0.924852191239448
ABAT,-0.6973689122482,4.7811433827229,0.986945390367413,0.32049009550046,0.924852191239448
SLC9A1,-0.686625386224567,4.39315291576831,0.986520102915485,0.32059438163632,0.924852191239448
TMEM229B,-0.840079665391234,3.89477950743518,0.986358477842717,0.320634025963224,0.924852191239448
HARS2,-0.850142689874248,4.10849422481666,0.986282463980633,0.320652673311067,0.924852191239448
CDKN2D,0.363242030766139,6.47169991461604,0.986132767831542,0.32068940020967,0.924852191239448
SNHG1,0.548185406189641,5.33334249769072,0.985830036298392,0.320763690187032,0.924852191239448
PARP16,0.765663363776247,4.16798224005396,0.985593598493242,0.320821727514201,0.924852191239448
DUS4L,0.813746994378144,4.06474887541502,0.985202741692108,0.320917699697275,0.924852191239448
GTF2F2,0.421629895045912,5.53051203859458,0.984189879697798,0.321166576905933,0.924852191239448
TUBB,0.285427446301013,7.39111816742887,0.983463581837446,0.321345196984442,0.924852191239448
ZNF446,0.839756389722909,4.02677066528754,0.983338851871586,0.321375885270805,0.924852191239448
UBE3C,-0.479848062624941,5.63750407156761,0.983035996697627,0.321450415159371,0.924852191239448
SNRPB,-0.198901724160374,8.09134541371286,0.982565954924805,0.321566133238983,0.924852191239448
RIC1,1.69762051114556,4.22489898851326,0.982286266592928,0.321635014858424,0.924852191239448
EDEM2,-0.490376344997992,5.23464925251657,0.98191807498346,0.321725722702478,0.924852191239448
FAM120AOS,-0.384710575657123,5.8872625966413,0.981312540046146,0.321874975872754,0.924852191239448
HSBP1,0.301968994677319,6.62737673006259,0.980693091971355,0.322027752810973,0.924852191239448
GPR171,-0.384546286699983,7.2712918164718,0.979737830675575,0.322263540114501,0.924852191239448
RPL18A,-0.138819083312791,12.0158121636648,0.978654440037513,0.322531229155878,0.924852191239448
LSM12,-0.310216338505408,6.16641003743756,0.977770278929463,0.322749909026053,0.924852191239448
KAT7,-0.41683803122765,5.57045908883468,0.977659426601853,0.322777339966272,0.924852191239448
IRF4,0.787753563928328,5.70946928225176,0.977656962629641,0.322777949722956,0.924852191239448
ABCD2,-0.698840325697064,4.51022903478705,0.977379531508671,0.322846615038129,0.924852191239448
CDC42SE2,0.160334277297771,8.23546045169943,0.977176047872057,0.322896990305888,0.924852191239448
DIS3,-0.384150038676466,5.78553581373505,0.976442755798912,0.323078613240717,0.924852191239448
PGBD2,-0.897874996645053,3.95501482227584,0.974163628236521,0.323643972650393,0.924852191239448
PI4K2A,0.680983631327082,4.27574885906303,0.973815840258872,0.323730359624307,0.924852191239448
PLEKHA1,-0.473008328951623,5.54978529385231,0.97376962027351,0.323741842487769,0.924852191239448
TRG-AS1,0.388284726596829,6.81427041883546,0.973527700498305,0.32380195365791,0.924852191239448
RWDD4,-0.479578958444383,5.18348898777934,0.97267455946033,0.324014056117791,0.924852191239448
ZNF264,-0.457425031171049,5.46290845615527,0.972120710378359,0.324151848784196,0.924852191239448
RPS25,-0.131658607292738,11.4562959928601,0.97179524281321,0.324232858301919,0.924852191239448
RPL12,-0.127118775126023,11.7282691887383,0.970830057758919,0.324473252120325,0.924852191239448
LCP1,0.187261919865333,9.26504124914399,0.970716614460329,0.324501522343765,0.924852191239448
RPUSD2,-0.815886155188688,4.03590910732378,0.970156837769675,0.324641067130206,0.924852191239448
SLC12A6,-0.480200192735804,5.30471764318447,0.969578202317191,0.324785396544917,0.924852191239448
GRAP,-0.879645507761705,4.29288278911847,0.969308476756556,0.324852703355321,0.924852191239448
RPS5,-0.153067591373508,10.7828319631032,0.968823686078508,0.324973723484002,0.924852191239448
ARHGAP45,-0.24258061295625,7.20121349725946,0.968681384143039,0.325009258172053,0.924852191239448
GCC2,-0.18534885060544,7.9465220527222,0.968058300106637,0.325164911078368,0.924852191239448
ITGA1,0.369423910187843,5.75618443720061,0.968045709736586,0.325168057300592,0.924852191239448
LCP2,0.212493430250739,7.90492414125501,0.967501910406598,0.325303986386734,0.924852191239448
MZT1,0.378503267922665,5.6751947650054,0.967424442551795,0.325323356511337,0.924852191239448
ARL5B,-0.710264363713093,4.51738067951393,0.96706995539547,0.325412012233751,0.924852191239448
RHOT2,-0.45242082061867,5.55848742959874,0.966652465398514,0.325516465694185,0.924852191239448
AGTRAP,-0.550358086835964,5.79635510245829,0.966528802523417,0.325547413910595,0.924852191239448
EEF1B2,-0.238429452686058,10.1671935727744,0.966041609575331,0.325669378072075,0.924852191239448
ELL2,-0.775072115799075,3.80359281588784,0.965014053255306,0.325926815464317,0.924852191239448
NOL11,-0.458344051132985,5.2794632322127,0.964902743339412,0.325954718507539,0.924852191239448
SNAPIN,0.4100551276894,5.4444021927426,0.964410796351228,0.326078077102592,0.924852191239448
SLC25A25-AS1,-0.914164653925501,3.8302023806431,0.964078928987217,0.326161329708507,0.924852191239448
ANAPC11,-0.227625709820828,7.26849483630962,0.963462084401787,0.326316146802488,0.924852191239448
PSAT1,-0.75906475178617,4.48056786241428,0.96337421951991,0.32633820725363,0.924852191239448
PPIE,-0.359628511180873,5.87238375420635,0.963139816877948,0.326397068963661,0.924852191239448
CEP57,0.417320916067036,6.20668268855393,0.962950687025359,0.326444572307819,0.924852191239448
CDCA4,0.545139718365662,4.88040796686035,0.962781880615209,0.326486978790685,0.924852191239448
SGK1,0.833166835861051,4.90421562509851,0.961966427242753,0.326691934655556,0.924852191239448
NCOR2,-0.434701086645203,5.70070450872769,0.961783018129371,0.326738056140344,0.924852191239448
RNH1,-0.290002615567042,6.76071664093182,0.961749593874448,0.326746462193306,0.924852191239448
ARMC6,-0.713118157903667,4.38894297154919,0.961541332122568,0.326798845562969,0.924852191239448
CWF19L1,-0.622254107180193,4.8576991396892,0.960906853512904,0.326958502421245,0.924852191239448
ITGB3BP,0.492665470965731,4.84671253315164,0.960720589832437,0.327005392460881,0.924852191239448
GMFB,0.467480405608075,5.13977338268006,0.960636206696945,0.327026638014307,0.924852191239448
LZIC,0.398952655479415,6.00312161320713,0.959469300208848,0.327320623442205,0.924852191239448
U2AF2,-0.444864257473073,5.73414754980535,0.958942825215491,0.327453376005026,0.924852191239448
SHOC2,-0.313685053555237,6.34918948541103,0.958320231355636,0.327610457441667,0.924852191239448
B3GAT2,-0.552312779696132,4.8300477442539,0.958261317615793,0.327625326648658,0.924852191239448
MRPS16,0.309983773222943,6.10570521722456,0.958118615119687,0.327661346964716,0.924852191239448
IFNAR2,-0.385272906080557,6.08784711844751,0.957807770002965,0.32773982726249,0.924852191239448
GFER,0.512902133499922,5.35298277359752,0.957444726006628,0.327831517988299,0.924852191239448
ARID3B,-0.614376421794882,4.92969216196613,0.957323384403868,0.327862171722839,0.924852191239448
TRBC1,0.311713739020412,9.47014006201696,0.956514742422179,0.328066550798896,0.924852191239448
CAPZA1,0.191711770828352,8.19809720215085,0.956237613400088,0.328136632277156,0.924852191239448
EXOC3,-0.440645883720087,5.33924770312165,0.955880118656252,0.328227066303843,0.924852191239448
ULK2,-0.742114429887972,4.21062864047349,0.955499050163031,0.328323500114783,0.924852191239448
TLN1,0.245180525562678,8.16042534245784,0.953938069846341,0.328718917153297,0.924852191239448
FBXO46,0.64429799245319,4.27780237555498,0.953869539077125,0.328736291392753,0.924852191239448
PRMT6,-0.796472575934962,3.77654146949348,0.953630233519036,0.32879697081641,0.924852191239448
TTC9,0.618090252612494,4.61455355392393,0.953430269777943,0.328847685955274,0.924852191239448
ZBTB37,-0.557768604493985,4.93196744137686,0.952967789890325,0.328965020687788,0.924852191239448
ABHD12,0.502578719961528,4.88030244868358,0.952577517625173,0.329064079054835,0.924852191239448
ECPAS,0.443414091816377,5.17440467631222,0.952315082248056,0.329130712322447,0.924852191239448
APOBEC3H,0.60276907919847,5.69900584644043,0.951759514978718,0.329271831966456,0.924852191239448
FAM8A1,0.650887120206212,4.34343844407415,0.951407017444719,0.32936141155712,0.924852191239448
MYLIP,-1.0041667186636,4.63040576534548,0.950700466068579,0.329541063782653,0.924852191239448
TMEM161B,-0.449990269704732,5.33206151703253,0.949451270856457,0.3298590109243,0.924852191239448
ERMP1,-0.638148671011983,4.51395405296144,0.948014442685768,0.330225219295158,0.924852191239448
PNRC2,-0.247428598159082,7.0454726221297,0.947809074132181,0.330277606307747,0.924852191239448
CHORDC1,0.396017782084532,6.58769932909497,0.947219525107009,0.330428054508808,0.924852191239448
PLEKHA2,0.307818885793447,6.36369994655111,0.946570137968495,0.330593878470983,0.924852191239448
TOX2,-0.724591839086051,5.55199934965492,0.946514550553303,0.330608078115224,0.924852191239448
DENND4C,-0.488809246619653,5.25051044223296,0.946448918675859,0.330624844633156,0.924852191239448
UBE3B,-0.577366563741103,4.55783914187013,0.94607404238373,0.330720633358708,0.924852191239448
GBP5,0.322133318069275,7.37238066466025,0.945904432194453,0.330763984442048,0.924852191239448
B3GALT2,-0.96562123013555,4.55628139866322,0.945583361641017,0.330846068363087,0.924852191239448
GADD45GIP1,-0.307238868927343,7.16283297386911,0.944156971772506,0.331211062890371,0.924852191239448
UBQLN1,-0.29727896775083,6.23092047143542,0.94291255950275,0.331529929813629,0.924852191239448
TRIB1,0.501492793068544,5.09493199601385,0.942702719474209,0.331583739291706,0.924852191239448
TRRAP,-0.434196448997839,5.63219503280507,0.942069571105616,0.331746168666296,0.924852191239448
TNFAIP8L2,-0.52871221170294,4.72438741806291,0.941808701215887,0.331813123682132,0.924852191239448
NUDCD1,-0.600328167283121,4.53860333894957,0.941137143879551,0.331985568843269,0.924852191239448
CCT4,-0.304411894295241,6.99243871903005,0.941048334359696,0.332008382646162,0.924852191239448
SIPA1L3,0.878458603530418,3.80537610515415,0.940641744044951,0.33211285614651,0.924852191239448
KCTD9,0.468912105494466,5.13447465051197,0.940634301675898,0.332114768873788,0.924852191239448
CIB1,-0.168248135375681,8.50661075199074,0.940260037033719,0.332210975760312,0.924852191239448
GPD1L,-0.863979661385595,3.84089488292701,0.940208590427726,0.332224203311764,0.924852191239448
PDCL,-0.517449431275372,5.16315526146395,0.940193591589869,0.332228059828566,0.924852191239448
AGPAT1,-0.523085025834793,4.99696492758712,0.939736177196419,0.332345699364467,0.924852191239448
TMOD3,0.233620021469597,7.51884920120238,0.938573115346273,0.332645070221322,0.924852191239448
OASL,0.556630975674874,6.14395359932675,0.937861134007285,0.332828510944536,0.924852191239448
SGSH,-0.6751879845443,4.36064539534027,0.937359070337223,0.332957947898445,0.924852191239448
RPL27,-0.173813738985671,10.4886289111118,0.937229236112595,0.332991431368654,0.924852191239448
BID,-0.464626288813278,5.6344311575785,0.937158395683845,0.333009702586198,0.924852191239448
ZNF800,-0.331089685814358,6.17142795515984,0.936907910766561,0.333074318576643,0.924852191239448
DEPDC5,-0.810539942403321,4.33252171545858,0.936895304792392,0.333077570901267,0.924852191239448
PABPN1,0.254150380405749,6.89228917626031,0.936724584679414,0.333121620637801,0.924852191239448
CDK13,0.362393646451372,6.852308066976,0.936482740577363,0.333184035316763,0.924852191239448
SLC25A46,0.55123256996804,5.27097046631355,0.936230254110939,0.333249213211413,0.924852191239448
SENP5,-0.388293757042993,5.56415506110072,0.934941167825714,0.333582248655761,0.924852191239448
RPS6KA1,0.414888600255425,5.84166773036486,0.934735507767918,0.333635422027207,0.924852191239448
EIF4B,-0.249943461324507,7.76065602666574,0.934167447374682,0.333782352761101,0.924852191239448
PPP3CC,-0.487095718356675,5.29570394179777,0.933918336334397,0.333846813428281,0.924852191239448
BIVM,-0.789544198504521,4.23658554303242,0.933785675541607,0.333881147889766,0.924852191239448
CHD8,-0.354849328406998,6.1487609261655,0.933538952653732,0.333945015754552,0.924852191239448
ANKRD52,-0.608684195969522,4.26960618297875,0.933061737393876,0.334068596294136,0.924852191239448
JKAMP,-0.412671007856537,5.54108379545017,0.931946404647832,0.334357663285114,0.924852191239448
IL4R,-0.518553603969622,5.62192790023497,0.931918449412279,0.334364912891958,0.924852191239448
IRF2,0.249164343299717,7.34360086995476,0.931889911145179,0.334372313912552,0.924852191239448
SPG11,-0.419452403442229,5.8116319207614,0.931621673318421,0.334441888532016,0.924852191239448
LINC01278,0.684627537032487,3.81886991645639,0.930136737872395,0.334827396350409,0.924852191239448
SNAP23,0.386898090318429,5.87176892397871,0.928908743830348,0.335146647935701,0.924852191239448
JUNB,0.369634420610529,9.37107448105592,0.928760078825071,0.335185325208089,0.924852191239448
ITPRIPL1,-0.603492462636781,4.65624176306064,0.928402411744662,0.335278401747949,0.924852191239448
RAB30,-0.95192549190172,3.99761569137594,0.928267915726551,0.335313410906546,0.924852191239448
FAM78A,0.462163749881541,5.72885863659135,0.927815700237943,0.33543115795138,0.924852191239448
CCNI,-0.169909284162279,9.00300085639068,0.92763488923795,0.335478252672319,0.924852191239448
FKTN,0.766990445595916,3.87965869051346,0.927157024984812,0.33560276161476,0.924852191239448
ACACA,-0.892557795936461,3.92967260128621,0.926887445885363,0.335673028530275,0.924852191239448
IDH2,0.334042108335594,6.5087707125793,0.926563061306057,0.335757606827708,0.924852191239448
LYSMD3,0.458723740343118,4.99820995896472,0.925891471624523,0.33593280421209,0.924852191239448
USP47,-0.304022870505756,6.42950830228263,0.925783079078546,0.335961092010122,0.924852191239448
PBX4,-0.463448331680048,5.31552319105836,0.925500039350638,0.33603497348099,0.924852191239448
TBCK,-0.7793250290742,4.31031861739354,0.92527496816788,0.336093739030559,0.924852191239448
MORN3,-0.78370766466394,4.13633671193562,0.925068809371522,0.336147578677073,0.924852191239448
HEATR1,-0.508417535792524,4.960275702313,0.924939719322442,0.336181297223234,0.924852191239448
RPL7L1,-0.313641650009382,6.37086605824136,0.924818762559944,0.33621289545128,0.924852191239448
EID2,0.550879191332826,4.79559025180627,0.924223575972352,0.336368437409179,0.924852191239448
CAMK2D,-0.447045665192809,5.56330393916701,0.923962429852853,0.336436713957548,0.924852191239448
BCKDK,-0.725653660688882,4.45435290159592,0.92360937508704,0.336529049503796,0.924852191239448
TMTC4,-0.783739724831947,3.87733616421247,0.923600118651796,0.336531470825709,0.924852191239448
MTHFR,0.580696162017683,4.8584067814675,0.9235074139315,0.336555722050091,0.924852191239448
PIGX,-0.463353105406632,5.23296525573571,0.923405450247401,0.336582398090293,0.924852191239448
TRAP1,-0.721666132060777,4.67492819557217,0.922914944851655,0.336710765162719,0.924852191239448
HNRNPH2,-0.342878721996697,5.91357346019335,0.922713176845196,0.336763587637113,0.924852191239448
EIF4E2,-0.30964397517215,6.30326610127339,0.922664152121909,0.336776423891834,0.924852191239448
GLB1,-0.585868285076898,4.84178989402567,0.922157105162157,0.336909223619473,0.924852191239448
SMIM10L1,0.321683605469624,6.04969158905987,0.921927767320431,0.336969312119456,0.924852191239448
COPS3,-0.461582594691726,5.70934084905725,0.921643651789307,0.337043772771369,0.924852191239448
KDM2B,-0.44973715514749,5.19358101943223,0.921317670556421,0.337129232708937,0.924852191239448
ATP11C,-0.667949613123224,4.44081160187099,0.920950861853321,0.337225430803019,0.924852191239448
PIAS3,0.783367540576117,4.13623994670515,0.920217332085022,0.337417914430448,0.924852191239448
SKP1,-0.160078054612648,8.79039806119779,0.920204751171152,0.337421217040103,0.924852191239448
NR2C1,-0.689536010065574,4.54366536838683,0.918421541189495,0.337889765592551,0.925107032940775
PCNP,0.272208114877111,6.96345123311717,0.918388795442077,0.337898377882953,0.925107032940775
NINJ1,-0.544586453407509,5.731161106603,0.918224278361158,0.337941651130884,0.925107032940775
ERGIC1,-0.461260315808479,5.40626021171542,0.917748672879071,0.338066792399331,0.925107032940775
TMEM218,-0.531989735626054,4.67099551341223,0.917370792819,0.338166264504311,0.925107032940775
DCAF11,0.344572302699914,5.85913434830047,0.917302185163459,0.338184328807876,0.925107032940775
TKFC,0.755636624928524,4.07875874564432,0.916970500743224,0.338271679140585,0.925107032940775
MANF,-0.312935720743913,6.57155620986833,0.916226815824425,0.338467641463515,0.92530670015873
RPL32,-0.150707101799992,12.2963637136814,0.915611520957574,0.338629888015095,0.92530670015873
TENT4B,-0.470494428660249,5.2617886050802,0.915461753704333,0.338669395811986,0.92530670015873
DBNDD2,0.682091803591753,4.19670722029115,0.91429717924661,0.338976815640398,0.925850733836984
HSH2D,0.547959903136556,5.15871379837749,0.913493806158684,0.339189105481721,0.926134673511094
RPP38,-0.421208151259684,5.47114383076633,0.912845581478429,0.339360527899619,0.926172808249643
RASA3,-0.557707963522842,5.08151491172469,0.912606597396231,0.339423756396632,0.926172808249643
AREG,0.710874073881665,4.26903009426716,0.912212406261013,0.339528082940037,0.926172808249643
TRAPPC12,-0.509473187633695,5.03254886237079,0.911597595858376,0.339690884600813,0.926271863366015
SAMSN1,0.296256562985893,7.59996264366381,0.910756099698332,0.339913882796727,0.926271863366015
RPL38,-0.140530923237565,11.0022280527725,0.910198054737247,0.340061874433361,0.926271863366015
LETM2,0.80061775137785,3.84257669513065,0.9101884667881,0.340064417882307,0.926271863366015
SLC2A4RG,-0.363378745398896,6.29871302986435,0.909951912649202,0.340127178028057,0.926271863366015
NRIP1,-0.577812669886373,5.37918197413428,0.909336522683791,0.340290520067642,0.926271863366015
ZHX2,0.5665293310639,4.50937289602158,0.909214820670506,0.340322835750691,0.926271863366015
ANXA11,-0.274168888115197,7.20742996657197,0.908765070664975,0.340442294248974,0.926302092149739
VPS36,0.327780269412358,6.56241538204677,0.907350769048218,0.34081831613063,0.92687707470522
ARL17B,-0.672645291686968,4.32863671690145,0.90715482767758,0.340870455360067,0.92687707470522
PLIN3,-0.596168056396885,5.04152931139124,0.906547366779293,0.341032166597414,0.927021937119647
KCTD2,-0.865967679216588,4.29071704113742,0.905958751601254,0.341188959514097,0.927153342303247
GTF2H5,0.286102799582904,6.46790262976746,0.904431090853958,0.341596344879909,0.927508044771731
PPP1R16B,-0.515224324101297,5.62807228985753,0.903402844431145,0.341870919227985,0.927508044771731
RBBP7,-0.393625023641073,6.13956591189213,0.903300724633503,0.341898204683637,0.927508044771731
ZMYND8,-0.387440109906106,5.92541008762101,0.903193578034617,0.341926836409621,0.927508044771731
STK17B,0.132267440884563,9.05457142618285,0.903098968602418,0.3419521206397,0.927508044771731
STK10,-0.249935690583632,7.10574539812566,0.902821266011221,0.342026350803337,0.927508044771731
ATG2A,0.74017467554854,4.814135295496,0.90262457054099,0.342078940831123,0.927508044771731
LRBA,-0.445297459563068,6.12778917472276,0.901055350680402,0.342498890402266,0.927978513894104
ITPR3,-0.606912719162929,4.85082304383939,0.900405108292205,0.342673109958302,0.927978513894104
LDHA,-0.247513986380363,8.34040107553888,0.900154162625388,0.342740377850048,0.927978513894104
DIS3L2,-0.81393904257058,4.75215102787309,0.899928260905504,0.342800947761824,0.927978513894104
RICTOR,-0.261266765605117,6.97446241957334,0.899699944755055,0.342862179720702,0.927978513894104
ITPKB,-0.370893030871204,5.80637691211553,0.8995449871873,0.342903746097962,0.927978513894104
GNAQ,-0.516602008643779,5.17707539685981,0.899071679001089,0.343030750114745,0.9280284439022
UBA52,-0.147010762882533,11.1694710777835,0.897327308864941,0.343499370157546,0.928861215252005
UBN1,0.325906102883637,6.09043142507607,0.897117200426258,0.343555873508813,0.928861215252005
PSMB8-AS1,-0.324445691529103,6.71196681047796,0.895851361476021,0.343896554689384,0.929488348415917
CCDC146,0.775311199257074,4.17969730287048,0.89504473268617,0.344113884616973,0.92978179506653
RGS9,-0.719476306379211,4.50566259983402,0.894011386653734,0.344392570257341,0.929818565458202
MYEF2,0.592050633496437,4.59497346095999,0.894005425307743,0.344394178872417,0.929818565458202
LIMK2,-0.712037226486539,4.35603530789862,0.893580325723558,0.344508914329605,0.929818565458202
CPTP,0.842819065396803,4.2379934943446,0.893381679660458,0.344562547124995,0.929818565458202
NDUFB1,-0.185821267000525,8.03570790633387,0.89275499521537,0.344731820760575,0.929952446523684
VCPKMT,0.655807300966544,4.39703204467371,0.892168917569215,0.344890227890815,0.929952446523684
RCBTB1,-0.572861735038525,4.4308367753175,0.891252775628004,0.345138043286349,0.929952446523684
MCUR1,0.435226941246102,5.19838329323848,0.890894195385879,0.345235104455121,0.929952446523684
N4BP2L1,0.411644341162353,5.66570556426099,0.890788863349865,0.345263622945828,0.929952446523684
SAFB2,-0.320858308094186,6.14737018360576,0.890784390883892,0.345264833929837,0.929952446523684
PARP10,0.393788570082645,5.8976591798721,0.890236000760742,0.345413361959372,0.930059474453755
NGDN,-0.445912575586472,5.27800731903659,0.889371563229108,0.345647665118496,0.930210014940493
TADA2A,0.623494957997615,4.47889604129663,0.888633359177856,0.345847923450334,0.930210014940493
RBM5,-0.255251337096793,6.64240727685143,0.888552897575542,0.345869760387353,0.930210014940493
TRAF3IP2-AS1,0.815627889101321,3.94326709217255,0.887742138582944,0.346089901179464,0.930210014940493
CYSTM1,-0.571126053701242,5.44319100118146,0.887632144364208,0.346119781905624,0.930210014940493
GNA15,-0.536667143386656,5.2256531858592,0.887536840095839,0.346145674826332,0.930210014940493
MINK1,-0.499586429806061,4.95644075018994,0.886982120205373,0.346296437052586,0.930210014940493
RPIA,-0.516805520208062,5.32511012490736,0.886555310059656,0.346412496432218,0.930210014940493
AKAP10,-0.447802447504101,5.21096890839503,0.885659604703406,0.346656230522882,0.930210014940493
NSUN2,-0.579728727376684,4.84772200755375,0.883335790682558,0.347289658175498,0.930210014940493
TAF1D,-0.222009831854107,7.67121549768832,0.883304269597073,0.347298261012293,0.930210014940493
CTSA,-0.327996813493139,6.23034452228487,0.8829822371336,0.347386167721969,0.930210014940493
KLC2,-0.723351105180261,4.35704721926985,0.882874910330123,0.347415471928833,0.930210014940493
PSMA3,-0.270873439792459,6.73516213184706,0.882452340672375,0.347530881757274,0.930210014940493
HMGB3,0.642564202232681,4.28156485817833,0.882265477564841,0.347581933337979,0.930210014940493
HMGCR,-0.464613257632689,4.97503081346489,0.882003158495845,0.34765361689346,0.930210014940493
BAP1,-0.700455995479143,4.41924715514925,0.881541685640563,0.347779771620491,0.930210014940493
HADHA,0.272080788901737,7.27809945584986,0.880749362118616,0.347996517323407,0.930210014940493
FBRSL1,-0.616161684386605,4.87048920242533,0.879967280275569,0.348210641236588,0.930210014940493
LCK,-0.187014815160023,8.23202960477357,0.879809014321443,0.348253994176085,0.930210014940493
SMARCA5,-0.222181368849672,7.36100482354031,0.879743246812486,0.348272011671148,0.930210014940493
FAAP20,0.273780073493225,6.53507575906545,0.878904737428011,0.348501838527064,0.930210014940493
RHOF,-0.213309946573367,7.2746692164405,0.878442991158893,0.348628486431473,0.930210014940493
PAFAH1B2,-0.378456168159903,5.77754903273914,0.877670550396903,0.348840491559334,0.930210014940493
TM9SF2,-0.299151922580058,6.41043845824693,0.875382844436068,0.349469407368144,0.930210014940493
ERVK3-1,0.374121549517822,5.6473470827289,0.874426505604257,0.349732772563755,0.930210014940493
LAMP1,-0.280373885825266,6.74334826758052,0.873882792252665,0.349882625641571,0.930210014940493
PIBF1,-0.487094558696349,5.11065210099899,0.873490848229746,0.349990703701972,0.930210014940493
C22orf39,0.378422498904579,5.74553491691723,0.873460491358646,0.349999076465671,0.930210014940493
OAS3,0.656833904136465,5.40417797019025,0.873205141341913,0.350069515640116,0.930210014940493
SSR3,-0.22869197641095,7.09378235543947,0.873168581780638,0.350079602298846,0.930210014940493
ITGA5,-0.697045970109962,4.52238079253045,0.87311456197096,0.350094506904818,0.930210014940493
KCTD5,0.641821104489533,4.53135076413514,0.872818621215309,0.350176175248639,0.930210014940493
PRPF8,-0.281314344824972,6.65707915986383,0.87266809600853,0.350217724405031,0.930210014940493
FEZ2,0.529625820894401,5.16731990930514,0.871974546637098,0.350409250102275,0.930210014940493
NCALD,0.682483900631409,4.57608602001119,0.871794921506794,0.350458877358168,0.930210014940493
AREL1,-0.73094342447879,4.28556323163197,0.869936706117015,0.35097283165558,0.930210014940493
TSPYL4,-0.614355025237621,5.1015116195547,0.869782483786683,0.351015533352868,0.930210014940493
TBC1D19,-0.636438632588567,4.17857971349665,0.86949580405263,0.351094929198887,0.930210014940493
SDHA,0.334860238481459,5.96579931550739,0.868411061221558,0.351395569917727,0.930210014940493
CRACR2A,-0.54437892336832,4.7577149804597,0.868405454598697,0.351397124726491,0.930210014940493
TRIM73,0.408529595315696,5.2968668159387,0.868013021040735,0.351505976313937,0.930210014940493
RNF2,-0.537995341296098,4.71235693130069,0.86775592277613,0.351577314084977,0.930210014940493
SGF29,0.507551213279762,5.13786304221313,0.866726384517524,0.351863180824193,0.930210014940493
THOC5,0.496557624202117,4.73304387663175,0.866447687935434,0.35194061962751,0.930210014940493
TAF15,-0.264699926489319,6.82632619976281,0.866136860081914,0.352027013869907,0.930210014940493
SDHAF1,0.440493351643027,5.22040179491461,0.865111686131522,0.352312164954122,0.930210014940493
KIAA0753,-0.801339496694431,3.78235666708856,0.86508649384673,0.352319176129245,0.930210014940493
MVD,-0.625415567668123,5.30555314726357,0.863533982001869,0.352751617918789,0.930210014940493
ALKBH3,-0.779538622263279,4.31591953388403,0.862859006028852,0.352939853978639,0.930210014940493
LANCL2,0.813280176920762,3.89064589826694,0.862406565670861,0.353066106511738,0.930210014940493
TMEM71,-0.481566561265002,5.01904787086172,0.862236914172575,0.353113463307762,0.930210014940493
PLEKHA3,-0.409959345042977,6.28938964063016,0.862071619973243,0.353159612145579,0.930210014940493
FAM204A,0.249228917742224,6.97285689390022,0.861760298961986,0.353246552892679,0.930210014940493
RSL1D1,-0.297195283318478,7.31220837733551,0.861129950562479,0.353422676062306,0.930210014940493
SENP6,-0.259584791550844,6.64194159631205,0.861081224316212,0.353436295466708,0.930210014940493
TEX10,-0.706311219691442,4.19427401534408,0.86050331702047,0.353597880230691,0.930210014940493
POLR2F,0.254216900189125,6.59722643453951,0.86010362730814,0.353709693842931,0.930210014940493
BRAT1,-0.594298193430518,4.58756682242992,0.859554734602126,0.353863325923184,0.930210014940493
CAMK2N1,0.681619851253571,4.22206001142261,0.85948058955195,0.353884085712317,0.930210014940493
OXLD1,-0.411175036527742,5.89687078843356,0.858317694213156,0.354209901464653,0.930210014940493
EMC6,-0.274104369464778,6.58231831610642,0.858153783474943,0.354255858356878,0.930210014940493
TCAIM,-0.595776338826764,4.41718760537445,0.857990595127646,0.354301620809172,0.930210014940493
HSPA13,-0.573251789125349,4.67805692296076,0.85783550448733,0.354345119938766,0.930210014940493
PPP2R1B,-0.592614014032917,4.48516527533953,0.857412118209631,0.354463906631346,0.930210014940493
GLRX5,0.300249473433994,6.23124029482547,0.85722740733492,0.354515746810442,0.930210014940493
ZNF786,-0.910988584175097,3.86111182906947,0.856778611102627,0.354641747308701,0.930210014940493
USE1,-0.449697493746551,5.6136665020393,0.856463028055426,0.35473038462009,0.930210014940493
TRMU,-0.547150949457804,4.8279170550149,0.856184001984289,0.354808779487285,0.930210014940493
DNASE1,-0.469688920876773,5.40851109302773,0.856041870256059,0.35484872178198,0.930210014940493
GPR65,-0.332638925030538,6.7734817845986,0.854733976853236,0.355216559100258,0.930210014940493
JOSD1,0.307195090345012,6.15298384327425,0.854577175405975,0.355260693626387,0.930210014940493
NDE1,-0.398603302148359,5.56985166842634,0.854460691940972,0.355293484808532,0.930210014940493
UBE2J1,0.369166712579848,5.60658501923066,0.854319616362984,0.355333204450268,0.930210014940493
ATG4B,0.466827197117112,5.29600017606895,0.854173372853351,0.355374385536274,0.930210014940493
ELK4,-0.317007983667724,6.41737299428613,0.854061452873646,0.355405905786853,0.930210014940493
MAPK7,-0.847098417252603,3.94096538865739,0.85388295515823,0.355456184384198,0.930210014940493
CERS2,-0.391441738395419,5.95722431666519,0.853615713149388,0.355531478371168,0.930210014940493
KIF1B,-0.609008953901688,4.70312741217268,0.8534459433014,0.355579321454006,0.930210014940493
INTS8,-0.532585213119671,4.89181376332747,0.853066250753777,0.355686355079528,0.930210014940493
S100A10,0.264270176099591,9.84783737849726,0.851212467672925,0.356209562714433,0.930210014940493
LTBP3,-0.452622992857577,5.30251203819404,0.850936410464811,0.356287566722754,0.930210014940493
CYBC1,0.325063303114934,6.47845350114465,0.849930926008721,0.35657187919642,0.930210014940493
NCOA2,-0.370527885523656,5.76281750551817,0.84985445468627,0.356593515086526,0.930210014940493
MIR181A1HG,0.739164882597214,4.35617132523433,0.849833867803856,0.356599340002802,0.930210014940493
ZCCHC3,0.469407994128452,4.79468497221942,0.849024512071352,0.356828445093689,0.930210014940493
PHF6,-0.408579602846826,5.55530494798161,0.848341129804217,0.357022048033785,0.930210014940493
ZNF649,0.807695201396612,3.83221972011508,0.847438106756211,0.357278096617839,0.930210014940493
RAB4B,-0.522852964633711,5.58037821126604,0.847136390047286,0.357363703367374,0.930210014940493
ZDHHC13,0.660877641173662,4.68180725236228,0.847123814654555,0.357367272022674,0.930210014940493
IP6K2,0.474735076470226,5.84618667757801,0.846703266392542,0.357486643738809,0.930210014940493
CDC34,0.431335566597948,5.57240573540659,0.846364955469124,0.357582712305764,0.930210014940493
TBC1D7,0.704473813918331,4.46325460782533,0.846274244587281,0.357608477076926,0.930210014940493
ZNF34,0.759856726536529,3.87490875114404,0.845641324863784,0.357788317354685,0.930210014940493
RUVBL1,0.3767221248961,5.71123375517762,0.84537540893821,0.357863912803908,0.930210014940493
VOPP1,-0.319664110445196,6.4113086999704,0.845363140609146,0.357867401014101,0.930210014940493
ACAP1,-0.175057815237047,8.00119164220899,0.845205086213939,0.357912344233366,0.930210014940493
KMT5B,-0.321592158433233,5.98199442456396,0.845058712981663,0.357953972796633,0.930210014940493
MAN2A2,-0.571220192626974,4.8436839000989,0.844985688316832,0.357974743506502,0.930210014940493
TCF7,-0.466623144040905,6.86110759776689,0.844695415100951,0.358057323503457,0.930210014940493
SLC35E4,0.825471973459169,3.92331389814715,0.844504738286009,0.358111583507442,0.930210014940493
CREBBP,-0.309690038734303,6.15374476356384,0.844416080063226,0.358136816408965,0.930210014940493
SFR1,-0.915087875477169,3.99660558495869,0.844281345642113,0.358175167675504,0.930210014940493
NDUFB8,-0.206833270333885,7.92196382600744,0.844155580615277,0.358210970956018,0.930210014940493
B2M,-0.0848017813618711,13.9249711419279,0.844022607522067,0.358248831606859,0.930210014940493
TMEM120A,0.529266986048465,5.30594836092509,0.843962182822914,0.358266037795343,0.930210014940493
IKZF2,0.40180563775314,6.12612896503776,0.843397603601176,0.358426859017024,0.930210014940493
GPALPP1,0.424964504625594,5.39042842545695,0.843282999204597,0.358459516363814,0.930210014940493
ATP13A1,-0.594088240019236,4.83598719542399,0.84272970277463,0.358617239722929,0.930210014940493
E2F4,-0.370070347620484,5.77589719620079,0.842639723045005,0.358642898475085,0.930210014940493
RBM6,-0.240549452920562,6.87472206952317,0.842577208739296,0.358660726632721,0.930210014940493
MAP4K5,0.573225366944981,4.91735713524031,0.842471510455354,0.358690872996071,0.930210014940493
BCL2L1,0.458589117738325,5.67841423276664,0.842246632487875,0.358755022366428,0.930210014940493
SLC52A2,-0.360525386617899,5.66055305097565,0.842063335239569,0.358807321966695,0.930210014940493
BOLA3,-0.416836471664551,6.13700502473319,0.842043210175348,0.358813064823821,0.930210014940493
FGL2,0.735584154376992,4.51894366129967,0.841884028832091,0.358858493019908,0.930210014940493
CD82,-0.285675625500183,6.77065474085405,0.841457451067615,0.358980271540082,0.930210014940493
ATF1,-0.427848784017123,5.38988526329326,0.841416055660632,0.358992092039184,0.930210014940493
ENOX2,0.687177206835861,4.16994111236575,0.841365081100999,0.359006648610362,0.930210014940493
SSH2,-0.334166575732284,6.0565654774165,0.841245281101651,0.359040862543425,0.930210014940493
MEAF6,0.235226516796568,6.94508384095179,0.840894490757089,0.35914107129557,0.930210014940493
WWOX,-0.710277730630468,4.09725143352806,0.839884065523817,0.359429930239936,0.930210014940493
RBL1,0.492607145587896,4.99267663972443,0.839467711042467,0.359549050099203,0.930210014940493
COX6C,0.11152008320022,8.96888995963344,0.839425284356395,0.359561191510596,0.930210014940493
OSBPL11,-0.549079795586862,4.81169976658964,0.839409317113299,0.359565761065443,0.930210014940493
GDI1,-0.364109981352383,5.69389184524035,0.83933288733895,0.359587635081056,0.930210014940493
KLF11,-0.919493333323333,3.95393746101016,0.839312019259673,0.359593607792976,0.930210014940493
CYTH2,0.401556053141987,5.35579587006283,0.838788690146846,0.359743435967545,0.930210014940493
GLIPR2,0.447325287066904,6.78469063484536,0.838766669615655,0.359749742289883,0.930210014940493
ZBTB8OS,-0.374776111271777,6.48201769111473,0.838615733119411,0.359792972147693,0.930210014940493
R3HCC1,-0.642815255716779,4.99790459533123,0.837344314151327,0.360157404500731,0.930210014940493
PIK3IP1,-0.266799558916435,7.00662028760394,0.837129527891843,0.360219019817967,0.930210014940493
TOP2A,1.20310166386706,4.38689182826486,0.836745956588013,0.360329090303347,0.930210014940493
RBSN,-0.72498582162431,4.32469754428448,0.836072763686808,0.360522383328131,0.930210014940493
ILKAP,-0.38152452012065,5.63904715034266,0.835898922669017,0.360572321293291,0.930210014940493
TMEM243,-0.309438620675028,6.6392354259658,0.835600673878837,0.360658019129503,0.930210014940493
C11orf68,-0.52548867599185,5.02997806003113,0.835590546698166,0.360660929533429,0.930210014940493
AKAP8,-0.474227162307408,5.16985706865072,0.835376662430935,0.360722404313275,0.930210014940493
HNRNPR,-0.199889777230437,7.7527227094703,0.835150788469198,0.360787340863516,0.930210014940493
CNPPD1,-0.328307895689959,5.7774459848976,0.834369392233993,0.361012108983147,0.930210014940493
ZNF776,-0.829244235315699,3.99836678358254,0.83432236845894,0.361025641500362,0.930210014940493
FLYWCH1,0.839967819631779,4.14752641360711,0.834016906866465,0.361113564370405,0.930210014940493
ISCU,-0.189105357626822,7.74581918135273,0.834004936839937,0.361117010377277,0.930210014940493
ELOF1,0.387671988088192,5.93224083825165,0.833776708632573,0.361182722833113,0.930210014940493
NCBP3,-0.33131434745744,6.1504575385158,0.832395472312808,0.36158076660631,0.930210014940493
BRF1,-0.693845269872498,4.25213214626384,0.832338612013347,0.36159716553827,0.930210014940493
PDCL3,-0.313989700346223,6.39170067471964,0.832325661922769,0.36160090058391,0.930210014940493
TNIP2,0.375938551449407,6.43571774983013,0.831963632986852,0.361705337978267,0.930210014940493
RACGAP1,0.717819491261866,3.81803962328554,0.831480088079069,0.361844895009637,0.930210014940493
SLC38A10,-0.463521721393187,5.46332183048977,0.831443200937382,0.361855544145252,0.930210014940493
LY9,0.375712107683073,5.76364690444569,0.831028978157196,0.361975157930019,0.930210014940493
PMS1,0.461381396770348,4.93510673045733,0.830455519646021,0.36214084382727,0.930210014940493
STARD3,-0.395281117683119,5.52258044970777,0.830175067838464,0.362221911203691,0.930210014940493
STARD7,0.3355971311777,6.17441759569732,0.829865181692417,0.36231151601689,0.930210014940493
BAD,0.394181887858379,5.86413102425143,0.829785020475878,0.36233469993588,0.930210014940493
USP36,0.329606841188255,6.32970659109863,0.828661120264631,0.362659965938959,0.93062966927084
TCEA1,0.1740972285815,7.88660306541719,0.827634110557103,0.362957543927614,0.93062966927084
RSU1,-0.389232171583979,5.77873252592573,0.827592471133626,0.362969616146544,0.93062966927084
SCAMP3,0.343971631785286,5.61227322587486,0.827259442361354,0.363066188761686,0.93062966927084
BTN2A1,0.442466532865858,5.48196854153441,0.825628803631254,0.363539559168482,0.93062966927084
MSL2,-0.407432223767922,5.43975296146675,0.825462802312352,0.363587796805488,0.93062966927084
GTF2B,-0.31342170254398,6.06542866202412,0.825392582269073,0.363608204422501,0.93062966927084
FAM222B,0.534468868077958,4.71708164118329,0.824586447416223,0.363842599979592,0.93062966927084
C21orf91,-0.407664890435841,5.89796143878268,0.824238228951417,0.363943914282491,0.93062966927084
ABI2,0.451444662433052,5.36070471258064,0.823702929673225,0.364099735984343,0.93062966927084
DESI2,0.384550841301129,5.36308691105149,0.823433192420774,0.364178289516484,0.93062966927084
CRCP,-0.385971298877693,5.55359484726211,0.823240456228678,0.364234432986563,0.93062966927084
PSMD1,0.302036674213909,6.16029841904233,0.823009388796455,0.364301758027216,0.93062966927084
GNPTAB,0.331466664841507,6.39898763545739,0.822378765950418,0.364485587374733,0.93062966927084
MTHFD1,0.55803646691647,4.7104014342667,0.822348637982366,0.364494373025434,0.93062966927084
OSBPL7,0.655545478561927,4.23971506662711,0.822150241354958,0.364552235014931,0.93062966927084
PCMTD2,0.475113604222855,5.39241407649805,0.822005082488683,0.364594578374683,0.93062966927084
HNRNPA2B1,-0.203041152361013,9.56910075190348,0.821728301250357,0.364675335330956,0.93062966927084
NDUFA4,0.11901139418447,8.8836274297092,0.820973675212079,0.364895639836696,0.93062966927084
RNF11,-0.39887853036159,5.29657791738898,0.820392535457925,0.365065422696551,0.93062966927084
WIPI2,-0.399918150342973,5.83318103465949,0.820293310964399,0.365094422565585,0.93062966927084
RPL31,-0.151261779815682,10.0387828600413,0.820230244350128,0.365112856403444,0.93062966927084
ELF4,0.659155837793377,4.3068506655869,0.820139822383984,0.365139288229958,0.93062966927084
CHCHD2,-0.13740014206131,9.10631766907368,0.819716645361392,0.365263025085794,0.93062966927084
ARPC1B,-0.112196756080916,9.27002984020185,0.819612830656165,0.365293389358199,0.93062966927084
CYB561D1,0.614038905878502,4.30835453623379,0.819492873687359,0.365328479362843,0.93062966927084
RBBP5,0.558110892002767,4.96529071662394,0.818355906417217,0.365661299043954,0.93103487014847
PROSER1,-0.616712537615288,4.80858086867021,0.818205505898828,0.365705356645053,0.93103487014847
RFXANK,-0.400061099782468,5.50435989788713,0.817355632900959,0.365954452748915,0.931174506811175
EIF4H,0.263689885615677,6.64649964336347,0.817275167377577,0.365978049232138,0.931174506811175
BARD1,0.435398659864914,5.11246787060781,0.816868549634073,0.36609732202029,0.931200834856132
CCNL2,-0.385631466781289,5.94675940222829,0.815338446083242,0.366546629584947,0.931614835675738
SEC61B,-0.183432152490783,8.58113623205054,0.815266107761477,0.366567890332336,0.931614835675738
MLLT1,-0.639490795936874,4.41672085271162,0.815201075726225,0.366587005171737,0.931614835675738
PRNP,0.388585577239099,6.6637954830749,0.814353297810488,0.366836318870911,0.931856389630737
DIPK2A,0.985804389141641,4.54579781302195,0.813812084975197,0.366995601381805,0.931856389630737
DCAF8,0.379386598079099,5.61509553582338,0.813146679853482,0.367191566215198,0.931856389630737
GLS,0.200896779283337,7.53330148224089,0.812412128188203,0.367408063913213,0.931856389630737
ACTR3,-0.183352421525389,8.51566969229924,0.812286515905004,0.367445103945016,0.931856389630737
CYFIP2,0.288533570847398,6.8567222118252,0.811367901761344,0.367716138949619,0.931856389630737
PYHIN1,-0.310753747776311,6.92313751470382,0.81087992665452,0.367860227946977,0.931856389630737
AP1G2,0.37829207305293,5.46905959675003,0.810530508263129,0.367963452246652,0.931856389630737
CACTIN,-0.785912845284846,3.92492558190844,0.808619959202666,0.368528574953426,0.931856389630737
AP5B1,-0.798667479988527,4.18519330737498,0.808498954657981,0.368564407635185,0.931856389630737
CD3E,-0.125838122074365,9.32590850608274,0.808476784779979,0.368570973254601,0.931856389630737
DOP1A,-1.48823647018294,3.91891692334329,0.808255592162009,0.368636488464828,0.931856389630737
ANXA2R,0.376742494515163,6.45008237346375,0.807978855779204,0.368718478056107,0.931856389630737
SHMT2,-0.395923134615778,5.60533733881735,0.807099004746334,0.368979323140888,0.931856389630737
ZFAND1,-0.451031904983382,5.39254202029953,0.806689346478716,0.36910086018278,0.931856389630737
SNRNP35,-0.388016182586156,5.66186379897072,0.806518816030078,0.36915146943765,0.931856389630737
CRLS1,-0.597195577286898,5.04011781436534,0.806509751867594,0.369154159729306,0.931856389630737
C6orf47,0.526633013620613,4.76453743041463,0.806326220615834,0.369208638656919,0.931856389630737
SIRPG,-0.398873754463938,5.99416782043443,0.806234958085593,0.369235732952464,0.931856389630737
PMS2,-0.550672823668636,4.69229265825547,0.805972412058708,0.369313693857914,0.931856389630737
NSMCE2,-0.433539540768657,5.27507586762517,0.80589111217591,0.369337839846506,0.931856389630737
HSDL2,-0.540306695934376,4.82249952831909,0.805757583624839,0.369377502473567,0.931856389630737
SETD7,0.608881179167691,4.26557249241204,0.805394585639,0.369485355510728,0.931856389630737
CDCA7,0.533492620011625,5.18532973082753,0.805361583497103,0.369495163199148,0.931856389630737
LPP,0.335687490962781,6.17285898383608,0.805019201366381,0.369596934891441,0.931856389630737
FANCA,-0.687650580472925,4.15411576221647,0.804674724493523,0.369699368668773,0.931856389630737
ACAP2,0.22855312423899,6.95915395850466,0.804424411237527,0.369773826742353,0.931856389630737
NDRG1,0.426564730914502,5.57388148122666,0.804100311800598,0.369870264281794,0.931856389630737
DGKD,-0.491742348590919,5.10910515425005,0.803717683086145,0.369984162666338,0.931856389630737
CNOT6,-0.479868960010587,5.05321370080537,0.803580174546575,0.370025107244723,0.931856389630737
TAF3,0.333482702282285,6.17063658319666,0.803459274922435,0.370061111568178,0.931856389630737
BCOR,-0.428728386149316,5.36193376164759,0.801953129248091,0.3705100568192,0.932129422791783
SIK3,-0.327659391193233,5.91157957973717,0.801835396567801,0.37054518206869,0.932129422791783
SLC30A5,-0.471753415551136,5.2389076933867,0.801749918386278,0.370570687180963,0.932129422791783
PRKD3,-0.459575093377369,5.04860893017184,0.801632676028124,0.370605674122034,0.932129422791783
ANKRD49,-0.342028863972251,6.03114494914342,0.801059282565761,0.370776850059639,0.932160279823235
SPCS2,-0.14872725052305,8.25149257338265,0.800861174189667,0.370836017274397,0.932160279823235
INF2,-0.636389989356808,4.36000004749567,0.800166094996936,0.371043714491709,0.932307353352524
CTSC,0.206866274530331,8.40410880324017,0.799935563076469,0.371112635800519,0.932307353352524
DIP2A,0.331328666314897,6.47717656047782,0.79938359814475,0.371277727454824,0.932448088134926
LINC00685,-0.731948847641536,4.54585035653229,0.798430578381549,0.371563015385714,0.932675563683769
HIP1,-0.630199250360241,4.35167991604293,0.797750125532666,0.371766897426196,0.932675563683769
RALY,0.266368900525628,6.82578472570465,0.79756342197388,0.371822866183841,0.932675563683769
ERI1,0.526331777130028,4.98324113503191,0.797497944989146,0.37184249723025,0.932675563683769
SEPSECS-AS1,-0.794573923654657,4.22363865704231,0.797260194895806,0.371913790688732,0.932675563683769
DPAGT1,0.814276649992093,4.33641143942333,0.796512609300409,0.372138091642204,0.932734200195235
PTPA,0.501847004044712,4.92380634803489,0.796455008922314,0.372155381549415,0.932734200195235
KIAA0930,0.534055055763146,4.60824972743196,0.79591114134886,0.37231868968254,0.93287001116531
RRAGB,0.598238345223183,4.38207581355307,0.795199002189886,0.372532676607977,0.933132684536066
HDAC9,0.663732246703412,3.99853383206097,0.793766675450005,0.372963590232349,0.93393841033871
TIMM44,-0.474398075004399,5.06620403391524,0.791901545860132,0.373525758471256,0.935061595121285
GLCCI1,-0.443780616369519,6.186441338677,0.791340515986001,0.373695090487918,0.935061595121285
RUBCN,0.497484106345375,4.76598977010247,0.790986584971261,0.373801970519699,0.935061595121285
USP53,0.605997279792525,4.26693200404792,0.790792249956938,0.373860673991504,0.935061595121285
MAGED1,0.709737146614127,4.09475115926782,0.790379342737504,0.373985445239884,0.935061595121285
VRK2,0.549792516230332,4.51713293171356,0.79010496348136,0.374068388737255,0.935061595121285
P4HTM,-0.514867193043813,4.97247436639599,0.789480394948368,0.37425728889789,0.935075835413015
PPP2R5B,0.763926620626426,3.87998594099685,0.789362892669699,0.374292842295396,0.935075835413015
LSM1,0.272019729958685,6.24841846434674,0.788893900427967,0.374434795382835,0.93515719127311
PDCD2,-0.306788770260903,6.40764332077275,0.788258585860643,0.374627210812329,0.935364493351227
IER5,-0.384637789739516,6.82390789452416,0.786701918271628,0.37509925976779,0.936269655986813
PTRH2,0.541868073604209,4.73049322408528,0.786289963123544,0.375224322047349,0.93630844401132
SEC61A1,-0.408499310783166,5.75943068448428,0.784816648988739,0.375672073434962,0.936629379743046
DHX38,-0.380174325147333,5.76217897726104,0.784607222566596,0.375735780614711,0.936629379743046
KSR1,0.618436408477947,4.22714890498917,0.784197692509638,0.375860402854304,0.936629379743046
C7orf50,-0.489729882456632,5.42598612580993,0.784184811462893,0.375864323569164,0.936629379743046
C12orf76,-0.38968108686404,5.4149989552022,0.783881691118735,0.375956603499179,0.936629379743046
VPS33A,0.384745120253898,5.54412474014782,0.783607763586513,0.376040023546617,0.936629379743046
LRRC8C,0.354586137804245,5.40968792607226,0.783345692130352,0.376119857370204,0.936629379743046
SMIM26,-0.226767864006195,7.09709959357898,0.782902030744218,0.376255062537784,0.936693223539755
HMG20B,0.435339201241636,5.35761086134675,0.782270613216745,0.376447603938617,0.936745714280539
POLH,0.616913556755704,4.25006056997936,0.781801571968055,0.376590720776875,0.936745714280539
KDM1B,0.636296901370662,4.25106996254356,0.781572231571357,0.376660726420982,0.936745714280539
KIF21B,-0.517851228276651,5.27308166235969,0.78139432943253,0.376715043255579,0.936745714280539
ZNF260,0.623155240560341,4.22072483831749,0.78103752387927,0.37682401583937,0.936745714280539
PDHB,-0.342776230987897,6.02159513042428,0.77939872621134,0.377325093770385,0.93754205087623
BTBD7,-0.445338278401447,5.70145612774026,0.778327100840688,0.377653260577634,0.93754205087623
RAD51B,-0.807824856622271,3.84767504427518,0.777852983104596,0.377798579189952,0.93754205087623
RCAN1,-0.814721166822564,3.79641901275201,0.777763531565771,0.377826005203769,0.93754205087623
NUP188,-0.619967242497693,4.65555185892414,0.777595976743037,0.377877385380077,0.93754205087623
SWT1,-0.693589315567811,4.00609281417022,0.777503808068691,0.37790565281888,0.93754205087623
MED13L,0.337626856853739,6.15895171677912,0.777186483692184,0.378002996598749,0.93754205087623
REL,-0.469853516611357,7.08995365792889,0.776560985413408,0.378194980579565,0.93754205087623
RANBP1,-0.247516456339867,7.29128559432187,0.775873939038714,0.378406013860904,0.93754205087623
GCH1,0.435341018575332,5.16202369524297,0.775771471778709,0.378437501941381,0.93754205087623
TGS1,-0.315649751483566,5.82632890133092,0.775753265575155,0.378443097074807,0.93754205087623
CCDC92,0.377265835743003,5.25015425033191,0.775448431640223,0.378536796010847,0.93754205087623
ASPSCR1,-0.645005616586332,4.91086312488994,0.775139775742861,0.378631703051734,0.93754205087623
YARS2,0.546688302342915,4.65401848930042,0.774983742377643,0.378679693727409,0.93754205087623
YPEL2,-0.4134295106343,5.58870537815752,0.774097119830842,0.378952552237552,0.937625445211303
GNLY,-1.03138743372736,7.88054825860818,0.77393323888089,0.379003017035649,0.937625445211303
IPCEF1,-0.334446809132063,6.09639725296935,0.773513095830504,0.379132437396198,0.937625445211303
FBXO42,-0.439894184307673,5.12179505298,0.773449334643438,0.379152083763654,0.937625445211303
SEC62,-0.163185755820105,8.02498618199834,0.772749290437982,0.379367878836192,0.937752538452183
DENND10,0.911359901287176,4.76706904277358,0.772571019939417,0.379422860042824,0.937752538452183
SLC30A6,-0.564765170942401,4.42677298132208,0.771554331114146,0.379736636675258,0.938189530102349
LTV1,0.418010989209787,5.19216101318533,0.771287151974191,0.379819155887733,0.938189530102349
TPM1,0.534153460395509,4.83088651972317,0.770805532150206,0.379967969823587,0.938286012138025
RTN3,0.341120517752604,6.05463403585535,0.769521104303825,0.380365243316036,0.938736398530933
GLG1,-0.227811130428287,7.02842395513536,0.769505829686334,0.380369971284495,0.938736398530933
SERBP1,0.136028132300071,8.84835328212761,0.768990923412316,0.380529399359797,0.938858826876452
TRAF3IP2,-0.716305944301614,4.07168787262648,0.76672646534948,0.38123165542628,0.938952495381627
STX7,0.376750042285056,5.42800509740308,0.766390895402838,0.381335878607172,0.938952495381627
UBR5,-0.366370969449186,6.32498884532496,0.766084984904211,0.3814309251163,0.938952495381627
SNRNP48,-0.524397945501424,4.76106622558512,0.76455825456123,0.381905782314632,0.938952495381627
DAAM1,0.471031885983285,5.33150756802502,0.764555249637059,0.381906717757633,0.938952495381627
NDUFA8,-0.378561404646311,5.83536022329995,0.764531676554039,0.381914056250192,0.938952495381627
EFTUD2,-0.447867322178663,4.95936353119009,0.764186272870424,0.382021606124792,0.938952495381627
VRK1,-0.485470850183967,4.86026052469529,0.763814158433702,0.382137521037166,0.938952495381627
TOM1L2,-0.670701323702055,4.25221363205962,0.763413647774543,0.382262337130506,0.938952495381627
TMCO1,0.194505891617507,7.66222125555589,0.763208658110552,0.382326242936436,0.938952495381627
EPS8L2,0.493506608579584,4.91706225048973,0.763147444220852,0.382345329383784,0.938952495381627
PNO1,-0.450252409508414,5.09712272160146,0.762939815687641,0.382410077866959,0.938952495381627
CISH,0.417452906035746,6.92667877759679,0.762825501068427,0.382445733249851,0.938952495381627
UPF2,-0.239637675672198,7.26126310243288,0.76265531679682,0.38249882342207,0.938952495381627
NLK,-0.820250509818306,4.0589289540673,0.762111538886755,0.382668528742161,0.938952495381627
NDUFS2,0.360466484136851,6.22689906512837,0.761899488792079,0.382734735464259,0.938952495381627
CEBPB,0.191153638474312,7.62199570568451,0.761508941446428,0.382856715460091,0.938952495381627
NUP214,-0.389844337857237,5.31897765975641,0.761206951503754,0.382951074025453,0.938952495381627
STK25,-0.515138382799282,5.30600399654027,0.761196676428625,0.382954285114068,0.938952495381627
SYPL1,-0.354213418355307,5.89870780664621,0.761169027549583,0.382962925921772,0.938952495381627
PARD6B,-0.755313224731379,3.8611075425425,0.7610586455503,0.382997425178936,0.938952495381627
CTBS,-0.369583013316952,5.70572154488438,0.760502464845789,0.383171323302393,0.938952495381627
CDK2AP2,-0.284518823628666,6.89181949468426,0.760183014488629,0.383271254805113,0.938952495381627
FAU,-0.0848433681974323,11.3670324023364,0.758983656237101,0.383646772071782,0.938952495381627
MATR3,0.574223482384669,5.0740091062686,0.758585200733716,0.383771643405897,0.938952495381627
ARL13B,0.6354797052601,4.34604867208114,0.757122328643348,0.384230585555678,0.938952495381627
AKR1B1,0.399188235961376,5.29487147268971,0.756722824795997,0.384356056064613,0.938952495381627
HEBP1,-0.722123624994041,4.50674005358038,0.756681873141078,0.384368920868036,0.938952495381627
ATF6,-0.372931960583011,5.33402161943547,0.756368810370237,0.384467288533304,0.938952495381627
ERC1,0.460345103347677,5.08789200752139,0.75541071170073,0.384768555650997,0.938952495381627
MAP2K2,0.231351217356159,7.22086736520667,0.75538358398207,0.384777090645815,0.938952495381627
DGCR2,0.593983702061852,4.51290783672909,0.755085277265984,0.384870962444014,0.938952495381627
HSP90AA1,0.168073395479211,10.100965404855,0.754755311710778,0.38497483462905,0.938952495381627
BACH1,-0.43732766496275,5.22403982811327,0.754605083306595,0.385022139288548,0.938952495381627
SATB1,-0.373221541699051,6.54946111189613,0.754097545231391,0.385182016502762,0.938952495381627
QRSL1,0.542908300233184,4.47438338517453,0.753926855740769,0.385235805815307,0.938952495381627
RBM41,-0.568642584996043,4.72636755832896,0.753753661544387,0.385290395351722,0.938952495381627
RREB1,0.42823771338206,5.22642773047827,0.75367531017595,0.385315094740144,0.938952495381627
UBAP1,-0.475889825718309,5.13650938801014,0.752993792351543,0.385530030581053,0.938952495381627
CLPP,-0.277344422750005,6.57793798557706,0.75267791106892,0.385629710479777,0.938952495381627
GTF2I,0.215183540305557,7.21674874177395,0.752631497163534,0.385644359999809,0.938952495381627
LNX2,0.598671210380323,4.07372838035924,0.752558244015489,0.385667482342449,0.938952495381627
CNPY3,-0.29746713268398,6.20988595962146,0.752305781917853,0.38574718707094,0.938952495381627
FNIP2,0.683940187346145,3.98876727904087,0.752062789943246,0.385823924125946,0.938952495381627
HSD17B10,0.283131719031729,6.37967111251177,0.751789967190263,0.385910107651682,0.938952495381627
SNX6,0.139696679472113,7.96868942799917,0.751247003257559,0.386081709143973,0.938952495381627
C19orf12,-0.443364691229563,5.48297046944317,0.751174263625579,0.386104706451124,0.938952495381627
PPM1A,-0.363905016671252,5.69074321648764,0.750774613663221,0.386231094277203,0.938952495381627
CHMP6,-0.418900653428528,5.03659368641031,0.750701518413599,0.386254216751282,0.938952495381627
GPKOW,0.579531167143622,4.70109548296321,0.750627315537862,0.386277691620465,0.938952495381627
CCDC77,0.725806873679339,4.00961658080407,0.750162863235975,0.386424672208069,0.938952495381627
PRKAB2,-0.62056034052858,4.36906271599933,0.750028699133637,0.386467144608318,0.938952495381627
BRD9,0.31682969893658,6.47842871073226,0.749638462959293,0.386590719677142,0.938952495381627
TMEM41B,-0.444750853520841,5.52814447872118,0.749248534070791,0.386714253661112,0.938952495381627
PITPNB,-0.258286186787125,6.49405686935083,0.749145298232891,0.38674696938389,0.938952495381627
SEPTIN11,0.662892891880519,6.77546864818021,0.748566883197963,0.386930343669736,0.938952495381627
ATG4D,-0.507735605530207,4.71527235988793,0.748213547759198,0.387042422179671,0.938952495381627
CHPF2,0.574929280361999,4.75552232382993,0.748209273256951,0.387043778341163,0.938952495381627
SCLT1,-0.453849548436874,5.24150101330495,0.747991647528629,0.387112832906093,0.938952495381627
SLFN11,-0.511338278971772,4.83009743406325,0.747469318901347,0.387278644063714,0.938952495381627
KDM1A,0.540007891544857,4.85323302296372,0.74742853599259,0.38729159469771,0.938952495381627
YTHDF3,0.381207264838814,5.41387109924167,0.74715982653337,0.387376938964908,0.938952495381627
CLIC5,0.639668030521833,4.38281514723046,0.746718400563468,0.387517197592506,0.939026225118576
RAB33A,-0.485095405441595,5.26364034675593,0.745975782164461,0.387753320520236,0.939191226579909
RPS6KA5,-0.262724174727231,6.45585577694879,0.745521610419919,0.387897830108264,0.939191226579909
ZNF236,0.538977588202587,4.71282313231604,0.745468073478786,0.387914869698638,0.939191226579909
RC3H2,0.327628841412833,6.01969754579558,0.743901681517988,0.388413889844122,0.939558269795149
ANP32E,0.161939477800916,7.72566852920803,0.743850229748507,0.388430296856629,0.939558269795149
MGAT2,0.508895127134284,5.24220849102191,0.743713238843885,0.388473985533716,0.939558269795149
ABHD15,0.562800204299811,4.72644151886466,0.743612614815493,0.388506080679126,0.939558269795149
GMEB2,-0.734787188542072,4.03239724769273,0.743174079173762,0.388646000686918,0.939630842724112
RRN3,-0.428336644502605,5.16542537616653,0.742200423490715,0.388956914513601,0.939997550633518
EHBP1L1,-0.373801743167847,6.01236539603631,0.741888194943599,0.389056692534217,0.939997550633518
PMM1,-0.402065018417764,5.34468359664765,0.740730508337286,0.389426970705647,0.939997550633518
PRPS2,0.483731747930767,4.72387601752857,0.740168838382189,0.389606798532284,0.939997550633518
RPA2,-0.282307382364364,6.26881771007633,0.740081921352701,0.389634637050098,0.939997550633518
NDUFA5,-0.315613324605447,6.78268246216557,0.740056213315636,0.389642871581707,0.939997550633518
CCNDBP1,0.288137674411421,6.80449308778418,0.740002107042852,0.38966020315455,0.939997550633518
SLC1A4,0.759447128909375,4.10890345295466,0.7397009976814,0.389756676049162,0.939997550633518
PELO,0.522528147783423,4.73543986713713,0.73950932569992,0.389818103927144,0.939997550633518
TMEM183A,0.302288991747717,5.96184294924329,0.739262532318501,0.389897217750199,0.939997550633518
PPAN,-0.450372114736594,5.11534347366781,0.73850321814729,0.390140772956014,0.940156354873725
ILF3-DT,-0.364542846092477,6.05793068761083,0.737708242279567,0.390396000256066,0.940156354873725
GTF2H3,-0.531749728971821,4.84415899245181,0.737568412700973,0.390440917308657,0.940156354873725
WASHC2C,0.501939038620133,4.86692634984096,0.737506687013848,0.390460747627039,0.940156354873725
ZNHIT6,0.326309817779929,5.72999496580984,0.737344216119546,0.390512950772792,0.940156354873725
VPS26B,0.396863845797077,5.45352586824062,0.736984239157057,0.390628649738098,0.94017013699634
GTF2E1,0.52601909452735,4.39931349814771,0.736627861725165,0.390743240147837,0.940181244025853
NCBP2,-0.30347758221293,6.25792509213832,0.735602755318361,0.391073123747252,0.940710223667772
BDP1,0.278659819032174,7.16777150777325,0.734304947736398,0.391491336437931,0.941011205728688
VDAC2,0.204979582265429,7.13832637069987,0.734274274093957,0.391501228635047,0.941011205728688
PNN,-0.237201561048057,8.02927560954377,0.734013105719381,0.391585469504966,0.941011205728688
KCNA3,0.613791098077316,4.49175751493457,0.733789269899752,0.391657689298229,0.941011205728688
AFTPH,0.333205561165622,5.90989914736316,0.733507552015677,0.391748611672523,0.941011205728688
MED19,-0.345489688938019,5.53802804757305,0.732082500304168,0.392209000844643,0.941534104628099
NPRL2,-0.486728658270541,4.76421096082766,0.731110699180647,0.392523404422983,0.941534104628099
GPAT4,0.531050564284935,5.1074819246113,0.730949427005609,0.392575615268961,0.941534104628099
AP3M1,-0.50015013750216,5.03230962294609,0.730865314814208,0.392602850014648,0.941534104628099
TESK1,0.575816992876406,4.90327369539538,0.730350034262163,0.392769752295928,0.941534104628099
SNX8,-0.674197432789592,4.04662081017385,0.730226222438821,0.392809870826097,0.941534104628099
RPL10,-0.121113562566192,12.9329031773698,0.730205635247183,0.392816542228662,0.941534104628099
YAF2,0.258880682075023,6.49004619694269,0.729523761314017,0.393037599542934,0.941534104628099
PIM3,-0.399963454499502,6.85393550196166,0.728229405784035,0.393457709700727,0.941534104628099
GGA3,0.475964723646455,4.86087916052092,0.727235404366663,0.393780771918908,0.941534104628099
UBXN11,-0.453565553914542,4.83919932851543,0.727005831930825,0.39385543988893,0.941534104628099
ARHGAP17,0.489290935180709,4.8358363923822,0.726973308110143,0.393866019842319,0.941534104628099
ARPC3,0.102306182896054,9.41419490246523,0.726484166342639,0.394025186287689,0.941534104628099
NCF4,-0.420453971973386,5.65958720131052,0.725642257706268,0.394299359626709,0.941534104628099
RNMT,0.240265006031193,6.98773769578608,0.725468310126891,0.394356041066574,0.941534104628099
RABGAP1L,0.273895936345294,7.1675404352713,0.725238439323473,0.394430963276643,0.941534104628099
DNAAF2,-0.427584316755089,5.08790385931567,0.725219686110631,0.394437076449255,0.941534104628099
GPR183,-0.288255787283674,8.14624635005473,0.725130754244873,0.394466068316937,0.941534104628099
PM20D2,0.654638599058353,4.26385369010163,0.723982149236836,0.394840790393002,0.941534104628099
C17orf67,0.501378800977743,4.63110010657117,0.723718608456469,0.394926840493275,0.941534104628099
ARL6IP4,0.13881776701828,8.08317355051977,0.723027141345545,0.395152743536087,0.941534104628099
HMOX2,-0.28848215705174,6.75725689988132,0.722545598223164,0.395310174160217,0.941534104628099
CENPH,0.562271994944055,4.15254112607165,0.722486718315629,0.395329429935673,0.941534104628099
WDR82,0.232617265703575,7.01908274674228,0.722315050410867,0.39538557902026,0.941534104628099
TMEM179B,-0.304821806701751,6.24650145376247,0.72161984060519,0.395613085583161,0.941534104628099
GRPEL1,-0.455846360646016,5.52483607856896,0.721533620588239,0.395641314129488,0.941534104628099
TMEM204,-0.424052911143288,5.2464598598758,0.721475185388858,0.395660447541029,0.941534104628099
EIF2AK1,0.32229280080749,6.1471712826558,0.721442139885813,0.39567126820596,0.941534104628099
SMAD5,0.550930801717751,4.55017017988465,0.720925837818397,0.395840385409958,0.941534104628099
PICALM,-0.326046858650321,5.87796783102403,0.720552716753467,0.395962667879145,0.941534104628099
CA5B,-0.483614060540331,4.89705716987204,0.720440134069243,0.395999575150611,0.941534104628099
LAS1L,-0.50518436282909,4.80462660060141,0.720371110575671,0.39602220514066,0.941534104628099
NPIPB5,-0.446479507895135,5.52661508612296,0.71944683711348,0.396325416554515,0.941534104628099
TMED2,-0.256624215835445,7.01593725583216,0.719070233458526,0.396449058856986,0.941534104628099
SQSTM1,-0.206000563660364,7.53916649478846,0.719026993723817,0.396463258405552,0.941534104628099
RHBDD3,0.788706706903848,3.97809741793673,0.718519709964298,0.396629900763368,0.941534104628099
METTL21A,0.563684292735122,4.68327731893617,0.71848942822573,0.396639851490557,0.941534104628099
HMGN4,0.472435186920413,6.21736072129241,0.718436230862796,0.396657333276447,0.941534104628099
FAM3C,0.463789110490521,5.08660672481778,0.718276978233675,0.396709673729631,0.941534104628099
DCTN6,0.407899186141657,5.13922236740924,0.718007573127954,0.396798239933548,0.941534104628099
MCC,0.78915785233048,3.7950242032406,0.717878542684074,0.396840668455554,0.941534104628099
RPL13A,-0.157758174549136,11.8612245765717,0.717791382822798,0.396869332562221,0.941534104628099
HSP90B1,-0.156353864342553,8.50423579740987,0.717665624772939,0.396910695654531,0.941534104628099
ATP6V0B,-0.195946601761293,7.40629207430307,0.717198538133227,0.397064379679746,0.941534104628099
GET3,0.476631278754878,5.70053306310571,0.716649607694276,0.397245102388149,0.941534104628099
PSMA5,0.203717299360771,7.43741912271335,0.716332160407418,0.397349668831524,0.941534104628099
MAN1A2,-0.306136700965145,6.22147997060499,0.716262021309067,0.3973727778614,0.941534104628099
KNOP1,-0.389005700075555,5.64783177054175,0.71556873144333,0.397601303559772,0.941534104628099
ENY2,0.200880819287347,7.30114972575935,0.714856107674514,0.397836400222624,0.941534104628099
SGSM2,-0.66988215107427,4.45727551198014,0.714391777072514,0.397989692396701,0.941534104628099
CSF1,0.366194170438589,5.95627966997312,0.714246644030226,0.398037623536332,0.941534104628099
CARHSP1,0.35881798541787,6.23740368429325,0.713439209029705,0.398304436737465,0.941534104628099
UBE2W,0.325726201290092,5.70353425086493,0.712721135013705,0.39854193844043,0.941534104628099
RHOT1,-0.454869578052038,5.09719563636316,0.712299931747442,0.398681346044385,0.941534104628099
ACTR10,0.307910243904596,5.96625170931627,0.71156956675195,0.398923245715319,0.941534104628099
PRH1,-0.367359984630002,5.58876988579447,0.710396833364374,0.399312104313687,0.941534104628099
ERICH1,0.234854833242556,6.70084395004336,0.709819123100891,0.39950386517843,0.941534104628099
EDC4,-0.612958073623674,4.37209042744527,0.709602160195129,0.399575916705586,0.941534104628099
SAMD4B,-0.431008143694866,5.31496936055126,0.709287954081471,0.399680295260733,0.941534104628099
ZNF281,0.308584510946845,5.68115420165463,0.709146918202793,0.3997271599092,0.941534104628099
ZNF426,0.615716536804292,4.36072727374634,0.709049406824459,0.399759566509452,0.941534104628099
R3HCC1L,0.464454876680956,4.97612827658332,0.708529524323668,0.399932406794226,0.941534104628099
ENDOD1,0.475726197159777,4.65544922331676,0.708489178745168,0.399945824626804,0.941534104628099
ANKRD37,0.770273681291428,4.05929973314087,0.708348631364796,0.399992571927656,0.941534104628099
ZNF655,-0.298339895014755,6.3554882939262,0.708055552731118,0.400090077962265,0.941534104628099
UBA1,0.386826005066289,5.83106242128783,0.707861596437429,0.40015462536471,0.941534104628099
FKBP15,0.486794586562329,4.91778835922467,0.70753684571423,0.400262734129506,0.941534104628099
DDX1,0.313474503825528,5.84001579285139,0.70718417937584,0.400380183931862,0.941534104628099
PTPRC,-0.112347519145752,10.754425948356,0.707109701927243,0.400404993831988,0.941534104628099
BOP1,-0.551487697060343,4.53066942937008,0.707029853975305,0.400431595229834,0.941534104628099
WASHC3,0.275400065629054,6.19854658663631,0.706970318984777,0.4004514310199,0.941534104628099
INTS7,-0.812155618001313,4.17641874368658,0.706394386510308,0.400643393079814,0.941534104628099
SNRNP200,-0.212084704235031,6.91866257808805,0.706344321504576,0.400660086382007,0.941534104628099
COMMD8,0.327100527481061,6.45478707322171,0.705400589094335,0.400974946462368,0.941534104628099
RNF168,-0.389603761605017,5.74685749912749,0.704666562893923,0.401220090116831,0.941534104628099
RBM10,-0.458665360405314,5.06488195042308,0.703813460102893,0.401505275549406,0.941534104628099
TSG101,0.289297976655301,6.02182991268407,0.703747911769943,0.40152720001472,0.941534104628099
ZNF273,-0.772759790522087,3.7590035136214,0.703464769597062,0.40162192478967,0.941534104628099
BRPF3,0.795432290124414,3.98220775690705,0.703206844950078,0.401708241348787,0.941534104628099
CUL1,-0.359440834807357,5.48087993651771,0.703109414209013,0.401740854346737,0.941534104628099
BLOC1S6,-0.362097346935428,5.89807391453721,0.702866438630888,0.401822202345032,0.941534104628099
MAP3K8,0.575576928175988,4.935568369246,0.702745935569642,0.401862555540748,0.941534104628099
SNHG16,0.517426135470963,6.00055270916369,0.702454670877422,0.401960116492294,0.941534104628099
POLDIP2,-0.609302030795894,4.7735244640291,0.702110081030369,0.402075583519124,0.941534104628099
IKZF3,0.274932562085199,8.2078663149175,0.70185898331804,0.402159753077578,0.941534104628099
FRMD4B,0.359852496999197,6.62918193630692,0.70163223315506,0.402235783202081,0.941534104628099
NF1,-0.531105456011187,5.01137786642998,0.701487864433396,0.402284201433735,0.941534104628099
NKAP,-0.438181993420869,5.98856601398567,0.701153718492684,0.402396299476123,0.941534104628099
NIT2,-0.445571268015714,5.31083258354002,0.700362111906127,0.402662046151107,0.941534104628099
ZBTB2,-0.599540503185989,4.57151898501477,0.699949661457547,0.402800609241994,0.941534104628099
NUP133,-0.585554203430346,4.21578382440703,0.699440677156428,0.402971698661031,0.941534104628099
YBX1,-0.141174302090431,9.15265576941959,0.699255790014357,0.403033872616264,0.941534104628099
ARHGDIB,-0.116480939705393,9.80941755000185,0.699008885154527,0.403116923709467,0.941534104628099
TRAF3IP3,-0.163461249470464,8.04113582955877,0.698938143947496,0.403140723437908,0.941534104628099
MOB2,0.313984102654861,5.81796313589682,0.698217566791718,0.40338326653444,0.941534104628099
TMEM192,0.531411563388555,4.51845564480792,0.697249753263854,0.403709362946223,0.941534104628099
GTF2IRD2,-0.528311982746598,4.52783400011944,0.696950976844333,0.40381011068613,0.941534104628099
RANBP2,0.330745313674252,6.23997291814205,0.696866812956646,0.403838497457947,0.941534104628099
NAXE,0.412251791990256,5.68609128194169,0.696652280702704,0.403910867993472,0.941534104628099
USP38,0.454335383706846,4.96721864303098,0.696041295948231,0.404117081868949,0.941534104628099
SLC10A7,0.663917285592297,4.0730712989307,0.695845278302266,0.404183272442933,0.941534104628099
PBXIP1,-0.203369609294382,7.89688251163283,0.695773111862572,0.404207645343537,0.941534104628099
DHRS4-AS1,-0.6288820415429,4.40715261678733,0.695577435398988,0.404273742291814,0.941534104628099
CFDP1,0.268449458429133,7.17504240977517,0.695540784790893,0.404286124140357,0.941534104628099
GIT2,0.248469374234488,6.24891059592323,0.695382996933139,0.404339436677069,0.941534104628099
TSC22D2,-0.425834145103034,5.16900593763254,0.695085463161567,0.404439993737491,0.941534104628099
MRPL41,0.203190352375965,7.58233576514482,0.69498227628543,0.404474876177793,0.941534104628099
PSMC5,-0.209666647843338,7.09112603868687,0.694938888151622,0.404489544896403,0.941534104628099
ISOC1,-0.500711087741445,4.82334471235113,0.693632077746905,0.40493171717155,0.941534104628099
TIMM29,0.442464707627896,5.18540509290507,0.693392737955453,0.405012776602947,0.941534104628099
MAGOHB,0.366438935012554,5.42551482036982,0.693316535100355,0.405038589904275,0.941534104628099
FBLN5,-0.575315821122649,4.80211288145685,0.693290164086378,0.405047523500839,0.941534104628099
IMPDH2,-0.483228788753362,5.51039195481087,0.692756454384426,0.405228387927498,0.941534104628099
TMEM141,0.367047073795472,5.46532684536958,0.692166906250535,0.40542831211275,0.941534104628099
SGSM3,0.48760153408927,5.14217127704668,0.691776641495533,0.405560735731964,0.941534104628099
WASHC4,-0.313365090858623,5.78799885737881,0.691715801687426,0.405581385430714,0.941534104628099
APTR,-0.842670877266267,3.76653003542488,0.691490770048924,0.405657776991117,0.941534104628099
VAMP8,0.140418231229219,7.96367664097458,0.691277210450159,0.405730293581968,0.941534104628099
NR4A1,0.724319123814436,4.66393841082999,0.690765031602041,0.405904286962534,0.941534104628099
COA3,-0.287971155665377,5.89895343362049,0.690668887121184,0.405936960569701,0.941534104628099
ANKRD44,0.158235438234333,7.8103883343009,0.690414841742113,0.406023313504362,0.941534104628099
CNDP2,0.353667942641446,5.8166573006836,0.69037547648837,0.406036696608222,0.941534104628099
TSPYL1,-0.414144997388852,6.32580281769884,0.68980986635351,0.406229059738687,0.941534104628099
NETO2,0.561493771864604,4.52376062404894,0.689796537982154,0.406233594304246,0.941534104628099
XRCC6,-0.187872459660669,7.23432903133555,0.689396442271388,0.406369748952449,0.941534104628099
MRPS34,-0.205275569318173,7.11525374791909,0.689335531300776,0.406390483126419,0.941534104628099
MRPS33,-0.261043634332006,6.37806547537615,0.68925479768636,0.406417967339263,0.941534104628099
PAM16,-0.479684390978599,5.06757885188744,0.689137039857954,0.406458060612513,0.941534104628099
YIPF3,-0.371688182525688,6.06138252720813,0.688886103878211,0.40654351665663,0.941534104628099
PACS1,-0.275543042124358,6.34219007146938,0.688709983527284,0.406603509999548,0.941534104628099
RPL7A,-0.125736970572319,11.3114226581934,0.68758215031013,0.406988000549651,0.941534104628099
LFNG,0.292066630336582,6.5330364140638,0.687192227281564,0.407121053346947,0.941534104628099
MRTO4,-0.457191251685281,5.23523567213883,0.687107663853265,0.407149917191343,0.941534104628099
RIOX1,-0.712662786184367,3.83498306600206,0.687081883566901,0.407158717314417,0.941534104628099
RAB3GAP2,0.359985112532091,5.80321700723043,0.686999305815691,0.407186907176366,0.941534104628099
APPL1,0.281463400351988,6.21992364996254,0.686994612109967,0.407188509569303,0.941534104628099
ZNF84,-0.515610822600317,4.60018592814203,0.686858535593915,0.407234968999521,0.941534104628099
ZC3H12D,0.441829126133206,6.36183450106371,0.686187918820988,0.40746404535017,0.941534104628099
MRPL37,0.394258476607825,5.04506832098627,0.686090892354855,0.407497204304027,0.941534104628099
OGFR,0.282946035741358,6.019979368994,0.685483253618122,0.407704955779652,0.941534104628099
INPP4A,-0.291024024888491,6.34662939524101,0.685361804014395,0.407746497967968,0.941534104628099
NRM,0.674271996247288,3.96193108710702,0.685174132408196,0.407810703784562,0.941534104628099
ISY1,-0.305934599826807,5.85127411738554,0.685011827653373,0.40786624309724,0.941534104628099
FBXL17,-0.555513214905485,4.70706012438581,0.684336708504279,0.408097382178256,0.941534104628099
CPNE3,-0.256852570147186,6.37925565541855,0.684105837063459,0.408176469202289,0.941534104628099
LY96,-0.513907279650171,4.8351192831063,0.684088342153597,0.408182463152182,0.941534104628099
EXOC2,0.35390107351923,5.30375502929037,0.683845345868237,0.408265729720333,0.941534104628099
ACER3,0.667193918444324,4.35798303420748,0.683102968126823,0.408520271723291,0.941534104628099
UBE2F,-0.371705638617044,5.54926148324029,0.68233916640386,0.408782402538767,0.941534104628099
PHB2,0.203395801579011,6.93089199830681,0.682248918229315,0.408813391315572,0.941534104628099
CAMSAP1,-0.467779409273416,4.86683529551513,0.681970218203004,0.408909111118902,0.941534104628099
ZFP36,0.256366629284352,7.95817052390254,0.681872347309705,0.408942732780368,0.941534104628099
KDM3B,-0.480023317458454,5.03545531459488,0.680909827402619,0.409273604318906,0.941534104628099
ACTR6,0.312392443545916,5.96867088052838,0.680744182650654,0.409330585264948,0.941534104628099
DMTF1,-0.27641216578349,6.21983491307341,0.680608767404038,0.409377176072983,0.941534104628099
CLTA,0.233902091211539,7.11678297910383,0.680076567448586,0.409560359645984,0.941534104628099
MRPL28,-0.295608753243859,6.024440596254,0.6793171044805,0.409821975933535,0.941534104628099
DDX39B,-0.199255248878475,7.11648497275752,0.679242799334359,0.409847585415457,0.941534104628099
MRPS23,0.324593252639512,5.67799516980732,0.679115646431786,0.409891414485383,0.941534104628099
ZNF790-AS1,1.08166401113695,3.63343292327281,0.678503689374799,0.410102449915981,0.941534104628099
ZNF708,-0.449882501351813,5.04689094861614,0.678493381242795,0.410106006077638,0.941534104628099
TBXAS1,0.629060862514132,4.6085227313693,0.678333807372084,0.41016106262025,0.941534104628099
KAT5,-0.49566180572803,4.97306928033046,0.678219934473002,0.410200357954637,0.941534104628099
SLC37A1,-0.541246073942206,4.42971430583424,0.678177752896938,0.410214915405682,0.941534104628099
CC2D1A,-0.557725293598799,4.56567304853591,0.677548858964304,0.410432045629529,0.941534104628099
RNPEPL1,0.251453691660093,6.8858225254205,0.677406076642715,0.410481365816599,0.941534104628099
LZTR1,-0.591668571596798,4.21706467600262,0.67727605226505,0.410526286711972,0.941534104628099
LAPTM4A,-0.285842312396656,6.36815322907257,0.677057906669255,0.4106016680236,0.941534104628099
COA5,0.40040453190526,5.37831504853317,0.676682973351088,0.41073127571808,0.941534104628099
SRD5A1,0.771281832996199,3.88973928092901,0.676412461541347,0.410824824171587,0.941534104628099
RPL23,-0.141954872455016,10.5802572059222,0.676302525155419,0.410862851359048,0.941534104628099
SBNO1-AS1,0.879980719774088,3.6122974637075,0.675620121938604,0.411099011768534,0.941534104628099
ATPAF1,-0.402101993046803,5.20776962123404,0.675536148658388,0.411128086349452,0.941534104628099
LINC00513,0.453760038942379,5.33464816576445,0.674797974411614,0.41138379928235,0.941534104628099
PRDX3,-0.335829289151464,6.03373990204135,0.67458973414352,0.411455978720318,0.941534104628099
MRPL24,-0.385628653167468,5.17099350799927,0.67441846858379,0.411515356110276,0.941534104628099
MMP24OS,-0.274683661366702,6.27344866986224,0.674188361411359,0.411595153634721,0.941534104628099
CYP51A1,0.527586320205729,5.41238104081495,0.673538990704799,0.411820468122595,0.941534104628099
LYRM9,-0.734875924426504,4.09549249765586,0.673120814406023,0.411965660496843,0.941534104628099
EIF5A,0.212530842160959,7.89075043671146,0.672954739634808,0.412023343214421,0.941534104628099
TYK2,-0.403783158554571,5.10419141269897,0.672807293125164,0.412074565761356,0.941534104628099
CALHM2,0.475276666774103,5.42797075930643,0.672388961014065,0.412219944408151,0.941534104628099
VPS13A,-0.389605826677288,5.90896181627645,0.670874678964216,0.412746820293727,0.941534104628099
STX1A,-0.680968339334942,4.04779379589265,0.669876924719123,0.413094519962982,0.941534104628099
PUDP,-0.895705999052662,3.92848249406281,0.669685700848422,0.413161207471942,0.941534104628099
TOMM34,-0.722377465054382,4.04298439979391,0.669272567895703,0.413305337954668,0.941534104628099
GIMAP5,-0.250885762204851,6.71028577841686,0.668356445249071,0.413625212483001,0.941534104628099
NIFK,0.229523485159078,6.74293848112961,0.667620906905581,0.413882298799191,0.941534104628099
SRRD,-0.604260157977247,4.42450089879239,0.667502256025635,0.413923791930166,0.941534104628099
TMEM91,-0.79839001494734,3.98015928782836,0.667000221529767,0.414099425358047,0.941534104628099
KRI1,-0.400186143080706,5.2456058563189,0.666823606938678,0.414161238999301,0.941534104628099
EIF2B5,-0.39154337157641,5.27094562031359,0.666572436181877,0.414249170183896,0.941534104628099
VPS4B,0.192898210586968,6.9653044320732,0.666440345440567,0.414295424286701,0.941534104628099
NAPRT,-0.417850954024078,5.3450578135114,0.665919914237335,0.41447773760336,0.941534104628099
RPP21,0.413133680342895,5.86945590063671,0.665538809759063,0.414611318383299,0.941534104628099
AP1S2,0.233198550332687,6.44395484929189,0.665469832167005,0.414635502499929,0.941534104628099
CREB3L2,-0.357157688594039,5.67305079358412,0.665342762176651,0.41468005975913,0.941534104628099
RPS18,-0.138091997535989,12.573801766405,0.664704394102527,0.414904011626459,0.941534104628099
LRWD1,0.588192941248352,4.30436475718842,0.664502449988667,0.414974894804516,0.941534104628099
ATXN1L,0.586022307571544,4.33689653537239,0.664479402568631,0.414982985679374,0.941534104628099
HNRNPAB,-0.283427925529995,7.09836343571741,0.664350049637868,0.41502839979802,0.941534104628099
NDUFB11,-0.173028699707683,8.05310457903668,0.664197842897092,0.41508184701413,0.941534104628099
ERCC4,0.462045678652562,4.67860904348457,0.664115153326545,0.415110887631074,0.941534104628099
CHROMR,0.795289057763324,3.85543002714254,0.663256300987666,0.415412695001245,0.941534104628099
ZNF783,-0.709694440996961,4.06335822046724,0.663227020361189,0.415422990169165,0.941534104628099
SPIDR,-0.489125572243872,4.78764671602548,0.662934675184637,0.415525800459147,0.941534104628099
TBCCD1,0.586924261109861,4.03154652337461,0.662471614337527,0.415688724233692,0.941534104628099
HSF2,0.566983140082223,4.31969812674622,0.661541155171818,0.416016384272067,0.941534104628099
HSPD1,-0.2648256060956,7.42811020352994,0.661518468422447,0.41602437816368,0.941534104628099
ARMH3,0.526636802701976,4.62905430407151,0.661357010727606,0.416081275894877,0.941534104628099
VPS45,0.397297598488107,4.89103908576801,0.661061945027413,0.416185286937355,0.941534104628099
POLK,-0.339462519559738,5.91558758032934,0.660897287645559,0.416243345641653,0.941534104628099
MCM9,-0.500225602880903,4.59816524033971,0.660411019303119,0.416414875513271,0.941534104628099
ECI2,0.392495615014878,5.51251582355166,0.660148665714957,0.41650746360047,0.941534104628099
LPAR5,-0.873877313127228,3.92277881587062,0.660031347938066,0.416548876495207,0.941534104628099
EIF3A,0.151960747943333,7.9983946634466,0.660022626161812,0.416551955505361,0.941534104628099
GTF3C1,-0.386207434344486,5.13431913195513,0.658841263549515,0.416969319075513,0.941534104628099
DHX33,-0.725824981862694,4.22173462558642,0.658708847313054,0.417016139090467,0.941534104628099
ZC3H18,0.290795963144532,6.0740299628764,0.658522965457484,0.417081876764289,0.941534104628099
PHF21A,-0.384738544188954,5.57528376746983,0.658419189740789,0.417118584050495,0.941534104628099
MIER3,0.556120881018307,4.15656500283026,0.657876965550509,0.417310456279804,0.941534104628099
DDX17,-0.195466881463928,8.92494147605417,0.657572519645299,0.417418245419235,0.941534104628099
EGR1,0.442814549456597,4.69244312828311,0.657407730517539,0.417476606300107,0.941534104628099
GIMAP1,-0.258625117393065,7.08150984469052,0.657223196713531,0.417541974245987,0.941534104628099
PHTF2,-0.255870567484582,7.00535733651337,0.656751609953894,0.417709094911636,0.941534104628099
COPS8,0.381877914745093,5.33077171086785,0.655976392320975,0.41798403225347,0.941534104628099
STARD4,0.445543527618171,4.85321051017392,0.65594531064173,0.417995061237062,0.941534104628099
LSP1,0.180309214496225,8.46774664190646,0.655503550340134,0.41815186169552,0.941534104628099
ZAP70,-0.278949930119372,6.53028878463783,0.655169724958741,0.418270409266066,0.941534104628099
AHR,-0.296005520635286,6.78048486292063,0.654508308563734,0.418505438174712,0.941534104628099
EIF3G,-0.147390143985306,8.05662667301219,0.653343511128899,0.418919817481526,0.941534104628099
KIF5B,-0.204280965950557,7.39269096835899,0.653330903694917,0.418924305945054,0.941534104628099
PHC1,0.493011224583607,4.87251574885065,0.653327729601713,0.418925435988157,0.941534104628099
NFKB1,0.319988463772273,7.00289876888004,0.652808140867343,0.419110481571905,0.941534104628099
TOR1AIP1,-0.322517047952337,5.90405165012061,0.652792097667964,0.419116197110862,0.941534104628099
NCOA1,0.324756855043866,6.00392697534197,0.652642687623146,0.419169431403712,0.941534104628099
TAOK2,0.612315694364049,4.3691084513464,0.652609716351467,0.419181180312484,0.941534104628099
TMEM106A,0.632714030742596,4.07971737194999,0.65222027130924,0.419319991404355,0.941534104628099
MAGOH,-0.199682550211569,6.95983844876872,0.651997642782837,0.419399374336527,0.941534104628099
GNG10,0.394770425463012,5.9173226162929,0.651921075712025,0.419426681127174,0.941534104628099
HINT2,-0.332205885999555,5.75366415583527,0.651888162866918,0.419438419939872,0.941534104628099
SLC35A5,-0.661184746745562,3.99662796731504,0.651820628030603,0.419462508688242,0.941534104628099
PRKAG2,0.304088972376684,5.64684598090681,0.651471490425127,0.419587074158105,0.941534104628099
UBXN8,-0.771163972978765,3.93941156417336,0.651077100917249,0.419727850942539,0.941534104628099
POLR3A,-0.723295762545331,4.48862719430091,0.650480798673613,0.419940833935353,0.941534104628099
IP6K1,-0.402470328285851,5.1980844182342,0.650480035616077,0.419941106582031,0.941534104628099
PRPF40A,0.180087103615027,7.40310509688709,0.650415254515696,0.419964254359702,0.941534104628099
NAA38,-0.224423332709019,6.97714900493259,0.650347797372106,0.419988360371304,0.941534104628099
MAN1A1,-0.331489299794685,5.57008869207475,0.650158121238752,0.420056152762174,0.941534104628099
TAB1,-0.755447211408524,4.22761088676158,0.649754741043463,0.420200379665026,0.941534104628099
ALKBH6,-0.616831130845661,4.52134511422535,0.649739457716047,0.420205845607017,0.941534104628099
PKNOX1,0.393813031920779,5.10476653439288,0.649616691855032,0.420249755539969,0.941534104628099
PHYH,0.422393173123598,4.77135088048596,0.649495275051329,0.42029318968518,0.941534104628099
C1D,-0.255693373236728,6.30260940639244,0.649045089948503,0.420454291798556,0.941534104628099
ISOC2,-0.440974406202528,5.16463317653191,0.649015264993125,0.420464968136467,0.941534104628099
RSRP1,-0.184211364669553,8.31240166783899,0.648737665501855,0.420564358891593,0.941534104628099
THAP6,-0.449981252317712,5.03125512760824,0.648295341267158,0.420722799581525,0.941534104628099
UQCRB,-0.103777617638893,9.49461757929536,0.648006342538233,0.420826367152571,0.941534104628099
MYO1G,-0.371712148468431,6.47179089013,0.647864860518698,0.420877083499888,0.941534104628099
PRPSAP1,-0.395905944518508,5.37792834155411,0.647786873243785,0.420905043107313,0.941534104628099
DNAJC17,0.438980225165048,5.04549406424621,0.647609107760193,0.420968785065284,0.941534104628099
PHF10,-0.31039582175499,5.82836313838607,0.647500911596234,0.42100758837876,0.941534104628099
IRF1,-0.212956621152043,8.18357500496247,0.646994850180594,0.421189152442603,0.941534104628099
PCGF1,0.490854407549726,4.38882131709786,0.646575445667754,0.421339714501261,0.941534104628099
OPA3,-0.688077752061869,4.38860495438531,0.645879177839024,0.421589845367595,0.941534104628099
SLBP,-0.303761451348829,6.24222119033031,0.645834678166779,0.421605839204644,0.941534104628099
WDR1,-0.263442529053531,7.22416851888113,0.64577192025774,0.421628396862079,0.941534104628099
PILRB,-0.412514259400121,5.35326093823923,0.64555213549848,0.421707410360453,0.941534104628099
IBTK,-0.375095912473582,5.73438170366404,0.645469297892397,0.421737196553948,0.941534104628099
HCST,-0.175336266733504,9.1742289463463,0.645119065484691,0.421863165552293,0.941534104628099
HIF1AN,-0.544730411763492,4.9576819048407,0.645082295932312,0.421876393815444,0.941534104628099
VCL,-0.854167536234893,4.4097861238167,0.644953598315812,0.421922699126242,0.941534104628099
BCL3,-0.412494951554287,5.37414554016982,0.644346563189824,0.422141212438288,0.941775893824354
RGS10,0.153311378536742,8.30985165951323,0.643007900970446,0.422623686928124,0.9423744557213
LEMD3,-0.430063973531689,4.98593544152426,0.642990467077684,0.422629975814185,0.9423744557213
AKR1A1,-0.291062095781439,6.20189396549356,0.642112143886859,0.422946992635496,0.942835421131904
TBC1D9B,0.447591944725058,4.91713924522145,0.641731745657824,0.423084401853826,0.942895868469332
GDE1,-0.424699179119517,5.29357209180756,0.641205341193514,0.423274662443079,0.943013353239395
UBE2E3,-0.417424032292793,5.38129919777252,0.640975619597835,0.423357731867212,0.943013353239395
RNF181,0.282770971998101,6.69593291193347,0.640124170695927,0.423665836741069,0.943453826074343
METRNL,-0.396197115336773,5.4720576264898,0.639119342145055,0.424029876125356,0.944018596613455
SIRT6,-0.53468430374145,4.56148908218883,0.638610316642208,0.424214470046749,0.944141726782824
TMIGD2,0.434001957690887,5.74871573163807,0.637939798421247,0.424457812044334,0.944141726782824
GTF2H2,-0.497677360981983,5.0506964513766,0.637714959083535,0.42453945680713,0.944141726782824
ZNF66,-0.573205127144689,4.01705641038346,0.637506652642472,0.424615119101303,0.944141726782824
COX15,0.430831483351187,4.75357178742079,0.637445383728299,0.424637377410219,0.944141726782824
ITGA4,-0.173812130896424,8.60029826025385,0.636920525867472,0.424828124179455,0.944158283713646
ACTB,-0.157741017724754,12.1711511491519,0.636039331583218,0.425148662207662,0.944158283713646
CDC25B,-0.48860103558676,5.31307469046893,0.636019497879783,0.425155880978377,0.944158283713646
PPIP5K2,0.287490545301705,5.82289211082569,0.63587228856999,0.425209465747491,0.944158283713646
CHERP,0.448992694309997,5.05655651045742,0.635451680200186,0.425362624781984,0.944158283713646
TAX1BP3,-0.413706156849296,4.77923210782235,0.635223654331202,0.425445692076233,0.944158283713646
CHCHD5,0.317301563165546,6.42685324788328,0.634987116201309,0.425531886058852,0.944158283713646
ORC4,0.406869234432979,4.95190080280938,0.63475042310996,0.425618162786972,0.944158283713646
HERC4,-0.257690437982639,6.54168219350854,0.634387775969056,0.425750401904168,0.944158283713646
BAG6,-0.321251009393001,5.5875752979366,0.633949748600344,0.425910210782311,0.944158283713646
SSR1,-0.203653335938837,6.8928566727486,0.63383634953858,0.425951597730787,0.944158283713646
VANGL1,0.821171764172292,3.77648039288084,0.633111476117305,0.426216295809824,0.944158283713646
UBR7,0.507275537156887,4.43578193423872,0.632877535451364,0.426301775474504,0.944158283713646
CARMIL2,-0.502466908131266,4.72899432530861,0.632799189570998,0.426330408070652,0.944158283713646
ALG10B,-0.701026980848084,3.89999578443707,0.632183187583699,0.426555635480688,0.944158283713646
LIN54,0.562924202055464,4.30653763888625,0.631358199009565,0.426857554891015,0.944158283713646
PRPF4,0.454175612502962,4.78108865650845,0.631277079563006,0.426887259387812,0.944158283713646
TSPAN14,-0.235920787462889,6.63424292800484,0.630749975343544,0.427080351437211,0.944158283713646
THAP3,0.42413451784819,4.77779682450266,0.630588317593723,0.427139597260514,0.944158283713646
ADIPOR2,0.370544598815272,5.1958631825971,0.630161180326825,0.427296198068441,0.944158283713646
NOC4L,-0.573631297522918,4.25572678935013,0.629934623993066,0.427379295256547,0.944158283713646
ZBED2,0.687871952504982,4.05648885374318,0.629395060588092,0.427577296474757,0.944158283713646
ZNF7,-0.539654783352785,4.54498965196173,0.628867833968466,0.427770904143347,0.944158283713646
SHC1,0.426939649598767,5.0683859724642,0.628647259525323,0.427851942511657,0.944158283713646
TMEM223,-0.343781920136177,5.57991918049478,0.628514207375053,0.42790083665706,0.944158283713646
KIF21A,0.370021705792939,5.43464238918878,0.628127589544018,0.428042959226936,0.944158283713646
DELE1,0.391486555490151,4.96770139207971,0.627829887842935,0.428152444338741,0.944158283713646
KLRC3,-0.615506810272753,4.31502951864603,0.627815595913546,0.428157701513691,0.944158283713646
C5orf63,-0.780586229336053,4.18558421572765,0.627731914329571,0.428188485087788,0.944158283713646
ADTRP,-0.76084871144685,4.86709425639922,0.627614950446592,0.428231517670957,0.944158283713646
DCP1A,-0.398691234196252,5.28168436297094,0.626776512157704,0.428540181569258,0.944158283713646
MPZL3,-0.39875339939357,5.14011118914017,0.626594906827602,0.428607082273578,0.944158283713646
MPST,-0.532868367377306,5.18694171926324,0.626593923635188,0.428607444509968,0.944158283713646
ZNF136,-0.513986429042736,4.54664905354137,0.626370522554721,0.428689763887052,0.944158283713646
CSK,-0.193518120244873,7.38140432334138,0.626196513895284,0.428753899566403,0.944158283713646
E2F6,-0.682466013169596,3.97916958769386,0.625750184823261,0.428918472702406,0.944158283713646
PXMP2,0.547377541519785,4.4676151406506,0.625374683621583,0.429057003685892,0.944158283713646
SELENOT,-0.176769035465111,7.32517040855647,0.625348527114936,0.429066655937911,0.944158283713646
CMPK1,-0.205463090549066,7.11131624047856,0.625191914742361,0.42912445576776,0.944158283713646
IRF9,0.25281887978399,6.65057524475401,0.625029289196505,0.429184487290504,0.944158283713646
CCT3,0.202687774509544,7.1406433143784,0.624447691719363,0.429399281825047,0.944158283713646
GPRIN3,-0.16164804739198,7.73876695035207,0.624389739899849,0.429420693388727,0.944158283713646
PRR3,-0.68138732281722,3.99443617342587,0.624208944269757,0.429487502651353,0.944158283713646
IRF2BP2,-0.23717728336547,7.22604561264037,0.624033872413087,0.429552211790651,0.944158283713646
RDX,-0.34602974664621,6.42477124709403,0.623517062776397,0.429743318272016,0.944158283713646
CEP55,-0.691331379579701,3.97516092620512,0.623120842687179,0.429889920107823,0.944158283713646
GTPBP2,-0.531921316895674,4.18738225478652,0.62254863885962,0.430101769675514,0.944158283713646
GTF3C6,0.182852301952491,7.09146590279538,0.622202688350026,0.430229929111539,0.944158283713646
NEK4,-0.564500781261714,4.18437163456533,0.621908940249984,0.430338795234349,0.944158283713646
PPP4R3A,0.235370925507938,6.89161828153768,0.621486720908148,0.430495347210957,0.944158283713646
SLC26A2,-0.476924635994654,4.73535839220895,0.621078494108375,0.430646792994064,0.944158283713646
DNTTIP1,0.51817402746912,4.69672402747124,0.621076180926146,0.430647651378514,0.944158283713646
RIOK3,-0.264341559827727,6.34701990369514,0.620866370520064,0.430725519399558,0.944158283713646
SEC24C,-0.477965537936096,4.85181346499797,0.620748672881451,0.430769210470546,0.944158283713646
PPIF,-0.392197905169597,5.15627429512511,0.620553315355416,0.430841744839336,0.944158283713646
PCNX3,-0.679283735243385,4.55053216906891,0.620430233027012,0.430887453624514,0.944158283713646
SLMAP,0.329051524154808,5.49485438553215,0.620288900810417,0.430939948888835,0.944158283713646
GATC,0.468045912694088,4.89766630585419,0.619490168845239,0.431236805490404,0.944468391552339
ZNF274,-0.57717846423977,4.86333859335826,0.619313670089682,0.43130244480294,0.944468391552339
KIAA1671,0.630938131029773,4.04368716940533,0.618895187418485,0.43145813769309,0.944521385082941
FAM162A,-0.380241691818358,6.3594036549522,0.617605968091347,0.431938316835471,0.944521385082941
LRRC28,0.642700047938948,4.39536544709472,0.61755787543148,0.431956244980865,0.944521385082941
GPANK1,0.378685835972249,5.14423702488402,0.61673132684553,0.432264545159286,0.944521385082941
RPRD2,0.382362988049458,5.75551924743467,0.616451419161434,0.432369025613905,0.944521385082941
ZFP90,-0.386581807233958,5.2328509129784,0.616311889141333,0.432421121963846,0.944521385082941
CD63,-0.202474324639514,7.84951776547599,0.615662530844331,0.432663698456529,0.944521385082941
CDK10,-0.442857141619453,4.97399647646299,0.61543931000331,0.432747133333921,0.944521385082941
SAMD8,-0.429949727220521,5.04150561937395,0.61535339738921,0.432779252031062,0.944521385082941
EDEM3,-0.353039022934392,5.5095830888612,0.615206962826822,0.432834005394736,0.944521385082941
RETREG2,-0.301652429150863,5.79212415313701,0.61514975719591,0.432855398017709,0.944521385082941
HPCAL1,-0.354787802286072,5.66771235548468,0.614715639478405,0.433017793093006,0.944521385082941
GRHPR,0.373044831724949,5.52994162092989,0.61453663466849,0.433084782307616,0.944521385082941
SYNCRIP,-0.197712425230114,7.06754237601305,0.61446463117777,0.433111732714933,0.944521385082941
TIMP1,-0.310879096571049,6.63998774078254,0.614440196461676,0.433120879039095,0.944521385082941
ZC3HAV1,-0.163831930748949,7.56362354819002,0.614295997807595,0.433174860994084,0.944521385082941
FIZ1,0.731641930535681,3.79435677078447,0.613408425726519,0.433507356297849,0.944521385082941
RPP25L,-0.461231442142808,4.99889861460184,0.613346578030068,0.43353053966117,0.944521385082941
DNAJB12,0.382885689214128,5.29834616720983,0.613272803519966,0.433558196209666,0.944521385082941
ITK,-0.233691507615669,6.88931471138601,0.612863174139008,0.433711806684599,0.944521385082941
TRMT11,0.426523551882374,4.84656567900455,0.612439045760322,0.433870941534052,0.944521385082941
CD81,-0.211331818102043,7.66991895963222,0.612304806511174,0.433921327207853,0.944521385082941
QSOX2,0.671068659480082,3.98356591731713,0.611813261169292,0.434105901017995,0.944521385082941
B3GAT3,-0.282137986103007,5.90376632326791,0.611717117801138,0.434142016539902,0.944521385082941
C3AR1,-0.754963940726903,4.26691390181268,0.611657397553152,0.43416445229813,0.944521385082941
SPATA2L,-0.715222494131951,4.21767983517587,0.611564888529946,0.434199209659137,0.944521385082941
CD59,-0.325059752646069,6.33429344460684,0.611253783646745,0.434316128638554,0.944535381259475
TMEM273,-0.366339552517818,5.21165096922641,0.610214380096085,0.434707103669835,0.94504189084405
TRAV17,-0.668013181264004,4.40446655055938,0.610046984772875,0.434770120094707,0.94504189084405
CSTF2T,0.442409044245392,4.84556045500473,0.609575554217816,0.434947666240016,0.945187493311108
ARFGEF1,-0.284044855287115,6.1315415717196,0.608937869705699,0.435188001439639,0.945469434385634
ATMIN,-0.36557376471187,5.48637940485619,0.608071251530866,0.43551494357558,0.945939342639134
BZW2,-0.400887871840273,5.44642487964714,0.606860203632362,0.435972454081786,0.946390361807454
BCL2L11,-0.33597203670726,6.66323030328498,0.606717086667555,0.436026569370705,0.946390361807454
RHBDD1,0.472709865736528,4.49265391028849,0.606642699705432,0.436054700568436,0.946390361807454
TRAV6,-0.732883874222796,4.19793306946282,0.605855497167466,0.436352569847592,0.946566393132671
NDUFA13,-0.133344992280563,8.81634055654316,0.605820724690567,0.436365734558424,0.946566393132671
MSH2,-0.445969552477476,4.83755880757642,0.605543673501114,0.43647064663076,0.946566393132671
ZHX1,0.41164268440913,5.09100096413509,0.605091198245857,0.43664207011109,0.946566393132671
GNPDA1,-0.426863183953818,4.95355852459083,0.604447942743887,0.436885949214419,0.946566393132671
GPN1,0.417464565768116,5.08354008063859,0.603567385354378,0.43722013498453,0.946566393132671
NUDT4,-0.29962888472501,5.79767127469834,0.603414808058549,0.437278080271815,0.946566393132671
CYP20A1,0.290347271570855,5.88151092811538,0.602606426496148,0.437585280781052,0.946566393132671
OBI1,0.505095615957388,4.81638204754628,0.602272278805518,0.437712359792063,0.946566393132671
VEZF1,0.327943722041733,5.58664470005762,0.601971981108553,0.437826613582941,0.946566393132671
STYXL1,0.428124127329881,4.59924241127592,0.601855349371833,0.437871000585259,0.946566393132671
HSD17B7,-0.520649579060551,4.75230552832144,0.601642379592091,0.437952069116501,0.946566393132671
SMARCB1,-0.367339609021795,5.72384413627843,0.601569393803491,0.437979856987495,0.946566393132671
RNFT1,-0.445431508806562,4.95818946004845,0.601378164057671,0.438052676672253,0.946566393132671
ETAA1,0.528364609868883,4.58003252110242,0.601331181147449,0.438070570453652,0.946566393132671
DNAJC25,-0.764997614286786,3.85777154276682,0.601218437899172,0.438113514102126,0.946566393132671
PSMD4,-0.211656988363547,6.74561365905407,0.600971318786687,0.43820766377095,0.946566393132671
GNG5,-0.130791863029557,8.31057553949287,0.600844595140156,0.438255956110535,0.946566393132671
CXXC1,-0.410726946390058,5.05642692440889,0.60081319663022,0.438267922836935,0.946566393132671
OSGEPL1,0.57925586364818,3.95950474290801,0.600536475405622,0.438373409593352,0.946566393132671
EGLN1,0.410486517042296,5.01308821714164,0.600184590133759,0.438507605250791,0.946566393132671
HNRNPA0,0.177993343182861,7.27773523501948,0.600016574240245,0.438571702327584,0.946566393132671
MTIF2,-0.539948982750708,4.57325694703525,0.599634052785333,0.438717685590484,0.946642477060336
OTUD1,-0.480833801138966,5.08190549365992,0.598837411132983,0.439021950504511,0.946835589459308
ZNF480,-0.408555452134792,5.16099833684867,0.598819773255194,0.439028690679225,0.946835589459308
ARMT1,0.39122565559385,5.00442764495748,0.59831952737005,0.439219921773737,0.947009107501558
CALCOCO1,-0.38577200794866,5.61938401606011,0.597521939802565,0.439525083339051,0.947428123415417
CEP290,0.33369030264873,5.59363446337162,0.596738207560048,0.439825260879606,0.947591193071414
WWP1,-0.301134971156803,6.13260615342497,0.596252833848666,0.44001132189215,0.947591193071414
SLC7A6,0.322976642024176,5.8414531961657,0.596242589043456,0.440015250393106,0.947591193071414
RPSA,-0.125650513781304,11.043079497363,0.595912970226216,0.440141675682732,0.947591193071414
ARID1B,-0.208832333651022,7.74642307286308,0.595831810488855,0.44017281305953,0.947591193071414
TTF2,0.438604336478465,5.3570050705981,0.595589524130087,0.44026578768039,0.947591193071414
MRPL57,-0.183244991689204,7.279465263451,0.593950666185776,0.44089547403951,0.948626658875325
SCAMP4,0.421274380818493,4.98122591699635,0.593760036125499,0.440968808325014,0.948626658875325
TRIP11,0.261692461934992,6.26574897022839,0.592800944072376,0.441338050378027,0.948746239131486
SCAMP1,-0.370061274242673,5.2696253836758,0.592644420422554,0.441398355772806,0.948746239131486
SIPA1,-0.346448904595307,5.7619219875459,0.592528738965104,0.441442933648771,0.948746239131486
TASOR,0.531857165154531,6.28770078342629,0.592462907328656,0.441468304978951,0.948746239131486
PEX19,0.524639942676596,4.48502052701056,0.59183940462415,0.441708712555054,0.948830723428268
ESRRA,-0.353882626897847,5.35979733823745,0.591600151741705,0.441801016207799,0.948830723428268
UBL7,-0.446540686623713,4.9638323525847,0.591497627745923,0.441840579011339,0.948830723428268
UQCC3,-0.388504712341937,5.39869932236616,0.590644659211085,0.442169941224778,0.949155307166356
ANK3,-0.568170803961646,4.86326488512294,0.590009658482995,0.442415383866683,0.949155307166356
ZDHHC24,-0.374585279418229,5.44504272688278,0.588828584651827,0.442872455583774,0.949155307166356
RTN4,-0.185935973435776,7.02236704686183,0.588713417877722,0.442917063718577,0.949155307166356
RHNO1,0.404216195508948,5.19333792855884,0.588553277747693,0.442979103135218,0.949155307166356
CCDC82,-0.247879798611341,6.30901693526893,0.588526239022675,0.44298957945115,0.949155307166356
SMARCE1,0.225329821699,7.06383872102373,0.588374422038516,0.443048408950955,0.949155307166356
KIAA1328,0.479130078593993,4.39218775575499,0.588245322863191,0.443098444722511,0.949155307166356
GALM,0.214546976612003,6.59532599114242,0.588216677423537,0.443109548196134,0.949155307166356
ZNF839,-0.63973445737841,3.93463926817183,0.588096201492251,0.443156251476152,0.949155307166356
CAMTA2,-0.36766805374431,5.35270685003047,0.587545950585888,0.443369656455619,0.949155307166356
DGAT1,-0.462975243756303,4.98519209662279,0.587369181841718,0.443438246724238,0.949155307166356
FEM1B,0.338524324116253,5.25798464460348,0.587159286911616,0.44351971198138,0.949155307166356
PEX11B,0.444700754278841,4.68601449835595,0.586881300012976,0.443627640944318,0.949155307166356
RNF121,-0.575299760725544,4.36887407488035,0.586805424100611,0.443657106964178,0.949155307166356
ENO1,-0.170424698692187,8.74294130550303,0.586341225763922,0.443837441839914,0.949216355229805
FOXJ3,0.361794625597892,5.82729222148134,0.586160435420929,0.443907707124665,0.949216355229805
UNC119B,0.676298571080145,3.92651576451958,0.585752284888674,0.44406640057389,0.949220102307419
KLHL18,-0.524863813640111,4.65819298447628,0.585432343501708,0.444190858642089,0.949220102307419
EIF2S1,-0.309045210981352,6.13226548922614,0.58508231267135,0.44432708336312,0.949220102307419
ATG10,-0.575590989113891,4.42653787653885,0.584997898133903,0.444359945412754,0.949220102307419
MFSD14B,0.333860088215977,5.39539721998316,0.584680597339776,0.444483502239763,0.949220102307419
PCF11,-0.256907395032619,6.5070819352855,0.584444028210323,0.444575656759727,0.949220102307419
SH3BGRL,0.167745970184447,7.53520488740402,0.58361094287088,0.4449004171083,0.949676321063384
ATP6V1A,0.371116135140058,5.00102789613674,0.582979886299215,0.445146665335334,0.949964763342929
SURF1,-0.332978944812988,6.00250400294256,0.581738902150669,0.44563153287896,0.950762159865791
PPCDC,-0.551635658823396,4.27288197648892,0.581256422249936,0.445820264515781,0.950773087626711
C11orf71,-0.69157550208381,4.17754145218018,0.581020237789097,0.445912697940577,0.950773087626711
CUX1,-0.369946784365247,5.10857200479978,0.580666410270136,0.446051227883169,0.950773087626711
TAF10,-0.250599852980086,7.15797423436511,0.580411395992055,0.446151112010963,0.950773087626711
PSMA2,-0.20645084687686,7.70443304649329,0.580305173514459,0.446192727518817,0.950773087626711
PPP6R3,-0.264015978351077,6.21026075645546,0.579151450725504,0.44664511747968,0.951499902649833
MALAT1,-0.112448707045858,16.1010287690954,0.577741438028959,0.447198969293698,0.952061972960528
NFRKB,-0.507189729817507,4.73642222805983,0.577662143295058,0.447230147864631,0.952061972960528
FLCN,-0.483319998771004,4.73224885497867,0.577398920093192,0.447333671044098,0.952061972960528
ZNF280C,0.697135065878796,3.80012006832781,0.577346171527807,0.447354421029646,0.952061972960528
TRAPPC1,-0.140587105751416,7.84099701596358,0.576700983453796,0.447608343166942,0.952101501828694
TFB1M,-0.577535225343454,4.64285256542066,0.576519488692739,0.44767981314775,0.952101501828694
ALG1,0.535990233129615,4.25054422412785,0.576450195135994,0.447707104614733,0.952101501828694
ARID4A,-0.220262564111792,6.60327196186583,0.575472425694375,0.448092477823683,0.952684056929785
GTDC1,-0.466093970448689,4.97941736623355,0.574686948662489,0.448402435654352,0.952969429370451
FBXO22,0.376569967158044,5.58719081120957,0.574567387840681,0.448449644912542,0.952969429370451
AMMECR1L,-0.637405468873503,4.04636694721071,0.574241395567514,0.448578404084162,0.952978031808958
UBTF,-0.264925556050231,6.78296707617033,0.573443218290617,0.44889390811292,0.952978031808958
GNB1,-0.178458303565691,7.54793970436128,0.57343119815838,0.448898662078895,0.952978031808958
ARL16,-0.412411149951333,5.48257719382643,0.5734288699723,0.448899582886264,0.952978031808958
GAR1,-0.375639987388928,5.25840864890378,0.572744313847652,0.449170455350672,0.953316341309061
ZC3H7B,-0.443019107187558,4.84150539289722,0.572315649174707,0.449340203617295,0.953439910827564
SLC35A1,0.520069465070404,4.59961777466832,0.571037760098196,0.449846832631459,0.954246004552665
CHURC1,-0.155500667791811,7.93793015472132,0.570794581358468,0.449943343590103,0.954246004552665
DLEU2,-0.288181480399443,5.58664970311369,0.569965886639924,0.450272472439741,0.954406854450314
MIR4458HG,-0.646048196213132,3.89362530753452,0.56970096123921,0.450377770883959,0.954406854450314
ATP5MC1,0.216928187625636,6.80315812493105,0.56955215760393,0.45043693190454,0.954406854450314
CARD19,0.330102580497826,5.52399161229223,0.569212387494865,0.450572062435227,0.954406854450314
AGTPBP1,0.429623027150057,4.70114622924273,0.569199007719234,0.450577385022981,0.954406854450314
ZNF26,-0.507061180219379,4.77695918758303,0.5682754822299,0.450945008676633,0.954948942079895
MRPS30,-0.392737379081966,5.3266560831133,0.567673926052541,0.45118471949933,0.955121348018434
CANX,-0.165600473129911,7.48874014891253,0.567418600057405,0.451286523152753,0.955121348018434
GMFG,0.099940603254497,9.1080757229748,0.567230384430927,0.451361591530527,0.955121348018434
CD84,-0.290476731051589,6.59658059850692,0.566424006152843,0.451683430497884,0.955400493147855
S1PR4,-0.237885904628694,7.11985146796743,0.566230425945047,0.45176074499064,0.955400493147855
ATP6V1D,-0.275114122810316,6.03020859586253,0.56591557529509,0.451886538216769,0.955400493147855
VPS11,-0.474890075709548,4.64356126611124,0.565354976191216,0.452110651760146,0.955400493147855
ZNF3,-0.581917060240702,4.39797350215121,0.565091704241725,0.452215961351389,0.955400493147855
ANKRD13C,-0.424186689445863,4.75985966402949,0.565048900259413,0.452233086704821,0.955400493147855
MBOAT7,0.428911048378951,4.83104538748521,0.564553377708236,0.452431413189602,0.955400493147855
EIF3B,-0.265864944855351,6.18594467834426,0.564140302894169,0.452596845137878,0.955400493147855
LMNB2,-0.474150945807711,4.55486106095445,0.563958550597,0.452669664960824,0.955400493147855
LRRC58,0.334361043842669,5.5103141540126,0.563119249007009,0.453006172880015,0.955400493147855
B3GALNT2,0.509400003220905,4.36309557869068,0.562985118298688,0.453059987308606,0.955400493147855
AMFR,-0.399944438354078,4.88466941869844,0.562984664711259,0.453060169308901,0.955400493147855
SNX20,-0.341404028512307,5.80707113051065,0.562854526548666,0.453112391503286,0.955400493147855
KLF16,-0.583710447197717,4.26166223106993,0.562824546723213,0.453124423226013,0.955400493147855
UBN2,0.408161840640482,4.84043969668487,0.562344490080825,0.453317151307995,0.955400493147855
PLRG1,-0.381075410742807,5.25321933394119,0.562328262274232,0.45332366852238,0.955400493147855
GID4,0.633795156506858,4.02999683045517,0.562154763858946,0.453393356030044,0.955400493147855
SLC36A4,-0.418325171631193,4.79281069647902,0.561487165257319,0.453661660970474,0.955546346139915
TMF1,0.223491555857687,6.90321146535591,0.561426342978354,0.453686117555494,0.955546346139915
PNPLA8,-0.377225261047387,5.5613288997264,0.560570678904337,0.454030398731267,0.955757855475118
IDNK,-0.572429716301438,4.38762789878093,0.560206247931923,0.454177154084639,0.955757855475118
DIMT1,0.386897689704287,5.1160554287411,0.560061276709758,0.454235554305685,0.955757855475118
CHMP2B,0.255967376698416,5.94036230223848,0.560051707784153,0.454239409467431,0.955757855475118
SLC43A3,-0.605031953003514,4.2781527223676,0.559788358570762,0.454345528675972,0.955757855475118
RNASEH2C,-0.303095091173934,6.54444008997855,0.559080185564081,0.454631087328368,0.955762056377662
EDEM1,-0.381240101842004,6.10659552507688,0.559023224272018,0.454654068246445,0.955762056377662
POLR3GL,0.193367021956087,7.1406496611391,0.558951717670507,0.454682920024325,0.955762056377662
GALK2,0.409596670904557,5.05951668181567,0.558553986768768,0.454843450648404,0.955864468926549
TIMM22,0.396034912095436,5.01506516122216,0.557660966650444,0.455204212777272,0.95594421485816
SRFBP1,-0.318476131067028,5.48087324652362,0.557588491296846,0.455233511097743,0.95594421485816
SIMC1,0.648591982242216,4.06899948890058,0.557478579687842,0.455277948766321,0.95594421485816
SUSD3,0.267937418713371,6.47717198415991,0.557036270749673,0.45545684489797,0.95594421485816
RFX5,0.47132627831358,4.81992120093919,0.557022839596275,0.455462278987941,0.95594421485816
MCM7,-0.436553657857049,4.85223542503363,0.556633864838965,0.455619697964148,0.95594421485816
EEPD1,1.29187520441679,4.62147512652023,0.556391746466176,0.455717727063989,0.95594421485816
TRERF1,0.459734589544022,4.90070410563633,0.555309258423367,0.456156412125036,0.95594421485816
SPATA13,-0.233444099144379,6.39655364750482,0.554876495725718,0.456331978031568,0.95594421485816
TDP1,0.388347984518432,4.85818990288168,0.554852601779558,0.456341674579572,0.95594421485816
SRSF6,-0.27880231509766,6.50451551059434,0.554721748025207,0.456394782897167,0.95594421485816
TRAK1,-0.511144880318254,4.05517449561327,0.55464625122648,0.45642542846576,0.95594421485816
CLIC1,-0.135271897751663,9.18573462090974,0.55459672857679,0.456445532400531,0.95594421485816
EMC4,-0.280843851489304,6.076207621833,0.554593435643856,0.456446869230437,0.95594421485816
BRI3,-0.206509342318148,7.14510638748224,0.554131151741542,0.456634603590375,0.956103165832505
ZNF148,0.255511263579182,6.32151528487979,0.553779902736672,0.456777327854337,0.956167819742097
SLC16A1,-0.404131462181268,4.94357318170549,0.553068871126071,0.457066459269918,0.956538839730363
HIBADH,-0.546771807483738,4.34286336967315,0.552767056548948,0.457189275375778,0.956561702199589
PIP5K1A,0.433443412933581,4.77890530890942,0.552005570740729,0.457499375042009,0.956976304681706
SELPLG,0.206913394232671,7.22960968232606,0.551410058474318,0.457742116749813,0.957128177067462
EIF4E3,0.316694505753509,6.08893169341971,0.551019232057254,0.45790153530682,0.957128177067462
PDHA1,-0.366236896404964,5.44002727427858,0.551003745636766,0.457907854042101,0.957128177067462
HELZ2,-0.388942737548553,5.57494249083665,0.549241831628127,0.458627646870143,0.958014366228918
CWF19L2,-0.232034322307003,6.53606399342318,0.548562724453529,0.458905559499517,0.958014366228918
RBCK1,-0.205324872699462,6.79768706473306,0.548509577291979,0.45892732027669,0.958014366228918
MRPL49,0.439391926138531,5.04829967166222,0.548391131248728,0.458975823151715,0.958014366228918
TGDS,0.512713863199189,4.62934828267728,0.547877569225623,0.459186217278863,0.958014366228918
SEC23IP,-0.388147903944139,5.24922619138234,0.547804019053526,0.45921636152716,0.958014366228918
CNPY2,-0.17924953835692,7.04214279191729,0.547723747560074,0.459249264057368,0.958014366228918
RRM2B,-0.542470044594024,4.25942856576764,0.547216622046296,0.459457216328196,0.958014366228918
ELMO2,-0.614006095774522,4.37894437641951,0.546696491673274,0.459670656309999,0.958014366228918
SRCAP,-0.443340555806856,4.63447550549329,0.546495083055921,0.459753348255425,0.958014366228918
DCLRE1C,-0.34182910739067,5.47370268184056,0.546302996907221,0.459832234650373,0.958014366228918
TMEM245,-0.323308214491737,5.66852874347084,0.545980146368613,0.459964871999854,0.958014366228918
SETD5,-0.280555820027358,6.25319425869214,0.545427030942307,0.460192250513763,0.958014366228918
STT3B,-0.26883515922184,6.5781857132816,0.544813970447521,0.460444479940034,0.958014366228918
SAP30,0.357295209249158,4.9769811346138,0.54462788008725,0.46052108584888,0.958014366228918
OSBP,-0.338327398225943,5.38205057980043,0.544432911836967,0.460601368115558,0.958014366228918
RPL24,-0.0748535033076369,11.1969018449679,0.544294826963174,0.460658240890107,0.958014366228918
HTATSF1,-0.209140680988562,6.53808222424035,0.543850100718123,0.46084148525627,0.958014366228918
SPAG16,0.501404864155816,4.34953800428726,0.543671959511151,0.460914918753407,0.958014366228918
BCAS2,-0.293269711274147,6.08207661014058,0.542853725748369,0.461252450384692,0.958014366228918
MYCBP,0.31163291128426,5.54850805705768,0.542748433869072,0.461295913098033,0.958014366228918
FOXO1,-0.296955886020055,6.09520160003029,0.542307616468207,0.461477945733151,0.958014366228918
RBMX2,-0.353379473189464,5.65186435409966,0.542264800882217,0.461495632226064,0.958014366228918
SFMBT2,0.344283722137793,5.58918000650365,0.541656823315737,0.46174689514921,0.958014366228918
PDRG1,-0.401446126118967,5.05076044083502,0.541478885166733,0.461820473954542,0.958014366228918
SDHAF3,-0.348297133127992,5.03121673601629,0.541178719870336,0.461944636877597,0.958014366228918
USP1,0.226650692926795,6.29892347401131,0.540914869930102,0.462053821842189,0.958014366228918
ANAPC7,-0.351102048429464,5.29414375003676,0.540349261560547,0.462288017184149,0.958014366228918
LRRC47,0.371184465022202,4.94181960016081,0.539904742819577,0.46247220679144,0.958014366228918
GPR89B,-0.627966724622367,3.89560530836956,0.539803028023998,0.462514369480314,0.958014366228918
FAM217B,-0.337095582228467,5.42137764863228,0.539757465110991,0.462533258145277,0.958014366228918
AIFM1,0.428097180290676,4.71438439797255,0.539700125277413,0.462557030821805,0.958014366228918
ZDHHC5,-0.356632778371042,5.56205852963731,0.539042650901504,0.462829753947376,0.958014366228918
FMR1,0.276258797789704,5.79109122778957,0.538808155544739,0.462927085538981,0.958014366228918
TM2D3,-0.308017365078179,5.88167557623847,0.53873295099644,0.462958307466313,0.958014366228918
CD47,-0.170634289951341,7.49996743865236,0.538332610235809,0.463124569430636,0.958014366228918
AASDHPPT,-0.279976546540476,5.8233274574009,0.538255434804354,0.46315663140717,0.958014366228918
IFI44L,0.478347472236681,7.01323183000745,0.537636048387427,0.46341407915595,0.958014366228918
TMEM161A,-0.57746249838541,4.26886300890926,0.537602435498918,0.463428056863952,0.958014366228918
RPL27A,-0.123041598533251,11.1743018418515,0.537516964779394,0.46346360235098,0.958014366228918
CHMP1B,0.291013893013088,6.00260193129186,0.537337711832095,0.463538164021918,0.958014366228918
EID3,-0.619542625265437,4.33876745825895,0.537315071921181,0.46354758263052,0.958014366228918
CDIPT,0.295328116587103,5.70177008777278,0.537002316575435,0.463677725680644,0.958014366228918
GTPBP6,0.250113999869229,6.11540087328994,0.536983943838711,0.463685372713851,0.958014366228918
NAA16,-0.383313504419377,5.20700598907694,0.536880048146056,0.463728619582336,0.958014366228918
IKZF5,-0.412177119671883,4.69502348600783,0.53627635165013,0.463980037229661,0.958014366228918
CITED4,-0.41716119054011,4.90549905260075,0.536266331135405,0.463984212243889,0.958014366228918
MPHOSPH6,0.306563040091884,5.54959661066922,0.536171439759324,0.464023751391888,0.958014366228918
DDI2,-0.494472260810701,5.43141647797288,0.536009222747143,0.464091356100004,0.958014366228918
DDX3X,-0.184019030782965,8.38018523652006,0.535942735321461,0.464119069589701,0.958014366228918
PRIM2,-0.511746275104757,4.69233183364588,0.535939924629879,0.464120241208828,0.958014366228918
MAPK11,0.590206098341881,4.07954616388724,0.535737454331716,0.464204652095849,0.958014366228918
PCAT1,0.601717414976834,3.95684729824051,0.535009826760611,0.464508206017462,0.958014366228918
SLC39A4,-0.542500488700229,4.60636308508731,0.534872818973053,0.464565398798428,0.958014366228918
CTLA4,-0.267834296651228,7.63746351197507,0.534834356642996,0.464581456604869,0.958014366228918
MSANTD4,0.4111953259315,4.70314159994231,0.534772528642041,0.464607271304842,0.958014366228918
CEACAM21,0.538300741514155,4.4957833462423,0.534498431275186,0.464721741237379,0.958019331043732
ATXN7L3B,-0.26571289095991,6.31656156729069,0.533768226977287,0.465026912805749,0.958349458576215
PIH1D1,-0.248709361036682,6.176217985608,0.533578916227219,0.465106083007687,0.958349458576215
POU2F2,-0.327353700876099,6.7603873651658,0.533097928858764,0.465307329977577,0.958533099753809
EMSY,-0.446820337631371,4.81772429238119,0.532655620729162,0.46549251628996,0.958683575466843
IFT88,0.469966354449027,4.50727256720411,0.531826760262309,0.46583986252248,0.959167867221744
ZNF611,-0.679346746273227,4.23341790496552,0.531417766349406,0.466011410275583,0.959290042486385
DEDD,0.518945186301183,4.44729019325129,0.531086037167668,0.466150624501649,0.959345616000143
ALG5,-0.293160845173604,5.65598814867748,0.530029551040107,0.466594435879539,0.9598231481069
YTHDF1,-0.400425101751231,4.99165098697153,0.529999175943363,0.466607205934294,0.9598231481069
TRGC2,0.440763410202883,6.11365312121262,0.528707358329442,0.467150820374087,0.959836357410578
CRIP1,0.417512106261084,10.956373152537,0.528421098381301,0.467271419875399,0.959836357410578
PARL,-0.366258156416415,5.59380967352337,0.52829972627092,0.467322568249064,0.959836357410578
USP25,-0.3171890524674,5.46176815912613,0.528231926457277,0.467351144209842,0.959836357410578
PATL2,0.612762329240842,4.41105405067981,0.528077221470404,0.46741635906734,0.959836357410578
FARSB,0.492302321843101,4.53956906826644,0.52801526968566,0.467442478523102,0.959836357410578
CCDC14,-0.340681783730075,5.49992261386275,0.527905797479312,0.467488638760643,0.959836357410578
ZBTB11,-0.257233422865565,5.84495132221767,0.527646912662148,0.467597829676203,0.959836357410578
WDR55,0.410525511150261,4.88580037144884,0.526899909729384,0.467913125711483,0.959836357410578
SNX3,0.18236054419904,7.29424829389195,0.526846214041935,0.467935802807765,0.959836357410578
C2orf76,-0.594658470572793,4.29308569871854,0.526843419855709,0.467936982914147,0.959836357410578
GNAO1,-1.18938489041333,3.82641140009431,0.52678673644872,0.467960923814164,0.959836357410578
SNHG14,0.402947710334443,5.59902889433108,0.526149852528491,0.468230054445478,0.960158008024561
PPM1M,0.239157355192627,6.07500880487678,0.525602692095667,0.468461468857236,0.96020651154369
TTN-AS1,0.526030911909286,4.64787268609673,0.525550668060568,0.468483481314732,0.96020651154369
AKT3,-0.385870832849293,5.08835771859701,0.525096825178359,0.468675582254905,0.96020651154369
SCFD1,-0.25626920975867,5.96810305894019,0.52431986583678,0.469004744826049,0.96020651154369
HDAC5,-0.44724833489556,4.74593270359124,0.52430516987861,0.469010974421479,0.96020651154369
IRAK1,0.352411509923934,5.26688323430173,0.524174290384462,0.469066459920732,0.96020651154369
FUBP3,0.350767523192476,5.02457020071339,0.523993558596337,0.469143097330195,0.96020651154369
ISCA2,-0.356674793295889,5.46076628420826,0.52397197357967,0.469152251575388,0.96020651154369
ATXN2L,0.291986679789822,6.2427944047092,0.523654458744979,0.469286943411532,0.96025229277769
EP300,-0.239344371602861,6.50562323477185,0.523314405379367,0.46943126525452,0.96027546034768
YEATS4,0.326585593833226,5.21177789752525,0.523005035567124,0.469562626775099,0.96027546034768
RPP30,-0.350580971157117,5.13805537312782,0.522834074708129,0.469635243854679,0.96027546034768
TIPARP,0.341774086827873,5.35097221092859,0.521970556923865,0.4700023068779,0.960722095274338
HERC6,0.406452508075775,4.8971551538713,0.521554278350706,0.470179423152656,0.960722095274338
LUC7L3,-0.151855094766089,7.85655166178734,0.521296336119898,0.470289225191018,0.960722095274338
NONO,0.204248811529569,7.20330759949519,0.521021606487317,0.470406218826027,0.960722095274338
ALOX12-AS1,-0.436987546887598,4.57168432906365,0.520571187971051,0.470598131134581,0.960722095274338
AOAH,0.392495211159828,4.57415445665322,0.520063851835598,0.470814445888654,0.960722095274338
REXO2,0.244517122495493,6.532362567722,0.520026915843406,0.470830200684959,0.960722095274338
TMEM87B,-0.357491081848705,5.21722807476945,0.519683175014674,0.470976861796961,0.960722095274338
ANGEL2,-0.302966540301572,5.51611289515779,0.519024355199541,0.471258161238939,0.960722095274338
EXOC6B,0.675029842429207,3.80796864467357,0.517568362474519,0.471880796513326,0.960722095274338
CHMP1A,0.289582135797384,5.74657763312612,0.517564523518374,0.471882439946451,0.960722095274338
HNRNPK,-0.095677869263944,8.88275036028042,0.517440143119231,0.471935691422848,0.960722095274338
SRF,-0.516313277125658,4.84795935767757,0.517243573387518,0.472019869411993,0.960722095274338
MTHFS,-0.343417365459755,5.35911354414604,0.517019618118194,0.4721158044206,0.960722095274338
CLUH,-0.668765787056568,4.00554341126349,0.516315745525091,0.472417525426708,0.960722095274338
ABCC1,0.334358779808215,5.10588648723138,0.515732102337175,0.472667945663495,0.960722095274338
ZNF830,0.337254269243738,5.44960916275679,0.515641222006991,0.472706958459545,0.960722095274338
NCAPH2,-0.43897944813309,4.77835403612365,0.51555374709551,0.472744514310938,0.960722095274338
LITAF,0.248970463752751,6.73065079976611,0.515372045546314,0.472822540185964,0.960722095274338
SEC13,-0.297837625279557,5.48370943806384,0.515160850253867,0.472913257395568,0.960722095274338
CENPT,-0.449134810536946,4.73631991065922,0.514986073909004,0.472988352452736,0.960722095274338
BCL9L,0.251598433429647,5.83650385709735,0.514719364540927,0.473102985012015,0.960722095274338
RNF25,0.798099183320494,3.97159961507437,0.514381890671861,0.473248096875609,0.960722095274338
MRPL20,-0.18974507474363,7.35321730391294,0.514185429029995,0.473332607477954,0.960722095274338
IDE,-0.450930029314731,4.42375168241964,0.514107357083219,0.473366197957794,0.960722095274338
COMMD1,-0.3401838167264,5.79987704224017,0.513929589336549,0.47344269699666,0.960722095274338
CEP78,-0.389811721409777,4.96293331035025,0.513823211707056,0.473488484208208,0.960722095274338
PCCB,0.584896909147231,3.97344929463839,0.513796088041092,0.473500159963308,0.960722095274338
PSMA7,0.12039894230738,9.21765696674766,0.512381529178587,0.474109723734366,0.960722095274338
SLFN12,-1.01715629601352,4.09011508387168,0.512246904467638,0.474167802720766,0.960722095274338
RGS14,0.275798208613887,6.0154344192399,0.512091838629917,0.474234714600359,0.960722095274338
BTD,0.487697210808515,4.3487010790353,0.512077087154399,0.474241080752317,0.960722095274338
NFYA,-0.489707592960121,4.37930048342207,0.511633754812418,0.474432470138437,0.960722095274338
PXN,-0.681333010936685,4.62441227571136,0.511454060852177,0.474510080863666,0.960722095274338
NASP,0.18453718119719,7.40477616767253,0.511434455621323,0.474518549708253,0.960722095274338
RLF,-0.399894726911356,4.97418602435933,0.511083722837654,0.474670096733324,0.960722095274338
LRPPRC,-0.301064466602363,5.79061583274703,0.510898012324493,0.474750371625728,0.960722095274338
VTI1A,0.332047857447008,5.37238330080443,0.510877405687477,0.474759280372271,0.960722095274338
LIN37,-0.581760796502053,4.19370983897957,0.510608088020305,0.474875737864246,0.960722095274338
LINC01409,0.907991024292175,3.88695138845583,0.510596649834861,0.474880684955151,0.960722095274338
CSNK2A1,-0.27427510989607,6.63290549254556,0.510317799618704,0.475001315420071,0.960722095274338
GDI2,0.193430417072503,7.11028712282103,0.509974655763429,0.475149827614494,0.960722095274338
PRKAA1,-0.277682673330762,6.15907677472472,0.509866513237316,0.47519664718838,0.960722095274338
ZNF740,-0.499989981561753,4.46593427528431,0.509795613757675,0.475227346706504,0.960722095274338
ZNFX1,0.271931232231585,5.82735996084093,0.509558721274529,0.475329944677075,0.960722095274338
SNAP47,0.389736647903549,5.30033513694593,0.509429429240203,0.475385956155256,0.960722095274338
UGCG,-0.275921118714806,6.24362323828097,0.509200147779875,0.475485311117923,0.960722095274338
IFNGR1,0.276811722796666,5.7206608579256,0.509165599689014,0.475500284833136,0.960722095274338
MYD88,-0.336992880691661,5.57696712048276,0.508715484340588,0.475695442377401,0.960722095274338
FBXO31,-0.512533300451349,4.40362422409355,0.508567685517319,0.475759552261992,0.960722095274338
LSM3,0.213297413851021,6.90430469227515,0.508457947022212,0.4758071620185,0.960722095274338
CHMP4B,-0.264213997417956,6.19056394415606,0.508330064186053,0.475862653428515,0.960722095274338
TNFSF8,-0.345437140672619,4.95961364197706,0.508087476325489,0.475967947016405,0.960722095274338
ZNF384,-0.452384076120914,4.95463603212789,0.508035366527487,0.475990569860904,0.960722095274338
FBXO21,0.457796005511459,5.07407400773846,0.507853165583985,0.47606968397383,0.960722095274338
POU2F1,-0.368525168343357,5.04546031816154,0.507586248937518,0.476185621435261,0.960722095274338
SMIM30,-0.380729320317166,5.43697418287842,0.507273466632221,0.476321539520191,0.960722095274338
MAPK3,-0.404147551513163,4.97559353489828,0.506729184179845,0.476558205555107,0.960722095274338
TRMT2B,0.505596876956932,4.50631342495912,0.506665952567182,0.476585712473267,0.960722095274338
PPRC1,-0.593421427639247,4.16152015948418,0.506641444675921,0.47659637455357,0.960722095274338
LENG9,0.384467957953296,4.8904002700388,0.505423848662321,0.47712657554317,0.961071433691617
SUSD6,0.30084479533783,5.75126754925848,0.505361452794642,0.477153771654711,0.961071433691617
CAPN10,-0.449839042268765,4.92319679348569,0.504555966609591,0.477505081148868,0.961071433691617
TMEM11,0.34973370988496,4.94816610426985,0.504542206169448,0.477511086373223,0.961071433691617
TMEM104,-0.675304745594585,3.81338073289991,0.504098240072054,0.477704904749659,0.961071433691617
KLF9,0.29686418820925,5.55824168826564,0.5039959140243,0.47774959453663,0.961071433691617
THAP7,-0.347824170838822,5.32406804372705,0.503525662982442,0.477955059324302,0.961071433691617
TRIM23,-0.440683669877959,4.90786447636523,0.50349071232225,0.477970335926412,0.961071433691617
SLC66A2,0.605130794044238,4.69422313318807,0.503373880596378,0.478021407752722,0.961071433691617
PYM1,-0.373241483443329,5.66784261558307,0.503276337347689,0.47806405463874,0.961071433691617
SSBP1,0.13179322040926,7.68788800165135,0.502819060351426,0.478264063590105,0.961071433691617
NOP56,0.212627846828884,6.56566549479539,0.502189279023378,0.478539748279524,0.961071433691617
USP20,0.393089075455122,5.04165841070113,0.501783419187422,0.478717549709547,0.961071433691617
NEDD1,-0.387476092468608,5.02023096994944,0.501656677156902,0.478773095720549,0.961071433691617
ENSA,0.180150342318132,7.2709736836717,0.501619547051886,0.478789370370236,0.961071433691617
CCNC,-0.325541264609422,5.64617604422024,0.501569630012497,0.478811251139324,0.961071433691617
UBE2L6,0.262863199738811,6.97372447788703,0.501522729072612,0.478831811313032,0.961071433691617
CRYL1,-0.46211241153003,4.68500485846702,0.500627039048418,0.47922473618348,0.961071433691617
SARNP,0.233925290336271,6.47316887335811,0.50059013465885,0.479240936860772,0.961071433691617
IFI27L1,-0.630729380714337,4.01491441283954,0.500364414591736,0.479340045337246,0.961071433691617
ZSCAN29,-0.584174488442544,3.99501912793701,0.500291038995183,0.479372270093455,0.961071433691617
CDKL1,0.585397390648572,3.74100720236432,0.500247506574565,0.479391390136955,0.961071433691617
GART,-0.308904305616978,5.45963111500543,0.50017618541359,0.479422718078647,0.961071433691617
DTD1,-0.308817813640864,5.52753479684887,0.499903475696286,0.479542537195845,0.961071433691617
RANBP10,-0.694299362707903,4.0188426810536,0.499543810921953,0.47970063630455,0.961071433691617
BTG3,0.308510512777128,6.09985024801785,0.499226650708465,0.479840122363229,0.961071433691617
DHX15,-0.258586701892711,5.74000688032798,0.499163819446464,0.479867763236854,0.961071433691617
TTC28-AS1,0.503172969741728,5.5623974030501,0.498897162884312,0.479985100434454,0.961071433691617
HBP1,-0.260444165318556,5.81806909302678,0.498795538712372,0.480029830607464,0.961071433691617
KRTCAP2,-0.18624923836524,8.34929516393976,0.498423468768188,0.480193656563687,0.961174331529608
GFM1,-0.404643810376186,5.23234021234551,0.496749242522569,0.480931969865757,0.962174280014749
HOTAIRM1,-0.483664759741978,4.85334654854108,0.496167577377371,0.481188913062324,0.962174280014749
LRRC8D,0.371963490352528,4.91797199329239,0.49540238706321,0.481527269583282,0.962174280014749
SNTB2,-0.332483937023084,5.44461059844617,0.495291484147597,0.481576341731444,0.962174280014749
TIAL1,0.198052850162684,6.95441645823164,0.494926397651822,0.48173794268545,0.962174280014749
SLC35F6,-0.503447731622255,4.56984921256188,0.494516867491253,0.481919322136231,0.962174280014749
SPTSSA,0.372063152800968,4.75796844302311,0.494501254904447,0.481926239116339,0.962174280014749
SNHG30,0.522785300539154,4.60435050925552,0.494433314144104,0.481956341402584,0.962174280014749
GPATCH2,-0.313964119372628,5.6743528222306,0.494130975772535,0.482090334947594,0.962174280014749
BCLAF1,0.22432772507079,7.70366901523998,0.493382731585601,0.482422213322114,0.962174280014749
SMIM29,-0.289550125333884,5.81518715293021,0.492957846702982,0.482610835319397,0.962174280014749
RTF2,-0.2041083873527,6.78823373606561,0.492578350073899,0.482779410438329,0.962174280014749
LIMA1,0.247546842462423,6.13664442457509,0.49212749124586,0.482979811178893,0.962174280014749
NDUFB3,-0.176606194207619,7.31471625471597,0.491837918218442,0.483108594782777,0.962174280014749
THADA,0.42714752493637,5.41136900369442,0.491693713023825,0.483172749148318,0.962174280014749
UBXN6,-0.396602683971845,4.95756118218216,0.491576097634695,0.483225084566494,0.962174280014749
PTRH1,-0.416063627403809,4.86655107588363,0.491540248924917,0.483241038053896,0.962174280014749
IER3IP1,-0.229372123726477,6.31712156882624,0.491497542340664,0.483260044583306,0.962174280014749
BCR,0.521517202846406,4.5793198337574,0.491056515218393,0.483456395394349,0.962174280014749
BLVRA,-0.391019639734671,5.17980164558986,0.490994997386871,0.48348379435317,0.962174280014749
MIEN1,-0.251967269385399,6.60502629155152,0.490740774000511,0.483597048119407,0.962174280014749
MBOAT1,-0.387689996666439,4.77815841190279,0.490624285399965,0.483648957140553,0.962174280014749
TRIR,0.1004089584004,8.58560615315802,0.490479670545891,0.483713412412784,0.962174280014749
RBM15B,-0.429941650394456,4.87460414475952,0.490380384485881,0.4837576727063,0.962174280014749
EXOSC3,0.36319296988887,5.03246375798037,0.490242378320332,0.4838192049577,0.962174280014749
NOL12,0.439006363658688,5.16977473291537,0.490163718916646,0.483854282283182,0.962174280014749
SETD2,0.221490062315142,6.57499462446861,0.489884441735139,0.483978856864645,0.962174280014749
TMEM60,-0.279611085888067,5.73880687410047,0.489721878311574,0.484051394385536,0.962174280014749
LRP8,0.546907849854775,4.50928828536443,0.489341389196241,0.484221242797407,0.962174280014749
NDUFS5,-0.0976296655930362,8.52627218342667,0.488769164254345,0.484476866368134,0.962174280014749
LRP10,0.230246691171001,6.5940729296025,0.488531291586128,0.484583194090939,0.962174280014749
ZC2HC1A,-0.327007761997241,5.63931847265407,0.488459395525705,0.484615338802245,0.962174280014749
GMCL1,-0.261343131145483,5.84020293283531,0.48845032392763,0.484619394961737,0.962174280014749
TAF6L,-0.619043177480241,3.84224372105534,0.487898656759576,0.484866165861066,0.962174280014749
AMN1,-0.544719536287562,4.05612261684009,0.487556170174549,0.485019470887707,0.962174280014749
RNF34,-0.325882905171851,5.70912903724593,0.487216936256813,0.48517139892459,0.962174280014749
MXI1,-0.317837033745339,5.18860050301658,0.487110707094558,0.485218990494278,0.962174280014749
PGS1,0.408598610852678,5.11978976961029,0.48709080643539,0.485227907017399,0.962174280014749
PIEZO1,-0.300096878987905,5.82708917576449,0.487081857518461,0.485231916682659,0.962174280014749
ELAC2,0.422655815000661,4.69963436221493,0.486823780689374,0.485347574550513,0.962174280014749
TSEN15,0.302580824452373,5.49773384746397,0.486774995728066,0.485369442792699,0.962174280014749
MBP,-0.220967741506668,7.59614348330524,0.486661678455612,0.485420244438368,0.962174280014749
RDH11,-0.259451943554241,5.81070297613343,0.486390296326815,0.485541944421896,0.962192416055352
NXT1,-0.334064379577405,5.66520852911474,0.485962193502287,0.485734027663437,0.962201873608055
PARD6A,0.485292557747128,4.47985283947611,0.48564471387963,0.485876557159886,0.962201873608055
HEATR5B,0.317837468334696,5.25213532956983,0.485627313092905,0.485884371080357,0.962201873608055
PET100,0.154322417421695,7.96768865101408,0.484925404573701,0.486199740536819,0.962216827205833
KPNA2,0.509819090996193,5.06866896669142,0.484770534448597,0.486269369756393,0.962216827205833
BTN2A2,-0.502394751003461,4.60873673700572,0.484609165113424,0.486341938574768,0.962216827205833
SNRPD2,-0.0991221536317006,8.52977505057065,0.484395315186182,0.486438135891214,0.962216827205833
MAP2K5,-0.674019936956369,4.03215293417438,0.484358526483142,0.486454687938193,0.962216827205833
CLNS1A,-0.207130825678676,6.6124456460809,0.483666831903815,0.48676607035829,0.962391272894454
KAT2B,-0.323365285761267,5.92666269210799,0.48306317509573,0.487038090598523,0.962391272894454
PTRHD1,-0.282109336023574,6.07940233841796,0.482905628515283,0.487109125824469,0.962391272894454
HDHD3,-0.476178524331522,4.61438705855406,0.482630215664521,0.487233346345811,0.962391272894454
EXOSC8,-0.247380718927977,5.7599378855677,0.482514444132804,0.487285578914973,0.962391272894454
R3HDM4,0.235753907363532,6.38482959282176,0.48242732184341,0.487324891949715,0.962391272894454
RIT1,-0.302537884020604,5.37897286382167,0.48241401966502,0.487330894883623,0.962391272894454
NDUFB9,-0.154884331306082,7.22708443673965,0.481448416507073,0.487766974970309,0.962832475097392
CTU1,-0.40926623778703,4.80826095259468,0.480893483798756,0.488017883699202,0.962832475097392
ATP2B1-AS1,0.378079152665655,5.97164254268546,0.480771039862407,0.488073274692258,0.962832475097392
ILF2,-0.249198224552787,6.52733613151247,0.480496009564558,0.48819773054859,0.962832475097392
TPST2,0.268419783800545,5.73977182785747,0.480234007539981,0.488316339946217,0.962832475097392
MYO5A,-0.313304291473608,5.92124230216487,0.480064238997398,0.488393220439481,0.962832475097392
GMPPB,0.434140041342111,4.4664230873133,0.479898300108129,0.488468386102635,0.962832475097392
DYRK4,0.482152333156081,4.41230061558168,0.47960807177892,0.488599897641622,0.962832475097392
COMMD5,0.310407414139778,5.38742775167641,0.479189879484027,0.488789497230496,0.962832475097392
ENTPD1,0.515814789729547,5.811391970281,0.479090388890281,0.48883462219321,0.962832475097392
COQ7,0.394260854443597,4.87578980566392,0.478977200958759,0.488885968149504,0.962832475097392
TIAM2,0.612478532521067,4.1168873283267,0.47893346531777,0.488905810550682,0.962832475097392
ACAP3,-0.632648641722124,4.26306220712678,0.478252712591141,0.489214833770554,0.96320983280933
ZFPL1,-0.364083690096673,4.9370653070383,0.477039861083823,0.489766206197139,0.96320983280933
CALM3,0.218297454842902,7.52070909109941,0.476747771315544,0.489899147336076,0.96320983280933
ZNF507,0.327440581531353,5.22889124931069,0.476689205418012,0.489925810136831,0.96320983280933
BPNT1,0.441590569637691,4.53596556562238,0.476166930182679,0.4901636889768,0.96320983280933
FAM136A,0.27665747292363,5.77382648259022,0.475859180728675,0.490303948710854,0.96320983280933
SNRNP70,-0.167687110732626,7.08282367827791,0.475802419308809,0.490329825578012,0.96320983280933
MCM3AP,-0.337742468088597,5.27436784682042,0.475197452051621,0.490605764673194,0.96320983280933
GALNT6,0.376571265003354,5.07293666912066,0.474091520239984,0.491110875361262,0.96320983280933
ZRSR2,0.263076442596976,5.83646430333651,0.473893949300274,0.491201203087369,0.96320983280933
ITFG2,0.315860461052599,5.26518952490633,0.473492640877636,0.491384763296278,0.96320983280933
TNRC6A,0.20414900636068,6.43941139122838,0.473370040272764,0.491440864201434,0.96320983280933
AHCTF1,-0.370282177781299,5.57509974060277,0.47328206679428,0.491481126649639,0.96320983280933
IL27RA,-0.186783338834762,6.77436201396005,0.472900883908642,0.491655644719707,0.96320983280933
COPS2,0.222436854465263,6.12485958921988,0.472525683349252,0.491827525084344,0.96320983280933
CLK3,0.336782942424244,5.34449934830651,0.472377199158808,0.491895573836717,0.96320983280933
GLMN,-0.420511191282901,4.92056276053444,0.472347652681156,0.491909116557067,0.96320983280933
MCRIP2,-0.411666395734338,4.59747773710746,0.472319926558505,0.491921825479212,0.96320983280933
MINCR,-0.616433266314968,4.19031944395112,0.471573359557961,0.492264238712386,0.96320983280933
AP1S1,0.338406547451546,5.3776498192601,0.471500766021915,0.49229755504035,0.96320983280933
MACF1,-0.183455812394911,8.17234046439104,0.471389785017802,0.492348496341302,0.96320983280933
DUSP10,0.413074756532708,4.66152654044903,0.471381851798384,0.492352138099829,0.96320983280933
NUP160,-0.349802703165543,5.22284631215001,0.471375428666621,0.492355086682957,0.96320983280933
ENTPD3-AS1,0.535674697090424,4.3027894311805,0.471224623481055,0.492424323343231,0.96320983280933
TMEM14A,0.327012185541151,5.11562423980835,0.47100496763154,0.492525199422264,0.96320983280933
ATP1B1,-0.307179300266627,5.26051497182293,0.470753916498417,0.492640536042344,0.96320983280933
GEMIN2,-0.688987086937274,3.9829208994947,0.470700391419909,0.492665132108394,0.96320983280933
PLEKHB2,-0.254251830908608,5.98407891054301,0.470352801816594,0.492824907986555,0.96320983280933
ACP1,-0.221057714687168,6.750631227332,0.470106193779078,0.492938318502306,0.96320983280933
SBNO2,0.380048748459322,5.49064384137098,0.47006554369241,0.49295701693022,0.96320983280933
OCEL1,-0.47849593065017,4.79618524881937,0.469755961227751,0.493099459208954,0.96320983280933
ANKMY1,0.687306525214697,3.93788336811294,0.469505271685712,0.493214854767749,0.96320983280933
ZBTB44,-0.226665553903267,6.30087554309576,0.469404097208026,0.493261439479194,0.96320983280933
PAXIP1,-0.493565262964173,4.25783356394552,0.469394255629519,0.493265971322961,0.96320983280933
SIDT1,-0.503252937326285,4.4863408173954,0.469235059701195,0.493339287461227,0.96320983280933
UBAC1,0.289779409521737,5.51035234181465,0.469152947919145,0.493377110388177,0.96320983280933
ZDHHC16,0.557184138017642,4.38680296245916,0.46886603831519,0.493509306969682,0.96320983280933
ETFA,-0.282233068615525,5.87262859060695,0.468778529679952,0.493549639306801,0.96320983280933
MYL12B,-0.129375171664583,9.47014186980672,0.468735449908648,0.493569496611037,0.96320983280933
STX8,0.266856740764124,5.97662896190424,0.467588988072757,0.494098442766842,0.96320983280933
RIPK1,0.305536523241817,5.25802628910732,0.467465945593419,0.494155267744826,0.96320983280933
MIAT,-0.428438459319873,6.48927543838181,0.467044580008768,0.494349951112672,0.96320983280933
TNIK,-0.265536091558779,6.41956498346843,0.466750688196633,0.494485814109631,0.96320983280933
ZNF213-AS1,-0.562626333512107,4.17636141764294,0.466730348307301,0.494495219340999,0.96320983280933
HOXB2,-0.339398052580645,6.11447634660972,0.466299443619278,0.494694541746886,0.96320983280933
JOSD2,0.253982355674221,6.11621723888459,0.466263704750331,0.49471107944217,0.96320983280933
NDUFAB1,0.165314434748797,7.02023728279237,0.465635651722248,0.495001854545439,0.96320983280933
USP49,0.589696282430882,3.80291076935206,0.465467130160928,0.495079925327179,0.96320983280933
PPP2R5E,0.259535439645495,6.25954385324735,0.465281814909371,0.495165800014957,0.96320983280933
BOD1,-0.414044957345603,4.84371022558823,0.464771241771302,0.495402528194692,0.96320983280933
PJA1,-0.546481263073651,4.09555692960637,0.464736999807949,0.495418411358847,0.96320983280933
BICRA,-0.554318202455796,3.81937737970795,0.46428444206696,0.495628411211045,0.96320983280933
KIFAP3,0.322195055251915,5.29402360339843,0.464215285258391,0.495660515166206,0.96320983280933
C17orf75,-0.413775077184473,4.6467317815386,0.463682219850032,0.49590809222234,0.96320983280933
MAPKAP1,0.281533955311872,5.72776753919075,0.463585256785747,0.495953148166569,0.96320983280933
TP53I13,0.278312039848481,5.8259744958135,0.463319355257854,0.496076740346244,0.96320983280933
CDC27,-0.295059104733869,5.3737066587726,0.463129072001927,0.496165216687836,0.96320983280933
LSM7,0.161371961670509,7.93216194145977,0.46281293910199,0.496312268369899,0.96320983280933
TSN,0.271807690763419,5.60953603757349,0.46258537525949,0.496418166948065,0.96320983280933
TUBB2A,-0.541067549605343,4.01746913884286,0.462578652864725,0.496421295845295,0.96320983280933
NCK1,0.206733623641916,6.65911879991461,0.462464691289714,0.49647434361888,0.96320983280933
TENT2,-0.243947421980523,5.83658877002011,0.462178349253023,0.496607674664608,0.96320983280933
HDAC3,0.353590261400204,5.14388449443484,0.461656357371513,0.49685088813257,0.96320983280933
RNASEH1,0.333614234695685,5.40063165471143,0.461572833819727,0.496889823198882,0.96320983280933
RPS11,-0.112297366970057,11.1975613697139,0.461344161190722,0.496996446835713,0.96320983280933
STMN3,0.369213624718514,5.57275190767697,0.461013493524732,0.497150696211452,0.96320983280933
STARD10,-0.455151715632288,4.91312517220232,0.461001376983131,0.49715634985321,0.96320983280933
JAKMIP2,0.452967014599118,4.54533649583609,0.46099389585741,0.497159840639847,0.96320983280933
RFXAP,0.368850273667418,4.80007959256139,0.460590856342346,0.49734796510236,0.96320983280933
NFATC2,-0.207217939241746,6.44678577116707,0.460508980076064,0.497386196713245,0.96320983280933
METTL9,0.16101192666994,7.03114545923727,0.460489559014279,0.497395265985034,0.96320983280933
RASGRP2,-0.356286653727248,5.71915488410796,0.460254920042377,0.497504860064268,0.96320983280933
EMB,0.181400463958555,7.86284198581182,0.460212456105827,0.49752469828144,0.96320983280933
CDK9,-0.321338992591569,5.35286259427017,0.460143684862327,0.497556829528812,0.96320983280933
TAPBP,-0.190759947892598,8.19810511924437,0.459972776702783,0.497636696292735,0.96320983280933
PDCD5,0.22488095813656,7.09723955602419,0.459780652650807,0.497726503281924,0.96320983280933
DNAJC11,0.445893174989153,4.15990530414428,0.459681289225593,0.497772960738288,0.96320983280933
EFR3A,-0.249337260184384,5.95187298442061,0.459224072620707,0.497986827257804,0.963216316126262
PSMG3,-0.290573750890119,5.56666044537863,0.459128128944247,0.498031725357659,0.963216316126262
CSKMT,-0.284270836891976,5.71172884628663,0.45895166596778,0.498114321393638,0.963216316126262
PIGK,0.452170323984601,4.57099684113611,0.458700263540262,0.498232033939532,0.963226064710326
LMNA,0.398066560330349,6.61257230229408,0.458367357137306,0.498387980998952,0.963228123564808
NOL4L,0.359996429983126,4.7613515519959,0.458103815882,0.49851149314912,0.963228123564808
WDR41,-0.48348306477749,3.97425440966979,0.457779903893172,0.498663369835994,0.963228123564808
FOXN2,0.331287195576312,5.83881439681451,0.457711261615685,0.498695565062097,0.963228123564808
SDHC,0.228977003377767,6.21327501939473,0.456749457527193,0.499147049646763,0.963228123564808
POLE4,0.194851443043832,6.52054301289039,0.456627858101729,0.499204179458807,0.963228123564808
CCPG1,-0.261290787093282,5.96735286364982,0.456517352867959,0.499256106611288,0.963228123564808
MBNL1,-0.110587550265683,8.9839542134984,0.45646594788418,0.499280265278474,0.963228123564808
MED12,-0.498697533530138,4.52131775629584,0.456391896701675,0.499315070404051,0.963228123564808
ZBTB43,-0.370782704423196,5.10769273248249,0.456296714893634,0.499359813269298,0.963228123564808
ZNF638,-0.212914440725253,6.72314962386261,0.455817774832189,0.499585055593425,0.963445215490229
SURF2,-0.290474896967212,5.65268494351107,0.455390697262795,0.499786052681226,0.963615463322464
CARS2,0.362556449230582,5.28360092236315,0.455146059507658,0.499901249248701,0.963620243478499
UTP23,0.242813273325865,5.67252532472384,0.454633304427457,0.500142844825581,0.963868615963457
NFE2L2,-0.198830264825264,6.62568485763538,0.454332340200523,0.50028474290724,0.963924784114041
ACOT9,-0.408341111915542,5.16151062244646,0.453586622171255,0.500636627429654,0.964385427646713
DMAC1,-0.200795088655997,6.33573808243376,0.453302371691047,0.500770868371625,0.964426707300973
PPP1R12B,-0.475269623110542,4.68456670412081,0.452754605030144,0.501029730814975,0.96458684958759
ABRAXAS2,-0.435824838624397,4.54940644054781,0.452648961638781,0.501079681719323,0.96458684958759
SPDL1,0.568551425659105,3.89679021862902,0.45182373090967,0.501470163623463,0.964735510042649
TUBGCP5,-0.390261687909833,4.41202442484399,0.451795695942678,0.501483438274112,0.964735510042649
TNFRSF1B,0.197008006955276,8.28646186781167,0.451770328125601,0.50149545053568,0.964735510042649
TCIRG1,-0.27133415107576,5.67720113953671,0.451132963889297,0.501797418376649,0.964818346785769
LIN9,0.648259762895076,3.68286107240493,0.450882576285405,0.501916130696166,0.964818346785769
PIDD1,0.529765765052406,4.075202593453,0.450839953385671,0.501936343581681,0.964818346785769
UTP3,-0.288782048067593,5.47122734525309,0.450459789810708,0.502116688363159,0.964818346785769
PPP4R3B,-0.198770086335251,6.45781862727817,0.449972942116839,0.502347803996758,0.964818346785769
GALNT1,-0.26510349128984,6.30728949250504,0.449759283970245,0.502449288726915,0.964818346785769
FAM13B,-0.296959709642104,5.46096087779618,0.449229256168463,0.5027011957186,0.964818346785769
FXR1,0.176093088332157,6.96212284695351,0.449133007092248,0.502746963244996,0.964818346785769
F2R,-0.431310072227588,5.21403661708417,0.449011774330323,0.502804620911037,0.964818346785769
DCAF1,0.446979715116707,4.86131771598269,0.44848277827365,0.503056340712481,0.964818346785769
BCL2L13,-0.379785437170723,4.86937489734431,0.448446675349171,0.503073527924156,0.964818346785769
ARFRP1,0.264383883751834,5.62259372971157,0.448436192092901,0.503078518786392,0.964818346785769
GAB3,-0.330674907707266,6.02705578106037,0.44806916422899,0.503253306473503,0.964818346785769
GNAI2,-0.105866552690535,8.28880529507832,0.447333803944357,0.503603815234389,0.964818346785769
TYW5,-0.368281005177131,4.90193773913102,0.447315087638945,0.503612741783605,0.964818346785769
ZBTB41,-0.4684646588483,4.57911051507499,0.447261157569425,0.503638464686692,0.964818346785769
MRPS24,0.428025796318716,6.48310117261075,0.447056865427594,0.503735925805378,0.964818346785769
ZDHHC12,-0.244064232633635,6.11576710256606,0.447046863554874,0.503740698200083,0.964818346785769
TMBIM6,-0.0886604042333954,8.67540858691935,0.447008874127301,0.503758825563758,0.964818346785769
HELB,0.226269761418199,6.5207837101484,0.446931686909412,0.503795660317192,0.964818346785769
NEMP1,-0.53556342407735,4.11410207991322,0.446231385332307,0.504130063872177,0.964867610459494
UNK,0.383049350055594,4.70369169216986,0.446117531456999,0.504184466512693,0.964867610459494
EDF1,0.106757036786981,8.78293624207561,0.445922173280199,0.50427783763688,0.964867610459494
C1QTNF6,0.523988850161709,3.82917884953273,0.445809399630761,0.504331751084215,0.964867610459494
PTPRM,-0.673610639853964,4.33226097604469,0.445464254680072,0.504496815043079,0.964867610459494
ARL6IP1,0.140783892136874,7.70216105027955,0.445253407020831,0.504597697436789,0.964867610459494
FBXO2,0.398018769196522,4.57650847419115,0.445180513462828,0.50463258219609,0.964867610459494
ARHGEF9,-0.344644146938513,4.94569538232706,0.444675673061873,0.504874297623788,0.964867610459494
TSPOAP1-AS1,-0.397839060608757,4.88102443734817,0.44460929978454,0.504906091608463,0.964867610459494
YBEY,-0.368959783713258,4.89959490596497,0.444431386835625,0.504991332000869,0.964867610459494
RBM14,-0.323507941570437,5.40101728412101,0.444175331077942,0.505114054890042,0.964867610459494
CUL4A,-0.2924998453943,5.63674293363395,0.444046662474493,0.505175742708702,0.964867610459494
GRAMD1B,-0.37301067313853,5.01921881688487,0.443803837301726,0.505292195984772,0.96487446581948
SNX14,-0.304397681524871,5.43852664672882,0.443286372131576,0.505540513711287,0.965133062018266
CACUL1,-0.332990943034009,5.28505619410375,0.442773264061259,0.505786947216663,0.965213074547935
RBM28,-0.288441457927794,5.70380723814454,0.442728966699903,0.505808231837027,0.965213074547935
CXCR6,-0.273388729222366,7.2676358503273,0.442042172952675,0.506138428865647,0.965252933953498
SNX1,-0.260178498414289,5.82763619131765,0.441908672214431,0.506202656352864,0.965252933953498
RRP9,-0.468393171161213,4.284578169397,0.441897817600211,0.50620787914562,0.965252933953498
FBLN7,-0.537822400305954,4.95317016102998,0.441599184572789,0.506351605331526,0.965252933953498
DDX27,-0.191113903242556,6.57486409309865,0.441511828970047,0.506393661104391,0.965252933953498
DNAJA1,0.20315283141117,7.84281518635949,0.440047339354074,0.507099607556654,0.965689169933083
LEF1,-0.392018750777635,6.11877552029317,0.440021929482604,0.507111871123343,0.965689169933083
SMAP1,0.210474781122079,7.01083590741729,0.439879001191525,0.507180862108814,0.965689169933083
GFOD2,-0.432940197328433,4.62386949422417,0.439335688398865,0.5074432646478,0.965689169933083
TPM4,-0.154566627301694,8.07057144423927,0.439276636528366,0.507471798864556,0.965689169933083
ID2,-0.137826931364594,8.69190258898745,0.438748289658436,0.507727222135107,0.965689169933083
UBA3,-0.310014941560982,5.48241889712028,0.438231139833238,0.507977446696359,0.965689169933083
SFT2D1,-0.232732900080728,6.34018527584071,0.437668987106157,0.508249687033052,0.965689169933083
SGCB,0.452491501174595,4.34106518391255,0.437624937256189,0.50827103019256,0.965689169933083
BLMH,-0.335127566098734,5.10881995419668,0.437532424116881,0.508315859951603,0.965689169933083
NPEPPS,-0.215169496462326,6.3450294273368,0.437204919523028,0.508474615983796,0.965689169933083
PUS7,-0.600934549085357,3.95746418785995,0.43691398714547,0.508615715529854,0.965689169933083
DBF4,0.263171171458425,5.92143880638762,0.436400256431355,0.508865035151717,0.965689169933083
CPEB4,-0.287511807273459,5.54767003217745,0.43633890569267,0.508894823483161,0.965689169933083
TNFSF4,-0.4821729718639,4.20010752568274,0.435846470938394,0.509134030028456,0.965689169933083
COX7A2,-0.0984882281899707,8.69575773411227,0.435458269574276,0.509322740668107,0.965689169933083
PCM1,-0.140448080102287,7.37243564944288,0.43537309662128,0.509364160699448,0.965689169933083
EIF2S3,0.152720166552611,7.57887896762715,0.435340650944742,0.509379940723226,0.965689169933083
CPT1A,0.304311398186668,5.49547212279799,0.435262834486739,0.509417790362957,0.965689169933083
KRIT1,-0.252376425505427,5.7192500417912,0.435232493893501,0.509432549232029,0.965689169933083
TAF9,0.248992327399248,5.99726818746179,0.434850109015031,0.509618619732865,0.965689169933083
NFXL1,-0.564337395499878,4.11952866783225,0.434425468914672,0.509825389457372,0.965689169933083
NIPAL3,0.291920831758007,5.59468073027825,0.434201209759696,0.509934646319805,0.965689169933083
OXCT1,0.267191666669122,5.53874129374925,0.434071503928216,0.509997856201681,0.965689169933083
ZNF787,-0.357266046242788,5.17465146684642,0.433875261965669,0.510093517061147,0.965689169933083
CREBL2,-0.277586237347589,5.56929407088993,0.433679702290656,0.510188876193571,0.965689169933083
SOCS4,-0.369665661594451,5.55955990988383,0.433599933475719,0.510227782046421,0.965689169933083
ZNF121,-0.385215210020638,4.88957049560486,0.433440675132482,0.510305472883781,0.965689169933083
PAK1,0.38402336656991,4.47491893059146,0.432949436479085,0.510545242288372,0.965689169933083
GTF2E2,0.357875484163676,5.60510842692129,0.432871261819216,0.510583416651011,0.965689169933083
GNA12,-0.574533918601004,4.16919270419132,0.432654647960389,0.510689219652717,0.965689169933083
DBNL,0.191400669756502,6.6546922146763,0.432441341491421,0.510793444277833,0.965689169933083
PSMC2,-0.351707061751773,5.75305316094859,0.432355976127647,0.510835165345816,0.965689169933083
RRBP1,-0.284674616441263,5.85520322763068,0.432217476235657,0.510902867686268,0.965689169933083
COPS7B,0.333698824637498,5.00016701401186,0.43217593591131,0.510923176703149,0.965689169933083
ZNF224,0.279732608242364,5.5180330331493,0.431874937467077,0.51107037627102,0.965689169933083
EXOC8,0.439877123445234,4.55846123164691,0.431545823228511,0.51123140960502,0.965689169933083
RSRC2,0.156639485691615,7.77607271339019,0.431476352349058,0.511265412464536,0.965689169933083
TGFBRAP1,-0.470385704271999,4.53080371392964,0.431417816497882,0.511294066163295,0.965689169933083
GOLGA3,0.25771812818577,5.70212493179561,0.431323378018035,0.511340300310299,0.965689169933083
CD37,-0.110478712250604,8.53693608800487,0.431311968436814,0.511345886577444,0.965689169933083
ACP2,-0.549715924149406,4.15864302403998,0.431262123059863,0.511370292709219,0.965689169933083
SMURF1,0.521053915208455,3.90069803448316,0.430864125228442,0.511565239541649,0.965689169933083
PCMTD1,0.19453235256041,6.74643372466964,0.43080802220832,0.51159273021721,0.965689169933083
ATP6V0E1,0.0982005470104745,8.50365317821471,0.430085168514776,0.511947160313562,0.966055531525812
MOAP1,-0.294013725991929,5.42169186993848,0.429951348462577,0.512012821773711,0.966055531525812
KMT2C,0.180601283790815,6.93467770449537,0.429575292502898,0.512197419336572,0.966056848679675
RAB21,-0.200558877037025,6.60079594883276,0.429288956618608,0.512338052772136,0.966056848679675
LARP1,-0.2135554770897,6.53275166469132,0.429259494531221,0.512352526835144,0.966056848679675
GALNT11,0.306655073925867,5.37134925980951,0.429001659536588,0.512479225688043,0.966082668226479
STRN3,-0.342973691857339,5.02803057066192,0.428302679646603,0.512822974848705,0.966133186701873
SMAD3,-0.410650826147713,5.25026419971594,0.428104471669478,0.512920523850389,0.966133186701873
B3GALT4,-0.360642649985093,4.92073044589904,0.427952302672956,0.512995436433948,0.966133186701873
ZNF518A,-0.247988652699583,5.73498208135526,0.427933668599364,0.51300461126926,0.966133186701873
MBD2,-0.134165699936322,7.30917263903677,0.427575992704926,0.513180775003541,0.966133186701873
ASB3,-0.588160544196963,4.2109708221688,0.427569260456274,0.513184091801755,0.966133186701873
MAN2C1,-0.386892690009755,4.83289422057619,0.426555275404201,0.513684081121302,0.966615597003369
TCHP,0.304831667248389,5.28978110733955,0.426440787072446,0.513740587816489,0.966615597003369
RPS24,0.0666932904571688,12.1243723731413,0.426163685837066,0.513877398299294,0.966615597003369
HDAC8,-0.363436263054386,4.81953537472394,0.42537652258768,0.514266383029011,0.966615597003369
AAGAB,0.303252346498724,5.12690729025291,0.425175626380696,0.514365740105806,0.966615597003369
SCO1,0.328129794961307,5.43635404653804,0.4249479179931,0.514478398117937,0.966615597003369
MREG,-0.529194078173307,4.38400560230186,0.424582368628363,0.514659342497811,0.966615597003369
ZNF350,-0.497212819278614,4.5438620305364,0.424522273721873,0.514689099676638,0.966615597003369
ACSL3,0.314791495839229,5.20884554691827,0.423874604597877,0.515009996374569,0.966615597003369
PUM1,0.201398443300199,6.66185353439229,0.423801886618211,0.515046047306293,0.966615597003369
TSNAX,0.227989152361041,5.98311252412909,0.423758771612071,0.515067424239097,0.966615597003369
DDHD2,0.363061740992949,4.87037001097837,0.423492609281062,0.515199424980245,0.966615597003369
TSSC4,0.247715667409257,5.79427006581763,0.423270781859991,0.515309483354945,0.966615597003369
CMTM6,-0.195224739318712,8.15367188102517,0.423226361148606,0.515331527363219,0.966615597003369
ZNF714,0.490502685756907,4.29840170914311,0.423066659501128,0.515410793736057,0.966615597003369
SZRD1,-0.204524822234536,6.3857209117438,0.422996305435174,0.515445720054067,0.966615597003369
MFSD1,0.344156403422368,4.95319531496186,0.422976249316246,0.515455677398269,0.966615597003369
GGCX,0.349382231567919,4.84097779830217,0.422662985876052,0.515611248207519,0.966615597003369
CSGALNACT2,0.206301248894381,6.21192153894981,0.422387641676707,0.51574805555817,0.966615597003369
ELMO1,-0.243188701861291,5.97036915894744,0.422246560671113,0.515818177556989,0.966615597003369
RNF170,-0.381060240928064,4.77028967058334,0.42215681849493,0.515862791103434,0.966615597003369
ABHD14B,-0.306226857412779,5.78500252028639,0.421174386278119,0.516351629319898,0.966615597003369
POT1,-0.620588438977207,4.09625840256297,0.420990601384069,0.516443166891453,0.966615597003369
FAM241A,-0.308332037966238,5.44054302468268,0.42070775881507,0.516584097512643,0.966615597003369
SPTBN1,-0.32381764663745,5.7566833647199,0.420706807298284,0.516584571733968,0.966615597003369
HERPUD2,-0.266609669758745,6.21418945715104,0.420374932619644,0.516750019459456,0.966615597003369
CCDC93,-0.297453868621522,5.18885738522611,0.420253397993704,0.516810630678842,0.966615597003369
HERC1,-0.217642487522093,6.62963175580357,0.42004569760779,0.516914242929713,0.966615597003369
PARK7,-0.111633839540708,8.40239553072131,0.41989531075664,0.51698928677909,0.966615597003369
MMS22L,-0.438096394486808,4.67118736239632,0.419759486897419,0.517057080018004,0.966615597003369
ZNF593,-0.36079600466271,5.35354787012299,0.419654945001753,0.517109270217377,0.966615597003369
ATP13A2,-0.406591821901972,4.78009386093832,0.419640705514908,0.517116379676291,0.966615597003369
URI1,-0.182543239257144,7.00091882475286,0.419211221644469,0.517330891925643,0.966615597003369
CCR4,0.406413545559249,5.31065329973687,0.41914274422858,0.517365108426181,0.966615597003369
GNPAT,0.355402232010017,5.48626471010343,0.418890770188479,0.517491047890967,0.966615597003369
WIPF1,-0.110689151632857,8.13777823359703,0.418851317359174,0.517510771725865,0.966615597003369
ABRAXAS1,-0.376676660561491,4.85798874752415,0.418360496728521,0.51775626019967,0.966671000372596
MX2,0.311963917727945,6.38408011879807,0.418339868363649,0.517766582138977,0.966671000372596
UROS,-0.286860501260597,5.57178870172331,0.418100173674963,0.517886546086756,0.966683860806916
MKLN1,0.260478570418304,5.8870239231753,0.417426295835927,0.518224074272571,0.967102731053528
ATP6V0D1,0.217075536533884,6.13645738242771,0.416794865273793,0.518540692337979,0.967482404800825
UBR1,-0.331431643899384,5.42421647593833,0.41630463499483,0.518786742782887,0.9676783658584
UQCRFS1,0.231147124116075,6.77661534493428,0.416134654180608,0.518872105403545,0.9676783658584
MTX1,0.321295753387694,5.06802565152058,0.415553796095161,0.519163992822771,0.96790315936779
INTS6,-0.23815193913965,6.70054012925275,0.41535989328036,0.519261495359877,0.96790315936779
IDH3B,-0.25777831499984,6.07727633234027,0.415219134038644,0.519332295241555,0.96790315936779
ATP6AP2,-0.276154686425872,6.85372308198789,0.414729438395895,0.519578737520461,0.968010432536236
KMT2E,-0.147269051976369,8.09456649708966,0.414570749941815,0.519658642600289,0.968010432536236
CNEP1R1,-0.389560638521693,4.70946961157153,0.414360971237006,0.519764306581553,0.968010432536236
RUFY3,-0.35801102149886,4.79213200870705,0.414101317238316,0.519895144782467,0.968010432536236
PAOX,-0.542838332323297,4.11065494869704,0.41366986318935,0.520112680396144,0.968010432536236
DDX39A,0.215161374162494,6.20189415875963,0.41340652951226,0.520245529914331,0.968010432536236
RIC8B,0.356870273854938,4.65537168143429,0.413242384328996,0.520328369972371,0.968010432536236
TIMM9,0.273053292625367,5.43492913886493,0.41305993957805,0.520420472663115,0.968010432536236
GRPEL2,0.388263635183769,4.70854992447967,0.412985091774818,0.520458266028068,0.968010432536236
ZNF785,0.57983482387846,4.23432821982671,0.412639416252777,0.520632872916719,0.968010432536236
EPHA1-AS1,-0.488080715480289,4.60341233833465,0.412214919025608,0.520847435450111,0.968010432536236
HK1,-0.278720431488376,5.88199304115899,0.412029208368963,0.520941352143394,0.968010432536236
PRKCA,-0.395351099767139,5.2644649134423,0.411395073619921,0.521262269102444,0.968010432536236
FAF2,-0.312473384777266,5.39041890313487,0.411236628449565,0.521342508054655,0.968010432536236
AMIGO2,0.470435245976784,4.35395806223934,0.411189704016181,0.521366275461097,0.968010432536236
TRIAP1,-0.356296525903479,5.15353939778007,0.410981391247432,0.521471809792948,0.968010432536236
DAD1,-0.101852112255845,8.17780414008897,0.41088672435359,0.521519781914907,0.968010432536236
D2HGDH,-0.402010808246678,4.70370379717796,0.41078462420079,0.521571529555351,0.968010432536236
BICDL1,0.335574681763656,6.04670692418207,0.410553201052135,0.52168885584434,0.968010432536236
AASDH,-0.34319318970202,4.92147027476545,0.410430103201531,0.521751282668665,0.968010432536236
DNAJB1,0.277730404057783,7.03582354735532,0.410397733267249,0.521767700681597,0.968010432536236
WDR44,-0.439113020812044,4.75677391387665,0.410099956211539,0.521918775895804,0.968080628147804
PRKCD,0.425839367594992,4.58936594623097,0.40974380434254,0.522099568787779,0.968205903159809
NDUFS1,-0.236802138022586,5.78522273603441,0.40948754726951,0.522229720754794,0.968237233297058
BAZ1B,-0.170506540440607,6.93409732184354,0.408863025465399,0.522547153504726,0.968277611866901
ZMAT5,0.321244564128783,5.20515836516743,0.408649597404509,0.522655713308174,0.968277611866901
RPL26L1,0.279786469496864,5.66046230096074,0.408594089227799,0.522683953987095,0.968277611866901
CBLL1,-0.345069745104593,5.38108871524032,0.408272390358075,0.522847676695811,0.968277611866901
HDAC1,0.200109451505303,6.61330935391957,0.407992933940466,0.522989974632934,0.968277611866901
SYTL3,-0.289160113111133,5.61604371859838,0.407285757626314,0.523350372339814,0.968277611866901
HLA-F-AS1,-0.535417621999449,3.81386241588947,0.406997858359402,0.523497220348981,0.968277611866901
BIRC6,0.159911049893693,6.90716201829401,0.40694023498771,0.523526620924883,0.968277611866901
GNG2,0.14244921019442,7.33384284727768,0.406583192283966,0.523708856442336,0.968277611866901
ABCF3,0.400110115777704,4.57443061088704,0.406553419805217,0.523724057475756,0.968277611866901
GPN2,-0.36581326594688,4.67516809148737,0.406317486508133,0.523844546414552,0.968277611866901
TTN,-0.393245826905084,5.59407254268258,0.406024922097483,0.523994024679502,0.968277611866901
CDKN2AIP,-0.298577525161388,5.38638203300102,0.405495948031549,0.524264482702459,0.968277611866901
SOCS5,-0.555240928507094,4.21445716570471,0.405491642891786,0.524266684885203,0.968277611866901
BMP2K,-0.560319156233534,4.01103191666695,0.40531772195741,0.524355663377101,0.968277611866901
POP7,0.321135923395932,5.19787074604099,0.404863373353523,0.524588236185315,0.968277611866901
CDK2AP1,0.483162482924992,4.60762226581278,0.404726492879441,0.52465833875404,0.968277611866901
RPL37A,-0.0973856223456149,11.5055071993555,0.404668277973974,0.524688158239322,0.968277611866901
CD274,0.650772017808729,3.99538304828848,0.404632667875079,0.524706400324777,0.968277611866901
EPS8,0.500442213740206,3.86666205341478,0.404621812913959,0.524711961250454,0.968277611866901
MSI2,-0.184556651341685,6.929781107146,0.40412328709856,0.52496746573592,0.968277611866901
ELK1,-0.40499156398639,4.82557566385717,0.403993827715684,0.525033852460951,0.968277611866901
SEC24D,-0.366247527172153,4.79586848095217,0.40392039141855,0.525071517206427,0.968277611866901
WBP1,-0.376261053343231,5.29188341535375,0.403830842885199,0.525117452262481,0.968277611866901
UPF3B,-0.325721194862555,5.4868718105711,0.403504792610956,0.525284764316567,0.968277611866901
ADORA2A,-0.671010006904497,4.75793762220793,0.403482270009874,0.525296325247728,0.968277611866901
SSR4,0.0878213623832118,9.02002710623645,0.403252565218349,0.525414259401977,0.968277611866901
CHIC1,-0.403132131562109,4.44328640083695,0.403235860080216,0.525422837928477,0.968277611866901
SMCO4,-0.386973893415903,5.58314135134942,0.401819502336675,0.526151083073774,0.969139114826361
NAT10,0.43982113957657,4.56868653923553,0.40167837072585,0.526223746910518,0.969139114826361
CAMK1D,-0.300610555987906,5.26625990635951,0.401665431977992,0.526230409524385,0.969139114826361
ECH1,0.149665915300663,7.2008412513374,0.401250045865922,0.526444386330031,0.969324371900804
INPP5E,0.478364820991565,4.19234269252992,0.400620718176839,0.526768866190269,0.969471309883615
AZI2,0.287028559260624,5.55291603079838,0.400334850042569,0.526916377038953,0.969471309883615
ESYT1,-0.225906203746547,6.32812622943112,0.399851886942393,0.527165758517186,0.969471309883615
TRAFD1,-0.368113109851957,5.30895329126001,0.399847004235255,0.527168280814569,0.969471309883615
SLC45A4,-0.640441860090405,3.79040018174604,0.399775225505755,0.527205362590141,0.969471309883615
CHPF,-0.569696074569306,4.05075521395034,0.399674500222954,0.527257406369879,0.969471309883615
RELA,-0.267073108599167,5.6676259340022,0.399459052454157,0.52736875697049,0.969471309883615
MORC3,-0.254936534520168,6.32981709267545,0.399220729800899,0.527491979038813,0.969471309883615
CD226,0.254576579225334,6.47677723337706,0.398767449292675,0.527726484756536,0.969471309883615
CLPTM1L,0.224525757064993,5.98695228279113,0.39869711534025,0.527762888896499,0.969471309883615
GUCD1,-0.343338400387212,4.96296595324653,0.398564097965151,0.527831749620501,0.969471309883615
NSD3,0.16018832495503,7.88154173228624,0.398271438809726,0.527983310641402,0.969471309883615
GABPA,-0.282847287960845,5.15825415739265,0.398092320135678,0.528076110238885,0.969471309883615
DNAJC15,0.283626326212728,6.6738000982641,0.397468152795282,0.528399713335381,0.969471309883615
WDR46,0.298505019283195,5.5610446880087,0.397456685058668,0.528405662169682,0.969471309883615
G3BP1,-0.1514824805771,7.23468194402563,0.396862083273714,0.528714273478,0.969471309883615
ADNP,-0.219238065898014,5.91580926926543,0.396646269119469,0.528826365619832,0.969471309883615
SAMD10,-0.463993194877981,4.3411410091787,0.396405643187753,0.528951395027303,0.969471309883615
OGFOD1,-0.326652582738482,5.05865404431092,0.396223306091173,0.529046172809673,0.969471309883615
LAPTM4B,-0.569559188803793,4.49065111189517,0.395795710905158,0.529268553828063,0.969471309883615
MOGS,-0.312793855771013,5.31792554747965,0.395766335076209,0.52928383757915,0.969471309883615
MAGT1,-0.347812198435053,5.48724343917996,0.395533715968071,0.529404893364025,0.969471309883615
GNB2,-0.16490886783166,7.15069123800704,0.395409380461391,0.529469618363928,0.969471309883615
SETD1A,-0.538836851934674,4.08601665059948,0.395137399193905,0.529611252439557,0.969471309883615
CRBN,0.186220870765443,6.50590131199986,0.395080641898904,0.52964081734193,0.969471309883615
RNF5,-0.226160010252759,5.83431063405288,0.395000229043928,0.529682709509478,0.969471309883615
NIBAN1,0.421194592038759,7.03687006025785,0.394989024172414,0.529688547311459,0.969471309883615
PEA15,-0.385657221444537,4.76724124793325,0.394800568844051,0.529786750925313,0.969471309883615
ARHGEF12,-0.37606640495719,4.9020763105947,0.394375860560777,0.530008185290117,0.969471309883615
FAAP100,-0.474716085383848,4.21014176846745,0.394258049720033,0.530069638950787,0.969471309883615
NUFIP2,-0.164948328950906,7.03987522349643,0.393829065775108,0.530293518043618,0.969471309883615
RC3H1,0.246484728833968,6.14865125762028,0.393794405448649,0.530311614071472,0.969471309883615
MRPL10,-0.266546099179919,5.49444612028613,0.393737145996839,0.530341511450478,0.969471309883615
ACOX1,-0.448104870994629,4.55456773899026,0.393418203913985,0.530508098934652,0.969471309883615
CD96,-0.134725797381922,7.65662068477901,0.393410527193101,0.530512109742585,0.969471309883615
RPF1,0.25515626308236,5.5972899644246,0.393114105901153,0.530667020821316,0.969471309883615
MTO1,0.360711025322738,4.94818097629265,0.392639498516804,0.530915222249492,0.969471309883615
FECH,-0.546621490752205,3.97272266653774,0.392046055184142,0.531225864396532,0.969471309883615
GAPVD1,0.270340298665661,5.75052538994476,0.39201993805983,0.531239543109215,0.969471309883615
TRMT1,-0.456082918360692,4.50596229526096,0.391988256398964,0.531256137071375,0.969471309883615
RUFY1,0.312975722338488,5.37569197505613,0.391660266238116,0.531427983960649,0.969471309883615
SNX2,-0.266747732123654,5.80153931333067,0.391469072620447,0.531528203989585,0.969471309883615
BCCIP,0.276494373488809,5.55916905922417,0.39127992895957,0.531627382984811,0.969471309883615
CHPT1,-0.554992120278185,4.61852355804194,0.390329089311763,0.532126469171272,0.969471309883615
PRF1,0.276147802119919,5.92280626314389,0.390211908624879,0.532188034624776,0.969471309883615
NFKBIL1,-0.516292281727223,4.2763853764626,0.389931860435199,0.532335220958255,0.969471309883615
LASP1,0.177895785744985,6.53047668725006,0.389910097146869,0.532346662275186,0.969471309883615
ALDH16A1,0.368992441329614,4.92978853395539,0.389651761670526,0.532482507375022,0.969471309883615
PRKAR1B,0.441541353341712,4.34881989170192,0.389611586098194,0.532503639227405,0.969471309883615
CCDC18,-0.495859262411119,4.28869526332096,0.389591748268838,0.53251407423779,0.969471309883615
SH2B3,-0.42901813553873,4.73905341155817,0.389513252037901,0.532555368111208,0.969471309883615
LACTB2,-0.406466467675432,4.62324729190992,0.38917230090286,0.532734796620726,0.969471309883615
DNAJC1,0.168228031669342,6.66593356208167,0.388697170973476,0.532985020072005,0.969471309883615
MEI1,-0.28144988472473,5.3390171251324,0.388586383152878,0.53304339614215,0.969471309883615
ANKRD13A,0.26222620317822,5.42405683726639,0.388289706052834,0.533199777497253,0.969471309883615
YWHAG,-0.286984086382347,5.78587870878821,0.388225218574373,0.533233780441206,0.969471309883615
COQ8B,-0.45576965085815,4.40758704671253,0.388130484316985,0.533283739010954,0.969471309883615
TIMM23B,0.435168253733393,4.40463433747583,0.387646531702138,0.533539085892549,0.969471309883615
RAB4A,-0.241779928392861,5.95869444776578,0.387536928054157,0.533596946548222,0.969471309883615
MUS81,0.328308900152617,5.44035753713059,0.387076375511882,0.53384020012015,0.969471309883615
UTP6,0.285803725587103,5.35725861107301,0.387028107663834,0.533865705740039,0.969471309883615
STX12,-0.281368572488472,5.32010484530701,0.386950983191282,0.533906464310653,0.969471309883615
CMTM7,0.22594763085355,6.35150737976988,0.386809260388484,0.533981376353748,0.969471309883615
VPS53,-0.30561646692665,5.30193496092911,0.38659714518087,0.534093532081951,0.969471309883615
PCYT1A,-0.304078568581441,5.44404781975665,0.386361875169936,0.534217980806143,0.969471309883615
MRPS17,0.403401219849131,5.02879280691106,0.386324816839249,0.534237588016505,0.969471309883615
DCTPP1,-0.288730614838618,5.74210673940727,0.385943448353888,0.534439442233601,0.969471309883615
ZNF169,-0.459174625409383,4.33166134908368,0.385930889569352,0.53444609181307,0.969471309883615
SEC24A,-0.369827296714106,4.61919868798052,0.385817040369478,0.5345063791145,0.969471309883615
HCG18,0.207000315513798,6.1651875278875,0.385767058532958,0.534532850212755,0.969471309883615
NT5DC1,-0.31097492404561,5.23341984864424,0.385638948936393,0.534600709747498,0.969471309883615
HIGD2A,-0.16969130132502,8.04820588098383,0.385286963639647,0.53478723647101,0.969471309883615
UBB,0.0929708654265798,9.27246721081996,0.385245127130833,0.534809414639367,0.969471309883615
ATP5IF1,0.115044744881476,8.4473708996385,0.384749511610881,0.535072274960618,0.969471309883615
OSM,-0.497828205102303,4.83338433604415,0.384141978917558,0.53539481297015,0.969471309883615
HLA-F,-0.114330485176962,8.17477282606548,0.383825785628718,0.535562819123146,0.969471309883615
CCDC22,0.377136559992246,4.76391849703636,0.38368537065184,0.535637457929485,0.969471309883615
TBC1D17,-0.388555984360229,4.95434243733859,0.383434989916633,0.535770596899169,0.969471309883615
PDE6D,0.361066125794625,4.92446909943483,0.383418172884369,0.53577954144493,0.969471309883615
VRK3,0.35338518639315,5.55197288246603,0.383335333791084,0.535823605383334,0.969471309883615
CCM2,-0.191636064680665,6.51399922832477,0.383305065905141,0.535839707181479,0.969471309883615
ZNF286A,-0.400853731100988,4.24508502249788,0.383241766035489,0.535873384055205,0.969471309883615
DEGS2,0.550504740874359,3.97861201284436,0.383123091456469,0.535936531817752,0.969471309883615
MOCS2,-0.262888977304938,5.47482493862426,0.382384059551121,0.536330081719957,0.969497030588053
ZNF764,-0.365153095695147,4.86940527586381,0.382358699635002,0.536343595731935,0.969497030588053
POC5,-0.387906330914836,4.59045868405453,0.382174082103782,0.536441994997934,0.969497030588053
PKIA,0.258428662534651,5.40911483781041,0.382082587749224,0.536490772732946,0.969497030588053
FNDC3A,0.31432969580546,5.51550152865843,0.382031946506771,0.536517774208923,0.969497030588053
IPO7,-0.227580415512182,5.83578595777389,0.38157244943543,0.536762887201988,0.96958708085454
CERS4,-0.445860378688979,4.54970559178303,0.381513330291192,0.536794438376949,0.96958708085454
PTEN,-0.184644717749015,6.57924798109997,0.380786612099156,0.537182555275162,0.969880529154003
PGGHG,-0.67295387860861,5.11572137802599,0.380736589964645,0.537209289302177,0.969880529154003
PAK1IP1,-0.339950350988567,4.94505445196753,0.3804139918348,0.537381758187103,0.969880529154003
PLCG1,-0.289896807709425,5.32334511076906,0.379999846163456,0.537603318679602,0.969880529154003
FYN,-0.159508586059899,7.91037651198772,0.37991251455203,0.537650060793323,0.969880529154003
MAP7D1,0.240625212410168,6.11857255654114,0.379907162544839,0.537652925565635,0.969880529154003
TIGAR,0.317705962985532,4.74916218164652,0.379710240166654,0.537758351698369,0.969880529154003
THEM4,-0.25687226473083,6.09115813699875,0.379512044779155,0.537864497452232,0.969880529154003
INPP1,-0.365525167323883,4.87674175620773,0.378885177889288,0.538200474913715,0.970092131131683
RTCB,-0.336897158662304,5.61007354459223,0.378869665624329,0.538208793772087,0.970092131131683
POLG2,-0.451010567058896,4.46568667395929,0.377780221244512,0.538793625020211,0.970255638952795
UBLCP1,-0.217060584405386,5.88657162956293,0.377579057282439,0.538901740125022,0.970255638952795
NOP58,-0.164856143311162,6.73801439111011,0.377431136789312,0.538981264966914,0.970255638952795
APIP,-0.320645927341045,5.1498603364095,0.377376964441904,0.539010394410849,0.970255638952795
LAIR1,-0.342665447227013,5.14135464692363,0.377371830513669,0.539013155165636,0.970255638952795
DUSP12,0.308582697827998,4.97951374576841,0.377288426065213,0.539058009285939,0.970255638952795
APEX1,0.175099109864745,6.66172300112538,0.376790143449338,0.539326123285027,0.970255638952795
RAP2A,-0.356112331083918,5.06430909052023,0.376607368449843,0.539424531345608,0.970255638952795
ZNF510,0.536682534858153,3.80811366962483,0.376268626252205,0.539607000803242,0.970255638952795
TIGD5,-0.464027093585204,4.14763212520358,0.375957634816825,0.539774621379906,0.970255638952795
ATG9A,0.544228171895971,4.21040178337433,0.375601051891117,0.539966932645716,0.970255638952795
PRRC2B,-0.219083621036283,6.67835720420477,0.375573668615221,0.539981706105858,0.970255638952795
METTL5,0.232788397489583,6.07521424385637,0.375455409480434,0.540045516208099,0.970255638952795
AMZ2,0.306556402307312,5.51237065352747,0.375431889824032,0.54005820856,0.970255638952795
USF3,0.266017897802378,5.47209550282366,0.375263366428666,0.540149167990007,0.970255638952795
TRAPPC2B,-0.355936581379255,5.05117656048947,0.375073233036666,0.54025182500638,0.970255638952795
PBRM1,-0.189740991678769,6.48663710487864,0.374797757529381,0.540400623515514,0.970255638952795
TRIP4,-0.343933015559929,4.99493984868789,0.374556360248389,0.540531076436043,0.970255638952795
AKNA,-0.21017512634304,7.2918609387733,0.374540068933191,0.540539882467554,0.970255638952795
EIF2S2,0.175564661330288,8.36558284318705,0.374202374792448,0.540722477391058,0.970255638952795
DDX46,0.150946730404415,7.92850089937336,0.374194099931025,0.540726953120359,0.970255638952795
ZNF514,0.431115284195814,4.38395151562099,0.374065786309885,0.540796364441463,0.970255638952795
LIX1L,-0.274428127518277,5.84425612428922,0.37337085970572,0.54117256979072,0.970329470669613
LAMP2,-0.229779896618703,5.91396279802143,0.373249939532775,0.541238080222174,0.970329470669613
RPS6KC1,-0.403565597435295,4.46024563429575,0.373193843996038,0.541268475821782,0.970329470669613
ACTR8,0.365459036598383,4.51351493957985,0.372929082117368,0.541411980502502,0.970329470669613
EIF2AK4,0.365503680465012,4.80797160640389,0.372818767686459,0.541471793125079,0.970329470669613
LINC00299,-0.416837020331976,4.41485571109778,0.37259990191551,0.541590498389397,0.970329470669613
USP16,0.167415330796943,7.10779184950899,0.372395815792707,0.541701230804862,0.970329470669613
KDM5A,-0.147550703958322,7.22024203263349,0.372201460239872,0.541806722355949,0.970329470669613
FBXO9,-0.224179884929558,5.83477691655719,0.371657474901117,0.542102185657524,0.970329470669613
CHD6,-0.27959999486421,5.9380549598478,0.371224793823991,0.542337406377978,0.970329470669613
UQCC1,0.428953573584821,4.30379879655189,0.370449878752758,0.54275914776218,0.970329470669613
CASP9,0.525024226495717,4.00064113516489,0.370146489300824,0.542924429752857,0.970329470669613
HENMT1,0.353030280827686,4.73117043048762,0.369870891741339,0.543074651605737,0.970329470669613
RBM15,0.376077827878102,4.6588775223168,0.369521533046193,0.543265189177063,0.970329470669613
SMYD3,-0.54272053994872,4.35787236603982,0.369413760727657,0.543323992274893,0.970329470669613
COQ10A,-0.514764415934402,4.2984537430391,0.369104333763683,0.543492888163811,0.970329470669613
ZYX,0.229765890424327,6.40853429900174,0.369045828170647,0.543524833425841,0.970329470669613
FOXP3,-0.204247310961246,6.23032761428216,0.368969539992207,0.543566493554455,0.970329470669613
TRAF7,-0.383740589048837,5.13227711702293,0.368886335998749,0.543611937055397,0.970329470669613
FBXO8,0.419898890960428,4.61860762423352,0.368734744860937,0.543694749580629,0.970329470669613
GOT1,0.406017638992981,4.57625457013178,0.368573662089052,0.543782772815553,0.970329470669613
DOCK11,0.208727209654639,6.19651358611666,0.368238292824087,0.543966118910213,0.970329470669613
ABCE1,-0.233036624462861,6.22572471957215,0.368234018981106,0.543968456153649,0.970329470669613
SYNE2,0.159639493252567,8.59445415087738,0.368065408041558,0.544060679502816,0.970329470669613
FBXO28,-0.33868758781859,4.84171259904138,0.36715748203822,0.544557775543682,0.970329470669613
TRAF2,-0.364623152349542,4.75455086723769,0.366933171248977,0.544680716760254,0.970329470669613
TMEM115,-0.41630484899003,4.62099655813655,0.366795773173369,0.544756047855618,0.970329470669613
MAFG,-0.310778859853375,5.29950288956931,0.366543424771535,0.54489445289052,0.970329470669613
TOP1,-0.123507584276593,7.71583225580677,0.366459345324731,0.544940582240794,0.970329470669613
C1orf131,0.205911794929636,6.24688760383683,0.366287177676032,0.545035062872815,0.970329470669613
CKS1B,0.28208845024705,5.24261583514136,0.365949433613736,0.545220495222523,0.970329470669613
PIK3CD,-0.191811041710755,6.34518700098902,0.365877054662045,0.545260248801996,0.970329470669613
ZNF600,-0.463117859745406,4.45576520153272,0.365600945041004,0.545411949215466,0.970329470669613
CASP6,-0.355878056988262,4.91160481974768,0.365599493982906,0.545412746663817,0.970329470669613
ASXL2,-0.217661623434234,6.09137097898435,0.365396659684293,0.545524238230652,0.970329470669613
RDH5,0.515324086875377,4.06088342251622,0.36523370706707,0.545613838716354,0.970329470669613
TRAM1,0.150985704365892,7.39737300692625,0.365140130033016,0.545665304952112,0.970329470669613
FUOM,0.272421726024733,5.22886106221259,0.365034649566706,0.545723328726078,0.970329470669613
WDR74,0.281080133240911,5.39353770040806,0.36455102955582,0.545989509968516,0.970329470669613
PPP1R15A,0.335471948965383,7.9874522142096,0.364426511085192,0.546058083108862,0.970329470669613
PEMT,-0.551794642882377,4.01141400409343,0.364302864306453,0.546126192021585,0.970329470669613
CCDC85C,-0.503588920342758,3.77525428202717,0.364220128308393,0.546171774671023,0.970329470669613
SARM1,0.715864354596189,3.96801068182757,0.363849754113041,0.546375915599866,0.970329470669613
BTN3A3,-0.295274031306797,5.27126159007479,0.363505823015643,0.546565608689293,0.970329470669613
LIF,0.538293460048433,4.21726450484297,0.363432576314057,0.54660602326259,0.970329470669613
MAP1S,0.36008999852225,4.70586810016145,0.363077755850455,0.546801877505649,0.970329470669613
USP46,-0.513905197307758,4.49375093391134,0.36305024027557,0.546817071036727,0.970329470669613
ALAS1,-0.422723435546495,4.74670528570136,0.362634657560301,0.547046642701499,0.970329470669613
ARMCX6,0.247950037552355,5.44818898161957,0.36245420532148,0.54714638197541,0.970329470669613
SNIP1,-0.310405712006864,4.97467986705068,0.362418067271872,0.547166360206056,0.970329470669613
RELL1,-0.434337851885426,4.44617457238147,0.362278010719038,0.547243800620196,0.970329470669613
RSPRY1,0.380132998823767,5.09803336375357,0.362025392815283,0.547383530309478,0.970329470669613
EIF3D,0.126222990187961,7.45992574093293,0.361979644752559,0.547408841882141,0.970329470669613
TMEM250,0.3124903596894,5.28183349662129,0.361958248232043,0.54742068093625,0.970329470669613
AK9,0.396038402383299,4.36803867100508,0.361623798155918,0.547605799752256,0.970329470669613
FOSB,0.362251336427384,8.33176448556262,0.360965985937305,0.547970240525906,0.970329470669613
SURF6,-0.313950891825279,5.03589680603177,0.360738016322547,0.548096645586929,0.970329470669613
STMP1,0.154954930788742,6.99951188880459,0.360729713160696,0.548101250566933,0.970329470669613
TRAPPC3,-0.205738742430467,6.1913643145898,0.360723253631859,0.54810483310763,0.970329470669613
GTF2H1,0.429431276923292,4.70812335967952,0.360570203806482,0.548189729349705,0.970329470669613
RNF214,0.282690994190021,5.24587643042988,0.360342423870243,0.54831612354441,0.970329470669613
SCYL3,0.394166258904098,4.71211684698658,0.359138909812749,0.548984852251793,0.970329470669613
IFI27L2,-0.245985108680894,7.07093083059996,0.358949196709304,0.549090404649882,0.970329470669613
PGLYRP2,-0.44703185847069,4.66096257056411,0.358708153979578,0.549224570467878,0.970329470669613
EIF4G1,0.23106207052055,6.1562958804875,0.358156398068115,0.54953191179842,0.970329470669613
TRIM69,-0.262452035689598,5.7052087819414,0.3577684984265,0.549748173776847,0.970329470669613
ZSCAN16-AS1,-0.267441175260815,5.47153560489837,0.357460547071188,0.549919976331731,0.970329470669613
ZDHHC7,-0.401735853787092,4.51413880675848,0.357330167801717,0.549992743712388,0.970329470669613
ZMYM2,0.239210702057069,6.31540200174791,0.357283557874574,0.550018762054019,0.970329470669613
NPC1,-0.33465989650993,4.98372381293603,0.357280134987183,0.55002067285051,0.970329470669613
RNF111,-0.307528748669313,4.94383878777092,0.357224769182466,0.550051582045148,0.970329470669613
TIMM17B,0.24741376138373,6.03432102741338,0.35705598216494,0.550145831226405,0.970329470669613
ZNF100,-0.435697676480694,3.99685275530538,0.357032966323446,0.550158685411323,0.970329470669613
SLC25A12,0.351897654767025,4.72061787282231,0.35695565553775,0.550201867055688,0.970329470669613
C12orf4,-0.475381656542771,4.23286223389474,0.356706973904398,0.550340810279049,0.970329470669613
FLVCR1,0.472795256289286,4.26321632046747,0.356633491350188,0.550381878975741,0.970329470669613
YTHDC1,-0.150022880070124,7.28945007909267,0.356472624121874,0.55047180617198,0.970329470669613
DANCR,0.324443188208593,6.27090930536431,0.356274096359098,0.550582824124071,0.970329470669613
CSRP1,0.29339492876955,5.14010283361893,0.356215107830114,0.550615818958527,0.970329470669613
RRP1B,-0.231865288019278,5.83385679582398,0.356169432186988,0.550641369865652,0.970329470669613
ARSB,0.425762143193241,4.21372217761189,0.355950267909488,0.550764001050436,0.970329470669613
TFIP11,-0.385016121274812,4.60273384467031,0.355777031925451,0.550860969745931,0.970329470669613
MRPL15,-0.345071696880528,5.06381479037524,0.355677198350801,0.550916866043494,0.970329470669613
SEC16A,-0.278621340339097,5.36940951962532,0.35562532696461,0.550945912760423,0.970329470669613
NAP1L1,0.140356191404964,9.18188087764007,0.355448534712735,0.551044933707236,0.970329470669613
ZNF511,0.272513856402068,5.60849076576758,0.354708137088522,0.551459991707097,0.970329470669613
MANBA,-0.387756542213496,4.47138354078394,0.354696283599422,0.551466641401955,0.970329470669613
QTRT2,0.392873302105608,4.43109218543064,0.354453338403562,0.551602964518926,0.970329470669613
S100A4,-0.131032871164277,11.2301347053901,0.353079587966549,0.552375005634481,0.970329470669613
PPTC7,-0.247596077146364,5.54647204052001,0.352974014875834,0.552434421259296,0.970329470669613
CENPQ,-0.468858542060045,3.95848664772061,0.352830610735602,0.552515147130912,0.970329470669613
PPP1CC,-0.161147525114201,7.05446187803874,0.352442578502291,0.552733691759643,0.970329470669613
LINC02195,0.584340091871641,3.93696228386066,0.352392542314547,0.552761884611444,0.970329470669613
MRPL44,-0.312759817175971,5.14138040497495,0.352315069279568,0.552805542074601,0.970329470669613
SCCPDH,-0.448149803891874,4.50664937651432,0.35195192341904,0.553010267930602,0.970329470669613
EWSR1,-0.194278711462284,6.71946302162892,0.351609334290053,0.553203535732211,0.970329470669613
IRF7,0.272784838598156,6.35592683656358,0.351294658450676,0.553381168728048,0.970329470669613
HMGCS1,0.289901397373742,5.67658968556491,0.350947790202991,0.553577098793188,0.970329470669613
TNFRSF18,-0.246584876791123,8.30818312883722,0.350931171531567,0.5535864892066,0.970329470669613
SH3PXD2A,0.499681937733863,4.51150267796858,0.350563812289224,0.55379414302346,0.970329470669613
MFNG,-0.218715845092991,6.25099693793886,0.350315853024618,0.553934387782053,0.970329470669613
FAM174A,-0.425005283289083,4.20915331648265,0.349829013722346,0.554209937208173,0.970329470669613
BRK1,0.104869346695613,7.9830841397486,0.349461173276117,0.554418305378986,0.970329470669613
CENPL,0.532299738634213,3.91813256076135,0.349048967316737,0.5546519809009,0.970329470669613
PARP12,0.255977743314602,5.70492275409852,0.348762716543163,0.554814363199571,0.970329470669613
UBE2A,0.221180628802032,6.3359943042853,0.348742213409203,0.554825997520423,0.970329470669613
NKAPD1,-0.255016816843081,5.4614630646706,0.348611348980601,0.554900266245101,0.970329470669613
LIN7B,0.547197500845994,4.10189010728724,0.348589652519419,0.554912581327708,0.970329470669613
NCOA7,-0.189581121327433,6.73924419605231,0.348249836162267,0.555105531245165,0.970329470669613
TMEM14C,-0.180168802416896,6.66480201975727,0.348068903245494,0.555208317907651,0.970329470669613
MEX3C,-0.329575653297417,5.07870011523354,0.347904586997593,0.555301695971877,0.970329470669613
APOBR,-0.430529100053274,4.59191689934925,0.347837055107522,0.55534008178823,0.970329470669613
NOP14-AS1,-0.554650404568849,3.97939643944983,0.347522903927235,0.555518714579998,0.970329470669613
FAM32A,0.192411180066982,6.16719482725691,0.34627810856353,0.556227602042582,0.970329470669613
STRBP,0.329217002313589,5.0426530156707,0.346160870523716,0.556294455250816,0.970329470669613
DDT,0.139163346465472,7.48369576103238,0.346139110426481,0.556306865291927,0.970329470669613
HNRNPUL1,-0.142899719254421,7.41089527791595,0.345734704558963,0.55653759836117,0.970329470669613
SIVA1,-0.138276089015251,7.11658983530587,0.345624745058821,0.556600366965512,0.970329470669613
CIR1,-0.175635583004958,6.80530847937048,0.345401465712751,0.556727863724373,0.970329470669613
GIMAP8,-0.376646972706324,4.63990523975916,0.345274999095473,0.55680010316844,0.970329470669613
NSL1,0.221012154598785,5.69695885850846,0.345169932734132,0.556860132032926,0.970329470669613
TARDBP,-0.201405584845191,6.35774259153935,0.345133055294198,0.556881204590879,0.970329470669613
TRIM25,0.286989449928505,5.40327611437329,0.345103818267823,0.556897912329359,0.970329470669613
RCL1,0.462447799004518,4.10129404570862,0.345048563966891,0.55692949045252,0.970329470669613
MRPL42,0.200801928539957,6.30508831889432,0.344759495632093,0.557094749979681,0.970329470669613
RNF149,-0.136915836218976,7.11573094857959,0.344469953177515,0.557260373983196,0.970329470669613
TAP1,0.193293558281866,7.45604652231528,0.344412982321868,0.55729297345613,0.970329470669613
HNRNPM,0.115450624264577,7.89235842171508,0.344076123415277,0.557485802666844,0.970329470669613
CES2,-0.392940496284794,4.51217881127659,0.343427487777529,0.557857460836051,0.970329470669613
FCF1,-0.34359541778219,4.86361305924202,0.342222600779046,0.558549095598819,0.970329470669613
PIGG,-0.388103406569888,4.5776745897187,0.341584575856738,0.558915999659869,0.970329470669613
TRGV10,-0.586927371235143,3.88575705369488,0.341457553786384,0.558989100126695,0.970329470669613
YDJC,0.271975933009007,5.77269581450389,0.341202053033321,0.559136194591212,0.970329470669613
MRM2,0.362772337393313,4.65558418838876,0.340917782114838,0.559299939177012,0.970329470669613
LTBP4,-0.359647087380062,4.89889541833674,0.340889095841874,0.559316468012616,0.970329470669613
EIF1B,-0.136629376150115,7.28928965762926,0.340796770387736,0.559369671643304,0.970329470669613
LYSMD2,0.213923693442321,6.06113364553776,0.3407597131309,0.559391029041733,0.970329470669613
MCOLN2,0.33109519427019,4.78631206873191,0.340737098261233,0.559404063550325,0.970329470669613
UBE2D2,-0.113377943125304,7.94850371154399,0.340484854759426,0.559549488194115,0.970329470669613
KLHL9,-0.338945397242964,4.687061150096,0.340359648567112,0.559621699492484,0.970329470669613
HNRNPLL,-0.242713441952895,6.08764403990258,0.339934567324395,0.559866993329537,0.970329470669613
UPF1,0.290283955166185,5.37387070374897,0.339867766353063,0.559905559624246,0.970329470669613
ACADSB,-0.415110965991134,4.38561678435621,0.339817031324085,0.559934853940069,0.970329470669613
SLC35E2A,-0.430124098614115,4.52920199877607,0.339097526044151,0.560350610733279,0.970329470669613
KLHL20,-0.352831447396099,4.8543258130889,0.33890592505146,0.560461424465536,0.970329470669613
DIAPH1,-0.175498836041212,7.68917409918312,0.338760994477475,0.56054527390913,0.970329470669613
ERF,-0.425800164472306,4.2557187516268,0.338721674852131,0.560568026381397,0.970329470669613
DHRS4L2,-0.300205110087889,5.15003788401676,0.338687943715369,0.560587546459319,0.970329470669613
DCAF16,-0.290966193809616,5.28530215456361,0.338624639909213,0.560624183639095,0.970329470669613
TMED3,0.247430118375353,5.56606397004811,0.338467106840925,0.560715376058256,0.970329470669613
TSHZ1,0.375196973989792,4.35442880971374,0.338265522300588,0.560832110341858,0.970329470669613
MRPL46,-0.309367258377179,4.98963763356137,0.338158743137701,0.560893963254651,0.970329470669613
METTL14,0.262624260362613,5.26904753789196,0.338151058401419,0.560898415220124,0.970329470669613
ZNF562,-0.288391444139547,4.87020313682053,0.338100485445157,0.56092771512376,0.970329470669613
SNHG10,-0.454714727736431,4.26735196834198,0.33785876242912,0.561067800072961,0.970329470669613
CHMP3,-0.177381645069739,6.57341448309565,0.337792195265401,0.561106389297228,0.970329470669613
CASP8AP2,0.230080025283364,5.76631765103726,0.337682577504859,0.561169946193709,0.970329470669613
SLIRP,0.173374159275759,6.47989040340949,0.337677020677948,0.561173168435738,0.970329470669613
MRPL55,-0.219251415610443,5.7729698772714,0.337541913976981,0.561251523791241,0.970329470669613
MT1X,-0.273053946496768,5.57877288803516,0.337476939191854,0.561289213495015,0.970329470669613
ARHGAP10,-0.339744083565533,5.05769172402218,0.337383626634249,0.561343349484276,0.970329470669613
MRPS27,-0.377874436526035,4.99644945830704,0.337337921716232,0.561369869192819,0.970329470669613
LIG4,-0.454993387648869,4.20694098271746,0.337014387419909,0.561557664661169,0.970329470669613
LINC00892,0.451070063564738,7.04273121653097,0.336718660517256,0.561729424787088,0.970329470669613
HECW2-AS1,0.423125079772004,3.96867466927736,0.336324548365752,0.56195848449441,0.970329470669613
CLEC16A,-0.471015624723529,4.19975510790201,0.33627543061524,0.561987044513493,0.970329470669613
ARF1,0.114151651657237,7.86440868804797,0.336221768012974,0.562018250369329,0.970329470669613
TAF8,-0.298554867337758,5.12288703386321,0.33616630571499,0.562050506280587,0.970329470669613
CDKN1B,0.133165314763544,6.97379258141555,0.336145131606845,0.562062821712684,0.970329470669613
GALK1,-0.384394013667134,4.77320328494496,0.335935361223807,0.562184857830665,0.970329470669613
BRWD1,0.219082625540763,6.33058128738364,0.335593314908056,0.56238395606896,0.970329470669613
ARIH2OS,-0.467070736593481,4.08488171975889,0.335427366153903,0.56248060030707,0.970329470669613
IST1,0.181098583555306,6.26533939056198,0.33483818486919,0.562823982249163,0.970329470669613
MYB,0.537688853579136,4.00723820068038,0.334534672132715,0.563001030530235,0.970329470669613
ITGB2,-0.187453813124635,8.01069525882341,0.334218225173228,0.563185737908774,0.970329470669613
JHY,0.486471516591414,4.0459105918088,0.333883061094605,0.563381497576032,0.970329470669613
SEL1L,0.205814568794122,5.91720933949789,0.333748260022432,0.563460267950813,0.970329470669613
PSMB4,0.137464155724805,7.18828983734316,0.333464735830264,0.563626013249529,0.970329470669613
ETFDH,-0.325487015659027,4.73692279004975,0.333031784862197,0.563879293264949,0.970329470669613
CCDC144A,-0.377190598973352,5.18997463241938,0.332997674310541,0.563899257554398,0.970329470669613
FYB1,-0.13465397055879,9.41410421980292,0.33295531626039,0.563924050852954,0.970329470669613
CARD8-AS1,-0.283886552099925,5.14405747604777,0.332711867518309,0.564066588681283,0.970329470669613
USF2,-0.165983499350116,6.96528468607436,0.332555120173204,0.564158400127651,0.970329470669613
SLC25A40,-0.39095696567043,4.46383772139598,0.332214998459229,0.56435771843806,0.970329470669613
EXOC5,-0.276795656653054,5.53136210263539,0.332192168287353,0.564371102255345,0.970329470669613
TMEM43,0.304890280138354,5.77231517970234,0.332067973899626,0.564443919930843,0.970329470669613
MTM1,-0.512641485298526,4.59105048170822,0.331746886107585,0.564632264284714,0.970329470669613
UBE2G1,-0.231110466809221,5.84715036613175,0.331668247067245,0.564678411043168,0.970329470669613
DLD,-0.26563762808608,5.30624916375248,0.331514242680388,0.56476880460718,0.970329470669613
L3MBTL2,0.290344970141138,4.99141086473953,0.331416685104614,0.564826080928096,0.970329470669613
AAK1,-0.138025272364185,8.22082676622106,0.331342853519764,0.564869435116381,0.970329470669613
BLM,-0.363755738527075,4.84423322726628,0.331267141907148,0.564913899943024,0.970329470669613
IL18RAP,-0.419505216364946,4.48234766672969,0.330845068924045,0.565161904080742,0.970329470669613
TMEM126A,0.2222519857998,5.62779245656643,0.330795511276319,0.565191037265838,0.970329470669613
AKAP11,-0.246884294084236,5.72940079044162,0.330787858301878,0.565195536437203,0.970329470669613
POFUT1,0.416080038282378,4.18868276138748,0.330664239367923,0.565268221406623,0.970329470669613
DOT1L,-0.440091789236253,4.41195278227007,0.330620498544949,0.565293944292206,0.970329470669613
SNX9,-0.207480929351324,6.0890557826657,0.330591744255377,0.565310855205217,0.970329470669613
UBXN2A,-0.258646971117669,5.21885339639617,0.330539170234681,0.565341777459433,0.970329470669613
BICRAL,-0.302995861449054,5.25588586096272,0.330312537319568,0.565475112711404,0.970329470669613
MSH6,-0.314905363005919,4.99872029971669,0.330054360272634,0.565627080530381,0.970329470669613
MTDH,-0.163090345357699,8.20421878728177,0.329958201631609,0.565683701503346,0.970329470669613
UCHL5,-0.280811145321581,5.41735889056482,0.329893407557382,0.565721860305662,0.970329470669613
TLNRD1,-0.253754222410636,5.28975766733746,0.329819962631143,0.565765119831162,0.970329470669613
AIMP2,-0.509173481075563,4.2831465232485,0.329407043828198,0.566008450915746,0.970329470669613
PRKAB1,-0.392218980304089,4.37542356293415,0.329382961366262,0.566022648852244,0.970329470669613
BCL2,0.206236570612254,7.8121283529989,0.329177685236441,0.566143698441495,0.970329470669613
GPR155,0.256420784195439,6.25774939050684,0.328781772986858,0.566377306284682,0.970329470669613
PDIK1L,-0.44441136717639,4.18323796774591,0.32874068026997,0.566401563728419,0.970329470669613
MYH9,-0.123176309061209,8.27950014063551,0.328712902357502,0.566417962450472,0.970329470669613
NFAT5,-0.241999244228983,6.73515106465295,0.328687375686144,0.56643303296156,0.970329470669613
DIP2B,-0.354176716048707,4.5637485092134,0.328023417397882,0.56682529599681,0.970329470669613
TGIF2,0.353093770182988,4.94240209656842,0.327801549803336,0.566956491721289,0.970329470669613
IQSEC1,-0.236401612673137,5.69479840612761,0.327499687906098,0.567135084729848,0.970329470669613
ALDH18A1,-0.383360366733967,4.42326230199869,0.32656071998322,0.567691313339537,0.970329470669613
NDUFC2,0.121852892848095,7.90353370497598,0.326541819727728,0.56770252041626,0.970329470669613
KDELR1,-0.213193024655707,6.21608804254579,0.326261528011965,0.56786877243552,0.970329470669613
FUNDC2,-0.219447506712483,6.0569019498001,0.32590669779993,0.568079372059396,0.970329470669613
CLIP4,-0.299409208438198,5.08015551866023,0.325860981953584,0.568106516484077,0.970329470669613
TJAP1,0.379366334488614,4.37916687262764,0.325668018372721,0.568221119139674,0.970329470669613
ZNF227,-0.495017191431475,4.03551767402085,0.325524216721815,0.568306553394086,0.970329470669613
NSA2,0.124119502075787,8.73051452889583,0.325426488653051,0.568364629067722,0.970329470669613
PRRC2C,-0.0767814947184216,9.03257750414357,0.325418804089789,0.568369196170026,0.970329470669613
NHEJ1,0.58211664819634,3.79443273715829,0.325382166580514,0.568390971617669,0.970329470669613
AVEN,0.338037745572469,4.59657649224995,0.32535587845156,0.568406596928145,0.970329470669613
HERC2,-0.212496486783469,5.85935427061391,0.325185438671996,0.568507924343242,0.970329470669613
SNHG25,-0.261332055870109,5.6800856325238,0.324836988905792,0.56871518926255,0.970329470669613
PEX1,-0.387071162475313,4.65096801283975,0.324545861552114,0.56888847061753,0.970329470669613
SUMO3,-0.210331829636704,6.50235147414069,0.324404800742336,0.568972468178678,0.970329470669613
ANKRD44-IT1,0.394451054928534,4.17899302089246,0.32404231815228,0.56918842687811,0.970329470669613
PTPN9,0.246058298974954,5.40893551843391,0.323573316594255,0.569468084556569,0.970329470669613
EEF2,-0.110568540848214,9.1637375954441,0.323531593979618,0.569492976036003,0.970329470669613
ATP9B,-0.268026551711224,5.25535036311231,0.323381994987074,0.569582243428386,0.970329470669613
SP4,0.248002490325266,5.32363566398756,0.323320260435681,0.569619089090726,0.970329470669613
COX8A,0.0959855958839825,8.58671877410414,0.32321681406061,0.569680840483087,0.970329470669613
PCNX4,0.267606368350454,5.70925314717305,0.322925521279817,0.569854795391573,0.970329470669613
RPS6KA4,0.423412720894662,4.49696573339681,0.32275010393645,0.569959601612596,0.970329470669613
CCDC88C,-0.177221906216564,6.74228913544619,0.322588286693383,0.570056315622302,0.970329470669613
GTF2H2C,-0.406801469966716,4.19377464003607,0.322556906514087,0.570075074463297,0.970329470669613
AHCY,0.360670859136185,4.52588984477069,0.322496819438721,0.570110997444227,0.970329470669613
SCML4,-0.241027283126946,5.93965228246277,0.322382194158358,0.570179538297312,0.970329470669613
POLB,-0.381498386179498,4.60798413698164,0.322316622318603,0.570218754605973,0.970329470669613
UQCR10,0.0849303950062868,8.41494640079472,0.321951434877093,0.570437257455093,0.970329470669613
DCTN4,-0.329712623518462,4.72024038513556,0.321901900433797,0.570466908048395,0.970329470669613
TXNDC9,0.252398265902353,5.70540359069852,0.321897599330754,0.570469482768065,0.970329470669613
PARP1,-0.13060313670268,7.27149766025666,0.321864338314482,0.570489394194176,0.970329470669613
CFAP410,-0.532768880412918,4.24932280946927,0.321671132832527,0.570605081922605,0.970329470669613
CAMK2G,-0.325058560967374,5.07204904418115,0.321592509385869,0.570652173276602,0.970329470669613
SSH1,-0.39409037908709,4.74639671280822,0.321529694304243,0.570689801709766,0.970329470669613
RPGR,0.289385885470494,5.23941618124312,0.321494699594282,0.570710766873156,0.970329470669613
TMED9,0.152557206541523,6.94324214254061,0.321257283020159,0.570853041837199,0.970329470669613
DDIT4,-0.185171887413052,7.12147652028166,0.321211157168513,0.570880691410779,0.970329470669613
TRIM14,-0.224697170825834,6.06195770928995,0.320744987147432,0.571160278593353,0.970329470669613
GLRX,-0.172720669679897,7.23308781041431,0.320685544096637,0.57119594906944,0.970329470669613
BRAF,-0.247357648953657,5.91285726509823,0.320462342146829,0.57132992667175,0.970329470669613
TIMM10,0.258519960022659,5.84011483323121,0.320147781595214,0.571518847168324,0.970329470669613
IRF5,-0.452694608460455,4.12549990164973,0.320129858789032,0.57152961503433,0.970329470669613
RNF7,-0.185663800031809,7.3404656765011,0.320062161205033,0.571570290744169,0.970329470669613
GTF2A1,-0.230093240706723,5.38709349886843,0.320007380286652,0.571603209705579,0.970329470669613
RBM7,0.249534014520551,5.32332083325942,0.319980583600923,0.571619313730471,0.970329470669613
PIN1,0.161559541550495,6.92078199496776,0.319928626427313,0.571650541009369,0.970329470669613
XPO6,-0.20960543647619,5.83252257726911,0.319854779575419,0.57169493017318,0.970329470669613
ORMDL3,-0.227724459579344,5.8773601791901,0.319551518626673,0.571877290539764,0.970329470669613
HNRNPA3,-0.11110064749845,8.729277041653,0.319252713659758,0.572057083097226,0.970329470669613
MPRIP,-0.178942940399804,6.47445038305578,0.319206606930148,0.572084835649334,0.970329470669613
ATRAID,0.211211076660593,6.6927872567971,0.319201687803954,0.57208779672474,0.970329470669613
FIGNL1,0.500235863360959,4.12393856971816,0.319143477160569,0.572122838994726,0.970329470669613
KPNA5,-0.317270699936425,5.12708455255322,0.318923884863963,0.572255069489706,0.970329470669613
APPBP2,-0.289384917231972,5.22656371897294,0.318897221500631,0.572271129284971,0.970329470669613
HMGCL,0.353980702133169,4.68942224563387,0.318737870731553,0.572367127415579,0.970329470669613
CWC27,0.243144923026654,5.56213984259488,0.31869189395564,0.572394831216048,0.970329470669613
CCZ1,-0.274942233950763,5.80329210457491,0.318597921626697,0.57245146345134,0.970329470669613
ANAPC13,-0.260824745794446,5.41999846787357,0.318549420615977,0.572480696796977,0.970329470669613
PRKCQ,0.24801998124552,5.68292321972288,0.317761408057361,0.572956072607447,0.970329470669613
RUNX3,0.173984226785382,7.49731626448776,0.317356115568526,0.573200871579374,0.970329470669613
SOD1,-0.104751401680681,8.51692995897319,0.317321599949192,0.573221728723976,0.970329470669613
CNOT7,0.184130911410465,6.57029121169411,0.317168297382828,0.573314384665137,0.970329470669613
DCAF15,0.291600554177899,5.08711433270699,0.317027625301702,0.573399432705119,0.970329470669613
CDV3,0.0925853769407531,8.13551349748682,0.317027153529313,0.573399717972799,0.970329470669613
SLC18B1,-0.471876837153361,3.82305216937414,0.316819134159129,0.57352552876188,0.970329470669613
ZNF345,-0.466850654406508,4.1214125840999,0.316661710578837,0.573620775212546,0.970329470669613
SPATC1L,0.585369879745353,3.89941811281342,0.316635453914856,0.573636664392084,0.970329470669613
PMEPA1,0.290331956953604,5.30409355127002,0.316495394234181,0.573721435947786,0.970329470669613
BCAP29,0.228745691025031,5.60298327984478,0.316459823152684,0.573742969387157,0.970329470669613
ATP11B,-0.184789716224452,6.08656353027341,0.316349259322441,0.573809910883535,0.970329470669613
BBS2,0.491669686232785,4.02017780473519,0.315998699758559,0.574022261016086,0.970329470669613
ARIH1,-0.221457049547965,6.05447941206148,0.315873544122432,0.574098111120286,0.970329470669613
CSNK2A2,0.220866942384967,6.02034853695164,0.315043295481269,0.574601781450946,0.970329470669613
ZNF639,0.326130659634277,5.06150706904568,0.314822459734391,0.574735898392884,0.970329470669613
PTP4A3,-0.41302336593626,4.71445492091199,0.314799315870015,0.574749957597569,0.970329470669613
GOLIM4,-0.296337519018656,5.1106971306152,0.314370453067514,0.575010601945117,0.970329470669613
TIGIT,0.301430131473496,7.26863076066033,0.314235531939318,0.575092649519699,0.970329470669613
ANXA1,0.221635275254755,9.17537735742984,0.314086758215559,0.575183147907305,0.970329470669613
MED28,0.215275784642976,6.38258395182191,0.313926358390543,0.575280749958132,0.970329470669613
NBN,0.245096055633406,5.58519633241053,0.313412530986717,0.575593630684871,0.970329470669613
KLHL7,-0.406192618997128,4.49391772285787,0.313233711485202,0.575702596802542,0.970329470669613
ARHGAP4,0.195551243517025,6.53626689058555,0.31310410158512,0.575781601908988,0.970329470669613
SACS,0.256589178027229,5.22277707150521,0.312965095946023,0.575866358155958,0.970329470669613
DICER1,-0.171134463887571,6.33733785102366,0.31283451426625,0.575946000556901,0.970329470669613
FAM76A,0.276501425981524,5.35322527808576,0.312822419505398,0.57595337831446,0.970329470669613
POLR2K,-0.167571712957443,7.10950392093815,0.312809059641509,0.575961527997648,0.970329470669613
SNRPD3,-0.145740764321627,7.01981904999023,0.312776924504764,0.575981131766625,0.970329470669613
CAT,-0.236599946775765,5.53355341355742,0.312597453728914,0.576090640714649,0.970329470669613
WASHC5,0.347991978522171,4.58630799549923,0.312116672839501,0.576384205637768,0.970329470669613
CIAPIN1,-0.328708701268768,4.79190670326133,0.311962590076124,0.5764783513847,0.970329470669613
NME7,0.395826286880567,4.43257501316912,0.311287176291595,0.576891394622886,0.970329470669613
LIAS,-0.332226106654913,4.65842126988603,0.311053152276026,0.577034646982792,0.970329470669613
FBXO4,0.382747353472873,4.52635823453002,0.310937124498246,0.577105696888585,0.970329470669613
DDRGK1,-0.205282703885369,6.09805405879966,0.310850569706345,0.577158710254476,0.970329470669613
ZNF493,-0.298612052222562,5.07063132258231,0.310746411209266,0.577222518424186,0.970329470669613
NCSTN,-0.305284484843434,4.90234377181207,0.310743821457947,0.577224105101192,0.970329470669613
SFT2D2,0.177002652881276,6.25727634390124,0.310692695641501,0.577255430407266,0.970329470669613
LINC00623,0.167338670959379,6.62138583313623,0.310550814699841,0.577342379997519,0.970329470669613
LAMTOR4,-0.104150689864329,7.96591528674535,0.310524026946258,0.577358799388567,0.970329470669613
G2E3,-0.281579423351988,5.13807674191637,0.310137055340636,0.577596094893374,0.970329470669613
USP33,0.202527735825581,6.01270004381709,0.309853343248577,0.577770193718253,0.970329470669613
KCNQ1OT1,-0.328020643973633,5.06530904807467,0.309686324317067,0.577872733064829,0.970329470669613
SAC3D1,0.382984080746209,4.69471228236068,0.30953380729358,0.577966400770696,0.970329470669613
CEP350,0.147238964582712,6.9926192671521,0.309489571098244,0.577993573902554,0.970329470669613
UBTD2,-0.533596127703944,3.93536201335329,0.309485687579134,0.577995959567671,0.970329470669613
HDDC3,-0.30295546121063,5.32223337846896,0.309444373419382,0.578021340275084,0.970329470669613
CHUK,-0.35200103651109,4.52231436014062,0.309339026956934,0.578086068268007,0.970329470669613
AIDA,0.194825481814576,5.97479109734914,0.309066592099146,0.578253527270746,0.970329470669613
CHRAC1,-0.21473474399689,6.28959494170079,0.308825509703659,0.578401795283771,0.970329470669613
VPS35,0.155889948723319,6.62647892998063,0.308579348602859,0.578553264925307,0.970329470669613
COMMD6,0.110008686056218,9.00174327352253,0.308418161195471,0.5786524907733,0.970329470669613
CAMLG,0.158585869522361,6.80399111766548,0.308227713371876,0.578769772862514,0.970329470669613
CARD16,0.153089937838673,7.29076686722542,0.308227130574583,0.578770131835048,0.970329470669613
CCDC28B,0.457673724293764,4.20094226673798,0.308049842699745,0.578879352473443,0.970329470669613
PIK3C3,-0.250053322391547,5.40945683056134,0.307877022261016,0.578985860463482,0.970329470669613
HEIH,-0.450718707584611,4.82837369329383,0.30759871129262,0.579157463711555,0.970329470669613
ZBTB21,0.349375031127998,4.46027720934477,0.307095497656196,0.579467997150944,0.970329470669613
APP,-0.533869608106834,4.22573245488527,0.307036837691374,0.579504217890134,0.970329470669613
C2orf69,0.344055998110917,4.61959935161971,0.306669997396746,0.579730833211038,0.970329470669613
ARHGAP15,0.192967430636447,6.94458018643926,0.306575937527462,0.579788967152059,0.970329470669613
KIAA0232,-0.265668129134415,5.54344186625874,0.306275572348024,0.579974686661107,0.970329470669613
NMB,-0.35282476933997,4.61700793604768,0.306199399444093,0.58002180421965,0.970329470669613
TRIM39,-0.494810928459921,3.92515316633198,0.305452469816817,0.580484231490907,0.970329470669613
EZH2,0.242174606626053,5.53264899704183,0.305446516418563,0.580487920228676,0.970329470669613
GIN1,0.395818696835886,4.1497727749489,0.305199636155262,0.580640929085469,0.970329470669613
VHL,-0.298263299470811,5.65765338930111,0.305120476743197,0.580690006776174,0.970329470669613
PPARA,-0.430250530168142,4.56868103149737,0.304590376705679,0.581018875423096,0.970329470669613
KIAA0586,0.206651103485469,5.68792921003842,0.304231549746756,0.581241699957692,0.970329470669613
DDX50,-0.229004930934325,5.97732848372564,0.304057551259152,0.581349811328736,0.970329470669613
ZBTB18,-0.558676375637916,3.89854242430347,0.303883969353604,0.581457704064692,0.970329470669613
WTAP,0.147095920293402,7.06033120427651,0.303560898683719,0.581658621068262,0.970329470669613
PAQR8,-0.347115666902657,4.53032247091783,0.303512395738681,0.581688796984367,0.970329470669613
CUEDC2,-0.252168470989905,5.35252310925087,0.303214799336191,0.581874014245419,0.970329470669613
UBE2Z,0.176304820411444,6.14085359058606,0.302989633327854,0.582014231202461,0.970329470669613
PLAC8,-0.259988463546926,5.75704127915421,0.302783996808955,0.58214234594153,0.970329470669613
ZNF200,-0.428572506632183,4.16844669854816,0.302754280794403,0.582160864165928,0.970329470669613
ZNF277,-0.26171223192361,5.29495859590189,0.302729579126385,0.582176258485014,0.970329470669613
CBX5,-0.177289034776083,6.37027819760932,0.302595585343662,0.582259778969629,0.970329470669613
NSD1,-0.184776218917824,6.80357388372616,0.302550982127594,0.582287586216808,0.970329470669613
CYB5D2,0.435465350001248,4.44868192206483,0.302278955550865,0.582457235175206,0.970329470669613
PITPNM1,-0.249350992729649,5.42071494175534,0.301999339785729,0.582631720759413,0.970329470669613
NFKB2,-0.351793302194811,6.27725193777647,0.301790803916933,0.582761919608656,0.970329470669613
NUFIP1,-0.391952293201055,4.17205716469032,0.301786863527425,0.582764380344662,0.970329470669613
EXOSC9,-0.249422863250319,5.69953002299212,0.301747719875895,0.582788826320898,0.970329470669613
ZCCHC10,0.207948398104119,5.82047962628293,0.301539721660145,0.582918759910608,0.970329470669613
DDX55,-0.312594001472283,4.86857665932797,0.3014081232884,0.583000997709634,0.970329470669613
OAZ1,-0.0577927744557818,9.49762237237083,0.301350148881184,0.583037234201284,0.970329470669613
DDX18,-0.146890233251023,7.73225142257876,0.301333094839503,0.58304789457239,0.970329470669613
TUBGCP6,-0.428693368123251,4.45913127286762,0.300769920268159,0.583400152076832,0.970329470669613
SAFB,0.220497491252643,6.08908303771546,0.300576455664693,0.583521260370682,0.970329470669613
POLR2A,-0.182378419146569,6.33007693703777,0.300323930090592,0.583679416952712,0.970329470669613
RAC1,0.100243373695908,7.95332395573075,0.300219469513589,0.583744865817161,0.970329470669613
RAB9A,0.259438808341557,5.44076098816578,0.300178958594501,0.583770251564656,0.970329470669613
TP53BP2,-0.326449483165615,5.02492207890333,0.300171493827644,0.583774929526429,0.970329470669613
HEMK1,0.356995258545387,4.6499307555783,0.300073729798246,0.583836202506732,0.970329470669613
SNTA1,0.325361620656687,4.9705989437189,0.300013276130921,0.583874097949514,0.970329470669613
RBM22,0.187198946310068,6.11679227786879,0.299960910873896,0.583906927176072,0.970329470669613
RTRAF,-0.112588573541217,7.41715589359738,0.29985699739265,0.58397208444076,0.970329470669613
MTHFD2,0.216587112045962,6.15687066456036,0.299783642083606,0.584018089535694,0.970329470669613
PSME3,0.248854118984187,5.02254524549589,0.299081601883771,0.584458747490427,0.970329470669613
XPNPEP3,0.396218652639397,4.32220785273043,0.2988634742673,0.584595799061231,0.970329470669613
LRRC40,0.332589169873706,4.68673692726186,0.2988514876156,0.584603332266626,0.970329470669613
NR3C1,-0.151020464284424,7.62537601401934,0.298812288297611,0.58462796908307,0.970329470669613
ASCC2,0.233918268545071,5.53018700590314,0.29855698931004,0.584788476158457,0.970329470669613
TIA1,-0.191543800686652,6.197407208785,0.29854215435688,0.584797805667782,0.970329470669613
ZNF687,0.474121340222452,3.76109178068255,0.298237146340263,0.584989687992018,0.970329470669613
CAD,-0.344601541582567,4.27280646893042,0.297814179517577,0.585255989803374,0.970329470669613
RPL15,-0.084718674375989,11.3546761243953,0.297801527130028,0.585263959583228,0.970329470669613
TRMT13,-0.249043543014527,5.39350732170567,0.297616951096629,0.585380249613771,0.970329470669613
SNHG15,0.233855937418401,5.94571768154063,0.297615712204106,0.585381030321993,0.970329470669613
TMEM208,-0.16238933270714,6.40893175923514,0.29750645135284,0.585449891114327,0.970329470669613
S1PR2,-0.430130336078442,4.36275449290029,0.297357374371238,0.585543872178765,0.970329470669613
SNX27,-0.246333471166567,5.40869532347922,0.297237916797846,0.585619202645548,0.970329470669613
LARP4,0.212430958444128,5.72055748786142,0.297073021758822,0.585723218443824,0.970329470669613
TM7SF3,0.238097039422714,5.25208303508424,0.296893219961463,0.585836680108737,0.970329470669613
VAPA,-0.111954472282733,7.45539349859709,0.29661418308107,0.586012851088051,0.970329470669613
TMED4,0.136463914726932,6.9735543535601,0.296609329327514,0.586015916474145,0.970329470669613
TMEM126B,0.197566635342568,6.23360548777702,0.296602497718535,0.586020231029129,0.970329470669613
NUDCD2,0.202659375130085,5.95215899677682,0.296484872516302,0.586094528232787,0.970329470669613
GLRX3,-0.185648604273558,6.03104123864276,0.295965311711772,0.586422934256609,0.970329470669613
BLOC1S2,0.184758090201311,6.3383006644353,0.295898203885177,0.586465379271347,0.970329470669613
FHL3,0.536147420511292,4.14133131324806,0.295657425605636,0.586617720428249,0.970329470669613
KBTBD2,-0.244295265488301,5.5229517382708,0.295567307260107,0.586674759252997,0.970329470669613
CYB5R4,0.240358676136096,5.44885977235765,0.295505683920329,0.586713769150051,0.970329470669613
KLF7,0.422728916818781,4.06846257820134,0.295144431394448,0.586942561665371,0.970329470669613
INTS4,-0.390682620379387,4.55761022043964,0.294739782847793,0.587199053667702,0.970329470669613
CALM2,0.0805581559674351,9.00674858626999,0.29471177091424,0.587216817849276,0.970329470669613
GABARAP,0.231986574246997,8.30517012228572,0.294521188390942,0.587337707597152,0.970329470669613
HNRNPA1,-0.130441642088923,9.01429176827979,0.294093781956164,0.587609003006472,0.970329470669613
ZNF335,-0.312856277756872,5.2159466544788,0.293671702514679,0.587877167596654,0.970329470669613
THEMIS,0.207514312284597,6.19288534367372,0.293665775157685,0.587880935267332,0.970329470669613
CD58,-0.180918832625339,6.48171679106511,0.293498642144012,0.587987192103907,0.970329470669613
GZMB,-0.508593937000455,5.82847819099542,0.293276855230868,0.588128256256492,0.970329470669613
ANKRD11,0.129014884578014,8.11998331547411,0.293091028481033,0.588246501622427,0.970329470669613
FBXO33,-0.302284941437071,5.14418082254198,0.292509653670477,0.58861675562914,0.970329470669613
DNAJC16,-0.297695595368563,4.94369629160732,0.291808863164427,0.589063693306068,0.970329470669613
DAXX,-0.2247507023079,5.92574912688292,0.291677504563856,0.589147545995358,0.970329470669613
NUBP1,0.28858230185793,5.12160926959689,0.291545625327752,0.589231755569979,0.970329470669613
C5orf24,0.196942615298946,5.82335169044662,0.291517368852944,0.589249801532204,0.970329470669613
ARHGAP5,0.240315660012409,5.238677772759,0.291294303786597,0.589392301426183,0.970329470669613
SLC35E3,0.270575155044498,5.18844107734256,0.291221640808478,0.589438735681449,0.970329470669613
PCIF1,0.273888224083485,5.21521847857209,0.29091539293389,0.589634521317196,0.970329470669613
FTSJ1,0.317342515453994,4.56582853288603,0.29080899332201,0.589702574203867,0.970329470669613
RRP1,0.328797073896094,4.65114930723244,0.290768973950417,0.589728174638032,0.970329470669613
BTBD10,-0.301306737443276,4.79032213133019,0.290756983737191,0.589735845232782,0.970329470669613
TEX261,0.317260674772086,4.73297780371792,0.290602178517398,0.589834898348074,0.970329470669613
ABHD2,-0.263300855944376,4.94720181589212,0.290451703687339,0.589931213275637,0.970329470669613
PSMD14,0.199129398026275,6.15888493881129,0.290438846261534,0.589939444464086,0.970329470669613
RNF44,-0.213993479877208,5.88518144793927,0.290294201275879,0.590032060862929,0.970329470669613
TOR1AIP2,-0.200968926094795,5.97162495052376,0.290282673575936,0.59003944334715,0.970329470669613
LTA,-0.412373268542622,6.85271871973163,0.290214582098454,0.590083053845367,0.970329470669613
KLHL8,-0.399994333684548,4.22295375104814,0.289722955946825,0.590398121311046,0.970329470669613
TEDC1,0.395479398834435,4.31932137871905,0.289574934074455,0.590493051319339,0.970329470669613
PCBP4,-0.370889080086557,4.5246774443337,0.289522800138593,0.590526493524514,0.970329470669613
HNRNPD,0.101095731013837,7.89896740438393,0.289486527037807,0.590549763816233,0.970329470669613
PHACTR2,0.196712611077799,7.24974345496196,0.289307031780705,0.590664943131042,0.970329470669613
SLC8B1,-0.351298088685655,4.65567128179637,0.288989146859983,0.590869038025003,0.970329470669613
POLR2B,-0.17599486481623,6.38048757760732,0.288966959016424,0.590883288913559,0.970329470669613
NME1,-0.303184313412154,5.73163119825174,0.288881483854981,0.590938194802043,0.970329470669613
FOXP1,0.153416930421415,8.37911459348078,0.288880185386784,0.590939028967769,0.970329470669613
LPXN,-0.130548322618294,6.93471738550986,0.288559045049691,0.591145411117672,0.970329470669613
CRAMP1,0.393732948405438,4.35050840145779,0.288515179871009,0.591173612739881,0.970329470669613
PTPN1,0.183967804272903,6.92998086386195,0.288140158284211,0.591414832922864,0.970329470669613
METAP2,-0.129408863543403,7.26840245631381,0.287600177699488,0.591762512936116,0.970329470669613
EXTL3,0.444787336929453,4.02251058097529,0.287562244776552,0.591786952792751,0.970329470669613
LRCH4,-0.248698424976482,5.77618085877973,0.287550989869605,0.591794204631948,0.970329470669613
GMDS-DT,-0.402458733438192,4.6733178061027,0.287407727218735,0.591886528580373,0.970329470669613
SLC25A5,-0.103273397855293,7.87752183918808,0.287186300089047,0.592029283011059,0.970329470669613
CD74,0.387230167075594,7.73342960952788,0.287146010829414,0.592055265179118,0.970329470669613
ATG2B,-0.377092210283449,4.52113916507515,0.287119433014851,0.592072406248412,0.970329470669613
NXF1,-0.348551314536593,5.01385327917414,0.287103529408828,0.592082663592598,0.970329470669613
NAAA,-0.211812028385944,5.79980142952424,0.286655945195253,0.592371491920361,0.970329470669613
VGLL4,0.319000855964188,5.03846027945614,0.286549216422156,0.592440407367301,0.970329470669613
C2orf49,0.218057368830367,5.64057300978361,0.286071747852148,0.592748914170294,0.970329470669613
DENND3,-0.329977614960391,4.7187532793505,0.28603318661375,0.592773844193685,0.970329470669613
EBNA1BP2,0.327728717727613,5.42280086528366,0.285992008058148,0.592800468711294,0.970329470669613
CTC1,-0.341916538776393,4.65472329527638,0.285959133454718,0.592821725972776,0.970329470669613
ACAA1,-0.225636032842893,5.98804713203573,0.285872699037878,0.592877623391753,0.970329470669613
SOCS7,-0.448287115710505,4.0035560517671,0.285855108825905,0.592889000369816,0.970329470669613
ACSS1,0.285345465271643,5.00088092197044,0.285827315425056,0.592906977472705,0.970329470669613
TAF1,0.250904431878065,5.59577322869484,0.285802835945351,0.592922812022771,0.970329470669613
LENG8,-0.265647045345226,6.83372799591686,0.285404729780026,0.593180449447934,0.970329470669613
IFT80,-0.318059964878413,4.89448964697812,0.285104548282369,0.593374866963183,0.970329470669613
RPL17,0.215990272019452,11.6250310750014,0.285032214787474,0.593421734613233,0.970329470669613
TCF25,-0.137151387959192,7.843980940816,0.285027485408641,0.593424799225611,0.970329470669613
DFFB,-0.549684532543686,3.86603729831211,0.284835691345632,0.593549108297776,0.970329470669613
PRR12,0.253859393758954,5.19337728217465,0.284758781116263,0.593598971866114,0.970329470669613
C1orf52,-0.255083815798776,5.43342112787779,0.284716463815107,0.593626411329382,0.970329470669613
ALKBH7,0.179002604961328,6.66887782015567,0.284582719123064,0.593713151539273,0.970329470669613
IKBIP,-0.296805942088294,5.04155397353492,0.284579169215549,0.593715454190858,0.970329470669613
YWHAH,0.133545012092088,7.5715379908435,0.284494094890375,0.593770643269308,0.970329470669613
LRRC37B,-0.406269355228491,4.4714788470129,0.284382584231629,0.593842998075028,0.970329470669613
MTRES1,-0.706626240619813,4.16912441242804,0.283544982043122,0.594387067830086,0.971032876529601
NDUFS8,-0.139962890575694,6.95610032030824,0.283002411612475,0.594740048579729,0.971247085700569
CHD3,-0.129294515691194,7.02732098893454,0.282771568472784,0.594890360157182,0.971247085700569
CEP85,0.533633530109823,4.02623647424659,0.282739733257916,0.594911095565674,0.971247085700569
TTC21B,-0.410770576950762,4.46037391141545,0.282644382109968,0.594973210122329,0.971247085700569
C6orf120,-0.350287756705351,4.34633883743254,0.282261567412535,0.595222722295478,0.971247085700569
REXO1,-0.256419498315604,5.32261826758104,0.282063271600912,0.595352053475144,0.971247085700569
ERH,0.109736648538657,7.52658718519507,0.281956087997987,0.595421984322097,0.971247085700569
LIPT1,-0.466656085191593,4.10476608436937,0.281948302270516,0.595427064704256,0.971247085700569
USP32,-0.335814592605209,4.61806071588598,0.28139354533481,0.595789289183981,0.971642271872659
MGMT,-0.241401183012211,6.09916311923243,0.281229258987775,0.595896646558469,0.971642271872659
LSM14A,-0.131720600053975,7.07836537750919,0.281038296661638,0.596021486578924,0.971660505103589
UBA2,-0.175886822409399,6.34483935761131,0.280513188281002,0.596365052123606,0.971955436567059
TFDP2,0.297438935763882,5.26886157206686,0.280345788067148,0.596474664539754,0.971955436567059
MED14,-0.35239344772305,4.81553018930656,0.280026129034539,0.596684091349346,0.971955436567059
SLC20A2,-0.292320753357996,5.04679075628792,0.279774547555668,0.596849024306971,0.971955436567059
TSPAN5,-0.235297794135419,5.98038095879974,0.279765183838196,0.596855164848115,0.971955436567059
SREK1IP1,-0.185379882977187,6.62829022092137,0.279543062599689,0.597000866148478,0.971955436567059
REEP5,0.142250354165415,7.65477590800775,0.27939547760456,0.597097716068058,0.971955436567059
MMD,0.20308757448273,5.4318944750268,0.278563479614176,0.597644312429284,0.971955436567059
ODF2,0.299108943722356,4.8533379948334,0.278537235835577,0.597661570733865,0.971955436567059
ZNF234,-0.40260928990397,3.95512831009666,0.277881298672034,0.598093262955728,0.971955436567059
AGK,-0.285490826220278,4.77427886144673,0.277360234908466,0.598436655164684,0.971955436567059
SLC2A3,0.234834580594545,7.70565648569449,0.27735881681809,0.598437590278722,0.971955436567059
NRDC,0.219807859915169,6.7646632244527,0.277021662413009,0.598660002611758,0.971955436567059
TMEM123,-0.112573434664762,7.81633009426709,0.276916081103462,0.598729687499582,0.971955436567059
KIDINS220,0.192644896800586,6.16178163395108,0.276812698134489,0.598797937896252,0.971955436567059
FEM1C,0.36715227670792,4.47904168274225,0.276288940413647,0.59914395760855,0.971955436567059
PRMT9,-0.229666256671572,5.13166883561542,0.276180446832022,0.599215686051242,0.971955436567059
KCTD17,-0.273703014263904,4.92431563855157,0.275965144383504,0.599358082379906,0.971955436567059
RAB5B,0.243721490973028,5.48267982077662,0.27554991449245,0.599632906620139,0.971955436567059
APC,0.255512374984069,5.35002020128792,0.275539126174252,0.599640050500807,0.971955436567059
MINDY3,0.336873652337922,4.45134839590227,0.275384520782549,0.599742447734094,0.971955436567059
SRSF8,0.203146486756978,6.01602465798248,0.275296343817541,0.59980086494311,0.971955436567059
TRIM28,0.191605184183117,5.90906342583422,0.275159125639831,0.599891795672832,0.971955436567059
C6orf62,-0.12788328723165,7.36890411653406,0.275098398104992,0.599932047376801,0.971955436567059
PER2,-0.384555051693103,4.31586007307516,0.274486912613106,0.600337671034649,0.971955436567059
PTTG1IP,0.190228715536122,5.93836253801547,0.274475149242011,0.600345479809425,0.971955436567059
PFDN5,-0.0734344338903089,9.98370331329926,0.274316413931283,0.600450872530059,0.971955436567059
GK5,-0.415480358388772,4.45006641650928,0.274308437366134,0.600456169616448,0.971955436567059
SF3B1,-0.110509676703339,7.79797387862095,0.274288451810405,0.60046944207788,0.971955436567059
PDE4B,0.132476278746839,7.41611192104099,0.273845536961947,0.600763741282548,0.971955436567059
GTF3C3,-0.352384975071582,4.68577825102879,0.27382189164376,0.600779461173691,0.971955436567059
ASH1L,-0.112995385497978,7.26001103114168,0.273778842584882,0.600808083288564,0.971955436567059
MIF,-0.172650099654303,9.35200866183678,0.273594367050674,0.600930768379114,0.971955436567059
ELAC1,-0.367283372167785,4.26044071451502,0.27289931893408,0.601393482409267,0.971955436567059
CYLD,-0.109928467953455,8.19651394550092,0.272862769444078,0.601417835233682,0.971955436567059
HCFC1,-0.215156143717167,5.45625544799819,0.27283335754869,0.601437433806034,0.971955436567059
MFSD3,-0.473648620140017,3.86940004300485,0.272181739021422,0.601871984104885,0.971955436567059
BPGM,0.320614322785755,4.62620167850248,0.27213538697049,0.601902920488094,0.971955436567059
SMCR8,-0.366835855301279,4.5061444263434,0.272057488566388,0.601954919154886,0.971955436567059
LARP1B,0.271363171222546,4.94950185136155,0.271922104000755,0.602045313463228,0.971955436567059
KATNA1,0.240472774346126,5.275788034421,0.271792644303892,0.602131778596992,0.971955436567059
DCAF6,0.296504025064418,4.87737177252508,0.271641642617524,0.60223266455449,0.971955436567059
IREB2,-0.243455051704294,5.65256506169755,0.271532606570652,0.602305534959415,0.971955436567059
TRGC1,-0.363707797323445,4.95110014928964,0.271369505391192,0.602414572628205,0.971955436567059
AACS,-0.465921768149855,3.98319372574974,0.271121465054616,0.602580474361573,0.971955436567059
SNAPC4,0.488287584018099,3.86713649500721,0.270934289180012,0.602705730785171,0.971955436567059
CYB561A3,-0.259021706510904,5.10648511852992,0.270857909427804,0.602756859231515,0.971955436567059
LIMS1,-0.165125184807582,7.68944215281213,0.270708513057075,0.60285689134018,0.971955436567059
ZNF805,0.345920685792428,4.19838679038163,0.270663567938646,0.602886992341225,0.971955436567059
ZMYND19,-0.427366078594121,4.32761742724409,0.27014738884089,0.603232919765305,0.971955436567059
MSMO1,0.249033435241426,5.76077363311832,0.269997873220561,0.603333198956738,0.971955436567059
THAP12,-0.189624603548861,6.02578682777512,0.269947650894009,0.603366890668661,0.971955436567059
SAYSD1,-0.270919114831612,4.92742680420679,0.269936316289261,0.603374495053228,0.971955436567059
RGCC,0.18479209091943,7.45892127281079,0.269928374517843,0.60337982330724,0.971955436567059
MED7,-0.327904282749191,4.84084091908515,0.269927562095504,0.603380368379231,0.971955436567059
ARNT,0.32441013061721,4.697895617732,0.269821805830411,0.603451331475549,0.971955436567059
RBM25,-0.109430263338943,8.10590382616041,0.269672066635215,0.6035518375943,0.971955436567059
GCSAM,-0.420587012168239,3.85582298865998,0.269615116510657,0.603590072262989,0.971955436567059
BDH2,0.320389274665136,4.61937511381437,0.26929857818997,0.603802680437851,0.971955436567059
VDR,-0.353031172097249,4.42359648075927,0.269284790361262,0.603811944864084,0.971955436567059
ZNF138,0.325596765601031,4.57252938356306,0.269199473615709,0.603869278258073,0.971955436567059
USP8,-0.151518435470938,6.5509197378048,0.268988265200459,0.604011261275222,0.971955436567059
POLD2,0.242192402536038,5.22204914960449,0.268903253184853,0.604068429828351,0.971955436567059
MRFAP1L1,0.173504239700288,6.22681804944615,0.268761505210836,0.604163777465139,0.971955436567059
NPEPL1,0.271159746866572,4.92214695592153,0.268428241604578,0.604388074992102,0.971955436567059
C1RL,-0.380672220906715,4.2141717434014,0.268325509029694,0.604457253055103,0.971955436567059
PSMD7,0.12800636791352,7.03616198595709,0.26828510238918,0.60448446668178,0.971955436567059
CD5,0.147698939023435,6.61795040681604,0.268048404966532,0.604643933184423,0.971955436567059
SWSAP1,-0.545167142432958,4.05736572444022,0.267986783065602,0.604685463403773,0.971955436567059
COQ2,-0.396709281025236,4.19662059508266,0.267750090780321,0.604845039015379,0.971955436567059
KIN,-0.243600234055419,5.72854411001203,0.267555635574841,0.604976205723854,0.971955436567059
NUP155,-0.310626001432065,4.64631718153798,0.26693685037289,0.605393999998153,0.971955436567059
IGF2R,-0.222469126081737,5.78060704597461,0.266901051624039,0.605418189531831,0.971955436567059
VPS35L,-0.322291517789185,4.46838091173081,0.266574659527176,0.605638830425322,0.971955436567059
HSD17B11,0.187763207204828,5.930207927521,0.26647836228439,0.605703959996228,0.971955436567059
XRCC4,0.366785188410927,4.34532636379065,0.266309852327655,0.605817965701885,0.971955436567059
PBX2,-0.321560464563294,5.09199199235448,0.26614580594805,0.605928995450943,0.971955436567059
RAP2C,0.21562550430903,5.71060506169018,0.265923714211555,0.606079380468275,0.971955436567059
NDUFA11,-0.0932796112741768,8.14209940369737,0.265777924153905,0.606178142543085,0.971955436567059
SMARCAD1,-0.254756115678695,5.20029131913443,0.265773565309722,0.606181095868269,0.971955436567059
HSPBAP1,-0.372846035688373,4.28405924715216,0.265733738987361,0.606208081524135,0.971955436567059
FBXO30,0.379400046576489,4.17161258162504,0.265350862316385,0.606467643080824,0.971955436567059
DPM3,-0.178936370691646,6.34062165364817,0.264914712600278,0.606763608609807,0.971955436567059
PARVG,0.146661420579655,6.45894054323673,0.264896584844511,0.606775916538374,0.971955436567059
DCTD,-0.206948680015122,5.50265270493821,0.264646189094316,0.606945978479774,0.971955436567059
TMEM19,0.398538146275751,4.23232804939934,0.264613273824921,0.606968341195645,0.971955436567059
DNPEP,0.305168844460252,5.05129473330952,0.264612405913875,0.606968930880368,0.971955436567059
ARL17A,-0.363338327874361,5.25596078421762,0.264591443719574,0.606983173593616,0.971955436567059
POP5,-0.181088684775805,5.88308291000363,0.264172436000269,0.607268017169678,0.971955436567059
HEATR3,-0.418616667499553,4.09068549172535,0.263769571550915,0.607542155877611,0.971955436567059
N4BP2L2,-0.0744266854976063,9.06965679544317,0.263640252526271,0.607630210181133,0.971955436567059
PRKDC,0.133733644438892,6.91478518191281,0.263197213826244,0.607932085631759,0.971955436567059
FRMD8,-0.290068182192907,5.048023208885,0.263064108313046,0.608022843082524,0.971955436567059
ERN1,0.207423250552595,6.54629165803038,0.263060224398551,0.608025491749193,0.971955436567059
ZFX,0.198390157274221,6.1142685121767,0.263001587496568,0.608065482656504,0.971955436567059
NSFL1C,0.237483694076079,5.51903836250586,0.262931299961734,0.608113426823173,0.971955436567059
WDR11,-0.231759302900135,5.71026821097987,0.262699650315813,0.608271495783554,0.971955436567059
PHF23,0.279058979520223,5.05433003166937,0.262605653731589,0.608335660598482,0.971955436567059
APOL3,-0.230715996219087,5.79519920870223,0.262514450315335,0.608397932576114,0.971955436567059
BAZ1A,0.173547188604285,7.23164460503683,0.262352991953239,0.608508206806822,0.971955436567059
UQCC2,0.193183385031694,6.43616444880611,0.262194133776042,0.60861674695452,0.971955436567059
DENND1B,-0.223352355961353,5.72243416092249,0.261960443685013,0.608776491604738,0.971955436567059
ANO6,0.221262835555618,5.21321091744902,0.261864834980326,0.608841873223186,0.971955436567059
PHIP,0.133270969578257,7.00895294271884,0.26183557264137,0.608861887163264,0.971955436567059
FGD3,0.147510665938827,6.3388751222283,0.261745573925626,0.608923450517948,0.971955436567059
SFXN1,-0.161508176573732,6.53509037375013,0.26166433144007,0.608979035668981,0.971955436567059
DUSP18,-0.353155546981946,4.3041111319865,0.261548834863273,0.609058075808712,0.971955436567059
PRKRIP1,0.225488914409036,5.3331454546159,0.261451920321761,0.609124416312913,0.971955436567059
RBMX,-0.149342564996565,7.24142965912484,0.261447618472255,0.609127361399388,0.971955436567059
PMPCB,-0.203499563815933,6.01557153461733,0.261228171132728,0.609277637667108,0.971955436567059
POMT1,-0.381279036037826,4.25170518769331,0.260955819664261,0.609464253127095,0.971955436567059
SSRP1,0.20967594638209,5.7286546672358,0.260853331064933,0.609534510202896,0.971955436567059
ZNF91,-0.235825246943958,5.76638674761164,0.260827521281394,0.609552205839813,0.971955436567059
NAIP,-0.365388768851073,4.54893878584409,0.26021235179919,0.60997430381766,0.971955436567059
MICB,-0.403237967937881,4.50351969284351,0.259810576426373,0.610250321177146,0.971955436567059
MRPL32,-0.210238998624263,5.85997676746714,0.259592633210506,0.610400159405173,0.971955436567059
BHLHE40-AS1,-0.556188314103104,4.41539696273746,0.25943206693686,0.61051060108267,0.971955436567059
SLC35F5,-0.261940201611392,4.85100958551172,0.259022053637707,0.610792814359689,0.971955436567059
U2AF1L4,-0.218260987324478,5.64269196211483,0.258991507259246,0.610813850769358,0.971955436567059
NFKBIE,-0.389218499315297,4.21435379719666,0.258829309309876,0.610925577990141,0.971955436567059
STAT2,0.162387885169874,6.11314274674372,0.258666514219366,0.611037760862054,0.971955436567059
ETF1,0.20868938757581,5.89978369559672,0.25838729678004,0.611230274431513,0.971955436567059
NELFB,-0.200769506720027,5.62604409423079,0.258357237268303,0.611251007530214,0.971955436567059
ANKRD27,0.326860036321234,4.49303123034998,0.258121124933201,0.611413915286442,0.971955436567059
MED24,0.296085582169157,4.61694491948467,0.257994081631844,0.611501608707782,0.971955436567059
MIR4435-2HG,-0.188440026719041,6.46158188569354,0.257946232664528,0.611534644170452,0.971955436567059
ZFC3H1,-0.164078224297105,6.54049580317411,0.257605531039886,0.611769979882713,0.971955436567059
POLR2I,-0.161928423027298,6.84891120391001,0.257198867666862,0.612051134267302,0.971955436567059
SPRY1,0.44564046883353,4.79213431038319,0.257003732148604,0.612186144108734,0.971955436567059
UFD1,-0.163794883249891,6.38273204936874,0.256884382190671,0.61226875139546,0.971955436567059
SLC35B4,-0.485825843654549,4.19288417213594,0.256723144644671,0.612380389211336,0.971955436567059
SMIM27,-0.200156556406468,5.92624263531198,0.256694575130663,0.612400174795132,0.971955436567059
LRRC41,-0.270570591318541,4.93491591318455,0.256246294113069,0.612710809491916,0.971955436567059
DUS1L,-0.168418618098585,6.08294724435686,0.255999259554688,0.612882137094555,0.971955436567059
ADAM8,0.283424434663166,5.91472347086555,0.255952869655093,0.612914321784063,0.971955436567059
TXNDC16,-0.368306276320232,3.74908227487103,0.255924839135648,0.612933770757583,0.971955436567059
VPS13B-DT,-0.58879692144001,3.72288645614538,0.255706501242319,0.613085310293971,0.971955436567059
NFE2L3,-0.364099087268288,4.69935186194476,0.255688346326973,0.613097914547429,0.971955436567059
STAU1,-0.212016017050024,6.59154955307841,0.255518306025742,0.613215994217518,0.971955436567059
ZDHHC6,-0.248414702137059,5.20343275848483,0.255390618724665,0.613304695479518,0.971955436567059
DNAJA2,-0.121047859533054,7.09138208551279,0.255221718056594,0.61342206943928,0.971955436567059
NAE1,-0.237595851067921,5.43936901217874,0.255160406133987,0.613464688928138,0.971955436567059
ARMC1,-0.2245123654971,5.36978316635043,0.25482304947521,0.613699309227637,0.971955436567059
KANSL3,0.314498659718552,4.70391244557025,0.254677387535171,0.613800672488028,0.971955436567059
EID1,-0.107395804488599,7.82324266588936,0.254373916596911,0.614011968779049,0.971955436567059
BLOC1S1,-0.0913684760345877,7.7633165455367,0.254371421110733,0.614013706954805,0.971955436567059
ZNF747,-0.481076537404258,4.00139750066856,0.254212387682076,0.614124500240424,0.971955436567059
ATAD3B,-0.478934170221273,4.12181291842806,0.253957698921074,0.614302023983372,0.971955436567059
BIRC2,0.18845489199545,6.29424143740682,0.253391644516039,0.614696976615166,0.971955436567059
CD2,-0.0807522045070137,10.5639350869757,0.253151921989572,0.614864404678376,0.971955436567059
BCL7B,0.24440240142057,5.66915946744975,0.253053032246445,0.614933500631931,0.971955436567059
MTR,-0.226083349411526,5.67194147977322,0.252867284610939,0.61506333142376,0.971955436567059
TATDN3,0.332029672938105,4.48017600489711,0.252845128625809,0.615078821633355,0.971955436567059
NAALADL1,-0.412440233861502,4.25433976122509,0.25279360889275,0.615114844599582,0.971955436567059
UBXN2B,-0.309317483630563,4.6875065868468,0.252791874318909,0.61511605750605,0.971955436567059
MLST8,-0.370961204133763,4.15009698906247,0.252286422846133,0.615469718417215,0.971955436567059
TP53RK,0.308036993115526,4.95494890305694,0.252272493150123,0.615479471209435,0.971955436567059
FARSA,-0.2671121280269,4.94747939979671,0.252250592531933,0.615494805476332,0.971955436567059
NDUFV2-AS1,0.355593233236752,4.31667997148355,0.251884691148442,0.615751123891544,0.971955436567059
FAM117A,0.215961118038298,5.57337303519985,0.251724662883269,0.615863298918466,0.971955436567059
RNF220,-0.233389466074593,5.67022003576033,0.251556137709617,0.615981478283997,0.971955436567059
GOLGB1,-0.126825157998656,7.25235955490418,0.251508450852498,0.616014927993243,0.971955436567059
RPL39L,0.300799612046112,5.03223447489464,0.251398335301662,0.616092183165257,0.971955436567059
RFESD,0.576736941373569,3.90313351548434,0.251278638493066,0.616176184402664,0.971955436567059
FBXO38,0.272995819773388,4.68815718840381,0.251072434750256,0.616320953503315,0.971955436567059
RANBP3,0.258250798878675,5.05391971118258,0.250939028516999,0.61641465341272,0.971955436567059
STX18,-0.272825409626306,4.99161515113427,0.250922990914876,0.61642591976579,0.971955436567059
MIA3,0.168570182109639,6.11901486491859,0.250493781450498,0.616727605196968,0.971955436567059
LACTB,0.304239795154716,5.21569513300875,0.250402241525777,0.616791989163702,0.971955436567059
RPS29,-0.065102503886311,12.5117308053734,0.250209412322835,0.61692766239915,0.971955436567059
PSMB3,0.124540785448967,7.75778834643698,0.249706617275857,0.617281733022188,0.971955436567059
RTL10,0.590852939410485,4.0670466639573,0.249686048277184,0.617296227289426,0.971955436567059
ANKRD36B,-0.354010695474986,4.98500652138885,0.249612917008108,0.617347766426831,0.971955436567059
PBDC1,-0.223330535445204,6.06086845118472,0.249609130446846,0.617350435256319,0.971955436567059
ATXN2,0.180669609111152,6.23178193116665,0.2494747595989,0.61744515837873,0.971955436567059
PIGL,-0.327856870431224,4.46799917416955,0.249270655874881,0.617589099853994,0.971955436567059
RABL3,0.334745567135965,4.46771075968941,0.249212229864554,0.617630317584732,0.971955436567059
C12orf43,-0.315743712850069,4.72185935621067,0.249139615424259,0.617681553224059,0.971955436567059
MFSD5,-0.393395350338657,4.43469057120074,0.249114843691864,0.617699033913447,0.971955436567059
RECQL,0.183956573594312,6.42888629478975,0.249067844215046,0.617732203058222,0.971955436567059
SNX24,0.407735890873555,3.90928639002758,0.249058797588036,0.617738588022186,0.971955436567059
TXNDC17,0.132045526270524,6.7607093807958,0.249003147592952,0.61777786808069,0.971955436567059
BMT2,-0.373342314714643,4.09266492025811,0.248827195285426,0.617902098546614,0.971955436567059
CARF,-0.369303148644336,4.53872874703906,0.248498863473554,0.618134062742737,0.971955436567059
RYBP,-0.211547557431306,5.66975676327813,0.248484283329088,0.618144367951651,0.971955436567059
ALG3,-0.267346201893231,5.03774099857528,0.248432106146769,0.618181249743708,0.971955436567059
ARPC5,0.125960035487712,8.57821158842447,0.24833671243891,0.61824869193032,0.971955436567059
ING5,-0.256101915196308,5.39223447666346,0.248164451343758,0.618370519396315,0.971955436567059
CEP44,0.245995224645902,4.95432896203813,0.248082815154206,0.618428273036746,0.971955436567059
RTCA,0.199905002433494,6.10313361515429,0.248027629132913,0.618467321186166,0.971955436567059
ZZEF1,-0.190508721552522,5.83386113337538,0.247997520051888,0.618488627850783,0.971955436567059
STN1,-0.193443885039884,5.87941783484366,0.247926936227158,0.618538582760238,0.971955436567059
APOBEC3C,0.167174366690483,7.27982632668566,0.247886214205691,0.618567407350535,0.971955436567059
SNW1,-0.165205055738933,6.80503543681449,0.247715071616675,0.618688580872436,0.971955436567059
MAPK9,-0.187421214656221,5.56233706793016,0.247572195383427,0.618789781067067,0.971955436567059
MFSD4B,0.277686388874559,4.77197237457208,0.247306324982121,0.618978195869199,0.971955436567059
CSTF1,0.311811340262109,4.70164526063372,0.247262409542081,0.619009329649467,0.971955436567059
RBAK,-0.379365745956703,4.23856731398654,0.24724396627342,0.619022406003223,0.971955436567059
PPIB,-0.0768644052286216,8.77876128751666,0.247206373532338,0.61904906129582,0.971955436567059
C2orf68,0.27168483565604,5.19352843667481,0.247141893444208,0.619094787062712,0.971955436567059
NAPG,-0.220546246426225,5.50031364940235,0.246867309948135,0.619289590056114,0.971955436567059
STAM,-0.205021370495608,5.58744774043066,0.246745215038878,0.619376253559118,0.971955436567059
CTDSP2,0.196552270842493,5.85889349118204,0.246709591202482,0.619401544552333,0.971955436567059
CENPM,0.25053608683732,4.92188684270994,0.246601201232229,0.619478509559945,0.971955436567059
NFE2L1,0.21551430469743,5.26445270563384,0.246557819615955,0.619509319669424,0.971955436567059
SNRPE,0.13739333111691,7.00904614432591,0.24608330472417,0.619846546257076,0.972306077789311
MCM3,-0.282235271758398,5.40804866860999,0.245670386057817,0.62014032768156,0.97258845374237
STOM,-0.215765481173236,6.6857330607544,0.245220693171831,0.620460623112253,0.972835708372646
BMS1,-0.221614741825217,5.5154077424819,0.245129567426318,0.620525572319106,0.972835708372646
UBASH3A,0.239536192966467,5.55132056928872,0.244666509408201,0.620855845983727,0.972890526522808
TC2N,-0.186023147773619,6.83434783429727,0.244645809746725,0.620870618987945,0.972890526522808
AGER,-0.391589686784366,4.16865362467049,0.244440590372317,0.621017122744184,0.972890526522808
UBE2D1,-0.227355366884667,5.38208293467426,0.244013906575812,0.621321972557912,0.972890526522808
RNPC3,0.199253991444369,5.5370781722437,0.243918328336456,0.62139030512993,0.972890526522808
RNPS1,-0.147438501049699,7.0018228403889,0.243896441791666,0.621405955008799,0.972890526522808
FAM177A1,0.138547305847366,6.99785980715248,0.243770987818433,0.62149567718409,0.972890526522808
CGRRF1,-0.335671934869329,4.78959002442236,0.243577939344732,0.621633797703033,0.972890526522808
TRIM11,0.285956773958851,4.95377891089885,0.243265703193078,0.621857337651863,0.972890526522808
DEAF1,-0.278821725991548,4.97437217336954,0.243227359019302,0.621884801779549,0.972890526522808
STAT5B,-0.226466646652993,6.12793598268431,0.243148969124047,0.62194095714989,0.972890526522808
ACOT7,0.369412974024177,5.29511751662539,0.242921437118508,0.622104015693316,0.972890526522808
ZNF337,0.315091224607627,4.1858755426275,0.242819074734262,0.622177403632174,0.972890526522808
TRMT10A,0.416970841293075,4.0141924575784,0.242658173209893,0.622292799635128,0.972890526522808
MCMBP,-0.204332338830545,5.68384106805091,0.242589037536551,0.622342397238539,0.972890526522808
PSMB1,-0.100539996534605,7.82893564712208,0.242534727695507,0.622381365019679,0.972890526522808
LCMT1,0.217547473247389,5.47659759430108,0.242166640597032,0.622645613678028,0.972990565893975
RBM39,0.0727924168456578,8.85665548065992,0.242128527295579,0.622672989356174,0.972990565893975
PTPN13,-0.482759354845979,5.1486992625205,0.241743493317792,0.622949698281748,0.973245060418615
PSMG2,-0.160604213322176,6.48737779448316,0.241142925545569,0.623381849721028,0.973556277131208
LINC01281,0.424192555974596,3.80935830679305,0.240816934047242,0.623616703636735,0.973556277131208
PPIG,0.0964765543198764,7.73332910627755,0.240545450455354,0.623812439019199,0.973556277131208
ARL8B,-0.184702274953326,5.79331273515852,0.240458291739376,0.623875308133782,0.973556277131208
PARP8,-0.197770191207055,6.52179541660123,0.240344973179656,0.623957067940845,0.973556277131208
RNF40,0.357983369115957,4.57227183826857,0.240197605457823,0.624063430126869,0.973556277131208
ERCC1,0.216585491085262,5.5147460146428,0.239390452567839,0.624646709017239,0.973556277131208
AGA,-0.275096100806653,5.20049249779909,0.23920429672534,0.624781405115265,0.973556277131208
E4F1,0.319481670380041,4.65129927997377,0.238982076093201,0.624942281549821,0.973556277131208
TIMM17A,-0.204583789571381,5.75996732002428,0.238813877675675,0.62506411027695,0.973556277131208
DNMT3A,-0.237286818652992,5.66303871968167,0.238578060060245,0.625235006164337,0.973556277131208
SEL1L3,0.166595814917749,5.9748441558952,0.238077945840573,0.625597782987983,0.973556277131208
TTC31,-0.276717279142512,4.84379038493194,0.238019441516343,0.625640252132786,0.973556277131208
EEF1E1,-0.179520501615846,5.88323578313254,0.237910338751604,0.625719468689915,0.973556277131208
GPAA1,-0.238049688846627,5.31569034302723,0.237906931570222,0.625721942913903,0.973556277131208
SUCO,-0.2022486412407,5.52324811129403,0.237906876064939,0.625721983220863,0.973556277131208
UBE2N,0.159628628960534,7.09163967823714,0.237834506178439,0.625774541910285,0.973556277131208
GPS1,-0.220789623717823,5.42226420816076,0.237750054240372,0.625835887716037,0.973556277131208
GSE1,-0.303997813036733,4.89703938909255,0.237318256643169,0.626149755990818,0.973556277131208
KLF6,0.176982596283399,10.0745901328847,0.237034391728034,0.626356286376293,0.973556277131208
SMG5,-0.306821800416634,4.5848137140059,0.236999245935248,0.626381867892398,0.973556277131208
MMADHC,0.154954454322343,6.15645179125968,0.236788596988534,0.626535241823954,0.973556277131208
PGPEP1,0.281295263333455,4.762998974634,0.236565349173947,0.626697881140776,0.973556277131208
PARP11,-0.263165517048344,4.90030271375095,0.236539246938658,0.626716903198776,0.973556277131208
B3GALT6,0.318443173862064,4.84789852275158,0.236516788999419,0.626733270507177,0.973556277131208
FASTKD1,-0.400793294587212,4.19593973812877,0.236372539795404,0.62683842199729,0.973556277131208
TXNL4B,0.31169256535777,4.41408203653689,0.236346888706304,0.626857124696414,0.973556277131208
SEC61G,0.11119343677201,8.26577227334899,0.236218682611563,0.626950621022517,0.973556277131208
GALNT3,-0.389898738917239,3.93634481111344,0.236197802723652,0.626965850981594,0.973556277131208
NCDN,-0.377286421818242,4.37891858792536,0.235893302737306,0.627188050348981,0.973556277131208
SGPL1,-0.280168255250409,4.60054035801035,0.235243689668886,0.627662678273874,0.973556277131208
FKBP4,-0.268793038391291,5.00107554344093,0.235239747406165,0.627665561086179,0.973556277131208
RAB11B,-0.19993694896952,6.05409011483692,0.234862580278797,0.627941505766591,0.973556277131208
FANCM,0.402133164170193,3.93890710210485,0.234700334023806,0.628060293258319,0.973556277131208
MPC1,0.164472435584547,6.14937569174188,0.234670020509489,0.628082492711921,0.973556277131208
STXBP2,-0.286817474629483,5.42553061535722,0.234602569249992,0.62813189555133,0.973556277131208
NUDT19,0.383163704447061,4.47995242579126,0.234569166226532,0.62815636393311,0.973556277131208
BSG,0.109382738809594,7.17545900762625,0.234516629863873,0.628194852220001,0.973556277131208
PAPSS1,-0.261327326940511,5.14796248700989,0.234007803580788,0.628567895446866,0.973556277131208
EZR,-0.112292150212682,8.31600106055974,0.233953727015555,0.628607570800769,0.973556277131208
CHD9,-0.172625260001094,6.14777903553706,0.233888546301511,0.628655400661754,0.973556277131208
VBP1,-0.233239797885951,6.0141729951195,0.233789666190312,0.628727974973655,0.973556277131208
MYL6B,0.306073778739716,4.58923908967559,0.233449371725815,0.62897788322032,0.973556277131208
XPNPEP1,-0.319968927909976,4.62167808121258,0.233349292553513,0.629051422936283,0.973556277131208
HDAC4-AS1,-0.498214923992089,3.72398293981366,0.233174143807766,0.629180171748999,0.973556277131208
ARHGAP19,0.310576177132919,4.58889368931936,0.233080730410439,0.629248862705065,0.973556277131208
SCYL2,0.24153708995596,5.02157522619523,0.23301172290838,0.629299617840547,0.973556277131208
CTBP1,-0.156779504213997,6.36362780057998,0.23293213214359,0.629358168492848,0.973556277131208
CCDC7,0.324923259925542,4.67946849475543,0.232895652430962,0.629385008780694,0.973556277131208
MAF,-0.150822159695583,9.47676483980048,0.232696087913329,0.629531886116907,0.973556277131208
SMCHD1,0.107975876047417,7.89025736295955,0.232524864927214,0.629657966286035,0.973556277131208
PCGF5,0.162946242623,6.33182269693729,0.232507182365444,0.629670990112268,0.973556277131208
RGP1,-0.267695064656719,4.82665744592729,0.232488340730516,0.629684868308222,0.973556277131208
ATP2C1,0.26694707369366,4.90178529145814,0.23248027133887,0.629690812197544,0.973556277131208
SMARCAL1,0.314739456514982,4.49206221122898,0.232241676925771,0.629866617598895,0.973556277131208
SLC25A39,0.234019432479243,5.65591009636139,0.232047874391204,0.630009500570755,0.973556277131208
C4orf3,-0.0905217361363753,7.76276762508794,0.232015455532977,0.630033408893908,0.973556277131208
FAM98A,-0.297215838147528,4.64328128821233,0.23196929398161,0.630067455756891,0.973556277131208
MTMR12,-0.295643778408587,4.7094406033955,0.231924454191681,0.630100531739123,0.973556277131208
ATL3,-0.215513818328896,5.88824344323571,0.231803937167939,0.63018945040797,0.973556277131208
TMEM170A,-0.173949463496013,6.10099062671312,0.231717583729845,0.630253180352149,0.973556277131208
ANKRD54,-0.299690372632728,4.56450993790538,0.231533157598399,0.630389338193847,0.973556277131208
DYNLT3,-0.20041565146368,6.20073812476363,0.231437374883768,0.630460078860161,0.973556277131208
ATAD3A,-0.39423935907073,4.23242327140548,0.231346884599637,0.630526927344649,0.973556277131208
CSTB,0.0890431999916702,8.15060368516697,0.231314207516517,0.630551071058077,0.973556277131208
RRAS,0.369138622187915,4.55537534874836,0.230410096003912,0.631219915096158,0.973688228409893
PAK2,0.0825898812226933,8.63244801569802,0.230362060644204,0.63125549586239,0.973688228409893
RASA1,0.243588453522586,5.06577768231208,0.230148931389211,0.63141342010327,0.973688228409893
NDUFB7,-0.111550109681878,7.41769386442031,0.230038497647454,0.631495284537355,0.973688228409893
LAIR2,-0.358225371685331,4.98696536836028,0.229970959856956,0.631545362152826,0.973688228409893
PIK3AP1,0.370294182967136,4.08300425409703,0.229928067779332,0.631577170272693,0.973688228409893
DCAF5,-0.194574182414585,5.86018000399304,0.229479674159927,0.631909910900394,0.973688228409893
KLC1,0.182065863889857,6.11612336813259,0.229336424006787,0.632016297154181,0.973688228409893
MAPK14,0.216398715017433,5.50572780391491,0.229288783752459,0.632051686747801,0.973688228409893
KXD1,-0.185999858354969,5.83201693550747,0.229141139088455,0.632161393397118,0.973688228409893
ATF3,0.471184395906831,3.91101764357494,0.229086870538815,0.63220172829756,0.973688228409893
CNOT9,0.222254576426445,5.63004697831117,0.228847405504254,0.632379779959606,0.973688228409893
BNIP1,0.366703939109619,4.26725222408032,0.2286025241721,0.632561977279133,0.973688228409893
HDGFL2,-0.234890477679907,5.2753005927699,0.228326320254382,0.632767623254763,0.973688228409893
CHST11,0.174341355563489,6.20757886950735,0.228177483322188,0.632878502257023,0.973688228409893
ANKRD26,0.254856719275754,4.84622804642382,0.227806214671762,0.633155279848613,0.973688228409893
NBPF12,-0.363945534159238,4.43968372901406,0.227619850636106,0.633294317038788,0.973688228409893
SEC63,0.215811813883254,6.04202082609091,0.227444847114885,0.633424942328142,0.973688228409893
ZCCHC9,-0.22725519189493,5.50216754557544,0.22740358161534,0.633455752511365,0.973688228409893
LGALS8,-0.168278955879807,6.07662138715976,0.227319788307407,0.633518325918257,0.973688228409893
ZNF672,0.349435059325409,4.47319794661008,0.227281636138123,0.633546821083638,0.973688228409893
AP2A1,-0.207458102582097,5.34032794603315,0.227239968078329,0.633577945557687,0.973688228409893
DUSP2,-0.241540657869939,6.82458695971738,0.226851088165112,0.633868593222001,0.973688228409893
IFRD2,-0.305386884648372,4.9992174915295,0.226574332243992,0.634075625965328,0.973688228409893
TOB2,-0.202052878616459,5.7897480510642,0.226441694764507,0.634174903036381,0.973688228409893
CEBPZ,0.137932770991014,6.53768688759525,0.226439043913654,0.634176887520055,0.973688228409893
MOB3C,-0.374065942895726,4.25096262470159,0.226350702976927,0.634243029585388,0.973688228409893
IBA57,-0.427961209265447,4.15343451938731,0.226144145082056,0.634397744097591,0.973688228409893
SUMF2,-0.151046689849576,6.62171877798909,0.225919108628622,0.634566397927037,0.973688228409893
RPS27L,0.115051567263091,7.99400498580528,0.225709233970099,0.6347237815582,0.973688228409893
CYB5B,0.194428518963158,6.09402319449409,0.225638986665883,0.634776479584517,0.973688228409893
ATP6V1H,-0.186270365465092,5.59184814244286,0.225335736653351,0.635004086713646,0.973688228409893
ADA2,0.22896282029607,5.23953488706326,0.225193859608673,0.635110638297811,0.973688228409893
SNHG9,-0.15953199592867,6.30832900279486,0.224980640312955,0.635270846247215,0.973688228409893
CASP8,-0.146806795643018,6.92001872223499,0.224911951847274,0.635322476944692,0.973688228409893
DCTN3,-0.116648737862881,6.90998246188041,0.224861718200097,0.635360241920045,0.973688228409893
PRDM4,-0.334964524530527,4.3567811060777,0.224328616974095,0.635761338918013,0.973688228409893
LRRC8A,0.323445824245588,4.53459636145615,0.224105628177828,0.635929285282678,0.973688228409893
CBR4,-0.267832259452033,4.8286675326851,0.224075621011345,0.635951893303762,0.973688228409893
INO80,0.214567037938532,5.47813607412471,0.223823709664087,0.636141761644712,0.973688228409893
ZEB2,0.179853054191034,6.16645036327598,0.223746376025201,0.636200075087297,0.973688228409893
SNRPA1,0.160808211692093,6.37949172332489,0.223723459381493,0.636217357754783,0.973688228409893
MAP3K1,-0.173489119792346,6.34000325643289,0.223262776162187,0.636565013599613,0.973688228409893
PET117,0.287010459851994,4.82628635935664,0.223253131481215,0.636572296671786,0.973688228409893
RGS16,0.278307489299673,6.24835545299264,0.222850340921305,0.636876631410132,0.973688228409893
RASGRP1,-0.11991758940276,7.89709336554945,0.222757874538354,0.636946543300293,0.973688228409893
RAD9A,-0.349349518290474,4.97792740843416,0.222658085481314,0.637022011619021,0.973688228409893
SELENOW,0.0863991347898468,7.70428431983766,0.222118928951127,0.637430122155905,0.973688228409893
ATP6V1F,0.118088911654659,7.54426553513706,0.22203319189958,0.63749507595181,0.973688228409893
EEA1,-0.196019728212495,5.62100336733051,0.221993795104584,0.637524927829667,0.973688228409893
FBXW2,0.196681839652614,5.59712373549069,0.221874723773187,0.637615170657079,0.973688228409893
FAM111A,0.16645150078892,6.2017041414237,0.221807643586516,0.637666023008769,0.973688228409893
NENF,0.167181404782301,6.22603314364591,0.221691518926388,0.637754077358073,0.973688228409893
SAMD1,0.214996295264295,5.40472086704212,0.221465931944586,0.637925214737343,0.973688228409893
IWS1,-0.194175008922326,5.87168870921365,0.221368365486605,0.637999264702381,0.973688228409893
TMX2,-0.21390858556965,5.45643258772592,0.221217234482841,0.638114007881141,0.973688228409893
XPO4,0.289781453396887,4.54457966538944,0.220858753210683,0.638386369134361,0.973688228409893
MLH3,-0.284247045139987,4.93145030544248,0.220638690189549,0.63855369885186,0.973688228409893
EIF5A2,-0.338891973945186,4.66268595522154,0.22049764664543,0.638660997956239,0.973688228409893
PIK3C2B,0.321345060808893,4.19815361579137,0.220389478129235,0.638743315711725,0.973688228409893
TRA2B,-0.112317438165521,7.75500642148692,0.22034279699826,0.638778848321576,0.973688228409893
GRK5,0.324671996900343,4.36671300811032,0.219937737175556,0.639087363610779,0.973688228409893
TOX4,-0.13678678835829,6.4654437751613,0.219858394535103,0.639147835808758,0.973688228409893
NME3,-0.124229410801962,6.96064733407154,0.219613785310585,0.639334352255979,0.973688228409893
TTC27,-0.418826823832454,4.08102862883752,0.219302123553849,0.639572180406858,0.973688228409893
ATP6AP1,-0.180589308292207,5.80031797075636,0.219072593284764,0.63974746605848,0.973688228409893
RMDN3,0.278523746458982,4.68134713078214,0.218769354123026,0.63997921278723,0.973688228409893
ULK3,-0.248252883900815,4.75073016360399,0.21872135215439,0.640015915633741,0.973688228409893
SMC1A,0.133803661296884,6.7205028437104,0.218646791691285,0.64007293513912,0.973688228409893
NRF1,0.329825298717669,4.34564619032891,0.218426101829074,0.640241775371107,0.973688228409893
TRNAU1AP,0.235824593574422,5.79695748237569,0.218277229214777,0.640355730052673,0.973688228409893
GCLM,-0.237281581612082,5.20905890568145,0.21823886480755,0.640385103795854,0.973688228409893
RPL28,0.052042740855007,12.7160374468009,0.218132055371459,0.640466899108776,0.973688228409893
FAM219B,0.223375629783343,5.32840912038715,0.218038599359419,0.640538488301097,0.973688228409893
SCAF4,-0.269968242594201,5.16092541181658,0.217970679258968,0.640590528196266,0.973688228409893
LDLR,-0.203412966195581,5.88710397073485,0.217442823560688,0.640995304428494,0.973688228409893
GPN3,-0.24212625178005,4.85458672399022,0.217397812791621,0.641029847759508,0.973688228409893
ZBED5-AS1,0.40371550086051,4.15728784933526,0.217159904326175,0.641212501992006,0.973688228409893
SPIN2B,0.369681058075803,4.16029387339804,0.217157093169929,0.641214660985166,0.973688228409893
EPS15,-0.152659980297001,6.85378772817941,0.216932765612805,0.641387001418228,0.973688228409893
MFF,-0.197975000346532,6.14279863203797,0.216849261293298,0.641451181600357,0.973688228409893
TRIM26,-0.273753790716257,5.02665660079159,0.216815117223256,0.641477428557726,0.973688228409893
PRCP,0.2948337314587,4.6543034508696,0.216815010872889,0.641477510314461,0.973688228409893
SERTAD2,0.220124156191589,4.95167720116139,0.216751082967615,0.641526659241669,0.973688228409893
PDIA6,-0.131465676446953,7.48920683927702,0.216735881635721,0.641538347597772,0.973688228409893
UCP2,0.162002658504343,8.14617531413394,0.216476477662034,0.641737881114682,0.973688228409893
GTPBP3,0.337967533969545,4.44763694722969,0.21640351046222,0.641794033685406,0.973688228409893
CORO1A,-0.0971144839233961,9.51405671719427,0.21635932969826,0.641828038990529,0.973688228409893
NFATC2IP,-0.134776361371315,6.53967680686879,0.21617329178285,0.64197127607529,0.973688228409893
TCERG1,-0.165884574007761,5.93614785766175,0.216090576954702,0.642034985182111,0.973688228409893
SH3BP2,-0.241230843683879,5.29969912311308,0.215956676658188,0.642138150103002,0.973688228409893
TAOK1,0.144229143752927,6.56723473632299,0.215898626543906,0.642182887521633,0.973688228409893
UNC13D,-0.2481143553496,5.46071606879397,0.215797558088344,0.642260795291635,0.973688228409893
CAMKK2,-0.355279902386139,4.40139380376672,0.215750553364725,0.642297036044971,0.973688228409893
POGLUT1,0.310973607078107,5.18504237665591,0.215618549817965,0.642398836764302,0.973688228409893
SECISBP2L,0.220776901610424,5.62889366833615,0.215617468870672,0.6423996705438,0.973688228409893
CTNNA1,0.261758251975062,5.07932687712383,0.215607383260544,0.642407450115812,0.973688228409893
HMGA1,0.198103905945928,6.18783172385046,0.215585802913846,0.642424096937641,0.973688228409893
ZC3H15,0.0949220695297931,7.46745084304147,0.215566312470173,0.642439132503675,0.973688228409893
RPF2,0.221155165900569,5.17883237364932,0.215434161048922,0.642541100233938,0.973688228409893
FIBP,0.143697533355913,6.30580940591982,0.215216051990598,0.64270947584952,0.973688228409893
MLKL,0.293201444870636,5.06518573765615,0.215197292902054,0.642723962313732,0.973688228409893
DDX31,-0.373011875827022,3.80577526941123,0.215119133663013,0.642784328037683,0.973688228409893
GPR108,0.173576561887129,5.94160744699639,0.214903509372464,0.642950933020314,0.973688228409893
SOS1,-0.161312847685061,6.2618328702017,0.21488144270255,0.642967988853955,0.973688228409893
NMRK1,0.167530586238553,6.64349258039061,0.214846573731656,0.642994942047702,0.973688228409893
SOAT1,-0.226154502615816,5.51358643750312,0.21455219070813,0.643222601706701,0.973688228409893
ZNF543,-0.400237110894308,3.79675749370755,0.214251299418084,0.643455490616454,0.973688228409893
POLDIP3,0.198385595112905,5.25917655563735,0.214094366247906,0.643577035194964,0.973688228409893
ABHD10,-0.299278807750969,4.55653044753353,0.214065273740584,0.643599573253925,0.973688228409893
P4HB,0.149526768748463,7.0463153355152,0.213974902917961,0.643669595681497,0.973688228409893
ELP1,-0.396463058032901,4.13566129499115,0.213740457296089,0.64385133595647,0.973688228409893
TSPAN17,-0.341112977827488,4.75925177437533,0.213666593263984,0.64390861979408,0.973688228409893
TTLL3,0.290842204512267,4.52513542897104,0.213539096193603,0.644007525988638,0.973688228409893
IFT20,0.171821908265491,5.92732094552937,0.21352954153269,0.644014939485611,0.973688228409893
B4GALT5,-0.294728099898517,5.14473526353138,0.213438450655733,0.644085627344844,0.973688228409893
ATXN7,-0.18675020338275,6.20397056191738,0.213344635718659,0.644158448250115,0.973688228409893
SOS2,-0.219621176932578,5.41923438805755,0.213267908693318,0.644218019642013,0.973688228409893
AP4M1,0.305118082903738,4.35320992229861,0.213238410976292,0.644240925333051,0.973688228409893
ZNF134,-0.402594065252843,4.07010514304585,0.213157285382753,0.64430393123345,0.973688228409893
YY1AP1,-0.229410043097451,5.20478962618138,0.212439609436679,0.644861946154178,0.973995256391426
TNK2,-0.20247004602133,5.39368737835161,0.212407566892056,0.644886886846091,0.973995256391426
TSPAN2,0.379451883204142,4.98972271412896,0.212387515636753,0.644902495136971,0.973995256391426
UBE2D4,0.366224455067609,4.04599826179329,0.212280959342866,0.644985455638612,0.973995256391426
TXNDC11,-0.270902132546324,5.09503159116281,0.212081442499301,0.645140859437575,0.973995256391426
CCDC107,-0.110685130864078,7.51452497308721,0.211802976148395,0.645357905255438,0.973995256391426
COPS9,-0.0851961877093966,7.96148407046265,0.211802285314832,0.645358443928753,0.973995256391426
DAPK3,0.281717505541721,4.40351714852546,0.211277627992812,0.645767850092708,0.973995256391426
IVD,-0.346459852269116,4.88132088261287,0.211039131848711,0.645954159518585,0.973995256391426
UQCRC1,-0.177976853012514,5.69088919438752,0.210868546806958,0.64608749608309,0.973995256391426
MSN,-0.0698683897761675,8.55587810497977,0.210678686289979,0.646235975996168,0.973995256391426
DCAF12,-0.272912770000605,4.7215099911559,0.210542359514328,0.64634263995741,0.973995256391426
KMT2A,0.0767722544371502,8.22416908683653,0.210203453470113,0.646607986003757,0.973995256391426
SLC35B3,0.299414758302794,4.54608586373562,0.209743897249876,0.646968208772792,0.973995256391426
DZIP3,0.195795330291085,5.52667297486198,0.20970765494387,0.646996637578179,0.973995256391426
TRAF6,-0.330707138036911,4.36032975229873,0.209676179539429,0.647021329592427,0.973995256391426
RCSD1,-0.217949865569984,6.77208454356397,0.209580429786929,0.647096457719156,0.973995256391426
RAB30-DT,0.286727063680107,4.57555359953324,0.209277391446175,0.647334367584442,0.973995256391426
SDHAF4,0.360533164173008,3.95932182605066,0.209244217191328,0.647360424733146,0.973995256391426
TCF3,0.229713205595071,5.03865352298935,0.209212990769394,0.647384954213447,0.973995256391426
ZRANB1,0.266830616894121,4.93559969842781,0.209187243448515,0.647405181327425,0.973995256391426
ITCH,0.210561395661864,5.58785215334872,0.209068170696433,0.647498744549599,0.973995256391426
MCRIP1,0.153957854582725,6.48629680541315,0.209056796035185,0.647507684047849,0.973995256391426
MAP7D3,-0.257822496115286,5.81973425962826,0.208634604968626,0.647839697845489,0.973995256391426
EML2,0.226689883663734,5.40051927015905,0.208332319745967,0.648077666415937,0.973995256391426
UMAD1,0.256853854846642,4.81475069826014,0.208213504020195,0.648171259059319,0.973995256391426
TMEM160,-0.112004439143439,7.24644164128149,0.208212639766009,0.64817193996141,0.973995256391426
ZSCAN16,-0.377210888038164,4.15627533665923,0.208207480149181,0.648176004997649,0.973995256391426
LMTK2,0.321863818436477,4.32305589393767,0.208029644553042,0.648316151089734,0.973995256391426
ZNF207,0.101845370220867,7.54863638581414,0.207872350406488,0.648440169496232,0.973995256391426
CCDC47,-0.169004300921982,6.02775042248398,0.207780832004559,0.648512353167874,0.973995256391426
C1QBP,-0.159855595099583,6.94678154808556,0.207567735266133,0.64868050423457,0.973995256391426
PARP14,0.13456730483391,7.40440341680138,0.207530363569514,0.648710004355969,0.973995256391426
PDCD6,-0.105138575553052,7.09849135117234,0.207492468392486,0.648739920972739,0.973995256391426
CROCC,0.689171159798311,4.00919852347622,0.207453648883444,0.648770570730598,0.973995256391426
CLK1,0.12077886706156,7.26634024159818,0.207259846696472,0.648923638136122,0.973995256391426
B4GALT4,-0.331203404212792,4.42789837580651,0.207060737678702,0.649080986947608,0.973995256391426
SEC31B,0.254164273804389,4.47995162210398,0.20673261535854,0.649340489766176,0.973995256391426
ORAI2,0.171155115137437,5.83365304255906,0.206443557546653,0.6495693035262,0.973995256391426
ELOVL5,0.158176540487711,6.79791841036734,0.206379245243522,0.649620238445509,0.973995256391426
SGK3,-0.211193343263096,5.4958433988563,0.206334427771036,0.649655739248682,0.973995256391426
RPN2,-0.127643128993707,6.82766473062891,0.206022417945112,0.649903017368857,0.973995256391426
NAA35,0.237003630496981,4.99319982005324,0.20600273690355,0.649918622815886,0.973995256391426
GRSF1,0.175805120485148,5.93708816567888,0.205833864759297,0.650052561500762,0.973995256391426
STIP1,0.177033063954257,6.3896020378456,0.205672365649493,0.650180714353227,0.973995256391426
ZNF444,-0.351422398807196,4.39445899614387,0.205403122332203,0.650394499377141,0.973995256391426
NXPE3,-0.192222612689206,5.41381186142417,0.205083973176921,0.650648129584178,0.973995256391426
SSB,0.0963865499098625,7.40459863260152,0.204806443068215,0.650868878220574,0.973995256391426
ZKSCAN8,-0.349832289383376,4.14529246867088,0.20479720054988,0.650876232859031,0.973995256391426
NOL8,0.162344679907544,5.9656288346171,0.204623990586414,0.651014099897053,0.973995256391426
SLC39A6,0.24884294576353,4.95622083928698,0.204565678166691,0.651060529673681,0.973995256391426
MIR155HG,-0.324094843020096,7.29065528663678,0.204402847286378,0.6511902218291,0.973995256391426
DCPS,0.25656846418099,5.22659499072203,0.204061038101084,0.651462669814943,0.973995256391426
DAZAP1,-0.17698659797332,6.30269725188837,0.204057329617854,0.651465627265031,0.973995256391426
RNF187,0.156139724960744,6.12871413937063,0.203967708358056,0.651537108483777,0.973995256391426
AP5Z1,-0.262143886283545,5.15946248277702,0.20390412975194,0.651587829749812,0.973995256391426
SLC39A10,0.149652758475963,6.88972048028713,0.203878257353191,0.651608472764324,0.973995256391426
EIF3F,-0.104443617008136,8.21873658987813,0.203670120111088,0.651774598259527,0.973995256391426
SRRT,-0.264249431803281,5.5209986480333,0.203427604532575,0.651968291879626,0.973995256391426
TNFRSF14,-0.114922587940259,7.40709943736758,0.203079852869362,0.652246278619377,0.973995256391426
SLC25A1,-0.202676607371301,5.41250318665552,0.203047522553037,0.652272137466945,0.973995256391426
MRPL35,0.196342142061081,5.60842128494722,0.202743120981879,0.652515729351057,0.973995256391426
GK,-0.259600092957742,5.14182860669887,0.202686298672152,0.652561224739574,0.973995256391426
RPS26,-0.223551462778699,10.8901043007275,0.202544555381557,0.652674746455922,0.973995256391426
EBPL,0.224287911408274,5.51909014700664,0.202529201690268,0.652687046041809,0.973995256391426
ZNF490,-0.302035926712021,4.1369818912447,0.202324123995748,0.65285138414092,0.973995256391426
SDHD,-0.137552222611224,6.18330112562302,0.202249513832496,0.652911197506658,0.973995256391426
C16orf87,-0.170688729702605,5.94893732033769,0.202205131959397,0.652946783793277,0.973995256391426
TARS2,-0.301770919019228,4.27540390373221,0.20197167734587,0.653134049783017,0.973995256391426
SART3,0.203052787329717,5.32129626673019,0.201911233254364,0.653182556306671,0.973995256391426
ATG16L2,-0.283844711791651,4.82631137739242,0.201637093358588,0.653402663814999,0.973995256391426
RAB18,-0.149490127409257,6.26651485651211,0.201625304801752,0.653412132903652,0.973995256391426
PHF1,-0.194557079343221,5.85211850096882,0.201382686502869,0.653607088530291,0.973995256391426
GSKIP,0.233542003465038,5.23094046981874,0.200995459762016,0.653918536581205,0.973995256391426
SUPV3L1,0.278204824297111,4.61613432695671,0.200745967891692,0.654119394822554,0.973995256391426
ASNSD1,-0.232596425948077,5.13691718493417,0.200629044509684,0.654213577825514,0.973995256391426
DPH5,-0.245762370484622,4.92360735808158,0.200605488103953,0.654232556743626,0.973995256391426
APTX,-0.241531182257697,4.92687463066513,0.200565983559923,0.654264387756465,0.973995256391426
C11orf54,0.223715566814003,5.22714558893959,0.20032990676625,0.654454686474643,0.973995256391426
MSC,0.411436421467247,4.63498747710648,0.200210843397734,0.654550713112132,0.973995256391426
PSMG1,0.249127239837144,4.85728133582041,0.199954837469338,0.654757302379247,0.973995256391426
PRDM1,-0.185658458904195,7.6153421633528,0.199683657453793,0.654976309844094,0.973995256391426
ADARB1,0.206718046370067,5.45379024752321,0.199523296212309,0.655105903007267,0.973995256391426
DNAJB9,0.201138420511886,5.43491480118986,0.199475986307272,0.655144147621691,0.973995256391426
BAZ2A,0.141025779520659,6.23234324649772,0.198829339238962,0.65566743352165,0.973995256391426
ZNF605,-0.301454337057004,4.49134838904622,0.198749756779158,0.655731904469,0.973995256391426
FOXP4,-0.392966050662652,4.00843279715424,0.198698129774225,0.655773736557107,0.973995256391426
AARSD1,-0.317591500626135,4.62673802840786,0.19849047791862,0.655942057556152,0.973995256391426
ITGB7,0.203468090579248,6.09156899765494,0.198467538495976,0.655960658547448,0.973995256391426
WIPF2,0.172325177894927,5.72869305804917,0.198348326003925,0.656057345659287,0.973995256391426
GTF2F1,-0.176801327532233,6.19440094015187,0.198285263412451,0.656108506560826,0.973995256391426
UBASH3B,0.268735034251039,4.64439601083204,0.197787051852455,0.656513034678344,0.973995256391426
ZNF626,-0.335898541768326,4.1108740871835,0.197656628978608,0.656619033677315,0.973995256391426
COG7,-0.321335946281087,4.26715162867473,0.197592655182387,0.656671042616554,0.973995256391426
MAFF,-0.337287372346419,4.17908338328589,0.197591729517615,0.656671795230589,0.973995256391426
SIN3B,-0.256525309338361,4.73538440993601,0.19758486253766,0.656677378511567,0.973995256391426
SPAG9,0.148776033814986,6.49203481579137,0.197524228785525,0.656726682559082,0.973995256391426
MTA3,-0.332886139945043,4.42689125496362,0.197509352872558,0.656738780221409,0.973995256391426
POP4,0.248801553492318,5.27253417945033,0.197361605143854,0.656858963962708,0.973995256391426
HABP4,0.215264168385957,5.14613418748705,0.197335284773352,0.656880379626483,0.973995256391426
AAMP,0.207236437093275,5.35355643056121,0.196982141158912,0.657167881722738,0.973995256391426
BRD8,0.19565441788568,5.51325973563115,0.196901106052201,0.657233897720205,0.973995256391426
CAPNS1,0.101667913265365,7.17786864475857,0.196768588939621,0.657341889052525,0.973995256391426
NLRC3,0.197297824935563,5.78637011135644,0.196527979984491,0.657538078282572,0.973995256391426
KDM3A,0.231449503477978,5.15058609764285,0.196444497137829,0.657606182625027,0.973995256391426
BCL2A1,-0.361659337910714,5.04550368775197,0.196435404466939,0.657613601366484,0.973995256391426
MYC,-0.245565230713699,5.36579410467372,0.196433714392068,0.657614980327026,0.973995256391426
FAM168A,0.313131026719874,4.29045797004777,0.195990035086391,0.657977231505401,0.973995256391426
C1orf216,-0.345361728776919,4.50117144529536,0.195566937268275,0.658323135583988,0.973995256391426
SH3BP5,-0.217953483930839,6.0254363190432,0.195425406731594,0.6584389438727,0.973995256391426
LINC00426,0.216535455695556,4.82889882235187,0.195278963460219,0.658558824821582,0.973995256391426
VDAC1,0.128659747493038,7.54692735570699,0.195217861827997,0.65860885954105,0.973995256391426
RAB10,-0.12785077088845,6.4187810883242,0.195213204934918,0.658612673347354,0.973995256391426
DDX60L,0.201882972463946,5.98147594637273,0.195146025446391,0.658667696670609,0.973995256391426
PIK3CB,-0.246959078884579,4.73568787635408,0.195077005167313,0.658724239482283,0.973995256391426
TRIM56,-0.13901448087391,6.67702747427845,0.195031294382019,0.658761693264547,0.973995256391426
CCNL1,0.130086628084252,8.07315111347676,0.194994813530734,0.65879158813268,0.973995256391426
ASXL1,0.134158603958944,6.52929354103738,0.19446128225017,0.659229181928221,0.973995256391426
VKORC1,-0.1340429316764,6.37159804777565,0.194281715123758,0.659376621270724,0.973995256391426
GCLC,-0.294927248574677,4.27179013706286,0.194178395741179,0.659461491843807,0.973995256391426
YIPF2,-0.286679393457743,4.5943059580156,0.193928830260733,0.659666605951663,0.973995256391426
COX7A2L,-0.102936949911197,7.39487152802156,0.193665503087328,0.659883201506836,0.973995256391426
PCBP1,-0.0882974998530228,8.28709656007105,0.193632514040164,0.659910348507355,0.973995256391426
ZFP30,0.357737986731729,3.80482964813342,0.193409086298864,0.660094282012982,0.973995256391426
ITGA2,-0.946879378619596,4.13801923362368,0.193111628411566,0.660339356582823,0.973995256391426
LSM10,0.12845886339621,6.56691553139326,0.192899556050723,0.660514219845523,0.973995256391426
EHD1,-0.163241040556415,6.08230628064087,0.192883559204276,0.660527414619716,0.973995256391426
CDKN2A,0.340395947083054,4.96201292011672,0.192850757614988,0.660554472591557,0.973995256391426
ISCA1,0.214593242160031,5.68503380019749,0.192795161596733,0.660600339916282,0.973995256391426
ADAR,0.117532081346131,7.6868700543735,0.192720663663071,0.660661813897323,0.973995256391426
MMGT1,0.264232185653737,4.93173282982931,0.192663500083142,0.66070899357808,0.973995256391426
ANKRD39,-0.178204782051184,5.61375655551708,0.192487881578336,0.660853991688222,0.973995256391426
SNRPG,-0.0957865998505224,7.7290363624989,0.19236808880394,0.660952942958254,0.973995256391426
ELL,0.236781054434909,4.89875622261803,0.192343246330026,0.660973467946289,0.973995256391426
NDUFB10,-0.110635916726277,7.50988569245819,0.192099696750534,0.66117477368872,0.973995256391426
PDLIM5,0.23524278043544,5.03772699789784,0.19209818426317,0.661176024309329,0.973995256391426
EIF5,0.115841476392124,7.40580943613694,0.191846829683961,0.661383941824184,0.973995256391426
NHSL2,-0.440574408602748,4.13842268510254,0.191745733446389,0.661467613205412,0.973995256391426
SPSB3,0.140193481556061,6.43266822991925,0.191718966264931,0.661489771220866,0.973995256391426
HACD2,-0.278253770543432,4.80766604604496,0.191248808564399,0.661879271162582,0.973995256391426
KRAS,0.171922736838409,6.99605735920084,0.190937455445919,0.662137524201794,0.973995256391426
EMC9,0.253699009732724,4.89849579218578,0.190902007228745,0.662166942758621,0.973995256391426
REPS1,-0.351818786897595,4.73494007534344,0.190896020394099,0.662171911567502,0.973995256391426
IL10RA,0.133895631912151,7.14745266898754,0.190863690033746,0.662198745945258,0.973995256391426
KHDRBS1,0.0828617718948458,7.5880830674083,0.190724944814155,0.662313935984222,0.973995256391426
ASL,0.286581067424399,4.50734483366911,0.190717813653677,0.66231985781462,0.973995256391426
TLE3,0.165273116338779,6.02285072522983,0.190672661375649,0.662357356052931,0.973995256391426
RFNG,0.224130932628604,5.17030890850154,0.190656262014096,0.662370976766777,0.973995256391426
ZNF131,-0.140132578809686,6.24390582957534,0.190573198884417,0.662439976699436,0.973995256391426
TMEM121,-0.380064533331094,4.30993904816776,0.190555195938515,0.662454933975094,0.973995256391426
ZNF518B,0.259172477993189,4.6622948855847,0.190510939795011,0.662491706607735,0.973995256391426
CTDSPL2,-0.176363279244145,5.61955234522454,0.190318343322829,0.662651795141005,0.973995256391426
TBC1D14,-0.228075224767386,4.88976073087433,0.190057772320625,0.662868538472466,0.973995256391426
RBFA,0.223957885066578,5.02637999986983,0.190028738617746,0.662892699694423,0.973995256391426
TCAF1,-0.298023634869534,4.59825060811248,0.189997297157753,0.662918867077376,0.973995256391426
MFGE8,0.290876326395558,4.11504152532256,0.189748343224405,0.663126151814506,0.973995256391426
RPAP2,-0.171386880368996,6.21204681915224,0.189606878842991,0.663244010386241,0.973995256391426
BCL10,0.161121546557414,5.78887419014728,0.189598104945082,0.66325132192799,0.973995256391426
MCM6,0.226691822793296,5.07848003370855,0.189502881872812,0.663330687003327,0.973995256391426
TAMM41,0.280756455393157,4.45255438995136,0.189476874119833,0.663352367672643,0.973995256391426
MT1F,0.298738324987887,4.83290922277132,0.189222456597236,0.663564549450826,0.973995256391426
LAMTOR1,-0.0973690619776631,7.0580554173028,0.189122428796114,0.663648018137889,0.973995256391426
LUC7L2,0.139438073724111,6.51751547925811,0.188885419281689,0.663845896715321,0.973995256391426
CCNK,-0.177286975537668,5.92290391391464,0.188828371471516,0.663893547808544,0.973995256391426
USP22,0.177351713281961,5.86376538006392,0.188783194122852,0.663931289773386,0.973995256391426
EGR2,-0.454845658828242,3.80201711838569,0.188545655729152,0.664129821965633,0.973995256391426
TSC22D3,0.17470327862046,9.26964102124858,0.188220944194729,0.664401453204041,0.973995256391426
ZNF267,-0.18316011338583,6.08826275658467,0.188220087574171,0.664402170161708,0.973995256391426
LBH,0.12481649703344,7.68311651334625,0.18812847958908,0.664478853628431,0.973995256391426
DYRK1A,-0.172991066620512,6.02220261696813,0.187502494581366,0.665003449482468,0.973995256391426
ARSG,-0.319883682322229,4.52480932753395,0.187495710456069,0.665009140493359,0.973995256391426
VAV3,-0.25969898062587,4.93246756968643,0.187431038769901,0.665063397881294,0.973995256391426
PIN4,-0.154165735727716,6.23253629042767,0.187123957397308,0.665321180712405,0.973995256391426
PANK3,0.174415531749556,5.60981158844385,0.187087057823625,0.665352173360457,0.973995256391426
CDC42,0.059740848816992,9.34854011920474,0.187033576011896,0.665397100183949,0.973995256391426
PHKB,-0.161568429379213,5.94333964439774,0.18676761893791,0.66562062788392,0.973995256391426
LTN1,-0.196345495272877,5.6969689086661,0.186601319650944,0.665760492659553,0.973995256391426
GANAB,0.180104120556303,5.70952305908072,0.186147936754253,0.666142182990606,0.973995256391426
PURA,-0.140307584579219,6.4566016316039,0.186049073371306,0.666225486503953,0.973995256391426
ATG5,0.217115313591182,5.75711758905061,0.1859817920264,0.66628219361277,0.973995256391426
ZNF557,0.320195701804875,4.28245149207718,0.185901088478794,0.666350229480599,0.973995256391426
SLC35D2,0.22963598384135,5.79207573368429,0.18566621170255,0.666548338393692,0.973995256391426
SERTAD3,0.307366790301891,4.46289356051968,0.185109521774763,0.667018477579754,0.973995256391426
SEC61A2,0.273603241174674,4.25257461041568,0.185053584504782,0.667065764368039,0.973995256391426
RAB27A,0.14437663912496,7.0771599767604,0.184909200022435,0.667187859507276,0.973995256391426
CDADC1,-0.26828428935271,4.3128671107759,0.184835160560981,0.66725049104203,0.973995256391426
C10orf95,0.370155986098093,3.74980634230908,0.184818682292704,0.667264432377066,0.973995256391426
ERGIC2,0.170486102096464,6.41664400535916,0.184756244739106,0.667317263957913,0.973995256391426
SLC27A2,0.195371256093852,4.18890414190739,0.184696959654609,0.667367437864577,0.973995256391426
PAXBP1,0.172229106780808,5.88622336133653,0.184602690223914,0.667447239226638,0.973995256391426
FPGS,-0.215656397085546,4.85261370861876,0.184568747926336,0.667475978115607,0.973995256391426
CCDC117,0.25063107706718,4.76186484065577,0.18451802516757,0.667518930828903,0.973995256391426
ANKRD28,-0.175256293601456,7.32804774891355,0.184493997463719,0.667539280252168,0.973995256391426
RAB5IF,0.102990099803781,7.17425714365723,0.18445640796795,0.66757111850939,0.973995256391426
PRDX4,-0.204228739194435,5.31582097701736,0.184430430535865,0.667593123608162,0.973995256391426
CAPZB,-0.107545363792601,8.17583483699023,0.184422512868423,0.667599830912215,0.973995256391426
CAPRIN2,-0.299669979604862,4.39823698911363,0.184165541488721,0.667817612059995,0.973995256391426
PFN1,-0.0488801393440494,10.7729376066898,0.184142918878944,0.667836793152405,0.973995256391426
SNX10,0.185433694904803,5.61619677483088,0.183965639377021,0.667987151922499,0.973995256391426
ZNF513,0.350981458615389,4.13096037819587,0.183965629750476,0.667987160089536,0.973995256391426
PPP1R9B,0.24513387119703,5.00509721630869,0.183954975582317,0.667996199104037,0.973995256391426
PRPS1,-0.245201489300378,5.45792911266033,0.183711595970973,0.66820276723517,0.973995256391426
PITPNA,-0.180705638997753,5.45417841068979,0.183506000401335,0.668377392448249,0.973995256391426
PSMB6,-0.129648889305573,7.15176684833781,0.183252200871877,0.668593120053704,0.973995256391426
TRIM35,0.555399192667137,4.10868191608736,0.183209465617134,0.668629462069733,0.973995256391426
RAB11FIP1,-0.126785425385475,7.82159829431389,0.183144449192755,0.668684761589248,0.973995256391426
COA4,-0.134149499325497,6.35774965077144,0.183060632182993,0.668756069027617,0.973995256391426
MYSM1,-0.145367749740259,5.92765102801017,0.183017568152614,0.668792713322406,0.973995256391426
FAM118A,0.199216274504035,5.79126282011426,0.182987615681881,0.668818203660181,0.973995256391426
LETMD1,-0.188921680942787,5.57344750928727,0.182792430799125,0.668984371582607,0.973995256391426
RIPK3,0.281421853352249,4.43584497812425,0.182714378611028,0.669050849593326,0.973995256391426
LDLRAD4,0.117793398368205,6.56318999351055,0.182570914141415,0.669173083865257,0.973995256391426
KPNB1,-0.103220598594563,7.42974559462336,0.182314950879171,0.669391310236507,0.973995256391426
PPP4R1,0.238398123411404,4.93663639901301,0.182313009517408,0.669392966073471,0.973995256391426
TRANK1,0.204489936966402,5.76272927818999,0.182149146385559,0.669532766704419,0.973995256391426
MCFD2,0.195645439972871,5.28600445549334,0.182121982078588,0.669555949247886,0.973995256391426
ZNF414,-0.249263950717315,4.90577876319617,0.182092722661917,0.669580922084773,0.973995256391426
IDH1,-0.286534771897931,4.77839860263903,0.18206456298276,0.669604958538297,0.973995256391426
GPM6B,0.32955492885598,4.10694224322045,0.181685485857846,0.669928744129725,0.973995256391426
LONP1,-0.320139254901244,4.65303107670706,0.181278573076479,0.670276749815011,0.973995256391426
EEF1G,0.232131023853513,9.38130275423504,0.181161247042287,0.670377176726017,0.973995256391426
EIF3H,0.0753522059137179,8.18566824326194,0.181117238831154,0.670414856095017,0.973995256391426
JADE1,-0.181374835862897,5.73458273183097,0.181031656513298,0.670488146262208,0.973995256391426
GADD45G,-0.195597230528476,6.10923358239185,0.180976633253906,0.67053527736151,0.973995256391426
TMEM106C,0.217379729419443,5.10465515093665,0.180803167061155,0.670683918158179,0.973995256391426
OSBPL3,0.20265880609609,5.14348968106909,0.180714082330533,0.670760286364414,0.973995256391426
DGKQ,0.335292963394921,4.047828827235,0.180707594273972,0.670765849142471,0.973995256391426
CGGBP1,-0.12289021551373,7.09882228264963,0.180117461597625,0.671272315338953,0.973995256391426
APBB1IP,0.0709684354233208,7.94141031659253,0.180079933093643,0.671304556308822,0.973995256391426
ATP5PO,0.108205098126785,7.57001897623737,0.179506305608149,0.671797857382844,0.973995256391426
ASH2L,-0.268322920143199,4.73797742969707,0.179449123325622,0.671847083229968,0.973995256391426
MBD3,0.244245342345127,5.12080374803804,0.179418154991492,0.671873746441494,0.973995256391426
PRDM8,0.286255102801767,4.40531896234099,0.179166729807775,0.67209031979493,0.973995256391426
MON2,-0.18133125749798,5.56757533093009,0.178998407010642,0.672235410327899,0.973995256391426
MECP2,-0.147671941153454,6.67973295937033,0.178924128337091,0.672299462481856,0.973995256391426
CCDC30,-0.394436494466508,3.77976663674373,0.178902520442488,0.672318098393443,0.973995256391426
NAP1L4,-0.0780074313156214,7.74312231676349,0.178842091459457,0.672370222925896,0.973995256391426
SELENOK,0.0985093805277111,7.68135582277646,0.178685538075838,0.672505310268999,0.973995256391426
ZSCAN32,-0.36125531357209,4.09433433962243,0.178583088339433,0.672593750226589,0.973995256391426
MIR3142HG,-0.323372122672482,4.15159869724435,0.178425783418774,0.672729602256961,0.973995256391426
AMPD2,0.277358326859705,4.45100142898173,0.178220751151635,0.672906778663079,0.973995256391426
MED30,0.191810030591081,5.59771863984706,0.178136591525249,0.672979539050547,0.973995256391426
THAP1,0.230667097614018,5.35054817835308,0.178009539575953,0.673089420458042,0.973995256391426
EBP,0.147346019098738,6.20895096899457,0.177912709444406,0.673173195422907,0.973995256391426
ZRANB2,0.106475790416791,7.56868667626512,0.177799448047351,0.673271220382733,0.973995256391426
HECTD4,-0.200205737552901,5.2748080765484,0.177798334882704,0.673272183981882,0.973995256391426
ABHD18,-0.308232983452353,4.92120977917324,0.177633627291506,0.673414800529178,0.973995256391426
JAKMIP1,0.358273273427811,4.73631901504413,0.177520646758946,0.673512672825783,0.973995256391426
MAML1,-0.223342147828531,4.94185325422626,0.177325609041201,0.673681715608106,0.973995256391426
MTMR6,-0.190280231950672,5.31463936604031,0.177309165855256,0.673695972222085,0.973995256391426
ATF7IP,-0.121359732331832,7.1003737808733,0.177153292932937,0.673831156242342,0.973995256391426
GTF3C4,-0.297139622929891,4.4076162796763,0.176873296790358,0.674074164628255,0.973995256391426
B3GNT2,0.179004602498482,5.80900116400973,0.176826476454679,0.674114822040392,0.973995256391426
CXCR4,-0.17775018468529,8.59216183614577,0.176711683515215,0.67421453168776,0.973995256391426
SSBP3,0.285808867767399,5.39174692545748,0.176640205214213,0.674276637305344,0.973995256391426
MARK4,-0.28437955214812,4.51999572758365,0.176605595334944,0.674306714232867,0.973995256391426
DEF8,-0.261161543640019,4.70117682540781,0.176497683601838,0.67440051473436,0.973995256391426
MGST3,-0.108885359801132,7.0282040445608,0.176449340743231,0.674442546912267,0.973995256391426
MRPS6,-0.142893816729584,7.28199399145082,0.176406884413865,0.674479466576152,0.973995256391426
RPA1,-0.239284227608839,5.56765326183384,0.176394574625707,0.674490172040879,0.973995256391426
PECAM1,-0.331480834579116,4.14319550933218,0.176365240020715,0.674515685265083,0.973995256391426
NDUFS3,-0.153810437632153,6.00507569134187,0.17625673917674,0.67461007354059,0.973995256391426
NDUFA7,0.129224682642168,6.68038560851792,0.176228986852088,0.674634221643194,0.973995256391426
EIF1AX,-0.100175181757094,7.56525602754909,0.17601597816693,0.674819641178995,0.973995256391426
ZBTB38,0.137725673193677,6.90272026635679,0.175752098851566,0.675049525578865,0.973995256391426
ARHGAP11A,-0.332442102676447,4.15679350729578,0.175664522544615,0.675125864491627,0.973995256391426
HMGN1,-0.0655538778388705,8.83241901622844,0.175634472625903,0.675152063696323,0.973995256391426
BUD13,0.258937908880985,4.44050356347888,0.175351608412228,0.675398809816929,0.973995256391426
YWHAB,-0.0604786777461212,9.26013352671174,0.175242970838392,0.675493637951291,0.973995256391426
GNA13,-0.146031531146507,6.25966438998062,0.175211897770524,0.675520767526581,0.973995256391426
SOCS2,0.251455054407022,5.92557443152546,0.175117894673686,0.675602857878876,0.973995256391426
LYRM1,-0.225572425810329,5.14100187878558,0.175031016781931,0.675678749008206,0.973995256391426
POLR1B,-0.318123439335238,4.07476373332017,0.174560643314827,0.676090022791683,0.973995256391426
IMP4,-0.179765874111649,5.61813906883956,0.17434079503294,0.676282471628993,0.973995256391426
VMAC,0.273122472675183,4.42895282953196,0.174270426271816,0.676344100513596,0.973995256391426
SH2D1A,-0.158009352264756,6.58603722615242,0.173996396549764,0.676584234776106,0.973995256391426
ZNF766,-0.288513854073019,5.11149290800907,0.173984639588678,0.676594542452963,0.973995256391426
TIMM50,0.239426599195724,4.91436567567135,0.173936586547594,0.676636676231937,0.973995256391426
SAP130,0.360883462054622,4.01501859576295,0.173833488096463,0.676727097886471,0.973995256391426
STAG1,0.157825895757558,5.91667165066602,0.173758839095838,0.676792587830066,0.973995256391426
CHIC2,-0.163167318292184,5.91702378606915,0.173596142506494,0.67693537959844,0.973995256391426
SELENOH,-0.0950458857467856,7.78197798315557,0.173453147229667,0.677060945231059,0.973995256391426
TUBG1,-0.30424885272964,3.93911917961584,0.173343040668417,0.677157672337015,0.973995256391426
MED23,-0.210127720074915,5.33847196809326,0.173317437173703,0.677180169821603,0.973995256391426
MED11,-0.181297620618091,5.43914890898521,0.173270709789417,0.677221233642067,0.973995256391426
LINC00467,0.439076138710125,4.03399606884748,0.173081122368604,0.677387908918196,0.973995256391426
TMEM248,-0.132476821482697,6.63808194065925,0.173069907643587,0.67739777166782,0.973995256391426
CEP83,-0.388710799474876,4.24169078712253,0.173047224281863,0.677417721614718,0.973995256391426
SNRPA,0.16913026201635,5.96218881495013,0.172870877415292,0.677572870479291,0.973995256391426
PSMD8,-0.0787517764553834,7.70529614290359,0.172740138752559,0.677687953455033,0.973995256391426
MAPRE2,-0.166178692421537,5.7714238088123,0.172718582709694,0.677706933110199,0.973995256391426
C1orf43,-0.140979484455205,6.50788972539197,0.17264138133946,0.677774918735828,0.973995256391426
ITPR1,0.167098945522337,5.93740146512793,0.172400751575989,0.677986938281255,0.974136190817891
PSMC1,-0.139351582580433,6.27053620623832,0.17221324385104,0.67815227213988,0.974210010842519
RHOH,-0.10997917406506,7.2218941500814,0.171475237431778,0.678804031824659,0.974696386562137
CLASP2,0.26797315384837,4.81240462438593,0.171455335178717,0.678821630946249,0.974696386562137
MRPS22,0.269435868982771,5.11840738706532,0.171254942538177,0.678998900435076,0.974696386562137
CNOT2,-0.144541564293601,6.4617150798849,0.170979613132509,0.679242658013301,0.974696386562137
SASS6,0.293748718811203,4.36778267921965,0.170900193664655,0.679313013210781,0.974696386562137
POLE3,-0.139857562619489,6.45579710265207,0.170753041149602,0.679443421580907,0.974696386562137
SNX5,-0.172019653037501,6.67328846008511,0.170737813806522,0.679456919995379,0.974696386562137
UBE2H,-0.138936661543076,6.35434010881633,0.170622717502214,0.679558970944393,0.974696386562137
NTAN1,-0.218507699691978,5.69398682936574,0.170612107119993,0.679568380742793,0.974696386562137
ATP6V1E1,-0.134982566590367,6.64606605399002,0.170416253502129,0.679742134718143,0.974696386562137
P2RX5,-0.225810255797045,5.10447817291275,0.170317805329542,0.679829518376792,0.974696386562137
FABP5,0.181049371938255,6.85562971060659,0.17019200288598,0.679941225007569,0.974696386562137
WDR45B,-0.160977903309282,5.81055482517284,0.170070455399326,0.680049199335552,0.974696386562137
SKP2,0.348045805936038,3.8496083117671,0.170027890854559,0.680087021387665,0.974696386562137
NUMA1,0.17160057643487,6.24644938463819,0.169549777192181,0.680512245223596,0.974834913498735
RAD1,-0.2141944716507,5.01183541613234,0.169472507560137,0.680581032942979,0.974834913498735
TRIM41,0.212119192529609,5.0157494193491,0.169423240509765,0.680624901507986,0.974834913498735
PCYOX1,0.229519284146113,4.55097829302114,0.169042191419482,0.680964448973138,0.974834913498735
NPAT,0.155587650125373,5.75821903131796,0.168743082363089,0.681231294389987,0.974834913498735
ARGLU1,0.0722021710817161,8.77521258389183,0.16873040138826,0.681242613627137,0.974834913498735
ATG7,0.281859957240854,4.35698241449109,0.168696351150825,0.681273009863197,0.974834913498735
ABCC5,-0.333574392568647,4.10501053059491,0.168564412515362,0.681390823762325,0.974834913498735
BORCS6,-0.284322127413773,4.71571949668358,0.168474687377669,0.681470974127057,0.974834913498735
RPS27,-0.0520567619111957,12.9488589783773,0.168445425623997,0.681497118685347,0.974834913498735
MTMR10,0.30944731946518,3.96900360935378,0.168371428309866,0.681563245056492,0.974834913498735
PRPF6,-0.144143201693839,6.68391985837149,0.168333768791571,0.681596905327853,0.974834913498735
ARPC1A,0.182163174113722,5.36131085549071,0.168256417603228,0.681666056017714,0.974834913498735
CD7,-0.151601407354705,8.28679823996411,0.167757438097201,0.68211258234775,0.97499094322364
SP3,-0.126657534472567,6.3040567967309,0.167586360625739,0.682265854505735,0.97499094322364
CAPRIN1,0.141984635148245,6.46977824791079,0.167572419905483,0.682278348335185,0.97499094322364
ACLY,0.197926978086963,5.5302041931519,0.166876949289771,0.682902408616678,0.97499094322364
BLZF1,0.20931546842314,4.98579568757543,0.166777298534225,0.682991951543573,0.97499094322364
RNF213-AS1,-0.490326088118826,4.59339030957223,0.166694150289924,0.683066689741172,0.97499094322364
DDIT3,0.17786580688628,5.48959859625342,0.166684378592059,0.683075474506558,0.97499094322364
GABARAPL2,-0.0975114975887763,7.43823608059985,0.166514495094768,0.683228247962138,0.97499094322364
RAB35,0.164676180472983,5.58518200073295,0.166508560793584,0.683233586225284,0.97499094322364
HIRIP3,0.231264670720952,4.83009751129953,0.166466904590838,0.683271061625016,0.97499094322364
GOSR2,-0.193355125864142,5.3355393733194,0.16630194678925,0.683419517259643,0.97499094322364
SASH3,-0.179915610663405,6.3577122398531,0.166186897144183,0.683523108324554,0.97499094322364
OLA1,-0.13276641607287,6.19690331285206,0.166055148548587,0.68364178655163,0.97499094322364
CBLB,0.142492638795861,6.41147430549647,0.166051060507268,0.6836454699091,0.97499094322364
RFLNB,0.196204345624862,6.77149726237732,0.165847496370443,0.683828949703391,0.97499094322364
IMMP1L,0.215156804385293,5.16497457413719,0.165538154926132,0.684108021941676,0.97499094322364
CCR5,-0.240043332760584,6.04467882925787,0.165365389169143,0.684264014773629,0.97499094322364
MRFAP1,-0.103148707387427,6.89904970514246,0.165295854690859,0.684326825314165,0.97499094322364
TRAPPC10,-0.136300776169542,6.41775128471142,0.165088235327104,0.684514459680124,0.97499094322364
ABHD13,0.176013745110352,5.47542843761428,0.164952354594305,0.68463733525853,0.97499094322364
ZDHHC8,-0.312677783679206,4.24943564129146,0.164606348235843,0.684950491762824,0.97499094322364
IFNAR1,-0.155615868191694,6.11063428934805,0.164289735721811,0.685237381099475,0.97499094322364
METTL2A,0.269777513288383,4.55947471822867,0.164226336025003,0.685294867584801,0.97499094322364
PLCL1,-0.352472271279933,3.975563164614,0.164163483679053,0.685351870523269,0.97499094322364
PNPLA2,0.183725726161329,5.48209677768747,0.163998459713186,0.685501596881393,0.97499094322364
ZNF428,-0.139332811698964,6.1603078283713,0.163609054901995,0.685855252042991,0.97499094322364
USP34,0.135959525388271,6.87864980442336,0.163568479443692,0.685892130599313,0.97499094322364
WASHC1,0.236673466197611,5.34347400736643,0.163560923764834,0.685898998454671,0.97499094322364
HAGH,-0.137128775164339,6.31172553180005,0.163453516651918,0.685996647838233,0.97499094322364
LTB,-0.14044411696742,11.2207380162442,0.163388864935303,0.686055444068593,0.97499094322364
DPM1,0.187115877775161,5.40192698786971,0.163342571484163,0.686097553051063,0.97499094322364
RALBP1,-0.121564117952049,7.1593741531402,0.16334126923768,0.686098737687763,0.97499094322364
GABPB1-AS1,0.143069448626015,7.20801217456829,0.163314771740531,0.68612284330976,0.97499094322364
RNF19B,-0.280414187359437,4.53197488981028,0.163269544096291,0.686163993602455,0.97499094322364
INTS1,-0.179436205639446,5.30194919455213,0.163088685928164,0.686328613387695,0.97499094322364
MLEC,-0.165859836262752,6.45790016103169,0.163025124541736,0.68638649311483,0.97499094322364
UBAP2,0.174171750088378,5.43480006961033,0.162939319799822,0.686464648714934,0.97499094322364
MTX2,-0.300346600529912,4.72503104777172,0.162802441554906,0.686589374377525,0.97499094322364
RALGAPA2,-0.241487982268921,4.75604901589571,0.162794254829079,0.686596836186089,0.97499094322364
CAND1,0.113766327304877,6.40687043103148,0.162741639183215,0.686644798035339,0.97499094322364
PHC2,0.227632250888771,5.09347961310783,0.162655096940906,0.686723705322682,0.97499094322364
COX6A1,0.0578297713292301,8.65964766909851,0.162403903143456,0.686952876545086,0.97499094322364
HCFC2,-0.211208414730284,4.9041309642951,0.162345954879855,0.687005773630062,0.97499094322364
TGOLN2,-0.0731947379110507,7.80206044384784,0.162061291434915,0.687265783281232,0.97499094322364
CCDC6,-0.190756569270911,5.7286089753313,0.16161747189345,0.687671694934629,0.97499094322364
XPC,0.128279218116693,6.33298946844201,0.161490413297146,0.68778802028113,0.97499094322364
KLHL42,0.229597655136451,4.80461648121856,0.16145323230927,0.687822070464604,0.97499094322364
B3GNTL1,0.313245608271852,4.01905852986179,0.161391839334419,0.687878303846771,0.97499094322364
IFIH1,0.258395016801376,5.46746784572259,0.161352816748863,0.687914053350733,0.97499094322364
ZNF654,-0.232400182213618,4.93111792313831,0.16122394910186,0.688032147696103,0.97499094322364
ATAD5,0.335417343418112,4.10596159195013,0.16116071202153,0.688090118219476,0.97499094322364
TM2D2,0.219417143147688,4.92564808949435,0.161079957614794,0.688164166382068,0.97499094322364
METTL25,-0.316528081359593,4.14065329376362,0.161010096023237,0.688228243711276,0.97499094322364
DHX34,-0.326649101756276,3.85710416384909,0.160920498950873,0.688310446128989,0.97499094322364
CCNB1IP1,0.197256335683592,5.149976414041,0.160809830339717,0.688412017684198,0.97499094322364
ATP2B4,0.127377385136852,7.28607575746084,0.160785473352021,0.688434377953267,0.97499094322364
INTS12,0.237031527321791,4.40585787195235,0.160730395006953,0.688484948377858,0.97499094322364
PIK3CG,0.169422205152276,5.4885803888481,0.160674005595723,0.68853673298392,0.97499094322364
TBX21,-0.24199703059368,4.81141426739053,0.16058072971034,0.6886224150421,0.97499094322364
GLOD4,-0.118942950848819,6.3780877703712,0.160553767010938,0.688647188020201,0.97499094322364
PTOV1,-0.215913851173601,5.00707461062323,0.160395251073091,0.688792879243671,0.97499094322364
METTL8,-0.213778949356904,5.90975284653585,0.160337369629605,0.688846098616305,0.97499094322364
OSGIN2,-0.270959836923485,4.2057565185093,0.159836771032012,0.689306842149502,0.975043799549075
RPLP1,-0.0573677587645387,13.4297427092738,0.159699907115915,0.689432955314491,0.975043799549075
ECHDC1,0.143313925785878,6.16283735479235,0.159251992316651,0.689846124796841,0.975043799549075
HTATIP2,0.167639915917932,5.7106471353294,0.159120405491276,0.689967632254853,0.975043799549075
METTL16,-0.185018460769969,5.20281342297686,0.159058392472058,0.690024915353145,0.975043799549075
DERA,0.303544985672896,4.50485357397712,0.158836433902188,0.690230050600219,0.975043799549075
BET1,-0.231952176710771,5.0089148528074,0.158785327872836,0.690277306576023,0.975043799549075
GSTO1,-0.106121911949145,6.98856886509698,0.158564682772584,0.69048143067579,0.975043799549075
CLCN3,-0.205479930726734,5.28031194554524,0.158547040841878,0.690497758753504,0.975043799549075
TMEM154,-0.16857295271083,5.78306306150819,0.158424272335106,0.690611413438781,0.975043799549075
VPS25,-0.163989751193089,5.55853503582521,0.158308561549603,0.69071858104739,0.975043799549075
WWC3,-0.200071629563107,5.17219471614244,0.158262510605349,0.690761244571228,0.975043799549075
ZFYVE16,-0.246084034284065,5.20045948051337,0.158171239630988,0.690845823075083,0.975043799549075
VPS54,-0.295967196193661,4.40459241068077,0.158104279008626,0.690907891765378,0.975043799549075
MEF2A,-0.158479714701447,5.67732315568397,0.157895578264144,0.691101443200808,0.975043799549075
ZBP1,0.22218885660968,5.55800022137,0.157885943881059,0.691110381812568,0.975043799549075
USP24,0.179856009214826,5.29386631541664,0.157775006663947,0.691213330178168,0.975043799549075
HGH1,-0.310999530447274,4.20875698855606,0.157586065712835,0.691388761545091,0.975043799549075
TUFM,-0.091466082264712,6.95869264208751,0.157438531436982,0.691525831545094,0.975043799549075
PRKCSH,0.153381063911937,6.10362685555584,0.157111828968301,0.691829626515877,0.975043799549075
ZNF484,0.302481452284383,3.8990304166169,0.157026184762398,0.691909326036074,0.975043799549075
CACNA2D4,-0.288934162264794,4.29861508589707,0.156971453695736,0.691960271312896,0.975043799549075
ENOSF1,0.203054857211912,5.18860021025207,0.156964254432094,0.691966973362641,0.975043799549075
RBM45,0.359734988618135,4.01691350597284,0.156739278495106,0.69217650110367,0.975043799549075
UBE3A,-0.126317081413851,6.56155082898548,0.156677554513591,0.692234017151912,0.975043799549075
RAB7A,-0.118114093239473,6.86546070425249,0.156596892301431,0.692309200103096,0.975043799549075
SUGP1,-0.258834387168562,4.40784084728168,0.156537916784897,0.692364183676988,0.975043799549075
MAP3K2,0.116170900546625,6.5646945324769,0.156200135460443,0.692679332218985,0.975043799549075
RAD54L2,-0.213269066365576,4.75405373491236,0.156126247621332,0.692748321765543,0.975043799549075
NPM1,-0.0776318975591081,9.4870979302413,0.156100920837417,0.692771973888592,0.975043799549075
WDPCP,-0.405941992563302,3.71117928081665,0.156074506365798,0.692796644142432,0.975043799549075
MRPS18C,-0.150583990874315,6.42899332198337,0.156017467788338,0.692849924544762,0.975043799549075
ZNF83,-0.201265404398563,5.5568448187877,0.156011490988977,0.692855508194613,0.975043799549075
KLRB1,-0.156296996722964,10.0246493111702,0.155872454161852,0.692985434187819,0.975043799549075
NUDT2,0.225585833949781,5.11852787250574,0.155749817908912,0.693100089912158,0.975043799549075
MED1,-0.195538323421783,5.60257313812618,0.155520249793472,0.693314859244612,0.975043799549075
MAT2B,-0.124422076714878,7.05610200501267,0.155462304088825,0.693369098510085,0.975043799549075
KIF3A,-0.183320029234025,5.4785440272835,0.155326598207255,0.693496169823314,0.975043799549075
TSPAN31,-0.19862190317871,5.2514824880725,0.155169320301525,0.693643520855648,0.975043799549075
ELOA,0.194563670867422,5.42504546700408,0.155048501434521,0.693756772622837,0.975043799549075
CBX6,0.137413267747499,6.0704760404332,0.15494139938337,0.69385720930568,0.975043799549075
LPGAT1,-0.168174418069757,5.6385315001506,0.154898754452489,0.693897211439886,0.975043799549075
ZNHIT3,0.135063395123747,6.30499521289533,0.154807568639651,0.693982767616793,0.975043799549075
LIX1L-AS1,-0.30789904706705,3.77275431045455,0.154807090563736,0.693983216253895,0.975043799549075
SYTL1,-0.147370887568534,6.4729690287167,0.154772315413322,0.694015852176409,0.975043799549075
CCDC85B,-0.0837264922447574,7.37891286784026,0.154634799615446,0.694144950044275,0.975064932291901
COG5,-0.180568552068941,5.11900121778711,0.154155174310777,0.694595734836718,0.975537857256301
ATP11A,0.223953695455994,5.01349165012444,0.153891471189148,0.694843926047188,0.975726137282754
CARD6,-0.369376684856191,3.83918767674666,0.153583490787735,0.69513410082245,0.975817594540759
CNOT1,0.122872201938924,6.4474147535148,0.153580050999171,0.695137343637059,0.975817594540759
TPP1,-0.166824505134951,5.97524472961421,0.153250913462475,0.695447827623756,0.975935090032559
JPT1,0.126107152356604,7.60083403515749,0.153249291291736,0.695449358811364,0.975935090032559
GMIP,-0.200209897125722,5.41167827241328,0.153020704909075,0.695665217921991,0.975990354823899
BIN1,-0.163757566478058,6.77090064178861,0.152914774968657,0.695765312914936,0.975990354823899
TP53BP1,-0.19345209595328,5.28128565086598,0.152845035011124,0.695831233202908,0.975990354823899
CCDC127,-0.239864992954097,4.73015649052431,0.152711634539006,0.695957375624493,0.976007152922209
RPL39,-0.0589467637690288,12.4350668139472,0.15241259104025,0.696240379706516,0.976243891440217
COMT,0.166478160973461,5.93709895068411,0.151741137354202,0.696876987242899,0.976784517597163
NUDC,-0.09897272481944,7.0091874310721,0.151726656331666,0.69689073460565,0.976784517597163
TBCE,0.259730517685052,4.77822030573369,0.151644527816,0.696968716498151,0.976784517597163
NDEL1,-0.225611908419473,5.1736785673631,0.151365511199185,0.697233827516211,0.97684291079834
ARL2BP,0.15169601803507,6.07730642919997,0.151360165006537,0.697238910011869,0.97684291079834
INTS13,0.236555489100452,4.580672185373,0.150995298219438,0.69758602450425,0.977169084628353
ZER1,0.271080403696017,4.46405704491979,0.150461372528145,0.698094843573905,0.977616758456676
EPC1,-0.0916030254195194,7.55974804570527,0.150350225734599,0.698200894512686,0.977616758456676
MLXIP,0.214988178142443,5.4792511642561,0.150206456725112,0.698338138913881,0.977616758456676
ING4,-0.140364798284102,5.93774613329798,0.15008027165895,0.698458659642224,0.977616758456676
MTF1,-0.242985206115026,4.60529823055693,0.149939615781374,0.698593070296241,0.977616758456676
NR2C2,-0.214610191696822,5.0713046710826,0.149921380307365,0.698610501409992,0.977616758456676
ATG13,-0.184934987596747,5.16105236651136,0.149821399680189,0.698706093598116,0.977616758456676
HCCS,0.291377472513772,4.29954929473177,0.149039101227832,0.699455323876244,0.978372963933137
ATP5MC2,0.0859384835720814,9.22660581286054,0.14901812737606,0.699475442222404,0.978372963933137
TSC2,-0.22124902388973,5.15117558913624,0.148750719252714,0.699732085703358,0.978556172368984
FAM3A,0.203715173000598,4.7609220633041,0.148482079877448,0.699990177841031,0.978556172368984
SS18L2,0.105131441896732,6.81841031373908,0.148297781378817,0.700167395586139,0.978556172368984
SERINC1,-0.114291427707123,6.92642873965096,0.148250508681794,0.700212872440008,0.978556172368984
MTHFSD,0.334164142316219,4.01828146953387,0.148188143079871,0.700272881573015,0.978556172368984
TPGS1,0.151975700703012,5.98791007877356,0.148149301039627,0.700310263303671,0.978556172368984
TSR3,0.130311199191809,6.23512642377463,0.148048110811082,0.700407675602505,0.978556172368984
ETNK1,0.119314783533882,6.35560016798111,0.147800463552006,0.700646238301803,0.978729524712764
RPAP1,-0.294885691878733,4.05744535152708,0.147677974893075,0.700764318450759,0.978734546387116
GSK3B,-0.168336784691404,5.49312490178512,0.147279309942579,0.701149024561679,0.979111893331884
TMEM165,0.11007459229071,6.69296673785128,0.146934007644534,0.701482719520904,0.979417894689565
CHCHD4,0.307791066323581,4.17286924734984,0.146758500360331,0.701652499524405,0.979494973617593
APBA2,-0.325130945504984,4.22057327565558,0.146431294473178,0.701969338897299,0.979579212210045
ASF1A,0.168039950784941,5.63230124959952,0.146411194781576,0.701988815017384,0.979579212210045
ATP5MF,-0.0849902907853468,8.10873662688298,0.146341256691915,0.702056595298976,0.979579212210045
ZNF107,-0.242269705805213,4.52557227983956,0.146159740487832,0.702232597832674,0.979664895377209
MRPL36,0.132038669480518,6.11904963246256,0.145985725174437,0.702401444964192,0.979740569913343
PHKA2,0.340639108250045,3.96324899045828,0.145520825513398,0.702853103648162,0.980137033099027
WAC-AS1,-0.197571083363227,5.62288553252728,0.14536945734935,0.703000338968343,0.980137033099027
MAPK8IP3,-0.299474665127901,4.20781948847136,0.145263275850725,0.703103673770209,0.980137033099027
ZNF184,0.336137573384738,3.77561591456904,0.145221566238831,0.703144276991032,0.980137033099027
TTC9C,-0.1818006343228,5.19966502550629,0.144784864664112,0.703569796126606,0.980520965321272
DDAH2,0.174839508170997,5.53622821003936,0.144527382889429,0.703821029029905,0.980520965321272
MTERF3,0.261861703781326,4.30943617507447,0.144368423156267,0.703976258839463,0.980520965321272
ATAD1,-0.146779021631658,5.74318966616469,0.144291927387782,0.704050994523374,0.980520965321272
PAGR1,-0.243771524731074,5.11660063977409,0.144203396973616,0.704137516253246,0.980520965321272
CFAP20,0.212995949613288,5.24890211397795,0.144169985636324,0.704170177412486,0.980520965321272
CHRM3-AS2,-0.15713299142433,6.31109207762188,0.144055670937092,0.704281958190864,0.980520965321272
GPBP1L1,-0.129854833518091,6.3890925934653,0.143984991791777,0.704351096035779,0.980520965321272
NIPSNAP2,-0.189459734988921,5.56785249790207,0.143881919262277,0.70445195566771,0.980520965321272
TOGARAM1,0.20869271075767,4.80222220759419,0.143708470713914,0.704621773714019,0.980535374382324
RPL30,-0.0571294494623983,12.19206360388,0.143477888731105,0.704847710894465,0.980535374382324
FRAT1,-0.312622433459415,4.15438238569371,0.143432218431126,0.704892485847241,0.980535374382324
DOK2,0.113014157601047,7.01155350340514,0.143311133974938,0.705011235958945,0.980535374382324
CLINT1,-0.0984762643765681,7.07191970404648,0.143161395692466,0.705158166837742,0.980535374382324
TRAPPC8,-0.221825639177167,4.77108443826715,0.143110059149191,0.70520856110525,0.980535374382324
CRTAP,0.183094135950189,5.15683245567701,0.143052394946633,0.705265179211242,0.980535374382324
CNTRL,0.108952517620734,6.69218136387553,0.142874549682109,0.705439880346526,0.980618786517472
SERGEF,0.288242786547681,4.56790486838378,0.142602724103366,0.705707140594917,0.980691206418607
DERL1,-0.117151108479539,6.48356049166335,0.14232859475873,0.705976960837119,0.980691206418607
HSPH1,0.178989349297622,6.22246561676541,0.142284203879132,0.706020681844579,0.980691206418607
ZNF331,-0.180272429260667,5.36002015162525,0.142110739531409,0.706191603302848,0.980691206418607
IMPDH1,-0.201338948019308,5.17446090166762,0.141938084767297,0.706361845393875,0.980691206418607
TMEM131L,-0.194880895171405,5.07813694433924,0.14181811623185,0.706480207126209,0.980691206418607
IGBP1,0.107873633685461,6.9032168733951,0.14154528906634,0.706749593148598,0.980691206418607
CDK5RAP3,-0.17356437976569,5.58090547410787,0.141525971336322,0.70676867845757,0.980691206418607
NUP98,0.157131730779221,5.59988678574054,0.14151151905217,0.706782957831555,0.980691206418607
USPL1,-0.243084088219348,4.4247209900574,0.141501496118263,0.706792861337769,0.980691206418607
SLC35F2,0.235884779352137,4.600850584189,0.141435422475123,0.706858157705761,0.980691206418607
VEGFB,-0.189953665305927,5.91071691903002,0.14141961840771,0.706873778437713,0.980691206418607
ARID5A,-0.13554258201287,6.50819159742166,0.141009224238623,0.707279761136597,0.980691206418607
ECE1,-0.187623940628148,4.98327763325949,0.140929445505723,0.707358760533793,0.980691206418607
ZMYM4,-0.207625393207885,4.94390470151139,0.140711490133643,0.707574716900386,0.980691206418607
CAB39,-0.111412895519127,6.87736877362708,0.140631070273818,0.70765444736267,0.980691206418607
CCDC125,-0.283809528077327,4.08723234388738,0.140519082908813,0.707765518046818,0.980691206418607
OGA,0.100604541592096,7.40796634546583,0.140439010964272,0.707844965509667,0.980691206418607
PLA2G12A,0.279643042062108,4.18721847961196,0.140302911385453,0.707980062930306,0.980691206418607
DFFA,0.210119387973087,5.13473032193056,0.140284634917123,0.70799821051119,0.980691206418607
PLA2G6,-0.336432910225715,3.91814673341703,0.140220212740374,0.708062189128415,0.980691206418607
SLC25A6,-0.0847159951471842,8.86148364791912,0.140191553728808,0.708090656202701,0.980691206418607
POLG,-0.184500767502169,5.35767789131227,0.140131850342785,0.708149970395261,0.980691206418607
NUCKS1,0.0901338565723328,8.1706192397757,0.14003610933068,0.708245117373784,0.980691206418607
KANSL1,-0.133093586390635,7.48613491278791,0.139554127143921,0.708724673125138,0.981196312639158
DTHD1,-0.728553575767363,4.25723428084575,0.139181030447338,0.709096539931252,0.98155218909849
SLC16A6,-0.28033298958592,4.18340918717297,0.138839460165904,0.709437482428116,0.981702377718536
HS3ST3B1,-0.212198661373226,4.8630061598823,0.138808035777714,0.709468873042877,0.981702377718536
STK32C,-0.250105675461802,4.24048601153436,0.138520017949151,0.709756770008184,0.981702377718536
MCEE,0.253977522862134,4.592908816092,0.138435274202886,0.709841543067286,0.981702377718536
C3orf62,0.246856337749843,4.45375959773313,0.138402464710309,0.709874371840661,0.981702377718536
NEDD8,0.0654195924709959,8.23286673002428,0.138293856800786,0.709983075186878,0.981702377718536
SEC22A,-0.271885371091654,4.2478047743741,0.138268095052279,0.710008866701802,0.981702377718536
PIK3CA,0.161175104841996,5.39055025909217,0.138148514983079,0.710128620764206,0.981709181583635
SRPRB,0.152444154231752,5.62953202057281,0.137924138603331,0.710353482903018,0.981810888831334
CLCC1,-0.224249730191329,4.56840279769906,0.137762917054868,0.710515182017945,0.981810888831334
NT5C3A,0.146112384500411,6.30943732145865,0.137731477734384,0.710546727008944,0.981810888831334
ATG101,-0.175938386068793,5.41554889695059,0.137114863249646,0.711166243746057,0.981860128286196
RASSF3,0.157706574452741,5.67653790169507,0.136984026827037,0.711297899605002,0.981860128286196
DNASE2,0.166805728095005,5.43643481041853,0.13679945872919,0.7114837452715,0.981860128286196
PKD2,-0.242064293757078,4.42952277473411,0.136784446058991,0.711498868124857,0.981860128286196
CDS2,0.145799942388374,5.71924033082611,0.136745236567982,0.711538369837989,0.981860128286196
SMDT1,0.122724546834739,7.61801799039535,0.136728540603825,0.711555192188781,0.981860128286196
LINC02694,-0.273961435484604,5.10072510920256,0.136557945062531,0.71172714606965,0.981860128286196
RAB1B,0.12040452512852,6.08590675973286,0.136526556003691,0.711758798354059,0.981860128286196
ZNF644,0.101739368759336,6.63479138983763,0.13630564489247,0.711981679057564,0.981860128286196
TRDMT1,-0.220296437101559,4.97696595948017,0.136251304637101,0.712036535244482,0.981860128286196
FANCE,0.395259759582145,3.70508202132001,0.135987008058775,0.71230351857043,0.981860128286196
ENDOV,0.21803540250899,4.69739991767685,0.135985509826575,0.712305032872926,0.981860128286196
SC5D,-0.1806922814313,5.10701636072273,0.135894796298174,0.712396737072725,0.981860128286196
ABHD8,-0.288468708933225,4.22261659119652,0.13574347479171,0.712549788544062,0.981860128286196
TMX4,0.105086102497909,6.97162086035105,0.135681974653131,0.71261201946593,0.981860128286196
KRCC1,-0.144588889592299,6.04292324358541,0.135677326195871,0.712616723810112,0.981860128286196
KIAA0825,-0.281943244421444,4.12100634634295,0.135444103752334,0.712852867796589,0.981860128286196
ZNF398,0.292927880462769,4.11802590472671,0.135439156108591,0.712857879918484,0.981860128286196
ADK,0.260875613761564,5.48519358940032,0.1354202351087,0.712877048457509,0.981860128286196
SMIM15,-0.144334833054546,5.63199516593349,0.135417934164209,0.712879379608424,0.981860128286196
RAB5A,-0.15019264033039,5.82930221021004,0.134568478058172,0.713741528430255,0.982136244928651
FMC1,0.134222992904698,5.73227317093372,0.134563636869341,0.713746450793692,0.982136244928651
ARHGAP1,-0.154706852151974,5.43862329663316,0.134543605553716,0.713766819052157,0.982136244928651
PTGER4,-0.146724096433917,6.81018123859837,0.134256006282719,0.714059445817671,0.982136244928651
DLGAP1-AS1,0.195041509872555,5.66250187083588,0.134061266536639,0.714257791705547,0.982136244928651
FERMT3,-0.115849479019788,6.97433618098931,0.133964697773736,0.714356209302413,0.982136244928651
RO60,0.239852562606717,6.04614737002337,0.133922500920082,0.714399226654226,0.982136244928651
RPS15,-0.0403419140581196,11.8364838801302,0.133543252861292,0.714786194369142,0.982136244928651
ECSIT,0.220736094635629,4.80420083279015,0.133535789365604,0.714793816031515,0.982136244928651
ZFAND2A,-0.23250898016691,5.27438753700013,0.133514197732147,0.714815866595324,0.982136244928651
CRLF3,-0.135772455404772,6.21618234020043,0.133074391742635,0.715265461207572,0.982136244928651
ENTPD4,-0.143373322476784,5.69908447409609,0.133039216312023,0.715301455863611,0.982136244928651
CHCHD3,0.179096749173385,5.34291244022657,0.132817069290606,0.715528901261534,0.982136244928651
MYO1C,0.302994361217964,4.57566789774031,0.132806786689219,0.715539434326963,0.982136244928651
RASGEF1B,0.20558501754081,4.45131139248384,0.132567268530359,0.71578491748646,0.982136244928651
TXNL1,0.123849937813614,6.5216266727704,0.132534785468899,0.715818228847864,0.982136244928651
MAP2K4,0.204021568650208,4.79104076855798,0.1322856413111,0.716073879892087,0.982136244928651
PDSS2,-0.250045613850313,4.40786904796623,0.132205071754425,0.716156612004831,0.982136244928651
ERV3-1,-0.229769064667928,4.80970060310164,0.132148662927527,0.716214551881601,0.982136244928651
PPA1,0.0996768905567321,7.50583242875636,0.132083361086828,0.716281643634255,0.982136244928651
MRE11,-0.202702303722594,5.11690398915428,0.131940359256824,0.716428630724219,0.982136244928651
TINF2,0.156926578718448,5.69725282709162,0.131825099308557,0.716547168442579,0.982136244928651
AP3M2,0.119972897241678,6.36728083305566,0.131745929758919,0.716628623404775,0.982136244928651
SDR39U1,0.183473262317138,4.97800096654544,0.131696852302474,0.716679131503811,0.982136244928651
UBL5,0.0467584502530974,9.0286605351501,0.131409948441299,0.716974612144794,0.982136244928651
CPSF1,0.253416370257386,4.56458376595401,0.131303658161468,0.71708417253569,0.982136244928651
INPP5B,0.188309148405598,4.8597373657465,0.131274515428508,0.717114220632279,0.982136244928651
HIP1R,-0.327923792700934,3.93242895162824,0.131188169660785,0.717203271020605,0.982136244928651
IFITM2,-0.114650093756453,8.92307664062625,0.130904397462007,0.717496165568306,0.982136244928651
CDK5RAP2,-0.172679355612011,5.31545988573449,0.130821742837517,0.717581544776295,0.982136244928651
KDM6A,-0.209078984543131,5.12810972077786,0.130806239437078,0.717597562619395,0.982136244928651
NNT,-0.150593733740692,5.49402415993576,0.130698675826595,0.717708725036496,0.982136244928651
RNF6,-0.238650185741743,5.25745163930172,0.130696648140439,0.717710821060519,0.982136244928651
RPAP3,0.180663832902947,5.47578507318297,0.130653138133408,0.717755801889144,0.982136244928651
HERPUD1,-0.113547749750204,7.02237420656945,0.130535803808542,0.717877144834482,0.982136244928651
RPS20,-0.0635692427181484,10.8466488856438,0.130480868900646,0.717933977734476,0.982136244928651
DCUN1D4,-0.284843367745635,4.29535994991392,0.130358644475782,0.71806047353215,0.982136244928651
TMEM134,0.109739838111279,6.3980297323621,0.130335585818955,0.718084345534245,0.982136244928651
EVA1B,0.203366379371613,5.14162483089141,0.130285025316084,0.718136697807912,0.982136244928651
SUCLG2,-0.151251016036695,5.58233983871593,0.130079808598103,0.718349304985671,0.982136244928651
LTB4R,-0.242663110081321,4.65575397465317,0.129944477033845,0.718489613959186,0.982136244928651
LRR1,0.288874166585395,4.12035126685688,0.1299083569016,0.718527076523778,0.982136244928651
ARPC4,-0.0728178344743228,8.03754013714704,0.129881592407077,0.718554839537133,0.982136244928651
DHRS7B,-0.320346894883686,4.24824414769435,0.129838787270344,0.71859924834935,0.982136244928651
BCKDHA,-0.237941300392818,4.70661741764553,0.12960948915693,0.718837277944432,0.982136244928651
MAP3K10,-0.367281606489105,3.94285355242046,0.129537480286285,0.718912077923445,0.982136244928651
EIF1AY,-0.124696327793316,5.63128456305967,0.129493241586784,0.718958042988123,0.982136244928651
KBTBD6,-0.302452034740651,3.99185718552739,0.129412778534292,0.719041668759191,0.982136244928651
NAMPT,0.160526841877921,6.95000181508366,0.129315793942244,0.719142504506514,0.982136244928651
MADD,-0.208330010428223,4.82456526180603,0.128966501037164,0.719506021714475,0.982136244928651
SFXN3,0.174333608045022,5.53340227172418,0.128903082328669,0.719572082626799,0.982136244928651
CYB561,-0.248467239538076,4.4125606620133,0.128670462543603,0.71981455119185,0.982136244928651
TSPYL2,0.162387980835088,6.29939947261664,0.128413684783236,0.720082487965789,0.982136244928651
PELI1,-0.174954307503124,5.4740541004521,0.12829403310246,0.72020744270455,0.982136244928651
NUCB2,-0.241655292568416,6.28540059755726,0.128283160390115,0.720218800562217,0.982136244928651
WEE1,0.233365907045324,4.60955822746169,0.128126724711624,0.720382276623037,0.982136244928651
RINT1,-0.295706056715686,4.04402711119089,0.128122042515962,0.72038717127564,0.982136244928651
PIGT,0.151171872451952,5.51095336334757,0.128077653979446,0.720433578977027,0.982136244928651
PCBD2,0.2220182403086,4.74703307792719,0.128008736388232,0.720505649501378,0.982136244928651
MTG1,-0.187590661625787,5.1123719204472,0.127997174410943,0.720517742574831,0.982136244928651
ELP6,-0.211108509758323,5.13707385096056,0.12797069697918,0.720545438561072,0.982136244928651
DHCR24,-0.30437893688853,4.19704291267997,0.127915394295762,0.72060329683212,0.982136244928651
CLYBL,-0.27281613415897,4.01691948905678,0.127537944565965,0.720998566078893,0.982136244928651
GTPBP8,0.178634892073716,5.09555749777498,0.127467097615121,0.721072831222848,0.982136244928651
TCP1,0.108893953200097,6.28165160822602,0.127426923201865,0.72111495429297,0.982136244928651
FAM53B,-0.198244631914906,5.44873166631073,0.12726104380069,0.721288958977159,0.982136244928651
HMCES,-0.173295352896402,5.51626897101246,0.12709576610629,0.721462459668647,0.982136244928651
NEPRO,0.168545771126569,5.28302087079367,0.127029011920786,0.721532571097117,0.982136244928651
MRPL21,-0.117464985428446,6.15628305696968,0.126649326641582,0.721931747157493,0.982136244928651
GNPDA2,-0.245205359484283,4.49843842396445,0.126642578568697,0.721938847729791,0.982136244928651
IDH3A,0.227993019689817,4.82437146821643,0.126478808634857,0.722111237914743,0.982136244928651
SENP7,0.122635186213397,6.66365733798788,0.126389926634769,0.722204850976022,0.982136244928651
RBM3,0.0755196471526268,8.25385529809063,0.126335508376222,0.722262184140647,0.982136244928651
PSMB2,0.117335503491829,6.88383789196076,0.126169393897925,0.722437282588897,0.982136244928651
FBXO48,-0.307163685257763,4.03082986381981,0.125541293076985,0.723100528871939,0.982136244928651
DHPS,-0.141306088104385,5.9114643726272,0.125539461353164,0.723102465818317,0.982136244928651
DNM1L,0.147759252017037,5.8036147521395,0.125321527830781,0.723333032046736,0.982136244928651
RHOA,0.0732075213741385,8.6246275979107,0.125317884611309,0.723336888365165,0.982136244928651
DCTN1,0.174514792311233,5.47733033474146,0.125133735271209,0.723531891189207,0.982136244928651
CS,-0.164962788408572,5.40308405243431,0.124972556867689,0.723702701736186,0.982136244928651
SLC7A5,0.158303883000664,5.59804780285072,0.124868793266396,0.723812731902933,0.982136244928651
TMEM258,-0.0647842614698345,8.35149441506108,0.124829953358647,0.723853930684923,0.982136244928651
OGFOD3,-0.246097374524558,4.63979616565774,0.124826936832255,0.723857130716489,0.982136244928651
TNFRSF10B,0.283097974346697,4.22761156750338,0.12462729114911,0.724069018267922,0.982136244928651
SSNA1,0.110356794261718,7.17781732919817,0.124565057825862,0.724135106630636,0.982136244928651
SLC25A53,0.205267157518134,4.74217100185807,0.124410503761689,0.724299314882534,0.982136244928651
DDX59,-0.207660506420181,5.23104595127139,0.124362951897815,0.724349860133369,0.982136244928651
SNRNP27,0.1244920979932,6.1345715307102,0.12427363227026,0.724444831805662,0.982136244928651
FXR2,-0.217053502075153,4.55150516451779,0.124122845611168,0.724605247177612,0.982136244928651
HPS3,-0.198712261855374,5.07937093285764,0.123789778716558,0.72495997115516,0.982136244928651
KTI12,-0.268542113042986,4.47125271990596,0.123708832167374,0.725046262096366,0.982136244928651
ATXN1,0.103420580370546,6.91137286120164,0.123645033747479,0.725114295082597,0.982136244928651
MTG2,-0.240059291690769,4.53373786365742,0.123595555711205,0.7251670707616,0.982136244928651
PDE7A,0.100675835225497,6.79209589331944,0.123561991430615,0.725202878812304,0.982136244928651
DENND4A,-0.164334155909871,5.97278079227636,0.123549097441078,0.725216636217049,0.982136244928651
LINC01550,0.224792057774159,5.06996676128289,0.123513082521068,0.725255067063455,0.982136244928651
DHRS3,0.179371414484945,5.02903899607278,0.12346929016319,0.725301805549984,0.982136244928651
BIRC3,-0.128575378464978,7.86827640682851,0.123294379444712,0.72548857630828,0.982136244928651
SEC23B,0.218920157751704,4.96720577085673,0.123233603825657,0.725553507729868,0.982136244928651
MPLKIP,-0.114722800210418,6.30752841824936,0.123079469875581,0.725718261955094,0.982136244928651
DIS3L,-0.229569373561194,4.84956572876015,0.122886257608812,0.725924950833006,0.982136244928651
COX20,-0.0992576457300393,6.96888794851065,0.122825686913622,0.725989783913256,0.982136244928651
FAF1,0.160083909912651,5.15564879509624,0.122558636488504,0.726275841016074,0.982136244928651
RFT1,-0.26835395162184,4.25766533852023,0.12243937993048,0.726403698378906,0.982136244928651
SCP2,-0.0983561348954995,6.93826574137363,0.122321090486048,0.726530587941249,0.982136244928651
CDYL2,0.21897212667926,4.66659921546536,0.122219810993347,0.726639285588931,0.982136244928651
GZMM,-0.0994135551253464,7.19568113037189,0.122063586574289,0.726807051723176,0.982136244928651
ATP5F1E,0.0440029967721601,10.9901302442791,0.122047590680138,0.726824236176413,0.982136244928651
ELP5,-0.176284773982502,5.41711172015333,0.121896907314284,0.726986177971021,0.982136244928651
RXRB,0.201522674981847,4.89059127357578,0.121861213686326,0.72702455492568,0.982136244928651
RDH14,-0.163060493194542,5.28899866133773,0.121811400910115,0.727078122999863,0.982136244928651
SPRTN,-0.20771116895747,4.93819560281126,0.121793680673216,0.727097182097294,0.982136244928651
IL12RB2,-0.269378245266757,4.26703062086298,0.121552683339006,0.727356542656318,0.982136244928651
TDP2,0.190362347501735,5.46670979741884,0.121439330978461,0.727478631820847,0.982136244928651
PLPBP,-0.202453288170555,5.41181305468031,0.1214364450048,0.727481741069278,0.982136244928651
PDP2,-0.230954930609399,4.06864855586881,0.121188498590049,0.727749024825423,0.982136244928651
LGALS3,0.144110491878007,7.86558512398612,0.121008377322049,0.727943386052256,0.982136244928651
RABIF,0.166007340833501,5.42893111695179,0.120808446320851,0.728159313106799,0.982136244928651
TIAM1,0.212763403240855,5.00912098704953,0.120502550051103,0.728490071424513,0.982136244928651
HOXB4,0.294887203033856,4.47891899139391,0.120428196517505,0.728570539172207,0.982136244928651
MRPS36,0.113511176045989,6.64044056110234,0.120267123199637,0.728744953319698,0.982136244928651
ZNF33B,-0.189081273409006,5.13102082599201,0.120198814872339,0.72881895876529,0.982136244928651
ATP23,0.250383070333322,4.32174063315493,0.120052090862622,0.728977999672786,0.982136244928651
COPS7A,-0.186113386614244,4.83369046787945,0.120005772526991,0.729028228853179,0.982136244928651
TATDN1,-0.146035966229715,5.6341826512657,0.119768047035892,0.729286197474299,0.982136244928651
CETN3,-0.250105418826973,4.45785267366321,0.119760030153479,0.729294902016452,0.982136244928651
NCOA5,-0.264095491590493,4.2109623508783,0.119426124968708,0.729657738555241,0.982136244928651
DNM2,0.129364678401259,6.24732158928064,0.119135941086325,0.729973526972614,0.982136244928651
UBR4,-0.160184491086016,5.63574738822548,0.119076143275363,0.730038654547996,0.982136244928651
MRPS10,-0.12093204023178,6.01524499061441,0.119012293541189,0.730108215398918,0.982136244928651
CFL1,-0.0527611336492665,10.2298133503366,0.118943921457857,0.730182726260948,0.982136244928651
PTBP1,0.103872589157309,6.47321782327777,0.118697411628274,0.730451568063446,0.982136244928651
LIN52,-0.291524954153649,4.0870685687408,0.118674066656403,0.730477044100457,0.982136244928651
CDR2,0.13950085682795,5.68868676049781,0.118495013444882,0.730672535597291,0.982136244928651
AXIN1,-0.187106622256827,4.79665343869988,0.118367769545984,0.730811561775666,0.982136244928651
ACTG1,0.0794156329231011,10.8698041258484,0.118096311167772,0.731108435690803,0.982136244928651
FNBP1,0.0550779753089233,8.44569978827015,0.118072876938612,0.731134081852412,0.982136244928651
CPSF2,-0.158902816389419,5.73907653007359,0.117903411178322,0.731319628057238,0.982136244928651
DISC1,-0.296500495146618,3.90171324472691,0.117899865022594,0.731323512296148,0.982136244928651
SUCLG1,0.12581118528685,6.26050103974,0.117854671965855,0.731373019685944,0.982136244928651
MOB4,0.125095684267418,5.84335428945561,0.117708323046711,0.731533412587778,0.982136244928651
DDX24,-0.0690731037762333,8.8879809141876,0.117366992929632,0.731907931113301,0.982136244928651
PRELID3B,0.126676996406039,5.89456704267358,0.117320869423295,0.731958585977527,0.982136244928651
SMNDC1,-0.111490272058931,6.53747725185367,0.1172369961094,0.732050727859146,0.982136244928651
TBC1D2B,-0.126511623504111,6.22940118161608,0.116878765513397,0.732444689333839,0.982136244928651
NAA10,0.109642851248823,6.51333774890506,0.116875120106428,0.732448701807162,0.982136244928651
MKNK1,-0.168286662960273,5.61338227926049,0.116849854315994,0.732476513602626,0.982136244928651
SFI1,-0.160132415392973,5.64842709586259,0.1168419479982,0.732485217320927,0.982136244928651
PPP1R3B,0.280011545250652,3.9910734307881,0.116785947883701,0.732546874806034,0.982136244928651
PDXDC1,0.160027648035145,5.53142770967702,0.11677602213986,0.732557805013192,0.982136244928651
ORAI1,-0.093163454608832,6.78319979082611,0.116698897495054,0.732642752182679,0.982136244928651
UEVLD,-0.239293587691507,4.48803422965864,0.116698078705291,0.732643654188003,0.982136244928651
ATP5ME,0.0506372712612536,8.65089404636485,0.11650186890671,0.732859907222528,0.982136244928651
ERLEC1,0.107456029647629,6.44502895688539,0.116379511204523,0.732994866963106,0.982136244928651
ACBD6,-0.167109125320377,5.37479166495988,0.116336770813978,0.733042027997032,0.982136244928651
ZNF419,-0.294564920059685,3.95607528267454,0.116296132515568,0.733086878489239,0.982136244928651
ARPP19,0.0863261244880302,6.94856577768533,0.116166240229243,0.733230292911786,0.982136244928651
SMPD1,0.185974191446838,4.85984425653313,0.115934088288503,0.733486835570014,0.982136244928651
TRIM8,0.148838317970639,6.12271274416729,0.115577009628357,0.733881990308824,0.982136244928651
CPLANE1,-0.243639634790185,4.47924962287892,0.115516505931922,0.733949013088669,0.982136244928651
NELFE,0.150418643537619,5.74527638170108,0.115247512584741,0.734247226898375,0.982136244928651
RAB33B,0.235031699771226,4.44378829064333,0.114966715575275,0.734558940932908,0.982136244928651
ZNF92,-0.204751472098503,4.68627217151334,0.11495893945045,0.734567579281193,0.982136244928651
NDUFS7,-0.0770952030030474,7.1650628701207,0.114873909566207,0.734662058615517,0.982136244928651
RPS15A,-0.0425293289645741,12.2478061446713,0.114704545820892,0.734850360131221,0.982136244928651
GINM1,-0.164119606387567,5.52231089762061,0.114557313023237,0.735014182030853,0.982136244928651
ACTR2,-0.0600840841389525,8.61049082476961,0.11452948723643,0.73504515620255,0.982136244928651
PSMA6,-0.0917015850653398,7.30396374558214,0.114383902955426,0.735207281213768,0.982136244928651
P2RX4,-0.188671239345011,5.11036460035396,0.114383189481124,0.735208076033337,0.982136244928651
TAF9B,0.257146233105789,3.96627933223278,0.114336213949411,0.735260413460824,0.982136244928651
PPP3CB,-0.155977841617125,5.61643411239593,0.114321727125596,0.735276556261244,0.982136244928651
TTC3,0.0940182891120426,7.26573126998746,0.11410702896452,0.735515930117176,0.982136244928651
NAA50,-0.153679409105689,6.08002051156863,0.114100000695483,0.735523770398907,0.982136244928651
WWP2,-0.203036631862238,4.84271435326255,0.114010667549469,0.735623448120353,0.982136244928651
MORC2,-0.341057522496405,4.26093614867712,0.113977483307906,0.73566048610301,0.982136244928651
RCOR1,-0.187079920734939,5.06823838962458,0.113918616370153,0.735726204136769,0.982136244928651
IARS2,-0.1214691136383,5.82616311845024,0.113841673654218,0.735812130181165,0.982136244928651
GCFC2,-0.222349003425947,4.44514675601549,0.113708607061627,0.735960809127349,0.982136244928651
BOLA2B,-0.31832653878356,4.2108502108649,0.113682644367559,0.735989829250623,0.982136244928651
TXN,0.110434339768297,8.52166254134138,0.113527597522431,0.736163211660124,0.982136244928651
VPS72,-0.190471668521724,5.03592263934097,0.113523721815138,0.736167547390181,0.982136244928651
C2CD2L,-0.266467873459122,4.23850842202133,0.113460305096947,0.736238502994943,0.982136244928651
SRSF4,-0.0975486417540724,7.29761979358493,0.113408718286621,0.736296238657025,0.982136244928651
STAT5A,0.154857496094889,5.81855973523628,0.113357829639583,0.736353207265528,0.982136244928651
MTOR,0.177101388218434,4.88375425024546,0.113136172710705,0.736601513031478,0.982136244928651
SVBP,0.122432984521853,5.97196191203577,0.113080459673817,0.736663966774831,0.982136244928651
CIRBP,0.0705050505884026,8.65363839538192,0.113013013235783,0.736739596459258,0.982136244928651
PAIP1,-0.189589431522633,5.3992783607164,0.112953561848812,0.736806281888026,0.982136244928651
MRPL2,-0.186142064352045,5.27107447667468,0.112949805001499,0.736810496524392,0.982136244928651
ZNF737,-0.224303016504094,4.2645238853528,0.112810683500225,0.736966625582521,0.982136244928651
YTHDC2,-0.177503902606738,5.45627633745239,0.11280156564035,0.736976861837635,0.982136244928651
SLC39A1,-0.189450468379344,5.04560461126604,0.11278105504327,0.736999889943995,0.982136244928651
SYT11,0.200847930176376,5.09540539213475,0.112768732825973,0.73701372573389,0.982136244928651
TUBGCP4,0.23553701357061,4.63278873224353,0.112758495282979,0.737025221422828,0.982136244928651
RSBN1L,0.100129414080346,7.25619597005613,0.112446645923633,0.737375674230944,0.982136244928651
IFIT5,0.160379542025919,5.30163458417591,0.112418000320567,0.737407892935588,0.982136244928651
UFC1,-0.081509140615032,7.64049334346192,0.112359755704707,0.737473416762207,0.982136244928651
RBM4B,-0.284820010185743,4.29523436905793,0.112333797523206,0.737502625193348,0.982136244928651
CMC2,-0.0987557547390572,6.67124082225045,0.112331780772303,0.737504894620777,0.982136244928651
AAR2,-0.255955383918022,4.23172582246575,0.112215633076394,0.737635632586689,0.982136244928651
CYB561D2,0.131614976546873,5.93717341192279,0.111851617552031,0.738045863268282,0.982136244928651
SBNO1,0.138094621994694,6.42089889725942,0.111788116818293,0.738117502010524,0.982136244928651
IGHM,-0.334592180174745,3.99952335282779,0.11174030208976,0.738171459420886,0.982136244928651
B4GALT3,-0.158054747481959,5.33678664846697,0.111589775086848,0.738341408236324,0.982136244928651
TRPC4AP,0.137003946767323,5.48353354292551,0.111581628300385,0.738350609799185,0.982136244928651
THAP5,-0.155138161695516,5.27337518686252,0.111537843175649,0.738400070245629,0.982136244928651
QKI,0.103690347956303,6.34390092276988,0.111534167278336,0.738404223094799,0.982136244928651
SPSB2,0.2308648001961,4.62592171503039,0.111518977421255,0.738421384659771,0.982136244928651
PHACTR4,0.117539992031403,6.0120722281713,0.111500696708314,0.738442040009429,0.982136244928651
RNF114,-0.123692843322768,5.83931843739107,0.111488659035201,0.738455642385615,0.982136244928651
RHOQ,0.217609223592351,4.43059899589859,0.11141573166779,0.738538066588906,0.982136244928651
BSCL2,0.300207502586722,4.04542134465916,0.111306800759912,0.73866123868473,0.982136244928651
HSPE1,0.102679694849997,7.72830140182122,0.111216308147661,0.738763612879657,0.982136244928651
ZFYVE21,-0.221571535119894,4.75577736366867,0.111187610935302,0.738796087670265,0.982136244928651
SLC50A1,0.173165842246965,5.22091750224111,0.111034295466247,0.738969663878149,0.982136244928651
IQCE,0.249285456534386,4.16229002421838,0.110756376432459,0.739284649835265,0.982136244928651
COPRS,-0.500129977184886,4.34570107120887,0.11073293107231,0.739311242245019,0.982136244928651
GRK6,-0.113556467532816,6.38382447182895,0.110701726207399,0.739346640561845,0.982136244928651
BAZ2B,-0.181136066453521,5.45971780483173,0.110641318094281,0.739415182342592,0.982136244928651
HECTD3,-0.283888083846006,4.11891457362204,0.110625255061333,0.739433411684739,0.982136244928651
CREBRF,-0.108477716972334,7.14308867343903,0.110406382277079,0.739681948917223,0.982136244928651
IL2RB,0.105853960222799,7.55311814784299,0.110394680304566,0.739695244592116,0.982136244928651
TOX,0.167431021101936,6.04170350085736,0.110381670309099,0.739710027349397,0.982136244928651
RIN3,-0.225101521558724,4.64418111299813,0.110184226937935,0.739934493494199,0.982136244928651
ZC3H3,-0.258820090484895,4.19436350041331,0.110035892028778,0.740103276947427,0.982136244928651
SKAP1,0.0584639314706185,7.97556932643496,0.109966461376779,0.740182322273942,0.982136244928651
ACBD3,0.121867262974924,5.94106344968865,0.10994635537142,0.740205217706702,0.982136244928651
FLOT1,-0.145926014082264,5.5180683310363,0.109791477862636,0.740381660244666,0.982136244928651
RPL36,-0.0477849318276272,11.3741754578657,0.109725067496683,0.740457359848496,0.982136244928651
DTNB,-0.247498553033228,4.17094706374182,0.109542375252801,0.740665737662774,0.982136244928651
ETFRF1,0.172527371829478,4.89553491202868,0.109507143409125,0.740705945090002,0.982136244928651
ANGPT2,-0.226734504054112,4.21217269526755,0.10948974692489,0.740725801022722,0.982136244928651
ARL5A,-0.131062825624106,6.02391224841995,0.109321056249708,0.740918431372688,0.982136244928651
HPGD,-0.192685818666979,5.63471484344464,0.109228677040772,0.741023990413892,0.982136244928651
TRAF3IP1,-0.242052831910672,4.24725677320497,0.109213413047893,0.741041436901585,0.982136244928651
EAF1,-0.206426942130061,4.86094430029312,0.108823886070216,0.741487118081897,0.982136244928651
AP3S2,0.218753131496748,4.50278530854558,0.108779724407416,0.741537701878571,0.982136244928651
AZIN1,-0.144210978336135,5.85605911118678,0.108776569746667,0.741541315736084,0.982136244928651
NUP54,-0.158866439647313,5.46371735876924,0.108737605061004,0.741585956966791,0.982136244928651
TWF1,-0.156625694154939,5.20456744365669,0.108574917890216,0.741772440985102,0.982136244928651
ZKSCAN1,-0.13288397542747,6.20196912107577,0.108536752966998,0.741816210856791,0.982136244928651
ANKRD13D,0.116874166112125,6.44827410668935,0.108509855781378,0.741847063321643,0.982136244928651
LINC00667,0.155211953475972,5.43813973802788,0.108508621414165,0.741848479306483,0.982136244928651
FAM210B,-0.196589701455712,4.76347912266881,0.108501549612631,0.741856591783941,0.982136244928651
BAHD1,-0.248307990982965,4.27359951201836,0.108404602440721,0.741967835118548,0.982136244928651
PAFAH1B3,-0.165420003580239,5.34102116776085,0.108386337337592,0.741988799828173,0.982136244928651
TOGARAM2,-0.311008279890194,4.0485492960903,0.10831872493579,0.742066422475718,0.982136244928651
IL6ST,0.156496527974571,6.16301254126575,0.108235723159236,0.742161749668819,0.982136244928651
CRYBG1,-0.138439850138824,5.84804224715367,0.108058428265135,0.742365507872946,0.982136244928651
DAZAP2,-0.0825091850651071,7.87503283613959,0.108025174055259,0.742403746281913,0.982136244928651
HERC3,-0.176580392829478,4.92077036511938,0.107933729443911,0.742508930406225,0.982136244928651
MRPL1,-0.162992372893722,5.67205079870264,0.10782694877998,0.742631817317217,0.982136244928651
OSGEP,-0.143419280060043,5.40304698685395,0.10775870159657,0.74271039386824,0.982136244928651
CCDC28A,0.123755589432505,5.64270083508994,0.107735455632794,0.742737164455017,0.982136244928651
SYNE3,0.150185483013668,5.91044705249822,0.107697976541846,0.742780332976667,0.982136244928651
AKAP9,-0.0669080383172505,7.80959808361582,0.107684172923367,0.742796234119474,0.982136244928651
SCMH1,-0.270050863014434,4.04121457264223,0.107633461254011,0.742854661357832,0.982136244928651
TUBA1B,0.118818513932423,7.90226007461352,0.107591432552823,0.742903096105113,0.982136244928651
ROCK1,0.0556477543410136,7.90350640815985,0.107573582593558,0.74292366993855,0.982136244928651
SAMD3,0.158487143142471,5.797596063097,0.107551192845648,0.742949478997963,0.982136244928651
ATP5F1B,0.08919732449188,7.47408163861029,0.107280730848618,0.74326148066769,0.98236000343662
USP28,0.199624278781856,4.72638958665998,0.107205310183495,0.743348562665984,0.98236000343662
PPIL3,-0.181582287161007,5.11078741621865,0.107019268202043,0.743563515055627,0.982360192197662
ATG16L1,0.164802506267917,5.01327970884423,0.106956916285233,0.743635602559708,0.982360192197662
HECA,-0.106258160984739,6.54533078206529,0.106906909996518,0.743693433606652,0.982360192197662
EEF2KMT,0.294694102118366,4.18881060715174,0.10671390870022,0.743916775381975,0.982363653903912
CCZ1B,-0.212709827452302,4.84253993896063,0.106706050346823,0.743925873830147,0.982363653903912
OTUD7B,-0.239841523795323,4.52126803927339,0.106358417734091,0.744328736508467,0.982743840681218
REEP3,-0.135966642915376,6.03891312317148,0.105883631586963,0.744880132737526,0.983317373315508
SEC14L1,-0.132658116422844,6.24074088974855,0.10567739924654,0.745120068014202,0.983317373315508
GSR,0.175190459729031,5.30747761505886,0.105541027020601,0.7452788686975,0.983317373315508
GMEB1,-0.161562804038465,5.37698806164592,0.10543544956256,0.745401887864571,0.983317373315508
CTSS,-0.124856233176393,6.44569798420018,0.105408253514931,0.745433587807178,0.983317373315508
SH3BP1,-0.140283992272982,5.95283752143767,0.105198948598151,0.74567770679239,0.983317373315508
POLR2G,0.0800567234564435,6.82405716536282,0.105135340947923,0.745751947589559,0.983317373315508
TMEM263,-0.154705860106744,5.58696461678722,0.10482116732428,0.746119005430998,0.983317373315508
ATP1B3,-0.118506161197086,6.71744035335749,0.104809539044446,0.746132602732411,0.983317373315508
CLIP1,-0.139489538414392,6.6563977703246,0.104753547084421,0.746198087504832,0.983317373315508
SPTLC2,0.131837888635711,5.54337644962945,0.104693498248171,0.746268338441725,0.983317373315508
ARHGAP31,0.252364770650175,4.3684784262562,0.104485022670168,0.746512406246443,0.983317373315508
PTMA,-0.0302718257161111,11.9331039222957,0.104405819110964,0.746605202412878,0.983317373315508
PDP1,0.214154388705424,4.66809788021786,0.104375209547648,0.746641075484955,0.983317373315508
DPP8,-0.135984918404685,5.69676538487923,0.104206250527907,0.74683919268757,0.983317373315508
SLC7A6OS,-0.125446316745546,5.61546046220372,0.103957037851801,0.747131737340183,0.983317373315508
RB1,0.15900851245122,5.21933986148959,0.10394470347115,0.747146226416592,0.983317373315508
GOLGA7,0.10260403496409,6.33826257370272,0.103861229180087,0.747244307803631,0.983317373315508
TIPARP-AS1,0.329993677526,3.95746768090242,0.103840916461436,0.747268181609165,0.983317373315508
SLC4A1AP,-0.172890079812202,5.26478428275207,0.103695790684398,0.747438824884204,0.983317373315508
TOMM20,0.0568924649894481,7.97135461283103,0.103695361307715,0.747439329953771,0.983317373315508
YWHAZ,-0.0472051207446106,9.61659696058276,0.103672427260619,0.747466308618102,0.983317373315508
PSMB9,0.094570795945136,8.46054312288947,0.103488573125324,0.747682706144679,0.983317373315508
CCDC59,-0.096686127762224,6.68196481917427,0.103277161595045,0.747931801256677,0.983317373315508
PLEKHJ1,-0.0959577403049707,6.47328037014568,0.103250759963,0.747962928665329,0.983317373315508
MRPL9,0.121641550398056,5.80817858863658,0.103067570070156,0.748179029768119,0.983317373315508
CCNT2,-0.147785374009802,5.68702103869101,0.102970235370927,0.748293937443716,0.983317373315508
RIC3,-0.437924742443541,4.65549171939854,0.102962656537368,0.748302887086359,0.983317373315508
FBXW7,0.129103720922934,5.9433560873954,0.10294705714621,0.748321309135302,0.983317373315508
PTPN11,-0.125884479629415,5.99354430371708,0.102867099521607,0.748415759001258,0.983317373315508
ATG14,-0.182812965271655,4.88386957877389,0.102866414609622,0.748416568227718,0.983317373315508
HEG1,-0.194011388036762,4.58677635605607,0.102768502598499,0.748532282276652,0.983317373315508
ZBTB14,-0.210554632116909,4.64319432035134,0.102746043605336,0.748558833259718,0.983317373315508
PPP1R8,0.171375705320764,5.03955404474284,0.102506892860021,0.748841755531949,0.983372549937593
PSKH1,-0.244107375079646,3.96499981444803,0.102491496086653,0.748859982823484,0.983372549937593
INTS11,-0.122254007928127,5.60079205643801,0.10220023313521,0.749205075829772,0.983372549937593
RANBP9,-0.118441662504328,5.87203255160325,0.102093641363474,0.749331502925753,0.983372549937593
FDFT1,0.102692707688827,6.4051813352807,0.102042801910301,0.749391828551209,0.983372549937593
MYNN,-0.183338529391443,4.68344649859132,0.102012367032904,0.749427950220559,0.983372549937593
CEBPZOS,-0.16600443545246,5.76548055363818,0.101894097199818,0.749568375309321,0.983372549937593
ZNF598,-0.205048875222647,4.60751744566368,0.101850868365437,0.749619724525648,0.983372549937593
NUP35,0.32757336928145,3.91301035206769,0.101750804683332,0.74973863089414,0.983372549937593
ARRDC1,0.141583167532289,5.55401892810387,0.101646090230748,0.749863132802744,0.983372549937593
CYP3A5,-0.282409372019215,3.88352653718324,0.101583343329342,0.749937770579514,0.983372549937593
TTC39C,-0.110479181218153,7.42539245579062,0.101303496197914,0.750270959795526,0.983372549937593
PPP2CA,-0.108312751742325,6.33975879709929,0.101281800384847,0.750296812240043,0.983372549937593
SLC25A36,0.130800475315812,5.6222712215679,0.101271099527551,0.750309564363304,0.983372549937593
RCC1L,-0.174713227405986,5.07840914779474,0.101216511454327,0.750374628068584,0.983372549937593
TIMMDC1,-0.143543758925514,5.65984821225977,0.100901374058784,0.750750619634181,0.983372549937593
TSTD1,-0.0696643563543526,7.57677167148534,0.100900595476233,0.750751549363784,0.983372549937593
SIRT2,-0.175613787851477,5.2517751558626,0.100793677034218,0.750879261521202,0.983372549937593
SFPQ,0.0896306311157437,7.84111854544452,0.100571631658955,0.751144729155579,0.983372549937593
GDF11,0.251172050806719,4.55647734371579,0.10053187190222,0.751192298200364,0.983372549937593
PRKACA,0.202338878412916,4.76368609263205,0.100474220451165,0.751261291472326,0.983372549937593
RMI1,0.262570500233218,3.88318375044547,0.100254931901485,0.751523920044229,0.983372549937593
CST7,0.11715411451585,7.52029177120506,0.100089068296974,0.751722774789358,0.983372549937593
ZMIZ2,-0.156468383860636,4.9603415937919,0.100048321868933,0.751771653625019,0.983372549937593
CCT2,-0.0951575348750817,6.5011033545279,0.0999239508362635,0.75192091509748,0.983372549937593
RBM8A,0.0543869063333875,7.89274067464767,0.0998741206917462,0.751980746442773,0.983372549937593
OSBPL8,-0.088041980425164,7.12498565604149,0.0997196370390441,0.752166340272629,0.983372549937593
PBX3,-0.221031706571176,4.55869653595226,0.0995482268086114,0.75237245450411,0.983372549937593
FNIP1,0.13531691984305,5.60135499256502,0.0995197846792806,0.752406673944097,0.983372549937593
GTF2A2,-0.0761371772613599,6.90406681651095,0.0994910183008129,0.752441288965577,0.983372549937593
GLT8D1,-0.189513822554742,5.03319537383301,0.0992527984031017,0.752728154275004,0.983372549937593
HAUS8,0.261748169593944,4.0781219068456,0.099243896579619,0.752738881216134,0.983372549937593
CEP120,0.180307318754151,4.73881015835566,0.0992171717048294,0.75277108859965,0.983372549937593
KRBOX4,-0.233456312563736,4.25266877148168,0.0991617213434761,0.752837929609534,0.983372549937593
NUMB,-0.1370999742275,5.53311621943572,0.099139733205206,0.75286444025287,0.983372549937593
TP53TG1,0.167330845983185,5.05827087944121,0.0990851560832589,0.75293025672689,0.983372549937593
FAN1,0.227776883604182,4.13318902934788,0.0988240603136497,0.753245397263476,0.983372549937593
DNAJC13,0.152266923808015,5.16965814343824,0.0987691525537002,0.753311728695371,0.983372549937593
SUPT7L,0.215679356370604,4.77894581374019,0.0982048136517086,0.753994656723874,0.983372549937593
RBIS,0.205620221881973,6.56312874247014,0.0980894058390014,0.754134581352963,0.983372549937593
RPS17,-0.0991660815051742,10.0002022380367,0.0980763545451033,0.754150410904225,0.983372549937593
RRAS2,0.175137432921386,4.75408013183781,0.0979380123100206,0.754318273501678,0.983372549937593
MICAL2,-0.143755323675869,5.44183559475631,0.0979048186672404,0.754358569579525,0.983372549937593
SH3KBP1,0.0610677126970136,7.64061883238849,0.0977345066798794,0.7545654412285,0.983372549937593
TPR,-0.0555566522621583,7.87985252528973,0.0976149942017628,0.754710726765012,0.983372549937593
STK35,0.226261647853133,4.18624475260411,0.0976083541529746,0.754718801612896,0.983372549937593
AURKAIP1,-0.0754944347152885,7.24744666051242,0.0975899772875852,0.754741150971205,0.983372549937593
COQ5,0.222927689608271,4.52839520682573,0.0975713969756669,0.754763750102946,0.983372549937593
APMAP,-0.124851493968886,5.96716564835786,0.097558312536707,0.754779666051672,0.983372549937593
KATNBL1,0.152585885359965,5.63274554828445,0.0974327681203064,0.754932438215251,0.983372549937593
CHAC2,-0.260623277878348,3.94706487591174,0.0974211902737867,0.754946532473858,0.983372549937593
YRDC,-0.210150538542092,4.95622321872772,0.0972881375422929,0.755108569852999,0.983372549937593
AHNAK,0.0981116901324665,8.98744349743389,0.0968301466830397,0.75566726236375,0.983372549937593
SMYD2,0.169572997299705,4.70655149891066,0.0966045084992757,0.755943046128023,0.983372549937593
STX6,-0.184738563389802,5.32186884628056,0.0964759032968701,0.756100390451358,0.983372549937593
CTDNEP1,-0.077090233282974,6.87203187672947,0.0964683010940091,0.756109695100432,0.983372549937593
CD2BP2,0.11048169219149,5.98583372565161,0.096416010814897,0.756173706220533,0.983372549937593
ANKHD1,0.15193214706073,6.42811349065137,0.0964085141416753,0.756182884829166,0.983372549937593
COPG1,0.143077256080779,5.05832054402669,0.0962838610873202,0.756335562117679,0.983372549937593
SRSF9,-0.0666525977228875,7.37912382924726,0.0961392681020481,0.756512797982365,0.983372549937593
ANXA2,0.117549052852749,7.99633135211268,0.0960003915272374,0.756683164514639,0.983372549937593
CCDC124,0.129645179859241,5.83908504667465,0.0957768411041311,0.75695768841864,0.983372549937593
APBB1,-0.184106010518555,4.50441099758837,0.0956963173621155,0.75705665900379,0.983372549937593
TFG,-0.113179270018638,5.73530515952704,0.0953709117544914,0.757457075813236,0.983372549937593
SRP72,-0.0982228351586873,6.73749342625922,0.0953250711591274,0.757513543499218,0.983372549937593
SCRN3,0.295805380923623,3.97503937987745,0.0952026918929256,0.7576643664763,0.983372549937593
GATA3,-0.0923381960741011,6.7562574598369,0.0951848176388026,0.757686403995549,0.983372549937593
MOB1A,-0.0767673574283657,7.44970891986876,0.0950347511820198,0.757871513323674,0.983372549937593
IL2RA,-0.161569513188215,7.77548735722757,0.0949480228930533,0.757978567009402,0.983372549937593
NUSAP1,0.265590227461672,4.91265924237958,0.0949011088804497,0.758036497970292,0.983372549937593
PPOX,0.278685998102965,4.16714799962801,0.0948390772364007,0.758113120753204,0.983372549937593
UXS1,-0.109176123628058,5.9257680625228,0.0946999220298963,0.758285108033143,0.983372549937593
SESN1,-0.173954415867618,4.93346337669691,0.094675395569265,0.758315435566854,0.983372549937593
DKC1,0.114147148018817,5.70653599613351,0.0946679831619957,0.758324602025418,0.983372549937593
ITGB1BP1,-0.10624915478349,6.45313678091238,0.0946490845869441,0.758347974484054,0.983372549937593
PUSL1,-0.636099877529157,4.1669215362202,0.0945802810121403,0.758433087600099,0.983372549937593
MRGBP,-0.179621328366761,5.05400525569041,0.0945759362197585,0.75843846344099,0.983372549937593
DEK,0.0640909404529152,8.76880983734519,0.0945606492281108,0.758457379213238,0.983372549937593
WAC,0.0685995928748612,7.31283910067423,0.0945231485898628,0.758503788730861,0.983372549937593
TRAPPC6B,0.143910338010888,5.44623379566625,0.0944073924256017,0.758647108221441,0.983372549937593
PAF1,0.149169394967797,5.02754101427431,0.0942933684121599,0.758788377152079,0.983372549937593
SBDS,-0.0970979920223417,6.6784119420465,0.0939017704448233,0.759274256583694,0.983372549937593
CANT1,-0.167095076754339,4.93212340826969,0.0938293688906189,0.759364210930413,0.983372549937593
INTS10,-0.143893420677192,5.67201637732494,0.0936414592956734,0.759597853967337,0.983372549937593
SMC6,-0.162659145493439,5.38335440828621,0.0936017300176459,0.759647285383567,0.983372549937593
SPATS2L,0.119709501200619,6.42478238773772,0.0935899109483778,0.759661992957558,0.983372549937593
URGCP,-0.21136391701386,4.22543947345155,0.0933961134846193,0.759903298274451,0.983372549937593
SZT2,0.200613334441367,4.78626985982969,0.0932859247379785,0.760040620968568,0.983372549937593
KDM4C,0.140076858955355,5.38757649647166,0.0932635299183886,0.7600685413464,0.983372549937593
REPIN1,-0.200933113064983,4.70705739191968,0.0932443264110603,0.760092485926268,0.983372549937593
PACS2,-0.16821551252765,4.80678473351491,0.0930609775809188,0.760321236826559,0.983372549937593
PHC3,-0.0891182287374967,6.4615739267182,0.0930552345775268,0.760328405927956,0.983372549937593
MIA2,0.113342935452029,6.0775174594125,0.0929221182509536,0.760494645400542,0.983372549937593
NDUFC1,-0.0709116311100338,7.1709174605702,0.0928125806505307,0.760631536715368,0.983372549937593
PPARD,-0.281931518613358,3.83896137662088,0.0927917106751686,0.760657628348552,0.983372549937593
THAP4,0.197088496826742,4.63802773835216,0.0926347478118714,0.760853966068721,0.983372549937593
CSNK1D,0.107739499671881,6.14757472096814,0.0926213312354136,0.760870756684227,0.983372549937593
WBP2,-0.107759866474299,6.14341882579458,0.0925472643219099,0.760963474080908,0.983372549937593
HEATR6,-0.219849596985067,4.29246942174739,0.0924858249056832,0.761040415065285,0.983372549937593
TTL,-0.174530833508016,5.09748708129588,0.0923679643321922,0.761188090824829,0.983372549937593
ANAPC4,-0.164368691807019,4.97476908204746,0.0923652046572236,0.761191549847503,0.983372549937593
SLC35E2B,0.202855285352076,4.85831739653646,0.0923525823135414,0.761207371623358,0.983372549937593
COTL1,0.0707845341954374,8.81436013085773,0.0923515305469742,0.761208690038396,0.983372549937593
TXNDC12,0.0991633444784103,6.40029557636602,0.0923472779992807,0.761214020794237,0.983372549937593
CEP128,0.210434507510147,4.49852244748274,0.0922416109756448,0.761346522141861,0.983372549937593
CHCHD1,-0.0929426987134151,6.70643624561002,0.0921799950712749,0.761423823776193,0.983372549937593
YIPF1,0.174395006597519,4.75816618297106,0.0921066833440491,0.76151583543945,0.983372549937593
MICU2,-0.1224954062193,5.82798661662439,0.0919974837996946,0.761652963156212,0.983372549937593
UHRF2,-0.126760364878784,5.7683538340233,0.0919415180726162,0.761723276764163,0.983372549937593
FBRS,-0.133731042500545,6.06514894840801,0.0918716308623004,0.761811113710789,0.983372549937593
ABT1,-0.116255335655402,5.7704732330592,0.0917424009871635,0.76197363095268,0.983372549937593
TTC32,0.194410757400388,4.85672288710185,0.0917049092942612,0.762020803236644,0.983372549937593
MRPL19,-0.125442626208841,5.64567981836339,0.0916612027505685,0.76207580837607,0.983372549937593
ME2,0.0926964157394756,6.31062991901584,0.0912129465611997,0.762640771676811,0.983372549937593
INPP5D,0.116477961938777,6.36477720368485,0.0911160505318804,0.762763094379918,0.983372549937593
SLC38A2,0.0844637660325764,7.57241465082295,0.0910953468074638,0.762789240209263,0.983372549937593
TRIP12,0.104439524525189,6.53527576395835,0.0910541386462924,0.76284128984549,0.983372549937593
CEP192,-0.197259277926877,4.78910512417957,0.090891020730691,0.763047448739508,0.983372549937593
EGLN2,0.149115077151895,5.4763971444134,0.0908743997528596,0.763068466724223,0.983372549937593
TMEM102,0.202112630256654,4.39694730924,0.0908676580000591,0.763076992575925,0.983372549937593
LINC00641,0.300461379063032,3.71051594213548,0.0908307482432509,0.763123676035942,0.983372549937593
NDUFA12,0.0970904236162096,7.10405900126399,0.0908304335503942,0.763124074103944,0.983372549937593
CFAP36,0.130376822299961,5.5546100501348,0.0906378664956229,0.7633678013386,0.983372549937593
RUSC1,0.234310557237755,4.26767457762289,0.0905770813274991,0.763444794210634,0.983372549937593
RNF103,0.240829847211522,4.38054981202375,0.0904935093451709,0.763550695764138,0.983372549937593
EIF4A2,-0.0770783489793764,8.44316787050522,0.0904567827188849,0.763597252232577,0.983372549937593
AMMECR1,0.188504533098112,4.94656578513571,0.0904052988413042,0.763662533068037,0.983372549937593
MRPL3,-0.122756661204291,5.88125476849612,0.0901445057651067,0.763993526810828,0.983372549937593
ATP2B1,-0.140917294352128,7.13230927655516,0.090082234746248,0.764072637206784,0.983372549937593
MSRB2,0.218589536552169,4.66890728397971,0.0900683401004585,0.764090293320517,0.983372549937593
LMBR1,-0.213714481775782,4.5062707921075,0.0900595548135108,0.764101457669163,0.983372549937593
SYNGAP1,0.16350235287266,4.84280486638511,0.0900352865375851,0.764132300895678,0.983372549937593
CEP170,0.150696199422129,4.86521224009103,0.0898865021361921,0.764321494244776,0.983372549937593
CDK4,-0.195183760506164,5.08538068509014,0.0898749740267881,0.764336160440825,0.983372549937593
KAT6A,0.0763299443623801,7.05188853155748,0.0897314206156246,0.764518876703398,0.983372549937593
STRN,-0.135089752489383,5.69960769812968,0.0896263754644835,0.764652680192709,0.983372549937593
FAM50B,0.197783411949232,4.83157938911283,0.0896222169728702,0.764657978917312,0.983372549937593
MTFMT,0.241909698134346,4.09870996634436,0.0896193209419991,0.764661669101276,0.983372549937593
VILL,0.189736666832315,4.30842081532785,0.0893007750332693,0.765067964322428,0.983372549937593
SLC35A4,0.20593283902867,4.64463627350941,0.0892309836538168,0.765157086394224,0.983372549937593
BRIX1,0.153395698066617,5.49485399800768,0.0891712418731174,0.765233405508938,0.983372549937593
DPF3,-0.225137705717594,4.04590070282278,0.0890634583111591,0.765371167655076,0.983372549937593
GPI,0.0919719565155084,6.31766654130407,0.0887200478197823,0.765810699661275,0.983372549937593
UBALD1,0.190747562253115,4.54482098471579,0.0886962899398931,0.76584114166311,0.983372549937593
ARMCX3,0.116705105046668,5.78786338753829,0.0886758598844981,0.765867323128899,0.983372549937593
RMND5A,-0.150863722940516,5.15932008641729,0.088553686682749,0.766023958748648,0.983372549937593
EPHB6,-0.175087733268615,4.85125550374685,0.0884723799386347,0.766128265561439,0.983372549937593
BRAP,0.244058380665505,4.32142180815721,0.0883996169547174,0.766221655997115,0.983372549937593
UBE2D3,-0.0463533249609457,8.37084389657102,0.0883459007434233,0.766290626967651,0.983372549937593
PYGB,-0.227268697955575,4.297187197699,0.0882208105201272,0.766451329810408,0.983372549937593
NDUFB2,0.0766692930688684,8.54123161053852,0.0881484869227567,0.76654430017787,0.983372549937593
ARF6,-0.0612745605711219,8.11242187695262,0.0881303740254857,0.766567590400305,0.983372549937593
AK3,0.137547368158886,5.34269983379986,0.088090796766501,0.766618489343788,0.983372549937593
TMEM80,-0.149284281064905,5.17136967379165,0.0879951829310706,0.766741506345859,0.983372549937593
ASMTL,0.168130157663398,4.97018182591543,0.0879664991632936,0.766778425132024,0.983372549937593
GPR132,-0.215036928350811,4.77470965187167,0.0876428976088022,0.767195386131346,0.983372549937593
B4GALT7,-0.230123942721221,4.43524861805724,0.0873665626695406,0.767552107260085,0.983372549937593
SMUG1,-0.170115648522858,4.70294071314786,0.0872673704429925,0.76768030423143,0.983372549937593
KIF16B,-0.196271618114366,4.29181099497652,0.0872082258104889,0.767756781015157,0.983372549937593
UQCRQ,-0.0546098793375259,7.77181886403571,0.0871779287924532,0.767795967401336,0.983372549937593
SLC16A4,-0.289502362083177,3.87231068813261,0.0871479284914472,0.76783477730666,0.983372549937593
TRIM33,-0.127736020437019,6.19928259721071,0.0871157230267947,0.767876448006519,0.983372549937593
INPP5K,-0.14922860663408,5.09721971708252,0.0871073738441446,0.767887252393446,0.983372549937593
RBM38,0.153978863160049,6.3290605422258,0.0869736604427764,0.768060363007429,0.983372549937593
ZFAND4,-0.255089489794378,4.1711471819005,0.0869265040174234,0.768121448063586,0.983372549937593
NAGLU,-0.194580709340564,4.24696012918206,0.0867934081029524,0.768293953831861,0.983372549937593
BRPF1,-0.23767235962709,4.19510448802617,0.0867639094824675,0.768332206484858,0.983372549937593
HADHB,-0.0969078335710821,6.04341849133598,0.0867087337796999,0.768403775145861,0.983372549937593
KIF20B,0.112673408936442,5.9516489946518,0.0865228506584188,0.768645067281435,0.983372549937593
BECN1,0.101595679358881,5.93443784148252,0.0864725002687701,0.768710474842707,0.983372549937593
POR,-0.145254020528848,5.17489504110381,0.0864169371829746,0.768782677962612,0.983372549937593
ATXN10,0.122193274550713,5.68081825428397,0.0862991102408159,0.76893587520417,0.983372549937593
TRMT112,0.0620525561942686,8.06865743497481,0.086068539818676,0.76923598923583,0.983372549937593
ZNF182,0.257997584942904,3.98226708256859,0.0860622119167722,0.769244231883002,0.983372549937593
TRPV2,-0.137032117954187,5.66371019649086,0.0858854343753102,0.769474633285259,0.983372549937593
PRR5L,0.21013218371111,4.22617546077777,0.0858671164066429,0.769498522560929,0.983372549937593
SLC25A22,0.193727136206442,4.22739038502203,0.0857795702382465,0.76961273363279,0.983372549937593
ERP44,-0.105058079211216,6.25769264628161,0.0854387273388007,0.770057994640551,0.983372549937593
OS9,-0.0932969232267567,6.28762296408273,0.0852638333768248,0.770286842116696,0.983372549937593
TRIM4,0.127082617704915,5.3234251242532,0.0851273647440927,0.770465587310595,0.983372549937593
PPAT,0.194375096799725,4.15596825029554,0.0850864713303334,0.770519179348449,0.983372549937593
EXOSC10,0.133813748145884,5.23699244439173,0.085080684989741,0.770526763648776,0.983372549937593
CLCN7,0.164730386999236,4.67599090705321,0.0850005384702808,0.770631842477568,0.983372549937593
STRIP1,0.207327295563779,4.62517922442228,0.0849040862321004,0.770758370765541,0.983372549937593
CDKN1A,0.209880157638788,5.05208938019875,0.0848553831525898,0.770822290223915,0.983372549937593
CCAR1,-0.0889197392983612,6.49857435322687,0.0847060088377099,0.771018457993319,0.983372549937593
FTX,-0.086873469325226,7.00757607189949,0.0845673757340375,0.771200687661865,0.983372549937593
INPPL1,-0.191346135284858,4.57985748015849,0.0845638060902836,0.771205382005886,0.983372549937593
C1orf50,0.144688547349974,5.02442105206395,0.0844474269275715,0.771358488063106,0.983372549937593
CMC4,0.272190261987436,4.61769217086392,0.0843551062003414,0.771480024728313,0.983372549937593
HSD17B12,-0.121990247090812,5.33403714209839,0.0843378008583535,0.771502814566396,0.983372549937593
GCN1,0.152696144459548,5.01254984135501,0.0842367863435349,0.771635893729429,0.983372549937593
RNF213,0.0666036356410968,9.3304235127847,0.0842236636869203,0.771653188208671,0.983372549937593
DCK,-0.105932048168203,6.13707145614294,0.0842126057398005,0.771667762720938,0.983372549937593
MALSU1,-0.14815570562041,5.25039146964857,0.0842028247067219,0.771680655109276,0.983372549937593
OGT,-0.0630185534251358,7.22944605225312,0.0840264878577184,0.771913224257425,0.983372549937593
TTF1,-0.100347319690884,5.99531029508932,0.0839673421550877,0.771991290252907,0.983372549937593
NEAT1,-0.0945832403212517,10.5097033870045,0.0839408965496027,0.772026205262967,0.983372549937593
CCNQ,0.152985279344988,5.36136673409416,0.0838272086077936,0.772176370568435,0.983372549937593
ACSL4,-0.111649747615202,5.53400086640894,0.0835185608674802,0.772584606902892,0.983372549937593
ZC3HC1,0.286427165600366,3.9517248355407,0.0834884843352999,0.772624431635685,0.983372549937593
SLC11A2,0.182490962945025,4.80466655082285,0.0834806947567763,0.772634747186414,0.983372549937593
TOP3B,-0.216412409265844,4.3527612533679,0.0834738184064285,0.772643853804464,0.983372549937593
TFDP1,-0.107523117524666,5.63826596576216,0.083457661067543,0.77266525319585,0.983372549937593
GLMP,0.23633405655881,4.0618591990398,0.0834293902730714,0.772702701506133,0.983372549937593
MCCC2,0.153320739128763,5.04809336921622,0.0834248374954072,0.772708732889451,0.983372549937593
SCAF11,-0.0579518895781756,8.00082354244247,0.0834084675023146,0.772730420838673,0.983372549937593
NDUFB6,-0.0842437392270345,6.4828997546442,0.0833297367787029,0.772834760251649,0.983372549937593
TMEM214,0.171844877770871,4.73069846452715,0.0832928784473968,0.772883625818605,0.983372549937593
TPT1-AS1,0.194939702339248,4.31054336288807,0.0830111809077643,0.773257478606273,0.983372549937593
TBC1D4,0.136224600446104,7.25411716271493,0.0829474669536872,0.773342131333685,0.983372549937593
ANAPC15,0.131341388720371,5.78151558790918,0.0827338838129137,0.77362616295329,0.983372549937593
MPG,-0.0914589022145084,6.17352046863822,0.0825751224568077,0.773837547610297,0.983372549937593
VPS13D,0.139951169157412,5.4381730757388,0.082534257293041,0.773891993602264,0.983372549937593
GIMAP4,-0.0763269228462919,8.19024031743306,0.082439120751836,0.774018803674604,0.983372549937593
NUDT5,-0.0962231762437118,6.49156017173438,0.0824085832830619,0.774059524684309,0.983372549937593
LUC7L,-0.104820549553785,5.91890195610149,0.0823284665596482,0.774166397319126,0.983372549937593
ZNF106,-0.0932142675273684,6.75762069646592,0.0822882481653622,0.774220068332669,0.983372549937593
TAF11,0.103167244153006,5.9602336978182,0.0822697972607038,0.774244695615961,0.983372549937593
PIK3C2A,-0.160660020190135,5.27048863346376,0.0822197118764159,0.774311561987242,0.983372549937593
ZNF460,-0.203770348784448,3.97071306650926,0.0821736463396849,0.77437308113184,0.983372549937593
RNF14,0.202178455099098,4.78740792161208,0.0820735476258019,0.774506824325829,0.983372549937593
WDR73,0.133973567499073,5.38147525512606,0.0819768248866808,0.774636140699419,0.983372549937593
EID2B,0.227571208150793,4.22102146172382,0.0817903757771177,0.774885652557862,0.983372549937593
SEPHS1,0.164783180325696,4.94695358543258,0.0816041782565087,0.775135134953013,0.983372549937593
MCOLN1,-0.251597401261021,3.98112751253375,0.0816009127352864,0.775139513106227,0.983372549937593
TRAPPC11,0.164739509747801,4.78240660714118,0.0815151357510313,0.775254550068985,0.983372549937593
LRRC61,0.214653759473722,4.18789881477682,0.0815060285272793,0.775266767763928,0.983372549937593
EIF5B,-0.0564570158415541,7.79788129941701,0.0814431859760756,0.775351093619848,0.983372549937593
SPSB1,-0.220934494951645,4.32045890869512,0.0813840160553347,0.775430523487669,0.983372549937593
ASB6,-0.172197533040911,4.50202594075684,0.0812799255033543,0.775570330752664,0.983372549937593
RELCH,0.161726729817642,4.49558172881638,0.0811970026319955,0.775681776333607,0.983372549937593
MVB12B,0.238215393740971,3.92023650393519,0.0811571266413012,0.775735390246951,0.983372549937593
HMBOX1,0.149365980524089,5.22630423693312,0.0811504613971117,0.775744353164354,0.983372549937593
RNF138,0.148281252828446,5.07689788526049,0.0811417381250656,0.775756084163569,0.983372549937593
APOL2,0.130568666509712,5.69170546023151,0.0810339123109714,0.775901143943098,0.983372549937593
KHSRP,0.112777934327319,5.59686920417911,0.0810119680683625,0.775930678656133,0.983372549937593
PPP3CA,0.13316412767986,6.48654898391446,0.0809762096898972,0.775978815053117,0.983372549937593
CDK5RAP1,-0.15848378199629,5.36041840077538,0.0808122014572952,0.776199743231951,0.983372549937593
FAM98C,0.124046205790998,5.58460872082125,0.0808064421146462,0.77620750578768,0.983372549937593
ADAM17,-0.112158401830618,5.95286253658004,0.0806773760021891,0.776381542127856,0.983447296436663
TMED8,-0.156624050881774,5.27778512016189,0.0805541714674476,0.776547814956913,0.983512188158022
PASK,0.177805431261306,6.55908295727401,0.0803213732481609,0.776862367341685,0.983640123598403
RNF126,0.130718802662222,5.86320675288382,0.0801768684498683,0.777057867162447,0.983640123598403
MCTP2,-0.222878726242214,3.8809316665333,0.0800428351674647,0.777239370310426,0.983640123598403
MAT2A,-0.100900724773739,6.13512735956844,0.0800395832112582,0.777243776033605,0.983640123598403
INTS6-AS1,0.19364058283531,4.1918653603851,0.0800200096966321,0.777270296110302,0.983640123598403
SDAD1,0.102129954664301,5.83094456924382,0.0799691788774659,0.777339182948978,0.983640123598403
DTWD1,-0.157491016281061,5.11582389157418,0.0798150478094897,0.777548208799894,0.983759010956089
UGP2,0.0775699292862316,7.38609493352028,0.0794599761472181,0.778030572320319,0.984074212992854
STK38,0.106077525787827,6.0059270685941,0.0794486867844952,0.778045927942408,0.984074212992854
RNF13,-0.117329398143799,5.75962360006896,0.0792523899241342,0.778313116476707,0.984074212992854
UTP11,0.151359706611874,5.11117995949626,0.0792243903008689,0.778351257121962,0.984074212992854
TNFRSF25,-0.0892485941726618,7.60591192725755,0.0791445050602526,0.778460115534748,0.984074212992854
VPS33B,-0.254269465606858,4.02951824761017,0.0791240499886854,0.778487998885329,0.984074212992854
PGRMC2,0.11722109232072,5.50371334809276,0.0789873876086382,0.778674390217113,0.984118383611581
MAIP1,0.231681796540906,4.06903011147326,0.0787234704686011,0.779034835033368,0.984118383611581
ACOT8,0.158498982508594,4.84565019244911,0.0786743232445204,0.779102029806791,0.984118383611581
TFRC,-0.116851435538176,6.33831500279324,0.0785571435562655,0.779262330909972,0.984118383611581
CINP,0.137576887298158,5.26083899034235,0.0784961043131887,0.779345883306454,0.984118383611581
ANKS1B,0.25626500234182,4.0494532114089,0.0784440256367596,0.779417197905711,0.984118383611581
RUNX1,-0.095872412957864,6.50777048877787,0.078431447431571,0.779434425858652,0.984118383611581
MED15,-0.110978440106765,5.73697686955158,0.0784245585923902,0.779443861905956,0.984118383611581
UCHL3,0.155949265879438,5.19637915086099,0.0782364968151263,0.779701634000361,0.98421929442811
ZBTB22,0.227597344249425,4.29767891680596,0.078065723269555,0.779935999054963,0.98421929442811
SDF2,0.118070229697104,6.06828446926504,0.0780559473839659,0.779949423578605,0.98421929442811
MBIP,0.172752137426423,4.83725470207375,0.077919835493617,0.78013643052136,0.98421929442811
APBA3,0.159628063056309,4.78870520949964,0.0777555533602756,0.780362375784574,0.98421929442811
KLRC4,0.230033880867336,4.14548430266448,0.0777232051428456,0.780406896178245,0.98421929442811
IQGAP1,0.0645623619020216,8.37012239330668,0.0775206995336646,0.780685828952695,0.98421929442811
SNRNP40,0.115991526195519,5.73894829137844,0.0774176378373284,0.780827937668052,0.98421929442811
EFCAB14,-0.081563212719916,6.45833958830545,0.0774017085028245,0.780849911246309,0.98421929442811
PPIL1,0.178381464134318,4.67488202627508,0.0773988977355096,0.780853788787032,0.98421929442811
BLOC1S5,0.149365952992172,5.04505409857682,0.0773733119776434,0.780889088622411,0.98421929442811
RAB11FIP3,-0.234226541013115,3.8259523237259,0.0773200073255005,0.780962651513842,0.98421929442811
MRPL58,-0.140181567536096,5.06345555265072,0.0772781509757383,0.781020434366628,0.98421929442811
PRRC2A,0.112316493164421,5.84385444687093,0.0771263613572142,0.781230122057647,0.98433843971567
DPY19L1,-0.268343014137652,3.86260807167637,0.0766893086177856,0.781835126769611,0.984347081056726
KLRC2,0.22635600064136,4.97570343099493,0.0766368920445046,0.781907810687343,0.984347081056726
EXT2,-0.188693692847457,4.26525730441434,0.0764666165404275,0.782144109606474,0.984347081056726
SELENOO,0.18032623941969,4.35056094244579,0.0764064852292599,0.782227624171102,0.984347081056726
PTPMT1,-0.164979177873931,4.93529530713968,0.0762596954316877,0.782431644783929,0.984347081056726
GSS,0.149112196825755,4.79301677586314,0.0759231022494582,0.782900269120926,0.984347081056726
MORF4L1,-0.0532623106315912,8.33636030737028,0.0759083565319632,0.782920824486256,0.984347081056726
LIPA,0.180841528111563,5.02296627608621,0.0758532752712569,0.782997626151988,0.984347081056726
LRRC59,0.144222825161603,5.19669152083868,0.0757505173502509,0.783140985228038,0.984347081056726
ZNF746,-0.182464225641074,4.25485845158928,0.0756387457950183,0.783297038173662,0.984347081056726
ARHGEF1,-0.0796078788965068,7.39380934906466,0.0755614681333015,0.783405004044918,0.984347081056726
ZXDC,0.151218392427033,4.81837467817956,0.0755572475961515,0.783410902335411,0.984347081056726
TRIM44,-0.0952249408109929,6.10308165019785,0.0755250169568313,0.783455951183982,0.984347081056726
CCDC137,-0.1184737347416,5.73623574190872,0.075468107071508,0.783535519529313,0.984347081056726
GALNT7,0.153128483598879,4.84164766370435,0.0754645495443107,0.783540494544141,0.984347081056726
NUDT16L1,-0.0910152189080116,6.08902894779138,0.0754543334545907,0.783554781909859,0.984347081056726
CHKB,-0.115019572197377,5.40381431052472,0.0753202988801807,0.783742327847595,0.984347081056726
DPYSL2,-0.124664706780715,5.64754661560134,0.0752203452451674,0.783882303356082,0.984347081056726
FANK1,-0.318548535361728,4.09793226030124,0.0751973826972154,0.783914474331715,0.984347081056726
UNC45A,-0.175222738808484,5.36205907644613,0.074988188004653,0.784207803695739,0.984347081056726
SLC25A3,-0.0476773339869537,8.25550835547881,0.0749876084891596,0.784208616893383,0.984347081056726
POLR2E,-0.11893834207893,6.39839860913667,0.0749358587411351,0.784281247683321,0.984347081056726
LSM8,0.0511244307688153,7.69877449798097,0.0748772250559169,0.784363572665002,0.984347081056726
TNPO1,-0.102139493760029,5.85973202908319,0.0748508174135658,0.784400661791566,0.984347081056726
NRBP1,0.0829628934216903,6.40062962056185,0.0748209027456745,0.784442684977628,0.984347081056726
RAB43,0.155489404485909,3.94731169059936,0.0747480740102322,0.784545030262644,0.984347081056726
ARRB2,0.096617439664474,6.52063537680582,0.074695367150083,0.784619131962546,0.984347081056726
ZNF420,-0.297662260838341,3.91220683710741,0.0745724586302057,0.784792040898932,0.984347081056726
TNFSF10,-0.122695242089108,7.39395719594272,0.0744575095703297,0.784953891006996,0.984347081056726
RBM26,0.0898727671978218,6.82181487897898,0.0744446087256954,0.784972063977804,0.984347081056726
PLCL2,0.151137743009283,5.19130195058849,0.0743197745898456,0.785148000941331,0.984347081056726
LTC4S,-0.210469459080343,3.96059604895484,0.0741547168960963,0.785380871492195,0.984347081056726
MRPL39,-0.20618353298604,4.51733478894308,0.0741281518208297,0.785418376651855,0.984347081056726
ICA1,0.234871041068997,5.30805003718254,0.0741182373778244,0.785432375931055,0.984347081056726
OGFRL1,-0.159443534901718,4.75248893024294,0.0739851125974571,0.785620446767512,0.984347081056726
RFC3,0.318211645550958,3.75258038735694,0.0739216947939596,0.785710103604059,0.984347081056726
SLAMF1,0.0939422166890935,7.19275456123841,0.0738226414858723,0.785850222760925,0.984347081056726
HOPX,-0.145464163577638,6.72865530930454,0.0738126206228422,0.78586440372789,0.984347081056726
PPP1CB,0.0545069131517085,7.76770510170197,0.0737675470530999,0.78592820211668,0.984347081056726
TPGS2,0.154932081684332,5.70015301850968,0.0737657707504411,0.785930716773639,0.984347081056726
MSL3,-0.118513392741772,6.42297102315697,0.0737466458656968,0.785957793343457,0.984347081056726
SF3B3,0.110288800026589,5.53470793052358,0.0735259210010906,0.786270563715665,0.984392505799957
PSMD6,0.102376439706058,6.13050487799821,0.0734460091497287,0.786383924227836,0.984392505799957
PLEKHF1,-0.114377199452891,5.89120289494247,0.0733566169650395,0.786510811725027,0.984392505799957
TMEM18,0.128365761873813,5.57562265592044,0.0733384597083013,0.786536595132619,0.984392505799957
TAP2,-0.12874444815313,5.92465491145888,0.0733150807231979,0.786569798469939,0.984392505799957
CORO7,-0.115057583600822,6.00386272574853,0.0728966957474118,0.787164961152243,0.984993157624492
SLC41A3,0.166323139698447,4.74074353773074,0.0726221329438346,0.787556529759317,0.985291377930061
PHKG2,0.155166959294773,4.87669091029051,0.0725505502472057,0.787658748083506,0.985291377930061
EPC2,0.157223848227621,5.41234244861103,0.0724324350906471,0.787827531931856,0.985291377930061
MAGEH1,0.157458592785769,5.21824801066219,0.0723531291646236,0.787940941108363,0.985291377930061
PPIH,-0.132133602296794,5.15575106248414,0.0721776882616325,0.788192062400896,0.985291377930061
RAB3IP,-0.166355472075078,4.83897813994077,0.0721618070127263,0.788214810528937,0.985291377930061
FDPS,-0.0879538249644734,6.65473415947448,0.0721278090707855,0.788263517834976,0.985291377930061
OXSR1,0.162136893668621,5.19328900519221,0.0720640564401727,0.788354886519302,0.985291377930061
SDCCAG8,0.138592200185999,5.41037102923662,0.0719651447877325,0.788496730039223,0.985291377930061
OXR1,-0.131114383203547,5.12657391787433,0.0719239690456472,0.788555808608899,0.985291377930061
PTGES3,0.0522054254955046,8.27437636021715,0.0716133868307889,0.789002014265775,0.985529266174159
THUMPD2,-0.189179863742876,4.63650283997856,0.0714023923140559,0.789305736536124,0.985529266174159
NIN,-0.0964285699337206,6.20795359592344,0.071346886285772,0.78938571617849,0.985529266174159
PAXX,0.0641137124113525,7.41840392219185,0.0710268056331156,0.789847577798735,0.985529266174159
PCID2,-0.118356152470008,6.15057204295236,0.0709862148300111,0.789906228034514,0.985529266174159
IDS,0.0805997814750948,7.97034417555482,0.0708949375224464,0.790038181561918,0.985529266174159
MMS19,0.189671628450689,4.4707722569668,0.0708788766730635,0.79006140907245,0.985529266174159
MYL12A,0.0366219022033156,10.1206494262348,0.0708766176733118,0.790064676307574,0.985529266174159
KLF10,0.139364827720213,4.91737550765572,0.0708176799731177,0.790149938757886,0.985529266174159
MLYCD,0.177845108192916,4.58056119708257,0.0706734971988006,0.790358681609159,0.985529266174159
FDX2,-0.176220866755265,4.52368908227829,0.0706679031191619,0.790366785117176,0.985529266174159
ZNF777,0.204348847043455,4.13361642441102,0.0705823492417075,0.790490760116435,0.985529266174159
PHF8,0.132728930832383,4.97053853193561,0.0705496319376504,0.790538191593322,0.985529266174159
PGP,-0.108789038708822,6.08337243020951,0.070461883184727,0.790665462347755,0.985529266174159
ERCC8,0.249110106196086,3.80324366356337,0.0704404685900055,0.790696534942806,0.985529266174159
REXO4,-0.124501327857653,5.64473983456651,0.0703631347659766,0.790808788503333,0.985529266174159
ICE1,0.109005918770292,5.85548064501983,0.0703561502431498,0.790818930106028,0.985529266174159
SET,-0.0383641300360514,9.27227221892177,0.0701107135277361,0.791175649588114,0.985529266174159
ARHGAP18,-0.113333908491562,6.2645986337165,0.0700659174387646,0.791240828615381,0.985529266174159
MPDU1,0.138074203714211,5.11270478290044,0.0699389848559573,0.791425638743026,0.985529266174159
STRN4,-0.178582194380332,4.58701407815468,0.0698616172937783,0.791538371678334,0.985529266174159
SCNM1,0.105007619930679,5.71832279637256,0.0698355596642255,0.791576355506108,0.985529266174159
SMPD4,0.138866678465613,4.79600254147678,0.0696601593304909,0.791832231518435,0.985529266174159
GNE,-0.225040796971235,3.94479469189567,0.0696363322038778,0.791867017376814,0.985529266174159
RCN1,0.194010923247196,4.09051311440502,0.0696296794188953,0.791876731092032,0.985529266174159
VASP,-0.082476225080263,7.00460466750678,0.0696230379311125,0.791886428807346,0.985529266174159
IGHMBP2,0.35563222582555,4.11003588497517,0.0695359989258773,0.792013566491734,0.985529266174159
RALGAPB,-0.122758116251891,5.20369104836567,0.0692821222145907,0.79238489051788,0.985529266174159
SPINDOC,0.210562292103743,3.90731556966442,0.0692200270590355,0.792475822541958,0.985529266174159
PKM,-0.054366513621221,7.91936050342922,0.0691770822668829,0.792538736323423,0.985529266174159
AGPAT3,-0.138384932187369,5.44913090054817,0.0688526839742778,0.793014653270293,0.985529266174159
CEBPD,0.125105380060064,5.81939549642547,0.0687144304922747,0.793217845794547,0.985529266174159
ATP8A1,0.130655706691352,5.33676476789514,0.068698249618965,0.793241641261118,0.985529266174159
SNHG8,0.0642928706326512,7.95312673565332,0.0681162717317587,0.794099492593657,0.985529266174159
AKT2,0.122328922616829,5.69864383661608,0.0680519632464964,0.794194524879193,0.985529266174159
RBMS1,-0.0643495506401863,6.88844511220271,0.0679842384528282,0.794294657498485,0.985529266174159
CD53,-0.0536495976114194,8.24562066064925,0.0679474278835883,0.794349105091778,0.985529266174159
PSTPIP1,-0.0891349951056917,6.39745168558237,0.0679463135363143,0.79435075360113,0.985529266174159
RNF4,0.11705904703745,5.80446297497581,0.0679197832136786,0.794390005491196,0.985529266174159
SLA2,0.118207886856586,5.49756523670106,0.0679121085241832,0.794401361801287,0.985529266174159
SIN3A,-0.100063490786682,5.88098206322068,0.0678349524915944,0.794515568401186,0.985529266174159
NGLY1,-0.0969197002166625,5.79656733551965,0.067815499661128,0.794544373487648,0.985529266174159
EXOSC6,-0.099853901157327,6.21368080313111,0.0677711062345523,0.794610126282044,0.985529266174159
GUF1,-0.191821725859727,4.49187729255231,0.0677486439816768,0.794643404741322,0.985529266174159
MYL6,0.0288083530968741,10.5123976071479,0.0677416352208731,0.794653789623255,0.985529266174159
PLCB2,-0.136381854645646,5.21656529571968,0.0676932165215973,0.794725547291631,0.985529266174159
NDUFV1,0.0957169670360398,6.01041183385524,0.0676660853096252,0.794765768374427,0.985529266174159
SKI,-0.097072140038964,5.97913109281235,0.0676396898230003,0.794804907032773,0.985529266174159
NRAS,-0.13065923391477,5.1684375550059,0.0676113176703286,0.794846985741905,0.985529266174159
TTLL1,0.232571799389369,3.86450225215502,0.0676056355910291,0.794855413960423,0.985529266174159
MRRF,0.212256387348043,4.45640405435565,0.0675616551765472,0.794920662828336,0.985529266174159
UBXN4,0.0674425657250539,8.13855522972135,0.0675599745999094,0.794923156563353,0.985529266174159
SMURF2,-0.0938640089611805,5.65361354249094,0.0674186141436088,0.795133033882782,0.985529266174159
LAMTOR3,-0.122126034762924,5.43882697601117,0.0672840437898401,0.795333048288696,0.985529266174159
TPCN1,0.200328555915422,3.9721025875769,0.0671422094590728,0.795544090485381,0.985529266174159
CTSZ,-0.139969422099502,5.11897732934857,0.0671267519650307,0.795567104811884,0.985529266174159
TRIM38,-0.0748240925817481,6.72591509095447,0.0671025160736463,0.79560319479629,0.985529266174159
VAMP4,0.0937998434026636,5.83263022439807,0.0669772064609067,0.795789906021536,0.985529266174159
CYCS,-0.0921142215695328,7.4632397802957,0.0669700495086083,0.795800575498678,0.985529266174159
ASB16-AS1,-0.177970559077559,4.32115280009775,0.0669579255571833,0.795818651091738,0.985529266174159
PRMT3,0.222998603159884,3.92612761694282,0.0668375182763086,0.795998261103199,0.985529266174159
STK3,0.252632636882066,3.73432546378094,0.0667822969532974,0.796080691778967,0.985529266174159
TMEM42,-0.164693112232971,4.90091004750958,0.0667565254421909,0.796119174199865,0.985529266174159
INTS6L,-0.18723310523059,4.67091686616253,0.0665049007433503,0.796495321223988,0.985529266174159
USP37,0.14661017152249,4.80776256038857,0.066456356287885,0.79656797631713,0.985529266174159
KIAA0040,0.105013143235636,6.28866587068384,0.0663830213108838,0.796677788360483,0.985529266174159
SRPK1,-0.0844783997393224,6.32207801180439,0.0662237071445944,0.796916569031228,0.985529266174159
CLK2,0.159398547880091,4.35594809807428,0.0660994233104137,0.797103058826368,0.985529266174159
ZNF592,-0.158391772116295,4.87683237880094,0.0660202138835651,0.7972220113229,0.985529266174159
MED13,-0.0886496255781318,6.30464747430503,0.0659750735656672,0.797289834677139,0.985529266174159
ZMYND11,-0.101740581608713,5.5709899956176,0.0659639105704155,0.797306610898304,0.985529266174159
DGCR6L,0.0977293222845149,5.98184306870905,0.0659605695080847,0.797311632282225,0.985529266174159
TMEM187,-0.191492604583434,4.39962277839188,0.0659543243105034,0.797321018742638,0.985529266174159
P3H1,-0.187796949179307,4.50981927034165,0.065920578610168,0.797371746340909,0.985529266174159
ERCC6,-0.171638252099742,4.57650721687221,0.0658906713314735,0.797416715472461,0.985529266174159
SCAND1,-0.0649827584199392,7.25257436561833,0.0657940000920192,0.797562146571901,0.985529266174159
LUZP1,0.0928705394649003,5.89718939429084,0.0656992537208474,0.797704792455551,0.985529266174159
RALGAPA1,-0.106164003283636,5.96578155256343,0.0655285111487629,0.797962131829255,0.985529266174159
FAM76B,-0.107650406957109,5.58275031308903,0.0653684373912782,0.798203716053626,0.985529266174159
NOSIP,0.0988511418659682,7.16362090467698,0.065361644937175,0.798213974230209,0.985529266174159
MSRB1,-0.139918994436949,4.59284927384104,0.0653403705476201,0.798246107153639,0.985529266174159
KIAA2013,-0.110571284336195,5.5860965345044,0.0652944337883739,0.7983155092327,0.985529266174159
HNRNPU,-0.0615006784354106,8.9112976128838,0.0651849620160991,0.798481006056694,0.985529266174159
MBD1,-0.136233379456062,5.02849247842301,0.0651281851537213,0.79856689826649,0.985529266174159
DMXL1,0.143764812570636,4.9357923705318,0.0649732199739326,0.798801533211964,0.985529266174159
ITPRIPL2,0.267715723796806,4.09610669853819,0.0649616548805376,0.798819056025613,0.985529266174159
CELF2,0.0424607549847352,8.31325353891417,0.064886937051261,0.798932304555909,0.985529266174159
GKAP1,-0.179120107241498,4.33615613962617,0.0647984673482061,0.799066486381228,0.985529266174159
BAK1,-0.106643783791956,5.49267215206315,0.0647920566826059,0.799076213214054,0.985529266174159
CASP10,-0.153894399144788,4.48059216342963,0.0647023594831548,0.799212363568378,0.985529266174159
ZNF875,0.213245670639986,3.78959251628639,0.0644318277433342,0.799623610201193,0.985529266174159
NDUFA3,0.067184019667654,7.6320399184166,0.0643378230989242,0.799766725696704,0.985529266174159
SYS1,-0.108410756283919,6.00113650409019,0.0643108417326559,0.799807823490677,0.985529266174159
RNF135,0.280983736186266,3.99618947159376,0.064134449561319,0.800076728945783,0.985529266174159
GHITM,0.0661487344480386,7.14186312924693,0.0640575681914246,0.800194055802024,0.985529266174159
MIR29B2CHG,0.186445478535624,4.16552506513448,0.0640475949988257,0.800209281145949,0.985529266174159
JPT2,-0.18440484877089,4.3331297864361,0.0640084493713502,0.800269054108057,0.985529266174159
RPS4Y1,0.139107041305313,8.19508910068835,0.0639440794951689,0.800367385241578,0.985529266174159
MXD4,0.0865300707892259,7.17028114397043,0.0639064334288282,0.800424917608473,0.985529266174159
ADNP2,0.175544263757015,4.34913254145574,0.0638664234730921,0.800486082340273,0.985529266174159
GBF1,-0.130829239531311,4.96795325570823,0.0638295479821807,0.80054247334946,0.985529266174159
ENTPD6,-0.195593571473654,4.28273397282888,0.063735478013033,0.800686406253646,0.985529266174159
ZMPSTE24,-0.119478579629288,5.35751393202924,0.0636808381064622,0.800770060588249,0.985529266174159
LPAR6,-0.148955176436752,4.74143414099438,0.0635970877051229,0.800898357562839,0.985529266174159
SSBP2,-0.144362173788915,4.75592603547681,0.0634606674712863,0.801107531807337,0.985529266174159
MTCH2,0.105480309485935,5.63769982072466,0.0632998481766123,0.801354424627888,0.985529266174159
ZNF791,0.0849034307985646,6.44987498740932,0.0631728031572525,0.801549702421463,0.985529266174159
TIRAP,0.184995262044685,3.84980146473106,0.0631122047351713,0.80164292031268,0.985529266174159
GNAI3,-0.103185164019363,6.67660494082972,0.0631014705188804,0.801659437600009,0.985529266174159
ITM2A,0.076970942469511,7.84402341062409,0.0630834534041433,0.801687164813087,0.985529266174159
TWF2,-0.0961876357773359,6.81261596937289,0.0630750775564337,0.801700056152298,0.985529266174159
WIZ,-0.200230055147241,4.13604378482668,0.0629720258738242,0.801858738407253,0.985529266174159
ABCC4,0.229717189669185,3.97268626010791,0.062963751144185,0.801871486083071,0.985529266174159
C8orf33,-0.102013516403542,5.44967183757801,0.0629529518028367,0.801888124401386,0.985529266174159
CCND2,-0.0847989868929808,8.23509740403968,0.0626393867953397,0.802371890487569,0.98584866792489
RPS6KB2,0.0997444210287035,5.75792700916597,0.0626350149340045,0.802378644452145,0.98584866792489
NAPB,-0.178266831964094,4.23193966418171,0.0624409727403439,0.802678667385109,0.985891250488089
GIT1,0.114994381142596,5.283698075002,0.0623697280345033,0.802788948365752,0.985891250488089
TTBK2,0.150254493784702,4.72192427172541,0.0623627682821351,0.80279972508045,0.985891250488089
CCDC186,-0.0835302011006131,6.67266162545597,0.0622044713586707,0.803045010081787,0.985891250488089
APEX2,-0.177261752631417,4.25720194276411,0.0621444979548542,0.803138026939083,0.985891250488089
TMEM216,-0.157569841750805,4.78489078660121,0.0620540708089212,0.803278366765053,0.985891250488089
SLC25A13,0.154536444059426,4.42887558070575,0.0619286102266301,0.803473257260744,0.985891250488089
AGFG1,0.101753011117734,6.23297129101646,0.0619279483273658,0.803474286010874,0.985891250488089
NDUFAF3,0.0789173080492113,6.57930735565988,0.0618617613338994,0.803577185961052,0.985891250488089
IGFBP4,-0.188654259791181,4.5631604286228,0.0617853899200842,0.803695992143032,0.985891250488089
TPK1,0.191656005858727,4.3098483299815,0.0617454889458884,0.8037580945751,0.985891250488089
IPMK,0.211814739284115,3.9120989897723,0.061720389178344,0.803797171119661,0.985891250488089
RPL11,-0.0369636852953962,12.1637653219986,0.0615792654950305,0.804017036585713,0.985986440984058
YPEL5,-0.10580586415557,7.39844718455868,0.0614145056151401,0.80427406503382,0.985986440984058
SNRNP25,0.150325792952791,4.78546991822425,0.061338510140029,0.804392742699445,0.985986440984058
MRM3,-0.190920060789036,4.22275257458252,0.0613306314026971,0.8044050509234,0.985986440984058
TPRA1,-0.18465362792867,4.24080853327369,0.0612638600564921,0.804509395337962,0.985986440984058
STX3,-0.264712569970274,3.97305130748217,0.0610582610972266,0.804831066907499,0.985986440984058
ALG8,-0.148901505699724,4.99865720827649,0.0609480626085386,0.805003715447212,0.985986440984058
MOB1B,0.141581735653945,4.67912595198621,0.060914728749097,0.805055972392882,0.985986440984058
TENT5C,-0.0831715438062281,6.45618206181465,0.0609050430420126,0.805071159361325,0.985986440984058
DHRS7,0.0726742948542002,7.02306641319639,0.0608364520405278,0.805178745171636,0.985986440984058
AGO1,0.135532168330752,4.86385084946403,0.0606747794349651,0.805432585415236,0.985986440984058
ZCCHC2,0.112568103321793,5.81531988535592,0.0604747313419853,0.80574717559397,0.985986440984058
WDR5,0.167502164172417,4.34201484056726,0.0603608897116921,0.805926446234509,0.985986440984058
SLC30A7,-0.107662032363951,5.75627420684449,0.0601552466381357,0.806250734953529,0.985986440984058
NOB1,-0.123223567047844,5.37233649349292,0.0601476638682854,0.806262703823497,0.985986440984058
ELP3,0.148596060158483,4.53428060770911,0.0600968767754484,0.806342888311116,0.985986440984058
ITPK1,0.183132997179515,4.54608166281371,0.060004753648478,0.806488427331527,0.985986440984058
ZFAND2B,-0.0982771406775019,5.78817130958606,0.0598743532917894,0.806694640526825,0.985986440984058
GATAD1,0.110814576576039,5.59864211944424,0.0597577837080472,0.806879183510685,0.985986440984058
ARHGAP30,-0.0514076038700375,7.60700387052045,0.059750465196089,0.80689077591356,0.985986440984058
FLT3LG,0.0785888758859868,7.31225411392775,0.0596491965262889,0.807051261121012,0.985986440984058
ARFGEF2,0.142459859451781,4.87708508382056,0.0596189103003404,0.807099285161043,0.985986440984058
MSL1,-0.100795520794324,6.00288224540214,0.0595111935678254,0.807270193453031,0.985986440984058
HUS1,0.149254079252831,5.11765913902671,0.0594900778412644,0.807303715836928,0.985986440984058
CHFR,-0.0922577201008194,5.67660361433211,0.0594707851426346,0.80733434957402,0.985986440984058
METTL26,-0.0784087384883969,6.82777945279188,0.0593653335870421,0.807501882973768,0.985986440984058
CCND3,0.0728614849797123,6.98115663887617,0.0593201373552859,0.807573735560702,0.985986440984058
MPI,0.170289738104479,4.20740120968977,0.0592958612776755,0.807612341433917,0.985986440984058
MIB1,-0.126963924877347,6.06114855627882,0.0592275581788613,0.807721007735637,0.985986440984058
CASK,-0.101821445095217,5.94357469554106,0.0591390630636983,0.807861897121461,0.985986440984058
WDR18,0.173391383871982,4.78009529071009,0.05910052408605,0.807923288319252,0.985986440984058
CGAS,0.0891046603268531,5.81093694448078,0.0590855348749706,0.807947171316369,0.985986440984058
SPATS2,-0.203999022134348,4.0691539792275,0.0590544301518143,0.807996742136611,0.985986440984058
PYCR2,0.112733076410931,5.74191218449494,0.0590450777491007,0.808011649530547,0.985986440984058
ACO2,-0.143244683451014,5.47895316779259,0.058977075978472,0.80812007952688,0.985986440984058
RGL4,-0.155655257391239,5.90673253529886,0.0589001181381974,0.808242870010667,0.985986440984058
SLC33A1,-0.126255421426936,5.16975588094783,0.0588890898746861,0.808260473171104,0.985986440984058
PPP6R1,0.0773117488509687,6.29383265727065,0.0586702224110614,0.808610188046625,0.985986440984058
BICD2,-0.122450436206201,5.02546546310966,0.0585604557512021,0.808785837484551,0.985986440984058
ICMT,0.177845039451187,4.59270171637598,0.0584972840560027,0.808887004319141,0.985986440984058
DHRS12,-0.183971925236986,4.54898896087865,0.0584903433332187,0.808898123121891,0.985986440984058
SPHK2,-0.190576371273152,4.29274530376182,0.0583063619418915,0.809193110046022,0.985986440984058
TMEM120B,0.0713482513733817,6.42329110496765,0.0582875875031501,0.809223239758951,0.985986440984058
AGL,0.155973614454559,5.05358688644173,0.0581904710730186,0.809379176806305,0.985986440984058
MIER1,0.0590052457679287,7.58703104891377,0.0579733901533945,0.8097282359853,0.985986440984058
C15orf39,-0.231538357409606,3.94048125755465,0.0579449816779309,0.809773967036191,0.985986440984058
ERAL1,-0.207487241037521,4.17937014302687,0.0579259768381775,0.809804567037703,0.985986440984058
LIMD1,-0.141824590136365,4.65783958190816,0.0577390441075245,0.810105833904397,0.985986440984058
ROMO1,-0.046499978995787,7.62977973886177,0.0577303923244568,0.810119789880838,0.985986440984058
RAB3GAP1,-0.0922302663414219,5.8807794317712,0.0576848900282609,0.810193206718066,0.985986440984058
CYTIP,-0.0658236329459267,7.63688105293499,0.0571281343680958,0.811094009641666,0.985986440984058
MXD1,-0.149376728792891,4.80897020904253,0.0571217100925132,0.811104430821694,0.985986440984058
PTPRN2,0.166755611781215,4.65196809193098,0.0570809136255228,0.811170623536301,0.985986440984058
AP3B1,0.0856570368451062,5.91377463730236,0.0570150284238835,0.811277575817742,0.985986440984058
MAP3K14,0.138873543351263,4.93101291608564,0.0569734418761652,0.811345117416525,0.985986440984058
EIF2B2,-0.13787336056141,4.82771336533091,0.0569269653608853,0.811420631753409,0.985986440984058
LMF2,-0.118713246656732,5.66254335951307,0.0567367259488698,0.811730069977664,0.985986440984058
SLC27A4,0.210667702480316,3.98420819073489,0.0566662869634875,0.811844783153885,0.985986440984058
ZSCAN30,-0.16618995784631,3.94683800097495,0.0566300149869612,0.811903883147535,0.985986440984058
FEM1A,0.147553084975442,4.53478870869255,0.0566295389225946,0.81190465895922,0.985986440984058
RSF1,0.0551654669395708,7.25912125820872,0.0565943626114329,0.811961993082576,0.985986440984058
GPX4,0.0615369362776182,8.40005190213724,0.0565604717164057,0.812017249906717,0.985986440984058
CDK11A,-0.0911466493304251,6.15088447728424,0.0565594381788444,0.812018935294978,0.985986440984058
RABAC1,0.0608497748846409,7.9322854245731,0.0565532557369313,0.81202901733416,0.985986440984058
CUTC,0.119460704948818,5.16346807454656,0.0565284248553013,0.812069516249453,0.985986440984058
TENT4A,-0.126221808895481,4.95671464626847,0.0564862248909464,0.812138365524906,0.985986440984058
CYP2R1,-0.176012125689113,4.32158607323925,0.056414557027594,0.812255353984293,0.985986440984058
SDF4,-0.071154046353059,7.15126766633749,0.0563842775267069,0.812304804917961,0.985986440984058
CUL9,-0.149909699389968,4.61160082722336,0.0563381798068541,0.812380116298397,0.985986440984058
FBXL3,0.101935898051779,5.63646004403689,0.0563109711269334,0.812424583300517,0.985986440984058
ICOS,0.082211783005516,7.30479080794144,0.0561747509665374,0.812647377998437,0.985986440984058
PDE4D,-0.110654872981998,6.80591594142383,0.0561206353645183,0.812735965876153,0.985986440984058
TBCB,0.0612476916588435,7.36432154151629,0.0559476192061581,0.813019498412323,0.985986440984058
RMND1,-0.116781825300367,5.00783958392716,0.0559223284716595,0.813060982702766,0.985986440984058
DHX36,-0.0601517336450613,7.41908559622869,0.0558405155707415,0.813195247965794,0.985986440984058
CHP1,0.110473514539296,5.39627147871122,0.0558224107867424,0.813224974225116,0.985986440984058
TNPO3,-0.106469578488883,5.60004091208894,0.0557623519112838,0.813323621403464,0.985986440984058
NUDT16,-0.155949922491623,4.57600052471644,0.0557477123660171,0.813347675473273,0.985986440984058
IER3,-0.155839854540959,4.78352883983161,0.0556876844595671,0.813446341525228,0.985986440984058
PCED1A,-0.159828075168352,4.03530991898598,0.0556538716198958,0.813501943384593,0.985986440984058
SLC5A3,0.116054930107479,6.17245895678393,0.0555592110674485,0.813657698167802,0.985986440984058
TOM1,-0.139960383696741,4.90784406683677,0.0554819029342202,0.813785005153873,0.985986440984058
PPP2R5A,-0.0814003295131103,6.08624720891289,0.0554700491102214,0.813804533686433,0.985986440984058
ZNF33A,0.0893646462465413,6.14118623984283,0.0554683865378109,0.813807272860469,0.985986440984058
CTPS1,-0.173836209984216,4.25927574360788,0.0553847332531667,0.813945151950751,0.985986440984058
AMD1,-0.0536704336337131,7.08031554883909,0.0551264276416852,0.814371591568168,0.985986440984058
HBS1L,-0.114074078959402,5.77626832938766,0.0551239005663078,0.814375768746697,0.985986440984058
KBTBD8,-0.190084626461179,3.92851237395154,0.0550891922518932,0.814433150757487,0.985986440984058
HAT1,0.0970169269065483,5.65659643326145,0.0550407650865843,0.814513245531279,0.985986440984058
EIF3M,-0.0482120751209159,7.49151409960336,0.0550324738145083,0.814526962378696,0.985986440984058
RCAN3,0.0509472728531261,7.4631186887159,0.0550161614607401,0.81455395226077,0.985986440984058
EIF3K,-0.0450429328080842,8.70214447054893,0.0549822396421433,0.814610091701974,0.985986440984058
KEAP1,-0.141564631354706,4.81063499038882,0.0548885250857651,0.814765281089074,0.985986440984058
AUH,0.153519602707804,4.36115104150083,0.0548633353900758,0.814807018536518,0.985986440984058
MSANTD2,-0.19847287948003,4.01011646116416,0.0548485833149499,0.814831466317975,0.985986440984058
SLC35D1,0.124083810939397,4.99635738366506,0.0545943920569556,0.815253269073089,0.986357231433036
C4orf33,-0.177118318764895,4.09745405650975,0.0544665001179894,0.815465883462649,0.986373854790658
HIPK1,0.0711464508947987,6.85612467514314,0.0543837955431581,0.815603516138127,0.986373854790658
SETD6,-0.185999228145982,4.01469696157841,0.0543780117584678,0.81561314534041,0.986373854790658
FYTTD1,-0.0744392704512884,6.37520060908721,0.0542208821414434,0.815874951317563,0.986484266193546
FBXL4,-0.153689254599376,4.57160229588427,0.0541847407336036,0.815935225904148,0.986484266193546
RAB14,-0.0673606790060631,6.89415144785548,0.0539608516443142,0.816309088540608,0.986715601671502
PNRC1,0.0651956352972052,9.0381274164706,0.0539319028091008,0.816357488579939,0.986715601671502
ASB2,-0.130790985126453,4.84593889329196,0.0538629522805643,0.816472823280408,0.986715601671502
SEC11A,-0.0499876199655853,7.8862891744363,0.0536739175641987,0.816789424398884,0.986779303624949
NEURL4,0.213346109093079,3.771529076025,0.0536487284607681,0.816831656207648,0.986779303624949
C11orf58,-0.0390493777523906,8.13937675692048,0.0536247826069509,0.816871813282696,0.986779303624949
MTAP,0.113175760829801,4.90963687883435,0.0534269055527421,0.817204014288335,0.987041130001551
RNF20,0.102109254533902,5.37686822552373,0.0532472069449561,0.817506258798999,0.987266705251115
ZNF101,0.0842499943328548,5.86354452703005,0.0531076965359283,0.817741279261535,0.987411044690235
TMEM135,0.156939092392205,4.23984339478709,0.0528843618441677,0.818118188600415,0.987726647979798
THEM6,-0.148544048178673,4.62891261356437,0.0528141248072842,0.818236896827279,0.98773047599215
CDC37L1,0.119970216132729,5.19568434751078,0.05264850841181,0.818517135950396,0.987929266587595
POMGNT1,0.12161201612563,4.92966130471798,0.0524778256492766,0.818806433775402,0.988033492058691
POLR1E,0.14442558427818,4.79107646618723,0.0524263763641635,0.818893734560739,0.988033492058691
KMT2E-AS1,0.0899604244568225,5.77553284280047,0.0523222548347615,0.819070549331166,0.988033492058691
ANKMY2,0.151870393017524,4.14377773844993,0.0522723219949874,0.819155408846475,0.988033492058691
RPS21,-0.0344119866781911,11.5401429422168,0.0522570606647221,0.819181353574921,0.988033492058691
DCAF7,0.0799193533026481,6.48618140959058,0.0520325113421301,0.819563556084683,0.988164686553385
DAPK2,-0.195384368422228,4.65226567187497,0.0519129452239753,0.819767422073277,0.988164686553385
MYO9A,-0.106328331300876,5.11888739635523,0.0518870215254221,0.819811655795311,0.988164686553385
ATP5MC3,-0.0396094725309987,8.21922552785218,0.0518759095823871,0.819830619711964,0.988164686553385
MDM1,-0.130415056899431,4.97598438665014,0.0518539697881479,0.819868068981537,0.988164686553385
PSMD13,-0.0865026042508437,6.72314363083867,0.0517665039157471,0.820017448308813,0.988205408174801
RAB11A,0.0642826116291374,6.85235932034589,0.0516232399079364,0.820262409981861,0.98836128864481
LMAN2,-0.0682789286779458,7.1304567522983,0.0514576340135413,0.820546019034801,0.988415184142152
SRI,-0.0573591640233295,7.29095819186294,0.0513098085785462,0.820799583702451,0.988415184142152
CIZ1,0.122256464133354,4.95812387604685,0.0512686945020846,0.820870174829178,0.988415184142152
ZFYVE19,0.171635365076475,4.44248061775931,0.0511321799996551,0.821104778113421,0.988415184142152
NAXD,0.172519859535837,4.25238831841913,0.051118636657602,0.821128070595919,0.988415184142152
SHLD2,-0.130720411064749,5.13234166755491,0.051013525758691,0.82130895567793,0.988415184142152
SPNS3,0.158369275297494,4.55055206015245,0.0509928383488827,0.821344579650641,0.988415184142152
PSMC4,-0.0686901570419827,6.51519378136502,0.050979394006287,0.821367735044772,0.988415184142152
WDR33,0.0765916797513751,6.41990145406945,0.0509367110068162,0.821441269892133,0.988415184142152
CYTOR,0.0579139286294392,8.14678823670443,0.0507868344998226,0.821699735944932,0.988415184142152
TOR2A,-0.124600714694125,4.83354544163962,0.0507706712473102,0.821727633834047,0.988415184142152
ZBTB40,-0.18713424319544,4.87084942754416,0.0507570444310304,0.821751157441645,0.988415184142152
SATB1-AS1,0.0254305854372715,3.69106974011015,0.0506059525051601,0.822012206046494,0.988415184142152
COLGALT1,0.136808385902827,4.8213035316001,0.0505360913298993,0.822133046892546,0.988415184142152
LYPLAL1,0.125842355165944,4.73821356976582,0.0504493064739844,0.822283283376593,0.988415184142152
TEFM,-0.12642904810201,4.87973118221871,0.0504385196028512,0.82230196641111,0.988415184142152
TMPO,-0.0738578658978385,6.93998902003903,0.0502925363991054,0.822555018334813,0.988415184142152
NFYB,-0.08699486587495,5.67221865020153,0.0502088432540706,0.822700268682375,0.988415184142152
PTPRA,0.0601801030585438,7.1398303566056,0.0501473412863547,0.822807087063235,0.988415184142152
MYO19,-0.155961814787342,4.56332405290876,0.0501316361656343,0.822834375191265,0.988415184142152
TMEM140,0.154576219578713,4.78659130787002,0.0501282924447004,0.822840185588292,0.988415184142152
LINC00339,0.149358800217582,4.1575353219261,0.0500982900203724,0.822892330026617,0.988415184142152
ALKBH8,0.184662161428021,4.08159507536254,0.0499678520748237,0.823119222969093,0.988415184142152
IL23R,0.188577116046764,4.61723201169396,0.0499455266654865,0.823158088510043,0.988415184142152
TOMM22,-0.0674536445977862,6.5058722551346,0.0499228470811399,0.823197579961648,0.988415184142152
TNF,0.152504994632741,6.25661675684058,0.0497066806483808,0.823574459369886,0.988728837684757
PSMB10,0.0922831116643677,7.16762695365829,0.0494403585829595,0.824039968272494,0.988931040121758
RABL2B,0.147127384356021,4.72295514944668,0.0494326539917651,0.824053454819785,0.988931040121758
GTF3C2,-0.138876661686769,4.59040063402134,0.049411825077609,0.824089920438344,0.988931040121758
HELQ,-0.160284510933661,4.57229914945455,0.0491681892106115,0.824517059218016,0.989258588099774
IPO9,0.10540916028091,5.12449084167923,0.0490997272450855,0.824637285461306,0.989258588099774
H6PD,0.135162323753218,4.82398289310362,0.0490583336195218,0.824710019579727,0.989258588099774
ADAM19,-0.0965058842901271,7.24774933590733,0.0489305915783866,0.824934682552308,0.989292881081461
VAMP1,0.120428447639061,4.96306537315701,0.0488944420710027,0.824998315381617,0.989292881081461
ADIPOR1,-0.092790677078754,5.48413341215787,0.0487251231093264,0.825296691104997,0.989292881081461
FRY,0.159690649117058,3.9602265801188,0.0487106135899609,0.825322285213344,0.989292881081461
CAAP1,-0.116703122947854,5.14932339925519,0.0486281513913305,0.825467820624058,0.989292881081461
HGS,0.11487823665442,5.36290070689735,0.048614749363372,0.825491485738981,0.989292881081461
ODF2L,-0.052617436116558,7.28621774573054,0.0485776761377075,0.825556966950019,0.989292881081461
PPP1R15B,-0.0814841527478798,6.06358896443701,0.0485168998153753,0.825664370863987,0.989292881081461
RNF185,0.158052041110574,4.17104979526257,0.0484446234105356,0.825792189582267,0.989302520994379
MZB1,-0.214738190233745,4.45477374311621,0.0482754104378493,0.826091829332391,0.989302520994379
ZNF550,-0.181933530487257,3.93058435742439,0.0482354851292488,0.826162608694576,0.989302520994379
SRP14,0.0242189600317021,9.61780172055934,0.0482217170653225,0.826187023760459,0.989302520994379
PPP2R3B,0.271842163291256,4.17366242783762,0.0480459961309769,0.826498953147949,0.989302520994379
SNRPC,0.067848772817319,6.59264761604266,0.0480329986712746,0.82652204919601,0.989302520994379
HS1BP3,0.145547216833284,4.32778175789137,0.0479832324611245,0.826610512364525,0.989302520994379
FTSJ3,-0.116322083382147,5.13745703522421,0.0479654787144401,0.82664208261393,0.989302520994379
KIAA1586,-0.125653317939147,4.50192486174308,0.0479250993506817,0.82671390922726,0.989302520994379
RRP7A,-0.121131424006438,5.93405618548659,0.0476664809747689,0.827174692080189,0.989614406704144
RAB5C,-0.0699858546767596,6.52921875117033,0.0476138426863706,0.827268638513863,0.989614406704144
TBRG4,0.134610484527601,4.85960912895956,0.047584063423594,0.827321811289568,0.989614406704144
MRPS25,0.116684439967982,5.23965424911208,0.0473830713081718,0.827681152265248,0.989766633631094
SLF1,-0.0825624253140478,6.31074123161611,0.0473772594249091,0.82769155482431,0.989766633631094
SLC35C1,-0.129975967494504,4.30246954674012,0.0472742539813531,0.827876032945925,0.989766633631094
DHX29,0.0904989343924918,5.9834212251355,0.0472381512097311,0.827940741195852,0.989766633631094
AGO3,-0.0888638171163517,6.12378541819744,0.0471813948396935,0.828042519982567,0.989766633631094
LMBR1L,0.112193023348268,5.08383031987897,0.0471249922015087,0.828143727963881,0.989766633631094
FNBP4,0.0608725143906488,6.98610601626154,0.0467250439410449,0.828863215099229,0.990078026190135
CHID1,-0.10781257847365,5.02698299145938,0.0467183765398982,0.828875236685992,0.990078026190135
ATG4A,0.194489828277219,4.25353367788255,0.046712746390611,0.828885388766074,0.990078026190135
MRPL48,0.101945928384231,5.23721694410677,0.0466677763967205,0.828966500015877,0.990078026190135
TRABD,-0.0623872316038556,6.59739741523255,0.0466000032611795,0.829088818033103,0.990078026190135
IL18R1,0.100563772038831,5.85217801166418,0.046528976658724,0.829217107902643,0.990078026190135
BCAS3,-0.155090703445206,4.54705772370911,0.0464190722362261,0.829415821902601,0.990078026190135
GOPC,-0.0765242641286123,5.95538709064409,0.0464008382330405,0.829448813908847,0.990078026190135
FBXO11,0.0764444257118486,5.76581334411167,0.0462613220595527,0.829701474710788,0.990078026190135
BMPR2,-0.131147098016047,4.930426015273,0.0461674305925754,0.829871734611443,0.990078026190135
TAF5L,0.144240642851939,4.41024284678957,0.0461657023468263,0.82987487025604,0.990078026190135
C1orf35,-0.0956276620691842,5.55997888042108,0.0461519661997443,0.82989979463351,0.990078026190135
PANK2,0.0844629916420106,5.47197255460955,0.0460510732398749,0.830082984968601,0.990078026190135
RIF1,-0.0611576910115193,6.65207253702372,0.0459792977007449,0.830213434914763,0.990078026190135
FDXR,0.21863584011419,4.10070607901865,0.045854238479226,0.830440981087404,0.990078026190135
HDAC2,-0.0870489744590519,5.90068036735921,0.0457447144578609,0.83064052755323,0.990078026190135
TPP2,-0.0900996462471471,5.84837595667562,0.045653066037751,0.830807697763998,0.990078026190135
MRPL40,0.117480387904164,5.34208455501618,0.0455153453986625,0.831059235728676,0.990078026190135
ATPAF2,-0.190684205560403,4.140493392769,0.0454321999293121,0.831211288277456,0.990078026190135
ZNF821,-0.133760572358307,4.41357431800241,0.0454197249939838,0.831234114401787,0.990078026190135
GLTP,-0.0781861873980734,5.95420805608026,0.0452543972063362,0.831536934437424,0.990078026190135
HDLBP,-0.0651717529985961,6.21604671873992,0.0451896428612582,0.831655698267217,0.990078026190135
SBF2,-0.177800515247145,4.00456539145199,0.0451827612776761,0.83166832478155,0.990078026190135
TMEM59,-0.0379085769350163,7.84224720848064,0.0451639638857682,0.831702819863705,0.990078026190135
KIAA1143,0.0788155568383604,5.70693574486777,0.0449813069375065,0.83203840492397,0.990078026190135
TBCEL,0.183205732621998,3.79720005483282,0.0449514927264261,0.832093248404081,0.990078026190135
UCK1,-0.404452163411694,4.23633476384948,0.0449459395675813,0.832103465583664,0.990078026190135
SPINT2,0.116245635409916,5.18270993401489,0.0448973713982053,0.832192853605549,0.990078026190135
KDSR,-0.0820115729720758,6.76125440535491,0.0446866829096955,0.832581204543816,0.990078026190135
FAM219A,0.176038991958996,3.80367933202701,0.0445718995115119,0.832793181237559,0.990078026190135
OSTF1,-0.0587216624125798,7.63453521519855,0.0445330744871093,0.832864946022562,0.990078026190135
ARL3,-0.0844636104758268,6.02454255654561,0.044506345441377,0.832914371403991,0.990078026190135
LTO1,-0.329449528952769,4.2670024706689,0.0445053726530489,0.832916170504798,0.990078026190135
ITGB1,-0.0729256350015984,9.17486675056968,0.0443559546317687,0.833192752438518,0.990078026190135
ERCC6L2,0.0991068029731305,5.32039146921897,0.0443301966487386,0.83324048118632,0.990078026190135
GOLGA8A,-0.107998708195562,6.16980567243963,0.0443217532313334,0.83325612972956,0.990078026190135
LINC02591,0.136986191061413,4.18066385580465,0.0443190339891935,0.833261169747615,0.990078026190135
MYBBP1A,-0.145131113296882,4.22458932841773,0.0442603822749526,0.833369917929081,0.990078026190135
ACYP2,-0.117104611422314,5.33129514347176,0.0441997511722843,0.833482415287422,0.990078026190135
CWC15,0.0685970773114787,6.77140894993893,0.0439533020306619,0.833940518181036,0.990078026190135
CDKAL1,0.145522836030143,4.59222532207492,0.043744151428875,0.83433034290392,0.990078026190135
TNFSF12,0.0729485219231415,6.90318869304449,0.0437398179933979,0.834338430039181,0.990078026190135
AP1AR,-0.116515120299608,5.16953842948798,0.0437265283989525,0.834363233927205,0.990078026190135
UBQLN2,0.112708143724083,5.23182260540483,0.0436812849338786,0.834447706481567,0.990078026190135
MAN2B1,0.102595276951762,5.45558131735521,0.0436764740275848,0.834456691448256,0.990078026190135
UBXN7,0.0860998318677542,5.92604842546407,0.0436564463915481,0.834494101104195,0.990078026190135
PGAM5,-0.141006593105474,4.55035649340157,0.0435489125698041,0.834695117018184,0.990078026190135
BATF3,0.134930703330601,4.45058489745703,0.0435381556949324,0.834715239381576,0.990078026190135
CPOX,-0.127360419437717,4.21076905428073,0.043428626231762,0.834920278682777,0.990078026190135
CARD8,-0.067092321869733,6.90248152354727,0.0433969965084664,0.834979539759508,0.990078026190135
MAGED2,0.0816167914100428,5.81956056128639,0.0432057611490331,0.835338317009766,0.990078026190135
DOK1,-0.167802955999136,4.39231621155156,0.0430824288258105,0.83557014068651,0.990078026190135
SND1,-0.0873912048929936,5.53415943432703,0.043041128376764,0.835647849114602,0.990078026190135
SYAP1,-0.0663306562305198,6.31899382476648,0.0430386693301692,0.835652477134394,0.990078026190135
PYGO2,-0.0945587941230459,5.16060046141174,0.0430208811879957,0.835685959206262,0.990078026190135
SLC25A11,0.0842525210412745,5.78511032070422,0.042874113589102,0.835962491309425,0.990078026190135
NUP93,0.138703946931031,4.54734039215004,0.0428696570860367,0.835970895743457,0.990078026190135
IMPA1,-0.0766838165330305,5.48882069153684,0.0427250831501986,0.836243792489549,0.990078026190135
YY1,0.047619599194191,7.54568151192945,0.0426870247239215,0.83631571133042,0.990078026190135
ADO,-0.133832069109424,4.66380109794216,0.0426235306262051,0.836435770294072,0.990078026190135
MEA1,-0.0886327932237742,5.74050543254357,0.0426233901790454,0.836436035964434,0.990078026190135
ARRDC2,0.094773698777011,5.61774289756785,0.0425420279361095,0.836590017862187,0.990078026190135
TNRC6B,-0.0464732286465149,8.02250891020395,0.0424676956177201,0.836730829538748,0.990078026190135
ERP29,0.0356711439122131,8.10656760648693,0.0423889219099465,0.83688019505733,0.990078026190135
LRRC42,0.255538866153192,4.00885791127112,0.0423572608969138,0.836940269341605,0.990078026190135
AKIRIN1,-0.0582022501338013,6.53048948468111,0.0423338362684564,0.83698473079759,0.990078026190135
ICE2,-0.0819512237812426,5.89771023837497,0.0422892418611518,0.837069409312368,0.990078026190135
SCAF1,-0.109749404405183,4.95212787779351,0.042286256915105,0.837075078966906,0.990078026190135
CD46,0.0463244868833542,7.0792590297436,0.0422836080044897,0.837080110525014,0.990078026190135
NLRC5,-0.0990175295313002,6.11891117521357,0.0422819959388896,0.837083172695054,0.990078026190135
CRKL,-0.0973641376195851,5.06897545236458,0.0422751448622343,0.837096187212538,0.990078026190135
USP9X,0.0808264846047683,6.18783948053161,0.0422149970823931,0.837210493013951,0.990078026190135
IL6R,-0.127939635437365,5.76920949910537,0.0422064516991831,0.837226739680405,0.990078026190135
CPEB2,0.125813549634196,4.47159662700862,0.0421477104727703,0.837338466183324,0.990078026190135
ZNF318,-0.121905831493224,4.40289487383411,0.0421275957842475,0.83737674320463,0.990078026190135
CMTM8,-0.162957319961391,4.91817445513961,0.0421117261111235,0.837406948942403,0.990078026190135
MPP7,-0.141287803540092,4.66934332409909,0.0420142797131469,0.837592554907249,0.990078026190135
INSIG1,0.0889427031136093,5.70682343564431,0.0417757096902669,0.838047907630516,0.990078026190135
PPP1R2,-0.0486596184219943,7.68701403205206,0.0417316526000846,0.838132146360307,0.990078026190135
ATP6V1E2,-0.144310963665936,4.07478245315685,0.0417099980770104,0.838173567561113,0.990078026190135
CDC26,0.0748701078892154,6.58612497364627,0.0416368642258611,0.838313542295508,0.990078026190135
TXNIP,0.0713960746219,10.0906092960174,0.0416264160499367,0.838333550060935,0.990078026190135
GPR180,-0.16837422848836,4.34446331963016,0.0416191766355283,0.838347414732993,0.990078026190135
RABEP1,-0.0827838381420834,5.96449900218515,0.0415944735536744,0.838394734665038,0.990078026190135
TGFBR3,0.107048125286245,4.68123348581035,0.0415542103166899,0.838471892195812,0.990078026190135
LRRC57,0.110833498681183,4.81675230069969,0.0414967350907922,0.838582101013957,0.990078026190135
TTC33,-0.132963859931356,4.6537154514167,0.0414475766587721,0.838676425454306,0.990078026190135
MOB3A,-0.0754128094602367,6.1529417316487,0.0413985659243572,0.838770524504959,0.990078026190135
MZT2B,-0.0318086877839423,8.31183078623901,0.0413717092619397,0.838822113045506,0.990078026190135
ZNF330,0.0773251682341084,5.49158966848472,0.0413689756182798,0.838827365036279,0.990078026190135
IVNS1ABP,0.0934982764156355,7.47925026213957,0.0411365421334828,0.839274588705383,0.990190290725847
COA6,-0.0883524116788055,6.16587111499102,0.0411215043314499,0.839303568091351,0.990190290725847
LAX1,0.0903253119399089,5.46214219730667,0.0410990270163261,0.839346894469093,0.990190290725847
GDPD5,0.248109648193611,4.04585194452492,0.041062650438203,0.839417038654885,0.990190290725847
BNIP3L,0.0727779098141088,5.90436754630515,0.0410102278345068,0.839518180970445,0.990190290725847
PYROXD1,-0.0931992997706805,5.59809164349314,0.040958819905919,0.839617430982765,0.990190290725847
PRMT7,-0.119901972845843,4.62519605261815,0.0408468569425171,0.839833815355696,0.990303077214504
SRSF7,0.0514698927150452,8.55250918508399,0.0407895216014644,0.839944743581982,0.990303077214504
LRIF1,-0.118624807752458,5.14875042719518,0.0406591378371495,0.840197303004506,0.990420679737461
MNAT1,-0.100842235661518,5.12207671450926,0.040618454432618,0.84027619489248,0.990420679737461
CDC5L,-0.0601868442946319,6.5031310048726,0.0403075865089519,0.840880381673046,0.990996192848479
PCGF3,-0.114735417396368,4.5294451507184,0.0402377298558996,0.841016484653964,0.991019976196655
PIGH,0.112642870157971,4.8976216193789,0.0399661243502703,0.841546829838756,0.991339841397236
GOSR1,-0.0796178675717992,5.65762645923214,0.0398927999325842,0.841690326379883,0.991339841397236
RPL36A,-0.0440671825821237,10.7881201618095,0.0398680304334675,0.841738831494824,0.991339841397236
HLA-DPB1,0.0877274302443175,6.49387524796151,0.0398519956337609,0.841770240154041,0.991339841397236
LYL1,0.169956693106044,4.06766883576485,0.0396777290451738,0.842112014838741,0.991339841397236
L3MBTL3,0.113409685460223,5.05052813717084,0.0395761799743468,0.842311534582927,0.991339841397236
MANBAL,-0.161918646106141,4.16729148015658,0.039538887494146,0.842384872223414,0.991339841397236
ARF3,-0.0734642564489755,6.12501026981408,0.0395003021427316,0.84246079021782,0.991339841397236
NUDT21,0.0709576519658498,6.20008908691394,0.0393603760928176,0.842736423318169,0.991339841397236
PPT1,-0.0845910847730451,5.6155064143309,0.0393432764963126,0.842770141825769,0.991339841397236
ARHGAP27,0.128000793065155,4.61885580573726,0.0393355169627405,0.842785445277341,0.991339841397236
DNASE1L1,0.190812659910475,3.8618055018074,0.0393345866865324,0.842787280085313,0.991339841397236
NPC2,0.0776764769855313,5.96085478497036,0.0392125939665462,0.843028085174051,0.991339841397236
ZNF706,-0.0548395320620957,7.58633088122156,0.0391846571831174,0.843083285187151,0.991339841397236
DUSP1,0.0884080277102756,8.70342523351049,0.0391796961445081,0.843093089791934,0.991339841397236
DEF6,0.0722943777100052,6.72139509684419,0.0390714046424954,0.843307269496267,0.991339841397236
BUD23,-0.0673327690149038,6.15784702142303,0.0390602771107975,0.843329295072493,0.991339841397236
NUP50-DT,0.179748397561385,4.15150388188073,0.0389854190257468,0.843477552221713,0.991339841397236
IL15RA,0.172203201455686,4.22694467781486,0.0389785472246587,0.843491169297403,0.991339841397236
PPP2R2D,-0.0880615168289151,5.70724116823295,0.0389113673287191,0.843624357889513,0.991360087367347
YPEL3,0.0585113539918993,7.67983682334585,0.0388217701079494,0.843802176335094,0.991432766009994
ST7L,0.132106600664076,4.392270790004,0.0386534947278587,0.844136719839528,0.991689544854765
CPPED1,-0.118130357144499,4.94654429968495,0.0385170276494957,0.844408581977928,0.99175419127059
RGS1,-0.0970792520077577,8.49573457411391,0.0384317181148752,0.844578785024023,0.99175419127059
PDE4DIP,-0.0689807468075852,6.16009133312815,0.038287113175377,0.844867738390894,0.99175419127059
ITGAV,0.162594314259513,4.31162258997126,0.0382451982979397,0.84495159966872,0.99175419127059
DUSP11,0.103070220236007,5.22238515809227,0.0382451381026119,0.844951720138948,0.99175419127059
SRSF3,-0.0432172901328709,8.4477860925272,0.0381989290929496,0.845044228298982,0.99175419127059
DNAJB11,-0.0797156339211239,5.76816569450496,0.0381486621787541,0.845144926174687,0.99175419127059
KDM2A,0.0677926511298752,6.65953049499316,0.0380867152528701,0.845269116976631,0.99175419127059
TOP1MT,0.153285921055231,4.10644918799005,0.0379114441655091,0.845621068385754,0.99175419127059
SLC25A17,-0.147246005784639,4.32485709840982,0.0379091027874452,0.845625775676692,0.99175419127059
SPAST,0.0891711504008883,5.24321826330517,0.0378870405319702,0.845670138784425,0.99175419127059
C1orf174,0.0946845521221516,5.13322364095523,0.0378158967966655,0.845813287042944,0.99175419127059
DOCK8,0.0399566270095157,7.73840825490025,0.037756881643233,0.845932137466372,0.99175419127059
LENG8-AS1,-0.157248489195134,4.12855027683089,0.0377184535251587,0.846009579551705,0.99175419127059
SNRPF,0.0534797034244609,7.56122269394041,0.0376233098709449,0.846201493686103,0.99175419127059
IQGAP2,-0.0618288124721159,6.92717060380018,0.037465528964864,0.846520309161375,0.99175419127059
USP42,-0.128425481115535,4.8455799866284,0.0374493465750145,0.846553046993348,0.99175419127059
TRADD,0.0556503060160028,7.09249866837618,0.0373373483956989,0.84677982666306,0.99175419127059
TULP3,-0.192343719751389,3.8540375952242,0.0372265736871373,0.847004476317899,0.99175419127059
MRPL52,-0.0496726402700281,7.06220664615397,0.0371716751257338,0.84711593836479,0.99175419127059
TULP4,-0.0866904780513544,5.71500820663157,0.0371010699594336,0.84725941553272,0.99175419127059
SLC35B2,-0.132514760669717,4.43032830360773,0.036997314991428,0.847470513753326,0.99175419127059
ITFG1,-0.0961945154056018,5.27468831228101,0.0369880171039494,0.847489446066572,0.99175419127059
EIF4EBP2,0.0653244052621577,6.2338757791554,0.0369523686484268,0.847562056154706,0.99175419127059
ZNF880,0.111005170875478,4.74236181452511,0.0367904740963194,0.847892266823916,0.99175419127059
DPEP2,0.265437360369604,3.9842496410889,0.03676877101862,0.847936591050703,0.99175419127059
DMAC2,0.111021750459494,4.76307921884715,0.0367602584423938,0.847953980000295,0.99175419127059
DCAKD,-0.13930445479038,4.09003757036938,0.0367119865812988,0.848052626192964,0.99175419127059
AUTS2,-0.133831107544305,5.39804339536461,0.0366882336277321,0.848101191336894,0.99175419127059
SERINC5,0.0867854401658297,6.29628517151726,0.0365920671987645,0.848297979385621,0.99175419127059
MBNL1-AS1,0.196576421761332,4.10727835371304,0.036547381230708,0.848389512744632,0.99175419127059
PSME4,-0.075866199168604,5.88766662081672,0.0365402117872478,0.848404203810096,0.99175419127059
BRD2,-0.0486773818277654,7.12281154894749,0.0364867179672999,0.848513866371585,0.99175419127059
RGS19,0.066584928379503,6.58737950799443,0.0364414179967696,0.848606796679524,0.99175419127059
PRKX,0.0738223106647723,6.66196894494769,0.0363988893678986,0.848694096237167,0.99175419127059
LCORL,0.100556967216604,4.88804335229569,0.0363466797761447,0.848801340450226,0.99175419127059
ZBTB25,0.0870601031911752,5.94281234967976,0.0363246981545124,0.848846516983864,0.99175419127059
HDAC7,-0.0706542454711085,6.22739326094351,0.0362886203907742,0.848920694562749,0.99175419127059
RUNX2,0.0766430322406552,5.70149322177107,0.0361900497927508,0.849123555383422,0.99175419127059
TRAT1,0.0597903090266182,6.84637622405931,0.0361766210573897,0.849151214211351,0.99175419127059
GPR18,0.128313661644171,4.55597378107916,0.0360668670304456,0.849377471493205,0.99175419127059
S1PR1,-0.112322631452768,4.66890532566876,0.036017125648435,0.849480130510022,0.99175419127059
SRSF10,-0.057918005254151,7.35018946001657,0.0360136162406821,0.849487376192738,0.99175419127059
PAXIP1-AS2,0.145113649918506,4.36670377093264,0.0359971255039238,0.849521428615499,0.99175419127059
SYNJ2BP,-0.118843995102528,5.22412697983498,0.0359919231152723,0.849532172925463,0.99175419127059
ANP32A,0.04860733057654,7.44808313118958,0.03598301527588,0.849550571840423,0.99175419127059
WNT10A,-0.16556406785257,3.898875599158,0.0359117236409219,0.849697907972851,0.99175419127059
LRRC23,-0.140487336055019,4.18006066821531,0.0358526677159077,0.849820071722684,0.99175419127059
ZFYVE27,0.0892012505440837,5.03730202443797,0.0357401179742229,0.85005318230277,0.99175419127059
ULK4,0.127234141043121,4.27493151258415,0.0356864782738455,0.850164413450055,0.99175419127059
GLUD1,-0.0910174410691275,6.18698801327271,0.0355511439187275,0.850445437888153,0.99175419127059
HMGXB3,-0.0760997968770516,5.44987722184829,0.0355190190878005,0.850512227039474,0.99175419127059
PMF1,0.0695520046803347,6.37258996507418,0.0354989071058363,0.850554056789813,0.99175419127059
ARFGAP3,0.0660802061823555,6.14038066268739,0.0353988858840193,0.850762267632376,0.99175419127059
MED26,-0.141600812531614,4.160554366851,0.0352858570169978,0.850997922947918,0.99175419127059
SPTAN1,-0.0441656677996141,7.24652026765954,0.0352712260670014,0.851028455748766,0.99175419127059
MGAT1,-0.0643158950328876,6.35188644613672,0.0352336911039437,0.85110681610374,0.99175419127059
GLO1,0.0609469188341794,6.06786854205063,0.0351234563015552,0.8513371993462,0.99175419127059
RAPGEF1,0.0537777592703933,6.56899462018684,0.0351144478397387,0.851356042949427,0.99175419127059
OTUB1,0.0614547578729591,6.47033344906268,0.0351019322425667,0.851382226815876,0.99175419127059
NDFIP2,-0.0724371146301336,5.91359769293833,0.0350877783022519,0.851411844080733,0.99175419127059
GPCPD1,-0.0792977205798456,5.84599004412751,0.0350193630885229,0.851555090867491,0.99175419127059
NDC80,-0.114675957541628,4.1454979462207,0.0349834335193258,0.851630377684437,0.99175419127059
EHMT2,-0.105585545723484,4.95944435270762,0.0349798346773014,0.851637920902061,0.99175419127059
DYNC1I2,0.0497907791562776,7.11591702248882,0.0348264742924247,0.851959740183188,0.99175419127059
RETREG3,0.081557227776382,5.53857629801434,0.0348165515468182,0.851980587814147,0.99175419127059
LRCH3,0.0903618689400236,5.48101174581511,0.0347381919718544,0.852145328935859,0.99175419127059
DROSHA,0.163047173227589,4.32994628407547,0.0346914673090613,0.852243653157733,0.99175419127059
KCTD13,0.109476909729106,4.80512313943283,0.0346818671137257,0.852263863642738,0.99175419127059
RUFY2,-0.107897577056591,5.03276345793747,0.0345751248914024,0.852488774355067,0.99175419127059
KDM7A,0.0737809015363897,5.60787188957965,0.0345523591672468,0.852536789223419,0.99175419127059
PRCC,0.0901335778464123,5.17395261303305,0.0345487803656255,0.852544338711845,0.99175419127059
PPP1R10,0.0540377201912458,6.69719250159369,0.0343506223299688,0.852962986523634,0.992084259336898
MBD6,0.0814018326903776,5.32802389172085,0.0342658928967659,0.853142375262629,0.992084259336898
TMEM39B,-0.167005915528926,4.05355721936953,0.0342499210451237,0.853176216475012,0.992084259336898
CABIN1,0.0864036547483535,5.90729393669608,0.0341478337010912,0.853392712525415,0.992201047107272
PCED1B,-0.0643466001776177,6.09907852068811,0.0340684181098752,0.853561360255558,0.992262179606304
GPR107,0.111649671641434,4.5541650260091,0.0339489909662003,0.853815360036228,0.992422503460193
SNAPC2,0.0996162527551652,5.02160939107795,0.0337612071321374,0.854215678027884,0.992732925455202
RTL8C,-0.116873995736739,4.56219948196777,0.0337148533169547,0.854314672192528,0.992732925455202
NDUFB4,0.035022903368532,7.7396825652349,0.0335590412457485,0.854647944329912,0.992867657155541
ZNF699,-0.138099659021091,4.40911452573707,0.0334873673754608,0.854801518703437,0.992867657155541
CDIP1,0.115396475549423,4.93930907216512,0.0334751310551926,0.854827754225791,0.992867657155541
SDCBP,-0.0591834898637072,6.62466485004773,0.0334436978775763,0.854895171870621,0.992867657155541
FH,-0.111103990159235,4.53789243616329,0.0333653026787513,0.855063456102,0.992928210569954
TMEM116,-0.108818175285873,4.63589294566166,0.0332551088259976,0.855300345545958,0.993068403378024
PRR14L,0.0690494464605239,5.72108554002792,0.0331910609121007,0.855438219054447,0.993093608731187
ACVR1,0.12032676972316,4.47314654048402,0.0331259995362299,0.855578414996468,0.993121503028487
RNASEH2B,0.0502208022204296,6.75122982373485,0.0330431006464949,0.855757253913649,0.993175987903417
SYNJ1,-0.121263851231212,4.52011657871574,0.0329695906494152,0.855916032006653,0.993175987903417
SMAP2,-0.0407282609916427,7.59076353069587,0.0328550328363662,0.856163836362731,0.993175987903417
HLTF,0.123750705685507,4.74360333485629,0.0327404802387612,0.856412076021503,0.993175987903417
GSTK1,0.0343493818195354,8.40683173288224,0.0327266759288065,0.856442020725477,0.993175987903417
RBPJ,-0.0596185220103075,8.89433597215424,0.0327054169145935,0.856488149146279,0.993175987903417
ATN1,0.128815301591293,4.49906540472289,0.032678908688057,0.856545689153079,0.993175987903417
DGLUCY,0.0840664158939351,5.46475924339462,0.0326650118803276,0.856575863848486,0.993175987903417
IPO5,-0.102756164235175,5.16133949137112,0.0325921895852161,0.856734094297974,0.993175987903417
AKAP8L,-0.0765973599453921,5.74365830240054,0.0325652661231928,0.856792640609264,0.993175987903417
SLC16A3,-0.0989700083875768,4.90713725530447,0.0324485945043342,0.857046637674132,0.993175987903417
ARPC5L,0.0388664191193054,7.47173089782028,0.032342698014201,0.857277585474768,0.993175987903417
SRGAP2,-0.109037548646128,4.76239812002203,0.0323309645532142,0.857303198779544,0.993175987903417
GOLPH3,0.0798037027014307,5.99418444568365,0.0322699599425995,0.857436444862129,0.993175987903417
DRG2,-0.0932867608457723,5.2379621160888,0.0320828950908521,0.857845843878014,0.993175987903417
GSTZ1,0.211109687091306,4.06411640164448,0.0320704686288682,0.857873083274558,0.993175987903417
SSU72,0.0398843126233953,7.26476780553426,0.0320583772115963,0.857899593465854,0.993175987903417
MIOS,0.104397356141611,4.53099305406562,0.0320067082182511,0.858012934877404,0.993175987903417
IFFO1,-0.125407027975763,4.52652472865253,0.0319908586103388,0.858047721591782,0.993175987903417
LRRC14,-0.135347135627488,4.36926111367405,0.0317869386488177,0.858496080731262,0.993175987903417
TMEM38B,-0.173370882157783,3.81792497982481,0.0317839043238806,0.858502763494091,0.993175987903417
ANKS1A,0.157238374796935,3.90766741333681,0.0317812038735958,0.858508711211979,0.993175987903417
UFM1,-0.0492754698321031,7.07900766496201,0.0317151659058474,0.858654240479838,0.993175987903417
FLII,-0.0649138894894088,5.99730016236878,0.0316821317881644,0.858727097120567,0.993175987903417
STK17A,0.0400632999862324,8.47381838256672,0.0316588066792267,0.85877856417935,0.993175987903417
FKBP1A,0.0367750579832048,7.44106136189322,0.0316545082975193,0.858788050730679,0.993175987903417
TBRG1,-0.0612364050098231,6.13003445767695,0.0316517216603387,0.858794201208816,0.993175987903417
MRPS11,-0.0647098552967496,5.82110328007627,0.0315850315635853,0.858941478520323,0.993175987903417
TAB2,-0.0487020304127128,6.91647447460229,0.0315186188691321,0.859088302703094,0.993175987903417
WDR7,-0.119553412227103,4.48000819251826,0.0313979636174579,0.859355454348899,0.993175987903417
ZBTB4,-0.0798073793118373,5.4247281179249,0.0313941500890564,0.859363906785669,0.993175987903417
DMWD,-0.142633478029767,4.72292824456066,0.0313182453557062,0.859532254954578,0.993175987903417
JRK,-0.190674285750771,3.94050016459848,0.0312416952147849,0.859702247790141,0.993175987903417
TNIP3,0.127093784268918,5.18340208776195,0.0310384566907942,0.860154618912036,0.993175987903417
TM9SF3,0.0486146454232405,7.03045171230685,0.0309688279577252,0.860309950547311,0.993175987903417
PDK3,0.106381876707511,4.95461541829548,0.0309424070143933,0.860368938963105,0.993175987903417
ANAPC16,-0.040904054938054,8.29924294845464,0.0309298779463827,0.860396920918319,0.993175987903417
NDUFS6,-0.0346523642268984,7.61047607964863,0.030918331021228,0.860422714566306,0.993175987903417
MAF1,0.0512517382306996,6.59849303170142,0.0308643926838528,0.860543268437841,0.993175987903417
FOXK2,0.0855317355780542,5.09740616880293,0.0308627509955191,0.860546939364819,0.993175987903417
FUT11,0.105628080515257,4.57433134217771,0.0308344668371916,0.860610200481591,0.993175987903417
KLHL24,-0.0730687970401875,5.94041800683604,0.0308343248779472,0.860610518066911,0.993175987903417
NUDT1,-0.0611093425427521,5.8836684431587,0.0308297029822864,0.860620858391451,0.993175987903417
VPS41,0.0764829664823334,5.4411912284833,0.0305451790864133,0.861258954318868,0.993495647116464
MBLAC2,0.165356634352077,3.65821284033283,0.0304850904503748,0.861394105094371,0.993495647116464
NDUFA1,0.0281342869660388,8.20044882512782,0.0304620880305482,0.861445878238366,0.993495647116464
PISD,0.101673386144205,4.61799899603938,0.0304145638289697,0.861552908096273,0.993495647116464
SLF2,0.072511905188532,5.84171448247589,0.030363778939126,0.861667376668361,0.993495647116464
GNL1,-0.0773991520156898,5.4351701484428,0.0303561309430318,0.861684623708829,0.993495647116464
ABCB10,0.129986141209758,4.39605946266068,0.03034428703522,0.861711337392512,0.993495647116464
HNRNPF,-0.0382086124886526,7.9198012688416,0.0302337068307637,0.861961008346831,0.993506965037179
POLR1D,-0.0534980292933265,7.5069565733264,0.0301522811013903,0.862145154397275,0.993506965037179
ACBD5,0.0823893639234664,5.51264673191994,0.0300778307271585,0.862313749826893,0.993506965037179
ANKLE2,0.0601510491785971,6.31152376591284,0.0297662921724022,0.863021581707623,0.993506965037179
COQ4,0.0629753451753247,5.93183287128059,0.0297532683315289,0.863051255430439,0.993506965037179
SIPA1L1,-0.0655396174042658,5.73330588778834,0.029645626385598,0.863296765014668,0.993506965037179
TIMM8A,-0.135183973546191,3.96313229829542,0.0296324902195479,0.863326757362069,0.993506965037179
TMEM50A,0.0385220339199669,7.95781243970395,0.0295629461417466,0.863485653783556,0.993506965037179
SENP3,-0.185365866412169,3.81247983587554,0.0295608423329163,0.863490463626841,0.993506965037179
ZBTB6,0.13189424151275,4.36331852092738,0.0295474414749783,0.863521105541201,0.993506965037179
KCNAB2,-0.0563568095609433,6.34529050815702,0.0294667875166965,0.8637056772343,0.993506965037179
ZNF827,0.116034467563201,4.57383746646514,0.0294509951024686,0.863741847648381,0.993506965037179
INTS9,-0.127744915825536,3.95374534236273,0.0294075364944835,0.863841435350089,0.993506965037179
SLC25A42,0.101148145283596,4.59743893735519,0.0293855991098901,0.863891734798828,0.993506965037179
WAPL,-0.0629749732047767,6.39966651241718,0.0293417433356495,0.863992348114835,0.993506965037179
COG4,-0.0897043032036597,5.03139163079402,0.0293302859390776,0.864018646266274,0.993506965037179
KLHL36,0.0777176463463328,5.8271484067112,0.0293141508358055,0.864055690120681,0.993506965037179
CAPG,0.0857143555610833,6.99729987568288,0.0292397900535981,0.864226547454135,0.993506965037179
PGGT1B,-0.0823003347037189,5.3527749390815,0.0291522175120829,0.864428048176296,0.993506965037179
BIN2,-0.0464472997721494,7.05630323141891,0.0291392196021612,0.864457982351459,0.993506965037179
NIPSNAP3A,-0.109594545361151,4.80272458702988,0.0291340464020653,0.864469898138198,0.993506965037179
PGAP1,0.119833498255363,4.81411732773173,0.0291051293656075,0.864536524793455,0.993506965037179
MDH2,-0.0516420508644745,6.87104240622903,0.0290564564280622,0.864648747238533,0.993506965037179
SAT2,0.0666279711378394,5.92092867894797,0.0290236619773374,0.864724414101181,0.993506965037179
SRSF2,0.0352080606539917,8.03815976181849,0.0289379262477389,0.864922440821422,0.993506965037179
CLPB,-0.149967940256566,4.09307069694539,0.0289019580686478,0.86500560761224,0.993506965037179
KIAA1191,-0.108684888490081,4.97355589482548,0.0288786424516978,0.865059547185942,0.993506965037179
PREB,0.0946102587254981,4.63944560435774,0.028856201598412,0.865111484197743,0.993506965037179
EMC3,-0.0565127446768692,6.15475577860477,0.0288504513635246,0.865124795859885,0.993506965037179
SNRPB2,0.0387889967817214,7.59148614538197,0.0288082615834711,0.865222506007057,0.993506965037179
FKBP2,-0.142730211339964,5.64044981199179,0.0287418991064214,0.865376348399744,0.993506965037179
C18orf32,-0.0562889955192745,7.14767098778686,0.0286314873725004,0.865632711798108,0.993506965037179
AGO4,-0.0930304739617025,4.73254308511491,0.0286281868880494,0.865640382964947,0.993506965037179
FAM120B,-0.114154991431757,4.44286099240673,0.0285993755650722,0.865707367145835,0.993506965037179
PACSIN2,-0.124327106316392,4.49201069400079,0.0285326369115495,0.86586266297393,0.993506965037179
ELOB,0.0237830557902416,8.75299742499655,0.0284101671393646,0.866148127612517,0.993506965037179
TESC,-0.102048118346927,5.55874823305989,0.0283897644494751,0.866195745663846,0.993506965037179
CCT7,0.0528499732817849,6.71642884390766,0.0283425731582714,0.866305953376198,0.993506965037179
RPUSD4,-0.116914559462661,4.52780307768728,0.0281194187036711,0.866828377361724,0.993506965037179
TNFAIP8L1,0.0973692136699937,4.6041835352951,0.0281114452991886,0.866847083162039,0.993506965037179
ARFGAP1,-0.129673900900897,4.40038667438083,0.0281082639250307,0.866854547504182,0.993506965037179
ZNRF2,-0.0848556605975245,5.52681381484543,0.0280956755812305,0.866884087335962,0.993506965037179
PDK2,-0.11654399236902,4.4091184394247,0.0279774608624379,0.867161822823473,0.993506965037179
TARBP1,-0.110128316861539,4.70529395526439,0.0278901150055653,0.867367422226737,0.993506965037179
NT5C,0.0487949988406792,6.5690145946557,0.0278855261956608,0.867378232759117,0.993506965037179
IL17RA,-0.0786740266166427,5.2672318598671,0.027847478026839,0.867467903650803,0.993506965037179
KIF13B,-0.0955164574504038,4.79574488099555,0.0278411044149287,0.867482930962255,0.993506965037179
UBA5,-0.092714240570135,4.95121588654081,0.0278357890185355,0.867495464630122,0.993506965037179
BROX,-0.0727916002639454,6.13192655568131,0.027822439261243,0.867526948690214,0.993506965037179
KIF3B,0.0871244666556644,5.13454307508389,0.0278166263709547,0.867540660233582,0.993506965037179
CLNK,-0.13405918222758,4.36051854283391,0.0277711298389143,0.867648029122422,0.993506965037179
AGO2,0.0496616636126209,6.54378225669989,0.0275898944988082,0.868076632646928,0.993848123928989
FANCI,0.144491630690686,3.77414406759028,0.0275469196931599,0.86817847578684,0.993848123928989
EHD4,-0.0837621298085782,5.47002364542695,0.0274292922150643,0.868457651561864,0.993984392415741
DHRS4,0.122401238485593,4.54010360858468,0.0273125881964411,0.868735244073235,0.993984392415741
PTPN18,-0.0577352208861696,6.14258423737981,0.0272793613233979,0.868814388986741,0.993984392415741
SLTM,-0.0378924928433694,7.53204002264019,0.0272538738810351,0.868875132489258,0.993984392415741
TEP1,-0.111102902851911,4.38998123345991,0.0272021196808581,0.868998566655354,0.993984392415741
PPP2R3C,0.0654298663455612,5.86879609957353,0.0271770409426395,0.869058423023964,0.993984392415741
KIF2A,0.0464329492252815,7.20064496037533,0.0271011948255673,0.869239620639181,0.993984392415741
TRAF4,-0.137095256030076,4.4273588360938,0.0270217275865292,0.869429748764605,0.993984392415741
BLVRB,-0.086130179695602,4.84210178741137,0.0269205917143882,0.869672135562446,0.993984392415741
ALG6,-0.105016670543013,4.50356228893649,0.0268772484450643,0.869776157112156,0.993984392415741
MGME1,-0.0697405120548597,5.22474255668764,0.0268739945755456,0.869783969701095,0.993984392415741
NSG1,-0.121377235541431,4.81096620724338,0.0267920545530949,0.869980869259404,0.993984392415741
ACTN4,0.0455789524399105,7.90209562800345,0.0267145048187043,0.870167504040128,0.993984392415741
SIAH2,0.0755945735341037,6.00129397194643,0.0267056542865767,0.870188821813425,0.993984392415741
TAOK3,0.0422915148763563,7.08700260901705,0.0266897735336613,0.870227081973884,0.993984392415741
CMIP,0.0678827073479001,5.93424575751285,0.0265513327382898,0.87056111192342,0.993984392415741
AKIP1,-0.100184591843185,4.7350584446185,0.026541582234838,0.870584671600354,0.993984392415741
UHMK1,-0.0439063233930472,6.6167094547242,0.0265361794519983,0.870597727999884,0.993984392415741
KCTD6,-0.133824434679386,3.91029106912057,0.0265319464845675,0.870607958369314,0.993984392415741
ZNF142,0.148093411030202,3.98472891788025,0.0264922107304653,0.870704033866854,0.993984392415741
ZNF831,0.0697345090949592,5.7903892532919,0.0264209166740947,0.870876598504487,0.993984392415741
YIPF5,0.0556031352411065,6.50824876802281,0.0263252954690785,0.871108421744754,0.993984392415741
CHTOP,0.0527191819400002,6.06276445308406,0.0262853437277499,0.87120540837984,0.993984392415741
FRS2,-0.107688907469928,4.27021669161278,0.0262640147203523,0.87125721753786,0.993984392415741
CSNK1G2,-0.0479729267187093,6.5560950848823,0.0262499099365687,0.871291490578462,0.993984392415741
PRR7,-0.125292963173544,4.14563097419888,0.0262379704307065,0.871320509622595,0.993984392415741
ZFP36L2,-0.0417379893268489,9.18232275204475,0.0261456330457293,0.871545165426912,0.994102779727674
SF3B5,-0.0325478179354179,7.80796017959847,0.0260047952339217,0.871888607609069,0.994102779727674
CTBP1-DT,0.0897179267174511,4.47244627735321,0.0259893115866898,0.871926423652423,0.994102779727674
CWC25,0.0544275136329336,6.19606645013587,0.0259710497104138,0.871971039881461,0.994102779727674
HMGXB4,-0.0653883896579516,5.67058594139583,0.025956866756303,0.872005701857273,0.994102779727674
SAAL1,-0.11257592455979,4.14834434359353,0.0256788042604725,0.872687236439617,0.994747091242971
HINFP,0.104148393328186,4.55258232568207,0.0255977816670097,0.872886535158345,0.99477906315744
HPF1,-0.0592688792182684,5.77169953175971,0.0255728165463154,0.872948009335258,0.99477906315744
MYL5,0.140392473911683,3.93085932505506,0.0255119535099162,0.873098007718236,0.994817388775583
EEF1AKMT2,-0.0733691988242377,5.0826302663407,0.0253167630125191,0.873580301118685,0.99505400989252
ABHD17B,-0.126182840819215,4.3720763986946,0.0253011389266806,0.873618988723793,0.99505400989252
AKAP13,-0.0309264511842992,8.45126690288109,0.0252518885780262,0.873741020270362,0.99505400989252
PA2G4,-0.0258230493707022,8.17528005930877,0.0252118978830147,0.873840198213533,0.99505400989252
NFU1,0.068137382167782,5.29399505494367,0.0251830766226213,0.873911725684731,0.99505400989252
UBP1,-0.0806117099836883,5.3847391351543,0.0251459034432457,0.874004042611175,0.99505400989252
EIF4A3,0.0711475127982007,6.19146755896087,0.0250901986583223,0.874142512502253,0.99507913973126
CTSO,0.121913091417807,4.14143746027458,0.0249563332201568,0.87447591833688,0.995326138445212
HPS5,0.13886426522282,4.50274834886362,0.0248997828843187,0.874617038166212,0.995354241118602
YBX3,0.101324504799219,4.66858223280807,0.0246878524290679,0.87514737138913,0.995595192588234
PPP1R18,0.0357204338141506,7.65890300415665,0.0246154239896068,0.875329150253135,0.995595192588234
DENND1A,0.183332648595717,3.91644157285909,0.024598494049922,0.87537168003713,0.995595192588234
G6PD,0.0885023852622292,4.80096691526109,0.0245915037588027,0.875389244755463,0.995595192588234
SUMO2,0.0232136889116851,8.84002623840095,0.0245828274421758,0.875411049559686,0.995595192588234
DYNLL2,0.0600227897634744,5.9218385733072,0.0244959399253908,0.875629627907657,0.995640384326127
MRPL17,-0.0775853809987731,5.22655695505893,0.0243922935504912,0.875890885718678,0.995640384326127
APOBEC3G,0.0677087639498255,7.68494904001004,0.0243833866691041,0.875913363493426,0.995640384326127
EIF6,0.063359955551184,6.62306034804705,0.0243820896346669,0.875916637094023,0.995640384326127
SLC6A6,-0.0670915562761019,5.78074506320081,0.024286270391352,0.876158723586634,0.995662352901411
RRAGC,0.0857339187336401,5.44260698590802,0.0242440241786426,0.876265613644788,0.995662352901411
ARID1A,0.0591824582187226,6.75058960594837,0.0241995836345694,0.876378158731386,0.995662352901411
NSMCE1,-0.0554734800925,6.03009819582312,0.0241716247346222,0.876449018520657,0.995662352901411
ZNF407,0.089138655166965,4.96009224835563,0.0240649327835527,0.8767198078957,0.995662352901411
RWDD2B,-0.113126445587887,4.34292021388189,0.0240374530462759,0.876789652313091,0.995662352901411
TMEM30A,0.0569675824898207,5.91903567483349,0.024002100803127,0.87687956619707,0.995662352901411
ZNF24,0.0535090710955472,6.07266785549358,0.0239557575110272,0.876997537166525,0.995662352901411
PPP1R12C,-0.0795995079572329,4.97258084141733,0.0238668602616059,0.877224160503665,0.995662352901411
FAM118B,-0.158398959317616,3.82257816057721,0.0237659011130855,0.87748205759831,0.995662352901411
MICAL3,-0.124548200527208,4.16118905709111,0.02375583456665,0.877507803008358,0.995662352901411
SPRYD3,0.12528312854203,4.71261582573922,0.0236683499501034,0.87773178236492,0.995662352901411
LAG3,0.080850007465288,7.04113483573475,0.0236551284777313,0.877765669002574,0.995662352901411
STAT4,-0.0687439036444892,6.09225201741479,0.0235611270255198,0.878006874740212,0.995662352901411
GORAB,-0.125094003197353,4.0641331570961,0.0235472783367374,0.878042451778582,0.995662352901411
UGDH,-0.109673780778781,4.14100133828871,0.0235009877305465,0.8781614493158,0.995662352901411
CARM1,0.105629872226833,4.62342816750742,0.0234228867224147,0.878362492905083,0.995662352901411
SEM1,-0.0338191888994631,7.91417435559792,0.0234157088774793,0.87838098694406,0.995662352901411
NSRP1,-0.0498607161656116,6.79644350721923,0.0232891662919528,0.87870750721408,0.995662352901411
NEK9,0.0945710380301354,4.76140996882693,0.0232862988328506,0.878714916678707,0.995662352901411
COG2,-0.073001811992285,5.20864684552138,0.0231888721735078,0.878966943430115,0.995662352901411
RCC2,-0.0701598778781776,5.43996369540305,0.0231241064241523,0.879134781641166,0.995662352901411
OSBPL2,-0.0823989204786592,4.90122849429922,0.0230829846923477,0.879241472034897,0.995662352901411
TRIOBP,0.0702682413909708,5.2620439442727,0.023072788209781,0.8792679418638,0.995662352901411
ZNF829,-0.148758341492116,3.83401248801445,0.0230569911080867,0.879308962587534,0.995662352901411
PRIM1,-0.104005584507631,4.55250953472618,0.0227721986397711,0.880050970884565,0.995662352901411
MZF1,-0.109222242023076,4.47061642155453,0.0227275282762527,0.880167786294763,0.995662352901411
CYBA,-0.0230763540223849,9.60934177115236,0.0226886874162364,0.880269452699708,0.995662352901411
GABPB1,-0.0817670850842815,4.74614020842683,0.0226346729581852,0.880410984226801,0.995662352901411
APH1A,0.0496048464534334,6.37675195082625,0.0225991364537865,0.880504193049566,0.995662352901411
HYPK,0.199880882438854,3.77575242341351,0.0224814383437693,0.880813440156009,0.995662352901411
NUTM2B-AS1,-0.0465058068090957,6.62183806273075,0.0224158906506187,0.880986023021297,0.995662352901411
CRELD2,0.0621993325862354,5.77962264060262,0.0223576184189866,0.881139666813908,0.995662352901411
DTNBP1,-0.0777340905416765,5.22920548703097,0.0223438683682087,0.881175950799391,0.995662352901411
HDGFL3,0.153245147928131,4.13068748950973,0.022151815953201,0.881683941614676,0.995662352901411
ROCK2,0.0632952994969837,5.42397998379312,0.0221023412993997,0.881815169468137,0.995662352901411
ADAL,-0.111231426493974,4.0798038887831,0.0220844813146854,0.881862578626496,0.995662352901411
MRTFA,-0.22549436515919,4.39252546252018,0.0220598500988274,0.881927994109037,0.995662352901411
RHOB,-0.111785712180959,4.73116320078901,0.0220549783508091,0.881940936898227,0.995662352901411
MAP3K12,-0.0782998586453337,5.08706947008272,0.0219745284735957,0.882154879995947,0.995662352901411
SLC25A32,-0.0866045197100373,4.72731832875182,0.0218815588962826,0.882402616275844,0.995662352901411
BANF1,0.0494310449104472,7.23725028986247,0.0218726508013134,0.882426381911207,0.995662352901411
ESYT2,-0.0587887812572116,5.9512813557695,0.0218018033466265,0.882615570014939,0.995662352901411
LENG1,-0.0671876443558205,5.67726826666917,0.0216811247485822,0.88293854973556,0.995662352901411
PSMF1,-0.0550962538593661,6.17867781631747,0.0216715968149277,0.882964089015324,0.995662352901411
CHSY1,0.0863953855727368,4.68453411994792,0.0216584849601134,0.882999244245211,0.995662352901411
NAPEPLD,-0.0999240480898727,4.37841782014329,0.0216373574433497,0.883055913780115,0.995662352901411
CNN2,0.0348382988745352,7.36605720065277,0.0216011260369839,0.883153161742176,0.995662352901411
TFB2M,-0.134368371600298,4.07458869551641,0.0215821699543497,0.883204074568556,0.995662352901411
FUS,-0.0431541542960757,8.36359784465678,0.0215718104836906,0.883231908004219,0.995662352901411
ZNF468,-0.118270075149174,3.85547545139078,0.0215409031493827,0.883314989261193,0.995662352901411
POMC,0.0910423936088627,4.62447444829439,0.0215147646134675,0.883385299159147,0.995662352901411
FIP1L1,-0.0505765882932559,6.15565516172138,0.0215145069579208,0.883385992442415,0.995662352901411
RXRA,-0.0865929915112723,4.36518187310778,0.0214786489535452,0.883482518291912,0.995662352901411
PLPP5,0.0775484120416017,5.50456617313031,0.0214387310435846,0.883590069826008,0.995662352901411
POLR3D,-0.0670970503177297,5.29895939318594,0.0213864335789289,0.883731130702211,0.995662352901411
NACC1,-0.10353114908143,4.54597125152933,0.0213764318998759,0.883758128084872,0.995662352901411
RAP2B,0.0457055120941335,6.17473881527551,0.0213378068751382,0.883862448643543,0.995662352901411
SUPT4H1,0.0368325894283095,6.97436737731744,0.0212767227931412,0.884027624879326,0.995662352901411
OCIAD2,0.0335022601109597,7.75421651360101,0.0211065528999583,0.884489059007486,0.995662352901411
TFCP2,0.0888209705222321,4.93744464347961,0.0211013505617537,0.884503195578906,0.995662352901411
CD38,0.150421651004985,5.07539016990082,0.0210706581555407,0.884586633815838,0.995662352901411
RTL8A,-0.095447702482535,4.69197501395483,0.0210099800851111,0.884751771782753,0.995662352901411
VIM-AS1,-0.0822509119613389,4.92736068796395,0.0209977285904639,0.884785144280869,0.995662352901411
TCEAL8,-0.0696483187108459,5.68555750505962,0.020968003853147,0.884866154413167,0.995662352901411
TCEAL3,-0.0976099380223277,3.90345670983772,0.0209215170033659,0.884992964691266,0.995662352901411
TAB3,-0.0819671827797342,4.77997227269837,0.0208301334101684,0.885242667602805,0.995662352901411
PRKAG1,0.0615381848689004,5.43836672567336,0.0208046056675588,0.885312521258404,0.995662352901411
DHX57,-0.0845220183194863,4.57539808327382,0.0206540766121872,0.885725318759081,0.995662352901411
DNAJC18,0.126423970065301,3.84072073160706,0.0206252124207609,0.885804648592158,0.995662352901411
MED9,0.103821042331362,4.24050368348559,0.0205897628903244,0.885902155011888,0.995662352901411
NADK,-0.0868223246407088,4.76687109787697,0.0205350314843926,0.88605286596902,0.995662352901411
SWI5,-0.0739140195829924,4.91683009041114,0.0205299564113197,0.886066851306162,0.995662352901411
BTBD2,0.101927983344859,4.61022117249762,0.0205250359989257,0.88608041213052,0.995662352901411
PUS7L,0.0485558006123203,5.92584409973011,0.0204041239412121,0.886414172612239,0.995662352901411
UQCRH,-0.0213385437635669,8.52790531983773,0.0203136579941123,0.88666455140233,0.995662352901411
SLC25A25,0.105249607094996,4.36401005150085,0.020284103659252,0.886746470920984,0.995662352901411
DHX9,-0.0430523438212348,6.40163557829609,0.0202472679034393,0.886848658569735,0.995662352901411
CTSW,-0.10776216458236,6.00932542020604,0.020227796269598,0.886902713980677,0.995662352901411
PRKAR1A,0.0340458459586368,7.03372130837827,0.0202056843449885,0.886964131327542,0.995662352901411
CTNNBIP1,0.130580993511242,4.52718145967588,0.0201972110799602,0.886987675472516,0.995662352901411
GPR137B,-0.0876712720869407,4.99523729465552,0.0201633015817961,0.887081948193243,0.995662352901411
FUT8,-0.0553254095669269,5.74507955966147,0.020117838308142,0.887208468866183,0.995662352901411
XRN1,0.0350448685092376,6.92037508732473,0.0199995981703225,0.88753820624914,0.995662352901411
AHDC1,-0.128460394763303,4.15315029644177,0.0199808742829291,0.8875905128274,0.995662352901411
PTGER2,-0.0749069731356895,4.9568646205832,0.0199434336801225,0.887695180970459,0.995662352901411
PI4KB,-0.0761843896332709,5.07911640658279,0.0199166031783591,0.887770249392449,0.995662352901411
PPP2R5C,-0.0283678466749221,8.43696536019123,0.0199084742211859,0.887793003386194,0.995662352901411
LDAH,-0.110947364632537,4.23929544801625,0.0198487862982795,0.887960222854483,0.995662352901411
MAPRE1,0.041853588461722,6.39849438998878,0.0197258038263834,0.888305576339999,0.995662352901411
CLASP1,0.115419297571234,4.74535424139817,0.019702788483988,0.888370328756653,0.995662352901411
EBAG9,-0.0622799198656295,5.58374868734695,0.0196865823965329,0.888415946845045,0.995662352901411
PRAF2,0.0768170312623151,5.11208150129823,0.019686147091722,0.888417172437078,0.995662352901411
LPCAT4,0.0720989886949909,5.46996453269032,0.0196537938978132,0.88850830091776,0.995662352901411
DUS3L,0.109837406255737,4.23794124402196,0.019561618727149,0.888768348705831,0.995662352901411
FMNL3,0.0628463755089876,5.52739722542023,0.0195439486628821,0.888818271406937,0.995662352901411
BTG2,-0.0656157983672852,7.42651121436474,0.0194938433512348,0.888959957695632,0.995662352901411
GIGYF1,-0.0846484509090013,5.47758638866608,0.0194766031439677,0.889008751952022,0.995662352901411
FGD5-AS1,-0.0506253024793673,5.90825823487139,0.0194159880099036,0.889180483513476,0.995662352901411
STK24,-0.0321602660645186,7.11267542251568,0.0193629136680311,0.88933107543201,0.995662352901411
NEK7,0.0499813317338184,6.04767106184165,0.019348205291692,0.889372845861069,0.995662352901411
ZFR,0.0496565629015892,6.14741919319441,0.019336630372802,0.889405728941459,0.995662352901411
DHFR,0.10070600176966,4.3438806325253,0.0192785635635957,0.889570842009943,0.995662352901411
CPSF4,-0.0881688719525366,4.46363124430477,0.0192473484474114,0.889659706999366,0.995662352901411
XRCC5,0.0232572798208957,8.1102367178782,0.0191449310544041,0.889951791716434,0.995662352901411
POLR3C,-0.092743522378379,4.28236045232664,0.0190536180038698,0.890212880034986,0.995662352901411
COX19,-0.0576312749840477,6.09736105743844,0.019007145475662,0.890346002178683,0.995662352901411
UBA7,0.097614857081723,4.63218223429769,0.0189985516963755,0.890370637514915,0.995662352901411
POFUT2,0.105723937369298,4.15380396390612,0.0189974909217501,0.890373678775513,0.995662352901411
GPR137,-0.089243179072234,4.9940654281237,0.0189781797971165,0.890429059261441,0.995662352901411
USB1,-0.0688906255474358,5.18940681569958,0.0189686756110277,0.890456325929709,0.995662352901411
ASB8,0.0564415607604468,5.69408285429555,0.0189505327634691,0.890508395485289,0.995662352901411
LANCL1,0.102555160963342,4.69122701173107,0.0189401431927436,0.89053822475131,0.995662352901411
HEXIM1,0.0671178655668545,5.47086848820295,0.0189325866512426,0.89055992540685,0.995662352901411
ARL2,-0.0527014054534406,5.73851936980525,0.018882773114167,0.890703089026662,0.995662352901411
RAB6A,-0.0412755252023594,6.27984687770224,0.0188682025322287,0.890745001097474,0.995662352901411
DGUOK,0.0321639860368266,6.94120565422104,0.018865703565031,0.890752190997148,0.995662352901411
COG6,-0.0881661814611845,4.3052963728332,0.0188480229867061,0.890803074511918,0.995662352901411
PRKD2,-0.055231463093079,5.56609905499601,0.0188211076451523,0.890880581759495,0.995662352901411
TUBA4A,-0.0479708327880027,7.12062799428296,0.0187763004355919,0.891009736990428,0.995662352901411
XCL1,-0.109721357496619,5.73075767399294,0.0187473859028451,0.891093165492082,0.995662352901411
EIF3J,-0.0305354055968249,7.24139178353364,0.0187418696900608,0.891109089131059,0.995662352901411
NUP50,-0.0469190888009409,6.37532182719091,0.0187377995689584,0.891120839871069,0.995662352901411
CHST7,-0.0924228652481315,4.46693331597617,0.0186609777828579,0.891342874377247,0.995662352901411
TRAPPC2,-0.0619891855964763,5.64692371045643,0.0186143728294574,0.89147780149377,0.995662352901411
HELZ,0.0497176697246764,6.86986028672947,0.0185786550870439,0.891581325284348,0.995662352901411
LINC00662,0.0854654982101885,4.94849726133246,0.0185414842840661,0.891689168292817,0.995662352901411
EMG1,-0.0547098582970669,5.49597457651894,0.0184613098223849,0.891922152555777,0.995662352901411
FXN,0.0988539923772092,4.48930094441976,0.0183240622169087,0.892322188584704,0.995662352901411
NCOA6,-0.0699393098680946,5.15389602310691,0.0182841790482069,0.892438722050426,0.995662352901411
KANTR,0.0996630227966222,3.94152374890898,0.018244455668297,0.892554917348972,0.995662352901411
PLD3,0.06092925278295,5.59020669836601,0.0182049830724971,0.892670506731925,0.995662352901411
METTL2B,0.0729529276656379,4.90081529577426,0.0181994260893816,0.892686789738197,0.995662352901411
NUP88,-0.0849182728445471,4.85331227238512,0.0181944705869146,0.89270131242814,0.995662352901411
RABGEF1,-0.0883689107216712,4.42120337971661,0.0181751517955178,0.89275794768241,0.995662352901411
MRPS35,-0.0586849912898449,5.59238310848352,0.0181498731883032,0.892832101127335,0.995662352901411
BHLHE40,-0.0606851350362281,7.0658229351588,0.0180800608504157,0.893037165428754,0.995662352901411
BTN3A2,0.0533260103535344,7.06879959906823,0.0180627939662692,0.893087946711153,0.995662352901411
ADAM15,0.107491949295573,4.19953822352562,0.0180595338001019,0.89309753751489,0.995662352901411
CPNE2,-0.112999796889767,4.05600471731151,0.0180413553703893,0.893151031245867,0.995662352901411
PMM2,0.0601489777287087,5.25628036017854,0.018033115529775,0.893175287691159,0.995662352901411
ITPA,-0.0547421717150526,6.22738001607804,0.0179257776847876,0.893491785771128,0.995662352901411
TGFB1,-0.0430642594314686,7.750800201289,0.0178892278985998,0.893599777099955,0.995662352901411
SLC1A5,0.0532488851521014,5.93756204367417,0.0178731962388099,0.893647180253236,0.995662352901411
PRDX1,0.0297030718039915,8.12849525439422,0.0178591020187113,0.893688872573124,0.995662352901411
ZNF559,-0.109403494497247,4.25317169347544,0.0177057325136616,0.894143644138163,0.995662352901411
PQBP1,0.045081979702931,6.20343550010195,0.0174921503531422,0.894780310975841,0.995662352901411
EXOC6,0.0719115819384791,4.98780173814202,0.0174622441905594,0.894869773217621,0.995662352901411
ZNF383,0.105657185934113,4.17012874617314,0.0174216754114411,0.894991256624912,0.995662352901411
PLAGL1,0.124561193894085,4.55826731455153,0.0173642613803757,0.895163429434442,0.995662352901411
CLN8,0.111835385448717,4.2561057039837,0.0173635634108162,0.895165524281057,0.995662352901411
RASAL3,0.0413977327765106,7.05785362926263,0.0173404701913569,0.895234859142271,0.995662352901411
ALKBH5,-0.050639513895187,5.90166835512181,0.0173008892059485,0.895353806044651,0.995662352901411
TOLLIP,0.0687239448985238,5.07997514597517,0.0172246103779958,0.895583426618952,0.995662352901411
CAPN2,-0.070536885836021,6.55927374171072,0.0172142490200429,0.895614657066994,0.995662352901411
HIVEP3,-0.0789555211708781,4.97703274227293,0.01717169696159,0.895743014737493,0.995662352901411
PPP4R2,0.0422526283536946,6.51160522506156,0.0170142507302842,0.896219361254501,0.995662352901411
NME4,-0.0611757987264672,4.19914304069133,0.0169651147466396,0.896368478522371,0.995662352901411
TIPIN,-0.104071248855657,4.12196606460972,0.0169119940006084,0.896529935952197,0.995662352901411
NIF3L1,-0.0838422673040662,4.27468747651775,0.0168319853618755,0.896773605018574,0.995662352901411
IFNG,-0.10367438810336,7.20367934190516,0.0168268184447662,0.896789361264921,0.995662352901411
ALDH6A1,0.110979413813125,4.28089121186916,0.0167506319959863,0.897021974056434,0.995662352901411
PNMA1,-0.0903349545418413,4.93143158415806,0.0167077978742398,0.897152991626109,0.995662352901411
BNIP3,0.0814505259803905,4.70831658232445,0.0166886996247193,0.897211462852791,0.995662352901411
TMEM65,0.0549114655090041,5.70830533613522,0.0166672231794518,0.897277255813856,0.995662352901411
LSM14B,0.103057200615069,4.57447161237839,0.0166607331690685,0.897297146399876,0.995662352901411
ERGIC3,0.0486104671174846,6.18621907714515,0.01662903227313,0.897394359969851,0.995662352901411
ARL1,0.0598698919759767,5.52817629342102,0.0166077363862804,0.897459718576242,0.995662352901411
MAP3K5,-0.0655089017025002,5.49027366639349,0.0165717326035768,0.897570313738344,0.995662352901411
SLC9A6,-0.0975543930590937,3.94453995203634,0.0165701042993156,0.89757531839175,0.995662352901411
PTGDR,0.0974617562461601,4.29240929107228,0.0165078459286754,0.897766859643469,0.995662352901411
RRP8,-0.0632854014706527,5.17322777572669,0.0165043496601953,0.897777626982325,0.995662352901411
ADH5,-0.0418242855462276,6.4130780688022,0.0164991800562007,0.897793549760085,0.995662352901411
RPRD1B,-0.0883058419316035,4.47350445357916,0.016496385289301,0.897802158912966,0.995662352901411
CITED2,-0.0438435520412919,6.84101612817505,0.0164179616450575,0.898044042357038,0.995662352901411
MTCH1,-0.0461351587912383,6.92881359704342,0.0164126079727787,0.898060576173222,0.995662352901411
OAZ2,0.0863875099048799,4.98695257210727,0.0163958459950528,0.898112360140758,0.995662352901411
SAMM50,0.075950448864505,5.38490056808255,0.0163887746252698,0.898134214294221,0.995662352901411
ZNF382,0.13170423878851,3.98494901811604,0.01636016082014,0.898222694567765,0.995662352901411
RRM1,-0.064733698094098,5.03140816936016,0.0163552302417145,0.898237948957904,0.995662352901411
MTFP1,-0.0806349545536549,5.04905941704649,0.0163537671458442,0.898242475982957,0.995662352901411
MAFK,-0.0859089069782083,4.58151561049839,0.0163192430082244,0.898349358325378,0.995662352901411
ITM2B,-0.0219966807058456,9.54389703598436,0.0162616513428162,0.898527910829807,0.995662352901411
PTPN22,-0.0325415489952402,7.30672874476301,0.0162192100721601,0.898659698020798,0.995662352901411
RARA,-0.068907377502609,5.48421523201609,0.0162179354531631,0.898663658632969,0.995662352901411
TICAM1,-0.0563806432508413,4.21632319856094,0.0162130965555072,0.898678695936379,0.995662352901411
CCNY,0.051342667016736,5.8343715731524,0.0161841958946596,0.898768554822611,0.995662352901411
TSC22D4,0.0467617339794795,6.57412682635746,0.0161101136048121,0.898999266957787,0.995662352901411
ZNF146,0.0672194879388219,5.33515326434994,0.0160622216472284,0.899148702331741,0.995662352901411
NNT-AS1,-0.0577773607277111,5.07431559852165,0.0160294645978247,0.899251043251843,0.995662352901411
NUDT15,0.0827057634858592,4.20871099395175,0.0159845757074208,0.899391459678849,0.995662352901411
DNAJC27,-0.0879454239378003,4.47450194721841,0.0158180177757394,0.899914226114791,0.995662352901411
CLSTN3,0.0619417099674827,5.22072001809183,0.015784028323548,0.900021249958042,0.995662352901411
UXT,0.0225185169005178,7.88038862839247,0.0157449271984191,0.900144513998008,0.995662352901411
MRPL11,-0.0416633091741881,6.12071770943879,0.015743664755421,0.900148496366018,0.995662352901411
SERPINB6,-0.0662813143565982,4.81546494816663,0.0156715795463249,0.90037615830351,0.995662352901411
PTGES2,0.0687742316790143,5.20123073413553,0.0156127237779202,0.900562433228772,0.995662352901411
POMP,0.0228064486385327,8.05635326872803,0.0156118030865766,0.900565349991022,0.995662352901411
TLK2,-0.0538608484532353,5.57258865154922,0.0155762685153373,0.90067799079752,0.995662352901411
S100A6,-0.0254928723454471,10.5551590729205,0.0155711160426719,0.900694334414839,0.995662352901411
ZNF566,-0.0950925532332788,4.25663594775218,0.0155696418938973,0.900699010912542,0.995662352901411
CARNMT1,0.0642028455271643,5.28655665685348,0.015541285731004,0.900789010033048,0.995662352901411
SMG9,-0.0909129211702482,4.58596115113662,0.0155165592678053,0.900867556992328,0.995662352901411
SF3B4,-0.0525326395859132,5.49166473705559,0.0155049891783818,0.900904332775406,0.995662352901411
DDX52,0.0421744237693117,6.04368403007071,0.0154676906221916,0.901022982014291,0.995662352901411
RFTN1,-0.0572530869035736,5.77269049718654,0.015454313258644,0.901065571703862,0.995662352901411
MEMO1,0.0806315185675756,4.83071836603736,0.0154190711601956,0.901177862132536,0.995662352901411
CCR2,-0.0561982575873104,5.39541279618778,0.0153441029420787,0.901417164467906,0.995662352901411
ESS2,-0.10282187622459,4.40622005795871,0.0153257106659979,0.901475964161062,0.995662352901411
PLEKHF2,-0.0632522072680678,5.08885296234367,0.0152904501237039,0.901588791579482,0.995662352901411
UBAP2L,0.0504974097595205,5.57864492601123,0.0152437685633764,0.901738367587805,0.995662352901411
NUTM2A-AS1,-0.0699998060545457,5.8445233317655,0.0151244160455022,0.902121854809219,0.995662352901411
ZNF451,-0.0496465739753621,6.13442375974654,0.0151238407796566,0.902123706887398,0.995662352901411
PGM1,0.0793846003718736,4.68886951450706,0.0151143982587314,0.90215411235606,0.995662352901411
TIMM10B,-0.0565282165573127,5.33030775465756,0.0150750265061923,0.902280995727425,0.995662352901411
PRKCB,-0.0391006680545398,6.34998023997027,0.0148811017406612,0.902908425829256,0.995662352901411
HSP90AB1,-0.020943437555294,9.7513798454935,0.0148358107336151,0.903055558410109,0.995662352901411
HDHD2,-0.078023077119618,4.5302230026663,0.0148066291437754,0.903150478623284,0.995662352901411
TUT7,0.0399552190790918,6.32785630185508,0.0147773098594817,0.903245942363896,0.995662352901411
THUMPD3-AS1,-0.047116343446967,6.50243820277728,0.0147645206987939,0.903287614038483,0.995662352901411
CAMKMT,-0.12561918259178,4.09897069647465,0.0147428949967114,0.903358120025141,0.995662352901411
CASP4,0.0287765205529041,7.1660407343001,0.0146442795463351,0.90368030186356,0.995662352901411
CEP164,0.061305056535684,5.16430124873194,0.0146387838361797,0.903698288968297,0.995662352901411
ID3,-0.0854416377411685,5.15990815949748,0.0146156975414655,0.903773886369589,0.995662352901411
SRP9,-0.0317199978928595,7.50412597699414,0.0145806711400027,0.9038886981069,0.995662352901411
RPL36AL,-0.0155175073853515,9.85501021768405,0.0145396011882379,0.904023498126712,0.995662352901411
JMY,-0.0494168387970876,5.65026073700465,0.0144848018356978,0.904203662018183,0.995662352901411
CLIC3,0.084812547261863,5.08943128139847,0.0144387142902893,0.904355451929336,0.995662352901411
NHP2,-0.0321988564411673,6.95508940838627,0.0144212651120696,0.904412985141399,0.995662352901411
CRIP2,0.114620743375931,4.7310231171326,0.0143976394965684,0.904490939521908,0.995662352901411
PNISR,0.0267025187742808,8.7577539900271,0.0143585372402519,0.90462010285659,0.995662352901411
HACD1,-0.0805064319637596,4.06457111819165,0.0143287338603635,0.90471866981192,0.995662352901411
MAP3K6,-0.101667484985433,3.91156101168701,0.0142924158245457,0.90483892296296,0.995662352901411
DNAJC5,-0.0653988834170191,4.84593299615711,0.0142483888281504,0.904984909352226,0.995662352901411
TBC1D13,-0.0854587858293197,4.1429581250879,0.0142000722384132,0.905145382862919,0.995662352901411
ANXA6,-0.039131410263554,7.21970420746307,0.0141732299955297,0.90523465344781,0.995662352901411
ITM2C,0.0528278847675297,5.815382134134,0.0141411914615972,0.905341317903928,0.995662352901411
ZCCHC7,-0.0464390996194708,5.67045728571577,0.0140422227821979,0.905671586087073,0.995662352901411
CNNM3,-0.0623491131672473,5.11078246034966,0.0140204349121476,0.905744452704475,0.995662352901411
EIF4G3,0.0476292764418794,6.07536223983289,0.0139832968657814,0.905868788389929,0.995662352901411
ECHDC2,-0.0517096778261841,5.54952941070035,0.013973581801844,0.905901341389545,0.995662352901411
ARID5B,-0.0345648000274671,7.77989999863676,0.0139650341839292,0.905929992029599,0.995662352901411
ITPRID2,0.138228316011992,4.22673266855327,0.0139479938519322,0.905987135819656,0.995662352901411
CEPT1,-0.0559910623856608,5.15533446977673,0.0139440369762376,0.906000410041297,0.995662352901411
ZBED5,0.0588091782221267,5.43165152285222,0.0138933565534423,0.906170597982061,0.995662352901411
LXN,0.0910857035147138,4.50794267993763,0.0138732560219488,0.906238183938096,0.995662352901411
SLC9A9,0.0702891082977223,5.60573654854273,0.0138426374639486,0.906341231140862,0.995662352901411
FBXW11,0.0451518692016058,5.95182269609443,0.0138414001772329,0.906345397674977,0.995662352901411
GMPPA,0.105910308570376,4.52634220387307,0.0137759275855984,0.90656614505785,0.995662352901411
U2SURP,-0.0259526806614887,7.36533456299382,0.0137663846599612,0.906598364353537,0.995662352901411
PLAT,0.104176076091916,4.27816615590479,0.0137448964685873,0.906670955315801,0.995662352901411
BBS9,-0.0833868418787504,3.86590154320185,0.0137150298126123,0.906771945838694,0.995662352901411
ADAT2,0.0757202490141204,4.79500665080627,0.0137050760479944,0.906805628063773,0.995662352901411
MAP4K4,-0.0437192935957617,6.27163205597845,0.0137048082353726,0.906806534477582,0.995662352901411
PIGF,0.0542098895897276,5.21606311710856,0.0137046597528929,0.906807037021507,0.995662352901411
ZNF282,0.0814528085423168,4.45834844724264,0.0136412537514055,0.90702188954652,0.995662352901411
GABARAPL1,-0.053749548444294,5.62407771716689,0.0136371841558862,0.907035696721987,0.995662352901411
COPS5,-0.0388802744361985,6.1040940064575,0.0136253340022314,0.907075913389572,0.995662352901411
FZR1,0.0718657144225224,4.53734482685094,0.0136155027956235,0.907109291675872,0.995662352901411
PDPK1,-0.0557444206232836,5.27596776754671,0.0135547005633008,0.907315995471087,0.995662352901411
FAM199X,0.0618757954817364,4.99020478953822,0.0135309941273487,0.907396715366575,0.995662352901411
CCT5,-0.0346736270301216,6.89580439643151,0.0135057963261822,0.907482591939771,0.995662352901411
CSRNP1,0.0812975077862825,5.43756465783208,0.0134859510314094,0.907550283816594,0.995662352901411
STAT3,-0.0445000510764998,7.42147351875975,0.0134845333874267,0.907555121301088,0.995662352901411
MRPL43,-0.0431572983087243,6.24107057205955,0.0134809026189551,0.907567511896086,0.995662352901411
NAGPA,-0.0831507828245539,4.41145262511851,0.0134741721656262,0.907590485149516,0.995662352901411
PGLS,-0.0334161688670781,6.97879401973303,0.0134490686413997,0.907676223077762,0.995662352901411
HAUS2,-0.069834770670986,4.83973169626834,0.0134467676998895,0.907684085709554,0.995662352901411
COX6B1,0.0185533843677907,8.90306628401535,0.0134048860308642,0.907827320420852,0.995662352901411
DYNC1LI2,-0.0444465387151959,5.97179558190573,0.0133952298686388,0.907860376512387,0.995662352901411
RAB11FIP2,0.0691974490604824,4.99655796429173,0.0133862098065691,0.907891265941247,0.995662352901411
LAP3,-0.0422682134500476,6.3019225821366,0.0133217103699774,0.908112453906649,0.995662352901411
INTS3,-0.0713576842638898,4.70604620696752,0.013311052489172,0.908149055180853,0.995662352901411
TTI2,0.0713220064598412,4.57221714455449,0.013263651133407,0.90831202098153,0.995662352901411
CLPTM1,-0.0551200895268943,5.32394373294884,0.0132581237583516,0.908331043286623,0.995662352901411
ANTKMT,-0.000524065405359895,5.47763542261443,0.0132363010254615,0.908406184879059,0.995662352901411
SUPT6H,-0.0437186351461821,5.8560498994864,0.0132144376820769,0.908481529269171,0.995662352901411
NT5C3B,0.0825454344087734,4.40398117844624,0.0132060778479364,0.908510355211635,0.995662352901411
HEATR5A,-0.0989174307861806,3.97193688870794,0.013182479221447,0.908591776676384,0.995662352901411
CEMIP2,0.0440374796491039,6.63090896625058,0.0131643915890933,0.908654233762021,0.995662352901411
LINC01719,0.110790879231036,3.65923598170504,0.0130949018922379,0.908894588827436,0.995662352901411
GIMAP7,0.0330413471246485,8.89741323168636,0.0130451337136446,0.909067127242088,0.995662352901411
RTF1,0.0267733989255133,7.64600485624709,0.0130349235680463,0.909102565399311,0.995662352901411
ARPC2,0.0174402278171242,9.58770861370131,0.0130315071125846,0.909114426634517,0.995662352901411
EFL1,-0.0646588780905093,4.31420160717688,0.013027427791279,0.909128591267799,0.995662352901411
DGKE,0.0498695984537952,5.46289644686482,0.0129897519335938,0.909259519540477,0.995678190412647
GALT,0.0598536122455415,5.0101364798703,0.012928469860622,0.909472893875788,0.995784294280752
CRYZ,-0.0953393405462915,4.53950991142119,0.0128720089788175,0.909669935440697,0.995818909981949
STAG2,-0.0263337774782983,7.15966775295016,0.0128316067937124,0.909811202923951,0.995818909981949
SRSF1,-0.031170008013184,6.6713653640962,0.0127703851639573,0.910025696200752,0.995818909981949
AGPAT2,-0.05355103124429,5.62092060911598,0.0127554450522354,0.910078118680143,0.995818909981949
NUP153,0.0476408804560805,5.42176081833275,0.0127529354408313,0.910086927557489,0.995818909981949
CD69,-0.0511343627169138,9.01421138745118,0.0125942401447716,0.910645750776067,0.995982351018758
PPWD1,0.0627292027245991,5.76546024476656,0.0125127771918514,0.910933996097955,0.995982351018758
PLXNA3,0.0827110612777848,4.77429318358621,0.0123756993074906,0.911421179774722,0.995982351018758
SNX13,-0.0582909997508146,5.06632508706522,0.0123440381417907,0.911534093364763,0.995982351018758
MID1IP1,0.0452243692416544,5.59831404882598,0.0123433865529137,0.911536418672457,0.995982351018758
IGFLR1,0.0451361385154432,6.60652975084551,0.0123070603517021,0.911666153440532,0.995982351018758
MAPK6,-0.0468639262674015,5.45934728998679,0.0122505236387624,0.911868453860242,0.995982351018758
ZSWIM7,0.0496199037719911,5.5212546771946,0.0122409787506861,0.911902654093459,0.995982351018758
NSMCE4A,-0.05292492908738,5.39260589995349,0.0122318135989925,0.911935506399995,0.995982351018758
EVI2B,-0.0294918136556044,7.8289018637169,0.012212666997776,0.912004177239479,0.995982351018758
LPAR2,0.058547966946111,5.20141286920063,0.0121558197746534,0.912208386090179,0.995982351018758
PFKFB3,-0.0713444142708229,5.13725522365376,0.0120968557492382,0.912420710283562,0.995982351018758
MICA,-0.0649421987346394,4.35410875375514,0.0120714960746255,0.912512189247671,0.995982351018758
JUND,0.0345978412561997,10.2068701259377,0.0120613576252069,0.912548788488816,0.995982351018758
EMP3,0.0315329821956729,9.39680117224685,0.0120336089588164,0.912649039326436,0.995982351018758
DNAJC10,0.061163068050116,5.59686844862639,0.0120205431018654,0.912696284375732,0.995982351018758
RWDD1,0.020509612038043,7.88881654289732,0.0119926292563441,0.912797305649972,0.995982351018758
ANKFY1,0.0593329931312342,5.19737653563453,0.0119633691411778,0.912903326931462,0.995982351018758
CDC14A,0.0421472074960432,6.56630740640078,0.0119025352870636,0.913124173469107,0.995982351018758
TMEM181,0.0535885951318959,5.5681808996762,0.0118267310597897,0.913400168027351,0.995982351018758
C9orf78,0.0207733191198072,7.64380780904275,0.0116948337504628,0.913882533033276,0.995982351018758
CWC22,-0.0460707496901085,5.86900681095166,0.0116629410916786,0.913999581066354,0.995982351018758
NUBP2,0.0407257891367392,5.95519007769586,0.0116442030487196,0.914068426360094,0.995982351018758
TLK1,-0.0323713432911956,7.18794264979765,0.0116408592188186,0.914080717789648,0.995982351018758
APH1B,-0.0839479147794867,4.3821400609697,0.0116277528386526,0.914128912152722,0.995982351018758
UFSP2,0.0550982470360189,5.27448501771757,0.0116214854464403,0.914151968118718,0.995982351018758
PCYT2,-0.0616631815906206,4.95814896490042,0.0116199358864577,0.914157669481927,0.995982351018758
PRPF38A,0.0410561832030371,6.00671222656291,0.0116171208620024,0.914168027907403,0.995982351018758
ZDHHC14,0.107264034662376,3.82420827660278,0.0115724733159546,0.914332487234089,0.995982351018758
UBE2V1,0.0475197572733072,7.75888002789965,0.0115555816096808,0.914394791525641,0.995982351018758
DOP1B,0.0824050759162835,4.16927661586875,0.0115166016330939,0.914538743430838,0.995982351018758
LINC00861,-0.0295841762525538,6.8546220569164,0.0114907431041598,0.914634374212752,0.995982351018758
NDUFAF7,-0.0758056865680736,4.62130201893903,0.0114867835804304,0.914649027046513,0.995982351018758
SF1,0.0289352773922891,8.2557083371944,0.011467929523894,0.914718834483777,0.995982351018758
IFIT3,0.107183671653912,4.9557843865696,0.0114633631270067,0.914735750368595,0.995982351018758
PIP4P1,-0.0513219776443733,5.10569819219852,0.0114471524465785,0.914795829193064,0.995982351018758
COG1,0.068560439257066,4.67097693825025,0.0114072766719602,0.914943797187014,0.995982351018758
PRDX6,-0.0322326383057274,6.8838315659513,0.0114063934200495,0.914947077649745,0.995982351018758
NDUFAF6,-0.111591940577433,4.17115206879591,0.0113957199900554,0.914986729715973,0.995982351018758
RPL22L1,0.0297582549284068,7.13702723546959,0.0113573871610448,0.915129292230731,0.995982351018758
HELLS,-0.0641978481026527,5.19891397953186,0.0112892593998328,0.915383266018855,0.995982351018758
KCTD20,-0.0479772585552833,5.68619585152562,0.0112324387136944,0.915595681446828,0.995982351018758
RAB1A,-0.0404240087062308,5.96578227053342,0.011218695953918,0.915647138189488,0.995982351018758
CNST,0.0440716826514553,5.50662822075754,0.0112086459138823,0.915684788533365,0.995982351018758
DOCK9,-0.0644816076042203,4.88929968033432,0.0111799181898462,0.91579250508606,0.995982351018758
CCL4L2,-0.0928215840589883,4.49866579191908,0.0111341637068847,0.915964353969082,0.995982351018758
MFSD10,-0.0371055537351732,6.49747102485499,0.0110367856860094,0.916331287784499,0.995982351018758
MRPL13,-0.0437015800365665,5.93719425592376,0.0110294709062746,0.916358916848813,0.995982351018758
RRP15,0.0505572895986256,5.67792195796724,0.011025974901905,0.916372125074222,0.995982351018758
CSAD,0.0685266990255489,5.38902347253256,0.0109685357533991,0.916589439348633,0.995982351018758
SCAMP2,-0.0414213202299318,6.23553863299906,0.0109454914064031,0.916676786580685,0.995982351018758
LRRC37A2,0.0647762465653394,4.15843540106475,0.0109173874037172,0.916783437824976,0.995982351018758
EXOSC7,0.0485562345510065,5.379678694286,0.0109127339148607,0.91680111063034,0.995982351018758
TANK,-0.0282191889901326,7.4172429838293,0.0108863142550195,0.916901518279377,0.995982351018758
CTCF,0.0348320953573296,6.74284411499382,0.0108853097339789,0.916905338380549,0.995982351018758
CD44,0.0190915541657532,9.29361870028889,0.0108435100726094,0.917064456919956,0.995982351018758
TET2,0.0459712745628817,5.62964281183301,0.0107823275128887,0.917297920252284,0.995982351018758
KIZ,-0.0591673237525749,4.70869414149621,0.0107749162077333,0.917326246079497,0.995982351018758
PVT1,-0.051114113052429,5.73989362561756,0.0107513751210373,0.917416284909215,0.995982351018758
TYMP,0.039161030630104,7.85505913953182,0.0107411577504326,0.917455394826774,0.995982351018758
TOR1A,0.0444755788403391,5.65676280527597,0.0106994218086101,0.917615346706256,0.995982351018758
UBE2V2,0.0373752189458168,6.07931795577432,0.010658844591136,0.917771160384415,0.995982351018758
DLAT,-0.0721845298761691,4.21089076326882,0.010632601797175,0.917872090540607,0.995982351018758
AP3S1,0.0434235890407548,5.86031553802858,0.0105969002873998,0.918009601379809,0.995982351018758
AHSA1,0.0342047859647073,6.26302275359089,0.0105456012800413,0.918207599306846,0.995982351018758
NAPA,0.0384455673972738,6.19488442663969,0.0105309956576249,0.918264061345034,0.995982351018758
RAD50,-0.054826010343655,5.60464140821849,0.0105300839224274,0.918267587219069,0.995982351018758
SERINC3,-0.0303244436736972,6.52324217621285,0.0105222069988073,0.918298055384198,0.995982351018758
PEX13,-0.0695406485119375,4.64610926236498,0.0104762184938494,0.918476170745547,0.995982351018758
PPM1F,-0.0749861573534773,4.26908545768415,0.01045384203832,0.918562978540796,0.995982351018758
PPP1CA,0.0221941406819683,8.01710144719642,0.0104515658910529,0.918571813942973,0.995982351018758
PNPT1,-0.0393759513754237,5.72458185055968,0.010422061214836,0.918686431392497,0.995982351018758
ZNF526,0.119609967819818,3.90079009660097,0.0103771762592793,0.918861111786356,0.995982351018758
HCFC1R1,-0.0476443902651928,5.34587895350582,0.0101995929629197,0.919555989783957,0.995982351018758
TIMM21,0.0816111202195585,4.16034712280313,0.01017803853372,0.919640746149598,0.995982351018758
CELF1,-0.0381145012285399,6.77190704079938,0.0101596070736996,0.919713294305508,0.995982351018758
HLA-DPA1,-0.0523144770351039,6.2491518560042,0.0101351524962858,0.919809652770853,0.995982351018758
TK2,-0.0698276940398347,4.4062211904109,0.0101334064627636,0.919816537162586,0.995982351018758
DGKH,0.0573535874786488,5.44193583204084,0.0101228859558731,0.919858030891531,0.995982351018758
TMEM129,-0.0628031442705653,4.63290738475908,0.0100915008377029,0.919981945905074,0.995982351018758
CEP250,-0.0527620509480645,5.0459154000093,0.0100842367203846,0.920010653886557,0.995982351018758
ATF7,-0.0510690447005473,5.46647489023581,0.010026797665672,0.920238023310455,0.995982351018758
MEPCE,-0.0522900945212176,4.67449321420152,0.0100222522389615,0.920256044191909,0.995982351018758
DPH7,-0.0627197163366261,4.81571233853782,0.00996507168991023,0.920483096755867,0.995982351018758
XCL2,0.0931425840319916,5.70761871734478,0.00995935737131148,0.920505823295185,0.995982351018758
CCDC91,0.0324931712565768,6.33286575697212,0.00993898490889311,0.920586900685742,0.995982351018758
NAA60,-0.0442173076023567,5.37892740982602,0.00993539202304206,0.920601208190229,0.995982351018758
SLAMF7,-0.0697815403774928,4.65190293639982,0.00991608551226619,0.92067813489723,0.995982351018758
SPTLC1,0.046025630931055,5.43407627589694,0.00991008827439899,0.920702046257852,0.995982351018758
GPSM3,0.0205893027946278,8.22831796647157,0.00990042449956618,0.920740591707954,0.995982351018758
CALM1,-0.0119127789003904,10.4605295887049,0.00984929012942892,0.920944865960641,0.995982351018758
BPTF,0.017588520631628,7.92986558338917,0.00981438850604022,0.921084600421288,0.995982351018758
PRRC1,0.0451291734639181,5.23745579898683,0.00979604364344056,0.921158147735363,0.995982351018758
LHPP,-0.0749278018462263,4.16855455015261,0.00977893104327521,0.921226817439808,0.995982351018758
GPR68,0.0593305682167863,4.91453102550541,0.00974494135001436,0.9213633919705,0.995982351018758
BAG4,0.0603955310124241,4.67537144434505,0.00973073015984127,0.921420565470506,0.995982351018758
LNPK,0.0617193098424453,5.12732785353344,0.00967564160224299,0.921642593452556,0.996046145798978
SLC37A4,0.0939553838233709,3.84540402092455,0.00961576938792774,0.92188462633627,0.996046145798978
SREBF2,-0.0459258065025623,5.53787315786496,0.00961148803378009,0.921901962778492,0.996046145798978
DNAJB6,-0.0246789024688084,7.43654191368085,0.00960070950774039,0.921945625419033,0.996046145798978
PTPN2,-0.0224291266879997,7.28336444118438,0.00956416039782404,0.922093866417095,0.996057840362868
KLHL15,-0.0795390246360527,3.93657803204828,0.00950766801771685,0.922323559836314,0.996057840362868
RAD51D,-0.0669426572466664,4.69668021504785,0.00950690953532884,0.922326648443962,0.996057840362868
ABCB7,-0.0673186061209061,4.57516812619367,0.00945279316688463,0.922547337028192,0.996057840362868
TRIM24,-0.0515880008940452,4.8579526403925,0.00944076237390945,0.922596485628064,0.996057840362868
TIMM23,0.0582128213937276,4.53519102642963,0.00942053304792267,0.922679198469722,0.996057840362868
VMP1,0.0301460833387062,8.0604843239272,0.0093775180415534,0.92285537496085,0.996057840362868
LINC01480,0.114858406310443,4.14698971049795,0.00936943090943387,0.922888542930667,0.996057840362868
ZNF445,-0.0589934000218297,4.79615284088611,0.00932325954977387,0.923078184098273,0.996136757871262
IFITM1,0.0489457047944635,6.74089578671928,0.00925443772955248,0.923361740188377,0.996184773192011
ATP5MG,0.0132855379943174,9.61380156574721,0.00924424240243482,0.923403836825605,0.996184773192011
SNU13,-0.0201805921248491,7.86340112287835,0.00918448841995101,0.923651034229854,0.996184773192011
RCOR3,0.0453497103651009,5.72072467652911,0.0091492779838056,0.923797077066413,0.996184773192011
REST,0.0241657581368494,7.19624078284509,0.00914258990722594,0.923824849329186,0.996184773192011
POGZ,0.0382983537534424,5.699144504355,0.00911871253632945,0.923924083922043,0.996184773192011
PDCD7,-0.0343409901845746,6.38105523933995,0.00911527932513856,0.9239383631582,0.996184773192011
RABGGTB,-0.0427839988720449,5.80353292742626,0.00906761138004697,0.924136902337832,0.996258181987093
GNPTG,-0.0416557483209797,5.2182677175499,0.00903335575942421,0.924279903946155,0.996258181987093
UBE2I,-0.0193605015147528,7.46790714253887,0.00900798011542037,0.924386012179937,0.996258181987093
FADS3,0.0647479684060096,4.0888732930545,0.00897019551096889,0.924544288308945,0.996258181987093
RAD17,-0.054157899410398,5.09363861609549,0.00891661449886527,0.924769311865121,0.996258181987093
MKRN2,-0.0494458425842558,4.68814456658294,0.00891368847259599,0.924781619880324,0.996258181987093
TYW3,-0.0469996491921223,5.57155302813038,0.00890404619841512,0.924822193502114,0.996258181987093
ZNF280D,-0.0377020173065895,5.80286027899596,0.00873286930474038,0.925546211109459,0.996307362972554
WDR76,0.0587847468566575,4.76629170640508,0.00872434644707809,0.925582446039683,0.996307362972554
LINC01871,-0.0287726806118878,7.66818768513522,0.00871729299774415,0.925612447284125,0.996307362972554
MED21,-0.0488266794985055,5.23166545596988,0.00870530005898118,0.925663486345062,0.996307362972554
ELOVL1,-0.0386177121745668,5.72200872281222,0.00867714588376245,0.925783443262543,0.996307362972554
WDR75,-0.054536983005699,4.92501643905789,0.00865831049719645,0.925863805099009,0.996307362972554
ENTPD5,-0.08170159859394,3.8446104768714,0.00863960024590327,0.92594372037898,0.996307362972554
SFSWAP,0.0351858240277937,6.28817263511154,0.00863863840602264,0.925947830949932,0.996307362972554
LIN7C,-0.0446437783447541,5.16312718202976,0.00859894735363831,0.926117658521784,0.996307362972554
BUB3,0.0300930988170327,7.27423247116001,0.00857067786731669,0.926238857386748,0.996307362972554
CLEC2B,0.0197996998866981,7.78206317504277,0.00854917700221769,0.926331172388046,0.996307362972554
HUWE1,-0.0280858610149069,6.97350821139237,0.00851176672489729,0.926492074728047,0.996307362972554
SLC39A8,-0.0603011254724661,5.05738361968826,0.00849972012858657,0.926543963251494,0.996307362972554
TSPOAP1,0.0668444838130953,4.3551960359706,0.00849090451726298,0.926581958396471,0.996307362972554
CENPK,-0.0765132136508604,4.84064845708677,0.00848301937023521,0.926615960111683,0.996307362972554
CC2D1B,-0.0602057217011546,4.50403872044672,0.00843935088739656,0.926804553130036,0.996384824535799
GOLGA4,0.0264254926933516,7.25698813135328,0.008310439494295,0.927364177122462,0.99674620401577
NUP37,-0.0510816931315614,5.07396822190144,0.00830821304708351,0.927373880774527,0.99674620401577
MAN1B1,-0.049529924820766,5.16540417904706,0.00820253050218334,0.927836000616153,0.996980468978912
TMEM68,-0.0599978990366059,4.6479837435202,0.00819394874911694,0.927873657602897,0.996980468978912
DERL2,-0.0348518980144345,6.17902003365284,0.00815535332579387,0.928043261748963,0.996980468978912
RELL2,0.071178537207646,3.95370399704159,0.00815193123031222,0.92805831935129,0.996980468978912
TOMM5,0.0297269311586124,7.23616047503038,0.00810928952437706,0.928246215508187,0.997057029322716
RARG,0.0963172345713775,4.10859443074648,0.00802693474843252,0.92861051817159,0.997065007880422
UBALD2,0.0244149382550117,7.80335951013239,0.00798089999921459,0.928814977519746,0.997065007880422
HNRNPUL2,-0.0330214860147592,6.25701179169806,0.00798062146062861,0.928816216431254,0.997065007880422
C15orf61,-0.0402469585196568,5.77068459730072,0.00791938344137577,0.929089128070469,0.997065007880422
PGK1,-0.0192912701082513,8.0271057406733,0.00789055789272908,0.929217959301134,0.997065007880422
COQ8A,-0.0727625545980238,4.28270876040834,0.00788849503928191,0.92922718798532,0.997065007880422
ATP2A3,0.0300615730670725,6.16835977156567,0.00787999828964026,0.929265213119884,0.997065007880422
SEC24B,0.0476180273554899,4.8988351734348,0.00784955366387141,0.929401630566873,0.997065007880422
CD27,-0.0325946653374915,7.36648555997819,0.00784356914661544,0.929428477559856,0.997065007880422
TPRKB,-0.0307750834315581,5.96299448229054,0.00781071940963685,0.929576028129432,0.997065007880422
RNF38,0.0439462014838867,5.52029913957145,0.00777692559232968,0.929728145885981,0.997065007880422
PALB2,0.0807102670981791,3.90437571692257,0.00772102245450412,0.92998051847926,0.997065007880422
SLU7,-0.0292885872925645,6.31724998432982,0.00771931973436679,0.92998821976899,0.997065007880422
PIGM,-0.0701759333184958,4.00370543811272,0.007677240790958,0.930178812696284,0.997065007880422
AP4B1,0.0819011415112404,4.18386160170229,0.00762322135121885,0.930424262290537,0.997065007880422
SUMO1,0.0203701337475989,7.30936161672475,0.00756802773061871,0.930675953794924,0.997065007880422
FXYD1,0.0597005879592288,4.45086952987581,0.00752115831996036,0.930890412603268,0.997065007880422
ING3,0.0421717280581389,5.35799795897788,0.00749685927991806,0.931001861932291,0.997065007880422
CCT6A,-0.0255085350470797,6.89912078717355,0.00746690289700602,0.931139509831358,0.997065007880422
GPR174,0.02833899156509,6.78999184436825,0.00741738194908237,0.931367667247485,0.997065007880422
FRAT2,-0.0564771596997675,4.53255697403954,0.00739565531781494,0.931468010277715,0.997065007880422
MCTS1,0.0327555590794892,6.29684495206372,0.00735262283691007,0.931667192227308,0.997065007880422
HDHD5,0.0547223642807495,4.42255848117593,0.00733932463005971,0.931728863562496,0.997065007880422
SEC22B,-0.0293863170026267,6.13244445322652,0.00730040183698577,0.931909694809595,0.997065007880422
RHEB,0.0254073903464812,6.52303530872624,0.00728622232997367,0.931975691951418,0.997065007880422
QSER1,-0.0584779228389829,4.15833839685034,0.00728142720587854,0.931998025025969,0.997065007880422
TECR,-0.0257496477434267,6.82090278288177,0.00727671944031627,0.932019958439227,0.997065007880422
KMT2D,-0.0377568262279094,5.2052165057599,0.0072214865807112,0.932277823278114,0.997065007880422
MROH1,-0.0543490594765138,4.59350598473987,0.00721995958546629,0.932284966422785,0.997065007880422
RNF8,-0.046087803694041,5.23616037698013,0.00721321964768862,0.932316504331938,0.997065007880422
PRPF38B,0.020455040410936,8.27712039518437,0.00717291787047536,0.932505397230506,0.997065007880422
SLC38A5,0.0642999605212433,4.16236397611886,0.0071638844324653,0.932547809880362,0.997065007880422
SRRM2,0.0150949210424228,8.41944551098856,0.00714637734321322,0.932630083685737,0.997065007880422
BCAS4,0.0600863019302993,4.49131942138449,0.00714174061819328,0.932651890769115,0.997065007880422
NVL,-0.0511533819319957,4.66582853640731,0.00712617699929297,0.932725140545028,0.997065007880422
PDCD6IP,0.0259365044140833,6.38522594237022,0.00710009087343178,0.932848095134474,0.997065007880422
TMEM260,0.0497070028239596,4.89480279211143,0.00705548184560811,0.933058884025805,0.997065007880422
TMEM156,-0.0382147125633107,5.95043896358182,0.00703213706391992,0.933169461506001,0.997065007880422
PCNX1,-0.029520284742974,6.35810881230672,0.00701152740836797,0.933267237203036,0.997065007880422
MESD,-0.0203999582385218,6.88820408984643,0.006947573222579,0.93357157148293,0.997065007880422
DNAJB2,0.0435557178811135,5.14210804755103,0.00691750413270498,0.933715146565001,0.997065007880422
TGFBR2,0.0299936962497996,6.92119013754785,0.00690354497794132,0.93378190607419,0.997065007880422
WDFY1,-0.0358610471127523,5.31747117431497,0.00689661604877756,0.933815068843391,0.997065007880422
FBXW8,-0.068437863037731,3.9176187515672,0.0068336080342668,0.934117406647108,0.997065007880422
LEPROT,-0.0318410264587702,5.91295052085818,0.00682314716577182,0.934167737734405,0.997065007880422
ECI1,0.0465876655587172,5.752363360477,0.00681681622380381,0.934198217095946,0.997065007880422
NGRN,-0.041513419645762,5.82502546581892,0.00681302605367051,0.934216471115711,0.997065007880422
ATXN7L3,-0.0386234958858517,5.05784966952939,0.00679370966610371,0.934309581212204,0.997065007880422
CTR9,0.027925390757901,6.17766066353141,0.00675337096726736,0.934504455131255,0.997065007880422
EFCAB2,0.0458495537040888,4.39176086541067,0.00673506945672386,0.934593061868029,0.997065007880422
MCL1,0.0130052139434674,8.50517524539499,0.00671523835212717,0.934689211057414,0.997065007880422
RBM34,0.0619750577907482,4.24817545154201,0.00664739857209185,0.935019211092575,0.997065007880422
C6orf89,0.0302934773658554,5.88100866864294,0.00661465457656973,0.93517909758575,0.997065007880422
C19orf53,-0.0141613434266075,8.20211820574569,0.0066116359579862,0.935193857310293,0.997065007880422
ADCY7,-0.0329275773552417,5.54265351854111,0.00658075107899059,0.935345066166886,0.997065007880422
TSTD2,0.0517254509574198,4.34143543328023,0.00658010020120869,0.935348256629049,0.997065007880422
ZNF362,0.0512947873251701,4.39028139344339,0.00657149373786936,0.93539045859651,0.997065007880422
CMSS1,0.0408049707364779,5.04405496536976,0.0065320373364095,0.935584290902504,0.997065007880422
PDCD11,-0.0408963722803369,5.12880097381774,0.0065318314381706,0.935585303935053,0.997065007880422
SLC25A44,0.059583910827374,4.2456682496833,0.00649822352026774,0.935750872997681,0.997065007880422
SETD1B,0.0419915037199368,5.17077775899649,0.00648698786712032,0.935806321403559,0.997065007880422
SP140L,-0.0250092668129438,6.3837354683421,0.00648348622538109,0.935823612024956,0.997065007880422
LEPROTL1,-0.0192272093913386,8.3135781521297,0.00645914809444825,0.935943920413724,0.997065007880422
UNC93B1,-0.0474042743202649,4.78982496838793,0.00642715459913212,0.936102418423277,0.997065007880422
SDE2,-0.0505316939127738,4.76610300570091,0.00642085851361074,0.936133656389745,0.997065007880422
TMEM167B,0.035404741573235,5.37308257940378,0.0064191453853919,0.936142158725869,0.997065007880422
LSM5,0.0224387559221857,6.83101350832491,0.00640151414887669,0.936229729818623,0.997065007880422
GNL3L,-0.03743770014526,5.43436877860114,0.00638455940621618,0.936314055436566,0.997065007880422
GBP3,-0.0397627096693596,5.67782773651458,0.00635760871316649,0.936448328876919,0.997065007880422
ATXN3,-0.0307281532885082,5.79702964364839,0.00630628735587813,0.936704815936472,0.997065007880422
PRR14,-0.0500672770551416,4.89158917036294,0.00630279025924629,0.936722331415874,0.997065007880422
CEP63,0.0345848104013418,5.14342778834498,0.00629913407256311,0.936740648939502,0.997065007880422
ANKAR,-0.0605067241918146,4.29034767945019,0.00629375818088818,0.936767591916663,0.997065007880422
TOB1,0.0273543501203905,6.59848798494616,0.00625434433005623,0.93696548155199,0.997151487836171
RAPGEF2,-0.0442284030339991,4.58960005011354,0.00619125362348427,0.937283558875621,0.997265324362381
RNF157,0.0458571225638401,5.10360487836371,0.00617408588853863,0.937370393433224,0.997265324362381
DUSP23,-0.0307091606363605,5.77712613110598,0.00616381421716561,0.937422405728868,0.997265324362381
PTPN23,0.0537084603452483,4.27983032005857,0.00607033332497409,0.937897780284375,0.997433844212255
NUP85,-0.0487838500883256,4.48703537950862,0.00600481251803231,0.938233169173619,0.997433844212255
RMDN1,0.0396098421641256,5.24827933026359,0.00600333211875714,0.93824076827442,0.997433844212255
DIAPH2,-0.0424886844073402,4.82764267568442,0.00599568956986474,0.938280013570972,0.997433844212255
ETV3,0.0461808746960419,4.81570589235632,0.00598938970927243,0.938312382944848,0.997433844212255
HRAS,-0.0400224081126101,5.52973966409712,0.00598715872540723,0.938323850090271,0.997433844212255
PPP1R12A,-0.0188958505549338,7.66965576233157,0.00597283565004148,0.938397521230456,0.997433844212255
RNF145,0.0284900071982533,6.50319057952751,0.00586932666173645,0.93893258561057,0.997760830105224
ZNF814,0.0675494301332958,4.34987274456718,0.00584499836763541,0.939059032006234,0.997760830105224
MTPN,-0.0151759516348567,7.57244828959476,0.00582019188390959,0.939188236635193,0.997760830105224
USP30-AS1,0.0465963114863958,4.73870011736722,0.00579908336626289,0.93929839866074,0.997760830105224
FAM20B,0.0513674659796275,4.39545076089496,0.00577490073744258,0.939424852127851,0.997760830105224
EMC10,0.026896100661594,6.45775921267469,0.00574459565673635,0.93958369708277,0.997760830105224
FLAD1,-0.0382515539433271,5.13789319530571,0.00572931392594001,0.939663956542083,0.997760830105224
FAM110A,0.0379813787145719,5.00728339910446,0.00569415261821327,0.939849033074857,0.997760830105224
PIM1,0.0288290699987005,7.75983961122944,0.00566684861561839,0.939993148307252,0.997760830105224
C1GALT1,-0.0270383691159326,6.0315998317091,0.00565245477461751,0.940069262040668,0.997760830105224
TKT,-0.0261631543391441,7.02526275320904,0.00565155353958424,0.94007403095563,0.997760830105224
MACO1,0.0456451297681136,5.14225092637457,0.00564557367529339,0.940105683296009,0.997760830105224
NCMAP-DT,-0.123402418703186,4.08118737592683,0.00555184616816362,0.940604018103076,0.99813717218929
STX10,0.0299580684586951,5.909245642091,0.00553504591873733,0.940693788317828,0.99813717218929
CUTA,-0.0177714369164783,7.92323467599158,0.00550287723804743,0.940866061099344,0.998196073012943
MAP3K13,0.0427977260136635,4.79676887839876,0.00541496760670412,0.941339442517037,0.998433573857686
HIGD1A,0.0281879461784104,5.80713779885701,0.00538330987233593,0.941510860236512,0.998433573857686
MRPS21,0.0201747586374251,7.58137306925258,0.00535573243271514,0.941660597748266,0.998433573857686
ATP5PD,-0.0153724164518066,7.72763152657199,0.00531698564821248,0.94187163793115,0.998433573857686
ATP6V0E2,-0.0391926757541268,5.81920388175387,0.00531621374796387,0.941875850041892,0.998433573857686
SIRT5,0.0659341405338455,4.32895401837733,0.00530935083668993,0.941913313150115,0.998433573857686
GPATCH11,0.0329199626022553,5.39501519217348,0.00526146710415532,0.942175380048802,0.998433573857686
COASY,-0.0366819265915337,5.06865847235062,0.00524063641857175,0.942289760141154,0.998433573857686
SRPRA,0.0197995261204985,6.68281092053872,0.00518389838995326,0.942602469405629,0.998433573857686
ZNF71,0.0732305560815989,3.97754981687253,0.00516279851297341,0.942719198998704,0.998433573857686
OXA1L,-0.0274494918705321,6.05523007436709,0.00516103145059432,0.942728985684129,0.998433573857686
SEMA4D,-0.0260976096121131,6.76952938557984,0.00514447958951436,0.942820738280747,0.998433573857686
LRRC8C-DT,0.0622185438596729,3.93530355957334,0.00513589753720822,0.942868369923242,0.998433573857686
PRPF3,0.0427061752025831,5.19460702794579,0.00510274743451333,0.943052734560859,0.998433573857686
ELF1,-0.0135216182477898,8.06923794462253,0.00500674214110752,0.943590091568845,0.998433573857686
AGPS,0.0408608279525008,5.03235930322754,0.00499766890559883,0.943641142693442,0.998433573857686
KLHL2,0.0480001130837552,4.77077098490874,0.00498369754189199,0.94371984460043,0.998433573857686
SPOPL,-0.0451002502227615,4.59950272203073,0.00497949802607423,0.943743522502876,0.998433573857686
WBP4,0.02930695317071,5.72846735806038,0.00494355307643168,0.943946600869798,0.998433573857686
UCKL1,0.0436991017289125,5.1791578817251,0.00494075673598715,0.943962430426837,0.998433573857686
TBC1D20,0.0240815205753768,5.98877469056024,0.00493231961143437,0.944010218702532,0.998433573857686
USP12,-0.0317506893707778,5.68061262678008,0.00491728820508186,0.944095459190885,0.998433573857686
MBTD1,-0.04246395163678,4.70759835974988,0.00490545270043086,0.944162668446943,0.998433573857686
FBXL15,-0.026819798928396,5.7923216242797,0.0048192479411,0.944654670166506,0.998433573857686
ZMAT2,-0.018117743357895,7.05825893017776,0.00481431452048575,0.94468296022286,0.998433573857686
WDR6,-0.0323570792011007,5.48481756364263,0.00481191474505316,0.944696726687227,0.998433573857686
NCLN,-0.0461512672229722,4.55520545444987,0.00476336480908302,0.944975980924328,0.998433573857686
FBXL20,0.0323341008041152,5.3152369834219,0.00475151830998755,0.945044337512735,0.998433573857686
VAMP5,-0.025149368434765,6.79375800651747,0.00475098018495501,0.945047444629923,0.998433573857686
ZSWIM8,0.033988539529625,5.11926432425021,0.00474804377540927,0.945064402482721,0.998433573857686
SH3BGRL3,0.0124019417460685,10.987867943084,0.00474332376334452,0.945091671738038,0.998433573857686
UTP4,-0.0356031739045134,4.43917629823658,0.00474127192859974,0.945103530197074,0.998433573857686
ZFP91,-0.0224258477792635,6.17186732456195,0.00469689757119163,0.945360622883274,0.998433573857686
TMEM41A,-0.0491822418647573,4.54642202340172,0.00469496329115771,0.945371857257373,0.998433573857686
ZNF512,-0.0491211708503122,4.59472068095416,0.00469216666430583,0.945388104287354,0.998433573857686
OGFOD2,-0.0435290778403224,4.07291291242633,0.00464889383791345,0.945640120922907,0.998433573857686
SRGAP2C,0.0374219489728351,5.1121078425634,0.00463831686172966,0.945701899181948,0.998433573857686
TBC1D5,-0.0312084005056718,5.51050347844464,0.00463739222124104,0.945707303206505,0.998433573857686
GALC,-0.0415694179256064,4.51553712583841,0.00463356657858327,0.945729667777264,0.998433573857686
SLC44A2,0.0321803611318773,5.6783643387224,0.00462812379992883,0.945761502058667,0.998433573857686
TMSB10,-0.00892730264090695,12.1133358883789,0.00460693598264328,0.945885606987521,0.998441295732352
ZC3H4,0.0297434186267691,5.46240355672114,0.0045658251308609,0.946127229096665,0.998442319792706
TEN1,0.0472758088435766,4.76816427354658,0.00452093402677534,0.946392320466014,0.998442319792706
PATJ,-0.044339346096,4.75026909952792,0.00450674982270627,0.946476355780524,0.998442319792706
COPE,-0.0128449198247382,7.8231706898037,0.00449312172268712,0.94655722163813,0.998442319792706
DUT,0.016835285872956,7.0102820465066,0.00448956441861803,0.946578350089481,0.998442319792706
RAD51-AS1,-0.136805626025978,4.67480067108164,0.00444364580300416,0.946851840183421,0.998442319792706
WDR77,0.0427563352685808,4.55011941767469,0.00443535482473578,0.946901372064248,0.998442319792706
WDR53,-0.04273449562809,4.01409985388014,0.00442300849323374,0.946975217655877,0.998442319792706
LSS,-0.0326770836603798,4.22762306456565,0.0044155054424273,0.947020145309223,0.998442319792706
UBQLN4,0.0573907084411679,4.53833556414471,0.00440977533733999,0.947054482535858,0.998442319792706
NTPCR,0.040670947888944,4.9633746596611,0.00436036239491244,0.94735152059285,0.998510356287027
CDCA7L,-0.0415862120301123,3.92877726324145,0.0043260079648757,0.947559034105112,0.998510356287027
NAA15,-0.028811030188755,5.6374664560606,0.0043239108916282,0.947571727959059,0.998510356287027
PKN2,-0.0267208952823026,6.10153920854437,0.00432151880898246,0.947586211317891,0.998510356287027
IFITM3,0.0296975401941281,4.94011951037998,0.00425195986418103,0.948009144970454,0.998570040112458
CCDC9,-0.0464050355767625,4.50938924879171,0.00424508541356516,0.948051131170876,0.998570040112458
DVL3,-0.0340550295848304,4.89793958545041,0.00423891738545024,0.948088831912774,0.998570040112458
ANAPC1,0.0309741836627549,5.27751490242518,0.00423544419273014,0.94811007317731,0.998570040112458
ZNF266,0.0674372895617248,4.41381873148812,0.00417646218804535,0.948472138342756,0.998578500920867
ACAA2,-0.0232422510194957,6.56656510505966,0.00416244399131749,0.948558566934935,0.998578500920867
PKN1,-0.0208345821149351,6.23301353461353,0.00414395851442784,0.948672762082506,0.998578500920867
FOXJ2,0.0465038201981512,4.43394956668333,0.00414310619270886,0.948678033513163,0.998578500920867
SUZ12,-0.0167145882788366,6.85024313768736,0.00413920980548888,0.948702138785739,0.998578500920867
TUBE1,-0.028844869753965,4.62009176290776,0.00408558025708672,0.949035086557008,0.998805977468406
LYST,0.0225831722005264,6.74163709324182,0.00405925128293028,0.94919934745917,0.998806805210783
GIMAP2,0.0272547657469173,6.23212796485339,0.00404302048935179,0.949300874549602,0.998806805210783
GID8,-0.0242587357253445,5.8222101321209,0.00402937752959431,0.9493863725749,0.998806805210783
CDKN2AIPNL,-0.0356915487955167,4.71013528415925,0.00399782052906161,0.949584693295045,0.998890555742645
ZNF544,0.0361884930682425,4.67399380406477,0.00396740166212517,0.949776606620138,0.998890555742645
PMPCA,-0.033295064120228,5.18484755429567,0.00394897411397466,0.949893225859131,0.998890555742645
PRKCI,-0.040682534077162,4.73176282953544,0.00394264370258668,0.949933351057165,0.998890555742645
PTGIR,0.0693098620360387,3.84881821490817,0.0038292861227518,0.950657418377558,0.99933647820968
FRG1,-0.0215355289315977,6.59556419757453,0.0038229491026911,0.950698211335373,0.99933647820968
TCAF2,-0.0413217840132822,4.2974507133264,0.00382141318045726,0.950708103553553,0.99933647820968
SELL,0.0213825091649277,6.58926796088741,0.00377255611931915,0.951023818929063,0.9994699861533
USP19,-0.0428403554073294,4.29382886709358,0.00375287074976072,0.951151605841135,0.9994699861533
RAD51C,0.0349099549775055,5.01382307066042,0.00374194625093693,0.951222667026149,0.9994699861533
MRPS9,0.0309700116756629,5.11246688391602,0.00372029809393659,0.951363791233269,0.9994699861533
MSANTD3,-0.05671151735455,4.29662918984446,0.00370977574348785,0.951432535211288,0.9994699861533
XPR1,0.0383287087341251,4.50230270099693,0.00369136096567502,0.951553077408206,0.9994699861533
EEFSEC,-0.0311455032640305,4.45751286653595,0.00366177632789722,0.951747370565958,0.9994699861533
TPD52,0.0361724998186583,5.03263318471153,0.00364770399582426,0.95184006517409,0.9994699861533
SGPP2,0.0435183885173947,4.69127474357485,0.00364054178530893,0.951887311645826,0.9994699861533
LY6G5B,-0.0413936024405571,3.81716624559598,0.00362124331508795,0.952014849233285,0.999481142833766
SLC37A3,-0.0336640068760066,4.55877751877298,0.00358623129034541,0.952247106586442,0.999518779544321
FBXO7,0.0222346200611853,6.03021707052218,0.00356419194778468,0.952393891693584,0.999518779544321
BFAR,-0.0245512066837948,5.86411114997288,0.00355029740520862,0.952486665465117,0.999518779544321
MAZ,0.0154740684914577,7.08488438803352,0.00354555616637242,0.952518364363971,0.999518779544321
ATP6V1B2,-0.0305449607311212,5.14298156984285,0.00350496242827347,0.952790640689767,0.999564777442662
UVRAG,-0.0276615890749121,5.23249945394296,0.00350415937356452,0.952796042973477,0.999564777442662
USP7,0.0196994960140236,6.37294722681866,0.0034618310978658,0.953081676965205,0.999583403668959
JAK2,0.0392927190064441,4.60105729025792,0.00341651352547245,0.953389432087655,0.999583403668959
TSTD3,0.0737561108978518,4.09500903733826,0.00341456545837815,0.953402707335874,0.999583403668959
KPNA4,-0.0170118197645861,6.4734581816856,0.00340554290561634,0.953464241806368,0.999583403668959
ANKDD1A,0.047160285313811,4.54372912794671,0.00339131119378777,0.953561469617957,0.999583403668959
PDZD8,0.0304039511978686,5.05285412168134,0.00338116771253993,0.953630892569399,0.999583403668959
RGS2,0.0374715072461129,5.26929719982244,0.00338096722171244,0.95363226579998,0.999583403668959
SDC4,-0.0343992564130093,4.70776448991629,0.00328507545857804,0.954293811461676,0.999913816790246
LY75,-0.0267319502073203,5.79505769884663,0.00328267844493624,0.954310471425581,0.999913816790246
RNF31,0.0118811424686309,4.11097645444354,0.00327000118096521,0.954398683875759,0.999913816790246
POGLUT3,-0.12062178897745,3.69703624789103,0.00324830522118802,0.954550050258198,0.999913816790246
NDUFV3,0.0301618068475763,5.9176691080702,0.00319036875051637,0.954956759664548,0.999913816790246
PRPF18,-0.0260406505321556,5.40653080505768,0.00318872855839203,0.954968327379391,0.999913816790246
TMCO3,-0.0376126472894881,4.65053067018298,0.00318832059066843,0.954971205099872,0.999913816790246
HEXA,0.024893993649665,5.7318833492836,0.00316905510457488,0.95510731081214,0.999913816790246
FGFR1OP2,0.0130189137815707,7.26090203334176,0.0031529269264734,0.955221571727605,0.999913816790246
CKAP5,0.0279441290030263,5.00383374164475,0.00309286472562853,0.95564968575873,0.999913816790246
CERT1,-0.0356101782695996,5.60830632671944,0.00306346647308686,0.95586075182559,0.999913816790246
UBR3,-0.0305401190763986,4.91425157135581,0.00298709841563039,0.956413835170203,0.999913816790246
RBBP6,-0.0143617082360518,6.85581173063521,0.0029869682080168,0.956414784195494,0.999913816790246
CDKN2C,-0.0364414928574785,4.16371754085967,0.00298604851697348,0.956421488004683,0.999913816790246
CRNKL1,0.0220981557304512,5.45936254208087,0.00298561061268288,0.956424680339209,0.999913816790246
IKZF4,0.0304973133603962,5.00167278147394,0.00298346440145281,0.956440329675786,0.999913816790246
XYLT2,-0.0598822361553759,3.98325788774595,0.00296976471301846,0.956540355785874,0.999913816790246
TNKS2,-0.0172137054899657,6.13823512671288,0.00296617924020204,0.95656657273401,0.999913816790246
SRP68,0.0262990409293429,5.30558047458013,0.0028999928642115,0.957053412761869,0.999913816790246
ZUP1,-0.0399249971568203,4.34847330045541,0.00289697150934387,0.957075768916398,0.999913816790246
RWDD3,0.0282026366152347,5.5707612524837,0.00288946896766262,0.957131333692942,0.999913816790246
ACADS,0.0721186762440453,4.4756962483542,0.00283347615213891,0.957548329247205,0.999913816790246
NMT1,0.0164483316824291,6.5628704110341,0.0028216966339798,0.957636579484877,0.999913816790246
FBXL5,0.0214782534614568,5.7649938166349,0.00281399545263028,0.957694375380715,0.999913816790246
CYC1,0.0174947577264019,6.11998090563487,0.00281012190358609,0.95772347560462,0.999913816790246
FOXO3,0.0227901770697254,5.49789431562269,0.0028068209989609,0.957748289686,0.999913816790246
ASAH1,0.0431681438404859,5.34703215208446,0.00276531193814122,0.958061585987417,0.999913816790246
GSDMD,0.0158654789426142,6.57503590234267,0.00276249291056452,0.958082948280891,0.999913816790246
AP1M1,-0.0229435042088203,5.70573297493173,0.00273663994351914,0.958279371349525,0.999913816790246
TNFRSF4,0.0284351143673405,8.95199075636121,0.00271268430051919,0.958462211247057,0.999913816790246
RFC2,0.0282058436418582,4.64963463728808,0.00269796089125762,0.958574988592887,0.999913816790246
JRKL,-0.0303677919761297,4.12636583303515,0.00269201413590636,0.958620626594177,0.999913816790246
UPF3A,0.0169539171207093,6.82890729432783,0.00267709924945869,0.958735312804645,0.999913816790246
SIRT1,-0.0270209811984613,4.88750351286006,0.00264537576955348,0.958980316774023,0.999913816790246
HSPA8,-0.0139263430336795,8.89956199348688,0.00263168069487207,0.959086540373826,0.999913816790246
C5orf22,-0.0399708838702048,4.26206414675327,0.00258630514256808,0.959440483201944,0.999913816790246
TBCC,-0.0227770703753634,6.01296097519303,0.00256462043160255,0.95961072953768,0.999913816790246
VKORC1L1,-0.0274085194049578,4.9682752352071,0.00254324391245575,0.959779264010761,0.999913816790246
RETREG1,0.027696489488933,5.35087565541417,0.00252085190317786,0.959956567959521,0.999913816790246
AFDN,-0.0351967099349228,4.5765373262967,0.00249187295800368,0.960187204582662,0.999913816790246
DDX19B,-0.0228088222351996,5.1088060132633,0.00246817058821058,0.960376847575426,0.999913816790246
LPCAT3,0.0338684714371152,4.69063895899363,0.00245473347617242,0.960484763670808,0.999913816790246
MBD4,-0.0171895696093966,6.30443498040105,0.00244176066517099,0.9605892321534,0.999913816790246
HIVEP2,-0.0197599330107696,5.91951324754568,0.00241364913053488,0.960816569782632,0.999913816790246
LSM2,-0.0132717666111979,6.86039140509909,0.00238880095225724,0.961018624141825,0.999913816790246
ALOX5AP,-0.0135426665940122,8.37083801647409,0.00238469423564425,0.961052119399165,0.999913816790246
CASP2,0.0188843830799423,5.70755963363049,0.00237050693553798,0.961168057068717,0.999913816790246
BUD31,-0.0114840889507426,7.04686550447035,0.0023592707791984,0.961260125183272,0.999913816790246
NAB2,-0.0349909252818614,3.82705450146758,0.002354620594474,0.961298292684853,0.999913816790246
PLAA,0.0467610272833291,4.43497573852935,0.0023158972817896,0.961617602074745,0.999913816790246
CIPC,0.0327363637155209,4.02388875136866,0.00230826846439669,0.961680823411246,0.999913816790246
ZNF346,0.0569663055636006,4.04064158173737,0.00228225394413428,0.961897201442844,0.999913816790246
SLFN12L,0.0154411499008961,6.29900214582332,0.00228159988378351,0.961902657532655,0.999913816790246
DCAF4,0.0409172803912644,3.92145405036849,0.00227837292897348,0.961929587867606,0.999913816790246
STK4,-0.00817140979808064,8.92543548012898,0.00226178136182575,0.962068354468963,0.999913816790246
INSIG2,0.0219502044958004,5.08856359009892,0.00226020905240176,0.962081531188438,0.999913816790246
PHPT1,-0.0103090939315176,7.26370925105106,0.00225252776901641,0.962145970225433,0.999913816790246
DDX21,-0.0134041498028817,7.72716048303126,0.00225180517604251,0.962152037791382,0.999913816790246
CEP135,0.019221909872037,5.4077583772396,0.00223976216644495,0.962253306171596,0.999913816790246
SNUPN,0.0253864399966915,5.04825010693747,0.0022384067103971,0.962264721122913,0.999913816790246
CYSLTR1,0.0246200512453228,4.47626512379307,0.00223598981107287,0.962285083599785,0.999913816790246
NAA20,-0.0148133154973868,5.95653273665726,0.00213862966875666,0.96311472055227,0.999913816790246
XPO5,0.0314555032392098,4.3333796560253,0.00212240227921079,0.963254825826001,0.999913816790246
ARV1,-0.0302971085263504,4.78948888318044,0.00211012927816512,0.963361146237366,0.999913816790246
ATP5F1D,-0.00637977612133251,8.42171121644273,0.00209190091043077,0.963519631197264,0.999913816790246
PEBP1,-0.0116340419255703,7.80120811395435,0.00209065953859344,0.963530449315606,0.999913816790246
ZNF581,0.0252846596532406,5.09273785214896,0.00208576959768081,0.963573094769492,0.999913816790246
RFWD3,0.0325906193115527,4.45482097243323,0.00207992653344036,0.963624118211624,0.999913816790246
MIS18A,-0.0140861591841443,4.03754839154855,0.00206077530766891,0.963791858062269,0.999913816790246
MOSMO,-0.0211419858970365,5.12219265122497,0.00205626329281827,0.963831490992077,0.999913816790246
BSDC1,0.0230597191649682,5.64174193812575,0.00205344028004006,0.963856310117793,0.999913816790246
ANKRA2,0.0445304952836125,4.67297473631921,0.0020529199808017,0.963860886306111,0.999913816790246
PPP1R35,-0.0137058015867557,6.48233336685927,0.00201061914977174,0.964234899082318,0.999913816790246
PIP4K2A,-0.0114488370533188,7.14668307521227,0.00200821081771352,0.964256310986685,0.999913816790246
ORMDL2,0.0168289529215063,6.53563892882862,0.00198440904459574,0.964468622639855,0.999913816790246
YIF1B,0.0253643249690091,4.98732363297078,0.00198356172597158,0.964476204168311,0.999913816790246
LLGL2,0.0170683396080717,4.75739483198054,0.00197721188520816,0.964533072173246,0.999913816790246
GPBP1,-0.00983292998089345,7.73023209864499,0.00197602594849755,0.964543703339076,0.999913816790246
TMEM222,0.0193327133391579,5.35246674179034,0.00196373537956696,0.964654069228841,0.999913816790246
TMEM33,0.0159180287009037,5.78485867811699,0.00194745397045892,0.964800805987622,0.999913816790246
PPM1K,-0.0156347018378848,7.00356753839817,0.00193625147626619,0.964902126046466,0.999913816790246
NUP58,-0.0166554165449628,5.6131842813252,0.00193111360312237,0.96494869334638,0.999913816790246
CDC16,0.0202118152868748,5.23023266576419,0.00191636889246105,0.965082678307712,0.999913816790246
HAPLN3,-0.0167973069919307,5.53890539842381,0.0019041967950777,0.965193675600248,0.999913816790246
ARHGEF6,-0.014035649447537,6.44587461292987,0.001862418746021,0.965577378697147,0.999913816790246
SLC12A2,-0.0252108203892281,4.75070585022532,0.00186186818247691,0.96558246388019,0.999913816790246
BRD1,-0.0158048694804712,6.0308301970131,0.00185224002733264,0.965671514711512,0.999913816790246
SPATA33,0.0285941753512217,4.53581214790252,0.00184566955537413,0.965732418198971,0.999913816790246
PTBP3,0.0107539556997428,7.36738174894657,0.00183055949675115,0.965872890827254,0.999913816790246
TOPORS,-0.0195222137841255,5.49287022055441,0.00182240497763608,0.965948941725811,0.999913816790246
DPP7,0.0124687137712654,7.19208109365599,0.00182079713070138,0.965963956976531,0.999913816790246
TAGAP,-0.0203352684748182,6.11758746932211,0.00181388594010556,0.96602857448753,0.999913816790246
PDCD4,0.0107720591211112,8.22636426785835,0.00180601940820502,0.966102274403857,0.999913816790246
COPB2,-0.0199429239603519,5.89727413987548,0.00178053795069388,0.966342115597462,0.999913816790246
TMEM94,-0.0232324643183773,4.26541315570778,0.00176943713034916,0.966447138153346,0.999913816790246
PIGP,-0.0216281497879601,5.16044363427801,0.00175770489094162,0.966558493776731,0.999913816790246
NBR1,-0.0151064714195486,6.01621187226432,0.00173918422993147,0.966735041641791,0.999913816790246
LYAR,0.0137347549457569,6.34679690988533,0.00172356430068987,0.966884671681698,0.999913816790246
PIKFYVE,0.021306279430515,5.32819369595355,0.00171891388566792,0.966929351100475,0.999913816790246
SERF2,0.00307972597257245,10.3480398491475,0.00171055010142673,0.967009859785853,0.999913816790246
NSMAF,-0.0222904856460164,5.16247393375601,0.00170146195156562,0.967097564956165,0.999913816790246
ZNF808,0.0210443761539745,4.39106414534426,0.00169037373112246,0.967204890186627,0.999913816790246
ORMDL1,0.00901348139199467,7.38466984275065,0.00165076978972678,0.967591133330534,0.999913816790246
ARL6IP5,-0.00716797444125834,9.02848394756958,0.00163832042709977,0.967713504175312,0.999913816790246
TMEM259,-0.0120416161601969,6.75838871307241,0.00162153198031945,0.967879265848061,0.999913816790246
POLR1A,0.0241517038493393,4.16789010069438,0.00160988915589755,0.96799472716045,0.999913816790246
PSMB7,-0.0102001961836157,6.80704627626736,0.00160773451064244,0.968016140474797,0.999913816790246
NHLRC2,0.0203082149493229,5.14449299609598,0.00160592893787914,0.968034095704273,0.999913816790246
LINC00847,-0.0235397520372523,4.93775644667171,0.00158820356645606,0.968210902445184,0.999913816790246
JMJD4,0.0380295607931327,4.26353592361341,0.0015810171763988,0.968282866527265,0.999913816790246
PHF2,-0.0253492241162223,4.68711872487214,0.00157749876780144,0.968318159393982,0.999913816790246
GOLGA2,0.0159469330041357,5.54363114973765,0.00156407996918162,0.968453125470625,0.999913816790246
PIAS4,-0.0179845334876574,4.54223766949585,0.00155922422043631,0.968502107316936,0.999913816790246
INIP,-0.0182073249073943,5.24399232636859,0.00154415544259479,0.968654600340314,0.999913816790246
FADD,-0.0219243227892082,4.77952736427581,0.00153962849779532,0.96870055754348,0.999913816790246
CHD4,0.00849546624227279,7.50125505491946,0.00153896971346512,0.968707251109723,0.999913816790246
PTER,0.0252506723854883,4.75441521544621,0.00152983335902235,0.96880022923467,0.999913816790246
RSRC1,-0.0128647726954485,6.00055127862916,0.00152977510350638,0.968800822975613,0.999913816790246
TBL2,-0.042567766820882,4.2636988472318,0.00150996453076857,0.969003393463767,0.999913816790246
CCP110,0.0197157457744562,4.77263642225239,0.00150036664073028,0.969102014010453,0.999913816790246
ATF2,0.0147754043738089,5.63474710552487,0.00149275215103728,0.969180479604663,0.999913816790246
GRINA,-0.0238018167660644,4.49477522931665,0.0014808751406985,0.969303270718985,0.999913816790246
DHDDS,-0.0240352946086555,4.80400893953007,0.00145169491145936,0.969607062868019,0.999913816790246
CHMP2A,-0.0080650738744791,7.33738649454187,0.00144781362289947,0.969647700097119,0.999913816790246
ZSWIM6,-0.0175262209524666,4.35847656680932,0.00143833578755803,0.969747163209372,0.999913816790246
SCRIB,-0.0293315592184907,4.45604553041184,0.00143698290419536,0.969761387488111,0.999913816790246
WRAP73,-0.0180799287231571,5.10838659699676,0.00143195333933122,0.969814327459808,0.999913816790246
ZFAND5,-0.0118969326862427,6.55695991215533,0.00142873412287869,0.969848261026476,0.999913816790246
FAM234A,0.0378345212733531,3.98309385784846,0.0014272468388512,0.969863951326717,0.999913816790246
RPS8,-0.00647654552238989,12.256205457602,0.00140935946383713,0.970053301769154,0.999913816790246
RGPD5,0.00684899632717468,4.07573019291589,0.00139856288780038,0.970168173853514,0.999913816790246
KBTBD3,-0.0289338676918453,4.50953579295993,0.00139719910724523,0.970182715578471,0.999913816790246
COMMD9,-0.0167059167672485,5.10057062146335,0.00137132051719213,0.970460013127548,0.999913816790246
METTL3,0.0249778757253787,4.63477194416721,0.00136651064707038,0.97051184035701,0.999913816790246
MED8,-0.0173114795892273,5.21279987660377,0.00135115990705792,0.970677861210383,0.999913816790246
WDR3,-0.0229290150303965,4.13841480248301,0.00134676897627273,0.970725523360062,0.999913816790246
PSME2,0.0115283875812916,8.45317699169076,0.00133944143611231,0.970805235048736,0.999913816790246
DR1,-0.0102224233167322,6.63464258388834,0.00131677191303048,0.971053234964222,0.999913816790246
HSF1,-0.0187868068870542,5.34029677461494,0.0013115106839301,0.971111096652744,0.999913816790246
AMPD3,0.005916360428643,3.98696865746503,0.00130070868437571,0.971230259729232,0.999913816790246
BZW1,-0.00626601777231615,7.96888929261533,0.00128693623769216,0.971382912401635,0.999913816790246
DLST,0.0233401249313382,4.91144725755904,0.00128672014080777,0.971385314102184,0.999913816790246
DHX37,-0.0134046608972613,4.5455126727661,0.00128021903262621,0.971457662066283,0.999913816790246
MPV17,-0.0159167289277253,5.44406162637225,0.0012767138072558,0.971496746501099,0.999913816790246
SH3GLB1,0.0104802810299689,7.24891738675538,0.00125978456506459,0.971686274034825,0.999913816790246
RLIM,-0.018640434465611,5.03781352208327,0.00124816071838652,0.971817145443888,0.999913816790246
ATRX,0.00655742423859346,7.97438749484643,0.00122967351023107,0.972026553925567,0.999913816790246
MAD1L1,-0.0119033000168374,5.97434349499376,0.00121538216174777,0.972189517403428,0.999913816790246
ZNF75D,-0.0458030922852375,3.98903282697242,0.00121414791071395,0.972203636394218,0.999913816790246
MRPL16,-0.0124438915197617,5.71196769134007,0.00119335559216083,0.972442575470942,0.999913816790246
CAPN7,-0.014698585976053,5.45912580811369,0.00119043137936714,0.972476346288996,0.999913816790246
ADCY3,-0.0170508646421571,4.58749146509413,0.00114272494927548,0.973033274813566,0.999913816790246
NQO2,0.0164526066387303,4.82338096866151,0.00114066624060527,0.973057567856895,0.999913816790246
XIST,-0.0341936740785006,8.31925012787523,0.00112391357397357,0.973256073242337,0.999913816790246
BTG1,-0.0070148288334214,10.145657109177,0.00111564927657071,0.97335454392666,0.999913816790246
KLRC1,0.0209219499539781,4.77568857055826,0.00111309783153501,0.973385018593916,0.999913816790246
ZNF226,0.0164992197723823,5.21301812579133,0.00110393916336093,0.973494699526245,0.999913816790246
KLHDC3,-0.0162793617479739,5.15677823335795,0.00110374626531851,0.973497014492115,0.999913816790246
MBNL2,-0.0116414847861605,5.78904581761894,0.00105822252873011,0.974049127034546,0.999913816790246
AP4S1,-0.0245663807212601,4.37223443982272,0.00105268737464037,0.974117061648964,0.999913816790246
UBE4A,0.0128192827207472,5.68216926792811,0.00104317735605797,0.97423419980074,0.999913816790246
LCOR,0.0110390150663374,6.12253969238108,0.00103842192403292,0.974292974545807,0.999913816790246
PIGQ,-0.0331346450783634,3.96004257260259,0.00103521544812502,0.974332681047601,0.999913816790246
ZNF429,0.0476580807923371,4.16449376182444,0.00102133982910146,0.97450521970827,0.999913816790246
UBE2R2,0.0124917347656956,6.21446701490875,0.00101602791966471,0.974571581816899,0.999913816790246
IL26,-0.0189154692614595,4.86781152772238,0.0010028187812523,0.974737361389444,0.999913816790246
SMIM8,-0.0189547631661838,4.7382012351409,0.000995040814752102,0.974835489301583,0.999913816790246
PLXND1,0.0301864339628516,4.9387692048809,0.000984408970261086,0.97497024529375,0.999913816790246
TMEM265,-0.0944407378278153,4.07612810859219,0.000946092128668141,0.975462048711213,0.999913816790246
TEPSIN,-0.0210363670403878,4.51878997072258,0.000929019982102375,0.97568437995117,0.999913816790246
CORO2A,0.0268096281741415,4.69102339911528,0.000922606479868193,0.975768431019626,0.999913816790246
C1orf159,0.0399799450685759,3.8531817989469,0.000920002099988437,0.975802645732553,0.999913816790246
MYCBP2,-0.00738541607924561,8.02374432012611,0.000909002364851474,0.975947690909372,0.999913816790246
CDC23,0.0169153377558302,4.51069691560337,0.000902716782542612,0.976030968680534,0.999913816790246
GMPR2,0.0147542287092401,5.36984443355167,0.000887407605688395,0.976235022586171,0.999913816790246
PLOD3,0.0176797805887112,4.82667262944838,0.000883976101228257,0.976281001762472,0.999913816790246
RBM33,-0.00782550621969121,6.73233763343164,0.000881389245501296,0.976315722458095,0.999913816790246
XAB2,-0.00582657647972371,4.91590631444849,0.000875410289591372,0.976396167484331,0.999913816790246
RBBP8,0.024422585558307,4.22078632322331,0.000836638966053016,0.976924636514682,0.999913816790246
RTP4,0.0163722192776907,4.96274785447807,0.000826190360786683,0.977069140942161,0.999913816790246
VCP,0.00792787714603741,6.97549403106581,0.000822494457224821,0.977120474119234,0.999913816790246
VCPIP1,-0.010180982125009,5.76561134073925,0.000816149151658507,0.977208875337753,0.999913816790246
KDM5C,0.018039389149634,5.32412643191366,0.000809752888386583,0.977298335260196,0.999913816790246
CCSAP,-0.0136606811987342,4.87627049502137,0.000805241450922978,0.97736164631966,0.999913816790246
PHRF1,-0.0130494687651158,5.03322222177884,0.000803689472739677,0.97738346695237,0.999913816790246
CSNK1G1,-0.0165328049425392,5.21213440487802,0.000802126123126357,0.977405468794326,0.999913816790246
CIC,0.0174749653458085,4.81160776573642,0.000790929170385368,0.977563680715181,0.999913816790246
CEP295,-0.0127498339038266,4.60302255657894,0.000785851684565131,0.977635794365594,0.999913816790246
PIM2,0.00918376411383546,7.25606840194025,0.000777159592875165,0.977759788255488,0.999913816790246
USO1,0.0095225172879615,5.94328790493494,0.000767791707888321,0.977894201935851,0.999913816790246
PSMD5,-0.0154273893679808,4.5695507893253,0.000751752066715739,0.978126264012212,0.999913816790246
SLC25A16,-0.0140071848513244,4.59861764968822,0.000746592980210181,0.978201431479727,0.999913816790246
ELMOD3,-0.0107562727628724,4.97778334972168,0.000717479427105872,0.978630573970424,0.999913816790246
NDUFA9,-0.00844883080347983,6.03640529133279,0.000716092580390182,0.978651231965646,0.999913816790246
GRK2,-0.00754495067980215,7.08611699893167,0.000693162767392508,0.97899573424758,0.999913816790246
ESF1,-0.00877104912021531,6.16723404098091,0.000688969781917237,0.979059344044783,0.999913816790246
OAT,-0.0116343731939988,4.79084849087134,0.000683418740511144,0.979143854973668,0.999913816790246
LRRC2,-0.00414919432607052,4.13740908129171,0.000669376226756668,0.97935918912184,0.999913816790246
FAM133B,-0.00834545377923448,7.63902833736853,0.000668523463442483,0.979372338237858,0.999913816790246
DNAJC9,0.0115398464619594,5.57307062285671,0.000663601121662083,0.979448402475222,0.999913816790246
ENPP4,0.0223045784521918,4.06550767785315,0.000662412394010659,0.979466813990258,0.999913816790246
GSPT2,0.0256733075982426,4.38588046596673,0.000646051511036916,0.979721918041512,0.999913816790246
OARD1,-0.0100334479349456,5.96509787835171,0.000645425990247972,0.979731735140758,0.999913816790246
PSMC3,0.00805428048781733,6.35747337458904,0.000643609249348032,0.97976027460491,0.999913816790246
WRN,-0.011357061717874,4.88180998657664,0.000623101763427059,0.980085268660338,0.999913816790246
COPB1,-0.00656049428135627,6.8277714435198,0.000597391459384866,0.980500371955192,0.999913816790246
METAP1,-0.0135666045178026,5.21445329985794,0.000596643675031316,0.980512577671315,0.999913816790246
TXNDC15,-0.0090327886051755,5.75274788930065,0.000585901928349841,0.980688761932281,0.999913816790246
CBL,0.00754952434069037,6.28950956044485,0.000584377173592721,0.980713901243039,0.999913816790246
TNFAIP3,0.0102490564798435,8.83471220355601,0.000570465369744255,0.980944804265659,0.999913816790246
MGAT4B,-0.00813762427642226,5.3910508152715,0.000570313623391883,0.980947338336251,0.999913816790246
TMEM39A,-0.0190876116153194,4.33832695524416,0.000566540227506351,0.981010460558869,0.999913816790246
RFK,-0.0108287952086713,5.07982204948783,0.000565772996353076,0.981023320680867,0.999913816790246
PRPF4B,0.00483994490676746,7.87582436040825,0.000560007882068447,0.981120234396547,0.999913816790246
BEX3,-0.00477434064972495,4.43518151986652,0.000555482458839407,0.981196658638446,0.999913816790246
HTT,-0.0112634817654828,5.32077872760418,0.000551617440873287,0.98126217709153,0.999913816790246
EFHD2,-0.00726922189309517,7.56861335057173,0.000551420625139798,0.981265519579613,0.999913816790246
CSTF3,0.0106480654736233,5.21894642852927,0.000546024957419178,0.981357386873199,0.999913816790246
USP11,0.0194060686643065,4.76628608913967,0.000545169469898355,0.981371994149063,0.999913816790246
ALDH3A2,-0.0265689455761271,4.48768027240881,0.000536847373922456,0.981514694981673,0.999913816790246
VAMP3,0.0200819395265331,4.86001420004555,0.0005327957681871,0.981584569275128,0.999913816790246
ALDOC,-0.0155324890125507,4.18736077901887,0.000520190791181818,0.981803672698521,0.999913816790246
ERAP1,0.0164255185186376,5.38754958779335,0.0005126452081754,0.981936104699486,0.999913816790246
TMLHE,0.0278983209160309,3.90245939053711,0.000506528856789146,0.982044169588085,0.999913816790246
PDAP1,0.00521125182881029,7.0285319688128,0.000497948108039381,0.982196882290237,0.999913816790246
DCUN1D5,-0.00964832804822321,5.69505827158211,0.000495515114154799,0.982240421710864,0.999913816790246
ENDOG,0.0130309674207522,4.8642194747211,0.000494542062666525,0.982257864796186,0.999913816790246
ZNF217,-0.00775265062533942,6.53208311191311,0.000491792127013113,0.982307253642774,0.999913816790246
SAP30BP,0.00911709808849612,5.81326564306514,0.000471231402233485,0.982680989900906,0.999913816790246
PREPL,-0.00956597239126902,5.28782762554508,0.000469720098813298,0.982708780063434,0.999913816790246
MAPK8,-0.0130469104551767,4.82403008849105,0.000456693139231135,0.982950201543167,0.999913816790246
ZBTB10,0.0209476848847164,4.31373671114481,0.000455586632366334,0.982970865628381,0.999913816790246
GPSM2,-0.0324622853190259,4.36388404539934,0.00045170050012544,0.983043639042786,0.999913816790246
TMSB4X,0.00246630337769639,13.5419125364108,0.000448320123956236,0.983107196558257,0.999913816790246
TMC8,-0.00665155029235138,6.57096954991366,0.000445250343430459,0.983165122300791,0.999913816790246
TTC5,0.011913430928968,4.83135127767066,0.000436579386725811,0.983329828224932,0.999913816790246
MRPL4,-0.00965153524585836,5.90840616366231,0.000425436216247022,0.983543915945221,0.999913816790246
VPS26A,0.00881397631073252,5.8513502955623,0.000425216915738602,0.983548157216921,0.999913816790246
TUBD1,-0.0093737371319046,4.5624718325538,0.000424751473827811,0.983557162490171,0.999913816790246
FAM193A,-0.0081977413470556,5.34831667740107,0.000419510557986058,0.983658905375172,0.999913816790246
RPP14,0.00979793682499076,4.15350259260262,0.000404018083797197,0.983963439733134,0.999913816790246
SAMD9L,0.0102033079607459,7.23996953669725,0.000401086900943426,0.984021711075663,0.999913816790246
CD83,0.0242806759213421,5.14210215891715,0.000400661498158428,0.984030185677606,0.999913816790246
LDHB,-0.00497128390497609,8.62809306991784,0.000382992503809021,0.984386240804317,0.999913816790246
XRRA1,-0.0161476643542086,4.95878613518001,0.000379266468211625,0.984462367911533,0.999913816790246
GOLPH3L,-0.00575946319731282,4.30037286434053,0.000379208530739916,0.984463554586055,0.999913816790246
MFHAS1,-0.00788402612940183,6.13257626782994,0.000373161174501036,0.98458791918887,0.999913816790246
BRD3,0.0089343261907737,5.4123781358864,0.000371286693811257,0.984626672463498,0.999913816790246
UFL1,0.0073706769844434,5.91871440126193,0.000363571584244937,0.984787215534236,0.999913816790246
RPS6KA3,0.00575317309700773,7.10943117504422,0.000360698162905848,0.984847443254125,0.999913816790246
RIOX2,-0.0277736290078167,4.21880642657255,0.000346817263608301,0.985141830368506,0.999913816790246
WDR13,-0.0101477122761083,4.80511754877384,0.000345200236806065,0.985176504764522,0.999913816790246
SMAD2,0.00548784672987107,6.3445055745955,0.000343237023821885,0.98521871191113,0.999913816790246
WDR86-AS1,-0.0192946377656289,4.60814667302235,0.000331287561191829,0.985478260310359,0.999913816790246
GATAD2A,0.00777394648715019,5.94696087793888,0.000325688344933184,0.985601488536778,0.999913816790246
ILVBL,-0.0123007491646748,4.21758540742392,0.000325337122584202,0.985609253466856,0.999913816790246
PLEKHM3,-0.0551284872980097,3.82012202638699,0.00032268657247414,0.985667988360936,0.999913816790246
LDLRAP1,0.0136427485164913,5.06692280120257,0.000321983555760852,0.98568360731726,0.999913816790246
BORCS8,0.0101906716052941,5.12159971560212,0.000307282273521281,0.986014223818336,0.999913816790246
PRKRA,0.0109584785370853,5.29828621233438,0.000296523506369439,0.986261220217921,0.999913816790246
TFEB,0.0198157605887558,4.41590361642687,0.000295264697182773,0.986290410467516,0.999913816790246
JARID2,0.00883926476133653,6.32574685496166,0.000290976964098633,0.986390307760751,0.999913816790246
MRPL22,-0.00676345304419122,6.00481126351092,0.00029013089114649,0.986410106681813,0.999913816790246
HTRA2,0.00570804101694078,5.1863088784235,0.000275518854291335,0.986756713300712,0.999913816790246
GCHFR,-0.00367122114798761,5.93149724913965,0.000272820738427271,0.986821711696187,0.999913816790246
ETFB,0.00592120938704606,6.74256472201531,0.000257986313048519,0.987184967229218,0.999913816790246
SPG7,0.00687233445799951,6.26320406119536,0.000253427225139546,0.987298694785904,0.999913816790246
SELENON,-0.0119209392803533,4.2323626382945,0.00024548295990634,0.987499339264692,0.999913816790246
RRP36,-0.00547026543307794,5.99056217119296,0.000241685632731858,0.987596393355417,0.999913816790246
STOML2,0.00517321776375196,6.11421719284188,0.000241284394678409,0.987606692820943,0.999913816790246
CD99,-0.00317429101402678,8.99547408026307,0.000241124749049249,0.987610793180676,0.999913816790246
PEX3,-0.00766976762349198,4.18901128344317,0.000239320848422153,0.987657219490556,0.999913816790246
TCP11L1,-0.00254571508253819,3.86297073181046,0.000236833408669312,0.987721525799486,0.999913816790246
NEU1,-0.00553917520471171,5.65087687862578,0.000230632711634371,0.987883314916495,0.999913816790246
BBS7,0.0141798703230526,4.20363765960845,0.000229544990460795,0.987911919142506,0.999913816790246
MTSS1,0.0110956780379376,4.19956120394813,0.000228937243168303,0.987927930831913,0.999913816790246
SLX4IP,0.00761442664703605,4.17567790411111,0.000227554783542416,0.987964432428183,0.999913816790246
PMVK,0.00488072518150008,6.5139409641152,0.000217638500785711,0.988229574270574,0.999913816790246
ANAPC5,-0.00537021720339569,6.77034960550923,0.000212932305455382,0.988357521963752,0.999913816790246
TCEA2,-0.00747279763937417,4.81025248832636,0.000202344668144505,0.98865064193303,0.999913816790246
ERBIN,0.005296976443395,6.68644851549366,0.000199471000087215,0.988731515645735,0.999913816790246
NBDY,0.00513361718321473,6.18597689615521,0.000195496206714552,0.988844344899869,0.999913816790246
MYO1F,0.0050811714757906,6.91122139720715,0.000186230131903997,0.989111913628959,0.999913816790246
IFI44,-0.00560428589601191,6.47618750254096,0.000180708149162712,0.989274541903557,0.999913816790246
UPP1,-0.00524234206796814,6.68985785320569,0.000179477409952611,0.989311125759611,0.999913816790246
SHLD3,0.0159732154348465,3.81571882320618,0.000168207281536326,0.989652146241347,0.999913816790246
PRMT2,-0.00350820551001568,7.71316833845923,0.00015250953483914,0.990146794948742,0.999913816790246
TRA2A,0.0029256866662117,7.39303265294306,0.000148923240827159,0.990263328418117,0.999913816790246
DYNC1LI1,0.00272392382274543,6.21027451412626,0.000145965796839675,0.990360488018839,0.999913816790246
SMC5,-0.00410519026164871,6.38169555292401,0.000136036823677799,0.990694098391388,0.999913816790246
GMPS,-0.00514068306707133,5.65022307068166,0.000135852711654394,0.99070039753447,0.999913816790246
ZNF211,0.0128979505654877,3.83056171210705,0.000131323641241465,0.990856720117355,0.999913816790246
KLRG1,0.0112790817558034,5.16442314547921,0.000128489456770353,0.990955917658905,0.999913816790246
CRIPT,-0.00376450346143584,5.73823959254032,0.000115641072866879,0.991419990923497,0.999913816790246
IRF3,0.0037737071325634,6.75527930821804,0.000114790556487776,0.991451600044626,0.999913816790246
EIF2D,0.00722062827011736,5.01652684745078,0.000114444365358679,0.991464499632764,0.999913816790246
EED,-0.00473924852187307,5.91740525612968,0.000110391948581423,0.991616974817342,0.999913816790246
FRA10AC1,0.00599610609126483,5.63519553557247,0.000108894824560224,0.991674011642805,0.999913816790246
BOLA1,0.0218669528036803,4.64205767497602,0.000108042154337795,0.991706671678222,0.999913816790246
CLTC,-0.00420769106490391,6.45423867878949,0.000105811137444789,0.99179274184466,0.999913816790246
P2RY10,-0.00298155901403224,6.46878445281977,0.00010411811260802,0.99185866419063,0.999913816790246
TADA3,0.00613179486325109,6.0366722927515,0.000101615941039412,0.991957082239468,0.999913816790246
TXNRD2,0.00747669431833645,4.31318522483594,0.000100935728504226,0.991984045996279,0.999913816790246
CD55,0.00591204058039804,5.74049573881049,9.9825080035032e-05,0.992028268373235,0.999913816790246
MLF2,0.00291295933392515,6.19470597369842,9.46414156786091e-05,0.992237996662335,0.999913816790246
HIKESHI,0.00334094187106338,6.19478434941817,9.35475037167066e-05,0.992282984157487,0.999913816790246
GANC,-0.00569430668481368,4.08494561181046,8.98845089363221e-05,0.992435573968265,0.999913816790246
NFKBIA,0.00469383742256768,8.72995395291341,8.95605562618584e-05,0.992449217335451,0.999913816790246
TRIM21,-0.00752758191856253,5.12162331297524,8.39481864858271e-05,0.992689625186252,0.999913816790246
GPATCH3,0.0045435228493507,3.98510611736651,7.62941466163625e-05,0.993030844594757,0.999913816790246
STK39,0.00341941977483756,5.49166982860573,7.47559739302517e-05,0.993101453397986,0.999913816790246
HEBP2,0.0025306117918874,6.88594433795338,7.33914388870716e-05,0.993164702045373,0.999913816790246
AK2,0.00510030863974863,5.68212871208975,7.1293972670361e-05,0.993263081263635,0.999913816790246
XPO7,0.00429468425278952,4.84220904379262,7.07630257430481e-05,0.993288213445467,0.999913816790246
CPSF7,-0.00251142034067002,5.32179498061432,6.97524355324219e-05,0.993336311293502,0.999913816790246
MR1,-0.0033193391873506,5.42099454023312,6.9021512448586e-05,0.993371316223102,0.999913816790246
CETN2,-0.00337504950615841,4.67250186120424,6.85570573306649e-05,0.993393656013941,0.999913816790246
HPRT1,-0.00351369652204135,5.8830656780943,6.35944247235898e-05,0.993637248237796,0.999913816790246
XBP1,0.00214893784992207,7.29821949703135,6.30559482086568e-05,0.993664242771155,0.999913816790246
ABCB1,0.00749870764625591,4.4829011713608,6.24051638666856e-05,0.993697021750862,0.999913816790246
NTMT1,0.00457505401620517,5.64412693951881,6.14621975856267e-05,0.993744822255468,0.999913816790246
MED25,0.0112499588465567,4.84082225224049,5.98518713630369e-05,0.993827308159546,0.999913816790246
COG8,0.00314450430250933,4.27546442685725,5.86868956862219e-05,0.993887675784856,0.999913816790246
PSMA1,-0.00236550498645255,7.42857903636746,5.82750894135842e-05,0.993909158225963,0.999913816790246
METTL18,0.00644277109592605,4.57020935457913,5.69661095966012e-05,0.99397795191869,0.999913816790246
TBP,0.0144078577627188,4.378379931476,5.63673925597641e-05,0.99400968094432,0.999913816790246
SELENOS,0.00191488497650762,7.05784966507819,5.41875927737578e-05,0.994126647474955,0.999913816790246
SRPK2,-0.00282330895939942,6.24661403174318,5.23322894387945e-05,0.994228068864445,0.999913816790246
WDR83OS,0.00163233076345736,7.9583523907373,5.13646546824731e-05,0.994281679013218,0.999913816790246
SORL1,0.00343828921267669,6.09535320268089,4.98573663634261e-05,0.994366203967372,0.999913816790246
FAM24B,0.0328359098509464,3.85050177997,4.9547892288615e-05,0.99438371591261,0.999913816790246
ARL4C,-0.0015160875340747,8.70580895165606,4.80619154075157e-05,0.994468573830769,0.999913816790246
SSX2IP,-0.00401934227461641,3.71343447283602,4.7354248998488e-05,0.994509446715861,0.999913816790246
MAD2L2,0.00753883762243932,5.3771988193418,4.57845156098813e-05,0.994601214666411,0.999913816790246
CHMP4A,-0.00149660008450442,7.58029209173928,4.56295391337847e-05,0.994610359474368,0.999913816790246
TBC1D25,-0.0210863591810166,4.02643944479169,4.39817134232356e-05,0.994708571279748,0.999913816790246
EIF1,-0.000990725622223533,11.3530264029589,4.26528047778874e-05,0.994789123604129,0.999913816790246
MIR222HG,0.0114407257903605,4.31353652052,4.1945201044058e-05,0.994832527601624,0.999913816790246
DVL1,-0.00353234207983407,4.20134509706194,4.16014776654095e-05,0.994853743498158,0.999913816790246
IMMP2L,-0.00705036659192099,3.88681147079981,4.02995672565964e-05,0.994934908026359,0.999913816790246
PDGFA,-0.0144956863209808,4.0489302246181,3.84262114039302e-05,0.995054034712915,0.999913816790246
LSM6,-0.00186135996956997,6.84286926045412,3.74050022848849e-05,0.99512019804325,0.999913816790246
PIK3R1,-0.0019019978367244,7.02607820301262,3.04911058233159e-05,0.995594203413705,0.999913816790246
C1GALT1C1,-0.0041305932859743,5.21753308758926,3.03072963614426e-05,0.995607503079855,0.999913816790246
MIDN,0.00245551701462347,6.30153654489241,2.97871709218356e-05,0.99564535722621,0.999913816790246
HMGN2,-0.0015581305724162,8.4933685573007,2.82746647179977e-05,0.995757354484795,0.999913816790246
DPH6,0.00395728796263851,4.26772206110941,2.5847250107347e-05,0.995943557135929,0.999913816790246
CAST,-0.00134645463822774,8.64176211528461,2.08675817230386e-05,0.9963551923617,0.999913816790246
ELOC,0.000982191955148526,7.00579920577571,1.94093085923441e-05,0.996484851400652,0.999913816790246
PXK,-0.00115355341573021,4.87588501523935,1.90535483124421e-05,0.996517215402754,0.999913816790246
PSPC1,-0.002036484815074,5.5790655832838,1.89826336267629e-05,0.996523702626048,0.999913816790246
GOT2,-0.000156948531686469,5.15342262642019,1.86814258462675e-05,0.996551392888296,0.999913816790246
NFKBIZ,-0.00280539256317568,6.68868888905626,1.86344825046092e-05,0.996555728477146,0.999913816790246
SPCS1,0.000945324283470386,8.05378653341749,1.78676050168747e-05,0.996627344830605,0.999913816790246
ZCCHC4,0.0239825037683652,3.81738918595324,1.72084282290541e-05,0.996690141570777,0.999913816790246
ZNHIT1,0.000805346989768629,7.51295380800491,1.69902379649756e-05,0.996711191679546,0.999913816790246
RPS6KB1,0.0030567441329978,5.37104435213882,1.679187380077e-05,0.996730446660223,0.999913816790246
PCGF6,0.00596183491382252,4.11104235530449,1.60945846321425e-05,0.996799050791406,0.999913816790246
SLC39A3,-0.00110895825777154,5.13065835929367,1.59092092317792e-05,0.996817538146376,0.999913816790246
GRAP2,-0.000915213873067478,6.41410137148462,1.44543584870149e-05,0.996966538928242,0.999913816790246
CSGALNACT1,0.00410348646167658,5.16308391929187,1.39875335953832e-05,0.997015925782565,0.999913816790246
ADAP1,-0.00816272663028196,4.27721475814185,1.34288493782719e-05,0.997076127094689,0.999913816790246
C14orf119,-0.00246570671721485,5.92491055807998,1.26837632024035e-05,0.997158398285572,0.999913816790246
NIPBL,-0.000758857632520142,7.14220100520813,1.1031373846393e-05,0.997349950022475,0.999913816790246
HACL1,0.00172144398832132,4.63582941059061,1.01791782505245e-05,0.997454367632029,0.999913816790246
ACIN1,0.00129971798049588,6.62671260089388,9.01066893543856e-06,0.997604931571524,0.999913816790246
COMMD3,-0.000780408293204119,6.48969603820445,8.99571743850913e-06,0.997606919471551,0.999913816790246
ABL2,-0.00591776471807924,4.47871692960912,8.27588406338009e-06,0.997704661921521,0.999913816790246
CBX4,0.000883161419383679,5.55199147818609,7.46439718568581e-06,0.997820098393581,0.999913816790246
JAK1,0.000361109399601601,8.78906017809355,6.97758577139496e-06,0.997892380790124,0.999913816790246
CPNE1,-0.000680336512485045,6.94916297253427,6.92220252673792e-06,0.997900761845671,0.999913816790246
ACADVL,-0.00065477737791415,6.03298253638231,6.36453131619419e-06,0.99798709715042,0.999913816790246
NSD2,0.000577793512008372,5.20586763729051,6.35012279204261e-06,0.997989376920117,0.999913816790246
CCNH,-0.00108269394599599,6.38046695024198,6.1109123272729e-06,0.998027610664632,0.999913816790246
RNF10,0.00133988170266197,6.12933484398521,5.63303002465432e-06,0.998106302146986,0.999913816790246
POLI,0.0103466310856991,4.47712334545628,5.08987579550535e-06,0.99819991387075,0.999913816790246
MARF1,-7.74299097769271e-05,5.73313274328375,3.03767439646663e-06,0.99860937365742,0.999913816790246
RAN,0.000458858625132854,8.22767210007395,2.77496819123257e-06,0.998670865701238,0.999913816790246
TRUB2,0.0119962852479624,4.57101165103387,2.06836991978321e-06,0.998852496501246,0.999913816790246
VPS50,0.00560402379010235,4.23355860341023,1.84796417812549e-06,0.998915357289361,0.999913816790246
HOMER1,-0.00843165887733017,4.03798305960172,1.46050727067859e-06,0.999035745182254,0.999913816790246
ZNF780A,0.0037022402889445,4.42450328104879,9.3939670264831e-07,0.999226670621444,0.999913816790246
ZNF549,-0.0317472713287395,3.8145160822785,9.32277998799691e-07,0.999229606319508,0.999913816790246
MRPS5,-0.000356657655199778,6.6530493210203,7.08710839347759e-07,0.999328301238177,0.999913816790246
ACYP1,-5.35535045224464e-05,5.58970892270945,6.22737349686986e-07,0.99937035976343,0.999913816790246
EYA3,0.0010057471104282,4.6445794654133,4.90953965481822e-07,0.999440937435882,0.999913816790246
HMG20A,-0.00246722900443068,4.59408195269795,2.12758555662163e-07,0.999631969710935,0.999913816790246
ALG2,0.00085045281069759,4.85721373313783,1.85281610498578e-07,0.99965655578413,0.999913816790246
WBP1L,0.00214353548267127,5.01339078183417,1.50771818141493e-07,0.999690186643734,0.999913816790246
AQR,-0.000356669756095985,5.52788715146435,5.95451439266981e-08,0.999805301219265,0.999913816790246
ZBTB7A,0.000289755371043641,6.74583587847225,4.37456133539627e-08,0.999833118838662,0.999913816790246
HS2ST1,-0.00132942350908875,4.3887829463868,2.96186115633645e-08,0.999862683600524,0.999913816790246
SMARCA2,3.45567288498893e-05,7.12136586235067,1.16671614591723e-08,0.999913816790246,0.999913816790246
