,Set,NGenes,Direction,PValue,FDR,DEG.GENES
1,fibrosis_transcriptional_signature,18,Up,0.00405007712362656,0.0202503856181328,
2,WP_NITRIC_OXIDE_METABOLISM_IN_CYSTIC_FIBROSIS,8,Up,0.347640400857692,0.591824953638595,
3,REACTOME_DEFECTIVE_CFTR_CAUSES_CYSTIC_FIBROSIS,57,Up,0.355094972183157,0.591824953638595,
4,WP_LUNG_FIBROSIS,36,Up,0.734473113786208,0.800401567222849,
5,pulmonary_fibrosis_ctd,59,Up,0.800401567222849,0.800401567222849,
