,Set,NGenes,Direction,PValue,FDR
1,WP_LUNG_FIBROSIS,36,Down,4.00020333018141e-05,0.00020001016650907
2,pulmonary_fibrosis_ctd,59,Down,0.00017196570807213,0.000429914270180326
3,REACTOME_DEFECTIVE_CFTR_CAUSES_CYSTIC_FIBROSIS,57,Up,0.0173931339313474,0.0289885565522456
4,fibrosis_transcriptional_signature,18,Down,0.255914996368991,0.319893745461238
5,WP_NITRIC_OXIDE_METABOLISM_IN_CYSTIC_FIBROSIS,8,Up,0.677911717518871,0.677911717518871
