Set,N,DE,P.DE,FDR,DEG.GENES,k,n,GR
WP_LUNG_FIBROSIS,50,5,2.94004020127892e-05,0.000147002010063946,"SPP1,CCR2,MMP9,IL6,IL1B",5,155,0.032258064516129
pulmonary_fibrosis_ctd,85,5,0.000371951182099844,0.00092987795524961,"SPP1,CCR2,MMP9,IL6,IL1B",5,155,0.032258064516129
REACTOME_DEFECTIVE_CFTR_CAUSES_CYSTIC_FIBROSIS,60,1,0.351808176698511,0.586346961164185,DERL1,1,155,0.00645161290322581
fibrosis_transcriptional_signature,104,1,0.528714628682987,0.660893285853734,SPP1,1,155,0.00645161290322581
WP_NITRIC_OXIDE_METABOLISM_IN_CYSTIC_FIBROSIS,12,0,1,1,"",0,155,0
