Set,N,DE,P.DE,FDR,DEG.GENES,k,n,GR
WP_LUNG_FIBROSIS,50,3,0.000552307475642151,0.00276153737821075,"CXCL2,IL1B,IL6",3,69,0.0434782608695652
pulmonary_fibrosis_ctd,85,3,0.00256962369295817,0.00642405923239542,"CXCL2,IL1B,IL6",3,69,0.0434782608695652
fibrosis_transcriptional_signature,104,1,0.284103151612868,0.473505252688113,DHRS9,1,69,0.0144927536231884
REACTOME_DEFECTIVE_CFTR_CAUSES_CYSTIC_FIBROSIS,60,0,1,1,"",0,69,0
WP_NITRIC_OXIDE_METABOLISM_IN_CYSTIC_FIBROSIS,12,0,1,1,"",0,69,0
