,Set,N,DE,P.DE,FDR
1,WP_LUNG_FIBROSIS,50,5,2.94004020127892e-05,0.000147002010063946
2,pulmonary_fibrosis_ctd,85,5,0.000371951182099844,0.00092987795524961
3,REACTOME_DEFECTIVE_CFTR_CAUSES_CYSTIC_FIBROSIS,60,1,0.351808176698511,0.586346961164185
4,fibrosis_transcriptional_signature,104,1,0.528714628682987,0.660893285853734
5,WP_NITRIC_OXIDE_METABOLISM_IN_CYSTIC_FIBROSIS,12,0,1,1
