,Set,NGenes,Direction,PValue,FDR
1,REACTOME_DEFECTIVE_CFTR_CAUSES_CYSTIC_FIBROSIS,58,Up,0.112352619203385,0.561763096016925
2,pulmonary_fibrosis_ctd,52,Down,0.428672175699604,0.695576362689488
3,WP_NITRIC_OXIDE_METABOLISM_IN_CYSTIC_FIBROSIS,8,Up,0.439255130433674,0.695576362689488
4,WP_LUNG_FIBROSIS,30,Down,0.663412883325429,0.695576362689488
5,fibrosis_transcriptional_signature,15,Down,0.695576362689488,0.695576362689488
