,Set,NGenes,Direction,PValue,FDR
1,pulmonary_fibrosis_ctd,51,Down,0.0419200115422403,0.209600057711202
2,fibrosis_transcriptional_signature,17,Up,0.255290354239518,0.625220117635591
3,WP_LUNG_FIBROSIS,29,Down,0.375132070581355,0.625220117635591
4,WP_NITRIC_OXIDE_METABOLISM_IN_CYSTIC_FIBROSIS,8,Up,0.674533826553945,0.843167283192431
5,REACTOME_DEFECTIVE_CFTR_CAUSES_CYSTIC_FIBROSIS,58,Down,0.947268893080599,0.947268893080599
