,Set,NGenes,Direction,PValue,FDR
1,REACTOME_DEFECTIVE_CFTR_CAUSES_CYSTIC_FIBROSIS,58,Up,0.0605716978559814,0.162732433025905
2,pulmonary_fibrosis_ctd,57,Down,0.0650929732103618,0.162732433025905
3,WP_LUNG_FIBROSIS,34,Down,0.110637938353465,0.184396563922441
4,fibrosis_transcriptional_signature,20,Up,0.328220798040128,0.377855556479481
5,WP_NITRIC_OXIDE_METABOLISM_IN_CYSTIC_FIBROSIS,8,Up,0.377855556479481,0.377855556479481
