,Set,NGenes,Direction,PValue,FDR
1,WP_LUNG_FIBROSIS,30,Down,0.39270628461951,0.868785132720719
2,fibrosis_transcriptional_signature,15,Down,0.717836658556392,0.868785132720719
3,REACTOME_DEFECTIVE_CFTR_CAUSES_CYSTIC_FIBROSIS,58,Up,0.72279793198021,0.868785132720719
4,pulmonary_fibrosis_ctd,52,Down,0.758957816656009,0.868785132720719
5,WP_NITRIC_OXIDE_METABOLISM_IN_CYSTIC_FIBROSIS,8,Down,0.868785132720719,0.868785132720719
