,Set,NGenes,Direction,PValue,FDR
1,REACTOME_DEFECTIVE_CFTR_CAUSES_CYSTIC_FIBROSIS,57,Down,0.0986970851223665,0.352975944803719
2,fibrosis_transcriptional_signature,13,Up,0.141190377921488,0.352975944803719
3,WP_NITRIC_OXIDE_METABOLISM_IN_CYSTIC_FIBROSIS,8,Up,0.39807458458363,0.628415806096077
4,WP_LUNG_FIBROSIS,31,Down,0.502732644876861,0.628415806096077
5,pulmonary_fibrosis_ctd,54,Up,0.810307529555741,0.810307529555741
