,Set,NGenes,Direction,PValue,FDR
1,WP_NITRIC_OXIDE_METABOLISM_IN_CYSTIC_FIBROSIS,8,Up,0.107271655828621,0.389271055116909
2,fibrosis_transcriptional_signature,13,Up,0.155708422046764,0.389271055116909
3,REACTOME_DEFECTIVE_CFTR_CAUSES_CYSTIC_FIBROSIS,57,Down,0.321973310681765,0.536622184469609
4,pulmonary_fibrosis_ctd,54,Down,0.599851516353368,0.74981439544171
5,WP_LUNG_FIBROSIS,31,Down,0.763064195442384,0.763064195442384
