,Set,NGenes,Direction,PValue,FDR
1,WP_NITRIC_OXIDE_METABOLISM_IN_CYSTIC_FIBROSIS,8,Up,0.104033079907667,0.336471961073005
2,fibrosis_transcriptional_signature,13,Up,0.134588784429202,0.336471961073005
3,REACTOME_DEFECTIVE_CFTR_CAUSES_CYSTIC_FIBROSIS,57,Down,0.270846905390943,0.451411508984905
4,pulmonary_fibrosis_ctd,54,Down,0.675809833476231,0.844762291845288
5,WP_LUNG_FIBROSIS,31,Down,0.864506142943112,0.864506142943112
