,Set,NGenes,Direction,PValue,FDR
1,REACTOME_DEFECTIVE_CFTR_CAUSES_CYSTIC_FIBROSIS,57,Up,0.342859894496365,0.791928182451398
2,pulmonary_fibrosis_ctd,54,Up,0.369066672821977,0.791928182451398
3,WP_LUNG_FIBROSIS,31,Up,0.532231457581111,0.791928182451398
4,fibrosis_transcriptional_signature,13,Down,0.633542545961118,0.791928182451398
5,WP_NITRIC_OXIDE_METABOLISM_IN_CYSTIC_FIBROSIS,8,Down,0.853694070570452,0.853694070570452
