,Set,NGenes,Direction,PValue,FDR
1,WP_LUNG_FIBROSIS,32,Up,0.395306282772024,0.901042865073268
2,REACTOME_DEFECTIVE_CFTR_CAUSES_CYSTIC_FIBROSIS,57,Up,0.736087580327352,0.901042865073268
3,fibrosis_transcriptional_signature,13,Down,0.756097788358358,0.901042865073268
4,pulmonary_fibrosis_ctd,55,Up,0.782777673321255,0.901042865073268
5,WP_NITRIC_OXIDE_METABOLISM_IN_CYSTIC_FIBROSIS,8,Up,0.901042865073268,0.901042865073268
