,Set,NGenes,Direction,PValue,FDR
1,pulmonary_fibrosis_ctd,56,Down,0.0822495102304554,0.411247551152277
2,WP_LUNG_FIBROSIS,33,Down,0.182767874593091,0.456919686482728
3,REACTOME_DEFECTIVE_CFTR_CAUSES_CYSTIC_FIBROSIS,57,Up,0.31565127609434,0.526085460157233
4,WP_NITRIC_OXIDE_METABOLISM_IN_CYSTIC_FIBROSIS,8,Up,0.540899214615133,0.676124018268917
5,fibrosis_transcriptional_signature,18,Down,0.956332466781683,0.956332466781683
