,Set,NGenes,Direction,PValue,FDR
1,fibrosis_transcriptional_signature,13,Up,0.0289764518231874,0.144882259115937
2,REACTOME_DEFECTIVE_CFTR_CAUSES_CYSTIC_FIBROSIS,57,Up,0.117264818448218,0.293162046120545
3,WP_NITRIC_OXIDE_METABOLISM_IN_CYSTIC_FIBROSIS,8,Up,0.252619246237067,0.316167644306463
4,WP_LUNG_FIBROSIS,32,Down,0.252934115445171,0.316167644306463
5,pulmonary_fibrosis_ctd,55,Down,0.906865778387132,0.906865778387132
