,Set,NGenes,Direction,PValue,FDR
1,WP_LUNG_FIBROSIS,33,Down,0.0283741307075977,0.141870653537988
2,pulmonary_fibrosis_ctd,56,Down,0.100404604687982,0.251011511719955
3,REACTOME_DEFECTIVE_CFTR_CAUSES_CYSTIC_FIBROSIS,57,Up,0.280422779020634,0.467371298367723
4,WP_NITRIC_OXIDE_METABOLISM_IN_CYSTIC_FIBROSIS,8,Up,0.511410086964864,0.63926260870608
5,fibrosis_transcriptional_signature,18,Down,0.864065850041522,0.864065850041522
