Set,NGenes,Direction,PValue,FDR,DEG.GENES
fibrosis_transcriptional_signature,17,Down,0.00572446425365888,0.0286223212682944,""
pulmonary_fibrosis_ctd,50,Down,0.0249978103357527,0.0624945258393818,""
REACTOME_DEFECTIVE_CFTR_CAUSES_CYSTIC_FIBROSIS,58,Up,0.0564361396337929,0.0777753853714383,""
WP_LUNG_FIBROSIS,32,Down,0.0622203082971506,0.0777753853714383,""
WP_NITRIC_OXIDE_METABOLISM_IN_CYSTIC_FIBROSIS,8,Down,0.995091805883625,0.995091805883625,""
